165 165
242 94
28 91
180 103
0 161
41 86
2 161
94 242
202 177
161 12
223 90
12 41
42 8
222 230
74 60
46 173
251 95
36 233
214 4
71 192
221 89
215 11
247 42
93 22
17 39
49 174
248 95
189 147
168 220
250 161
82 98
9 42
20 93
228 32
161 247
243 127
186 107
203 79
173 47
161 3
215 86
42 248
65 186
225 227
43 121
129 239
105 73
143 60
171 44
58 76
180 153
214 7
68 67
226 30
94 14
28 91
25 222
57 115
85 44
254 95
35 232
177 54
43 135
223 90
186 65
198 76
101 79
74 60
128 251
5 161
186 149
51 80
119 46
28 32
93 20
196 74
218 169
206 138
82 49
205 175
220 22
213 3
72 194
229 223
74 195
236 163
224 228
161 247
127 13
70 149
79 53
2 43
196 182
93 236
198 181
186 191
167 33
14 40
17 129
221 232
55 178
41 170
200 115
85 43
235 130
15 94
90 226
188 67
20 130
240 94
57 180
42 86
161 254
242 162
42 250
66 69
227 225
220 133
76 58
79 155
181 196
210 84
235 37
48 173
129 14
95 247
224 28
245 215
233 163
223 229
73 62
219 168
248 95
161 8
128 10
16 217
88 38
163 234
236 163
160 171
161 248
4 214
187 107
203 80
2 43
196 182
176 156
25 126
12 215
89 223
136 43
90 225
172 46
20 38
84 212
19 218
213 85
77 200
190 68
91 90
188 67
165 29
94 16
38 237
43 0
113 60
242 162
42 250
214 121
228 165
94 17
214 248
79 155
18 39
128 5
5 161
161 11
5 42
120 46
32 228
163 236
214 247
157 174
62 183
43 3
219 234
189 147
174 49
49 138
38 168
227 131
10 215
96 84
161 248
243 127
49 82
235 219
128 6
95 252
163 20
75 197
70 64
89 223
14 40
225 166
162 243
61 113
253 128
180 58
154 77
28 165
187 190
91 90
122 216
42 7
153 180
95 0
86 214
218 236
182 151
42 250
12 95
224 90
239 94
248 42
162 237
253 95
128 251
21 219
173 208
129 14
95 246
227 224
237 93
247 42
27 223
205 138
219 168
7 161
175 206
3 43
7 95
233 163
183 61
215 246
96 84
192 71
89 222
246 95
111 192
87 38
52 139
100 176
164 231
94 238
92 27
190 69
16 129
24 221
38 236
41 170
38 19
85 43
57 77
38 134
226 226
122 216
20 130
222 231
38 237
85 43
200 179
14 94
226 90
121 42
167 164
17 162
58 180
170 41
181 197
87 216
54 79
24 36
129 14
186 65
224 29
63 71
42 9
217 169
139 51
88 219
219 234
147 68
50 82
138 207
37 168
195 183
21 93
36 88
216 16
51 175
69 148
21 37
43 254
52 139
100 176
59 75
185 192
162 169
11 161
5 214
83 210
112 195
84 211
237 38
102 179
229 91
15 94
166 91
68 189
227 165
75 152
198 142
1 128
59 142
15 94
42 250
161 13
167 164
65 69
26 92
18 162
197 75
169 40
62 144
71 107
52 80
241 40
230 164
193 185
27 131
175 99
61 183
248 128
66 146
81 50
213 4
7 95
32 228
246 214
132 225
228 32
161 248
89 221
23 220
250 161
128 249
52 139
40 169
26 125
222 123
167 34
15 40
16 129
95 13
161 3
172 45
198 181
239 162
27 165
162 16
91 29
94 13
250 42
35 25
179 199
213 85
95 1
162 15
78 201
161 13
32 166
240 94
130 233
34 26
197 75
4 128
235 37
106 185
204 176
40 15
29 32
163 237
196 75
169 39
205 139
128 8
146 191
148 68
4 43
217 240
224 28
10 42
73 62
92 24
216 16
214 252
148 187
146 65
218 88
117 52
87 40
26 125
34 133
225 227
44 120
176 203
150 184
202 78
216 86
141 201
154 77
27 165
134 218
225 226
243 94
91 227
221 231
218 19
85 43
77 200
211 84
30 165
189 188
32 166
244 215
248 42
162 238
238 217
45 172
37 21
83 47
214 5
186 65
164 26
64 71
181 197
217 169
183 195
253 43
146 191
82 50
221 89
184 63
173 159
215 10
132 226
219 168
161 248
42 4
233 36
204 80
128 7
39 17
223 27
92 24
41 11
31 29
241 216
127 15
184 106
252 161
211 172
141 201
18 94
130 23
240 162
31 90
67 188
6 214
94 15
114 198
85 43
179 56
152 75
237 129
189 188
91 227
122 219
76 57
26 222
217 18
87 216
219 235
209 83
224 90
191 186
26 92
222 133
230 125
175 99
17 39
128 8
80 204
95 247
252 214
48 137
228 224
21 163
10 215
172 97
208 137
42 4
9 161
249 161
88 38
204 117
223 27
42 247
185 192
86 162
95 10
90 224
47 83
62 112
172 45
2 95
154 78
199 180
134 219
226 31
189 68
42 6
94 15
218 20
171 213
237 38
15 94
178 55
216 242
166 225
162 240
8 214
162 238
238 217
4 128
144 194
35 232
32 166
246 161
222 89
11 41
164 24
27 223
95 5
254 43
52 80
49 174
127 244
40 16
232 164
30 124
183 195
23 163
40 240
245 128
36 23
234 219
248 128
39 17
33 229
92 24
215 245
92 26
95 10
90 224
185 106
4 95
1 43
2 95
94 238
164 229
244 41
90 224
121 215
55 178
162 241
1 95
0 128
255 95
162 15
78 201
242 40
29 91
240 94
214 249
162 238
254 95
86 216
78 202
184 150
129 15
136 212
26 92
162 238
232 164
100 80
74 61
209 83
65 146
36 233
206 175
216 240
232 164
21 163
30 131
228 32
72 63
128 11
9 161
22 37
43 253
139 205
33 229
232 92
215 245
34 89
161 246
52 176
150 185
95 252
43 255
140 201
86 42
164 229
65 187
164 167
40 242
201 78
152 182
20 38
85 42
1 161
94 241
55 78
41 135
31 166
218 134
229 165
17 162
237 218
213 255
112 61
243 161
53 79
120 44
27 92
64 71
26 131
156 176
74 61
254 43
65 146
95 246
4 42
161 8
32 228
124 225
22 93
168 37
249 95
43 4
175 50
190 146
88 37
161 5
229 223
27 125
215 245
170 95
10 161
166 33
36 24
202 79
84 210
54 140
41 170
57 76
16 94
31 30
243 95
178 202
162 241
142 59
0 213
0 161
25 35
130 20
121 40
90 91
134 38
77 57
102 77
38 237
253 128
236 37
46 173
32 166
44 136
227 225
11 41
26 131
40 87
139 52
38 87
204 176
23 36
127 244
63 71
24 92
183 62
131 227
97 83
72 63
128 11
95 9
22 37
168 219
239 39
217 87
92 24
11 215
164 230
136 45
214 251
173 47
202 79
216 87
54 140
162 18
126 233
239 162
32 90
216 14
30 90
221 231
197 143
170 214
38 19
34 231
201 178
243 41
91 227
66 69
130 234
85 213
19 38
128 3
55 78
24 35
166 224
161 11
169 162
94 18
75 59
100 80
217 17
43 2
80 204
233 220
222 89
209 119
28 32
62 72
73 61
88 219
240 217
3 213
175 50
190 146
208 174
138 205
229 223
9 42
19 93
25 164
46 120
242 127
36 24
53 177
87 39
238 39
230 222
214 8
94 239
31 29
161 244
250 42
242 94
95 254
128 1
237 38
16 94
29 165
215 243
30 30
134 38
249 42
179 102
198 76
41 86
143 195
83 46
240 129
95 245
225 29
133 35
197 75
236 93
74 60
38 87
52 80
207 82
51 81
216 240
160 84
72 194
42 10
33 28
184 194
128 246
50 81
205 81
174 48
50 138
39 169
23 163
132 223
221 167
95 9
5 214
11 161
79 53
46 84
181 59
230 222
232 130
220 123
28 165
244 95
79 54
242 94
20 38
214 86
19 218
85 44
126 236
41 13
91 226
39 122
130 235
43 85
141 56
213 255
253 95
24 35
203 177
95 245
169 162
70 192
130 231
86 216
18 39
6 128
161 250
36 233
222 89
216 240
160 85
20 163
125 29
88 218
16 39
49 174
8 161
8 95
219 88
239 39
229 223
42 247
132 224
28 224
46 119
176 204
11 161
95 251
169 217
3 95
94 237
232 130
17 94
28 165
190 69
225 166
105 73
113 196
0 43
57 76
25 34
179 56
216 122
30 166
15 162
7 214
103 76
218 19
44 171
178 55
105 183
79 203
216 242
93 168
162 238
198 75
26 223
203 139
128 250
192 111
107 186
129 13
64 71
164 25
163 236
233 163
38 88
161 250
3 213
36 22
22 36
128 9
206 118
98 174
214 9
93 236
32 28
46 119
42 5
70 149
193 145
251 128
253 161
177 155
92 26
220 123
168 93
121 213
79 54
73 151
218 20
85 212
95 0
85 43
165 228
13 215
226 165
67 68
28 91
25 222
58 180
86 215
95 3
73 105
166 225
190 187
88 93
162 239
231 164
86 215
196 74
254 43
5 161
174 208
127 243
192 185
220 89
41 245
74 61
218 168
118 206
220 168
220 234
36 234
213 3
217 239
38 169
93 23
245 41
171 96
247 95
127 13
174 48
177 203
87 39
74 196
86 41
214 8
12 215
29 225
14 40
239 127
232 35
55 178
128 254
180 58
85 43
214 7
13 215
91 226
134 39
21 130
213 171
141 57
41 86
161 254
46 172
127 239
95 244
168 163
215 12
230 164
222 230
182 196
39 87
21 219
233 220
129 13
192 185
228 224
236 93
247 42
38 87
17 39
88 220
51 81
234 220
82 207
250 161
82 98
163 233
236 163
92 25
210 137
13 129
186 107
219 21
128 6
39 18
26 33
248 214
186 191
163 168
40 242
239 127
73 151
3 95
255 213
161 1
180 153
200 179
122 39
226 166
67 68
200 77
231 34
218 19
171 212
113 60
73 105
225 90
213 121
90 33
215 12
130 232
101 79
60 182
169 39
193 111
82 48
214 5
241 40
35 167
184 63
131 228
169 38
95 6
213 253
161 248
220 22
10 128
95 250
82 98
182 61
72 62
171 96
216 16
243 127
174 48
64 111
217 87
161 3
237 163
126 231
215 244
168 93
187 190
42 6
24 221
236 218
215 86
56 141
231 222
56 77
41 13
166 91
122 216
200 77
240 94
161 0
86 214
218 236
162 14
239 129
42 135
223 90
36 123
26 92
155 177
18 39
46 172
235 37
11 95
52 80
192 186
35 167
236 93
9 214
22 163
62 183
3 213
22 220
161 8
128 10
138 207
174 158
131 29
124 31
232 92
248 95
13 129
174 48
145 64
6 128
203 117
216 86
8 42
221 123
94 87
136 43
53 177
221 232
95 253
41 170
76 198
230 222
56 77
243 41
30 165
134 40
42 7
240 94
161 0
86 214
143 196
105 182
54 79
14 216
90 32
12 41
130 232
230 34
116 202
254 43
79 203
83 48
42 251
161 9
35 167
163 236
182 196
169 39
118 206
247 128
146 190
161 9
253 213
62 72
93 233
29 125
194 72
36 88
137 47
175 205
95 10
21 37
87 38
4 95
156 80
8 42
244 41
225 227
66 187
225 166
106 72
143 61
172 44
255 161
43 171
42 249
69 66
226 226
40 122
214 249
212 171
0 161
0 213
113 59
94 242
238 129
188 67
91 228
239 94
24 130
177 101
238 217
39 87
161 251
208 83
176 52
10 95
224 29
237 93
247 42
99 81
5 161
82 48
219 234
147 67
10 128
7 95
223 28
183 61
31 132
32 28
209 137
244 127
95 10
111 192
83 209
196 182
236 163
131 25
35 133
164 229
136 44
42 5
210 173
178 201
170 215
115 56
43 171
7 42
122 38
226 226
134 40
55 178
153 181
57 179
214 170
77 200
231 221
166 226
95 244
165 28
162 239
232 126
215 170
95 2
128 5
63 144
24 36
251 214
70 191
167 221
223 132
92 232
21 163
183 195
3 213
51 80
206 81
213 4
249 161
173 159
227 131
194 73
220 168
71 63
4 214
148 187
37 235
2 43
17 217
80 100
247 214
162 18
169 94
44 120
129 240
243 95
95 253
215 86
200 115
214 85
7 42
69 66
31 90
162 242
78 55
25 221
38 237
213 85
2 161
221 25
178 54
135 214
89 92
240 94
248 42
222 230
181 197
252 128
21 219
244 161
242 129
120 45
32 227
223 132
131 229
235 93
117 205
128 8
146 190
81 50
128 245
49 138
37 168
195 183
163 21
168 36
137 48
12 129
23 220
191 145
173 47
95 252
216 87
197 181
215 245
31 29
191 69
214 251
150 184
78 54
86 40
56 141
214 86
27 165
69 66
166 31
189 67
127 19
171 44
77 57
255 128
56 77
104 182
250 214
68 189
91 228
12 41
8 214
162 238
59 181
40 87
4 161
221 24
251 214
65 70
227 224
193 185
247 42
99 81
239 217
48 174
7 161
220 23
128 245
16 217
219 88
226 131
215 246
159 172
208 137
221 167
95 10
250 161
83 209
117 52
87 40
230 131
123 34
94 87
216 15
166 32
184 106
161 4
84 211
95 254
222 26
126 234
243 41
90 225
215 135
237 127
212 171
114 198
0 128
218 236
172 211
214 6
161 13
226 225
162 240
214 248
102 78
39 238
45 172
161 252
232 221
42 251
45 136
34 167
185 64
214 247
99 81
205 139
48 173
161 249
50 174
128 245
72 193
93 233
246 215
194 73
168 37
193 72
35 89
68 148
7 95
48 83
95 251
169 216
75 197
215 245
26 164
136 44
241 127
209 173
62 112
40 169
115 55
42 170
130 23
69 66
31 30
162 243
178 201
15 162
218 19
43 171
218 236
104 181
214 6
40 14
225 30
37 122
76 57
222 230
217 18
216 169
252 95
209 83
241 129
65 70
230 164
64 71
164 24
175 99
117 204
88 218
22 219
233 220
4 42
7 95
23 92
30 124
163 21
233 92
40 240
42 4
68 148
204 80
43 253
195 183
81 99
230 131
237 162
94 86
70 65
52 176
106 71
161 4
216 87
254 161
102 178
130 23
219 122
226 31
189 68
127 19
172 45
56 179
213 0
198 114
162 15
42 250
41 135
227 165
162 240
130 233
34 26
161 254
255 43
235 37
24 35
166 224
10 95
225 29
133 34
42 9
27 223
217 17
128 249
204 176
161 10
35 167
137 208
37 168
62 73
163 22
88 219
216 16
43 4
247 95
219 22
43 253
5 95
229 223
197 181
162 19
86 161
10 161
176 204
185 106
144 62
4 128
75 197
170 214
199 180
37 134
227 91
243 95
129 237
15 162
114 197
42 171
77 199
221 25
55 78
41 135
225 30
122 218
7 214
238 94
55 115
84 45
235 37
209 83
5 42
95 245
169 162
238 94
214 247
27 223
4 161
218 168
219 234
161 10
42 252
216 240
28 32
215 10
131 226
224 228
95 7
50 175
36 23
110 191
173 48
61 73
21 93
181 60
11 215
86 161
120 211
15 129
209 173
194 144
40 169
59 75
94 238
76 199
187 191
30 225
13 161
165 30
35 25
114 197
171 43
218 237
44 171
6 42
189 189
165 29
190 187
130 234
179 102
95 1
43 1
195 112
35 232
42 251
11 95
167 222
222 133
59 181
100 80
252 95
249 128
80 204
82 49
12 127
48 137
97 172
93 21
214 246
32 28
95 7
128 245
95 9
219 22
3 43
117 51
99 175
24 164
41 11
167 35
186 191
15 129
83 209
54 177
84 210
54 140
86 42
8 42
37 133
30 225
243 95
78 54
45 84
254 161
0 213
1 161
181 152
201 178
189 68
30 226
162 241
229 165
154 179
200 141
255 43
201 178
221 24
251 214
120 44
87 94
18 162
59 181
169 40
4 161
7 128
204 176
82 49
81 205
137 209
172 160
235 93
131 227
168 37
72 63
82 50
109 68
205 80
88 37
5 95
99 175
131 27
11 215
221 167
70 65
42 5
36 24
193 144
84 210
254 161
94 238
214 8
12 215
164 167
40 242
250 42
152 182
56 179
171 43
95 0
16 94
7 42
94 242
31 166
69 190
77 57
43 85
141 56
86 215
95 3
95 243
129 16
66 69
225 29
123 221
197 75
229 33
161 252
218 169
204 176
174 207
34 167
8 95
168 220
246 215
29 131
173 98
217 16
207 82
81 206
22 37
37 168
217 239
33 229
229 131
223 124
35 89
95 10
5 214
95 12
5 95
172 46
3 95
101 178
76 198
123 36
225 227
161 244
166 30
151 182
113 197
1 128
57 142
85 44
130 20
134 216
90 31
215 13
234 126
26 222
161 255
84 44
161 253
173 210
166 225
11 95
92 229
185 64
25 131
156 176
203 139
169 38
161 250
23 36
13 127
16 216
220 88
31 124
61 183
218 168
62 184
88 220
81 206
51 175
82 208
118 51
39 169
9 42
11 215
170 95
40 241
214 251
149 186
235 219
128 251
161 3
162 19
164 230
70 65
28 165
244 95
30 90
172 45
113 196
86 42
0 95
103 180
165 227
41 13
226 226
241 94
56 179
153 179
180 198
41 86
95 3
46 172
16 127
136 213
87 94
12 41
130 231
216 170
53 117
47 173
250 95
207 82
42 252
8 95
232 164
246 215
22 93
163 234
118 207
3 213
175 50
8 95
168 219
73 194
38 169
247 214
193 72
89 221
64 186
5 214
220 233
5 95
39 169
60 75
19 94
198 180
244 41
29 225
14 40
6 214
162 242
38 236
43 0
161 0
94 240
165 227
243 41
166 165
41 243
228 165
76 153
95 1
41 86
196 113
94 243
239 129
245 161
225 29
244 215
164 25
223 230
4 161
47 173
145 192
149 70
222 89
64 71
164 25
93 20
233 163
93 22
17 39
43 3
95 8
248 161
247 128
239 39
93 234
125 228
215 245
25 164
119 210
205 80
70 149
235 219
213 2
116 54
41 170
214 8
244 41
28 165
244 95
202 79
242 94
143 60
255 213
38 19
153 76
200 179
41 13
91 166
67 68
28 91
231 34
38 237
85 44
196 113
84 46
79 202
190 187
227 225
41 244
42 8
230 33
217 18
213 254
192 111
149 70
89 34
192 185
224 28
11 41
214 247
38 88
217 17
253 43
220 234
161 8
9 128
95 250
33 229
196 182
224 124
164 231
210 137
205 80
186 107
251 161
213 2
18 217
222 26
42 248
70 65
93 88
14 40
54 177
151 183
38 236
213 1
19 218
180 153
235 130
243 41
30 30
241 94
130 235
162 240
58 180
215 170
113 60
232 221
239 129
244 161
91 229
239 94
164 26
155 177
196 74
169 39
177 53
95 245
214 4
95 247
228 224
124 224
125 28
98 82
50 118
3 213
22 220
67 109
213 3
250 161
38 169
233 93
193 72
228 32
95 9
34 89
161 245
21 37
173 46
95 253
222 26
58 76
65 186
168 93
66 187
202 79
183 105
236 218
86 41
115 57
17 94
91 28
122 39
90 226
67 68
228 165
76 153
199 76
43 1
218 236
151 73
129 17
12 95
166 223
36 123
8 214
93 19
196 74
173 210
111 63
11 95
42 252
216 241
85 96
93 20
74 60
93 22
239 217
174 207
161 248
95 248
253 213
138 206
174 158
93 23
163 20
36 88
209 137
127 13
23 220
79 53
87 39
182 60
163 19
214 8
162 18
227 31
43 121
203 79
73 151
95 253
43 255
1 95
239 162
214 7
13 215
165 226
188 67
29 91
231 34
199 76
128 254
200 178
232 221
214 6
216 242
28 91
65 70
42 8
41 86
202 140
84 46
145 193
70 107
33 167
216 241
92 231
93 20
60 182
158 174
118 206
253 43
95 8
248 161
128 10
161 6
218 88
234 93
31 132
224 228
16 40
222 167
36 23
235 219
38 169
196 182
223 27
164 231
64 186
227 31
43 120
251 42
105 73
201 78
212 171
56 141
171 213
126 235
217 122
226 226
41 243
249 42
94 16
57 114
213 0
113 60
84 45
31 166
188 66
163 88
133 36
248 42
155 177
217 18
213 254
63 145
83 48
204 176
120 46
221 89
184 63
228 125
234 93
62 183
43 3
8 161
36 234
3 43
194 184
233 163
234 93
72 62
36 88
216 16
175 205
174 49
192 145
83 209
182 60
176 156
25 164
94 238
223 167
187 190
5 214
210 173
78 55
3 128
58 76
26 34
28 165
13 215
91 90
189 188
165 29
94 16
57 114
213 0
113 59
162 14
54 79
216 242
165 28
36 123
164 26
79 155
217 18
251 128
79 203
107 185
14 127
216 241
164 25
41 245
125 27
21 163
239 217
253 43
161 249
95 247
246 128
138 207
228 223
227 131
72 62
168 36
64 185
42 4
49 82
6 95
249 128
95 252
169 216
164 231
221 123
87 162
15 40
79 53
72 150
218 20
84 211
1 95
17 94
57 77
122 38
166 31
67 68
29 91
231 34
95 0
213 0
59 143
172 211
129 18
40 14
228 165
239 94
230 164
101 78
95 2
213 254
79 202
12 95
166 223
45 136
161 86
237 93
42 9
169 39
195 73
219 168
80 205
220 23
206 174
138 207
233 163
195 183
163 21
224 228
119 209
214 252
174 49
235 219
218 87
117 52
223 27
26 125
123 34
94 87
161 245
127 16
46 83
78 55
253 128
141 200
85 42
7 42
41 13
165 227
135 40
178 201
171 44
179 199
213 0
20 218
74 104
226 91
14 216
89 92
244 215
8 214
34 26
197 75
216 169
62 144
161 12
33 166
10 95
227 224
215 11
42 9
81 157
205 139
168 37
234 37
36 233
81 206
184 63
173 159
234 93
62 183
36 88
248 95
42 4
108 69
52 176
173 47
204 117
163 20
9 42
18 94
34 89
44 120
166 32
161 243
178 202
211 172
237 38
239 162
179 57
15 94
91 29
243 216
42 6
231 35
19 38
171 213
236 38
84 45
54 78
40 14
91 228
187 65
164 27
214 170
95 2
255 43
54 79
71 106
5 42
136 211
170 161
41 245
247 42
21 163
251 95
8 128
219 234
206 81
50 81
118 49
97 173
234 93
183 194
172 97
63 185
89 221
82 207
22 37
128 249
117 52
223 27
131 26
133 222
225 227
241 216
240 127
106 72
78 54
43 255
38 18
26 34
27 165
38 134
92 89
121 215
237 127
221 231
161 1
0 128
1 161
152 74
226 91
188 67
90 32
37 123
23 130
26 222
116 201
213 255
177 54
106 185
32 166
65 70
161 86
185 64
75 59
235 93
195 73
88 219
204 176
9 95
213 4
63 72
228 224
215 10
215 246
219 168
72 63
127 12
49 82
22 37
208 173
217 239
223 27
24 164
245 41
31 29
212 136
15 129
72 150
178 202
252 128
95 254
78 102
179 57
187 190
226 31
243 94
127 19
15 162
38 237
43 171
200 179
25 35
127 237
243 161
225 30
12 41
130 233
94 18
39 238
43 1
194 112
150 71
204 176
95 246
26 92
94 19
214 247
93 21
217 17
168 37
22 219
108 188
89 35
72 193
28 32
246 215
124 30
224 228
161 249
245 127
36 23
191 146
88 38
204 117
33 229
59 75
237 162
222 167
120 211
90 224
232 35
235 219
172 45
116 55
178 154
27 164
41 12
225 226
13 161
78 55
221 231
197 142
0 43
142 198
221 25
178 55
13 94
166 225
41 244
23 130
86 214
18 39
45 172
112 62
184 150
214 5
186 65
86 94
71 192
197 75
223 229
5 161
38 88
65 146
174 207
12 127
72 193
228 224
215 10
41 10
37 88
161 249
128 245
148 188
22 37
168 219
73 195
21 93
75 197
222 124
161 170
45 120
241 127
24 221
112 194
169 216
39 18
154 78
180 57
219 122
166 32
135 41
129 237
74 152
218 20
0 213
218 237
75 104
19 127
14 216
31 166
162 240
199 77
179 102
18 38
172 211
78 202
209 83
176 53
212 120
167 222
222 133
131 230
176 100
139 52
83 47
110 65
233 220
50 81
193 185
37 168
235 93
73 61
163 233
95 7
128 245
23 220
176 204
219 88
139 205
87 39
75 196
193 71
224 227
10 161
15 129
95 12
95 252
172 45
55 140
101 178
8 42
219 123
90 224
121 215
226 165
25 221
255 161
128 0
19 218
25 35
250 214
162 13
30 31
190 187
77 57
34 26
58 181
211 84
3 161
150 72
203 177
187 65
94 169
133 34
131 230
100 80
95 4
38 88
219 234
246 161
127 244
119 48
32 228
183 62
246 42
224 228
49 118
245 128
247 95
190 146
88 37
139 205
27 33
92 24
63 185
86 161
211 136
223 166
232 36
177 202
210 172
59 75
42 170
23 126
240 162
167 92
242 216
91 226
231 35
38 236
128 1
38 19
16 94
7 42
188 189
166 225
215 13
77 57
17 162
237 218
43 1
3 161
173 210
79 203
136 212
27 92
185 64
92 231
236 93
196 74
213 254
161 250
148 69
81 205
63 71
228 224
132 31
214 246
163 233
193 72
174 206
50 81
249 161
128 8
217 239
81 99
24 164
63 185
224 227
15 40
176 204
244 95
235 219
2 43
238 39
34 230
233 130
186 191
32 90
95 12
42 6
182 104
143 59
171 43
218 237
240 162
214 7
122 40
90 91
15 162
130 234
17 162
115 200
128 3
143 195
24 35
214 5
66 69
225 29
64 71
231 125
80 156
182 196
128 7
250 95
187 148
129 12
216 240
32 228
41 246
214 246
28 223
249 95
43 3
233 36
175 205
128 9
183 61
21 93
182 60
237 163
224 227
216 15
127 14
24 220
193 144
128 5
161 3
215 86
42 248
17 94
32 90
95 12
129 238
231 35
200 77
213 0
199 180
222 25
227 91
243 41
90 91
187 66
91 228
77 154
56 115
3 128
143 195
24 35
251 214
66 69
31 227
221 133
231 164
236 93
196 74
128 6
64 145
187 148
89 34
137 209
36 168
21 163
42 10
168 38
7 161
128 10
36 22
81 51
82 208
138 205
82 99
60 74
11 215
29 224
136 46
167 33
173 48
177 203
217 87
238 39
177 155
230 92
94 239
90 224
68 67
177 202
182 105
218 20
43 85
237 38
212 85
165 227
68 67
226 30
94 15
28 91
43 85
56 115
41 86
38 20
162 13
53 79
213 120
165 27
238 94
181 197
86 216
117 203
169 38
80 203
233 220
127 243
16 216
28 32
132 31
125 29
38 88
39 240
220 168
175 50
248 161
247 128
239 39
163 22
214 9
184 193
224 228
192 70
223 167
161 245
111 193
217 87
202 116
26 34
26 164
65 186
93 88
216 14
31 90
24 221
218 20
213 0
76 199
231 222
126 236
94 242
30 91
39 122
130 235
213 171
200 141
171 212
178 55
13 94
31 166
190 187
227 225
35 123
8 214
40 86
203 139
6 128
80 203
186 149
252 214
64 71
28 32
224 132
163 23
158 174
6 161
43 3
50 81
175 205
43 253
62 73
223 27
9 42
20 93
85 160
247 95
251 42
245 95
21 37
43 254
196 182
237 163
76 198
239 162
227 31
187 190
127 17
35 24
95 254
2 128
76 199
213 85
249 214
243 41
226 90
215 13
228 165
17 162
58 180
255 43
201 178
183 151
129 17
216 242
31 227
186 65
231 164
223 230
95 3
2 213
251 95
95 245
34 167
161 9
89 36
93 20
182 195
27 223
161 250
82 49
67 147
220 22
3 43
138 206
234 163
28 125
41 11
32 28
210 137
243 127
48 82
161 5
210 173
3 95
177 155
214 8
191 70
168 93
190 69
177 202
151 183
254 161
41 170
237 38
240 162
126 235
242 162
226 226
243 215
200 77
153 180
19 38
85 44
55 78
84 46
166 225
135 213
166 223
133 36
164 26
222 230
253 95
173 210
193 111
23 36
176 51
46 137
92 231
224 132
214 247
223 229
194 73
220 168
22 220
22 36
36 168
73 194
169 218
233 93
20 93
36 89
247 95
167 34
11 161
111 192
254 213
253 161
34 230
231 92
162 17
33 90
242 216
42 6
151 183
60 113
128 2
115 57
25 34
21 126
68 67
165 226
13 41
56 179
213 171
0 95
170 42
178 55
24 35
6 42
135 213
227 225
65 70
76 58
170 41
60 182
251 128
95 5
11 95
129 13
9 95
25 92
215 11
74 60
98 82
194 73
253 43
248 95
189 147
207 174
161 6
93 234
163 233
194 72
96 85
71 64
243 127
245 95
21 37
128 250
196 182
223 26
248 214
191 70
227 31
161 245
239 127
73 151
3 95
171 44
19 218
76 103
165 228
41 13
30 90
68 189
42 7
16 162
76 57
2 128
78 200
24 35
31 166
214 121
28 91
65 70
198 76
155 177
116 202
39 87
203 177
149 70
89 33
95 247
231 164
193 184
9 214
169 38
250 95
247 128
161 248
95 248
128 246
217 240
168 218
125 227
10 215
92 24
9 161
89 222
220 233
250 161
6 128
53 139
236 163
42 248
64 186
33 89
216 14
79 53
46 84
201 78
1 43
200 115
179 153
130 21
13 215
30 165
13 41
91 227
180 103
180 199
128 255
254 95
14 94
238 129
214 121
168 163
36 123
92 230
26 222
161 253
254 43
21 219
245 161
223 89
64 70
171 161
124 223
42 9
22 163
50 118
128 247
219 234
189 147
43 253
95 249
88 38
74 195
72 62
160 172
95 8
42 4
108 69
53 176
83 209
74 196
169 216
125 231
18 94
29 225
43 120
16 129
150 184
78 55
128 3
237 38
26 34
130 22
69 66
30 226
134 40
214 249
85 212
0 95
128 1
254 95
84 45
30 166
188 67
228 165
215 12
198 76
86 215
75 59
84 46
177 53
245 161
14 127
241 40
32 227
93 19
9 214
81 157
51 118
9 128
81 205
36 234
253 213
249 161
37 168
22 163
225 124
168 36
40 240
4 214
233 36
37 235
83 209
252 161
169 216
92 25
94 238
223 167
40 241
90 224
13 161
253 161
213 1
115 56
17 94
126 234
187 190
91 90
243 215
178 201
103 75
77 57
128 255
161 254
74 105
166 226
121 42
92 167
94 17
230 164
78 155
54 116
213 254
112 63
71 107
42 251
246 161
35 167
41 245
182 196
27 223
217 17
82 48
51 80
50 175
82 206
217 240
158 83
234 93
194 73
28 224
47 119
34 89
36 23
176 204
128 249
17 217
229 223
164 231
244 41
31 29
66 187
240 127
221 232
161 3
86 41
161 1
154 77
199 179
69 66
166 91
67 68
7 214
152 181
58 114
43 0
56 77
211 84
214 6
135 214
89 92
133 37
26 92
162 238
54 116
128 4
112 62
209 83
129 14
10 95
164 26
132 33
92 232
157 175
51 117
219 168
249 95
233 220
4 43
16 217
28 32
22 163
41 10
88 220
95 8
81 50
82 207
37 234
213 2
182 61
156 80
92 25
94 238
34 89
120 212
251 42
184 106
54 178
84 211
141 200
239 162
42 249
66 187
91 90
94 13
91 227
25 221
142 58
85 43
142 197
152 74
202 178
215 121
165 28
123 219
130 233
94 18
140 55
216 169
62 144
106 185
52 80
70 191
89 34
223 132
74 60
21 163
51 117
248 128
161 249
148 68
81 206
193 184
173 159
131 30
30 132
232 92
137 48
50 175
174 49
161 6
128 249
161 4
33 229
197 181
238 162
162 169
216 15
80 53
209 173
219 20
172 45
95 254
170 214
214 7
69 66
167 92
94 13
42 6
162 241
161 1
85 43
179 56
94 241
42 250
41 135
90 32
12 41
199 76
170 42
238 217
84 45
144 194
232 221
32 166
95 246
222 89
237 94
27 131
21 163
95 5
88 219
80 204
95 247
213 4
216 240
97 173
195 183
235 163
219 168
185 193
12 129
187 108
22 37
2 43
17 217
33 229
247 214
34 133
87 162
70 65
224 166
83 209
112 194
216 87
197 181
102 178
179 57
215 243
92 89
40 242
55 178
75 152
237 218
0 128
200 179
75 104
30 165
41 135
30 31
41 244
233 126
18 162
2 161
255 43
112 62
221 24
90 32
191 186
224 29
123 222
125 26
87 217
39 239
213 253
219 234
207 82
50 81
95 249
168 219
21 163
132 226
159 172
249 95
4 214
95 9
191 146
88 38
73 195
163 21
125 230
41 11
92 26
191 70
15 129
221 232
177 202
87 40
197 181
238 162
27 164
219 122
29 165
189 68
127 19
221 231
38 237
0 128
237 38
172 212
19 127
162 13
89 92
219 134
8 214
102 78
217 18
87 216
194 112
209 83
241 129
191 186
230 164
64 71
164 24
33 27
39 239
173 208
95 7
108 188
89 35
8 95
28 32
73 194
22 93
32 28
240 216
11 128
233 36
65 110
173 48
239 39
229 223
59 75
71 64
89 222
15 40
32 90
12 161
194 144
128 252
254 161
26 34
126 233
244 41
165 227
242 216
19 129
172 45
218 20
171 43
57 77
241 162
129 19
41 135
226 225
13 41
77 57
238 94
95 2
4 128
144 194
83 47
241 129
44 136
92 230
192 185
131 230
169 40
195 74
168 38
95 6
174 207
42 252
216 240
84 97
246 215
10 214
37 88
208 138
89 221
50 81
37 234
128 248
39 17
39 169
232 92
223 124
170 95
246 95
15 129
35 24
194 144
1 43
55 140
94 238
8 42
37 133
29 165
95 13
42 6
162 241
161 1
0 128
218 237
162 15
214 6
67 68
225 30
16 162
165 27
94 18
1 161
213 255
54 78
209 83
79 203
245 161
34 167
64 71
9 214
236 93
61 182
128 249
191 110
69 108
50 81
16 216
164 24
41 246
183 195
23 163
138 49
221 167
247 95
219 22
219 88
195 183
163 21
92 24
193 71
221 167
40 241
42 5
35 24
79 54
87 40
217 238
162 18
233 130
41 12
32 90
243 95
30 91
35 25
142 59
86 42
95 1
16 94
165 227
14 94
90 31
190 187
77 57
42 85
38 237
3 128
95 3
72 106
79 203
212 120
222 89
162 238
164 25
27 223
204 139
7 128
204 176
174 207
205 175
16 216
168 220
10 41
246 42
163 233
7 161
128 245
9 161
7 95
248 128
39 17
93 235
229 131
163 19
26 164
211 136
242 127
209 173
252 161
128 251
18 217
178 155
8 42
133 219
166 32
14 40
91 226
104 74
20 38
128 255
142 198
212 85
165 227
216 122
91 227
122 218
214 249
179 102
1 161
128 253
161 253
232 221
90 32
190 187
92 229
215 12
181 197
93 20
17 39
169 38
52 80
233 220
127 244
161 8
96 172
41 246
29 131
28 223
95 7
10 128
81 206
7 95
43 253
239 39
157 81
182 60
215 245
35 89
15 40
251 42
232 36
21 37
87 39
217 238
78 101
230 92
41 12
28 165
216 14
177 202
221 231
161 2
128 1
19 218
231 222
55 78
134 216
30 226
122 218
91 228
85 213
255 95
212 84
78 201
46 173
79 203
245 161
31 227
41 244
59 181
156 176
18 39
83 47
6 161
95 246
127 244
119 47
92 232
93 21
125 29
98 83
118 207
43 3
175 50
146 66
128 247
250 161
39 169
163 233
223 124
35 89
161 247
223 167
232 36
5 95
84 210
54 140
19 94
92 26
215 244
166 32
189 68
214 250
182 105
143 60
43 85
0 95
231 222
42 249
242 162
30 91
13 41
214 249
43 85
237 218
41 86
38 20
94 243
79 203
161 11
162 87
64 70
231 164
40 86
203 139
173 209
250 95
207 82
205 175
185 64
224 28
31 124
74 61
173 98
194 72
36 88
220 234
66 110
174 49
39 17
27 33
233 93
215 245
161 171
70 64
214 251
70 149
5 95
39 169
238 39
170 215
230 92
65 186
228 91
244 95
129 239
242 94
20 38
43 0
115 57
240 162
91 29
13 215
226 226
217 134
77 56
17 162
180 198
2 128
201 178
24 35
6 42
161 11
89 33
192 186
75 58
177 100
203 139
213 254
6 161
174 208
205 175
71 192
224 28
236 93
23 93
223 229
206 138
213 253
248 95
8 95
168 220
217 239
98 174
93 23
215 245
89 221
9 161
167 33
23 220
5 95
83 210
60 74
86 41
130 24
36 133
93 88
244 95
250 42
84 210
95 254
44 85
180 57
171 213
130 21
243 41
165 90
189 188
91 228
213 171
76 58
128 254
236 38
172 210
250 214
216 242
225 29
65 70
130 231
86 215
182 196
83 47
64 145
82 48
214 4
216 240
25 92
184 62
233 163
234 93
138 50
10 128
147 189
22 36
174 49
62 73
169 218
28 125
20 93
167 35
9 161
243 127
174 48
21 37
6 128
196 182
163 19
42 248
12 215
223 166
14 40
239 127
183 105
38 236
86 41
237 38
34 231
235 130
217 122
30 166
122 217
214 249
94 17
198 76
128 2
161 254
162 14
166 225
216 242
27 91
244 215
42 8
26 222
238 217
250 128
53 79
208 82
42 252
46 137
96 171
163 236
42 9
38 87
194 73
82 49
51 81
8 95
220 88
250 161
218 87
93 23
20 93
160 171
185 192
127 13
36 23
192 145
6 128
53 140
222 26
76 198
12 215
27 165
69 66
239 127
94 14
143 60
171 44
57 141
34 231
235 130
94 241
30 30
242 94
228 165
153 180
57 180
42 86
143 196
151 73
177 54
244 161
29 31
162 239
248 42
155 177
54 116
254 43
111 63
82 48
89 33
247 161
167 221
184 63
74 60
93 22
217 17
128 9
22 220
8 95
253 213
39 17
218 88
23 163
163 20
231 92
9 161
252 42
186 107
37 235
2 43
53 140
93 237
231 130
41 12
225 227
216 14
17 129
221 232
178 201
170 215
38 19
231 222
200 179
67 188
30 165
122 216
126 20
34 25
199 76
255 43
78 200
232 221
127 239
244 161
163 88
65 70
92 230
101 79
3 161
5 128
251 95
186 149
251 214
216 241
92 231
41 245
163 23
229 33
50 118
9 128
161 248
8 95
174 49
118 49
174 158
195 182
184 194
36 88
40 240
222 167
149 186
161 6
128 250
60 74
33 229
197 181
192 70
223 167
213 136
166 31
221 232
236 218
1 43
237 38
153 77
214 7
162 15
90 165
242 94
78 56
153 180
0 95
128 1
236 38
94 242
90 31
190 188
225 29
17 162
180 198
170 41
59 181
5 128
53 79
186 149
42 251
64 70
161 85
11 41
182 196
33 27
194 73
174 208
95 8
95 247
49 82
240 39
158 83
22 163
246 41
232 92
71 64
127 13
233 36
37 235
2 43
182 60
229 223
181 59
215 244
227 31
120 213
16 129
35 24
55 178
253 128
237 38
154 77
130 21
94 241
90 225
189 188
227 165
240 94
199 76
1 128
179 56
242 162
18 127
95 244
29 31
36 123
230 164
34 26
181 197
251 128
219 235
71 107
204 176
40 15
164 25
223 132
60 182
99 81
183 194
208 82
219 234
189 147
43 253
138 207
88 38
42 246
184 194
224 228
216 16
244 127
108 69
52 176
38 169
252 161
236 163
75 197
192 71
33 89
216 15
127 16
243 95
95 253
86 41
255 161
94 239
28 165
162 15
166 91
188 67
20 130
25 222
58 114
1 128
218 236
211 84
250 214
189 188
31 227
186 65
248 42
230 34
140 54
254 43
219 235
161 12
166 223
70 191
231 164
223 132
9 214
229 33
51 117
88 219
66 146
36 233
43 252
7 95
98 173
234 93
246 41
224 228
40 240
127 12
148 187
111 192
38 169
161 4
169 216
247 214
192 71
164 229
241 216
32 90
221 232
236 219
255 213
95 255
239 162
249 214
122 38
90 225
216 135
78 55
231 35
0 161
1 128
77 200
45 172
129 18
161 13
224 90
186 65
233 126
222 230
95 2
87 216
144 194
95 244
127 242
15 216
32 227
132 33
182 196
163 235
5 161
174 208
249 95
109 188
213 4
95 249
224 28
214 10
225 124
228 32
40 240
167 34
246 95
52 176
2 43
39 17
163 20
247 214
94 238
229 92
69 65
53 177
221 232
78 54
128 253
200 115
179 154
27 165
190 69
91 90
162 242
6 214
15 162
218 19
86 214
38 20
211 84
18 127
67 68
226 225
191 187
27 92
230 34
201 140
40 87
144 194
221 24
223 90
136 211
167 221
215 11
74 60
81 157
117 205
3 213
176 51
36 233
175 50
240 39
168 219
183 61
41 10
36 88
161 248
127 12
69 148
52 176
128 249
182 61
27 33
181 59
34 133
87 162
70 65
240 127
221 232
37 236
1 43
198 181
230 222
165 229
94 240
91 29
135 41
201 78
15 162
95 255
0 213
77 200
15 94
19 127
41 135
30 31
94 16
199 76
34 26
75 59
169 40
161 252
83 47
166 224
15 216
161 86
33 124
125 27
33 27
205 139
128 248
249 95
36 233
213 4
72 193
219 88
163 234
21 93
32 28
216 16
214 252
220 233
37 234
38 168
252 161
93 236
197 181
237 162
87 162
65 186
32 90
72 150
62 112
87 40
75 197
170 214
22 126
162 16
167 92
13 162
91 227
172 44
95 255
43 85
161 255
181 152
129 19
40 14
165 29
240 94
42 8
162 238
197 75
172 211
112 62
47 173
127 241
211 120
224 29
133 34
197 75
223 229
217 17
88 219
65 146
82 49
50 81
193 184
224 28
21 163
30 132
97 84
72 63
127 11
188 108
161 7
88 38
17 217
175 157
131 26
64 185
29 225
65 186
176 204
184 106
4 95
84 211
18 217
230 222
23 126
69 66
226 31
95 13
201 78
25 221
58 114
128 0
1 161
212 84
214 6
13 94
92 167
66 69
8 214
154 178
2 161
128 252
252 95
244 161
214 5
212 120
162 86
192 185
247 42
157 175
17 39
249 128
110 65
220 23
129 11
184 63
92 233
226 132
61 183
28 224
16 40
128 245
247 95
204 80
248 128
251 161
169 217
229 131
11 215
222 167
95 10
176 204
83 209
112 194
4 128
55 140
222 26
42 248
215 244
89 164
40 242
178 201
241 94
56 179
171 43
114 58
221 25
55 78
216 242
225 90
162 240
179 199
34 26
115 201
170 40
112 62
95 244
176 53
95 245
227 225
162 238
125 26
40 87
161 252
218 168
204 176
23 36
214 4
193 185
232 164
215 10
246 41
88 219
193 72
245 128
148 188
249 161
248 128
61 73
99 175
232 92
124 33
26 164
136 45
127 15
71 150
202 79
169 216
75 197
26 34
248 214
240 162
90 224
243 95
55 178
221 231
255 161
214 85
198 114
85 44
127 237
162 13
225 30
187 66
130 234
179 102
1 161
172 211
95 3
150 72
166 224
241 40
222 89
215 11
42 9
80 156
161 252
254 43
22 219
23 36
167 221
16 216
97 172
93 21
42 10
97 83
138 49
81 50
161 247
66 110
82 208
139 205
235 163
131 27
132 223
161 170
186 191
5 214
209 173
219 21
87 40
140 201
222 26
233 130
162 16
30 225
40 242
129 238
231 35
95 255
213 0
237 38
85 44
55 78
189 68
166 165
190 187
77 57
85 214
255 95
213 255
195 112
150 72
214 5
44 136
229 164
41 245
164 25
216 169
4 161
43 2
111 64
95 246
51 81
209 119
84 96
21 163
125 29
28 224
49 118
128 245
68 147
190 146
37 168
217 239
157 81
232 92
124 33
95 86
216 15
14 129
71 149
62 112
87 40
39 18
41 170
180 58
37 133
90 224
14 40
91 226
211 172
56 179
85 213
0 95
44 171
227 91
41 13
227 165
134 38
42 7
85 213
56 115
43 1
38 20
83 46
90 32
216 241
229 164
215 12
164 25
33 27
252 95
7 128
176 52
161 10
127 244
47 137
32 228
184 62
234 163
37 88
217 16
128 246
175 50
146 66
82 208
5 95
33 229
74 196
33 132
35 89
70 65
80 52
173 48
79 54
128 251
3 95
86 41
42 248
12 215
163 168
12 161
250 42
74 151
143 59
1 128
199 180
153 75
236 130
14 94
166 165
243 215
42 7
94 17
141 56
43 1
55 78
24 35
240 129
120 44
162 87
192 185
248 42
27 223
238 217
83 47
64 145
95 246
214 4
40 16
232 164
225 132
246 42
28 223
217 16
168 36
147 189
81 51
3 43
183 62
235 163
93 23
63 184
86 161
46 120
204 80
95 11
37 235
5 128
59 75
162 19
232 130
65 186
228 91
68 67
54 177
74 151
143 60
42 170
0 161
231 222
236 130
162 14
165 30
41 243
28 91
77 154
198 76
213 255
161 253
162 13
225 90
40 14
27 91
238 94
75 59
40 86
60 182
43 2
250 95
49 174
89 34
95 248
96 171
163 236
10 214
88 218
95 6
128 246
189 109
51 175
3 43
39 17
99 174
233 93
224 124
32 28
15 40
167 33
220 233
95 251
2 43
202 116
230 222
130 24
220 123
224 166
12 161
90 225
183 105
178 200
1 128
0 161
231 222
126 236
40 134
226 165
67 68
235 126
26 222
19 38
255 43
3 161
35 232
225 90
11 95
31 227
12 41
8 214
216 170
18 39
87 217
235 37
82 48
81 205
247 161
164 24
72 194
182 195
33 27
250 95
49 174
67 147
109 190
88 36
17 217
169 218
93 23
193 72
35 89
15 40
129 242
208 174
193 145
173 46
253 161
79 101
198 180
123 36
33 90
187 190
239 127
14 162
60 113
212 171
19 218
103 180
42 249
13 215
226 165
13 41
7 214
162 239
141 57
171 212
253 95
232 221
203 177
40 14
225 29
65 70
231 126
93 19
95 3
83 47
95 5
220 23
13 127
9 95
164 25
245 215
61 182
163 234
161 250
88 220
206 175
36 234
220 88
239 39
98 174
93 23
215 245
35 89
216 15
4 214
23 220
63 111
46 83
39 18
101 177
76 198
12 215
225 227
187 190
127 17
73 151
218 20
43 255
180 58
94 240
42 249
188 189
226 30
94 15
126 21
103 76
237 218
255 43
218 236
46 172
202 177
244 161
27 91
191 186
231 126
170 41
203 140
254 43
95 5
82 48
167 222
161 9
96 171
41 245
214 247
169 38
6 161
174 207
161 248
189 147
220 88
17 217
22 93
228 131
63 184
96 85
64 185
127 13
220 233
177 203
2 43
238 39
93 237
76 198
94 239
88 163
95 12
6 214
210 172
236 218
43 255
199 115
76 103
28 165
241 162
30 165
39 122
21 130
213 171
199 76
43 1
143 196
183 151
31 166
135 213
165 28
215 12
164 26
230 34
60 182
210 83
251 95
174 208
129 13
247 161
28 32
41 245
125 28
158 174
6 161
82 49
109 67
81 50
128 246
138 206
158 82
228 131
62 184
32 28
47 119
214 252
82 208
95 251
47 83
140 203
86 40
248 214
244 41
163 168
161 245
90 225
35 24
78 55
171 44
141 200
213 85
126 235
241 162
226 30
189 188
20 130
25 222
76 57
1 213
178 56
73 105
177 54
42 135
166 223
41 244
8 214
170 41
60 181
254 43
21 219
48 173
52 80
40 15
164 25
93 20
247 42
27 223
6 161
174 207
175 51
8 95
220 88
217 240
158 82
214 10
236 163
24 164
137 47
4 214
245 95
145 64
250 128
18 217
163 20
25 164
238 162
87 163
40 242
177 203
210 172
113 195
171 44
198 180
153 77
56 77
41 13
30 226
122 216
56 178
76 153
199 76
42 86
56 78
242 162
202 177
68 190
88 93
133 36
24 130
19 162
39 238
39 87
111 63
245 161
89 33
136 210
95 171
215 11
74 60
169 39
50 118
82 48
51 81
9 95
128 10
39 16
223 28
29 125
163 21
224 228
47 119
222 167
23 220
6 95
83 209
217 238
80 100
92 25
133 221
33 89
245 95
240 127
94 13
195 143
215 86
19 218
154 77
56 77
39 134
30 30
189 188
78 56
25 222
57 114
42 86
254 95
35 231
166 226
67 68
228 165
244 215
126 24
162 237
217 18
5 128
95 5
173 208
251 214
70 191
89 35
184 63
233 164
99 81
95 5
43 3
249 95
206 81
43 253
138 207
98 173
246 214
225 124
160 172
8 161
222 167
148 187
111 192
209 173
217 238
223 27
131 25
64 185
229 92
120 212
240 127
210 173
95 253
128 3
237 38
213 85
165 228
241 162
166 91
14 162
42 7
231 34
95 0
255 128
113 59
14 94
30 166
40 14
88 92
133 36
198 76
19 162
217 18
5 128
95 5
149 71
223 90
216 241
29 32
93 19
196 74
157 175
73 61
43 3
161 249
220 23
50 82
118 49
173 158
214 10
132 225
84 160
161 248
42 4
220 233
6 95
218 87
17 217
100 176
75 197
192 71
94 87
120 212
32 90
95 13
37 236
213 1
198 180
26 34
27 165
122 38
226 226
242 94
78 55
231 35
198 142
43 0
59 142
211 84
91 30
121 42
226 225
65 70
233 126
222 230
75 59
169 40
144 194
161 12
176 52
241 40
221 89
193 185
196 74
39 87
51 117
48 174
37 22
36 233
252 213
63 72
88 37
227 131
132 225
88 220
63 185
12 129
36 23
111 191
254 213
117 52
229 223
164 231
192 71
94 87
191 69
214 251
184 106
219 20
170 215
1 95
17 94
42 249
94 241
90 165
243 216
6 214
171 44
142 58
0 43
255 95
172 211
127 238
14 216
167 164
16 162
42 8
222 230
75 59
255 43
252 95
35 232
129 15
15 216
161 86
11 41
232 164
93 21
39 239
3 213
51 80
95 247
221 89
7 95
32 228
234 93
194 73
97 84
185 193
167 35
174 49
6 95
128 249
61 74
169 216
164 232
222 123
87 162
191 69
224 166
209 173
219 20
1 43
55 141
86 42
27 165
240 162
225 166
13 162
214 250
152 181
199 77
43 0
255 95
84 45
6 42
216 242
90 32
219 133
27 92
18 162
161 254
213 255
112 62
232 221
42 251
246 161
34 167
71 193
232 164
81 157
39 239
219 168
219 234
148 68
245 128
161 7
163 23
132 30
10 215
37 88
193 71
129 244
95 10
65 110
249 128
239 39
163 20
131 26
19 94
167 34
191 70
90 224
161 244
4 95
84 211
141 201
42 170
126 234
218 122
91 29
243 94
227 165
241 94
142 58
0 213
255 95
182 152
127 237
121 41
89 92
41 244
214 248
238 94
55 116
45 172
144 194
209 83
251 214
40 15
167 222
19 162
230 125
229 33
195 73
208 83
234 37
161 9
245 128
63 72
159 84
61 73
226 124
228 32
48 119
175 206
49 82
204 80
213 3
39 17
229 223
75 197
162 19
92 26
15 40
15 129
221 232
62 112
45 84
238 39
162 18
130 23
240 162
166 32
41 121
237 127
75 152
1 95
43 85
179 56
241 162
250 214
94 243
89 92
66 69
8 214
238 94
140 55
252 128
4 161
12 95
224 90
186 65
164 26
41 245
59 181
169 39
61 183
128 249
234 37
10 95
167 221
137 208
37 168
235 93
226 124
173 97
16 40
245 128
82 207
22 37
219 88
17 217
157 81
214 9
192 71
222 167
40 241
15 129
209 173
194 144
255 213
238 39
86 42
164 229
134 219
32 90
95 13
55 178
25 221
77 56
213 171
161 255
221 25
165 227
216 242
164 89
13 41
22 130
238 94
95 2
1 213
235 37
221 24
203 176
246 161
89 34
11 41
247 42
169 40
52 117
7 128
234 37
108 187
127 244
137 208
224 28
194 183
163 22
224 228
184 193
128 11
50 81
37 234
219 88
161 5
169 217
42 247
94 237
161 170
136 45
251 42
161 244
4 95
1 43
254 161
34 230
126 233
162 16
89 164
41 121
30 91
15 162
114 197
0 128
95 1
25 35
129 19
188 67
29 91
69 190
77 57
238 94
38 238
172 211
112 61
173 209
53 79
11 95
164 26
162 238
42 9
216 169
217 17
2 213
146 191
82 49
42 252
71 193
232 164
73 194
93 234
37 88
118 207
221 167
9 161
190 146
128 248
139 205
229 223
182 60
63 185
227 32
15 40
176 204
106 71
194 144
1 43
2 95
18 94
23 126
41 12
166 32
42 121
6 214
15 162
200 77
128 255
1 161
44 171
7 42
216 243
166 165
15 162
27 91
85 214
1 161
253 128
61 144
13 95
129 16
15 216
27 92
71 192
42 9
216 169
252 95
43 2
64 145
10 95
89 34
248 161
28 32
163 235
131 227
93 23
184 193
175 206
23 220
161 7
82 208
39 17
175 157
60 74
185 193
89 221
246 95
80 52
95 12
37 235
213 2
18 217
238 162
42 248
133 219
226 31
67 188
6 214
242 94
161 2
0 213
77 199
85 44
55 78
188 189
29 91
215 13
77 57
213 171
56 115
128 3
218 236
161 13
129 16
187 66
92 229
215 12
125 26
229 33
139 52
169 38
219 235
148 69
12 127
192 185
32 228
21 163
61 183
28 223
217 16
89 220
50 81
22 37
253 213
205 118
163 21
131 27
72 63
227 32
10 161
52 176
161 244
202 79
39 169
3 95
34 230
8 42
36 133
163 168
161 244
166 30
151 182
236 218
213 171
58 142
103 181
42 249
40 134
91 166
243 215
22 130
34 26
198 76
215 170
236 38
173 210
129 16
161 11
31 227
71 192
25 92
169 40
252 95
6 128
21 219
36 233
175 51
119 47
224 28
194 184
73 61
218 168
240 217
49 174
247 95
219 22
82 208
62 73
99 174
233 93
193 72
164 231
15 40
129 242
36 24
95 251
254 213
181 59
170 215
130 24
17 94
90 224
242 216
226 166
25 221
254 161
171 43
218 237
162 16
178 56
215 243
90 31
94 15
126 21
162 239
161 255
86 215
3 161
151 73
203 177
245 161
31 227
186 64
130 231
163 236
238 217
218 169
53 80
174 207
42 252
95 248
92 232
184 62
42 10
158 173
95 6
36 88
81 206
95 248
219 88
62 73
218 87
196 182
215 245
89 221
46 120
204 80
220 233
53 177
43 254
39 18
162 19
92 26
186 191
31 29
244 95
202 79
105 73
78 56
128 1
0 95
222 25
179 56
94 242
30 30
41 243
165 28
213 171
237 218
128 2
143 195
210 84
6 42
43 136
27 91
94 18
92 231
236 93
196 74
43 2
21 219
220 23
205 175
64 71
224 28
132 32
246 42
163 234
138 50
207 82
109 67
109 190
128 247
183 62
158 82
163 233
41 11
161 171
210 137
176 205
11 161
53 177
5 128
60 74
86 41
58 76
215 244
31 29
161 244
6 214
151 183
143 60
2 128
199 115
162 16
77 200
217 122
90 30
189 188
7 214
239 94
255 95
85 44
143 196
94 242
239 129
187 66
33 166
123 221
198 75
170 41
95 3
254 43
161 251
23 36
89 34
119 47
89 36
41 245
42 9
22 163
138 50
220 168
234 36
248 161
220 88
250 161
158 82
74 196
20 93
85 160
241 216
243 127
233 36
161 5
128 6
39 18
86 41
180 58
191 70
223 166
135 43
54 177
151 183
254 161
41 170
0 95
222 25
7 42
14 94
90 91
39 122
228 165
153 180
57 115
212 85
254 95
221 24
177 54
187 66
88 93
215 12
230 164
19 163
74 60
128 6
177 53
23 36
214 4
64 71
35 167
193 184
42 9
27 223
239 217
82 49
161 248
67 109
246 128
6 95
234 163
28 125
236 163
167 36
95 9
243 127
174 48
177 203
128 250
253 161
34 230
130 25
221 123
225 227
66 187
42 6
84 210
178 201
43 255
57 141
162 17
165 228
39 134
165 166
134 39
126 21
222 231
19 38
171 212
201 178
73 105
129 17
187 66
168 163
70 191
42 8
163 237
182 196
128 250
111 63
161 11
167 223
185 64
231 164
215 11
131 228
22 163
183 194
220 168
81 205
22 36
128 10
138 206
163 22
61 74
62 184
224 228
119 209
13 129
161 245
95 251
87 39
39 18
216 86
130 25
239 162
163 168
187 190
79 53
73 151
196 143
41 170
237 38
162 17
21 126
241 162
30 90
242 94
91 228
85 213
57 180
128 254
60 143
45 172
250 214
214 121
227 225
70 191
248 42
79 155
196 75
213 254
203 177
233 220
52 80
95 247
85 95
184 63
233 163
163 234
73 62
37 88
81 205
81 50
36 168
6 95
38 168
42 246
20 93
220 168
16 40
81 51
36 23
111 192
173 47
203 117
223 27
231 92
18 94
163 169
95 11
250 42
13 162
3 95
86 41
237 38
162 17
56 77
94 241
91 30
67 68
165 29
162 240
199 76
128 255
78 200
45 172
79 202
161 12
166 224
94 17
76 58
41 86
161 253
169 39
193 111
220 23
167 223
40 15
221 89
32 124
28 131
82 157
118 206
213 253
110 66
22 36
246 128
138 207
22 93
74 195
21 93
224 228
209 137
214 252
174 49
6 95
128 250
139 203
176 156
42 248
12 215
169 94
14 40
177 203
46 83
143 61
3 128
19 218
77 102
7 42
187 190
226 30
216 134
126 20
231 34
0 161
43 0
56 77
211 84
226 90
67 68
166 224
94 17
198 76
26 222
18 39
217 169
63 144
173 208
89 33
191 186
95 170
163 237
164 23
229 33
138 51
37 88
249 95
109 189
49 82
194 184
83 98
214 10
184 194
172 96
137 47
81 51
246 95
204 80
128 249
74 196
156 80
75 197
94 238
33 89
66 187
166 32
161 243
253 161
41 170
1 95
26 34
28 165
218 122
30 226
40 122
236 126
231 34
76 57
42 86
20 218
14 94
30 166
135 214
165 28
36 123
214 248
237 94
197 75
5 128
235 37
185 149
33 166
191 186
170 161
245 215
60 182
217 169
161 251
88 219
80 205
233 220
89 36
184 63
33 228
195 183
194 73
228 32
185 192
175 205
187 108
219 21
83 209
161 4
156 80
25 164
94 238
164 229
241 216
127 16
24 221
161 3
213 1
180 58
42 171
91 27
66 187
29 165
13 41
201 78
171 44
218 19
85 43
59 142
74 104
91 30
13 95
31 226
240 94
76 58
170 41
39 238
210 84
54 79
232 220
127 242
246 161
92 230
193 185
42 9
217 169
117 205
248 128
80 205
9 95
43 252
63 72
97 173
163 234
21 93
36 88
161 248
81 50
82 207
65 111
88 38
252 161
223 27
230 131
185 192
89 222
241 216
16 129
24 221
95 253
128 3
58 75
85 42
179 57
190 69
90 165
94 14
201 78
162 240
237 218
0 213
197 114
104 182
91 30
189 188
89 92
123 219
229 164
94 18
238 217
84 46
54 79
221 24
127 241
246 161
32 227
63 71
247 42
81 157
5 161
88 219
80 205
175 206
81 206
217 240
37 168
93 22
41 10
88 220
16 40
81 50
207 174
37 234
7 128
74 195
20 93
75 197
11 215
227 31
11 161
32 90
150 184
95 252
1 43
38 18
94 238
179 57
134 218
225 166
162 243
178 201
94 15
237 218
213 0
161 255
231 221
127 237
161 13
226 225
215 12
8 214
238 94
59 181
43 1
4 161
24 35
127 241
211 120
29 32
11 41
27 131
157 175
95 5
253 43
95 7
95 247
81 206
137 208
83 97
124 226
163 21
159 172
16 40
127 12
10 161
52 176
218 88
252 161
93 236
42 247
192 71
34 89
120 212
224 166
173 47
37 235
40 170
2 95
94 238
249 214
187 190
165 227
135 41
201 78
104 75
57 179
171 43
255 95
211 84
165 226
68 189
90 32
66 69
233 126
222 230
140 55
87 216
4 161
83 47
42 251
186 65
161 86
11 41
164 24
87 217
61 183
208 83
249 95
23 36
167 221
63 72
224 28
183 61
246 41
88 219
40 240
89 221
36 23
161 7
213 3
117 52
99 175
59 75
192 71
170 94
45 120
127 15
173 47
194 144
4 128
140 201
214 86
199 180
41 12
91 29
189 68
55 178
104 75
161 1
171 43
237 38
231 221
55 78
162 13
89 92
240 94
42 8
214 170
140 55
213 255
79 202
221 24
5 42
40 15
29 31
222 133
59 181
33 27
161 251
88 218
176 52
148 68
4 42
95 248
84 97
183 62
246 41
163 233
119 208
35 89
82 207
80 52
8 128
217 239
217 87
214 9
19 94
230 92
45 120
80 52
12 161
62 112
1 43
238 39
26 34
27 164
187 190
167 92
13 161
237 127
74 152
1 95
43 0
114 58
15 94
78 201
188 67
226 225
134 38
27 91
42 86
181 197
216 170
178 54
95 244
203 176
70 191
225 29
123 222
214 247
176 100
204 139
47 173
250 95
187 148
4 42
248 161
28 32
62 73
163 22
23 163
138 48
89 221
108 68
65 110
43 253
95 251
235 163
24 164
19 94
29 224
10 161
90 223
83 209
144 62
84 211
197 181
102 178
180 57
12 215
226 31
189 68
165 30
15 162
77 56
128 0
1 161
171 212
42 250
121 41
91 227
134 38
22 130
77 154
55 115
213 255
202 178
161 13
53 79
161 11
89 34
64 71
164 25
40 87
161 252
128 7
161 250
233 220
42 252
248 161
92 232
246 215
125 30
23 163
95 7
128 11
247 95
176 205
82 208
139 205
175 157
196 182
41 11
167 35
186 191
15 129
209 173
79 54
216 87
39 18
162 18
8 42
65 187
228 91
214 135
6 214
94 15
1 95
171 43
1 161
181 152
55 78
242 162
90 31
94 15
22 130
77 154
95 1
213 255
236 37
221 24
166 224
216 241
162 87
185 64
197 75
169 40
61 182
128 7
6 161
174 207
81 205
240 40
172 159
235 93
131 227
233 93
7 161
221 167
175 50
66 110
128 248
251 161
39 169
214 9
63 185
224 227
241 216
204 80
220 232
202 79
128 5
161 2
26 34
126 233
191 70
165 228
13 161
30 91
14 162
236 218
85 213
142 198
221 25
249 214
134 216
30 226
69 190
42 7
42 85
58 180
172 211
3 161
72 106
32 166
212 120
94 169
133 35
247 42
40 87
182 196
87 218
21 219
246 161
12 127
209 119
36 168
10 41
22 93
88 219
49 118
213 253
95 9
219 22
48 82
17 217
93 235
182 60
245 41
35 89
15 40
80 52
12 161
95 251
210 172
202 116
78 101
42 248
239 162
93 88
188 189
129 238
84 211
197 143
255 128
95 0
103 181
214 7
40 134
166 225
241 94
179 200
154 179
1 161
253 128
195 113
210 83
90 32
44 136
87 94
35 123
125 25
87 216
238 217
173 209
111 64
220 23
222 89
47 137
84 96
215 10
227 125
158 173
72 62
88 220
234 36
22 37
48 82
205 118
21 93
60 74
63 184
224 227
241 216
204 80
24 220
161 5
84 210
39 18
237 162
214 8
41 12
91 28
42 121
30 90
151 182
113 196
128 1
199 180
212 85
214 7
216 122
166 165
94 15
7 214
179 102
237 218
253 128
161 253
94 243
129 16
216 242
165 27
12 41
130 231
40 87
53 117
213 254
176 53
207 82
51 81
185 64
32 228
194 184
214 246
38 88
138 49
207 82
67 147
175 205
37 168
95 250
218 87
125 228
32 132
221 167
64 186
223 167
220 233
37 235
217 87
95 253
237 162
92 26
133 220
163 168
242 216
225 166
232 35
20 38
43 0
199 180
153 76
165 227
215 243
165 30
188 66
235 126
26 222
19 38
128 254
201 178
24 35
166 225
69 190
27 91
192 186
214 248
223 229
95 4
213 254
176 53
161 11
13 127
137 209
88 36
245 215
93 233
82 158
39 240
128 246
161 248
220 22
128 9
6 95
33 229
74 196
41 11
167 35
70 64
223 167
174 48
5 95
213 2
182 60
230 222
8 42
12 215
33 90
161 244
129 239
162 242
196 143
42 170
76 199
103 180
77 200
94 242
165 30
217 134
7 214
222 231
180 198
41 86
95 3
13 94
6 42
14 216
93 168
41 244
25 130
79 156
39 238
209 83
219 235
23 36
175 51
185 64
224 28
245 215
42 9
22 163
72 62
43 3
36 22
234 220
168 220
217 239
218 87
74 196
236 163
167 35
161 247
223 167
233 36
235 219
173 46
238 39
170 215
24 126
191 70
93 88
190 69
177 202
24 221
20 38
212 171
19 218
16 94
56 77
68 67
166 226
67 68
126 21
171 43
57 115
128 2
201 178
73 105
42 250
135 213
33 166
162 239
25 130
86 215
116 203
87 217
95 5
11 95
214 4
64 71
160 85
32 124
228 125
158 174
95 6
174 207
22 220
161 8
174 49
183 62
218 87
93 23
184 193
164 231
64 185
129 243
208 174
145 63
39 169
161 3
86 41
198 180
94 239
91 27
187 190
250 42
242 94
201 78
128 2
180 58
103 180
214 7
243 41
91 90
41 243
235 126
43 85
19 38
255 43
236 38
151 73
31 166
190 187
165 28
133 36
248 42
155 177
196 74
217 169
203 177
36 233
176 51
161 9
85 96
41 245
233 163
93 22
161 250
207 82
161 248
22 36
174 49
184 62
82 98
131 28
124 32
32 28
247 95
4 214
95 11
111 192
169 217
3 95
33 230
181 58
41 12
90 223
43 121
17 129
232 35
20 38
43 255
95 255
43 171
249 214
94 241
165 226
13 41
77 56
162 240
0 95
86 214
55 78
84 45
90 31
14 216
28 91
41 244
248 42
93 19
217 18
5 128
79 203
95 245
5 42
137 210
32 228
193 184
196 74
223 229
118 206
88 219
205 175
95 248
246 128
217 240
22 93
10 42
246 41
168 36
119 209
13 129
48 82
21 37
128 6
18 217
80 100
25 164
35 133
229 91
213 136
90 225
151 183
161 3
128 2
218 237
239 162
165 228
217 122
30 30
68 189
214 249
222 231
38 237
128 255
254 95
231 221
214 6
244 161
224 90
239 94
8 214
34 26
59 181
128 251
63 145
11 95
5 42
120 46
164 25
72 193
228 125
87 218
95 6
3 213
248 95
81 50
36 168
118 49
223 28
22 163
72 62
88 220
185 192
51 175
220 233
176 203
218 87
139 203
169 216
248 214
35 133
223 167
190 69
214 251
151 183
161 3
84 212
141 200
94 239
91 28
94 241
225 166
67 68
130 236
162 240
142 57
43 171
95 2
14 94
127 238
68 189
93 168
186 65
8 214
170 41
18 39
217 169
177 53
220 24
167 223
161 9
170 161
193 184
74 60
21 163
17 39
82 48
190 110
36 234
36 168
240 39
228 223
246 214
225 124
32 28
8 161
167 34
207 174
250 161
43 254
74 196
156 80
92 25
133 221
229 92
120 212
127 16
150 184
78 55
86 41
95 255
179 154
56 77
122 38
91 90
14 162
214 249
181 103
19 38
255 128
95 2
231 221
166 226
242 40
225 29
220 133
42 8
230 34
202 140
210 84
161 251
149 71
251 214
211 120
167 221
63 72
74 60
157 175
39 239
128 248
161 249
95 247
206 174
184 63
233 163
29 125
163 21
24 164
47 119
252 42
23 220
192 145
254 213
217 239
100 176
197 181
162 18
167 34
212 136
42 5
150 184
219 20
213 1
237 38
94 239
27 165
94 241
31 90
94 14
29 91
240 94
198 142
43 171
179 56
35 231
42 250
243 161
89 92
244 215
126 23
101 78
254 95
128 251
21 219
173 209
166 223
186 65
35 167
33 124
196 74
229 33
117 205
174 208
161 249
233 220
128 11
49 138
233 163
29 125
10 215
168 36
137 47
252 42
36 23
65 111
168 218
117 52
27 33
75 197
192 71
162 169
161 245
214 251
173 47
144 61
86 41
58 76
26 34
42 249
190 69
166 31
242 94
178 201
240 94
57 179
213 85
20 218
104 182
127 238
95 243
226 225
37 123
42 8
18 162
116 201
1 213
177 54
150 71
52 80
15 216
164 26
33 124
74 60
81 157
183 195
8 128
161 249
50 175
128 11
63 72
23 93
131 30
41 10
172 97
95 8
206 81
36 23
6 95
128 7
161 4
87 40
9 42
215 245
230 92
40 241
214 251
161 243
54 178
253 128
198 181
238 162
91 27
240 162
225 166
13 162
201 78
212 171
114 198
43 0
142 197
25 35
127 237
189 188
30 31
187 66
180 199
170 42
55 116
45 172
252 95
161 12
15 127
10 95
167 222
132 33
131 229
157 175
251 95
253 43
95 7
23 36
50 81
249 161
93 233
183 61
21 93
164 232
248 95
12 129
233 36
22 37
7 128
195 182
156 80
26 125
162 18
162 169
186 191
80 53
173 47
54 178
4 128
18 218
162 18
7 42
190 69
90 225
189 68
227 165
212 172
199 77
0 128
114 59
152 74
250 214
189 188
90 32
134 37
199 76
34 26
116 201
255 43
112 62
173 209
204 176
10 95
34 167
71 192
214 247
157 175
51 117
219 168
22 219
68 108
128 11
119 48
233 163
73 195
235 163
37 88
95 8
221 167
174 49
191 146
48 83
217 239
21 93
24 164
41 11
164 230
65 186
176 204
47 83
62 112
87 40
116 55
230 222
8 42
37 134
31 30
135 41
201 78
84 212
218 19
43 171
56 77
212 84
201 178
40 14
29 91
187 66
164 27
34 26
59 181
172 211
21 219
150 72
127 241
40 15
89 34
222 133
24 92
235 93
52 117
248 128
219 234
188 148
252 214
63 72
92 233
215 10
22 93
228 32
119 208
11 128
49 82
65 110
219 88
183 61
87 39
92 24
192 71
167 34
15 40
80 52
12 161
54 177
128 4
238 39
214 86
199 180
162 16
92 89
135 41
6 214
94 15
179 200
213 171
1 161
162 15
250 214
188 67
29 91
134 38
165 27
102 77
18 38
40 86
4 161
47 173
90 32
212 120
29 31
18 162
75 59
176 100
217 17
47 173
176 52
23 36
35 167
185 63
24 92
73 194
132 226
23 163
193 72
175 206
36 23
204 80
88 37
183 61
81 99
27 125
245 41
32 29
10 161
176 204
150 185
21 37
40 169
238 39
42 170
42 248
12 215
91 29
135 41
226 165
241 94
218 20
171 43
237 38
94 241
237 129
13 94
225 90
122 218
57 179
77 154
38 238
255 43
252 95
47 173
129 16
216 241
167 222
192 185
9 214
80 156
39 239
2 213
204 176
233 220
50 81
248 161
172 159
73 194
246 42
28 224
161 249
221 167
81 206
146 66
43 253
51 139
81 99
24 164
11 215
29 224
186 191
204 80
150 185
95 252
255 213
116 55
94 238
164 230
191 69
226 31
242 216
226 165
172 45
20 38
171 43
142 198
212 85
91 29
94 242
90 31
122 218
7 214
34 26
19 38
45 172
112 61
150 72
240 129
11 95
87 94
222 133
230 125
216 169
61 182
38 88
65 145
207 82
214 4
119 47
164 24
73 194
234 163
32 28
138 49
175 206
161 247
80 51
82 208
61 73
21 93
247 214
33 132
95 86
191 70
251 42
83 209
235 219
251 128
39 18
26 34
23 126
41 12
225 226
189 68
202 78
172 45
114 197
214 86
237 38
231 221
178 55
94 242
30 226
15 162
214 249
171 42
161 255
215 170
195 112
83 46
16 127
11 95
87 94
192 185
26 131
87 216
239 217
128 249
192 111
207 82
51 81
16 216
28 32
62 72
214 246
163 233
95 7
246 128
95 9
219 22
43 253
17 217
93 235
247 214
41 11
89 221
211 136
33 90
173 48
202 79
128 5
59 75
101 178
232 130
36 133
93 88
135 42
226 166
105 74
161 2
1 128
0 161
25 34
78 201
67 188
166 165
187 66
228 165
85 213
56 115
86 215
55 78
243 161
53 79
190 187
162 87
35 123
248 42
27 223
252 95
218 169
161 250
49 174
222 89
161 8
28 32
93 21
163 22
23 163
138 49
220 168
206 175
22 37
9 128
161 5
33 229
42 247
33 132
161 170
247 95
89 223
245 95
53 177
2 43
181 59
237 162
180 58
12 215
163 168
42 121
226 166
182 105
20 38
85 213
218 237
44 171
227 91
94 242
166 165
190 187
200 77
154 179
58 180
255 43
178 55
183 151
177 53
242 40
92 229
162 238
231 126
236 93
53 117
47 173
80 203
246 161
214 4
161 8
224 28
215 10
61 182
83 158
184 194
207 82
81 206
110 190
174 48
250 161
87 38
182 60
93 236
92 25
247 95
242 127
208 173
203 79
39 169
253 161
237 162
198 180
12 215
32 90
242 216
18 129
172 45
143 60
214 86
141 199
222 25
91 29
189 68
91 166
39 122
42 7
171 43
237 218
213 255
218 236
35 232
239 129
11 95
87 93
192 186
25 92
229 33
196 74
250 128
6 161
107 186
129 13
71 192
228 224
124 224
61 182
174 98
194 72
207 82
234 36
95 248
49 82
217 239
27 33
228 131
245 41
32 28
64 186
223 167
161 245
111 193
251 128
161 3
26 34
42 248
215 244
93 88
161 244
54 177
232 35
78 55
43 255
0 95
94 240
228 91
41 13
166 165
217 134
179 200
34 25
218 19
255 43
60 143
172 210
31 166
190 187
225 29
215 12
248 42
177 100
39 238
250 128
192 111
220 23
34 167
240 40
171 160
20 163
228 125
22 163
250 95
246 128
50 81
248 161
49 82
250 161
38 169
233 93
245 41
35 89
71 64
205 80
82 208
219 21
46 83
53 140
101 177
8 42
17 94
168 93
66 187
54 177
162 242
113 196
128 254
198 180
16 94
200 179
217 122
226 165
94 15
126 21
85 213
0 161
1 213
20 218
221 24
6 42
14 216
29 31
239 94
130 231
222 230
18 39
128 250
219 235
82 48
205 176
161 9
228 224
11 41
196 74
93 22
183 194
174 207
22 220
36 234
220 88
161 6
169 218
60 74
32 132
164 231
64 185
176 205
11 161
63 111
83 210
203 116
163 19
230 92
239 162
27 165
213 135
90 225
242 94
55 178
170 215
0 95
94 239
179 56
41 13
91 90
13 41
200 77
16 162
0 161
254 128
254 95
210 84
166 225
69 190
165 28
186 65
232 126
34 26
253 95
254 43
219 235
233 220
243 129
15 216
224 28
63 72
74 60
87 218
6 161
82 49
175 51
8 95
82 207
239 39
158 82
195 182
215 245
25 164
16 40
42 4
174 48
37 235
6 128
74 196
223 26
214 8
221 123
227 31
14 40
239 127
151 183
113 196
212 171
38 19
76 103
249 214
215 243
30 90
13 41
130 236
240 94
161 0
42 86
196 113
45 172
6 42
40 14
33 166
191 186
214 248
155 177
196 75
254 43
193 111
174 208
42 251
46 137
231 164
63 72
74 60
163 234
73 62
3 213
66 147
206 81
207 174
217 240
22 93
182 61
93 236
228 32
216 16
127 13
23 220
80 53
128 6
252 161
170 216
8 42
215 244
169 93
69 66
31 90
221 232
78 55
41 170
200 115
179 153
179 56
15 94
226 30
216 134
91 227
162 240
0 161
86 214
56 78
84 45
166 225
214 121
168 163
220 133
42 8
86 215
75 59
210 84
111 63
208 83
251 214
95 247
28 32
93 20
28 131
169 38
95 6
128 9
66 146
189 147
3 43
72 194
173 158
234 93
215 246
36 88
71 64
175 205
174 49
250 161
43 254
238 39
223 27
248 214
162 18
162 169
66 187
42 5
162 243
78 55
1 43
38 19
222 26
28 165
41 13
91 30
215 13
56 178
153 180
19 38
86 214
77 200
221 25
129 18
67 68
227 225
215 12
232 126
230 34
39 238
46 172
235 37
208 83
127 242
186 65
231 164
41 245
27 131
223 229
62 183
9 128
81 205
109 189
49 82
62 72
93 233
131 29
225 124
220 168
119 209
12 129
95 10
176 204
43 254
203 117
33 229
25 125
41 12
29 225
11 161
166 32
243 95
95 253
86 41
141 200
94 239
42 249
15 94
225 166
215 13
42 7
153 181
0 161
0 213
59 143
242 162
177 54
244 161
224 90
94 17
26 92
101 78
217 18
210 84
202 177
24 36
33 166
70 191
32 227
41 245
24 92
157 175
73 61
128 248
80 205
233 220
220 89
49 138
163 23
73 195
235 163
164 232
137 47
34 89
148 187
80 52
128 7
17 217
27 33
125 230
94 238
92 27
212 136
224 166
46 83
78 55
255 213
19 218
162 17
22 126
122 38
165 166
13 41
178 201
240 94
0 161
128 1
59 142
25 35
250 214
68 189
28 91
133 37
180 198
101 78
116 202
172 210
62 144
244 161
42 251
10 95
35 167
11 41
74 60
229 33
73 61
248 128
37 22
161 9
167 221
217 240
233 163
183 61
194 73
172 97
8 161
175 205
161 246
161 6
47 83
182 61
163 20
9 42
94 238
227 31
40 241
79 53
243 95
78 55
128 253
115 56
26 34
234 130
218 122
90 225
189 189
165 29
171 44
142 58
0 43
161 255
162 15
165 226
40 14
28 91
191 187
214 248
222 230
140 55
1 213
235 37
106 185
241 129
241 40
221 89
41 245
92 232
39 87
5 161
248 128
234 37
81 50
128 11
161 7
28 32
214 10
73 62
92 24
119 208
129 244
187 108
250 161
213 2
217 239
236 163
230 131
71 64
222 167
245 95
16 129
47 83
54 178
172 45
58 75
214 86
249 214
94 240
90 225
94 13
250 42
152 181
114 198
0 213
142 197
104 182
165 226
121 41
224 90
69 190
8 214
78 154
161 254
216 169
194 112
24 35
214 5
120 45
222 89
193 185
75 60
99 81
61 183
128 248
110 65
220 23
128 245
63 72
93 233
163 234
235 163
92 24
16 40
206 81
148 187
52 176
128 249
39 17
100 176
232 92
215 245
26 164
136 44
15 129
150 184
54 178
211 172
197 181
222 26
42 249
16 94
29 165
94 13
227 165
231 35
58 114
213 171
38 20
74 104
42 250
67 68
165 29
240 94
248 42
78 154
140 55
1 213
79 202
161 12
241 129
40 15
26 92
94 19
9 214
229 33
251 95
37 88
95 7
233 220
128 11
63 72
32 228
163 234
41 10
97 84
240 216
175 206
148 188
219 22
43 253
204 117
87 39
197 181
34 133
222 167
45 120
80 52
161 244
219 21
40 169
55 140
34 230
23 126
134 219
31 90
188 189
55 178
94 15
198 142
43 85
218 237
75 104
201 178
41 135
166 225
12 41
248 42
178 102
140 55
45 172
95 4
106 184
214 5
241 40
92 230
64 71
9 214
87 217
204 139
213 253
204 176
246 161
35 167
193 184
92 233
215 10
30 132
83 159
63 184
175 206
108 68
52 176
37 168
217 239
157 81
92 24
132 222
227 32
246 95
204 80
12 161
54 177
169 216
238 39
42 170
229 92
41 12
92 89
68 67
214 250
241 94
38 236
85 43
199 179
162 15
42 250
188 67
165 29
38 122
27 91
238 94
254 95
213 255
62 144
161 12
176 53
44 136
169 162
222 133
214 247
87 216
95 4
249 128
250 95
187 148
127 244
193 185
232 164
183 62
163 22
83 159
95 7
175 206
174 50
7 95
83 208
183 61
163 21
196 181
245 41
34 89
15 40
42 5
95 12
177 202
43 255
161 2
162 18
229 92
123 37
29 165
215 135
165 30
162 241
218 20
0 213
179 57
231 221
29 165
121 41
30 31
243 215
234 126
238 94
38 238
211 84
236 37
83 47
240 129
11 95
92 230
71 192
230 125
100 80
239 217
128 249
95 6
10 95
50 81
208 119
172 159
73 194
246 42
23 163
193 72
128 245
36 23
234 219
8 128
117 51
81 99
92 24
185 193
221 167
65 186
251 42
232 35
37 235
213 1
201 116
94 238
26 164
41 12
28 165
242 216
178 202
211 172
59 114
1 128
161 255
212 85
214 6
40 13
90 91
243 215
234 126
222 230
237 218
128 253
201 178
83 47
5 42
212 120
94 169
123 222
26 131
20 163
117 204
128 7
219 234
10 95
175 51
216 240
164 24
124 225
183 195
173 97
72 63
81 50
175 50
146 66
213 3
117 51
163 21
229 131
245 41
224 227
40 241
204 80
209 173
54 177
210 172
95 254
155 78
42 248
37 133
31 30
216 14
18 129
221 231
142 59
170 214
0 161
35 231
29 165
68 67
226 226
38 122
229 165
239 94
76 58
1 213
144 195
24 35
90 32
15 216
169 162
238 94
197 75
223 229
39 239
249 128
111 64
95 246
175 51
185 64
32 228
184 62
227 125
228 33
161 249
128 10
161 247
161 7
37 168
118 51
33 229
196 182
41 11
32 29
211 136
90 223
185 107
177 202
128 5
238 39
26 34
42 248
36 133
91 28
42 121
30 90
211 172
38 236
43 85
95 0
212 85
249 214
134 216
165 90
122 218
165 28
102 77
141 56
1 213
195 113
221 24
203 177
66 69
27 92
94 18
25 92
93 20
95 4
249 128
219 235
246 161
81 205
209 119
96 172
62 72
227 125
173 98
49 118
36 88
161 247
81 51
128 247
17 217
163 21
196 182
223 124
164 231
161 247
42 5
232 36
251 161
43 254
18 217
177 155
214 8
123 36
224 166
216 14
6 214
231 35
20 38
171 43
142 199
180 153
200 178
13 215
226 165
69 190
126 21
77 154
56 115
128 3
178 55
35 232
225 90
95 245
169 162
244 215
231 126
223 229
60 182
173 209
21 219
174 207
127 243
16 216
28 32
215 10
93 234
158 173
95 7
213 253
220 234
219 22
128 247
50 138
223 27
131 28
124 32
32 28
247 95
167 33
208 173
95 251
43 254
39 18
86 41
248 214
215 244
225 227
12 161
42 6
94 14
200 78
42 170
218 237
103 180
227 91
122 40
226 165
94 15
130 235
77 153
56 115
128 2
178 55
210 84
177 53
213 120
227 225
238 94
92 231
86 216
4 161
6 128
21 219
70 107
4 42
247 161
164 24
31 124
227 125
38 88
161 250
49 174
109 67
175 205
213 3
217 239
87 38
9 42
184 193
224 228
216 15
223 167
70 149
95 251
213 2
75 196
163 19
26 164
94 239
93 88
12 161
129 239
84 211
196 143
44 85
38 19
94 240
179 56
189 68
226 165
243 215
126 21
85 213
141 56
215 170
201 178
46 172
239 129
121 43
229 165
70 191
8 214
93 19
53 116
83 47
192 111
11 95
4 42
119 47
28 32
32 124
131 228
22 163
250 95
88 220
220 234
248 161
220 88
194 183
98 174
131 28
32 132
228 32
71 64
252 42
82 208
251 161
2 43
217 238
26 34
42 248
94 239
88 163
121 213
42 6
14 162
161 2
128 2
0 161
222 25
7 42
215 243
91 226
41 243
228 165
34 25
115 199
128 2
38 20
242 162
42 250
40 14
229 165
17 162
248 42
101 79
3 161
213 254
5 161
48 174
214 4
95 247
231 164
20 163
28 131
82 158
73 62
128 9
147 189
147 67
36 168
239 39
234 163
60 74
236 163
92 25
64 185
127 13
48 82
63 111
128 6
196 182
222 26
26 164
70 65
163 168
12 161
17 129
35 24
95 254
86 41
141 199
34 231
77 200
13 215
165 166
188 67
249 42
222 231
38 237
44 171
196 113
151 73
127 239
69 190
88 93
191 186
92 230
177 101
74 60
39 87
111 63
233 220
51 80
247 161
160 85
124 224
60 182
169 38
161 250
253 43
95 8
189 147
3 43
239 39
82 98
214 9
41 11
164 231
192 71
4 214
107 70
95 251
250 128
253 161
86 41
75 198
239 162
93 88
43 121
177 203
105 73
236 218
254 128
76 198
25 34
91 28
162 15
226 226
68 189
236 126
103 76
57 180
212 85
254 95
151 73
166 225
12 95
223 90
36 123
164 26
86 215
95 3
5 128
95 5
23 36
127 242
186 64
25 92
193 184
125 28
163 234
217 17
253 43
109 66
248 161
168 220
39 16
93 234
74 195
215 245
232 92
240 216
214 252
48 82
203 80
6 128
74 196
33 229
42 248
18 94
91 27
245 95
214 250
221 232
3 95
254 128
218 237
17 94
214 7
41 13
225 166
122 216
200 77
76 153
0 161
214 170
143 196
232 221
79 202
216 242
163 88
244 215
180 198
170 41
54 116
128 5
95 5
233 220
251 214
247 161
28 32
215 11
196 74
223 229
118 206
247 128
37 22
206 81
246 128
62 72
234 163
10 42
93 236
88 220
64 185
34 89
220 233
161 6
128 6
95 252
216 87
214 8
238 162
87 162
190 69
31 90
243 94
178 201
253 128
180 58
26 34
56 77
215 243
166 31
188 67
56 178
171 44
199 142
213 0
113 60
182 151
166 226
216 242
225 29
36 123
180 198
79 155
202 140
128 5
5 161
83 48
52 80
241 40
35 167
11 41
247 42
39 87
95 5
3 213
234 37
109 189
207 174
194 184
173 158
42 246
21 93
84 160
216 16
214 252
207 174
192 145
249 128
196 182
20 93
231 92
71 64
223 167
15 40
79 53
184 106
61 113
172 44
1 95
171 213
42 249
241 162
165 166
134 40
227 165
44 85
161 0
171 213
236 38
151 74
238 129
40 14
32 166
123 220
230 164
41 86
197 75
210 84
193 112
48 173
251 214
120 45
95 170
33 124
9 214
169 39
195 73
48 174
219 234
50 175
246 128
95 249
88 37
234 93
163 21
164 232
209 137
167 34
49 82
145 64
173 47
60 74
236 163
214 9
35 133
169 94
190 69
177 203
184 106
20 37
86 41
200 115
179 154
27 165
13 215
226 226
216 134
55 178
104 75
142 58
171 213
20 218
74 104
6 42
67 68
28 91
186 65
248 42
215 170
238 217
40 87
202 177
71 107
33 166
40 15
230 164
41 245
232 164
217 169
117 205
253 43
22 219
23 36
35 167
7 95
83 97
125 227
194 73
32 28
161 248
175 205
10 161
22 37
254 213
239 39
27 33
230 131
41 11
225 227
241 216
240 127
47 83
37 236
84 211
200 115
102 179
22 126
243 41
30 226
40 243
42 7
75 152
255 161
42 86
95 1
211 84
202 178
14 216
224 90
37 123
92 230
101 78
254 95
255 43
235 37
150 71
241 129
95 246
35 167
215 11
42 9
223 229
117 205
3 213
234 37
161 9
50 81
184 63
219 88
234 93
246 41
172 97
161 248
175 206
69 148
6 95
47 83
61 74
236 163
42 247
245 41
94 87
44 120
251 42
161 243
202 78
172 45
161 1
42 170
126 234
38 134
164 167
189 68
91 227
152 181
19 38
0 213
56 77
241 162
129 19
13 95
30 31
215 12
130 233
86 214
2 161
211 84
194 112
35 232
52 80
191 186
92 230
245 215
247 42
99 81
251 95
8 128
234 37
108 188
4 43
72 193
97 173
30 124
215 246
172 97
8 161
50 175
148 187
176 204
213 2
52 139
216 87
42 247
11 215
34 89
212 136
214 251
150 184
202 78
128 252
141 201
77 102
179 57
243 41
90 225
41 121
178 201
162 241
179 199
0 43
77 200
45 172
201 178
216 242
225 30
215 12
199 76
222 230
201 140
43 1
112 62
173 209
176 52
120 45
32 227
222 132
164 24
229 33
39 239
213 253
65 146
207 82
4 43
63 72
173 159
246 215
132 226
92 23
119 208
245 127
36 23
80 52
38 168
239 39
223 27
131 26
71 64
31 29
95 10
53 176
232 35
95 252
172 45
116 55
78 102
248 214
12 215
31 90
68 67
201 78
152 181
179 200
213 171
114 58
104 181
214 6
67 68
90 32
94 16
27 92
170 42
201 140
172 211
37 21
72 106
251 214
70 191
222 89
123 222
232 164
93 21
239 217
218 168
161 249
233 220
221 89
63 72
159 84
62 73
226 124
37 88
208 137
89 221
161 247
37 234
48 83
117 51
21 93
26 125
64 185
161 170
15 40
5 214
12 161
235 219
84 211
116 55
78 102
42 248
12 215
91 29
216 14
78 55
182 104
200 77
85 43
179 57
241 162
214 6
243 162
225 90
13 41
249 42
170 42
95 2
84 45
95 4
232 221
176 53
241 40
222 89
192 185
9 214
80 156
139 52
43 2
6 161
246 161
221 89
240 40
172 159
30 124
163 22
97 83
16 40
128 11
108 68
7 95
248 128
205 117
21 93
247 214
162 19
34 89
246 95
5 214
150 185
202 79
84 211
140 201
102 178
164 229
162 16
89 164
242 216
78 55
162 241
38 236
85 42
114 58
241 162
19 127
188 67
227 165
38 122
165 27
94 18
75 58
170 40
202 178
47 173
5 42
65 69
164 26
133 34
232 164
176 100
4 161
128 249
219 234
82 49
167 221
119 48
172 159
31 124
125 30
228 32
39 240
89 221
23 220
51 176
174 48
17 217
157 81
247 214
237 163
221 167
65 186
80 52
106 71
235 219
46 84
140 201
155 78
164 229
244 41
92 89
42 121
226 165
94 15
20 38
255 128
179 57
162 16
250 214
94 242
165 29
218 134
165 27
154 179
255 95
170 41
178 55
106 184
203 177
241 40
225 29
192 185
75 59
80 156
217 17
38 88
176 52
82 49
34 167
161 8
172 159
124 225
163 22
219 168
207 138
128 11
23 220
95 249
208 174
217 239
21 93
74 196
11 215
161 170
216 15
33 90
244 95
144 62
251 128
116 54
78 101
214 8
133 219
228 91
216 14
78 54
35 25
218 20
43 85
0 161
35 231
201 178
216 122
227 165
215 13
22 130
102 77
115 200
253 128
253 95
72 106
53 79
66 69
225 29
35 123
26 131
223 229
182 196
209 83
204 176
69 108
89 34
8 95
232 164
235 93
125 29
33 28
16 39
167 36
147 188
249 161
208 174
17 217
93 235
92 24
163 19
25 164
241 216
5 214
208 173
235 219
2 43
95 253
155 78
230 92
191 70
32 90
214 135
79 54
242 94
161 2
85 213
114 58
44 171
126 236
122 40
166 225
162 241
179 200
171 43
76 58
84 45
20 218
232 221
224 90
136 212
29 31
244 215
125 25
236 93
196 74
83 47
235 37
23 36
175 51
40 16
36 168
225 132
73 61
173 98
249 95
49 174
206 175
205 81
9 128
51 138
99 174
131 27
132 223
29 224
46 120
89 223
245 95
177 203
217 87
202 116
26 34
164 230
65 186
88 163
216 14
42 6
172 45
59 113
171 43
57 142
44 171
165 227
40 134
165 90
66 69
42 7
222 230
237 218
3 128
253 95
221 24
251 214
40 14
33 167
186 64
214 248
229 33
4 161
250 128
111 64
187 148
42 252
40 16
164 24
124 225
214 246
28 223
72 62
3 213
67 147
66 110
3 43
118 50
33 229
214 9
163 20
171 95
120 210
33 89
107 70
53 177
210 172
39 18
41 170
180 58
162 17
90 224
242 216
225 166
162 242
38 236
44 85
0 161
212 85
236 130
216 122
90 91
243 215
42 7
239 94
141 56
215 170
78 201
24 35
203 177
95 245
163 87
70 192
248 42
156 176
203 139
217 169
53 80
23 36
89 34
16 216
28 32
62 72
29 131
27 223
240 217
49 174
147 189
95 248
9 128
118 50
169 218
247 214
163 20
89 221
40 241
251 42
245 95
177 203
39 169
161 3
177 155
198 180
191 70
90 223
244 95
214 250
221 232
55 178
214 86
218 237
240 162
214 7
41 13
226 90
134 39
179 200
43 85
115 200
1 213
178 55
243 162
129 17
213 121
225 29
244 215
25 130
170 40
140 53
87 217
192 111
208 82
13 127
240 40
164 25
72 194
195 74
98 82
138 50
128 10
95 8
189 147
168 220
183 62
218 87
28 125
32 132
160 171
9 161
80 51
70 149
251 161
210 173
60 74
230 222
198 180
70 65
28 165
12 161
202 79
46 84
78 55
44 85
180 57
213 85
249 214
14 94
91 226
243 215
77 56
17 162
58 180
254 128
78 201
14 94
42 250
242 40
227 225
239 94
58 180
170 41
60 182
128 6
53 79
174 208
34 167
161 9
89 36
224 132
28 131
223 229
161 250
10 128
248 95
51 175
174 49
62 73
229 223
163 233
63 184
171 96
9 161
42 4
107 70
161 5
87 39
60 74
41 170
230 92
244 41
163 168
95 12
166 31
172 46
236 218
128 254
141 199
231 222
77 200
189 68
30 90
217 134
165 28
25 222
115 199
1 213
218 236
73 105
79 202
121 43
168 163
244 215
76 58
177 101
140 53
250 128
161 251
174 208
243 129
210 119
89 35
93 20
93 233
223 229
206 138
247 128
161 248
50 175
220 88
62 72
168 218
233 93
62 184
92 25
161 247
13 129
107 70
192 145
39 169
238 39
41 170
214 8
133 221
88 163
40 242
239 127
183 105
95 253
171 44
218 237
153 76
249 214
134 217
226 226
94 14
91 228
43 85
0 161
214 170
20 218
210 84
31 166
12 95
225 29
17 162
198 76
237 93
3 161
83 46
203 177
174 208
127 242
210 119
164 25
224 132
196 74
82 158
206 138
168 36
36 22
161 8
10 128
95 250
33 229
233 93
41 11
171 96
137 47
127 13
36 23
145 64
2 43
117 53
170 216
42 248
133 221
163 169
161 245
6 214
35 24
113 195
255 213
141 200
213 85
77 200
188 190
91 30
216 134
200 77
25 222
95 0
171 212
161 254
94 242
79 202
188 66
168 163
70 191
214 248
230 34
75 59
254 43
5 161
83 48
80 204
46 136
231 164
193 184
9 214
93 22
239 217
247 128
8 161
8 95
207 174
250 161
93 234
214 10
246 41
224 228
71 64
222 167
246 95
80 53
250 128
161 4
80 100
92 25
133 221
167 33
136 43
90 225
105 73
178 201
84 212
95 255
102 179
126 235
134 217
165 166
189 188
249 42
222 231
218 19
0 43
56 77
105 182
18 127
216 242
28 91
133 36
42 8
215 170
18 39
213 254
53 79
95 245
223 89
216 241
164 25
124 223
196 74
163 235
73 62
208 82
110 66
161 9
88 36
49 138
28 33
29 125
246 41
24 164
216 16
129 244
69 148
204 80
2 43
252 161
163 20
214 8
162 18
87 162
216 15
90 224
173 46
20 38
128 253
218 237
179 154
7 42
162 15
30 226
215 13
55 178
162 240
199 76
0 43
218 236
84 45
127 238
189 188
166 224
239 94
76 58
178 101
202 140
43 2
63 144
149 71
80 204
186 65
161 86
63 72
196 74
157 175
95 5
128 9
110 66
188 147
207 174
39 16
93 233
214 10
246 41
160 172
16 40
214 252
10 161
111 192
218 87
95 252
20 93
230 131
221 123
92 27
40 241
127 16
106 72
236 218
3 128
180 58
213 85
214 7
218 122
91 29
13 41
7 214
35 25
0 161
214 170
197 114
35 231
178 54
40 14
32 166
65 70
26 92
230 34
54 116
2 213
194 112
71 107
80 204
70 191
26 92
132 33
92 232
169 39
95 5
8 128
219 234
36 233
213 4
95 249
219 88
246 214
31 132
164 232
193 71
167 34
161 246
250 161
249 128
182 60
87 40
164 231
71 64
89 222
44 120
214 251
150 184
201 78
128 253
76 198
171 214
7 42
66 187
225 166
162 242
55 178
212 171
199 77
86 214
20 218
241 162
226 91
161 13
31 226
41 244
230 164
18 162
55 116
128 252
202 177
12 95
33 166
186 65
35 167
124 223
42 9
217 169
61 183
208 82
22 219
36 233
35 167
240 39
233 163
234 93
183 194
97 84
63 185
50 175
220 233
146 65
38 168
195 182
93 236
26 125
192 71
94 87
120 212
5 214
221 232
20 37
211 172
255 161
102 179
91 27
218 122
167 92
162 243
165 29
35 25
237 218
128 0
218 236
25 35
18 127
189 188
227 165
37 123
126 23
34 26
238 217
4 128
202 177
12 95
127 241
191 186
34 167
193 185
164 24
81 157
217 17
248 128
161 249
50 175
175 50
138 208
83 97
41 246
21 93
168 37
137 48
244 127
246 95
234 219
168 218
195 182
33 229
197 181
11 215
222 167
70 65
42 5
184 106
78 54
211 172
95 254
162 18
214 7
190 69
166 31
162 243
227 165
162 241
142 58
0 213
161 255
25 35
178 55
13 95
224 90
94 16
180 199
78 154
254 95
84 45
21 219
221 24
80 204
191 186
167 222
192 185
229 125
81 157
205 139
248 128
110 65
148 68
175 50
40 16
219 88
93 22
215 246
164 233
48 119
221 167
49 82
95 249
213 2
183 61
229 223
214 9
192 71
222 167
186 191
176 203
150 184
4 95
43 255
59 75
230 222
199 180
37 134
92 89
68 67
42 6
212 172
179 200
128 0
1 161
162 15
250 214
215 121
225 30
240 94
164 27
78 154
2 161
252 128
161 252
12 95
42 251
216 241
222 89
133 34
24 92
33 27
95 5
43 3
95 7
207 82
214 4
161 8
228 224
62 73
93 235
219 168
72 63
11 128
207 174
95 249
219 88
117 52
223 27
75 197
71 64
86 161
15 40
15 129
173 47
112 194
4 128
95 254
78 102
164 229
215 244
31 30
135 41
214 250
74 152
255 161
43 0
57 77
104 181
214 6
162 13
225 90
16 162
234 126
222 230
2 161
86 216
37 21
47 173
241 129
70 191
31 227
18 162
214 247
93 20
39 239
209 83
52 80
246 161
127 244
8 95
24 92
30 124
132 226
233 93
193 72
128 245
68 148
95 249
37 168
5 95
27 33
24 164
94 237
26 164
15 40
52 176
185 106
62 112
45 84
2 95
214 86
233 130
66 187
224 166
215 135
129 237
162 241
179 200
0 128
77 199
152 75
201 178
215 121
89 92
218 134
249 42
214 170
75 58
3 128
61 144
221 24
224 90
11 95
230 164
245 215
247 42
236 93
239 217
43 2
219 234
207 82
252 214
48 137
220 88
215 10
131 226
88 219
63 184
4 213
175 50
7 95
174 48
5 95
223 27
9 42
223 124
230 92
10 161
80 52
185 106
219 21
40 169
39 18
230 222
76 199
240 162
228 91
14 40
30 91
211 172
56 179
0 213
142 198
16 94
6 42
40 13
226 226
38 122
22 130
154 179
95 1
86 215
178 54
184 150
251 214
216 241
92 229
245 215
26 131
156 176
217 17
168 38
52 80
23 36
206 175
193 185
28 32
183 62
234 163
88 219
161 249
81 50
220 233
66 110
43 253
5 95
99 175
74 196
245 41
167 35
241 216
251 42
12 161
161 4
2 43
202 116
238 162
23 126
240 162
28 165
67 188
127 18
94 15
77 56
213 171
237 38
44 171
178 55
162 14
226 30
134 38
42 7
42 85
115 200
41 86
161 253
232 221
79 203
216 241
225 29
18 162
125 26
236 93
52 117
213 254
235 37
148 69
42 252
216 240
32 228
246 215
42 10
219 168
7 161
246 128
220 233
22 37
37 168
73 195
99 175
247 214
132 223
25 164
246 95
5 214
83 208
193 144
213 2
95 253
94 237
164 230
186 191
225 227
188 189
214 250
74 151
38 236
213 0
38 19
44 171
214 7
134 216
226 30
162 241
7 214
162 239
141 56
86 215
3 161
13 95
214 5
69 190
229 164
94 18
181 197
80 156
18 39
7 128
250 95
148 69
127 244
192 185
32 228
10 41
73 61
33 28
118 207
207 82
247 95
161 7
37 168
183 62
223 27
247 214
19 93
227 32
161 247
176 204
232 36
144 63
217 87
116 54
237 162
42 248
94 239
32 90
161 244
226 166
231 35
2 95
86 42
57 76
171 212
249 214
14 94
31 166
41 243
235 126
154 179
115 200
213 255
78 201
72 105
16 127
213 120
87 94
133 35
25 130
33 27
74 60
128 6
95 6
174 207
167 222
8 95
168 220
10 41
195 74
173 98
7 161
174 207
22 220
51 175
247 128
73 194
229 223
196 182
215 245
161 171
216 15
176 204
107 70
95 251
128 5
75 197
26 34
92 26
65 186
225 227
214 135
6 214
211 172
236 218
170 214
95 0
171 212
236 130
243 41
30 226
15 162
77 56
239 94
255 95
85 44
253 95
232 221
53 79
66 69
93 169
41 244
42 8
236 93
39 238
47 173
176 53
174 208
81 205
185 64
220 88
124 225
227 125
168 38
184 194
128 10
161 248
51 175
37 168
6 95
229 223
182 60
72 63
25 164
9 161
52 176
36 23
203 79
128 251
3 95
19 93
42 248
215 244
31 29
12 161
214 250
242 94
95 254
42 170
76 199
43 171
91 28
189 68
226 165
217 134
42 7
17 162
255 95
41 86
3 161
151 73
203 177
66 69
229 165
70 191
25 92
170 40
60 182
254 43
95 5
220 23
205 175
240 40
32 228
41 245
233 163
38 88
206 138
174 207
234 36
220 22
88 36
95 250
82 98
125 228
72 63
28 224
185 192
223 167
233 36
235 219
5 128
140 203
86 41
198 180
186 191
166 33
12 161
17 129
105 73
60 113
1 43
180 57
76 103
7 42
94 242
30 30
67 68
130 235
25 222
95 0
1 213
253 95
105 183
129 17
216 242
91 229
70 191
8 214
86 215
203 140
250 128
53 79
149 70
89 34
40 15
220 89
32 124
60 182
82 158
183 194
174 207
189 109
220 22
88 36
50 138
93 234
42 247
20 93
25 164
119 210
252 42
48 82
193 145
128 6
253 161
41 170
58 76
65 186
227 31
66 187
177 202
94 14
178 201
2 128
237 38
103 180
179 56
94 241
226 226
243 215
91 228
103 76
58 180
213 255
95 2
35 232
129 17
66 69
90 33
94 17
214 248
230 34
60 182
254 43
203 177
107 186
252 214
46 137
28 32
20 163
233 163
174 98
250 95
174 207
175 51
175 206
213 3
161 6
98 174
182 61
215 245
224 228
64 185
252 42
149 186
5 95
47 83
196 182
100 177
198 181
41 12
93 88
190 69
239 127
46 84
143 60
1 43
161 1
239 162
91 28
94 241
166 30
162 242
228 165
171 43
57 180
171 212
196 113
221 24
90 31
121 43
223 90
244 215
198 76
215 170
18 39
39 87
95 5
23 36
129 14
71 192
85 95
32 124
247 42
163 234
161 250
128 9
161 248
109 189
220 88
118 50
168 218
246 214
124 32
168 36
137 47
81 51
11 161
235 219
87 39
203 117
20 93
181 58
133 221
27 165
120 213
177 203
210 172
113 195
213 1
198 180
179 153
179 56
15 94
90 165
67 68
130 236
34 25
95 0
128 1
20 218
183 151
202 177
121 42
225 29
220 133
24 130
34 26
39 238
128 5
251 95
233 220
80 204
15 216
164 25
63 72
247 42
38 87
95 6
37 88
81 205
22 36
128 10
138 207
218 88
227 131
246 41
24 164
47 119
4 214
108 69
80 53
87 38
217 238
170 216
231 130
18 94
229 91
136 43
42 5
46 84
61 113
44 84
141 200
222 26
214 7
187 190
226 30
215 13
56 178
171 44
57 180
0 213
113 60
84 45
129 18
95 244
31 227
191 186
8 214
177 101
39 238
87 217
219 235
232 220
204 176
40 15
227 224
20 163
9 214
217 169
51 118
213 253
95 8
36 234
49 82
62 72
168 218
163 234
184 194
224 228
185 192
42 4
207 174
204 80
2 43
252 161
176 156
25 125
238 162
29 225
66 187
42 5
184 106
78 55
172 44
115 56
85 43
42 249
69 66
166 91
215 13
165 29
85 212
58 114
128 255
161 254
211 84
6 42
12 95
165 28
123 220
232 126
86 215
217 18
84 46
54 79
71 107
242 129
40 15
95 170
245 215
131 229
175 99
161 251
43 3
146 190
109 188
36 167
217 240
83 98
93 22
225 124
164 232
40 240
127 12
161 246
161 6
173 47
196 182
93 236
231 131
94 238
167 34
245 95
224 166
150 184
178 201
86 41
141 200
222 26
199 179
66 187
90 225
188 67
178 201
212 171
0 161
171 213
2 161
172 211
202 178
67 68
225 30
41 244
130 233
101 78
75 59
2 213
79 202
36 232
129 14
246 161
92 230
237 93
60 182
39 87
51 117
37 88
176 51
233 220
50 81
7 95
28 32
214 10
194 73
84 160
161 248
12 129
82 207
161 6
213 2
139 204
223 27
9 42
18 94
89 222
245 95
129 240
221 232
161 3
211 172
76 198
230 222
199 179
66 187
31 90
188 67
227 165
85 212
142 58
1 128
114 59
74 104
202 178
13 95
226 225
65 69
42 8
162 238
181 197
1 213
219 235
161 12
127 241
191 186
29 32
93 19
229 125
33 27
73 61
208 82
95 7
188 147
4 43
39 16
233 163
22 163
225 124
224 228
48 119
12 129
148 187
250 161
168 218
17 217
156 80
230 131
18 94
31 29
65 187
203 79
184 106
61 112
86 40
201 115
34 230
27 165
190 69
164 167
162 243
127 19
94 15
142 58
213 85
114 59
25 35
91 30
41 135
32 166
190 187
27 92
101 78
2 161
84 45
112 62
150 71
5 42
120 45
227 224
41 245
75 60
99 81
51 117
173 208
7 161
233 220
213 4
217 240
163 23
163 234
21 93
164 232
119 208
12 129
174 49
6 95
128 249
17 217
223 27
232 92
41 11
230 92
95 10
166 32
72 150
62 112
40 170
218 238
230 222
22 126
190 69
226 31
189 68
129 237
44 84
179 199
0 128
95 1
162 15
30 165
67 68
31 226
12 41
199 76
102 78
75 59
84 45
4 161
173 209
224 90
161 10
164 26
124 222
197 75
27 223
5 161
88 219
52 80
233 220
4 43
72 193
224 28
234 93
62 183
164 233
63 184
4 214
161 246
110 191
168 218
195 183
93 235
214 9
34 133
167 34
191 70
15 129
184 106
177 202
211 172
197 181
42 170
76 199
122 37
90 225
68 67
201 78
35 25
198 142
85 213
38 19
241 162
78 201
14 216
91 227
69 190
42 8
170 42
238 217
43 1
112 62
35 232
166 224
186 65
170 162
34 123
214 247
217 169
239 217
88 218
219 234
148 68
11 127
48 137
224 28
73 194
246 41
97 84
72 63
11 128
148 188
37 234
173 48
239 39
163 21
125 230
11 215
170 95
120 211
127 15
209 173
37 235
211 172
197 181
18 94
233 130
215 244
30 225
216 14
226 165
211 172
161 1
213 85
95 1
231 221
250 214
216 242
91 227
162 240
42 7
26 222
95 2
252 128
95 4
244 161
214 5
40 15
89 34
71 192
92 232
169 40
95 4
209 83
65 146
161 10
89 35
40 16
232 164
132 30
10 215
159 173
208 137
221 167
247 95
80 52
248 128
205 117
99 175
27 125
71 63
95 86
40 241
251 42
232 35
79 54
43 255
181 59
34 230
57 76
69 66
226 31
188 189
127 19
25 221
20 38
0 128
58 142
85 44
178 55
243 162
167 164
13 41
130 234
94 18
201 141
45 172
4 161
24 35
224 90
11 95
92 230
222 133
59 181
216 169
252 95
209 83
95 6
233 220
221 89
95 248
220 88
73 194
22 93
88 219
95 7
175 206
36 23
249 161
219 88
217 239
235 163
214 9
245 41
230 92
216 15
176 204
12 161
37 235
46 84
75 197
34 230
229 92
65 187
89 164
42 121
238 127
94 15
179 200
43 0
1 161
221 25
237 129
67 67
225 90
134 38
57 179
154 179
19 38
172 211
20 219
83 47
5 42
44 136
87 94
34 123
230 125
229 33
161 252
83 47
65 145
174 207
244 129
119 48
220 88
21 163
131 227
159 173
118 207
35 89
9 161
190 146
128 8
217 239
163 21
42 247
132 223
35 89
211 136
223 166
12 161
235 219
87 40
59 75
162 18
126 233
12 215
167 92
242 216
214 250
162 241
200 77
213 171
198 114
171 212
249 214
121 40
226 226
215 13
165 27
230 34
1 161
45 172
178 55
173 210
214 5
136 212
167 222
123 221
231 164
80 156
60 182
83 47
219 235
148 69
252 214
95 248
168 220
132 31
73 61
37 88
49 118
11 128
206 175
7 95
128 248
239 39
93 235
247 214
41 11
221 167
10 161
129 242
48 83
219 21
128 251
39 18
155 78
164 230
191 70
29 225
244 95
129 238
182 105
2 95
85 213
161 0
231 222
236 130
188 189
225 90
218 134
214 249
85 213
115 200
45 172
218 236
72 106
240 129
216 241
229 164
162 238
75 59
33 27
217 18
249 128
95 6
108 187
244 129
40 16
92 232
215 10
22 93
98 83
240 217
128 246
9 161
66 110
174 48
161 5
39 169
23 164
193 72
161 170
40 241
251 42
107 71
203 79
251 128
217 238
170 215
26 164
215 244
32 90
67 188
214 250
151 182
254 161
128 1
142 199
25 34
20 126
41 13
165 90
13 41
56 179
102 77
161 255
44 172
95 3
173 210
240 129
213 120
29 31
244 215
248 42
87 216
53 117
213 254
192 111
207 82
252 214
240 40
28 32
72 194
10 214
83 158
217 16
168 36
206 175
205 81
247 128
239 39
229 223
131 28
11 215
231 92
241 216
214 251
161 245
21 37
39 169
116 54
177 155
26 164
41 12
93 88
95 12
129 238
94 14
161 2
255 128
0 161
103 180
78 200
216 122
166 225
13 41
165 28
162 239
218 19
128 254
38 20
46 172
177 53
242 40
91 229
123 221
59 181
156 176
161 252
173 209
192 111
48 174
4 42
137 209
32 228
246 215
214 246
93 22
16 39
174 207
147 189
109 190
213 3
194 183
98 174
74 196
245 41
89 221
186 192
223 167
245 95
219 21
213 2
181 60
170 215
58 76
215 244
31 29
40 242
129 239
242 94
236 218
213 1
95 0
162 16
130 20
162 14
226 90
189 188
28 91
17 162
38 237
85 44
236 38
232 221
214 6
213 121
31 227
215 12
8 214
156 177
238 217
217 169
161 251
11 95
81 205
64 71
160 85
224 132
182 195
22 163
118 206
43 3
8 161
234 220
213 3
95 250
98 174
233 93
236 163
160 171
161 247
167 33
233 36
5 95
2 43
217 238
222 26
24 126
186 191
29 225
216 14
239 127
162 242
38 236
128 254
237 38
153 76
7 42
41 13
30 226
134 39
42 7
17 162
255 95
255 43
253 95
221 24
127 239
244 161
227 225
12 41
130 231
93 19
74 60
173 210
161 251
233 220
34 167
216 241
171 160
124 224
196 74
169 38
183 194
174 207
205 175
8 95
253 213
206 118
38 169
233 93
41 11
85 160
137 46
176 205
48 82
63 111
250 128
182 60
86 41
26 164
70 65
88 163
121 213
6 214
73 151
218 20
171 44
19 218
76 103
200 179
39 134
30 226
243 215
126 21
34 25
38 237
2 128
2 161
183 151
54 79
187 66
29 31
220 133
92 230
19 163
203 140
2 213
63 145
36 233
222 89
40 15
224 28
93 20
196 74
163 234
17 39
174 207
161 248
67 109
10 128
194 184
82 98
23 163
184 194
224 228
47 119
127 13
208 174
64 111
213 2
18 217
33 230
126 231
70 65
93 88
43 121
129 239
84 210
55 178
212 171
38 19
94 239
130 21
241 162
90 165
67 68
214 249
43 85
161 0
1 213
218 236
84 46
127 239
69 190
168 163
17 162
248 42
86 215
196 74
217 169
53 79
36 233
127 242
9 95
92 231
63 72
93 233
174 98
39 239
207 82
220 234
161 8
246 128
95 250
168 218
29 125
184 194
85 160
216 16
175 205
233 36
21 37
39 169
217 238
156 79
214 8
133 221
87 163
40 242
225 166
35 24
218 20
170 215
237 38
34 230
165 228
188 189
165 226
242 94
91 227
240 94
141 57
214 170
161 254
162 14
214 6
121 42
28 91
41 244
198 76
19 162
202 140
43 2
53 79
107 186
223 89
70 192
167 221
132 32
247 42
82 157
17 39
88 219
110 66
161 8
213 3
118 49
168 218
61 74
163 20
171 96
216 16
13 129
161 246
145 64
83 209
18 217
93 236
214 8
35 133
87 162
40 242
203 79
243 94
161 3
128 253
115 56
85 43
179 56
39 134
226 226
242 94
126 20
212 171
161 0
43 171
200 179
242 162
79 202
42 135
91 228
94 17
214 248
79 155
3 161
43 2
203 177
48 173
242 129
161 9
224 29
11 41
247 42
21 163
205 138
128 247
161 248
147 67
49 82
184 62
93 233
10 42
124 31
24 164
161 248
4 214
36 23
204 80
250 128
74 196
20 93
181 59
162 18
89 223
216 15
127 16
184 106
95 253
43 255
237 38
77 102
249 214
69 66
91 30
13 41
42 7
181 103
76 57
171 213
200 179
172 211
90 30
40 14
88 93
133 36
26 92
26 222
238 217
128 5
202 177
36 232
176 52
65 70
32 227
245 215
164 23
99 81
5 161
213 253
219 234
188 147
36 167
49 138
98 173
163 234
194 72
32 28
192 71
34 89
49 82
64 111
128 249
17 217
27 33
248 214
41 12
227 31
66 187
166 32
210 173
253 161
172 45
198 180
213 85
126 234
215 243
165 227
215 13
29 91
221 231
198 142
43 171
95 2
25 35
6 42
214 121
32 166
65 70
164 26
230 34
254 95
213 254
95 4
36 232
166 223
136 211
89 35
19 163
164 24
87 217
195 73
48 174
110 66
220 23
43 252
193 184
173 159
234 93
246 41
32 28
209 137
89 222
187 108
192 145
218 87
60 74
87 40
75 197
71 64
27 164
15 40
90 224
106 72
236 219
43 255
200 115
162 17
199 179
41 13
227 91
188 67
20 130
162 240
38 237
213 85
56 77
74 104
78 202
188 67
167 164
37 123
214 248
78 155
54 116
172 210
79 202
161 12
15 127
40 15
26 92
19 163
24 92
163 235
139 51
48 174
219 234
50 175
128 245
95 249
233 163
131 30
73 62
232 92
48 119
252 42
161 246
176 204
2 43
117 52
80 100
75 197
185 192
164 230
11 161
240 127
72 150
144 61
45 84
18 218
162 18
77 199
240 162
29 165
135 41
165 29
104 75
218 19
213 0
59 142
221 25
30 165
40 14
227 165
244 215
8 214
42 86
59 181
1 213
202 177
95 244
127 241
216 241
170 161
237 94
214 247
21 163
95 5
83 48
37 22
36 233
167 221
118 48
224 28
93 22
21 93
32 28
16 40
167 35
148 187
176 204
213 2
61 74
156 80
131 26
123 34
164 230
95 11
32 90
221 232
178 202
252 128
115 55
154 77
42 249
13 215
91 29
13 162
227 165
221 231
218 19
0 128
77 200
84 45
201 178
67 68
31 226
66 69
92 229
222 230
217 18
45 172
62 144
161 12
5 42
65 70
89 34
192 185
75 59
93 21
39 239
83 48
161 249
247 161
35 167
40 16
159 83
226 132
124 30
159 172
72 63
221 167
10 161
234 219
43 254
95 251
99 175
92 24
64 185
222 167
212 136
5 214
150 184
54 177
45 84
116 55
26 34
199 180
41 12
226 31
14 40
19 129
162 241
161 1
43 0
179 56
104 181
250 214
14 216
89 92
215 12
23 130
26 222
2 161
255 43
235 37
95 244
42 251
15 216
167 222
19 162
131 230
163 235
61 183
83 48
80 204
247 161
214 4
240 40
32 228
163 235
30 132
88 219
7 161
245 127
23 220
65 110
213 3
39 17
39 169
181 59
123 34
161 170
246 95
80 52
209 173
219 21
255 213
201 116
222 26
214 8
16 94
92 89
68 67
6 214
162 241
38 236
0 213
179 57
162 15
78 201
242 40
167 164
215 13
199 77
94 18
55 115
87 216
62 144
83 47
129 15
120 44
164 26
19 162
247 42
229 33
52 117
218 168
204 176
207 82
4 42
216 240
24 92
246 215
215 246
37 88
119 208
206 81
95 9
161 7
83 208
51 139
93 235
24 164
41 11
164 230
120 211
5 214
35 24
21 37
255 213
181 59
34 230
164 229
94 240
31 30
188 189
19 129
94 15
59 114
213 171
1 161
75 104
6 42
40 14
165 29
240 94
179 199
34 26
75 58
255 43
195 112
161 13
129 16
245 161
222 89
222 133
181 197
156 176
117 204
88 218
95 6
246 161
129 12
193 185
84 97
194 183
10 214
159 173
7 161
4 213
108 68
95 249
82 208
61 73
175 157
196 182
93 237
167 34
246 95
176 204
83 209
62 112
210 172
254 161
78 101
76 199
69 65
226 31
68 67
178 202
152 182
236 218
128 255
38 19
104 181
165 227
67 67
90 91
94 15
165 27
154 179
115 200
3 128
54 78
35 232
224 90
191 187
89 34
215 11
26 131
100 80
139 52
218 168
204 176
82 49
34 167
137 208
168 220
132 31
125 29
159 173
184 193
89 221
188 109
7 95
219 88
17 217
169 217
125 229
245 41
26 164
246 95
33 90
95 12
161 4
216 87
39 18
162 18
126 233
133 219
31 30
214 135
91 226
15 162
95 254
43 85
58 142
221 25
201 178
40 13
165 29
94 15
126 22
179 102
115 200
3 128
201 178
106 184
203 177
11 95
31 227
185 64
42 9
176 100
117 204
254 43
95 6
69 108
12 127
192 185
164 24
215 10
73 61
93 23
72 63
252 43
95 9
80 51
82 208
39 17
33 229
182 60
63 184
35 89
40 241
223 166
232 36
177 202
43 254
95 254
155 78
130 24
244 41
31 30
244 95
129 238
45 84
143 59
86 42
38 19
75 103
29 165
134 216
90 31
134 38
7 214
26 222
198 76
3 128
55 78
150 72
53 79
241 40
223 89
94 18
231 164
80 156
161 252
209 83
95 6
108 187
252 214
209 119
228 224
194 184
163 22
93 23
138 49
253 43
220 234
175 205
174 48
205 118
87 39
247 214
63 184
35 89
210 136
129 242
185 107
53 177
172 46
75 197
215 86
130 24
41 12
93 88
95 12
30 90
14 162
56 179
0 213
0 95
44 171
20 126
67 188
30 91
241 94
7 214
85 213
1 161
255 43
161 253
72 106
5 42
213 120
31 227
186 64
231 164
156 176
53 117
43 2
235 37
174 207
214 4
185 64
232 164
225 132
195 74
163 234
184 194
207 82
220 234
175 205
128 9
17 217
217 87
42 247
41 11
231 92
241 216
223 167
233 36
21 37
213 2
3 95
155 79
24 126
41 12
29 225
40 242
129 238
162 242
178 200
86 42
19 218
240 162
214 7
134 216
225 90
122 217
179 200
213 171
38 237
215 170
236 38
151 73
6 42
120 43
165 27
18 162
231 164
229 33
53 117
250 128
219 235
161 11
252 214
161 9
224 28
31 124
93 234
93 22
16 39
246 128
8 161
66 109
88 37
138 206
33 229
23 163
41 11
161 171
9 161
52 176
220 233
53 177
128 5
238 39
222 26
26 164
70 65
228 91
121 214
202 79
151 183
236 218
85 212
199 180
16 94
249 214
215 243
30 226
217 134
249 42
222 231
141 56
2 128
60 143
210 84
214 6
242 40
27 91
94 18
92 231
170 40
3 161
217 169
111 64
245 161
222 89
71 192
88 36
132 32
74 61
88 218
217 17
36 88
234 36
220 22
43 253
118 50
158 82
74 196
63 184
160 171
40 241
33 89
149 186
79 53
254 213
95 253
19 93
8 42
215 244
163 168
12 161
177 202
183 105
143 60
2 128
38 19
222 25
91 28
68 67
30 30
41 243
21 130
76 153
95 1
255 43
161 253
151 73
166 225
121 43
27 91
191 186
8 214
222 230
238 217
128 250
251 95
161 11
4 42
192 185
224 28
236 93
214 247
33 27
50 118
49 174
161 248
234 220
3 43
250 161
163 22
125 228
41 11
167 35
241 216
129 243
220 233
111 193
210 173
196 182
155 79
25 126
220 123
163 168
69 66
166 31
105 73
78 55
41 170
141 199
231 222
126 235
217 122
91 30
189 188
77 56
103 76
0 161
255 43
201 178
84 46
129 17
12 95
165 28
239 94
92 230
34 26
39 238
250 128
111 63
11 95
214 4
46 137
28 32
63 72
233 163
174 98
138 50
128 247
95 8
248 161
128 10
184 62
33 229
23 163
236 163
85 160
71 64
167 34
82 208
235 219
43 254
18 217
19 93
248 214
17 94
90 223
244 95
6 214
46 84
218 20
213 1
1 95
103 180
179 56
39 134
226 91
217 134
249 42
43 85
237 218
86 214
2 161
24 35
166 225
244 161
31 227
215 12
232 126
19 163
74 60
210 83
21 219
233 220
33 167
64 71
96 171
132 32
214 247
229 33
161 250
128 9
8 161
175 206
213 3
72 194
22 93
125 227
224 124
160 171
9 161
205 81
23 220
64 111
47 83
39 18
20 93
42 248
244 41
163 169
121 213
203 79
151 183
201 78
44 85
95 255
34 231
7 42
68 67
30 90
189 188
42 7
103 76
57 115
128 1
95 2
162 14
214 6
42 135
88 93
123 220
26 92
94 19
60 181
5 128
193 111
208 83
5 42
192 186
85 95
193 184
163 23
229 33
6 161
37 88
219 234
36 234
88 36
240 39
228 223
227 131
41 10
164 232
248 95
4 214
95 10
192 145
6 128
95 252
156 80
231 92
64 186
91 27
95 11
251 42
183 105
61 113
212 172
200 115
17 94
56 77
215 243
30 226
215 13
236 126
103 76
237 218
213 0
254 95
74 105
250 214
68 189
227 225
215 12
232 126
170 41
116 202
84 46
144 193
83 48
89 33
46 136
29 32
184 63
60 182
82 157
6 161
174 208
66 146
9 95
168 220
39 16
218 88
73 195
93 235
96 84
64 185
167 34
161 246
145 64
128 250
182 60
163 20
164 231
41 12
162 169
245 95
42 5
232 35
236 218
253 128
141 200
85 43
77 200
41 13
31 90
67 68
227 165
16 162
198 142
255 128
197 113
221 25
129 18
135 214
28 91
12 41
232 126
101 78
3 161
84 46
79 202
173 208
127 242
15 216
164 25
41 245
247 42
163 235
183 195
253 43
175 51
233 220
3 43
138 207
228 223
93 22
124 31
172 96
64 185
244 127
174 49
176 204
254 213
17 217
27 33
125 231
185 192
229 92
161 245
203 79
95 13
38 236
253 128
141 200
43 171
165 228
13 215
166 91
68 189
227 165
34 25
95 0
85 43
2 161
25 35
129 18
95 244
89 92
12 41
214 248
26 222
116 202
216 169
63 144
107 185
251 214
95 246
221 89
223 132
229 125
39 87
161 251
82 48
146 190
9 95
213 4
138 207
173 159
73 195
194 73
220 168
137 47
252 42
246 95
52 176
43 254
239 39
100 176
197 181
34 133
94 87
40 241
251 42
210 173
3 95
43 255
58 76
214 85
249 214
66 187
165 166
242 94
227 165
181 104
38 237
128 255
255 95
162 15
129 18
188 67
167 164
12 41
26 92
170 42
39 238
252 128
161 252
185 149
80 204
120 45
32 227
245 215
24 92
175 99
51 117
43 3
249 95
220 23
11 128
249 161
163 23
42 246
73 62
32 28
119 208
89 221
174 49
95 250
173 47
52 139
156 80
9 42
133 222
169 94
212 136
32 90
209 173
37 236
84 211
75 198
18 94
77 199
240 162
31 30
242 216
19 129
221 231
57 179
171 42
161 255
152 74
30 165
188 67
29 91
123 219
76 57
94 18
217 18
255 43
4 161
150 71
129 15
10 95
26 92
19 162
24 92
93 21
117 205
128 8
110 65
50 175
245 128
184 63
88 37
195 183
30 132
224 228
48 119
35 89
36 23
110 191
218 88
4 95
169 216
42 247
94 238
26 164
11 161
166 32
232 35
161 4
1 43
238 38
77 102
249 214
218 122
225 166
242 216
55 178
181 104
114 198
0 213
142 197
211 84
226 91
13 95
91 227
244 215
8 214
170 42
254 95
128 4
202 177
150 71
214 5
15 216
222 89
162 237
42 9
175 99
5 161
128 8
249 95
233 220
11 128
95 249
37 168
73 195
235 163
97 84
8 161
12 129
108 68
80 52
249 128
117 52
223 27
125 230
71 64
92 26
136 44
42 5
184 106
37 235
169 216
55 140
178 154
92 27
41 12
225 166
242 216
165 30
221 231
179 200
43 0
236 38
94 241
178 55
13 95
92 167
134 37
130 233
154 178
95 2
128 4
54 79
232 221
42 251
40 15
29 31
245 215
42 9
223 229
39 239
48 173
161 249
36 233
252 214
184 63
92 233
235 93
73 61
168 37
193 72
252 42
220 233
161 7
83 208
61 73
169 217
9 42
185 192
94 86
15 40
42 5
24 221
202 79
255 213
39 18
214 86
199 180
240 162
227 91
14 40
178 201
241 94
1 95
128 0
95 1
15 94
250 214
243 162
89 92
218 134
199 77
178 102
38 238
4 128
95 4
106 184
127 241
186 65
162 87
123 222
75 59
229 33
52 117
83 48
7 161
233 220
221 89
72 193
92 232
10 41
93 234
159 173
95 7
175 206
36 23
176 204
37 168
239 39
93 235
24 164
215 245
164 230
246 95
90 224
161 244
252 161
255 213
116 55
78 102
130 23
219 123
32 90
135 41
55 178
162 241
38 236
171 43
161 255
162 15
55 78
135 215
29 91
215 13
77 57
238 94
95 2
255 43
219 236
232 221
214 5
136 212
31 227
185 64
214 247
163 236
52 117
128 7
250 95
108 187
244 129
193 185
32 228
30 124
22 93
37 88
118 207
50 175
206 175
161 7
37 168
195 183
163 21
131 27
237 163
230 92
186 191
204 80
106 71
79 54
43 255
197 181
162 18
130 23
133 219
90 224
243 95
226 165
94 15
255 161
43 0
198 114
171 212
29 165
13 94
227 165
13 41
126 22
222 230
95 1
216 170
20 219
83 47
240 129
65 69
92 229
123 222
197 75
229 33
74 61
173 209
219 234
10 95
89 34
119 48
36 168
225 132
29 131
97 83
138 49
245 128
220 233
234 219
48 82
251 161
235 163
247 214
223 124
95 86
10 161
129 242
95 12
79 54
1 43
2 95
178 155
164 230
133 219
164 167
214 135
91 226
231 35
20 38
43 0
218 237
152 75
178 55
162 14
30 30
187 66
179 199
17 162
200 141
255 43
253 95
243 161
32 166
161 11
225 29
18 162
75 59
216 169
204 139
38 87
21 219
187 148
214 4
95 248
164 24
31 124
163 22
97 83
118 207
128 245
220 233
190 146
82 208
183 61
175 157
74 196
193 71
227 32
15 40
251 42
95 12
202 79
172 46
217 238
34 230
58 76
65 186
31 30
244 95
178 202
74 151
197 143
43 85
161 0
162 16
55 78
94 242
31 166
187 66
249 42
222 230
237 218
172 211
178 55
35 232
16 127
216 241
29 31
215 12
131 231
236 93
74 60
218 169
204 176
220 23
12 127
248 161
84 96
235 93
29 131
228 33
49 118
36 89
189 109
219 22
9 128
239 39
39 169
125 229
124 33
92 25
46 120
166 33
220 232
193 144
43 254
54 140
86 41
164 230
191 70
88 163
214 135
42 6
162 242
179 200
128 1
114 57
34 231
126 236
134 216
30 91
41 243
7 214
102 77
58 180
43 1
161 253
24 35
225 90
136 213
29 31
70 192
92 231
33 27
252 95
38 87
176 53
161 10
127 243
216 240
28 32
215 10
195 74
168 38
72 62
174 207
147 189
190 146
128 9
183 62
163 22
214 9
236 163
231 92
136 46
89 223
161 245
21 37
128 251
59 75
177 155
130 24
17 94
29 225
242 216
238 127
74 151
236 218
43 0
0 95
34 231
29 165
189 68
226 165
188 66
28 91
34 26
180 198
43 1
195 113
210 84
16 127
213 120
29 31
41 244
126 25
33 27
252 95
213 254
111 64
149 70
252 214
40 16
168 220
163 236
29 131
168 38
161 250
128 246
81 206
220 22
253 213
50 138
22 93
196 182
93 236
92 25
40 241
33 89
107 70
235 219
217 87
39 18
222 26
26 164
239 162
228 91
244 95
17 129
162 242
236 218
86 42
161 0
34 231
165 227
122 40
30 166
134 39
126 21
94 17
38 237
213 255
38 20
183 151
214 6
161 11
225 29
238 94
58 181
177 100
18 39
128 6
177 53
186 149
89 34
16 216
220 88
163 236
233 163
38 88
217 17
82 49
8 161
8 95
3 43
17 217
163 22
9 42
132 224
224 228
71 64
4 214
82 208
145 63
254 213
116 54
163 19
164 230
123 36
33 90
135 43
79 54
73 151
113 196
213 1
237 38
240 162
28 165
13 215
30 91
134 39
77 56
94 17
141 57
255 43
113 60
162 14
166 225
135 213
31 227
133 35
58 180
237 93
3 161
39 87
192 111
95 245
205 176
192 185
96 171
41 245
60 182
27 223
206 138
49 174
205 175
175 205
88 36
50 138
27 33
228 131
63 184
224 228
15 40
127 13
36 23
21 37
39 169
140 203
170 215
232 130
12 215
88 163
66 187
177 202
35 24
254 161
43 255
0 161
103 180
28 165
122 39
226 165
68 189
7 214
162 240
0 161
85 44
178 55
221 24
79 202
40 14
93 168
191 186
92 230
101 79
39 238
87 217
203 177
245 161
176 51
192 185
96 171
132 32
74 60
38 87
17 39
128 9
81 205
22 36
3 43
72 194
218 88
131 28
163 20
32 28
216 15
243 127
95 11
37 235
128 250
95 253
33 230
231 130
17 94
166 33
69 66
214 250
151 183
78 55
170 215
58 76
180 153
200 179
188 189
226 226
217 134
28 91
76 153
95 0
170 42
113 60
105 183
42 250
242 40
91 228
191 186
76 58
177 101
3 161
83 46
177 53
70 107
51 80
241 40
96 171
132 32
196 74
38 87
206 138
36 88
220 234
36 234
246 128
194 184
27 33
29 125
41 11
92 25
47 119
129 243
161 245
21 37
250 128
60 74
26 33
231 130
70 64
225 227
213 135
129 239
210 172
236 218
255 213
76 198
25 34
77 200
68 67
30 30
67 68
236 126
43 85
38 237
255 128
113 60
162 14
31 166
40 14
227 225
12 41
230 164
41 86
217 18
84 46
111 63
107 186
167 223
15 216
28 32
163 236
247 42
218 169
17 39
49 174
190 110
220 22
253 213
62 72
93 234
214 10
93 236
232 92
209 137
222 167
82 207
6 95
209 173
60 74
236 163
130 25
186 192
29 225
40 242
79 53
35 24
253 161
128 2
38 19
43 171
249 214
217 122
225 166
94 14
78 56
162 240
199 76
85 44
179 56
25 35
30 166
135 214
165 28
41 244
76 58
86 215
238 217
87 217
112 63
48 173
52 80
9 95
89 35
193 184
74 60
163 234
161 250
82 48
66 146
175 206
253 213
118 49
28 33
246 214
235 163
84 160
40 240
42 4
23 220
176 204
218 87
53 139
40 169
197 181
215 244
227 31
66 187
127 16
232 35
195 143
43 255
38 19
154 77
56 77
122 38
30 226
122 216
214 249
171 44
199 142
85 43
161 254
221 25
18 127
67 68
31 227
191 186
248 42
155 178
39 238
210 84
21 219
107 185
80 204
186 65
25 92
223 132
125 27
33 27
183 195
174 208
66 146
36 234
3 43
118 49
23 93
163 234
93 235
32 28
248 95
4 214
174 49
111 192
47 83
4 95
229 223
231 131
215 244
87 162
161 245
129 240
173 46
218 20
84 211
161 1
17 94
77 199
41 13
226 30
134 40
7 214
231 34
179 199
170 42
2 161
25 35
18 127
67 68
166 224
65 70
26 92
178 101
116 202
210 84
235 37
83 47
33 166
10 95
167 221
63 71
42 9
169 39
95 5
3 213
110 66
36 233
35 167
7 95
97 173
73 195
225 124
228 32
185 193
89 222
95 10
176 204
218 87
196 182
176 156
9 42
185 192
164 229
69 66
166 32
210 173
78 55
3 128
56 141
162 17
22 126
122 38
91 90
216 13
214 249
75 152
19 38
42 86
197 114
241 162
250 214
42 135
89 92
12 41
233 126
155 178
2 161
172 210
54 79
107 185
90 33
15 216
92 230
245 215
214 247
27 223
205 139
8 128
161 249
175 206
43 252
63 72
28 32
22 163
132 225
172 97
185 193
42 4
187 108
234 219
47 83
74 195
216 87
231 92
222 123
227 31
191 69
16 129
232 35
61 112
3 128
181 58
102 179
77 199
187 190
91 29
41 121
127 19
94 15
57 179
171 213
255 95
182 152
214 6
188 67
165 29
37 123
214 248
26 222
55 116
43 1
21 219
95 244
80 204
45 136
34 167
223 132
196 75
27 223
5 161
43 3
234 37
148 68
206 175
193 184
163 23
163 234
194 73
92 24
95 8
175 206
187 108
204 80
2 43
239 39
169 216
131 26
34 133
29 225
161 245
224 166
13 161
219 21
211 172
75 197
238 162
179 57
94 240
91 29
135 41
127 19
181 104
1 95
171 42
179 56
74 104
178 55
243 161
164 89
244 215
130 233
162 238
55 116
252 128
202 177
161 12
80 204
10 95
95 170
245 215
27 131
81 157
51 117
128 8
37 22
206 82
89 35
216 240
88 37
195 183
73 62
172 97
137 48
252 42
246 95
37 234
43 254
74 195
217 87
59 75
245 41
170 94
95 10
32 90
35 24
144 62
128 252
95 254
178 154
27 164
94 240
225 226
135 41
19 129
35 25
142 58
0 213
38 20
221 25
127 237
68 189
92 167
187 66
23 130
34 26
95 2
128 4
219 235
95 244
224 90
40 15
167 222
19 162
42 9
217 169
239 217
88 218
234 37
82 49
4 42
95 249
84 97
226 132
73 62
92 23
119 208
214 252
188 108
37 234
253 213
251 161
99 175
59 75
192 71
225 227
191 70
129 241
244 95
4 95
211 172
75 197
102 178
126 233
240 162
226 31
13 161
214 250
75 152
236 218
85 213
58 142
241 162
214 6
216 242
225 90
16 162
179 199
34 26
59 181
43 1
219 235
150 72
42 251
241 40
169 162
94 19
131 230
156 175
61 182
2 213
22 219
82 49
89 35
119 48
159 84
226 132
163 22
32 28
208 137
213 252
68 148
7 95
208 173
251 161
39 169
9 42
245 41
230 92
10 161
52 176
83 209
202 79
40 169
201 116
42 170
233 130
190 69
164 167
242 216
55 178
104 74
77 56
0 43
218 237
104 181
19 127
41 135
30 31
218 134
91 229
77 154
58 181
3 128
252 95
161 13
240 129
120 44
222 89
94 18
164 24
20 163
117 204
2 213
22 219
23 36
50 81
137 208
224 28
163 235
30 131
159 173
208 138
81 50
36 23
191 146
48 82
51 139
93 235
196 181
41 11
224 227
95 10
42 5
161 244
177 202
40 169
238 39
18 94
164 229
133 219
166 32
215 135
127 18
74 152
142 59
170 214
19 218
181 152
165 227
13 94
91 227
187 66
91 229
214 170
56 115
128 253
195 112
232 221
79 203
191 187
31 227
11 41
92 231
216 169
252 95
88 218
219 234
174 207
221 89
8 95
228 224
225 132
131 227
228 32
39 240
128 245
175 50
146 66
248 128
139 205
87 39
9 42
11 215
35 89
120 211
33 90
12 161
37 235
255 213
75 197
178 155
76 199
219 123
30 225
188 189
18 129
94 15
114 197
1 128
142 198
162 16
78 201
40 13
165 29
241 94
229 165
230 34
38 237
255 43
78 201
243 161
79 203
15 216
89 34
222 133
181 197
80 156
161 252
213 254
64 145
161 10
51 81
63 71
220 88
183 62
195 73
168 37
184 193
213 252
206 175
37 234
168 219
51 139
217 87
247 214
19 93
230 92
40 241
127 14
95 12
21 37
5 128
254 161
78 101
130 24
65 186
164 167
67 188
42 6
182 105
200 77
170 214
161 0
16 94
7 42
68 67
225 90
162 241
214 249
43 85
141 56
3 128
253 95
13 95
240 129
40 15
167 223
35 123
214 248
229 33
139 52
43 2
21 219
220 23
4 42
95 248
220 88
184 62
125 29
37 88
161 249
128 10
81 206
175 205
43 253
217 239
217 87
125 229
124 33
167 35
70 65
14 129
83 208
95 251
87 39
39 18
215 86
76 198
215 244
91 28
121 214
30 90
162 242
113 197
213 0
57 142
34 231
7 42
134 216
226 226
134 38
234 126
26 222
161 255
213 255
78 201
94 243
42 251
245 161
31 227
94 18
231 125
229 33
95 4
6 128
235 37
220 23
243 129
137 209
92 232
225 132
125 29
83 158
72 62
128 246
50 81
95 248
128 9
6 95
33 229
163 233
93 236
92 25
216 15
176 204
245 95
145 63
39 169
116 54
170 215
92 26
12 215
31 29
188 190
129 238
45 84
236 218
255 128
180 57
180 153
200 178
188 189
166 165
188 66
228 165
179 103
255 95
213 255
236 38
73 105
79 203
11 95
87 94
35 123
231 164
176 100
139 53
218 169
145 192
48 174
4 42
71 192
96 171
20 163
61 182
229 33
240 217
128 10
248 95
22 36
3 43
250 161
27 33
9 42
93 236
231 92
241 216
89 223
186 107
37 235
43 254
202 116
79 101
76 198
70 65
93 88
121 214
250 42
105 73
38 236
212 171
218 237
222 25
130 20
40 134
226 226
67 68
126 21
153 180
115 200
212 85
60 143
243 162
17 127
66 69
227 225
215 12
8 214
100 79
182 196
39 87
64 145
23 36
4 42
240 40
168 220
62 72
195 74
98 82
6 161
43 3
161 248
190 147
168 220
50 138
98 174
74 196
11 215
92 25
192 71
127 14
208 174
21 37
213 2
18 217
79 101
126 232
12 215
90 223
187 190
214 250
94 14
38 236
170 214
76 199
16 94
7 42
13 215
30 91
189 188
214 249
17 162
161 255
44 171
113 60
151 73
31 166
14 216
88 93
35 123
180 198
177 100
238 217
250 128
161 251
107 186
13 127
210 119
171 160
124 224
233 163
234 93
118 206
174 207
220 234
51 175
36 168
6 95
229 223
93 23
184 193
89 221
46 119
42 4
220 233
79 53
6 128
203 116
230 222
24 126
186 191
27 165
187 190
177 202
84 210
201 78
213 1
199 115
16 94
179 56
14 94
226 226
41 243
42 7
222 231
19 38
128 254
95 2
24 35
42 250
135 213
93 168
239 94
26 92
155 177
3 161
128 6
5 161
11 95
214 4
40 15
167 221
93 20
131 228
22 163
206 138
168 36
147 189
220 22
168 220
118 50
22 93
74 195
93 236
85 160
71 64
89 222
233 36
177 203
173 47
60 74
230 223
231 92
12 215
227 31
95 12
31 90
210 172
201 78
41 170
161 1
94 239
249 214
39 134
90 226
215 13
165 28
153 180
38 237
212 85
236 38
24 35
54 79
121 43
228 165
70 191
232 126
177 101
95 3
46 173
111 63
220 23
14 127
192 185
35 167
72 193
196 74
87 218
118 206
128 247
95 8
206 81
168 220
217 239
229 223
74 195
41 11
96 85
9 161
127 13
95 11
6 95
47 83
74 196
79 100
25 126
64 186
227 31
216 14
250 42
46 84
55 178
41 170
200 115
231 222
179 56
215 243
91 30
14 162
29 91
103 76
38 237
1 128
218 236
73 105
166 225
12 95
223 90
244 215
232 126
222 230
116 202
169 39
95 5
36 233
42 251
192 186
32 228
124 224
28 131
169 38
17 39
3 213
220 234
36 234
207 174
72 194
83 98
163 234
31 132
32 28
71 64
13 129
49 82
6 95
213 2
60 74
100 176
130 25
133 221
27 165
66 187
129 240
183 105
61 113
170 215
58 76
34 230
77 200
122 39
90 165
162 242
56 178
85 212
38 237
171 212
95 2
14 94
42 250
14 216
32 166
162 239
232 126
230 34
197 75
84 46
193 111
95 245
214 5
241 40
35 167
41 245
247 42
27 223
73 62
168 37
190 110
22 36
253 213
138 207
168 218
163 234
215 246
84 160
161 248
34 89
161 246
37 235
87 38
4 95
176 156
181 59
221 123
33 89
66 187
31 90
184 106
95 253
84 212
141 200
239 162
179 56
218 122
30 165
122 216
78 55
222 231
0 161
255 128
197 113
162 14
79 202
189 188
90 32
70 191
26 92
222 230
238 217
46 172
53 79
36 232
214 5
136 210
29 32
245 215
131 229
21 163
5 161
37 88
146 190
9 95
3 43
72 194
93 233
195 183
41 10
84 160
8 161
89 222
49 82
21 37
43 254
196 182
169 216
25 164
215 244
222 167
212 136
177 203
173 46
3 95
1 43
218 237
102 179
130 22
187 190
227 91
188 67
236 126
212 171
19 38
170 42
2 161
162 14
166 226
216 242
31 226
123 219
248 42
86 215
202 140
251 128
21 219
107 185
127 242
216 241
164 26
93 19
247 42
157 175
51 117
219 168
80 205
9 95
174 50
217 240
173 159
246 214
31 132
36 88
240 216
4 214
161 246
192 145
128 249
252 161
93 236
125 230
71 64
164 229
245 95
42 5
243 95
20 37
43 255
161 1
214 85
130 22
15 94
31 90
216 13
227 165
212 171
58 114
128 1
2 161
35 231
30 165
95 243
89 92
133 37
199 76
170 42
59 181
128 4
37 21
95 244
33 166
120 45
164 26
124 223
42 9
223 229
117 205
213 253
80 205
233 220
43 252
72 193
83 97
183 61
73 62
97 84
216 16
252 42
49 82
146 65
249 128
252 161
176 156
214 9
71 64
225 227
44 120
42 5
72 150
144 61
128 3
75 198
77 102
57 77
16 94
227 91
215 135
127 19
15 162
255 161
0 213
161 255
172 211
238 129
40 14
32 166
123 219
42 8
26 222
161 254
84 45
37 21
173 209
80 204
186 65
164 26
185 63
24 92
27 223
5 161
43 3
22 219
81 50
35 167
16 217
219 88
93 22
21 93
24 164
161 248
252 42
95 10
52 176
218 88
139 204
229 223
247 214
18 94
31 29
212 136
5 214
243 95
235 219
216 86
75 197
238 162
199 179
38 134
225 166
189 68
29 91
75 152
179 199
0 43
77 200
211 84
6 42
161 13
90 32
69 190
199 76
214 170
2 161
1 213
95 4
232 221
251 214
120 45
227 224
64 71
9 214
81 157
217 17
83 48
95 7
95 247
245 128
72 193
83 97
22 163
10 215
28 224
8 161
244 127
95 10
65 110
88 38
52 139
163 21
125 230
215 245
31 29
241 216
214 251
161 244
194 144
252 128
161 2
170 214
214 8
12 215
92 89
68 67
6 214
94 15
200 77
128 0
1 161
152 75
178 55
188 67
227 165
16 162
164 27
170 42
201 140
169 40
112 62
244 161
127 241
241 40
89 34
64 71
42 9
21 163
117 204
218 168
176 52
233 220
175 50
184 63
23 92
21 163
41 10
168 37
208 137
127 11
247 95
249 161
8 128
139 204
21 93
125 230
123 34
225 227
10 161
90 224
161 244
62 112
213 1
254 161
162 18
23 126
16 94
90 224
121 215
30 91
221 231
114 197
213 85
77 199
152 75
55 78
94 243
227 165
122 218
130 233
222 230
38 238
40 87
202 177
47 173
241 129
15 216
87 94
162 237
247 42
21 163
161 251
7 128
146 191
148 68
214 4
193 184
164 24
62 73
41 10
32 28
249 95
167 35
233 36
234 219
173 48
95 251
93 235
24 164
19 94
164 230
136 45
5 214
232 35
252 161
255 213
161 2
170 214
57 76
16 94
224 166
67 188
165 30
211 172
38 236
0 128
237 38
212 85
55 78
242 40
164 89
16 162
179 199
222 230
38 238
1 213
219 236
24 35
166 224
65 70
31 227
64 71
247 42
236 93
4 161
88 218
219 234
36 233
175 50
137 208
232 164
246 215
73 61
219 168
72 63
11 128
175 50
7 95
219 88
5 95
21 93
27 125
215 245
92 26
15 40
129 241
47 83
79 54
128 252
39 18
162 18
180 57
123 37
224 166
67 188
18 129
241 94
20 38
171 214
57 77
15 94
250 214
242 40
227 165
241 94
199 77
86 214
237 218
84 45
95 3
47 173
32 166
136 212
164 27
133 34
75 59
80 156
182 195
7 128
191 111
207 82
221 89
95 248
24 92
93 21
93 234
83 159
240 217
221 167
81 206
110 190
82 208
95 251
175 157
182 60
163 19
35 89
15 40
127 14
24 220
37 235
169 216
95 254
238 162
214 8
94 240
166 32
214 135
202 78
35 25
20 38
42 170
218 237
181 152
91 29
13 216
91 227
162 241
7 214
179 102
115 200
41 86
201 178
210 83
127 240
136 212
92 229
162 238
231 164
27 223
52 117
209 83
111 64
108 187
167 222
47 137
92 232
124 225
10 214
37 88
39 240
206 82
161 247
66 110
8 128
73 195
157 81
9 42
237 163
224 227
241 216
5 214
95 12
219 21
210 172
54 140
34 230
214 8
239 162
228 91
189 68
238 127
14 162
59 113
86 42
0 161
44 171
214 7
134 216
29 91
190 187
179 199
222 230
76 58
1 213
38 20
24 35
251 214
241 40
227 225
41 244
248 42
156 176
252 95
169 38
192 111
233 220
214 4
216 240
32 228
93 21
246 42
158 173
16 39
220 167
109 67
205 81
88 37
161 5
157 81
214 9
193 72
221 167
95 10
223 166
48 83
63 112
2 43
140 202
177 155
76 198
36 133
88 163
188 189
226 166
151 182
59 113
170 214
199 114
212 85
249 214
162 14
226 165
15 162
200 77
213 171
1 161
128 3
38 20
106 184
5 42
43 136
33 167
215 12
59 181
236 93
203 139
43 2
64 145
23 36
252 214
161 8
172 160
132 31
61 183
158 173
7 161
253 43
147 189
146 66
3 43
6 95
39 169
131 28
93 236
28 224
136 46
80 52
48 83
219 21
2 43
59 75
222 26
248 214
94 239
227 31
190 68
202 79
45 84
218 20
43 0
95 0
171 212
7 42
67 188
91 166
241 94
77 56
85 213
237 218
215 170
236 38
13 94
240 129
66 69
89 33
123 221
130 231
27 223
74 60
218 169
219 235
246 161
127 243
16 216
171 160
41 246
93 234
98 83
217 16
128 10
189 109
8 95
3 43
118 50
223 27
228 131
72 63
221 167
210 137
80 52
11 161
37 235
251 128
202 116
162 19
76 198
123 36
31 29
244 95
42 6
94 14
254 161
86 42
161 0
180 153
56 77
242 162
166 165
188 67
179 200
94 17
180 198
43 1
253 95
151 73
239 129
242 40
27 91
65 70
8 214
216 170
161 253
213 254
111 64
107 186
175 51
95 247
164 25
245 215
61 182
98 82
95 6
49 174
109 67
66 109
247 128
95 250
27 33
125 228
224 124
231 92
247 95
42 5
11 161
145 63
254 213
238 39
19 93
76 198
133 220
90 223
69 66
31 90
105 73
95 254
44 85
218 237
153 76
42 249
243 41
30 30
39 122
21 130
153 180
115 199
128 254
218 236
151 73
166 225
14 216
165 27
244 215
231 164
230 33
3 161
128 250
203 177
70 107
205 175
95 247
171 160
20 163
163 23
27 223
161 250
36 88
22 220
67 109
220 88
194 183
33 229
247 214
32 132
164 231
40 241
222 167
48 82
79 53
250 128
116 53
41 170
248 214
244 41
165 229
14 40
42 6
94 14
113 196
43 255
218 237
16 94
249 214
217 122
91 165
68 189
7 214
231 34
199 141
43 1
236 38
162 14
177 54
40 14
227 225
186 65
76 58
86 215
39 238
39 87
111 63
107 186
51 80
185 64
167 221
224 132
60 182
169 38
239 217
88 220
234 36
147 67
3 43
161 6
33 229
214 9
20 93
164 231
40 241
89 222
11 161
219 21
128 6
95 253
26 33
8 42
162 17
31 29
244 95
177 202
73 151
113 196
1 43
141 199
239 162
21 126
13 215
30 165
41 243
249 42
76 153
0 95
212 85
236 38
242 162
166 225
242 40
91 228
215 12
230 164
222 230
238 217
173 210
145 193
174 208
33 167
15 216
85 96
236 93
163 23
33 27
17 39
253 43
161 248
175 206
168 220
95 250
163 22
29 125
32 132
28 224
216 16
205 81
233 36
251 161
128 250
60 74
177 156
231 92
215 244
165 229
69 66
166 31
94 13
38 236
171 44
19 218
153 76
21 126
67 188
30 90
216 134
179 200
103 76
199 76
85 44
178 56
45 172
214 6
190 187
228 165
191 186
164 26
177 101
238 217
46 172
95 5
48 173
242 129
216 241
228 224
41 245
125 28
38 87
217 17
128 9
36 22
206 81
253 213
95 250
223 28
234 93
184 194
92 24
137 47
252 42
69 148
250 161
128 250
95 252
163 20
214 8
244 41
94 87
40 242
251 42
13 162
178 201
43 255
200 115
153 77
214 7
94 241
165 166
216 134
200 78
153 180
161 0
1 128
236 38
35 231
54 79
214 121
227 225
244 215
24 130
155 177
253 95
128 251
111 63
83 48
127 242
70 192
161 85
184 63
28 131
157 174
39 239
88 219
175 51
36 234
128 10
118 49
28 33
246 214
246 41
36 88
47 119
4 214
187 108
111 192
43 254
203 117
33 229
25 125
133 221
225 227
40 241
31 90
162 243
78 55
44 84
56 141
43 171
249 214
38 134
31 90
189 188
178 201
153 180
76 57
85 43
95 2
74 105
202 177
244 161
28 91
41 244
230 164
41 86
116 202
128 5
219 235
83 48
33 166
70 191
32 227
245 215
164 23
175 99
195 73
37 88
51 81
206 81
89 36
49 138
37 168
195 183
215 246
28 224
216 16
51 175
49 82
192 145
128 249
161 4
223 27
125 231
123 35
94 87
187 190
224 166
161 243
178 201
128 3
115 56
77 102
249 214
66 187
225 166
94 14
20 130
181 103
142 58
213 85
95 2
182 151
6 42
244 161
31 226
17 162
233 126
18 162
238 217
87 216
193 112
36 232
214 5
95 246
86 95
41 245
232 164
157 175
95 5
88 219
161 249
188 147
174 50
63 72
228 224
183 61
21 93
36 88
47 119
51 175
246 95
204 80
87 38
39 17
156 80
125 230
71 64
94 87
187 190
224 166
13 161
78 55
128 3
56 141
179 154
229 91
187 190
165 227
121 216
130 236
240 94
57 179
1 128
200 179
94 241
178 54
216 242
32 166
187 65
164 26
94 18
161 254
172 210
79 202
185 149
14 127
40 15
230 164
11 41
164 24
235 93
117 205
37 88
37 22
206 81
4 43
118 49
97 173
214 10
163 21
84 159
40 240
175 206
23 220
145 65
209 173
52 139
236 163
25 164
123 34
169 94
65 187
177 203
35 24
178 202
216 86
255 161
239 162
27 165
16 94
226 226
41 121
19 129
231 35
142 58
171 42
142 197
211 84
129 18
68 189
228 165
219 133
248 42
170 42
59 181
213 255
161 252
71 106
127 241
95 246
32 227
215 11
60 181
163 235
117 205
43 3
191 110
206 81
206 175
138 208
168 219
246 214
194 73
224 228
161 248
4 214
10 161
191 146
43 254
195 182
87 40
9 42
238 162
89 222
241 216
176 203
184 106
219 20
45 84
115 55
42 170
199 179
69 66
167 92
40 242
6 214
181 104
237 218
213 0
179 56
231 221
201 178
135 215
165 29
187 66
233 126
222 230
140 55
45 172
37 21
161 12
15 127
191 186
29 32
237 94
9 214
33 27
61 183
128 8
52 80
188 148
128 11
40 16
233 163
30 124
194 73
172 97
8 161
214 252
246 95
176 204
83 208
61 74
87 39
181 59
222 123
34 89
212 136
224 166
244 95
202 79
128 252
2 95
230 222
229 92
16 94
225 226
216 14
6 214
172 44
77 56
213 171
200 179
172 211
91 30
242 40
227 165
162 240
248 42
102 78
217 18
255 43
202 177
232 221
90 32
65 70
162 86
185 64
164 24
157 175
204 139
3 213
52 80
174 207
35 167
249 161
23 92
10 41
93 235
224 228
193 72
245 127
148 188
95 249
43 253
17 217
27 33
232 92
123 34
92 26
136 45
251 42
71 150
37 235
4 128
39 18
162 18
27 164
16 94
90 224
161 243
201 78
35 25
114 197
0 213
1 161
152 75
178 55
94 243
225 30
37 122
126 23
34 26
18 39
213 255
202 177
95 244
53 80
161 10
89 34
133 34
247 42
169 39
161 251
168 38
176 52
246 161
206 175
95 248
97 172
183 62
41 10
37 88
161 249
167 35
206 174
146 65
8 128
239 39
27 33
9 42
185 192
164 230
15 40
80 52
232 35
194 144
45 84
55 140
86 42
126 233
94 240
226 31
67 188
237 127
241 94
161 1
43 0
218 237
181 152
227 91
216 242
31 226
162 240
234 126
34 26
55 115
253 128
112 62
13 95
214 5
70 191
169 162
215 11
125 26
93 20
217 17
38 88
146 191
207 82
89 35
216 240
88 37
215 10
214 246
37 88
72 63
11 128
175 50
65 110
248 128
205 117
21 93
24 164
19 93
222 167
191 70
5 214
161 244
235 219
84 211
217 238
170 214
57 76
65 187
32 90
40 242
214 250
15 162
236 218
213 0
198 114
44 171
129 19
67 67
226 226
94 16
165 27
162 239
58 181
128 3
20 219
232 221
129 16
95 245
94 169
18 162
59 181
100 80
161 252
249 128
80 204
108 187
50 81
240 40
172 159
31 124
227 125
93 23
7 161
213 252
36 23
37 234
43 253
183 61
163 21
182 60
63 185
167 35
246 95
127 15
95 12
235 219
128 4
95 254
94 238
199 180
240 162
28 165
68 67
178 202
45 84
197 142
128 255
57 77
162 16
91 29
243 40
30 226
162 241
249 42
162 239
198 76
128 3
219 236
210 83
240 129
136 212
27 92
192 185
214 247
87 216
39 239
128 7
64 145
82 49
89 34
95 248
172 160
93 21
125 29
163 233
49 118
35 89
206 175
176 205
128 248
139 205
81 99
229 131
185 193
35 89
70 65
127 14
173 47
219 21
210 172
140 202
170 215
164 230
65 186
228 91
244 95
127 18
182 105
20 38
213 171
114 58
103 181
42 249
242 162
30 226
38 122
130 234
17 162
198 76
253 128
218 236
150 72
214 5
190 187
225 29
35 123
125 25
40 87
117 204
128 249
145 192
82 49
12 127
216 240
32 228
10 41
29 131
83 158
118 207
213 253
67 147
51 175
88 37
95 251
21 93
229 131
19 93
231 92
120 210
166 33
107 71
251 161
39 169
161 3
155 79
214 8
244 41
165 228
12 161
129 238
14 162
197 143
170 214
57 142
34 231
91 29
122 40
30 91
218 134
179 200
230 34
161 255
172 212
95 3
35 232
251 214
44 136
94 169
215 12
231 164
100 80
4 161
38 87
111 64
10 95
51 81
216 240
32 228
132 31
10 214
28 223
118 207
88 220
220 234
146 66
219 88
138 206
22 93
60 74
20 93
167 35
186 192
89 223
36 23
37 235
217 87
202 116
170 215
92 26
215 244
225 227
95 12
177 202
151 182
179 200
128 255
19 218
240 162
236 130
13 215
165 30
94 15
42 7
162 239
180 198
255 43
178 55
210 84
79 203
43 136
91 229
162 238
25 92
223 229
203 139
47 173
145 192
233 220
4 42
240 40
171 160
132 31
214 246
228 33
240 217
207 82
220 234
205 81
3 43
39 17
38 169
42 247
124 32
228 32
46 119
89 223
208 173
251 161
84 210
75 196
34 230
232 130
94 239
165 228
216 14
129 239
232 35
143 60
44 85
57 76
43 171
42 249
243 41
226 90
241 94
235 126
153 180
95 1
41 86
236 38
105 183
42 250
66 69
229 165
12 41
42 8
100 79
74 60
83 47
219 235
149 70
222 89
16 216
228 224
32 124
214 246
229 33
206 138
253 43
206 175
36 234
82 207
138 206
38 169
74 196
124 32
171 96
216 15
5 214
11 161
219 21
83 210
18 217
177 155
26 164
186 191
166 33
43 121
214 250
162 242
55 178
42 170
57 76
25 34
249 214
134 217
165 30
188 67
200 77
213 171
76 58
254 128
38 20
46 172
54 79
12 95
29 31
17 162
231 126
237 93
60 182
43 2
203 177
149 70
214 4
185 64
32 228
11 41
214 247
22 163
95 6
82 49
109 67
234 220
253 213
194 183
234 163
74 196
72 63
228 32
216 15
243 127
107 70
161 5
83 210
203 116
155 79
232 130
244 41
166 33
216 14
129 239
35 24
196 143
212 171
38 19
171 213
56 77
94 242
226 91
215 13
91 228
222 231
237 218
85 44
78 201
35 232
214 6
213 121
227 225
70 191
26 92
237 93
95 3
254 43
145 193
174 208
89 34
64 71
85 96
132 32
214 247
158 174
138 50
9 128
220 234
234 220
253 213
138 206
27 33
131 28
245 41
167 36
95 9
167 34
82 208
21 37
6 128
161 3
177 156
130 25
123 35
31 29
12 161
177 202
73 151
236 218
213 1
180 58
85 43
165 228
13 215
30 30
14 162
28 91
25 222
161 0
128 2
113 60
242 162
214 6
69 190
166 223
191 186
164 26
101 79
196 74
46 173
251 95
70 107
5 42
64 71
164 25
11 41
247 42
169 38
95 6
247 128
234 36
189 147
49 82
95 250
158 82
74 195
20 93
28 224
47 119
127 13
70 149
203 79
217 87
116 53
33 230
231 130
133 221
27 165
135 43
214 250
243 94
95 253
85 212
198 180
25 34
91 28
241 162
90 226
188 67
227 165
76 153
19 38
42 86
38 20
232 221
6 42
216 242
29 31
65 70
8 214
94 19
95 3
2 213
193 111
173 208
14 127
46 137
221 89
184 63
74 60
229 33
206 138
219 168
147 190
234 220
207 174
217 240
174 158
61 74
163 20
88 220
248 95
42 4
174 48
53 176
209 173
203 117
229 223
248 214
244 41
169 94
95 11
166 31
84 210
95 253
254 128
200 115
153 77
42 249
188 190
226 91
216 134
20 130
162 240
0 95
128 255
143 196
35 231
250 214
68 190
91 228
133 36
214 248
86 215
238 217
169 39
177 53
11 95
127 242
120 46
164 25
236 93
74 60
33 27
17 39
37 88
219 234
175 206
213 3
161 7
28 33
93 22
62 184
232 92
209 137
222 167
23 220
192 145
209 173
117 53
176 156
248 214
238 162
27 164
187 190
127 16
35 24
253 161
215 86
19 218
26 34
234 130
187 190
226 226
14 162
29 91
25 222
0 95
0 213
197 113
172 211
202 177
135 214
88 93
65 70
42 8
19 162
253 95
43 2
203 177
149 71
42 251
210 120
231 164
63 72
196 74
235 93
251 95
3 213
161 249
95 247
82 207
249 161
37 168
214 10
132 225
172 96
71 64
252 42
220 233
64 111
209 173
4 95
87 40
231 131
123 35
164 229
44 120
127 16
24 221
236 218
3 128
218 237
85 43
130 22
38 134
225 166
215 13
201 78
34 25
38 237
43 171
20 218
242 162
226 90
68 189
91 228
133 37
26 92
170 41
2 161
128 5
95 4
24 36
33 166
246 161
35 167
11 41
214 247
175 99
183 195
88 219
249 95
68 109
128 11
193 184
28 32
73 195
246 41
84 160
137 47
252 42
233 36
95 250
254 213
196 182
100 176
197 181
123 34
229 92
44 120
129 240
13 161
253 161
211 172
56 141
179 154
7 42
15 94
91 90
189 188
29 91
85 212
142 58
43 0
2 161
84 45
250 214
216 242
225 30
70 191
214 248
101 78
202 140
4 128
194 112
107 185
214 5
186 65
92 230
11 41
229 125
235 93
239 217
219 168
249 95
220 23
81 206
95 249
173 159
22 163
41 10
164 232
8 161
244 127
174 49
176 204
47 83
61 74
156 80
42 247
34 133
222 167
95 11
5 214
13 161
219 20
43 255
181 58
230 222
91 27
41 13
227 91
121 216
29 91
152 181
19 38
214 170
95 1
84 45
18 127
40 14
28 91
12 41
130 233
94 18
161 254
172 211
4 161
47 173
166 223
40 15
167 222
132 33
181 196
87 217
239 217
253 43
191 110
247 161
245 128
161 7
88 37
61 73
226 124
84 159
193 71
175 206
161 246
250 161
83 209
139 204
20 93
24 164
222 123
26 164
40 241
90 224
209 173
144 61
3 128
58 75
179 154
77 199
215 243
30 225
188 189
129 237
212 171
255 161
42 85
1 161
74 104
129 19
14 216
167 164
215 12
248 42
26 222
254 95
87 216
194 112
244 161
42 251
45 136
167 222
33 124
229 125
223 229
73 61
128 8
219 234
36 233
35 167
161 7
159 83
93 22
93 235
84 159
184 193
252 42
36 23
52 176
249 128
17 217
163 21
214 9
34 133
225 227
15 40
224 166
35 24
161 4
84 211
115 55
94 238
42 248
94 240
166 31
94 13
250 42
15 162
161 1
213 171
77 200
231 221
91 30
68 189
30 31
240 94
214 248
86 214
18 39
87 216
37 21
71 106
166 224
95 246
86 94
123 222
181 197
27 223
95 5
173 208
204 176
68 108
129 11
119 48
233 164
41 246
246 41
172 97
240 216
50 175
233 36
249 161
43 253
39 17
99 175
247 214
185 192
170 94
70 65
127 15
106 71
177 202
43 255
181 59
86 42
57 76
244 41
92 89
243 95
129 237
94 15
77 56
43 171
19 218
221 25
178 55
215 121
31 166
122 219
214 248
26 222
181 197
216 169
62 144
35 232
80 203
161 10
162 87
215 11
247 42
229 33
5 161
128 7
65 146
233 220
81 206
216 240
88 37
41 246
195 73
97 83
119 208
245 128
148 188
234 219
208 173
61 73
235 163
59 75
222 124
170 95
161 246
176 204
95 12
21 37
1 43
18 217
170 214
76 199
66 187
226 31
189 68
201 78
15 162
20 38
0 43
198 114
181 152
42 250
68 189
30 31
134 38
126 22
162 238
18 38
213 255
252 95
24 35
90 32
191 186
26 92
133 34
125 26
40 87
239 217
47 173
52 80
49 174
252 214
216 240
97 172
62 73
30 131
224 228
161 249
50 175
233 36
191 146
88 37
139 205
175 157
196 181
193 71
32 29
45 120
223 166
35 24
95 252
252 128
161 2
86 42
92 27
37 133
164 167
68 67
127 18
231 35
20 38
43 0
1 161
94 241
29 165
216 242
165 90
243 215
77 57
179 102
19 38
40 86
236 37
221 24
53 79
191 187
31 227
192 185
164 25
93 20
74 61
38 88
234 37
174 207
214 4
185 63
28 32
225 132
61 183
219 168
63 184
81 50
109 68
146 66
43 253
161 5
229 223
214 9
63 185
26 164
65 186
80 52
161 244
21 37
43 255
238 39
34 230
8 42
244 41
164 167
214 135
178 202
221 231
218 20
255 128
198 114
181 152
130 20
121 40
226 30
122 218
126 22
214 171
218 19
86 215
20 219
72 106
177 53
40 15
34 167
192 185
59 181
33 27
17 39
254 43
204 176
49 174
205 175
161 8
96 172
183 62
234 163
32 28
63 184
252 43
206 175
234 219
213 3
39 17
39 169
164 232
223 124
164 230
161 246
166 33
36 24
63 112
2 43
116 54
94 238
126 233
65 186
164 167
135 42
226 166
45 84
143 59
43 0
199 179
240 162
236 130
134 216
91 166
134 38
165 28
230 34
218 19
128 253
236 38
72 106
224 90
216 241
222 89
94 18
75 59
229 33
39 239
7 128
111 64
148 69
222 89
16 216
36 168
215 10
214 246
173 98
39 240
82 49
67 147
66 110
3 43
239 39
33 229
131 27
19 93
167 35
246 95
127 14
220 232
5 95
169 217
181 59
19 94
76 198
186 191
225 227
216 14
202 79
231 35
20 38
213 0
76 199
94 240
214 7
188 189
225 90
243 215
77 56
85 213
161 255
41 86
143 195
72 106
214 5
212 120
31 227
133 35
214 248
169 40
217 18
2 213
80 204
10 95
13 127
95 248
84 96
93 21
183 195
88 218
249 95
128 10
147 189
234 219
82 208
51 138
93 234
131 28
41 11
227 32
40 241
223 167
36 23
251 161
5 128
59 75
79 101
230 92
220 123
165 228
216 14
177 202
182 105
95 254
0 43
76 199
222 25
130 20
67 188
226 165
134 39
77 56
239 94
255 95
254 128
55 78
243 162
127 240
43 136
29 31
244 215
181 197
170 40
60 182
128 250
161 250
161 10
34 167
8 95
32 228
215 10
29 131
98 83
207 138
220 168
147 189
37 234
174 49
73 194
223 27
28 125
245 41
28 224
192 70
204 80
233 36
219 21
84 210
60 75
101 177
130 24
244 41
228 91
190 69
225 166
232 35
236 218
213 0
57 76
103 180
20 126
40 134
30 91
215 13
214 249
213 171
95 1
171 212
55 78
105 183
6 42
242 40
168 163
238 94
25 130
156 177
60 182
2 213
176 53
82 48
4 42
16 216
88 36
215 11
195 74
168 38
72 62
246 128
175 50
147 66
9 128
50 138
38 169
23 163
93 236
85 160
15 40
5 214
36 23
111 193
5 128
60 74
177 155
230 92
12 215
90 223
12 161
177 202
183 105
2 95
44 85
0 161
25 34
7 42
13 215
30 30
134 39
228 165
231 34
115 199
170 41
38 20
14 94
166 225
190 187
166 223
221 133
198 76
26 223
217 18
173 209
95 5
95 245
4 42
9 95
92 231
236 93
131 228
38 88
138 50
128 246
67 147
234 220
168 220
50 138
174 158
214 9
245 41
25 164
15 40
129 243
48 82
193 145
217 87
238 39
163 19
92 26
191 70
28 165
213 135
129 239
105 73
38 236
86 41
161 0
25 34
179 56
162 14
30 91
188 67
228 165
25 222
0 95
212 85
196 113
94 242
250 214
69 190
88 93
239 94
230 164
230 34
18 39
210 83
37 21
82 48
13 127
9 95
85 96
32 124
163 23
93 22
161 250
253 43
161 248
8 95
82 207
138 206
22 93
228 131
32 132
160 171
185 192
51 175
149 186
5 95
210 173
53 140
101 177
164 231
70 65
93 88
66 187
166 31
242 94
143 60
255 213
198 180
25 34
126 235
94 241
91 90
217 134
130 235
25 222
199 141
85 44
113 60
151 73
42 250
190 187
168 163
186 65
8 214
79 155
3 161
169 39
235 37
174 208
214 4
210 119
224 28
193 184
93 233
22 163
50 118
43 3
220 234
175 206
128 246
161 6
22 93
182 61
194 72
36 88
64 185
205 81
149 186
235 219
217 87
182 60
216 86
75 198
94 238
165 229
245 95
90 225
151 183
201 78
1 43
19 218
94 239
200 179
41 13
165 226
134 40
214 249
162 240
76 57
86 214
143 196
211 84
42 250
66 69
90 33
94 17
92 230
79 155
217 18
213 254
219 235
233 220
167 223
137 210
92 231
224 132
131 228
169 38
138 50
168 37
81 205
22 36
220 88
62 72
82 98
61 74
215 246
224 228
9 161
13 129
23 220
37 235
173 47
95 252
27 33
181 59
70 64
169 94
190 69
214 251
46 84
113 195
171 44
38 19
17 94
77 200
66 188
166 91
67 68
214 249
180 103
95 0
85 44
20 218
151 74
18 127
68 190
166 224
123 220
180 198
101 79
217 18
5 128
21 219
149 70
242 129
216 241
35 167
236 93
182 196
157 174
95 6
128 9
51 81
206 81
36 168
207 118
228 223
182 61
132 225
232 92
248 95
222 167
36 23
192 145
47 83
182 60
163 20
181 59
238 162
227 31
11 161
16 129
46 83
78 55
1 43
19 218
17 94
77 200
69 66
91 30
134 40
236 126
85 212
19 38
42 86
38 20
45 172
127 238
67 68
228 165
17 162
230 164
215 170
161 253
87 217
219 235
24 36
251 214
161 9
224 29
215 11
92 233
169 39
51 118
168 37
190 110
189 147
36 167
49 138
228 223
131 29
235 163
224 228
240 216
129 244
187 108
204 80
83 209
17 217
163 20
125 231
185 192
87 162
66 187
42 5
35 24
3 95
253 128
141 200
17 94
22 126
243 41
165 166
94 14
214 249
34 25
161 0
0 213
218 236
35 231
18 127
135 214
32 166
123 219
198 76
170 41
59 181
128 251
177 54
83 48
90 33
191 186
167 221
193 185
60 182
27 223
51 117
174 208
234 37
23 36
11 128
49 138
37 168
29 125
31 132
228 32
40 240
175 205
233 36
6 95
2 43
182 60
163 20
26 125
123 34
167 34
241 216
251 42
83 210
195 144
253 128
115 56
34 230
179 57
218 122
165 227
188 67
7 214
25 221
218 19
171 213
218 236
94 241
6 42
161 13
167 164
240 94
180 198
155 178
75 59
84 46
235 37
71 107
80 204
95 246
227 224
215 11
232 164
93 21
183 195
208 82
146 190
188 147
213 4
63 72
173 159
214 10
41 10
159 172
137 48
244 127
23 220
161 6
88 38
4 95
80 100
92 25
192 71
87 162
245 95
166 32
47 83
37 236
128 253
237 38
239 162
165 229
243 41
166 91
216 135
6 214
162 241
199 77
43 171
218 236
45 172
91 30
189 188
165 28
12 41
214 248
162 238
161 254
169 40
194 112
35 232
166 223
191 186
222 89
185 63
164 24
81 157
39 239
82 48
161 249
175 206
11 128
207 118
233 163
195 183
62 183
28 224
16 40
81 50
207 174
65 110
254 213
17 217
223 27
214 9
192 71
227 31
212 136
80 53
47 83
95 252
1 43
238 38
222 26
27 165
38 134
92 89
216 14
78 55
231 35
237 218
213 85
197 114
172 211
6 42
67 68
226 225
66 69
164 27
230 34
254 95
255 43
235 37
232 221
5 42
10 95
164 26
237 94
214 247
33 27
251 95
168 37
110 65
247 161
221 89
48 137
32 228
41 246
163 21
97 84
16 40
4 214
95 10
7 95
2 43
251 161
40 169
131 26
11 215
230 92
44 120
166 32
47 83
161 4
43 255
115 55
214 86
130 22
41 13
227 91
242 216
19 129
94 15
19 38
43 171
200 179
75 104
91 30
121 41
92 167
187 66
27 92
102 78
254 95
43 1
252 95
71 106
251 214
120 45
29 31
34 123
197 75
87 217
17 39
83 48
110 65
220 23
252 214
40 16
159 84
30 124
226 124
224 228
193 72
89 221
148 188
80 52
253 213
204 117
169 217
75 197
245 41
31 29
246 95
176 204
232 35
252 161
87 40
140 201
34 230
130 23
162 16
90 224
188 189
250 42
241 94
38 236
128 0
200 179
231 221
214 6
135 215
226 225
187 66
27 92
18 162
59 181
40 87
144 194
244 161
251 214
241 40
222 89
222 133
24 92
81 157
39 239
173 208
110 65
246 161
206 175
216 240
224 28
93 21
30 132
163 233
249 95
252 43
161 247
95 249
219 88
51 139
81 99
131 27
71 64
89 222
136 45
52 176
209 173
4 95
84 211
140 201
214 86
57 76
187 190
227 91
188 189
129 237
45 84
236 218
0 128
161 255
75 104
129 19
162 13
90 31
134 38
130 234
179 102
55 115
255 43
219 235
243 161
15 127
241 40
34 167
185 64
75 59
229 33
74 61
128 249
65 146
10 95
42 252
137 208
97 172
73 194
10 214
233 93
72 63
11 128
9 161
204 80
37 168
239 39
223 27
232 92
19 94
161 170
161 246
166 33
209 173
112 194
169 216
197 181
94 238
76 199
191 69
31 30
135 41
201 78
35 25
77 56
128 0
57 77
181 152
178 55
40 14
166 225
38 122
126 22
18 162
58 181
211 84
253 95
161 13
240 129
136 212
167 222
238 94
42 9
33 27
39 239
218 168
204 176
246 161
81 206
216 240
84 97
21 163
131 226
173 97
63 184
81 50
23 220
110 190
8 128
73 195
93 235
125 229
93 237
227 32
186 191
80 52
83 209
252 161
46 84
59 75
26 34
76 199
244 41
224 166
216 14
178 202
35 25
56 179
0 43
58 142
35 231
7 42
68 67
91 166
241 94
199 77
171 42
38 237
215 170
37 20
24 35
90 32
95 245
27 92
34 123
164 25
100 80
74 60
209 83
37 21
49 174
214 4
240 40
164 24
194 183
42 10
159 173
7 161
82 50
81 206
37 234
208 174
139 205
169 217
214 9
185 193
167 35
241 216
214 251
12 161
63 112
43 254
75 197
34 230
198 180
215 244
92 89
216 14
78 54
231 35
161 2
170 214
57 77
222 25
7 42
94 242
90 31
190 187
57 179
85 213
141 56
128 3
143 195
184 150
224 90
241 40
222 89
71 192
59 181
169 40
52 117
128 7
161 250
220 23
81 205
16 216
88 36
184 62
61 183
83 158
217 16
36 89
247 95
146 66
128 247
239 39
87 39
214 9
132 223
29 224
15 40
33 90
107 71
5 95
43 254
18 217
34 230
232 130
244 41
31 29
95 12
79 54
162 242
161 2
213 0
0 161
34 231
126 236
40 134
226 30
241 94
22 130
26 222
218 19
215 170
236 38
13 95
203 177
241 40
92 229
192 185
164 25
20 163
139 53
213 254
80 204
82 49
252 214
8 95
168 220
93 21
29 131
28 223
72 62
36 88
175 50
248 161
168 219
17 217
235 163
247 214
184 193
95 86
186 192
167 33
220 232
161 5
213 2
253 161
19 94
130 24
186 191
166 32
42 121
226 166
231 35
95 254
128 255
199 114
180 153
200 178
215 243
91 226
15 162
228 165
85 213
95 1
253 128
178 55
46 172
53 79
216 242
229 165
94 18
197 75
216 170
238 217
38 87
95 6
207 82
243 129
95 248
32 228
132 31
246 42
33 28
138 49
128 10
147 189
51 175
128 247
62 73
27 33
42 247
184 193
171 95
9 161
14 129
186 107
145 63
128 5
3 95
101 177
42 248
70 65
163 168
242 216
79 54
24 221
196 143
213 0
180 57
103 180
29 165
122 40
90 91
15 162
21 130
231 34
115 200
171 212
143 196
172 210
239 129
242 40
31 227
41 244
126 25
177 100
196 74
6 128
21 219
220 23
252 214
71 192
36 168
194 184
182 195
82 158
184 194
220 168
50 81
175 205
9 128
62 73
22 93
182 60
124 32
228 32
247 95
14 129
11 161
63 111
128 5
60 74
177 155
164 230
70 65
165 228
69 66
225 166
35 24
60 113
44 85
57 141
34 231
235 130
134 217
91 226
122 217
56 179
231 34
57 115
213 255
95 3
84 46
90 31
213 121
163 88
215 12
248 42
19 163
95 3
173 209
235 37
161 11
34 167
247 161
85 96
32 124
228 125
38 88
118 206
174 207
81 205
147 67
82 207
161 6
27 33
93 23
20 93
89 221
247 95
89 222
245 95
21 37
213 2
203 116
155 79
92 26
41 12
228 91
242 216
42 6
84 210
218 20
41 170
38 19
103 180
91 28
122 39
30 226
67 68
228 165
171 43
76 58
255 43
2 161
14 94
127 239
213 121
163 88
220 133
248 42
177 101
95 3
254 43
37 21
186 149
89 34
192 185
171 160
236 93
228 125
163 234
62 183
174 207
8 161
205 81
174 49
239 39
229 223
214 9
20 93
36 89
15 40
51 176
11 161
64 111
46 83
18 217
93 237
231 130
94 239
27 165
95 12
202 79
84 210
161 3
41 170
237 38
162 17
56 77
122 39
91 90
14 162
179 200
171 43
199 141
212 85
178 55
46 172
129 17
95 244
168 163
191 186
198 76
79 155
39 238
254 43
37 21
70 107
127 243
210 119
25 92
193 184
182 196
33 27
206 138
3 213
8 161
95 248
213 3
161 6
22 93
28 125
93 236
85 160
16 40
205 81
208 174
53 177
217 87
182 60
19 93
25 126
133 221
93 88
135 43
53 177
46 84
143 60
254 128
56 141
17 94
228 91
134 217
91 30
40 122
200 77
222 231
57 115
255 43
200 178
84 45
42 250
161 12
31 227
215 12
126 24
34 26
39 238
172 210
53 79
107 186
167 223
119 46
167 221
93 20
247 42
98 82
138 50
207 82
205 175
147 67
246 128
207 118
234 163
195 182
215 246
36 88
192 71
127 13
186 107
145 64
128 6
196 182
33 229
59 75
215 244
87 162
187 190
5 214
73 151
55 178
128 2
76 198
43 171
214 7
162 15
30 30
243 215
165 29
34 25
218 19
128 1
218 236
14 94
90 31
95 244
165 28
215 12
126 24
155 177
54 116
39 87
37 21
186 149
251 214
70 192
85 95
33 124
182 196
99 82
161 250
88 219
175 51
189 147
168 220
95 249
223 28
74 195
184 194
232 92
248 95
4 214
10 161
235 219
218 87
182 60
229 223
75 197
162 18
169 94
161 245
129 240
35 24
55 178
253 128
1 95
162 17
228 91
134 218
226 91
94 14
130 236
76 153
142 57
0 43
218 236
182 151
214 6
68 189
90 32
94 17
230 164
101 79
59 181
5 128
219 235
185 149
176 52
136 210
32 227
223 132
229 125
223 229
183 195
208 82
95 7
247 161
88 36
240 39
228 223
246 214
235 163
224 228
16 40
51 175
220 233
145 64
213 2
139 203
93 236
75 197
215 244
169 94
69 66
42 5
106 72
218 20
3 128
198 180
230 222
249 214
215 243
30 30
242 94
178 201
25 222
19 38
1 128
200 179
242 162
78 202
242 40
165 28
65 70
214 248
237 94
181 197
5 128
79 202
173 208
129 14
40 15
170 161
63 71
164 24
27 223
51 117
128 248
66 146
233 220
174 50
207 118
28 33
246 214
246 41
164 232
47 119
167 34
108 69
145 64
209 173
4 95
27 33
9 42
94 238
164 229
66 187
166 32
83 210
253 161
213 1
95 255
94 239
7 42
134 218
90 225
243 216
7 214
240 94
199 77
0 213
77 200
241 162
78 202
121 42
164 89
65 70
214 248
41 86
95 2
1 213
177 54
47 173
52 80
70 191
227 224
19 163
92 232
27 223
195 73
208 82
249 95
109 188
206 175
72 193
228 224
73 195
31 132
232 92
240 216
252 42
108 69
37 234
209 173
239 39
176 156
231 92
245 41
94 87
120 212
16 129
209 173
219 20
211 172
200 115
94 239
77 199
122 38
90 225
135 40
214 250
221 231
218 19
170 42
200 179
152 74
178 54
189 188
226 225
187 65
76 57
18 162
2 161
87 216
161 252
24 35
42 251
65 70
224 29
19 163
232 164
163 235
239 217
8 128
65 146
220 23
206 175
217 240
163 23
42 246
93 235
24 164
8 161
129 244
233 36
80 52
254 213
117 52
229 223
26 125
133 222
34 89
212 136
129 240
106 72
161 4
43 255
161 2
34 230
249 214
162 16
89 164
162 243
165 29
231 35
1 95
214 171
200 179
15 94
226 91
161 13
92 167
41 244
180 199
34 26
197 75
216 169
37 21
35 232
251 214
186 65
86 95
237 94
92 232
223 229
139 51
48 173
52 80
161 9
4 43
63 72
28 32
30 124
132 226
228 32
248 95
167 35
161 246
6 95
43 254
204 117
33 229
247 214
94 237
92 26
120 212
42 5
232 35
95 252
128 252
181 59
18 94
27 164
215 243
31 30
189 68
55 178
172 44
198 142
171 43
197 114
25 35
178 55
121 41
164 89
190 187
229 164
222 230
181 197
84 45
54 79
221 24
52 80
136 211
164 26
222 133
214 247
27 223
239 217
128 8
176 52
207 82
50 81
193 184
93 233
61 73
163 21
168 37
7 161
252 42
174 49
204 80
38 168
161 5
87 39
232 92
64 185
89 222
95 10
129 241
209 173
161 4
87 40
201 116
162 18
92 27
12 215
164 167
68 67
30 91
181 104
114 198
213 0
198 114
181 152
201 178
135 215
167 164
244 215
130 233
222 230
201 140
1 213
95 4
95 244
203 176
136 212
167 222
222 133
42 9
157 175
17 39
2 213
37 22
161 10
127 244
95 248
219 88
73 194
246 41
224 228
240 216
252 43
36 23
204 80
128 8
195 183
169 217
247 214
71 64
29 224
191 70
166 32
244 95
21 37
128 252
2 95
42 170
214 8
219 122
89 164
242 216
91 226
211 172
161 1
128 0
38 19
44 171
29 165
243 162
91 227
122 218
165 27
77 154
59 181
253 128
252 95
150 72
80 203
15 216
167 222
64 71
125 26
80 156
52 117
128 7
250 95
207 82
4 42
216 240
84 97
10 41
234 163
163 233
184 193
245 128
247 95
161 7
83 208
5 95
217 87
214 9
245 41
167 34
246 95
223 166
12 161
161 4
128 4
217 238
162 18
164 229
16 94
29 165
242 216
30 91
231 35
179 200
0 128
255 95
212 85
250 214
162 13
164 89
66 69
57 179
238 94
115 201
253 128
202 178
47 173
177 53
161 11
89 34
162 238
181 197
163 236
61 182
7 128
37 22
233 220
35 167
63 71
88 36
93 21
73 61
93 23
217 16
213 252
9 161
51 176
43 253
61 73
21 93
42 247
132 223
26 164
246 95
127 15
161 244
21 37
84 210
197 181
101 178
180 57
215 244
225 226
188 189
226 165
25 221
218 20
1 128
57 77
75 104
7 42
40 135
165 90
69 190
7 214
94 17
19 38
170 41
61 144
106 184
53 79
44 136
225 29
162 238
231 164
176 100
196 74
7 128
192 111
36 233
81 205
248 161
84 96
225 132
61 183
233 93
39 240
245 128
175 50
95 249
37 168
61 73
163 21
229 131
19 93
26 164
10 161
127 14
185 107
112 193
43 254
140 202
86 41
233 130
219 123
228 91
216 14
165 30
221 231
77 56
170 214
19 218
231 222
201 178
40 134
166 225
122 218
234 126
230 34
237 218
170 41
3 161
161 13
32 166
95 245
94 169
123 221
125 25
176 100
4 161
249 128
204 176
82 49
51 81
240 40
160 84
62 72
131 227
33 28
138 49
49 174
161 247
249 161
48 82
39 17
39 169
247 214
93 237
224 227
191 70
214 251
173 48
161 5
43 254
202 116
19 94
214 8
123 36
165 228
67 188
226 166
211 172
77 56
171 43
58 142
240 162
165 227
162 14
225 90
162 241
42 7
230 34
56 115
213 255
95 3
106 184
79 203
190 187
29 31
123 221
197 75
216 169
4 161
218 169
95 6
187 148
12 127
16 216
36 168
124 225
73 61
163 233
184 194
246 128
206 175
51 175
48 82
183 62
33 229
233 93
193 72
227 32
210 136
42 5
11 161
95 251
39 169
75 197
162 19
248 214
220 123
163 168
40 242
129 238
35 25
77 56
85 213
76 199
162 16
130 20
162 14
226 30
94 15
249 42
85 213
76 58
172 212
218 236
162 13
225 90
245 161
33 167
35 123
181 197
156 176
139 53
87 218
250 95
148 69
214 4
119 47
220 88
20 163
125 29
93 22
72 62
213 253
248 95
51 175
128 9
50 138
87 38
247 214
124 32
92 25
46 119
223 167
107 70
79 53
87 39
18 217
41 170
76 198
65 186
91 28
135 42
54 177
183 105
56 178
170 214
218 237
16 94
91 29
216 122
30 226
15 162
28 91
180 103
58 180
213 255
178 55
84 46
127 239
216 242
89 33
133 35
58 181
20 163
217 18
169 39
145 192
208 82
51 81
9 95
168 220
72 194
125 29
174 98
194 72
213 253
22 220
205 81
43 253
183 62
223 27
9 42
11 215
85 160
15 40
205 80
220 233
203 79
254 213
182 60
222 26
248 214
17 94
163 168
187 190
42 6
14 162
95 254
42 170
141 199
222 25
214 7
41 13
165 30
188 67
56 179
222 231
38 237
2 128
253 95
162 14
42 250
187 66
168 163
221 133
25 130
93 19
39 238
6 128
192 111
11 95
129 13
137 209
85 96
236 93
61 182
22 163
138 50
253 43
161 248
205 81
213 3
73 194
218 87
74 196
20 93
167 35
185 192
4 214
11 161
111 193
217 87
53 140
26 34
126 232
94 239
28 165
40 242
225 166
105 73
201 78
254 128
95 0
76 103
21 126
188 189
90 91
13 41
200 77
231 34
0 161
128 2
113 60
162 14
42 250
190 187
91 229
220 133
231 126
237 93
238 217
169 39
203 177
161 11
252 214
64 71
96 171
41 245
163 23
158 174
250 95
36 88
205 175
220 22
168 220
62 73
87 38
28 125
41 11
36 89
137 46
42 4
48 82
111 192
128 6
161 3
93 237
130 25
244 41
88 163
12 161
42 6
221 232
196 143
43 255
1 95
94 239
165 228
241 162
90 226
188 67
77 56
103 76
57 115
86 214
95 2
242 162
202 177
12 95
223 90
186 65
76 58
41 86
116 202
43 2
235 37
161 11
223 89
185 64
89 35
215 11
214 247
98 82
62 183
253 43
189 109
95 248
253 213
206 118
93 234
42 247
224 124
220 168
161 247
42 4
233 36
21 37
250 128
140 203
237 163
231 92
35 133
88 163
43 121
42 6
221 232
60 113
128 2
19 218
153 76
179 56
15 94
226 166
134 40
20 130
103 76
0 95
1 213
20 218
84 45
17 127
135 214
93 168
191 186
248 42
26 222
60 181
128 5
219 235
233 220
176 52
210 119
221 89
11 41
233 163
82 158
73 62
128 247
161 248
248 161
3 43
161 6
229 223
246 214
215 246
36 88
119 209
167 34
82 208
80 53
218 87
161 4
100 176
181 59
133 221
94 87
216 14
6 214
46 84
195 143
128 254
115 56
94 239
91 28
94 241
91 90
215 13
200 78
212 171
218 19
128 255
196 113
14 94
214 6
242 40
28 91
191 186
58 180
19 162
95 3
213 254
251 95
95 245
33 167
64 70
161 85
20 163
182 196
169 39
250 95
3 213
248 95
234 220
49 82
194 184
218 88
29 125
194 72
164 232
240 216
214 252
82 207
6 95
6 128
252 161
236 163
197 181
192 70
169 94
14 40
203 79
72 150
195 143
255 213
218 237
239 162
126 235
243 41
166 31
13 41
78 55
171 44
161 0
1 128
179 56
25 35
202 177
121 42
228 165
162 239
58 180
230 34
140 54
169 39
144 193
107 185
52 80
186 65
89 35
193 184
125 27
87 217
73 62
247 128
22 219
161 9
207 174
207 118
33 228
227 131
225 124
28 224
185 192
175 205
108 69
219 21
128 7
74 196
100 176
214 8
41 12
33 89
245 95
251 42
173 46
218 20
1 43
115 56
94 239
130 22
241 162
225 166
189 188
78 55
16 162
199 77
213 85
236 38
211 84
238 129
121 42
92 168
133 37
126 24
170 41
95 2
251 128
144 193
244 161
42 251
241 40
35 167
11 41
125 27
27 223
95 5
219 168
190 110
220 23
128 11
240 39
158 83
227 131
41 10
36 88
119 209
129 244
95 10
204 80
2 43
239 39
163 20
42 247
64 185
87 162
95 11
166 32
106 72
55 178
253 128
218 237
230 222
126 234
243 41
91 29
13 40
29 91
35 25
57 179
1 128
236 38
231 221
250 214
188 67
226 225
41 244
58 180
34 26
2 161
87 216
21 219
47 173
14 127
186 65
35 167
63 71
164 24
93 21
117 205
174 208
219 234
188 147
128 245
95 249
219 88
234 93
194 73
159 172
95 8
81 50
95 10
6 95
47 83
182 61
163 20
59 75
192 71
87 162
65 187
127 16
24 221
78 54
41 170
38 19
77 102
130 22
38 134
91 29
189 67
178 201
15 162
199 77
0 43
77 200
221 25
214 6
14 216
165 28
37 123
214 248
34 26
254 95
46 172
235 37
232 221
166 223
241 40
224 29
71 193
247 42
33 27
217 17
174 208
51 80
233 220
89 35
138 207
23 93
226 131
21 93
88 220
216 16
167 35
187 108
6 95
254 213
217 239
216 87
247 214
185 192
225 227
241 216
251 42
72 150
219 20
3 128
18 218
26 34
126 234
215 243
31 30
67 188
127 19
104 75
19 38
0 213
38 20
15 94
214 6
215 121
166 224
133 37
199 76
178 102
217 18
84 45
62 144
173 209
176 52
40 15
32 227
237 94
75 59
87 217
161 251
3 213
176 52
206 82
11 128
95 249
97 173
132 30
73 62
219 168
248 95
4 214
108 69
52 176
38 168
74 195
27 33
92 24
237 162
225 227
40 241
241 127
47 83
235 219
43 255
38 18
162 18
27 165
69 66
166 31
40 242
237 127
15 162
114 198
0 213
236 38
152 75
250 214
215 121
30 31
41 244
248 42
214 170
161 254
211 84
62 144
244 161
127 241
161 10
89 34
162 237
164 24
163 235
61 183
128 248
7 161
82 49
4 43
208 119
32 228
195 183
132 226
28 224
184 193
50 175
148 188
191 146
3 43
204 117
157 81
230 131
237 162
227 31
161 246
15 129
173 47
62 112
43 255
140 201
78 102
8 42
16 94
90 224
242 216
127 19
84 212
114 198
171 213
179 56
84 44
91 30
41 135
225 30
94 16
248 42
26 222
181 197
252 128
235 37
12 95
32 166
120 44
29 31
237 94
214 247
93 21
195 74
168 38
110 65
207 82
245 129
63 72
164 23
163 235
246 41
83 159
249 95
50 175
174 49
219 22
8 128
117 51
175 157
164 232
215 245
26 164
216 15
241 127
232 35
202 79
216 87
18 217
94 238
57 76
244 41
31 30
215 135
129 237
162 241
56 179
171 43
19 218
152 75
42 250
135 215
31 226
243 215
126 22
238 94
181 197
252 128
144 194
161 12
90 32
241 40
89 34
185 64
232 164
40 87
195 74
218 168
234 37
220 23
129 12
137 208
159 84
246 215
73 61
228 32
118 208
4 213
68 148
219 22
8 128
195 183
21 93
247 214
33 132
34 89
40 241
214 251
83 209
202 79
211 172
55 140
170 214
42 248
244 41
89 164
189 68
201 78
94 15
38 236
43 85
38 19
152 75
6 42
135 215
29 91
240 94
126 22
77 154
38 238
45 172
219 236
24 35
203 177
212 120
29 31
11 41
25 92
223 229
95 4
128 7
234 37
49 174
214 4
119 48
24 92
62 73
226 125
23 163
217 16
245 128
161 247
234 219
43 253
39 17
27 33
214 9
11 215
224 227
95 10
80 52
35 24
235 219
216 87
18 217
230 222
92 26
244 41
89 164
214 135
42 6
45 84
95 255
171 43
255 95
44 171
42 249
243 40
90 91
162 241
249 42
85 214
180 198
170 41
195 112
106 184
16 127
95 245
29 31
41 245
125 26
163 236
239 217
7 128
52 80
161 10
4 42
137 209
160 84
235 93
163 22
228 32
184 193
81 50
233 36
146 66
253 213
195 183
163 21
196 182
237 163
170 95
65 186
5 214
185 107
235 219
172 46
95 254
178 155
230 92
240 162
89 164
42 121
127 18
35 25
161 2
43 0
95 0
75 104
126 236
122 40
226 226
215 13
228 165
154 179
198 76
172 211
201 178
35 232
177 53
44 136
169 162
185 64
25 131
229 33
95 4
213 254
176 52
69 108
89 34
192 185
168 220
184 62
246 42
228 33
39 240
220 167
233 36
95 249
219 88
95 251
33 229
60 74
93 237
164 231
241 216
80 52
149 185
161 5
128 5
95 253
215 86
180 58
133 220
29 225
242 216
79 54
242 94
2 95
43 0
19 218
34 231
236 130
94 242
225 90
13 41
234 126
213 171
180 198
128 253
95 3
106 184
240 129
136 212
162 87
35 123
75 59
169 40
95 4
83 47
21 219
174 207
129 12
248 161
88 36
194 184
246 42
233 93
240 217
220 168
81 206
205 81
174 48
118 51
87 39
214 9
93 236
170 95
136 46
42 5
208 173
203 79
46 84
95 253
215 86
76 198
244 41
168 93
14 40
238 127
25 221
38 236
214 86
38 19
162 16
200 178
162 14
226 226
241 94
165 28
213 171
115 200
44 172
95 3
172 210
251 214
120 43
87 94
215 12
181 197
80 156
53 117
218 169
95 6
36 233
51 81
192 185
96 171
132 31
131 227
218 168
16 39
253 43
95 8
110 190
37 168
194 183
27 33
228 131
63 184
171 95
120 210
127 14
95 11
193 145
39 169
196 181
41 170
126 232
70 65
32 90
188 190
42 6
14 162
161 2
0 43
95 0
34 231
165 227
14 94
226 30
243 215
91 228
26 222
95 1
2 128
161 253
151 73
42 250
69 190
225 29
133 35
231 164
163 236
196 74
83 47
250 95
186 149
129 13
161 9
36 168
41 245
163 23
229 33
194 72
168 36
67 147
109 190
3 43
206 118
93 234
131 28
224 124
161 171
241 216
251 42
70 149
193 145
2 43
54 140
26 34
230 92
244 41
223 166
95 12
202 79
46 84
254 161
128 2
38 19
240 162
165 228
68 67
90 91
13 41
126 21
231 34
115 199
1 213
20 218
84 46
250 214
40 14
227 225
70 191
214 248
156 177
238 217
47 173
95 5
220 23
127 243
47 137
164 25
124 224
61 182
88 218
62 184
213 253
147 189
161 8
174 49
206 118
38 169
23 163
72 63
32 28
71 64
42 4
48 82
235 219
250 128
116 53
177 155
198 180
186 191
163 168
213 135
6 214
35 24
78 55
170 215
115 57
231 222
21 126
13 215
166 165
67 68
228 165
76 153
0 95
170 41
55 78
73 105
17 127
190 187
227 225
220 133
198 76
26 222
217 18
2 213
145 193
245 161
127 243
71 192
32 228
184 63
9 214
158 174
39 239
36 88
234 36
205 81
246 128
39 17
218 87
228 131
184 193
89 220
210 137
80 51
161 245
219 21
128 250
95 253
86 41
92 25
35 133
90 223
40 242
54 177
94 14
218 20
212 171
58 76
25 34
200 179
68 67
165 166
189 188
235 126
85 213
218 19
170 42
78 201
232 221
54 79
216 242
93 168
215 12
126 24
19 163
196 74
39 87
79 203
36 233
4 42
185 64
89 35
124 224
60 182
22 163
17 39
88 220
36 22
8 95
43 253
194 184
38 168
233 93
11 215
25 164
209 137
4 214
82 208
161 5
6 128
253 161
33 230
25 126
221 123
27 165
121 213
90 225
73 151
161 3
44 85
255 161
17 94
214 7
41 13
226 91
13 41
20 130
153 180
76 57
44 171
161 254
221 24
214 6
40 14
165 28
94 17
92 230
41 86
196 75
2 213
53 79
95 245
167 223
161 9
85 95
124 224
60 182
98 82
73 62
128 9
234 36
67 109
36 168
6 95
158 82
93 22
225 124
164 232
40 240
222 167
48 82
95 250
128 250
4 95
27 33
8 42
244 41
89 223
14 40
177 203
73 151
55 178
171 44
161 1
153 77
200 179
134 217
165 166
242 94
42 7
94 16
237 218
170 42
218 236
211 84
129 18
244 161
224 90
186 65
8 214
101 79
253 95
84 46
251 95
11 95
204 176
241 40
221 89
32 124
131 228
229 33
250 95
9 128
146 190
161 9
88 36
161 7
163 22
93 22
132 225
172 96
216 16
205 81
174 49
64 111
87 38
196 182
223 27
75 197
215 244
87 162
11 161
177 203
35 24
236 218
86 41
218 237
94 239
235 130
94 241
165 226
215 13
200 78
231 34
218 19
213 0
77 200
211 84
166 226
214 121
88 93
36 123
198 76
101 79
18 39
254 43
161 251
95 245
166 223
40 15
164 25
245 215
247 42
229 33
5 161
3 213
205 175
220 22
213 3
194 184
98 173
29 125
184 194
24 164
216 16
129 244
10 161
80 52
43 254
4 95
33 229
197 181
133 221
169 94
216 15
214 251
221 232
178 201
211 172
198 180
85 43
77 199
190 69
166 31
216 134
214 249
153 181
161 0
0 43
197 113
35 231
214 6
121 42
228 165
220 133
164 26
222 230
18 39
46 172
202 177
12 95
166 223
136 211
29 32
237 93
182 196
235 93
205 139
82 48
146 190
36 233
89 36
49 138
23 93
125 227
124 31
92 24
95 8
244 127
49 82
219 21
87 38
182 60
33 229
197 181
185 192
89 222
66 187
79 53
221 232
55 178
128 3
141 200
230 222
214 7
190 69
91 90
122 216
29 91
181 104
77 57
213 0
236 38
84 45
30 165
40 14
166 224
240 94
23 130
238 94
75 59
210 84
95 4
83 47
176 52
45 136
95 170
41 245
74 60
163 235
61 183
208 82
66 146
147 68
11 128
184 63
83 97
22 163
73 62
164 232
8 161
42 4
233 36
219 22
168 218
74 195
27 33
9 42
71 64
167 34
187 191
166 32
95 13
253 161
41 170
75 198
26 34
165 229
190 69
165 227
67 67
165 29
152 181
95 255
0 213
56 77
211 84
165 226
216 242
225 30
12 41
214 248
170 42
238 217
46 172
4 161
173 209
5 42
211 120
221 89
63 71
229 125
217 169
51 117
213 253
95 7
108 188
43 252
63 72
28 32
163 234
246 41
84 159
71 63
175 206
10 161
250 161
2 43
217 239
176 156
181 59
123 34
225 227
212 136
42 5
35 24
20 37
43 255
141 201
77 102
77 199
69 66
29 165
14 40
55 178
212 171
19 38
43 171
59 142
182 152
178 55
216 242
31 226
190 187
164 27
230 34
161 254
40 87
79 202
47 173
166 224
241 40
161 86
215 11
229 125
93 21
205 139
8 128
234 37
206 82
175 50
95 249
159 83
124 226
226 124
24 164
71 63
129 244
220 233
110 191
173 47
217 239
40 169
26 125
215 245
167 34
120 212
251 42
244 95
95 252
216 86
18 218
154 78
249 214
190 69
225 226
67 188
55 178
221 231
161 1
43 85
38 20
231 221
129 19
41 135
164 89
187 66
126 23
78 154
140 55
252 128
37 21
47 173
15 127
161 10
29 32
185 64
131 230
163 235
52 117
168 37
161 249
49 174
245 128
95 249
233 163
30 124
183 194
168 37
137 48
89 221
148 188
191 146
173 48
139 204
163 21
164 232
123 34
31 29
120 211
32 90
12 161
21 37
211 172
2 95
238 162
92 27
219 122
225 226
189 68
42 6
212 172
114 198
128 0
114 58
172 212
42 250
135 215
167 164
41 244
229 164
78 154
238 217
211 84
219 235
150 72
53 80
136 212
167 222
123 222
164 24
163 235
195 73
254 43
234 37
82 49
167 221
137 208
84 97
21 163
61 183
23 163
16 40
35 89
23 220
219 22
128 248
139 205
235 163
27 125
19 94
34 89
45 120
32 90
95 12
252 161
40 169
197 181
238 162
199 180
122 37
166 32
68 67
127 19
211 172
20 38
213 85
38 19
212 84
178 55
189 188
30 31
134 38
165 27
77 154
75 59
128 252
194 112
161 12
166 224
216 241
162 87
94 18
230 125
27 223
4 161
249 128
52 80
10 95
175 50
71 193
172 159
183 62
234 163
88 219
240 217
245 128
108 68
204 80
48 83
139 205
217 87
92 24
71 63
222 167
45 120
166 33
173 47
4 95
1 43
201 116
26 34
126 233
69 66
164 167
121 215
178 201
241 94
255 161
42 171
198 114
94 241
237 129
162 13
31 226
94 16
57 179
86 214
115 201
216 170
112 61
24 35
203 177
161 11
34 167
71 192
26 131
216 169
39 239
249 128
250 95
36 233
81 206
40 16
168 220
183 62
214 246
93 23
240 217
221 167
81 206
7 95
128 248
39 17
81 99
125 229
19 93
35 89
15 40
90 223
232 35
194 144
213 1
2 95
18 94
42 248
69 65
166 32
243 95
178 202
182 104
200 77
255 128
19 218
152 75
201 178
162 14
227 165
243 215
27 91
230 34
237 218
213 255
236 37
150 72
90 32
44 136
92 229
215 11
214 247
216 169
39 239
173 209
219 235
207 82
81 205
137 209
24 92
41 246
61 183
32 28
249 95
167 35
220 233
161 7
208 174
5 95
27 33
214 9
93 237
170 95
70 65
42 5
244 95
4 95
2 43
238 39
155 78
23 126
41 12
166 32
135 42
18 129
84 211
197 143
86 42
199 179
240 162
20 126
41 13
227 165
94 15
199 77
34 26
255 95
84 45
201 178
72 106
32 166
120 44
162 87
35 123
131 231
80 156
252 95
254 43
250 95
49 174
4 42
209 119
160 84
62 72
227 125
163 233
39 240
10 128
23 220
175 205
219 88
183 61
157 81
196 182
41 11
170 95
45 120
42 5
149 185
54 177
5 128
39 18
19 94
42 248
220 123
91 28
161 244
166 30
84 211
161 2
0 43
142 198
212 85
214 7
41 13
30 226
69 190
56 179
85 213
180 198
255 43
95 3
243 161
127 240
15 216
27 92
35 123
75 59
229 33
4 161
87 218
111 64
69 108
51 81
16 216
36 168
246 215
195 73
228 33
39 240
49 174
247 95
22 37
37 168
161 5
223 27
42 247
132 223
170 95
120 210
5 214
245 95
37 235
43 254
54 140
101 177
58 76
215 244
93 88
189 68
79 54
105 74
218 20
42 170
199 114
180 153
214 7
41 13
30 30
94 15
126 21
85 213
218 19
1 213
113 61
151 73
16 127
245 161
89 33
215 12
231 164
93 20
53 117
2 213
64 145
95 246
214 4
8 95
168 220
215 10
163 22
228 33
207 138
49 174
189 109
8 95
213 3
217 239
229 223
74 196
72 63
92 25
192 70
204 80
208 173
177 203
217 87
75 197
170 215
42 248
65 186
93 88
121 214
177 202
24 221
95 254
43 0
95 0
16 94
29 165
94 242
165 90
122 217
21 130
153 179
237 218
86 215
38 20
232 221
203 177
213 120
33 167
35 123
130 231
156 177
18 39
250 128
145 192
70 107
175 51
47 137
160 85
20 163
61 182
82 158
239 217
168 36
22 220
66 109
207 174
161 6
93 234
233 93
163 20
224 228
119 210
33 89
161 245
193 145
213 2
39 18
19 93
198 180
220 123
227 31
135 43
177 202
35 24
143 60
171 44
199 115
94 240
126 235
134 217
91 226
162 241
77 56
171 43
218 19
85 44
38 20
172 210
225 90
66 69
27 91
41 244
198 75
156 177
203 140
254 43
37 21
95 245
81 205
161 9
220 89
32 124
233 163
168 38
217 17
128 246
36 22
248 161
207 174
161 6
223 27
163 233
63 184
32 28
9 161
222 167
220 233
251 161
169 217
53 140
101 177
126 232
220 123
163 168
14 40
54 177
232 35
38 236
128 2
0 95
76 103
130 21
243 41
165 30
188 67
235 126
76 153
19 38
128 254
38 20
232 221
79 202
69 190
93 168
239 94
231 126
215 170
60 182
213 254
235 37
233 220
127 243
9 95
171 160
224 132
93 233
169 38
39 239
168 36
248 95
220 22
43 253
217 239
98 174
131 28
224 124
89 220
46 119
243 127
161 245
53 177
39 169
182 60
41 170
25 126
94 239
166 33
121 213
202 79
162 242
143 60
2 128
115 57
76 103
165 228
122 39
30 30
14 162
28 91
171 43
19 38
128 254
236 38
105 183
31 166
69 190
91 228
186 65
8 214
93 19
74 60
2 213
251 95
11 95
176 51
95 247
160 85
124 224
23 93
33 27
194 73
168 36
22 220
220 22
246 128
72 194
163 22
163 233
32 132
28 224
240 216
89 222
174 48
53 177
47 83
203 116
93 237
130 25
244 41
88 163
121 213
53 177
221 232
201 78
41 170
237 38
76 103
77 200
189 68
90 165
40 122
20 130
85 213
76 57
42 86
143 196
151 73
90 31
135 214
28 91
244 215
24 130
19 163
202 140
128 5
111 63
233 220
5 42
192 186
32 228
163 236
228 125
98 82
194 73
43 3
248 95
147 67
82 207
72 194
218 88
182 61
163 20
36 88
95 9
89 222
70 149
6 95
213 2
182 60
20 93
25 126
215 244
227 31
190 69
239 127
24 221
78 55
215 86
255 161
222 26
126 235
217 122
165 226
134 40
130 236
44 85
19 38
0 213
38 20
105 182
6 42
95 244
29 31
41 244
164 26
41 86
217 18
43 2
235 37
70 107
5 42
9 95
89 35
93 20
74 60
169 39
194 73
128 247
22 219
36 234
82 207
161 7
28 33
93 22
194 72
160 171
161 248
89 222
23 220
111 192
250 128
238 39
27 33
42 248
221 123
162 169
120 213
177 203
83 210
78 55
43 255
19 218
239 162
91 28
187 190
226 226
189 188
29 91
34 25
76 57
128 1
179 56
14 94
79 202
14 216
93 168
36 123
26 92
79 155
197 75
172 210
144 193
185 149
223 89
186 65
224 29
19 163
60 182
223 229
183 194
174 208
110 66
206 81
253 213
16 217
33 228
227 131
10 215
160 172
240 216
34 89
246 95
219 21
213 2
182 60
20 93
25 125
71 64
31 29
187 190
177 203
150 184
195 143
215 86
237 38
94 239
42 249
122 38
226 30
14 162
42 7
231 34
38 237
0 43
56 77
162 14
214 6
161 12
168 164
123 220
248 42
41 86
75 59
128 251
21 219
220 24
90 33
161 10
231 164
11 41
196 74
99 81
205 139
128 248
205 176
23 36
3 43
72 193
37 168
22 163
41 10
32 28
40 240
42 4
23 220
250 161
87 38
39 17
40 169
42 247
185 192
34 89
161 245
251 42
221 232
219 20
253 128
198 180
179 154
130 22
38 134
166 31
68 189
7 214
94 16
179 199
214 170
218 236
152 74
42 250
242 40
28 91
240 94
42 8
26 222
39 238
172 210
62 144
220 24
251 214
70 191
167 221
223 132
42 9
169 39
73 61
88 219
37 22
109 188
35 167
72 193
37 168
29 125
10 215
232 92
95 8
50 175
108 69
145 65
88 38
195 182
33 229
125 230
238 162
227 31
245 95
90 224
83 209
78 55
211 172
38 19
85 42
27 165
243 41
91 90
189 67
6 214
181 104
19 38
214 170
20 218
45 172
238 129
161 13
226 225
244 215
27 92
222 230
217 18
216 169
62 144
232 221
129 15
120 45
26 92
124 223
74 60
87 217
51 117
219 168
219 234
175 206
128 11
7 95
28 32
195 183
246 41
164 232
40 240
214 252
233 36
250 161
7 128
61 74
156 80
232 92
41 11
31 29
69 65
251 42
232 35
236 219
43 255
55 141
77 102
229 91
218 122
164 167
162 243
214 250
241 94
57 179
171 213
200 179
35 231
201 178
67 68
224 90
162 240
164 27
18 162
59 181
216 169
194 112
209 83
166 223
120 45
161 86
94 19
75 60
33 27
95 5
3 213
7 161
148 68
4 43
48 137
93 233
30 124
93 235
228 32
161 248
81 50
69 148
250 161
83 209
195 182
33 229
42 247
123 34
87 162
186 191
176 203
47 83
62 112
1 43
2 95
102 178
126 234
94 240
89 164
215 135
129 237
94 15
179 199
0 128
200 179
15 94
19 127
243 161
30 31
66 69
76 57
102 78
140 55
87 216
219 235
24 35
224 90
65 70
230 164
185 64
24 92
81 157
5 161
83 48
7 161
108 188
221 89
240 40
168 219
183 61
62 183
168 37
63 184
167 35
246 95
146 65
173 48
251 161
235 163
214 9
123 34
89 222
136 45
204 80
47 83
112 194
43 255
95 254
178 154
233 130
69 66
166 32
242 216
91 226
152 181
200 77
0 128
58 142
94 241
129 19
188 67
31 166
122 219
126 23
214 170
2 161
213 255
54 79
24 35
251 214
191 186
167 222
162 237
9 214
223 229
95 5
128 249
65 146
188 148
127 245
63 72
228 224
73 194
61 183
93 23
40 240
11 128
233 36
176 204
219 88
251 161
163 21
181 59
192 71
170 95
191 70
166 32
35 24
21 37
45 84
254 161
162 18
76 199
244 41
31 30
14 40
214 250
221 231
95 255
171 43
237 38
15 94
29 165
242 40
225 30
240 94
214 249
238 94
254 95
4 128
62 144
221 24
166 224
161 10
89 34
41 245
59 181
93 20
95 4
173 209
37 22
187 148
35 167
48 137
232 164
132 30
41 10
228 32
138 48
252 43
247 95
95 249
253 213
39 17
157 81
229 131
33 132
86 161
191 70
241 127
209 173
161 4
87 40
161 2
34 230
27 164
12 215
167 92
242 216
250 42
221 231
59 114
171 214
161 255
104 181
6 42
243 162
92 167
38 122
165 27
154 179
18 38
40 86
61 144
150 72
79 203
241 40
162 87
215 11
59 181
176 100
217 17
43 2
65 146
161 10
175 50
119 48
159 84
132 31
10 214
224 228
184 193
4 213
161 247
80 51
48 82
161 5
81 99
60 74
245 41
164 230
95 10
241 127
209 173
4 95
4 128
18 217
155 78
76 199
69 65
225 226
95 13
238 127
241 94
114 197
42 170
161 255
44 171
42 249
40 13
227 165
38 122
57 179
154 179
115 200
45 172
78 201
95 243
90 32
11 95
169 162
222 133
25 92
40 87
117 204
43 2
111 64
95 246
214 4
193 185
32 228
62 73
22 93
97 83
184 193
35 89
9 161
249 161
128 8
117 51
93 235
24 164
63 185
170 95
120 211
166 33
173 47
144 62
128 5
202 116
26 34
42 248
244 41
32 90
42 121
129 238
172 45
38 236
86 42
142 198
162 16
178 55
215 243
90 31
122 218
22 130
222 230
161 255
84 45
61 143
150 72
16 127
212 120
27 92
35 123
26 131
40 87
252 95
87 218
176 52
36 233
127 244
119 47
24 92
225 132
195 73
33 28
138 49
128 246
109 68
66 110
82 208
161 5
33 229
182 60
215 245
32 29
45 120
42 5
244 95
54 177
39 169
217 238
101 178
214 8
36 133
29 225
121 214
30 90
221 231
113 197
213 0
0 95
103 181
78 201
216 122
90 31
13 41
200 77
85 213
218 19
212 84
61 143
72 106
177 53
66 69
31 227
215 12
59 181
156 176
39 238
213 254
6 161
69 108
51 81
240 40
84 96
21 163
125 29
158 173
62 184
88 220
67 147
110 190
43 253
239 39
82 99
125 229
132 223
95 86
70 65
42 5
149 185
251 161
213 2
59 75
155 79
42 248
215 244
224 166
161 244
18 129
172 45
113 196
43 85
142 199
25 34
126 236
134 216
166 225
215 13
235 126
162 239
56 115
3 128
178 55
162 13
177 53
245 161
27 91
12 41
164 25
236 93
238 217
218 169
203 176
148 69
81 205
248 161
36 168
62 72
125 29
228 33
39 240
82 49
248 95
234 219
49 82
95 250
82 99
28 125
20 93
85 161
247 95
89 223
233 36
111 193
84 210
217 238
94 237
180 58
65 186
28 165
40 242
225 166
73 151
95 254
128 1
57 141
85 44
29 165
122 40
165 30
68 190
214 249
162 239
19 38
43 1
113 61
24 35
90 31
43 136
31 227
192 186
92 231
170 40
139 53
173 209
176 53
95 245
252 214
119 47
220 88
194 184
214 246
234 93
194 72
168 36
220 234
95 248
128 247
239 39
229 223
214 9
20 93
171 95
46 119
251 42
95 11
21 37
213 2
140 202
19 93
24 126
70 65
225 227
242 216
6 214
242 94
55 178
44 85
180 57
94 240
236 130
67 188
165 30
15 162
77 56
76 153
141 57
128 2
161 253
94 243
53 79
95 244
90 33
221 133
8 214
41 86
238 217
169 39
177 53
208 82
51 81
64 71
167 220
184 62
61 182
22 163
118 206
82 49
147 189
189 147
213 3
118 50
27 33
228 131
215 245
32 28
40 241
33 89
11 161
203 79
87 39
74 196
230 222
180 58
186 191
223 166
216 14
166 31
151 183
55 178
128 254
115 57
162 16
77 200
14 94
226 30
122 217
56 179
76 153
115 199
212 85
143 196
151 73
214 6
12 95
88 93
17 162
214 248
86 215
217 18
169 39
53 79
220 23
243 129
241 40
231 164
224 132
9 214
38 87
206 138
220 168
109 67
67 109
9 128
118 50
163 22
28 125
41 11
224 228
192 71
252 42
11 161
192 145
213 2
238 39
93 237
198 180
17 94
163 168
43 121
239 127
162 242
113 196
85 212
57 141
180 153
28 165
188 189
90 226
242 94
77 56
25 222
199 76
86 215
218 236
105 183
17 127
43 135
163 88
41 244
76 58
163 237
203 140
46 173
235 37
70 107
214 4
247 161
32 228
41 245
247 42
218 169
206 138
247 128
51 81
206 81
174 49
6 95
88 38
74 195
194 72
32 28
247 95
89 222
107 70
145 64
2 43
3 95
223 26
181 58
186 191
29 225
190 69
42 6
221 232
196 143
44 85
255 161
85 43
91 28
188 189
166 30
162 242
20 130
180 103
237 218
85 44
196 113
24 35
42 250
66 69
223 90
244 215
24 130
215 170
202 140
46 173
63 145
233 220
127 242
40 15
92 231
132 32
247 42
218 169
250 95
174 207
175 51
36 234
220 88
16 217
82 98
125 227
93 236
92 24
216 16
51 175
233 36
64 111
213 2
196 182
33 229
8 42
192 70
87 163
95 11
17 129
35 24
218 20
41 170
95 255
162 17
179 56
122 39
226 226
162 242
56 178
16 162
57 180
0 213
161 254
74 105
127 238
242 40
28 91
41 244
76 58
170 41
181 197
169 39
193 111
208 83
251 214
247 161
231 164
224 132
74 60
223 229
138 50
128 9
8 161
36 234
220 88
184 62
218 88
93 22
194 72
224 228
64 185
51 175
233 36
192 145
6 128
217 238
216 87
181 59
18 94
167 33
11 161
214 251
232 35
236 218
170 215
218 237
222 26
179 56
190 69
226 30
162 242
126 20
16 162
199 76
42 86
59 143
45 172
42 250
42 135
32 166
244 215
180 198
41 86
39 238
169 39
144 193
83 48
129 14
241 40
29 32
11 41
164 23
33 27
161 251
43 3
219 234
147 67
128 10
207 118
173 158
22 163
225 124
96 84
137 47
12 129
220 233
235 219
128 7
139 203
33 229
248 214
41 12
162 169
44 120
129 240
83 210
61 113
172 45
1 95
222 26
228 91
41 13
226 91
41 243
249 42
16 162
237 218
128 1
56 77
14 94
30 166
244 161
29 31
244 215
198 76
222 230
197 75
43 2
79 202
185 149
14 127
161 10
221 89
19 163
74 60
163 235
217 17
219 168
7 161
9 95
82 206
39 16
158 83
42 246
21 93
232 92
137 47
89 222
69 148
21 37
128 7
39 17
20 93
75 197
133 221
164 229
161 245
166 32
13 161
20 37
1 43
115 56
239 162
249 214
122 38
91 90
41 243
91 227
75 152
199 77
128 1
161 254
172 211
127 238
189 188
90 32
12 41
248 42
215 170
2 161
2 213
252 95
95 244
52 80
161 10
35 167
245 215
229 125
157 175
195 73
82 48
110 66
9 95
89 35
138 207
233 163
29 125
31 132
88 220
71 63
222 167
49 82
6 95
213 2
61 74
20 93
26 125
94 238
92 27
69 65
214 251
95 13
20 37
1 43
161 1
42 171
229 91
162 15
90 225
216 13
237 127
25 221
199 77
171 213
114 59
172 211
165 226
13 95
91 228
37 123
214 248
86 214
140 55
128 252
144 194
185 150
42 251
10 95
167 221
245 215
247 42
163 235
95 5
48 174
22 219
206 81
43 252
118 49
163 23
42 246
235 163
88 220
63 185
4 214
95 10
176 204
83 209
239 39
27 33
59 75
94 238
225 227
40 241
80 53
150 184
195 144
216 86
254 161
230 222
7 42
243 41
91 29
189 68
237 127
171 44
38 237
171 42
77 200
45 172
129 19
215 121
224 90
162 240
164 27
238 94
116 201
211 84
4 161
209 83
129 15
45 136
29 32
71 193
42 9
217 169
17 39
88 219
204 176
36 233
175 50
240 40
37 168
163 234
124 30
92 24
240 216
42 4
207 174
250 161
173 47
252 161
20 93
26 125
222 123
164 230
191 70
15 129
95 12
4 95
1 43
238 38
77 102
126 234
240 162
164 167
216 14
78 55
152 181
57 179
43 171
179 56
241 162
42 250
13 95
91 227
16 162
92 229
178 102
39 238
4 128
62 144
12 95
127 241
65 70
26 92
11 41
230 125
157 175
205 139
128 8
65 146
82 49
43 252
95 249
88 37
183 61
10 215
168 37
216 16
221 167
82 207
204 80
83 208
61 73
87 39
232 92
162 19
34 89
40 241
204 80
232 35
177 202
213 1
201 116
86 42
92 27
215 244
167 92
41 121
30 91
241 94
77 56
85 213
237 38
15 94
42 250
40 14
165 29
219 134
8 214
162 238
55 116
1 213
37 21
173 209
127 241
120 45
94 170
34 123
24 92
21 163
239 217
213 254
22 219
68 108
81 206
208 119
233 164
73 194
246 41
163 233
249 95
4 213
36 23
234 219
3 43
39 17
163 21
229 131
132 222
29 224
246 95
42 5
24 221
95 252
128 252
217 238
42 170
180 57
190 69
165 227
121 215
201 78
45 84
142 59
128 0
1 161
181 152
227 91
162 13
167 164
94 16
91 229
18 162
141 55
43 1
54 78
161 12
53 80
70 191
87 94
133 34
214 247
33 27
239 217
213 254
80 204
10 95
81 206
248 161
232 164
235 93
195 73
233 93
118 208
221 167
36 23
65 110
173 48
139 205
87 39
232 92
71 63
86 161
45 120
223 166
221 232
37 235
216 87
181 59
26 34
8 42
69 66
226 31
189 68
250 42
172 45
59 114
171 43
198 114
44 171
91 29
121 41
166 225
162 240
249 42
86 214
1 161
1 213
161 252
35 232
224 90
95 245
31 227
192 185
25 92
87 216
74 61
83 47
65 146
220 23
127 244
8 95
24 92
93 21
234 163
88 219
118 207
175 206
9 161
7 95
128 8
17 217
217 87
42 247
185 193
224 227
136 45
176 204
35 24
21 37
46 84
161 2
94 238
130 23
240 162
89 164
216 14
178 202
221 231
161 1
42 170
237 38
162 16
91 29
189 67
165 29
38 122
27 91
94 17
141 56
170 41
195 112
232 221
251 214
216 241
89 34
11 41
59 181
156 176
182 195
254 43
219 234
148 69
81 205
119 47
164 24
21 163
214 246
37 88
63 184
167 35
175 50
51 176
128 248
239 39
223 27
60 74
63 185
86 161
246 95
52 176
12 161
177 202
84 210
181 59
222 26
248 214
37 133
166 32
161 243
91 226
14 162
59 114
128 1
0 161
162 16
20 126
41 13
226 30
66 69
229 165
222 230
115 200
215 170
61 144
173 210
53 79
44 136
34 167
133 35
42 9
223 229
196 74
173 209
219 235
161 10
12 127
248 161
92 232
31 124
246 42
163 233
161 249
167 36
233 36
7 95
43 253
205 118
93 235
24 164
237 163
86 161
65 186
242 127
48 83
161 5
87 39
18 217
41 170
24 126
94 239
227 31
121 214
42 6
14 162
161 2
0 213
198 114
153 75
55 78
189 68
31 166
241 94
42 7
17 162
237 218
43 1
236 38
83 46
53 79
216 241
169 162
12 41
59 181
229 33
4 161
38 87
219 235
207 82
42 252
240 40
172 160
225 132
131 227
173 98
184 194
3 213
95 9
66 110
247 128
239 39
82 99
125 229
63 184
29 224
65 186
214 251
71 149
203 79
87 39
253 161
237 162
230 92
70 65
225 227
42 121
177 202
151 182
161 2
214 86
76 199
153 76
78 200
40 134
226 30
241 94
214 249
102 77
255 95
44 172
3 161
210 84
79 203
69 190
227 225
35 123
197 75
156 176
161 252
209 83
53 80
174 207
222 89
161 8
28 32
215 10
22 93
28 223
118 207
36 88
175 50
22 37
174 48
95 250
229 223
42 247
93 236
95 85
120 210
14 129
36 23
219 21
254 213
238 39
86 41
8 42
17 94
90 224
244 95
90 225
232 35
161 2
44 85
218 237
85 44
179 56
134 216
90 31
66 68
21 130
34 26
95 1
2 128
236 38
210 84
53 79
95 245
27 91
12 41
126 25
229 33
4 161
83 47
37 21
220 23
167 222
240 40
164 24
194 184
74 61
223 229
39 240
43 3
147 189
51 175
82 207
118 50
223 27
233 93
132 224
35 89
9 161
214 251
48 82
21 37
251 128
161 3
79 101
76 198
41 12
93 88
187 190
202 79
35 24
161 2
255 213
115 57
240 162
214 7
134 217
226 30
243 215
77 56
85 213
58 180
85 44
20 218
210 84
250 214
135 213
227 225
215 12
8 214
100 79
60 182
169 39
192 111
82 48
222 89
185 64
89 36
224 132
93 233
22 163
95 6
246 128
189 109
248 161
247 128
95 250
22 93
23 163
41 11
92 25
46 119
243 127
48 82
235 219
39 169
60 74
177 155
42 248
186 191
31 29
216 14
202 79
46 84
95 254
86 41
161 0
231 222
42 249
39 134
90 30
241 94
228 165
222 231
57 115
171 212
218 236
46 172
214 6
242 40
165 27
41 244
42 8
155 177
74 60
250 128
193 111
48 174
205 176
9 95
32 228
93 20
9 214
93 22
95 6
49 174
95 8
109 189
247 128
17 217
38 169
214 9
72 63
28 224
46 119
34 89
174 48
5 95
254 213
116 53
26 34
164 231
41 12
90 223
66 187
79 54
73 151
143 60
86 41
161 0
222 25
235 130
162 15
166 91
122 217
179 200
153 180
76 57
213 255
143 196
24 35
42 250
216 242
90 33
133 36
76 58
155 177
182 196
210 83
177 53
186 149
205 176
216 241
92 231
236 93
42 9
98 82
73 62
9 128
205 175
50 175
246 128
206 118
174 158
125 228
41 11
160 171
64 185
243 127
245 95
251 161
128 6
60 74
19 93
198 181
17 94
88 163
121 213
166 31
24 221
113 196
254 128
200 115
94 239
126 235
215 243
91 30
243 215
179 200
16 162
38 237
213 255
218 236
162 14
129 17
161 12
31 227
123 220
198 76
155 177
140 54
46 173
203 177
95 245
204 176
241 40
224 28
245 215
131 228
22 163
6 161
37 88
8 161
189 147
128 10
207 118
33 229
29 125
132 225
92 24
161 247
4 214
48 82
111 192
213 2
139 203
170 216
181 58
18 94
165 229
161 245
177 203
73 151
61 113
86 41
38 19
26 34
77 200
134 217
166 31
122 216
214 249
25 222
38 237
171 212
56 78
172 211
238 129
66 68
88 93
215 12
180 198
94 19
116 202
169 39
145 193
220 23
14 127
241 40
25 92
193 184
233 163
99 82
138 50
253 43
146 190
206 81
36 168
39 16
28 33
29 125
184 194
168 36
192 71
205 81
95 10
80 53
83 209
182 60
236 163
181 59
215 244
89 223
161 245
251 42
84 210
218 20
44 84
19 218
239 162
130 21
13 215
30 30
189 188
126 20
231 34
114 199
128 255
179 56
84 45
54 79
216 242
227 225
17 162
92 230
177 101
238 217
169 39
53 79
232 220
80 204
247 161
224 29
215 11
60 182
223 229
205 138
253 43
146 190
95 247
168 220
217 240
173 158
163 234
31 132
164 232
185 192
167 34
108 69
235 219
43 254
39 18
236 163
231 131
94 238
89 223
69 66
177 203
46 83
218 20
170 215
255 161
17 94
42 249
13 215
226 30
242 94
91 227
162 240
0 95
213 0
59 143
182 151
250 214
121 42
93 168
17 162
198 76
215 170
181 197
251 128
235 37
244 161
5 42
246 161
161 86
193 184
42 9
39 87
17 39
82 48
66 146
161 9
174 50
184 63
228 223
29 125
194 72
96 84
47 119
222 167
82 207
80 52
7 128
139 204
229 223
59 75
94 238
229 92
190 69
127 16
46 83
95 253
1 43
237 38
214 85
249 214
69 66
226 226
215 13
249 42
240 94
237 218
1 128
142 197
74 104
238 129
216 242
228 165
16 162
214 248
18 162
59 181
254 43
194 112
47 173
52 80
241 40
26 92
41 245
27 131
27 223
17 39
82 48
51 80
23 36
128 245
49 138
224 28
234 93
62 183
224 228
216 16
167 34
246 95
234 219
38 168
17 217
40 169
214 9
18 94
162 169
245 95
203 79
221 232
144 61
84 211
200 115
94 239
179 57
41 13
226 30
67 189
214 250
240 94
57 179
255 128
200 179
104 182
30 165
189 188
225 30
215 12
92 230
162 238
197 75
1 213
112 62
24 35
52 80
246 161
26 92
11 41
131 229
81 157
161 251
213 253
80 205
233 220
175 50
207 118
219 88
30 125
73 62
168 36
40 240
252 42
69 148
204 80
168 218
117 52
93 236
181 59
245 41
167 34
65 187
224 166
35 24
236 219
86 40
55 141
170 214
57 77
187 190
89 164
14 40
55 178
162 241
142 58
0 43
200 179
152 74
42 250
41 135
166 224
215 12
126 23
170 42
55 116
87 216
21 219
150 71
223 90
211 120
230 164
193 185
232 164
169 39
205 139
168 37
176 52
108 188
128 245
7 95
37 168
132 30
235 163
97 84
185 193
50 175
36 23
37 234
128 249
204 117
169 216
26 125
192 71
34 89
186 191
224 166
161 244
144 62
128 252
254 161
102 179
179 57
16 94
164 167
14 40
250 42
94 15
95 255
85 43
179 56
15 94
6 42
189 188
92 167
66 69
199 76
94 18
75 59
128 4
235 37
221 24
166 224
120 45
170 161
245 215
9 214
175 99
251 95
208 83
161 249
108 188
245 128
95 249
88 37
195 183
226 124
224 228
8 161
214 252
148 188
65 110
128 8
251 161
169 217
59 75
11 215
227 31
246 95
90 224
173 47
54 177
172 45
116 55
214 86
164 229
16 94
91 29
95 13
214 250
152 181
179 200
213 171
77 200
162 15
129 19
188 67
91 227
219 134
214 248
18 162
161 254
87 216
177 54
150 72
127 241
241 40
86 94
34 123
164 24
223 229
52 117
48 173
176 52
49 174
214 4
8 95
28 32
73 194
132 226
93 23
95 7
128 245
49 82
249 161
173 48
205 117
87 39
42 247
192 71
164 230
95 10
127 15
185 106
252 161
45 84
95 254
78 102
214 8
69 66
89 164
242 216
19 129
152 182
56 179
128 0
142 198
75 104
29 165
135 215
29 91
66 69
77 57
94 18
181 197
128 4
54 78
161 12
53 80
241 40
230 164
133 34
59 181
20 163
217 17
38 88
146 191
246 161
214 4
137 208
224 28
124 226
22 93
228 32
137 48
221 167
148 188
110 191
253 213
51 139
39 169
164 232
193 71
89 222
120 211
15 129
24 221
219 21
216 87
95 254
162 18
92 27
16 94
92 89
14 40
6 214
94 15
77 56
213 0
237 38
15 94
250 214
189 188
167 164
41 243
42 7
86 214
201 141
45 172
95 4
13 95
16 127
120 44
227 225
18 162
125 26
87 216
252 95
213 254
95 6
161 10
167 221
8 95
24 92
194 183
226 125
83 159
16 39
50 175
233 36
161 7
219 88
239 39
21 93
42 247
237 163
221 167
10 161
241 127
71 150
4 95
216 87
217 238
34 230
26 164
41 12
90 224
121 214
202 78
231 35
161 1
128 1
58 142
16 94
29 165
121 40
29 91
215 13
234 126
222 230
95 1
3 128
61 144
221 24
127 240
65 69
169 162
11 41
231 164
27 223
17 39
218 168
161 250
187 148
205 175
137 209
168 220
246 215
125 29
163 233
118 207
50 175
206 175
249 161
219 88
17 217
33 229
247 214
93 237
32 29
15 40
42 5
36 24
62 112
40 169
116 54
162 18
130 23
65 186
90 224
42 121
202 78
221 231
200 77
0 213
38 19
171 212
130 20
242 162
91 227
41 243
165 27
17 162
200 141
253 128
95 3
72 106
5 42
241 40
31 227
12 41
125 26
93 20
4 161
83 47
176 52
187 148
34 167
95 248
92 232
163 235
61 183
228 33
39 240
36 89
161 247
80 51
208 174
138 205
223 27
229 131
72 63
29 224
70 65
129 242
107 71
63 112
128 5
95 253
162 19
24 126
123 36
29 225
121 214
129 238
211 172
38 236
43 85
237 38
25 34
130 20
122 40
166 165
69 190
200 77
171 43
141 56
86 215
178 55
173 210
224 90
120 44
167 223
221 133
25 131
33 27
74 60
213 254
6 161
36 233
4 42
209 119
220 88
246 215
227 125
28 223
161 249
168 36
81 206
7 95
174 48
118 51
217 87
9 42
63 184
170 95
120 210
167 33
48 83
235 219
39 169
3 95
230 222
198 180
162 17
227 31
161 244
214 250
74 151
95 254
43 0
95 0
16 94
29 165
162 14
30 226
241 94
228 165
26 222
56 115
215 170
236 38
73 105
177 53
11 95
225 29
94 18
59 181
169 40
4 161
169 38
161 250
246 161
42 252
47 137
168 220
41 246
22 93
93 22
95 7
220 168
67 147
219 22
48 82
118 50
93 234
233 93
236 163
228 32
192 70
127 14
70 149
219 21
217 87
238 39
79 101
126 232
65 186
228 91
188 190
6 214
94 14
60 113
212 171
161 0
25 34
236 130
40 134
226 165
13 41
91 228
239 94
58 180
41 86
38 20
243 162
6 42
161 11
167 223
215 12
164 25
80 156
95 4
39 87
219 235
82 48
243 129
216 240
168 220
10 41
93 233
218 168
6 161
253 43
109 67
81 51
253 213
161 6
229 223
60 74
32 132
164 231
247 95
242 127
36 23
95 251
5 128
196 181
170 215
26 164
162 17
223 166
12 161
129 239
221 232
236 218
43 255
199 180
16 94
179 56
67 188
30 226
217 134
214 249
162 239
38 237
170 41
161 253
162 13
239 129
216 242
168 163
239 94
248 42
100 79
3 161
254 43
37 21
95 245
243 129
95 247
25 92
41 245
125 28
218 168
217 17
220 168
81 206
81 51
207 174
73 194
158 82
214 9
245 41
228 32
137 46
33 89
11 161
251 161
6 128
39 18
93 237
126 232
94 239
223 166
69 66
42 6
221 232
20 38
1 43
141 199
240 162
77 200
122 39
165 90
94 15
200 77
85 213
161 0
86 215
2 161
242 162
177 54
242 40
91 229
215 12
42 8
155 177
116 203
39 87
145 193
70 107
4 42
95 247
96 171
20 163
93 233
87 218
118 206
128 9
95 8
36 234
220 88
118 50
82 98
182 60
215 245
96 85
210 137
176 205
233 36
37 235
87 39
217 238
215 86
92 26
186 191
165 229
121 213
127 17
46 84
60 113
128 254
218 237
222 25
200 179
13 215
30 165
14 162
7 214
76 153
0 95
85 44
55 78
73 105
31 166
43 135
163 88
244 215
92 230
177 101
18 39
169 39
95 5
95 245
127 243
247 161
25 92
20 163
28 131
82 158
138 50
220 168
147 189
109 189
213 3
250 161
218 88
28 125
20 93
224 228
119 209
4 214
233 36
37 235
209 173
74 196
100 177
126 231
215 244
166 33
242 216
127 17
210 172
78 55
44 85
95 255
17 94
235 130
241 162
166 30
217 134
165 28
240 94
199 141
43 1
178 55
151 73
17 127
69 190
31 227
162 239
164 26
215 170
74 60
213 254
53 79
107 186
251 214
161 9
85 95
215 11
93 233
93 22
250 95
128 247
51 81
36 234
88 36
118 49
218 88
227 131
236 163
36 88
161 247
51 175
245 95
111 192
2 43
238 39
40 170
231 130
221 123
225 227
213 136
53 177
84 210
253 161
254 128
38 19
222 26
214 7
122 39
30 165
189 188
227 165
94 16
19 38
86 214
218 236
105 183
238 129
40 14
227 225
17 162
180 198
26 222
253 95
128 251
161 251
107 186
42 251
64 70
85 95
163 236
60 182
229 33
39 239
128 9
51 81
81 50
49 82
138 207
173 158
74 195
194 72
92 24
137 47
127 13
49 82
80 53
169 218
60 74
20 93
181 59
192 70
27 164
190 69
42 5
46 84
113 195
215 86
115 56
171 213
228 91
15 94
226 91
122 216
42 7
34 25
161 0
0 43
56 77
94 242
54 79
42 135
224 90
162 239
164 26
177 101
116 202
46 172
177 53
95 245
127 242
120 46
221 89
33 124
163 23
223 229
62 183
82 48
249 95
109 189
49 82
72 194
98 173
183 61
163 21
28 224
137 47
51 175
220 233
176 204
169 218
117 53
236 163
25 164
71 64
29 225
95 11
129 240
46 83
95 253
128 253
200 115
94 239
126 234
122 38
166 31
189 188
78 55
162 240
57 180
128 1
179 56
105 182
42 250
68 189
163 88
186 65
232 126
222 230
140 54
5 128
37 21
83 48
14 127
136 211
32 227
245 215
23 92
87 217
195 73
168 37
66 146
81 50
36 167
39 16
233 163
246 214
246 41
28 224
8 161
205 81
187 108
52 176
87 38
217 239
93 236
230 131
185 192
87 162
44 120
203 79
150 184
3 95
253 128
141 200
17 94
42 249
218 122
30 226
13 41
126 20
16 162
179 199
43 0
114 59
35 231
91 30
121 42
225 30
244 215
126 23
170 41
254 95
2 213
54 79
220 24
242 129
216 241
170 161
11 41
74 60
229 33
117 205
128 248
176 51
247 161
128 245
193 184
159 83
73 195
41 10
28 224
193 71
42 4
246 95
250 161
213 2
17 217
100 176
25 164
238 162
31 29
241 216
251 42
184 106
55 178
43 255
255 161
26 34
249 214
190 69
166 91
14 162
129 236
212 171
114 198
0 43
95 1
152 74
42 250
189 188
90 32
187 65
8 214
78 155
217 18
172 210
112 62
244 161
5 42
45 136
161 86
63 71
27 131
21 163
117 205
8 128
51 80
9 95
167 221
217 240
233 163
214 10
41 10
172 97
208 137
129 244
10 161
176 204
2 43
39 17
87 40
92 25
94 238
222 167
241 216
203 80
72 150
20 37
40 170
141 201
26 34
229 91
122 38
167 92
94 13
165 29
171 44
57 179
128 0
38 20
152 74
19 127
67 68
227 165
244 215
248 42
154 178
217 18
128 4
54 79
161 12
176 52
10 95
95 170
245 215
214 247
33 27
195 73
48 173
204 176
50 174
128 245
16 217
97 173
41 246
41 10
219 168
240 216
42 4
10 161
161 6
218 88
161 4
27 33
42 247
11 215
34 89
246 95
129 241
106 72
112 194
255 213
141 201
230 222
165 229
66 187
227 91
68 67
178 201
44 84
58 114
0 213
56 77
241 162
165 226
216 242
92 167
215 12
57 180
214 170
217 18
4 128
194 112
173 209
5 42
15 216
224 29
162 237
229 125
175 99
95 5
219 168
22 219
207 82
43 252
193 184
168 219
41 246
235 163
32 28
119 208
89 221
207 174
52 176
254 213
39 17
33 229
230 131
133 222
34 89
10 161
224 166
24 221
112 194
128 4
55 140
230 222
229 92
215 244
29 165
68 67
237 127
94 15
198 142
171 43
95 1
221 25
250 214
161 13
89 92
69 190
130 233
42 86
95 2
84 45
112 62
83 47
127 241
191 186
162 86
94 19
42 9
235 93
161 251
3 213
204 176
233 220
35 167
8 95
224 28
183 62
41 10
168 37
193 72
89 221
188 108
22 37
8 128
95 251
39 169
164 232
162 19
34 89
136 45
127 15
221 232
37 235
213 1
161 2
102 178
180 57
240 162
30 225
95 13
78 55
172 45
95 255
85 43
38 19
84 44
127 237
13 94
91 227
122 218
42 7
230 34
59 181
252 128
4 161
150 72
15 127
212 120
26 92
64 71
131 230
20 163
217 17
38 88
22 219
10 95
12 127
185 63
24 92
124 226
234 163
163 233
95 7
245 128
188 108
110 191
37 168
139 205
175 157
125 229
63 185
170 95
211 136
15 129
35 24
37 235
252 128
116 55
86 42
164 229
133 219
89 164
121 215
226 165
152 182
56 179
0 213
237 38
181 152
55 78
68 189
31 226
41 243
229 165
154 179
201 141
3 128
112 61
173 209
80 203
161 11
29 31
34 123
232 164
229 33
117 204
173 209
37 22
49 174
42 252
48 137
232 164
183 62
42 10
168 37
161 249
81 50
188 109
37 234
168 219
251 161
27 33
131 27
124 33
92 26
161 246
80 52
106 71
219 21
213 1
75 197
26 34
214 8
12 215
164 167
135 42
226 165
94 15
200 77
1 128
1 161
16 94
78 201
14 94
30 30
41 243
91 229
34 26
218 19
255 43
178 55
24 35
79 203
245 161
229 164
245 215
214 247
87 216
239 217
218 168
80 204
174 207
167 222
40 16
36 168
62 73
125 29
37 88
16 39
175 206
9 161
37 234
128 8
251 161
27 33
164 232
93 237
95 86
161 246
42 5
95 12
37 235
87 40
181 59
155 78
130 23
94 240
224 166
189 68
42 6
172 45
95 254
42 170
57 77
231 221
55 78
40 134
226 30
215 13
214 249
239 94
161 255
253 128
178 55
232 221
53 79
40 15
162 87
185 64
197 75
20 163
95 4
169 38
52 80
220 23
244 129
95 248
228 224
124 225
93 234
93 23
217 16
82 50
220 233
205 80
253 213
251 161
229 223
60 74
237 163
164 231
45 120
14 129
208 173
251 161
251 128
197 181
215 86
130 24
239 162
168 93
216 14
90 226
25 221
2 95
86 42
218 237
85 44
126 236
134 216
165 30
218 134
179 200
102 77
76 58
86 215
143 195
161 13
32 166
245 161
89 33
71 192
214 248
229 33
217 18
7 128
235 37
23 36
42 252
71 192
220 88
246 215
163 22
33 28
217 16
88 220
67 147
219 22
247 128
183 62
93 235
214 9
19 93
227 32
136 46
204 80
24 220
37 235
169 217
238 39
19 94
130 24
65 186
165 228
189 68
30 90
84 211
77 56
214 86
218 237
34 231
236 130
188 189
226 165
66 69
7 214
154 179
200 141
1 213
95 3
183 151
240 129
136 213
223 89
41 244
197 75
80 156
74 60
2 213
235 37
69 108
51 81
64 71
164 24
10 41
234 163
228 33
62 184
220 168
95 9
51 175
3 43
39 17
27 33
23 163
184 193
28 224
192 70
167 33
70 149
219 21
169 217
238 39
237 162
230 92
70 65
166 32
161 244
127 18
242 94
200 78
170 214
19 218
76 103
214 7
216 122
30 30
134 39
126 21
26 222
95 1
128 254
20 218
13 94
250 214
161 11
169 163
70 192
75 58
223 229
74 60
39 87
80 203
23 36
252 214
185 64
32 228
41 246
125 29
223 229
6 161
207 82
81 206
95 248
174 49
6 95
27 33
23 163
215 245
25 164
241 216
80 52
220 233
235 219
254 213
196 181
41 170
126 232
191 70
29 225
14 40
177 202
151 183
161 2
171 44
95 0
94 240
28 165
68 67
226 165
15 162
165 28
162 239
218 19
128 254
218 236
35 232
129 17
43 135
27 91
35 123
181 198
230 33
74 60
217 169
177 53
107 186
252 214
216 240
25 92
224 132
214 247
174 98
6 161
220 168
147 189
234 220
253 213
161 6
93 234
74 196
193 72
167 35
119 210
127 13
36 23
79 53
173 46
217 238
170 215
42 248
12 215
28 165
95 12
129 239
151 183
201 78
128 2
57 76
231 222
130 21
94 242
226 90
217 134
42 7
103 76
115 199
41 86
196 113
14 94
17 127
43 135
90 33
12 41
180 198
215 170
217 18
128 250
5 161
245 161
51 80
185 64
92 231
132 32
28 131
229 33
62 183
82 49
81 205
109 189
207 174
138 206
27 33
74 196
20 93
96 85
161 247
222 167
220 233
193 145
46 83
161 3
170 215
231 130
36 133
168 93
190 69
239 127
172 46
236 218
128 254
19 218
213 85
200 179
67 188
226 30
68 189
130 235
34 25
141 57
1 213
196 113
73 105
31 166
14 216
88 93
186 65
130 232
41 86
238 217
39 87
53 79
174 208
252 214
40 15
160 85
63 72
214 247
82 158
6 161
88 220
67 147
81 50
10 128
17 217
38 168
23 163
93 236
160 171
47 119
4 214
245 95
79 53
169 217
60 74
177 156
8 42
215 244
168 93
40 242
250 42
243 94
60 113
254 128
255 161
231 222
7 42
243 41
30 30
39 122
200 77
153 180
19 38
44 171
178 55
46 172
31 166
244 161
31 227
65 70
92 230
237 93
161 253
128 5
203 177
149 70
167 223
216 241
231 164
163 236
23 93
27 223
39 239
82 49
205 175
67 109
36 168
118 50
174 158
93 23
194 72
36 88
161 247
252 42
245 95
80 53
87 39
95 252
163 20
42 248
162 18
27 165
66 187
90 225
162 243
195 143
255 213
58 76
162 17
77 200
41 13
225 166
188 67
179 200
231 34
237 218
213 0
56 78
211 84
90 31
14 216
166 224
220 133
58 180
177 101
217 18
43 2
251 95
220 23
42 251
186 64
167 221
72 193
23 93
174 99
194 73
253 43
22 219
161 8
49 82
240 39
158 83
61 74
246 41
164 232
137 47
214 252
233 36
53 176
2 43
18 217
100 176
130 25
238 162
229 91
245 95
53 177
84 210
195 143
1 43
76 198
102 179
7 42
217 122
91 90
162 242
236 126
212 171
218 19
0 213
60 143
211 84
238 129
42 135
29 31
70 191
164 26
41 86
197 75
5 128
193 112
11 95
214 5
241 40
224 29
93 20
93 233
99 82
183 194
128 9
95 7
22 36
82 207
240 39
158 83
234 93
62 184
24 164
192 71
129 244
246 95
52 176
128 6
39 18
33 229
8 42
238 162
27 164
216 15
16 129
243 95
3 95
212 172
38 19
230 222
56 77
187 190
225 166
216 134
20 130
231 34
198 142
0 213
218 236
25 35
6 42
95 244
31 227
191 186
230 164
170 41
202 140
169 39
177 54
12 95
42 251
246 161
89 35
237 93
182 196
175 99
39 239
37 88
219 234
23 36
82 207
249 161
173 158
227 131
124 31
84 160
40 240
12 129
148 187
21 37
254 213
161 4
93 236
214 9
192 71
92 27
187 190
53 177
95 13
201 78
213 1
38 19
171 213
126 234
69 66
90 165
134 40
130 236
231 35
198 142
0 43
236 38
74 104
202 178
67 68
164 89
240 94
58 180
86 215
254 95
251 128
37 21
47 173
251 214
40 15
32 227
33 124
214 247
87 217
5 161
174 208
80 205
233 220
245 128
63 72
219 88
73 195
10 215
84 160
193 71
244 127
108 69
219 21
173 47
60 74
229 223
42 247
123 34
222 167
95 11
177 203
150 184
253 161
3 128
115 56
17 94
179 57
241 162
165 227
67 68
42 7
104 75
199 77
214 170
197 114
152 74
238 129
188 67
90 32
240 94
248 42
78 155
39 238
43 1
202 177
35 232
42 251
120 45
224 29
11 41
214 247
235 93
251 95
219 168
22 219
147 68
245 128
240 39
224 28
131 30
235 163
232 92
40 240
252 42
69 148
110 191
83 209
39 17
223 27
164 231
71 64
222 167
120 212
53 177
184 106
61 112
40 170
38 18
170 214
234 130
187 190
29 165
41 121
237 127
85 212
57 179
128 0
38 20
211 84
129 18
215 121
90 32
187 66
180 199
18 162
59 181
255 43
4 161
71 106
166 223
15 216
230 164
19 162
125 27
87 217
39 239
168 37
204 176
36 233
35 167
184 63
83 97
226 132
124 30
232 92
63 185
167 35
10 161
219 22
47 83
195 182
163 20
42 247
245 41
94 87
212 136
53 176
83 209
144 62
170 216
141 201
179 154
57 77
69 66
31 30
162 243
19 129
104 75
77 57
128 0
1 161
74 104
91 30
68 189
30 31
37 122
76 57
26 222
95 2
40 87
62 144
12 95
224 90
191 186
26 92
34 124
24 92
163 235
51 117
43 3
146 191
36 233
128 11
16 216
88 37
61 73
41 10
233 92
184 193
81 50
207 174
249 161
128 249
73 195
33 229
232 92
185 192
227 31
216 15
241 127
24 221
62 112
172 45
140 201
162 18
126 233
187 190
31 90
162 243
91 226
172 44
142 58
0 128
56 77
75 104
6 42
14 216
30 31
162 240
57 180
94 18
181 197
213 255
194 112
47 173
129 15
136 211
162 86
192 185
164 24
229 33
251 95
43 3
146 191
49 174
127 245
193 184
228 224
194 183
235 163
168 37
193 72
252 43
95 9
219 22
83 208
204 117
27 33
24 164
185 192
92 26
191 70
32 90
173 47
21 37
255 213
18 217
178 154
180 57
122 37
90 224
121 215
91 226
25 221
95 255
213 85
114 58
35 231
201 178
94 243
225 30
162 240
91 229
94 18
161 254
216 170
78 202
106 184
5 42
186 65
31 227
64 71
247 42
93 20
161 252
43 2
176 52
174 207
244 129
185 63
159 84
10 41
163 22
163 233
161 249
50 175
9 161
37 234
37 168
139 205
217 87
164 232
245 41
89 222
241 216
80 52
173 47
62 112
87 40
55 140
18 94
214 8
187 190
31 30
67 188
226 165
74 152
56 179
213 171
199 179
15 94
250 214
188 67
225 90
134 38
199 77
102 77
141 55
211 84
37 20
232 221
166 224
212 120
31 227
123 222
232 164
93 20
217 17
128 7
52 80
10 95
35 167
71 193
88 36
73 194
195 73
88 219
138 49
4 213
188 108
176 205
168 219
5 95
175 157
27 125
71 63
227 32
241 216
214 251
24 221
62 112
4 128
59 75
18 94
180 57
219 123
90 224
68 67
30 91
172 45
200 77
255 128
255 95
104 181
201 178
242 162
90 31
122 218
7 214
154 179
1 161
253 128
61 144
221 24
127 240
187 65
89 34
94 18
59 181
87 216
195 74
249 128
37 22
174 207
50 81
248 161
36 168
21 163
214 246
159 173
72 63
252 43
147 188
80 51
174 48
139 205
217 87
232 92
237 163
89 221
120 211
204 80
244 95
62 112
213 2
140 202
26 34
248 214
70 65
225 226
14 40
78 54
104 74
200 77
213 0
198 114
94 240
29 165
216 122
226 30
15 162
179 199
85 214
58 180
3 128
61 144
243 161
127 240
187 66
34 167
41 244
9 214
40 87
196 74
254 43
145 192
10 95
129 12
95 248
220 88
73 194
125 29
33 28
72 63
246 128
147 188
234 219
213 3
117 51
33 229
229 131
163 19
224 227
95 10
80 52
173 48
251 161
210 172
197 181
222 26
164 230
133 220
168 92
121 214
177 202
74 151
197 143
43 0
180 57
240 162
236 130
13 215
30 91
134 38
77 56
77 154
58 180
45 172
195 113
24 35
90 32
66 69
167 223
221 133
231 125
223 229
18 39
213 254
80 204
108 187
127 244
240 40
160 84
246 215
42 10
88 218
62 184
10 128
36 22
37 234
3 43
73 194
175 157
42 247
215 245
95 86
9 161
214 251
11 161
95 251
254 213
75 197
237 162
214 8
215 244
166 32
95 12
214 250
231 35
95 254
43 0
57 76
180 153
165 227
14 94
166 165
243 215
228 165
94 17
237 218
86 215
161 253
232 221
251 214
66 69
227 225
162 238
214 248
100 80
203 139
209 83
219 235
23 36
243 129
185 64
32 228
163 235
246 42
158 173
95 7
174 207
81 206
161 8
253 213
138 206
39 169
9 42
193 72
89 221
9 161
251 42
245 95
235 219
43 254
197 181
222 26
198 180
244 41
90 224
12 161
214 250
35 25
2 95
44 85
199 180
180 153
42 249
216 122
31 166
217 134
28 91
94 17
76 58
128 254
218 236
13 94
127 239
242 40
31 227
70 192
92 231
156 176
117 203
254 43
192 111
208 82
175 51
161 9
168 220
163 236
246 42
93 22
240 217
220 168
161 248
220 22
88 37
39 17
169 218
60 74
224 124
221 167
40 241
251 42
48 83
203 79
217 87
39 18
34 230
76 198
162 17
90 223
69 66
129 239
172 45
196 143
255 213
57 76
171 213
249 214
162 14
30 166
134 39
77 56
103 76
198 76
215 170
38 20
243 162
42 250
14 216
88 93
191 186
75 58
216 170
253 95
128 6
37 21
208 82
129 13
137 209
25 92
194 184
23 93
33 27
217 17
253 43
189 109
67 109
3 43
217 239
174 158
74 196
41 11
228 32
161 247
89 223
36 23
95 251
217 87
140 203
86 41
214 8
36 133
165 228
43 121
225 166
46 84
236 218
170 215
0 161
43 171
179 56
67 188
30 91
68 189
179 200
103 76
161 0
254 128
143 196
221 24
129 17
190 187
165 27
239 94
8 214
230 34
182 196
46 173
111 64
220 23
89 34
46 137
25 92
236 93
228 125
27 223
17 39
174 207
175 51
189 147
247 128
73 194
163 22
42 247
184 193
32 28
161 247
127 13
23 220
37 235
254 213
116 53
34 230
26 164
17 94
227 31
135 43
239 127
35 24
78 55
85 212
95 0
34 231
130 21
94 241
30 30
242 94
21 130
171 43
218 19
254 128
178 55
73 105
17 127
242 40
91 228
244 215
130 232
34 26
39 238
83 46
177 53
11 95
51 80
71 192
228 224
72 193
42 9
218 169
95 6
128 9
220 234
95 248
246 128
239 39
22 93
28 125
62 184
171 96
192 71
129 243
149 186
5 95
254 213
116 53
237 163
25 126
12 215
163 168
95 12
42 6
183 105
236 218
170 215
19 218
85 43
28 165
15 94
30 165
94 14
200 77
231 34
161 0
128 254
78 201
151 73
225 90
161 12
168 163
65 70
248 42
101 79
253 95
46 173
5 161
82 48
242 129
46 137
161 85
184 63
60 182
82 158
194 73
247 128
109 66
189 147
43 253
161 6
38 168
195 182
124 32
160 171
40 240
243 127
70 149
250 161
254 213
4 95
163 20
126 231
64 186
91 27
216 14
177 203
172 46
78 55
215 86
95 255
77 103
21 126
122 39
90 226
67 68
20 130
222 231
237 218
214 170
56 78
45 172
250 214
95 244
29 31
36 123
8 214
86 215
3 161
87 217
251 95
173 208
127 242
64 70
228 224
215 11
125 28
234 93
6 161
247 128
248 95
109 189
128 246
161 6
228 223
61 74
215 246
24 164
95 8
13 129
161 246
145 64
2 43
117 53
236 163
25 126
123 35
229 91
40 242
177 203
73 151
20 38
128 253
1 95
154 77
56 77
187 190
90 165
13 41
56 178
16 162
0 161
42 86
113 60
242 162
238 129
95 244
28 91
41 244
230 164
86 215
39 238
172 210
203 177
83 48
127 242
161 9
224 29
72 193
182 196
39 87
138 51
247 128
37 22
247 161
246 128
62 72
223 28
42 246
235 163
88 220
40 240
12 129
108 69
192 145
254 213
217 238
176 156
25 125
41 12
169 94
11 161
203 79
221 232
113 195
3 128
180 58
43 171
130 22
15 94
225 166
13 41
126 20
94 16
0 161
214 170
59 143
94 242
90 30
188 67
91 228
191 186
58 180
94 19
3 161
46 172
54 79
107 185
223 90
161 10
231 164
11 41
131 229
229 33
205 138
9 128
175 51
188 147
253 213
138 207
33 228
227 131
235 163
36 88
47 119
81 51
69 148
204 80
169 218
161 4
156 80
59 75
71 64
92 27
216 15
224 166
221 232
236 218
86 41
95 255
171 213
126 234
13 215
90 165
243 215
91 227
25 221
57 179
214 170
197 113
162 14
127 238
189 188
167 164
16 162
180 198
238 94
140 54
169 40
79 202
244 161
42 251
216 241
230 164
71 193
24 92
21 163
161 251
248 128
95 7
81 50
43 252
72 193
88 37
195 183
132 225
96 84
161 248
222 167
95 10
192 145
213 2
196 182
87 40
131 26
185 192
34 89
69 66
214 251
35 24
55 178
84 211
161 1
34 230
249 214
15 94
91 29
121 216
29 91
104 75
1 95
85 43
236 38
74 104
226 91
121 42
28 91
244 215
126 23
94 18
217 18
84 46
21 219
71 106
52 80
40 15
26 92
237 93
60 182
163 235
61 183
213 253
234 37
68 109
128 245
184 63
173 159
93 22
246 41
232 92
137 48
50 175
69 148
219 22
38 168
239 39
216 87
181 59
34 133
167 34
15 40
53 177
184 106
236 219
86 40
55 141
42 170
165 229
38 134
227 91
68 67
178 201
221 231
19 38
213 0
200 179
94 241
165 226
68 189
32 166
215 12
27 92
170 42
161 254
84 45
37 21
232 221
5 42
70 191
167 222
41 245
229 125
39 87
239 217
253 43
52 80
161 9
4 43
48 138
93 233
163 234
62 183
32 28
119 208
4 214
246 95
95 250
128 249
74 195
27 33
197 181
94 238
225 227
216 15
90 224
24 221
178 202
45 84
161 2
238 162
214 7
134 218
166 31
188 189
214 250
44 84
77 57
0 128
197 114
241 162
214 6
215 121
167 164
122 219
57 180
86 214
217 18
45 172
219 235
47 173
176 52
95 246
230 164
64 71
247 42
235 93
39 239
253 43
95 7
36 233
221 89
63 72
228 224
30 124
132 226
37 88
248 95
42 4
174 49
37 234
43 254
204 117
217 87
197 181
133 222
94 86
246 95
176 203
83 209
37 235
169 216
75 197
162 18
76 199
190 69
30 225
216 14
165 30
44 84
255 161
213 85
161 255
44 172
127 237
188 67
166 224
16 162
8 214
102 78
197 75
84 45
177 54
221 24
176 52
161 10
170 162
215 11
247 42
21 163
204 139
213 253
146 191
95 246
221 89
48 137
88 37
194 183
30 132
23 163
240 216
175 206
23 220
80 52
48 83
17 217
27 33
181 59
237 162
86 161
186 191
224 166
24 221
194 144
87 40
39 18
162 18
164 229
134 219
31 30
40 242
226 165
74 152
218 20
85 213
57 77
172 212
91 29
67 68
227 165
66 69
214 249
18 162
38 238
128 4
161 252
83 47
176 53
241 40
230 164
162 237
125 26
163 236
239 217
7 128
65 146
187 148
252 214
119 48
88 37
41 246
10 215
32 28
119 208
245 128
233 36
7 95
128 248
95 251
169 217
164 232
11 215
29 224
241 216
52 176
95 12
79 54
255 213
181 59
238 162
233 130
12 215
226 31
216 14
178 201
94 15
56 179
85 213
95 1
171 212
250 214
41 135
225 90
218 134
27 91
179 102
254 95
40 86
144 195
209 83
53 80
95 245
29 31
162 238
230 125
236 93
117 204
38 88
161 250
161 10
167 221
208 119
97 172
132 31
61 183
97 83
49 118
43 4
161 247
161 7
174 48
17 217
169 217
42 247
215 245
92 26
246 95
204 80
83 209
54 177
87 40
75 197
78 101
199 180
94 240
224 166
67 188
6 214
74 152
38 236
43 0
57 77
231 221
250 214
67 67
166 225
190 187
199 77
34 26
115 200
213 255
202 178
106 184
5 42
191 187
164 27
71 192
231 164
80 156
239 217
249 128
95 6
82 49
34 167
63 71
224 28
183 62
22 93
163 233
49 118
206 81
247 95
205 80
88 37
117 51
157 81
60 74
41 11
227 32
211 136
176 204
149 185
219 21
43 254
75 197
162 18
23 126
12 215
90 224
13 161
42 6
231 35
254 161
86 42
38 19
240 162
201 178
188 189
31 166
241 94
130 234
77 154
58 180
41 86
161 253
13 95
42 251
44 136
94 169
192 185
75 59
20 163
161 252
7 128
52 80
148 69
4 42
95 248
220 88
93 21
73 61
228 33
16 39
50 174
81 206
249 161
128 248
51 139
169 217
164 232
93 237
25 164
10 161
166 33
107 71
144 63
2 43
59 75
34 230
8 42
41 12
29 225
135 42
250 42
162 242
77 56
86 42
218 237
212 85
55 78
216 122
166 225
41 243
165 28
102 77
161 255
41 86
113 61
83 46
127 240
245 161
31 227
71 192
231 125
87 216
196 74
128 7
6 161
174 207
42 252
40 16
228 224
132 31
125 29
223 228
138 49
128 10
67 147
66 110
48 82
118 51
87 39
74 196
132 223
86 161
40 241
90 223
95 11
95 251
172 46
75 197
170 215
198 180
36 133
88 163
12 161
202 79
84 211
179 200
214 86
95 0
25 34
126 236
188 189
166 165
243 215
56 179
43 85
76 58
41 86
113 61
83 46
31 166
43 136
31 227
70 192
92 231
176 100
95 4
254 43
250 95
10 95
81 205
216 240
224 28
163 235
163 22
88 218
72 62
82 49
147 189
161 8
43 253
39 17
163 22
131 28
124 33
171 95
247 95
127 14
161 245
235 219
39 169
39 18
170 215
180 58
133 220
31 29
190 68
129 238
45 84
78 56
1 128
38 19
231 222
126 236
41 13
226 30
66 68
77 56
43 85
198 76
41 86
20 218
73 105
53 79
161 11
29 31
221 133
231 164
236 93
203 139
6 128
6 161
36 233
222 89
119 47
228 224
225 132
234 163
98 82
16 39
49 174
248 95
22 36
88 37
138 206
174 158
131 28
236 163
164 231
64 186
14 129
186 107
251 161
128 251
95 253
94 237
248 214
186 191
168 93
95 12
79 54
24 221
218 20
43 255
237 38
213 85
228 91
162 14
91 166
243 215
7 214
34 25
95 1
212 85
161 253
243 162
17 127
161 11
31 227
186 65
214 248
79 156
140 53
2 213
5 161
48 174
214 4
95 247
231 164
245 215
61 182
174 98
6 161
43 3
234 36
51 175
213 3
62 73
98 174
214 9
72 63
25 164
119 210
167 33
48 82
21 37
213 2
217 238
101 177
58 76
215 244
91 28
216 14
250 42
105 73
201 78
255 213
19 218
240 162
228 91
39 134
91 226
215 13
249 42
43 85
1 161
128 2
60 143
172 210
225 90
121 43
27 91
221 133
76 58
215 170
74 60
217 169
192 111
174 208
51 80
161 9
164 25
193 184
93 233
218 169
73 62
36 88
81 205
147 67
88 36
95 250
82 98
23 163
11 215
164 231
216 15
222 167
11 161
235 219
173 46
53 140
101 177
198 180
191 70
166 33
190 69
225 166
35 24
201 78
170 215
180 58
239 162
130 21
68 67
30 90
242 94
56 179
162 240
58 180
128 2
161 254
73 105
79 202
14 216
227 225
186 65
230 164
26 222
116 203
128 250
37 21
233 220
205 176
216 241
35 167
20 163
125 28
163 234
138 50
82 49
36 22
234 220
128 246
161 6
98 174
93 23
184 194
228 32
240 216
252 42
186 107
219 21
43 254
182 60
215 86
8 42
12 215
90 223
135 43
239 127
183 105
196 143
213 1
115 57
153 76
214 7
188 189
166 91
134 39
7 214
34 25
57 115
43 1
254 95
232 221
250 214
69 190
93 168
244 215
24 130
93 19
253 95
254 43
37 21
82 48
51 80
216 241
85 95
132 32
60 182
229 33
194 73
174 207
220 234
8 95
88 36
138 206
98 174
42 246
194 72
24 164
137 47
252 42
107 70
80 53
128 250
53 139
20 93
126 231
123 35
27 165
95 11
17 129
73 151
143 61
128 254
38 19
77 103
249 214
15 94
30 226
14 162
91 227
162 240
218 19
0 213
218 236
14 94
202 177
161 12
32 166
41 244
214 248
94 19
3 161
87 217
219 235
220 23
129 14
192 186
164 25
32 124
42 9
27 223
217 17
82 49
22 219
161 8
82 207
250 161
163 22
93 22
246 41
28 224
40 240
13 129
23 220
21 37
169 218
4 95
86 40
214 8
133 221
223 167
66 187
127 16
232 35
143 61
41 170
161 1
153 77
235 130
39 134
226 226
68 189
249 42
44 85
199 142
86 214
38 20
45 172
54 79
68 189
168 163
191 186
26 92
237 94
253 95
39 87
144 193
232 220
167 223
216 241
25 92
72 193
182 196
169 39
73 62
3 213
248 95
22 36
168 220
95 249
28 33
125 227
93 235
92 24
119 209
175 205
174 49
64 111
218 87
39 18
216 87
214 8
162 18
223 167
95 11
240 127
35 24
20 38
86 41
38 19
43 171
228 91
134 218
30 30
14 162
78 55
181 103
180 199
86 214
77 200
151 74
6 42
161 12
32 166
239 94
198 76
215 170
253 95
213 254
112 63
107 185
214 5
95 246
221 89
163 237
247 42
175 99
73 61
219 168
22 219
206 81
207 174
240 39
93 233
163 234
163 21
228 32
47 119
205 81
233 36
204 80
209 173
60 74
236 163
8 42
192 71
162 169
15 40
129 240
184 106
95 253
41 170
141 200
43 171
91 28
94 241
166 91
243 215
214 249
94 16
77 57
128 255
218 236
162 14
6 42
121 42
32 166
123 219
214 248
215 170
254 95
210 84
194 112
47 173
242 129
186 65
224 29
223 132
9 214
223 229
161 251
37 88
219 234
220 23
50 82
7 95
23 93
22 163
41 10
164 232
119 209
214 252
36 23
204 80
213 2
39 17
236 163
26 125
215 245
229 92
216 15
166 32
95 13
112 195
41 170
58 76
154 77
214 7
218 122
91 29
14 162
214 249
25 221
198 142
213 0
77 200
172 211
178 54
40 14
164 89
244 215
26 92
78 155
161 254
172 210
161 252
244 161
214 5
241 40
164 26
132 33
232 164
217 169
17 39
3 213
51 80
233 220
128 245
240 39
163 23
73 195
215 246
159 172
48 119
89 221
246 95
52 176
83 209
4 95
33 229
59 75
18 94
26 164
191 69
203 79
47 83
144 61
128 3
255 161
18 94
126 234
69 66
29 165
121 215
250 42
241 94
255 161
214 171
197 114
45 172
238 129
13 95
32 166
94 16
214 248
26 222
2 161
213 255
219 235
95 244
90 33
120 45
26 92
162 237
42 9
163 235
251 95
83 48
191 110
161 9
81 206
240 39
32 228
131 30
41 10
172 97
193 71
89 221
148 187
65 110
218 88
74 195
229 223
247 214
71 64
230 92
15 40
224 166
173 47
95 252
128 252
59 75
222 26
91 27
240 162
31 90
162 243
29 91
104 75
237 218
171 213
218 236
182 152
127 237
188 67
164 89
41 244
130 233
214 170
18 39
1 213
95 4
185 150
214 5
216 241
170 161
245 215
42 9
93 21
161 251
213 253
249 95
49 174
128 245
240 40
88 37
41 246
62 183
219 168
63 184
175 206
233 36
52 176
43 254
52 139
175 157
125 230
215 245
26 164
44 120
203 80
95 12
37 235
213 1
2 95
170 214
229 92
244 41
31 90
40 242
237 127
25 221
114 198
43 85
38 19
172 212
91 30
68 189
165 29
69 190
92 229
34 26
39 238
4 128
219 235
106 184
241 129
10 95
34 167
245 215
75 59
39 87
183 195
128 8
204 176
23 36
81 206
119 48
168 219
235 93
246 41
219 168
184 193
206 81
68 148
161 7
213 3
52 139
21 93
214 9
34 133
230 92
211 136
32 90
47 83
252 161
43 255
95 254
178 154
248 214
187 190
90 224
67 188
201 78
75 152
1 95
0 128
161 255
152 75
29 165
188 67
30 31
162 240
91 229
214 170
238 218
4 128
202 178
221 24
32 166
212 120
94 169
245 215
9 214
100 80
61 182
173 208
191 110
69 108
252 214
48 137
168 219
10 41
215 246
23 163
95 7
252 43
233 36
80 52
88 37
17 217
27 33
181 59
162 19
227 32
120 211
224 166
161 244
4 95
40 169
254 161
230 222
180 57
12 215
29 165
40 242
214 250
35 25
200 77
128 0
198 114
162 15
29 165
215 121
165 29
190 187
165 27
77 154
198 75
1 213
195 112
184 150
5 42
70 191
34 167
41 245
59 181
100 80
39 239
173 209
37 22
233 220
244 129
248 161
28 32
226 132
214 246
97 83
217 16
89 221
220 233
205 80
82 208
139 205
39 169
164 232
245 41
161 170
136 45
127 15
150 185
112 194
40 169
18 217
230 222
180 57
191 69
164 167
95 13
178 202
211 172
200 77
171 43
58 142
15 94
29 165
189 67
227 165
69 190
7 214
162 239
115 200
215 170
202 178
209 83
79 203
245 161
27 92
94 18
25 92
176 100
239 217
218 168
161 250
23 36
89 34
137 208
24 92
73 194
10 214
233 93
217 16
221 167
23 220
176 205
128 8
161 5
81 99
214 9
63 185
170 95
216 15
80 52
232 36
79 54
172 46
202 116
18 94
26 164
70 65
228 91
189 68
54 178
162 241
179 200
255 128
57 77
212 85
126 236
189 68
30 226
162 241
165 27
230 34
141 56
41 86
178 55
13 95
166 224
66 69
27 92
221 133
25 92
27 223
4 161
254 43
192 111
36 233
175 51
47 137
24 92
235 93
73 61
37 88
138 49
89 220
188 109
66 110
37 168
139 205
235 163
247 214
163 19
227 32
40 241
90 223
173 48
95 252
210 172
39 18
26 34
26 164
215 244
90 224
242 216
214 250
182 105
59 113
0 213
0 95
181 153
165 227
122 40
90 31
15 162
249 42
85 213
58 180
45 172
201 178
13 95
32 166
95 245
27 92
133 35
164 25
20 163
74 60
43 2
64 145
207 82
51 81
240 40
164 24
72 194
195 73
38 88
72 62
220 168
109 67
161 7
128 9
205 118
175 157
164 233
223 124
89 221
40 241
223 166
24 220
37 235
84 210
18 217
19 94
126 232
191 70
168 93
12 161
18 129
242 94
179 200
86 42
57 76
212 85
130 20
14 94
30 226
243 215
228 165
94 17
180 198
43 1
253 95
24 35
31 166
43 136
92 229
221 133
231 125
100 80
18 39
2 213
6 161
161 10
127 243
47 137
164 24
184 62
93 234
173 98
161 249
10 128
9 161
190 146
37 168
118 50
99 174
163 233
11 215
221 167
216 15
242 127
149 186
79 53
84 210
54 140
155 79
198 180
215 244
228 91
188 190
202 79
182 105
196 143
170 214
57 142
44 171
130 20
189 68
166 225
122 217
77 56
34 26
161 255
213 255
253 95
94 243
127 239
14 216
29 31
41 244
25 92
156 176
60 182
250 128
21 219
107 186
222 89
9 95
28 32
184 62
74 61
38 88
118 207
128 10
50 81
205 81
247 128
95 250
33 229
9 42
184 193
231 92
64 186
167 33
208 173
37 235
213 2
140 202
41 170
58 76
70 65
91 28
66 187
250 42
183 105
38 236
255 213
237 38
180 153
165 227
14 94
165 90
68 189
249 42
76 153
161 255
44 171
55 78
24 35
129 17
11 95
225 29
70 191
164 25
156 177
18 39
250 128
111 64
220 23
252 214
64 71
88 36
224 132
228 125
234 93
62 184
43 3
248 95
36 234
168 220
194 183
229 223
233 93
132 224
167 35
161 247
167 33
149 186
111 193
213 2
182 60
41 170
76 198
215 244
28 165
95 12
54 177
210 172
196 143
171 44
38 19
34 231
130 21
14 94
30 91
122 217
28 91
103 76
141 57
44 171
95 3
46 172
127 239
216 242
163 88
70 191
231 164
222 230
140 53
39 87
177 53
23 36
51 80
210 119
92 231
32 124
60 182
229 33
73 62
128 246
189 109
220 22
253 213
95 250
223 27
182 60
236 163
228 32
15 40
176 205
36 23
145 63
46 83
161 3
101 177
231 130
12 215
31 29
244 95
90 225
242 94
55 178
2 128
161 0
25 34
228 91
122 39
90 165
188 67
28 91
231 34
141 57
2 128
95 2
94 242
202 177
69 190
223 90
12 41
214 248
93 19
60 182
210 83
219 235
245 161
252 214
161 9
28 32
215 11
9 214
223 229
250 95
49 174
189 109
67 109
82 207
50 138
234 163
228 131
93 236
85 160
192 71
81 51
174 48
95 251
83 209
53 140
86 41
248 214
191 70
91 27
95 12
214 250
24 221
3 95
128 254
76 198
103 180
249 214
122 39
90 226
243 215
91 228
171 43
0 161
1 213
95 2
35 232
250 214
187 66
31 227
41 244
92 230
34 26
60 182
5 128
21 219
95 245
89 33
241 40
164 25
132 32
23 93
82 158
118 206
253 43
248 95
22 36
220 88
39 17
33 229
163 233
194 72
171 96
9 161
129 243
149 186
37 235
83 209
4 95
20 93
130 25
244 41
91 27
161 245
42 6
210 172
95 253
44 85
19 218
76 103
91 28
15 94
165 166
242 94
91 227
212 171
0 161
42 86
218 236
84 45
127 239
12 95
165 28
239 94
8 214
19 162
54 116
210 84
111 63
220 23
129 14
216 241
228 224
32 124
9 214
169 38
118 206
168 37
110 66
234 220
128 10
194 184
234 163
93 22
72 62
36 88
185 192
214 252
36 23
235 219
213 2
139 203
80 100
214 8
221 123
31 29
242 216
31 90
232 35
218 20
215 86
141 200
230 222
165 228
13 215
165 166
162 242
178 200
153 180
199 76
170 42
179 56
221 25
250 214
14 216
224 90
17 162
248 42
79 155
116 202
46 172
37 21
232 220
52 80
64 70
95 170
236 93
228 125
229 33
205 138
128 247
8 161
36 234
88 36
39 16
223 28
42 246
235 163
232 92
95 8
127 12
95 10
80 52
47 83
4 95
229 223
181 59
192 71
92 27
95 11
127 16
106 72
78 55
1 43
237 38
94 239
234 130
187 190
226 226
215 13
7 214
44 85
114 198
43 171
59 143
242 162
18 127
214 121
225 29
239 94
26 92
19 162
253 95
210 84
63 144
24 36
242 129
15 216
170 161
11 41
9 214
81 157
205 138
208 82
234 37
68 109
253 213
16 217
223 28
29 125
31 132
160 172
209 137
167 34
161 246
52 176
43 254
74 196
163 20
59 75
123 35
167 34
66 187
203 79
150 184
55 178
128 3
56 141
213 85
22 126
134 218
91 90
41 243
236 126
16 162
95 0
85 43
161 254
45 172
250 214
14 216
89 92
240 94
42 8
34 26
202 140
251 128
95 4
12 95
42 251
186 65
95 170
215 11
247 42
99 81
117 205
3 213
161 249
109 188
221 89
249 161
168 219
195 183
124 31
164 232
209 137
4 214
161 246
161 6
209 173
196 182
163 20
75 197
18 94
27 164
187 190
166 32
13 161
219 20
215 86
115 56
222 26
7 42
215 243
90 165
67 68
214 249
25 221
57 179
43 171
114 59
162 15
238 129
68 189
226 225
123 219
8 214
86 214
116 202
46 172
79 202
24 36
127 241
120 45
164 26
223 132
214 247
169 39
195 73
128 8
7 161
188 147
213 4
161 7
173 159
42 246
194 73
228 32
48 119
175 206
49 82
65 110
43 254
195 182
80 100
181 59
215 245
26 164
120 212
203 79
243 95
236 219
1 43
255 161
42 170
130 22
41 13
29 165
121 215
250 42
152 181
237 218
43 0
95 1
241 162
129 18
14 216
224 90
37 123
233 126
155 178
140 55
213 255
161 252
47 173
204 176
65 70
224 29
193 185
164 24
169 39
17 39
3 213
22 219
36 233
50 81
63 72
32 228
195 183
10 215
168 37
248 95
50 175
161 246
161 6
254 213
182 61
93 236
125 230
245 41
92 26
241 216
15 129
209 173
62 112
170 216
2 95
86 42
249 214
16 94
164 167
188 189
250 42
35 25
19 38
85 214
38 20
241 162
250 214
189 188
164 89
37 122
229 164
86 214
140 55
255 43
79 202
24 35
251 214
246 161
29 32
192 185
24 92
175 99
51 117
248 128
146 191
161 9
245 128
184 63
32 228
226 132
194 73
84 159
63 184
206 81
82 207
95 249
168 218
39 17
175 157
26 125
222 123
222 167
70 65
5 214
244 95
21 37
40 169
18 217
230 222
42 248
215 244
167 92
189 68
30 91
221 231
19 38
128 0
77 200
104 181
127 237
216 242
89 92
69 190
42 8
26 222
116 201
216 169
219 235
244 161
224 90
10 95
89 34
34 123
214 247
99 81
61 183
248 128
80 204
82 49
206 175
48 137
32 228
73 194
93 235
159 172
240 216
245 127
174 49
176 204
128 248
5 95
229 223
232 92
245 41
34 89
211 136
166 32
232 35
54 177
255 213
197 181
230 222
233 130
16 94
227 91
121 215
6 214
25 221
59 114
0 128
77 199
162 15
29 165
188 67
167 164
69 190
7 214
18 162
2 161
172 211
54 78
72 106
251 214
120 44
31 227
19 162
75 59
27 223
161 252
2 213
176 52
233 220
4 42
161 8
232 164
132 30
10 215
83 159
184 193
167 35
9 161
65 110
219 88
161 5
87 39
131 27
94 237
161 170
120 211
166 32
161 244
194 144
45 84
59 75
162 18
42 248
69 66
164 167
13 161
127 19
74 152
179 200
128 0
255 95
152 75
78 201
14 216
226 225
134 38
7 214
230 34
201 141
128 253
37 20
83 47
166 224
245 161
94 169
18 162
230 125
33 27
74 61
2 213
146 191
82 49
4 42
95 248
97 172
124 226
10 214
97 83
240 217
4 213
50 81
146 65
3 43
205 117
39 169
247 214
223 124
89 222
211 136
42 5
150 185
219 21
40 169
201 116
155 78
229 92
244 41
167 92
40 242
6 214
162 241
114 197
213 171
1 161
44 171
91 29
162 13
166 165
241 94
42 7
17 162
198 75
170 41
20 219
13 95
224 90
216 241
164 27
133 34
247 42
20 163
74 61
209 83
176 52
161 10
206 175
208 119
164 24
235 93
131 227
159 173
72 63
4 213
9 161
190 146
253 213
39 17
175 157
214 9
245 41
32 29
241 216
166 33
95 12
79 54
169 216
161 2
86 41
58 76
244 41
226 31
216 14
30 91
221 231
218 20
42 170
38 19
152 75
55 78
216 243
30 226
38 122
27 91
179 102
200 141
170 41
178 55
173 210
240 129
40 15
227 225
133 34
26 131
33 27
39 239
87 218
250 95
148 69
34 167
185 63
88 36
41 246
131 227
228 33
63 184
43 4
50 81
176 205
219 88
139 205
163 21
42 247
215 245
224 227
70 65
90 223
48 83
95 252
5 128
2 95
162 19
232 130
94 239
92 89
14 40
54 178
35 25
254 161
0 213
77 199
85 44
236 130
68 67
166 165
187 66
57 179
77 154
1 161
213 255
143 195
24 35
53 79
187 66
227 225
94 18
59 181
229 33
117 203
7 128
80 204
108 187
34 167
8 95
36 168
235 93
73 61
168 37
95 7
207 82
50 81
161 7
9 128
138 205
223 27
131 27
245 41
25 164
161 247
80 52
161 245
177 203
251 128
197 181
230 222
58 76
36 133
228 91
95 12
6 214
105 74
113 197
213 171
237 38
222 25
7 42
40 134
166 165
162 241
130 234
162 239
161 255
215 170
195 113
72 106
31 166
40 14
92 229
64 70
25 131
156 176
238 217
218 169
161 250
82 49
51 81
64 71
88 36
132 31
182 195
98 83
161 249
3 213
50 81
51 175
48 82
118 50
169 217
93 23
163 20
95 85
70 64
167 33
173 48
193 145
43 254
3 95
215 86
130 24
239 162
224 166
42 121
250 42
25 221
95 254
1 128
57 76
240 162
165 227
188 189
30 91
39 122
28 91
43 85
237 218
255 43
236 38
35 232
240 129
69 190
89 33
162 238
75 59
229 33
39 238
169 38
250 95
48 174
89 34
16 216
88 36
31 124
227 125
223 229
240 217
168 36
109 67
51 175
219 88
194 183
234 163
42 247
163 20
92 25
64 186
33 89
186 107
111 193
254 213
196 181
19 94
24 126
191 70
225 227
244 95
202 79
232 35
196 143
128 2
141 199
213 85
91 29
134 216
90 30
243 215
130 235
25 222
198 76
86 215
143 196
162 13
42 250
14 216
31 227
238 94
248 42
216 170
18 39
209 83
79 203
208 82
89 34
137 209
92 231
224 132
23 93
22 163
138 50
82 49
161 248
95 248
207 174
138 206
87 38
233 93
245 41
92 25
241 216
205 80
161 245
177 203
217 87
161 3
222 26
42 248
220 123
166 33
161 244
214 250
162 242
236 218
255 213
0 95
171 213
42 249
94 242
226 90
122 217
28 91
76 153
115 199
128 254
38 20
232 221
166 225
190 187
31 227
35 123
231 164
155 177
116 203
213 254
111 64
149 70
252 214
161 9
89 36
163 236
42 9
223 229
6 161
246 128
205 175
8 95
213 3
39 17
93 234
163 233
124 32
167 35
40 241
42 4
95 11
235 219
217 87
18 217
79 101
214 8
17 94
229 91
14 40
17 129
84 210
254 161
255 213
115 57
213 85
165 228
243 41
166 91
242 94
179 200
16 162
0 95
212 85
55 78
172 210
17 127
66 69
163 88
17 162
42 8
41 86
116 203
83 46
37 21
23 36
13 127
71 192
231 164
132 32
60 182
158 174
206 138
49 174
205 175
67 109
82 207
118 50
33 229
247 214
184 193
36 89
210 137
81 51
82 208
111 192
47 83
116 53
100 177
76 198
133 221
165 229
135 43
79 54
210 172
3 95
215 86
199 115
76 103
126 235
122 39
226 166
13 41
7 214
16 162
141 57
213 255
254 95
84 46
79 202
190 187
163 88
94 17
232 126
163 237
18 39
210 83
37 21
95 245
167 223
137 210
96 171
124 224
9 214
98 82
183 194
43 3
109 66
50 175
207 174
206 118
158 82
246 214
20 93
88 220
71 64
34 89
245 95
161 6
2 43
182 60
230 223
198 181
12 215
27 165
121 213
203 79
13 162
196 143
43 255
141 200
180 153
7 42
189 68
30 90
13 41
236 126
34 25
57 180
42 86
218 236
84 45
42 250
95 244
33 166
36 123
214 248
86 215
196 75
217 169
203 177
11 95
89 33
64 70
85 95
132 32
125 28
82 157
206 138
247 128
81 205
147 67
207 174
184 62
83 98
125 227
246 41
228 32
16 40
34 89
95 10
6 95
254 213
117 53
216 86
42 248
70 64
225 227
43 120
203 79
232 35
143 61
255 213
95 255
213 85
77 200
66 188
165 226
162 242
214 249
180 103
237 218
43 0
200 179
211 84
42 250
121 42
168 163
94 17
126 24
94 19
140 54
39 87
53 79
220 23
251 214
40 15
224 29
93 20
233 163
169 39
118 205
88 219
248 95
81 50
220 88
194 184
168 218
22 163
225 124
84 160
240 216
13 129
95 10
95 250
38 169
60 74
80 100
248 214
133 221
87 162
245 95
240 127
106 72
201 78
170 215
255 161
213 85
179 56
241 162
166 91
40 122
130 236
34 25
161 0
0 213
59 143
221 25
226 90
68 189
90 32
36 123
58 180
26 222
181 197
84 46
63 144
36 232
80 204
186 65
170 161
132 33
214 247
87 217
251 95
168 37
51 81
175 206
49 82
95 249
228 223
163 234
194 72
28 224
95 8
4 214
82 207
176 204
254 213
239 39
93 236
231 131
215 244
87 162
11 161
42 5
95 13
161 3
255 213
95 255
43 171
165 228
241 162
226 226
242 94
165 29
16 162
237 218
213 85
38 20
152 74
18 127
40 14
224 90
219 133
76 58
94 18
197 75
5 128
161 252
95 244
52 80
15 216
26 92
245 215
42 9
99 81
61 183
82 48
205 176
188 147
35 167
217 240
228 224
61 73
31 132
88 220
95 8
129 244
207 174
64 111
249 128
95 252
163 20
247 214
162 18
162 169
120 212
16 129
106 72
236 219
41 170
200 115
222 26
42 249
94 241
29 165
243 216
201 78
181 104
1 95
86 214
95 2
182 152
129 18
189 188
164 89
240 94
199 76
101 78
140 54
46 172
252 95
47 173
5 42
136 211
230 164
93 19
27 131
175 99
251 95
128 248
80 205
220 23
175 50
7 95
159 83
93 22
246 41
32 28
193 71
81 50
233 36
204 80
173 47
4 95
20 93
231 92
71 64
162 169
11 161
79 53
72 150
195 144
253 128
181 58
26 34
42 249
16 94
166 92
121 215
55 178
152 181
95 255
0 213
56 77
25 35
78 201
68 189
29 91
94 16
27 92
170 42
201 140
45 172
54 79
71 106
176 52
120 45
29 32
94 19
196 75
99 81
139 51
248 128
52 80
108 188
128 11
72 193
93 233
61 73
235 163
84 159
16 40
42 4
246 95
110 191
209 173
17 217
229 223
197 181
222 123
89 222
70 65
166 32
47 83
219 21
213 1
95 254
86 42
234 130
187 190
30 225
94 13
78 55
162 241
199 77
0 128
95 1
241 162
226 91
68 189
91 227
41 244
8 214
222 230
18 39
40 87
177 54
35 232
127 241
241 40
89 34
41 245
247 42
21 163
195 73
219 168
204 176
188 148
213 4
208 119
97 173
22 163
41 10
159 172
208 137
4 214
82 207
161 7
2 43
117 52
87 39
75 197
222 123
164 230
95 10
224 166
209 173
219 21
84 211
197 181
42 170
248 214
240 162
31 90
188 189
250 42
94 15
38 237
85 213
236 38
172 211
30 165
121 41
89 92
162 240
8 214
170 42
201 140
40 87
144 194
185 150
176 52
15 216
31 227
94 19
9 214
27 223
39 239
248 128
161 249
161 9
50 81
216 240
233 164
246 215
132 226
32 28
249 95
127 11
233 36
219 22
173 48
239 39
93 235
75 197
64 185
170 94
241 216
42 5
209 173
144 62
4 128
59 75
18 94
229 92
16 94
227 91
41 121
129 237
75 152
56 179
0 213
1 161
162 15
129 19
14 216
225 30
190 187
214 249
214 170
238 218
84 45
144 194
24 35
53 80
44 136
87 94
245 215
197 75
40 87
74 61
208 83
22 219
187 148
167 221
161 8
224 28
93 21
30 132
93 23
95 7
128 11
68 148
22 37
37 168
217 239
39 169
9 42
192 71
161 170
15 40
251 42
71 150
252 161
1 43
116 55
102 178
214 8
66 187
91 29
68 67
250 42
231 35
59 114
43 85
198 114
181 152
237 129
40 14
165 29
187 66
7 214
77 154
181 198
213 255
144 195
83 47
224 90
186 65
164 26
245 215
131 230
80 156
182 195
2 213
6 161
10 95
42 252
95 248
28 32
132 30
183 195
168 37
217 16
81 50
23 220
95 249
128 8
183 61
217 87
9 42
63 185
32 29
70 65
80 52
106 71
4 95
128 252
254 161
26 34
92 27
215 244
90 224
67 188
6 214
172 45
59 114
86 42
142 198
231 221
250 214
94 243
90 91
215 13
214 249
230 34
237 218
43 1
61 144
95 243
90 32
161 11
222 89
34 123
59 181
87 216
17 39
88 218
145 191
148 69
167 221
40 16
159 84
31 124
10 214
83 159
95 7
252 43
95 9
22 37
43 253
51 139
175 157
125 229
245 41
86 161
246 95
42 5
232 36
21 37
40 169
95 254
26 34
42 248
123 37
228 91
242 216
54 178
221 231
2 95
43 85
114 58
171 212
20 126
162 14
91 166
13 41
214 249
26 222
95 1
1 213
236 37
46 173
214 5
69 190
87 94
162 238
231 164
229 33
182 196
173 209
176 52
23 36
252 214
216 240
96 172
62 73
61 183
23 163
161 249
245 128
81 206
161 7
43 253
17 217
157 81
125 229
193 71
95 86
95 10
223 166
95 12
4 95
128 251
18 217
230 222
58 76
94 239
32 90
244 95
214 250
172 45
95 254
1 128
218 237
181 153
29 165
242 162
30 226
41 243
199 77
239 94
19 38
128 253
20 218
221 24
251 214
187 66
94 169
12 41
231 125
156 176
117 204
249 128
235 37
95 246
129 12
16 216
88 36
93 21
227 125
93 23
194 72
36 89
220 234
110 190
3 43
118 51
223 27
247 214
132 223
161 170
46 120
127 14
208 173
21 37
254 213
238 39
79 101
248 214
70 65
93 88
68 67
90 226
35 25
161 2
214 86
199 114
34 231
249 214
215 243
226 30
69 190
28 91
213 171
56 115
3 128
195 113
184 150
42 251
213 120
31 227
41 244
214 248
216 169
139 53
209 83
192 111
36 233
222 89
209 119
84 96
41 246
246 42
233 93
62 184
3 213
36 22
110 190
247 128
39 17
82 99
28 125
63 184
25 164
161 247
176 204
11 161
111 193
43 254
140 202
162 19
232 130
17 94
227 31
216 14
214 250
172 45
95 254
128 255
95 0
180 153
214 7
68 67
225 90
68 190
235 126
26 222
1 161
1 213
95 3
13 94
129 16
216 242
227 225
70 192
231 126
93 20
60 182
254 43
6 161
36 233
13 127
209 119
168 220
246 215
74 61
174 98
138 49
246 128
22 220
36 234
253 213
95 250
22 93
247 214
32 132
161 171
70 64
80 52
173 48
235 219
84 210
60 75
101 177
164 230
70 65
223 166
242 216
17 129
162 242
113 196
1 43
199 180
94 240
126 236
40 134
226 165
162 241
200 77
34 25
198 76
128 254
55 78
84 46
127 239
190 187
27 91
238 94
42 8
170 40
238 217
213 254
79 203
208 82
81 205
240 40
88 36
224 132
23 93
168 38
50 118
253 43
81 206
66 109
168 220
39 17
223 27
196 182
215 245
228 32
241 216
13 129
245 95
161 5
251 128
196 182
170 215
8 42
17 94
28 165
66 187
79 54
105 73
178 201
85 212
38 19
85 43
179 56
188 189
91 166
162 241
249 42
17 162
19 38
43 1
218 236
242 162
127 239
244 161
93 168
133 35
126 25
79 156
140 53
213 254
235 37
107 186
243 129
71 192
85 96
184 63
28 131
163 234
6 161
207 82
248 95
175 205
3 43
17 217
163 22
196 182
124 32
221 167
192 71
167 34
149 186
161 5
173 46
3 95
41 170
180 58
215 244
33 90
242 216
79 54
73 151
20 38
128 2
95 0
25 34
56 77
215 243
226 30
188 67
200 77
213 171
19 38
212 85
60 143
105 183
239 129
12 95
90 33
186 65
76 58
86 215
253 95
250 128
5 161
149 70
167 222
46 137
171 160
224 132
60 182
33 27
206 138
3 213
161 248
205 81
246 128
95 250
38 168
28 125
215 245
85 160
95 9
89 222
220 233
21 37
47 83
238 39
156 79
25 126
65 186
88 163
12 161
54 177
35 24
236 218
171 44
255 161
17 94
228 91
243 41
226 166
68 189
7 214
180 103
237 218
255 43
2 161
183 151
17 127
14 216
168 163
36 123
8 214
230 34
60 182
46 173
63 145
11 95
33 167
119 46
167 221
215 11
42 9
93 22
118 206
174 207
220 234
22 36
82 207
206 118
163 22
163 233
124 32
85 160
192 71
81 51
48 82
95 250
39 169
4 95
93 236
25 126
94 238
167 33
40 242
53 177
105 73
38 236
255 213
58 76
171 213
235 130
243 41
30 165
122 216
7 214
76 153
76 57
1 128
113 60
105 183
17 127
187 66
168 163
239 94
198 76
170 41
181 196
251 128
219 235
149 70
80 204
186 64
25 92
32 124
163 23
99 82
73 62
88 219
234 37
147 67
128 246
39 16
223 28
182 61
184 194
171 96
16 40
127 13
23 220
176 203
6 128
139 203
156 80
75 197
162 18
87 162
40 242
5 214
232 35
253 161
254 128
1 95
94 239
130 21
134 217
165 226
122 216
126 20
162 240
237 218
0 43
113 60
162 14
30 166
161 12
29 31
65 70
58 180
79 155
253 95
43 2
63 145
245 161
176 52
9 95
221 89
63 72
125 28
229 33
17 39
213 253
234 37
161 9
88 36
118 49
223 28
93 22
72 62
168 36
8 161
4 214
161 246
21 37
128 250
39 18
156 80
197 181
35 133
169 94
95 11
240 127
106 72
201 78
128 253
115 56
26 34
130 22
38 134
165 166
14 162
42 7
85 212
180 199
214 170
200 179
221 25
42 250
188 67
88 93
215 12
92 230
34 26
181 197
46 172
144 193
83 48
176 52
95 246
35 167
237 93
182 196
163 235
17 39
128 9
219 234
147 67
220 89
249 161
168 219
131 29
184 194
164 232
209 137
205 81
10 161
204 80
128 7
52 139
27 33
42 248
35 133
227 31
69 66
224 166
24 221
201 78
170 215
200 115
43 171
165 228
41 13
31 90
13 41
201 78
222 231
19 38
85 43
59 143
45 172
238 129
188 67
92 167
133 37
58 180
178 101
95 2
210 84
21 219
149 71
166 223
40 15
161 86
124 223
232 164
99 81
51 117
213 253
190 110
95 247
82 206
161 7
28 32
246 214
31 132
220 168
209 137
205 81
23 220
250 161
83 209
117 52
20 93
181 59
192 71
227 31
15 40
240 127
35 24
161 3
211 172
115 56
214 85
91 27
13 215
227 91
216 135
29 91
221 231
142 58
0 213
77 200
15 94
214 6
161 13
31 226
133 37
57 180
178 101
181 197
40 87
144 194
185 149
241 129
216 241
35 167
245 215
196 74
163 235
95 5
88 219
51 80
220 23
213 4
161 7
159 83
131 30
225 124
220 168
8 161
252 42
36 23
176 204
168 218
161 4
100 176
9 42
11 215
169 94
191 69
177 203
72 150
78 54
86 40
115 56
170 214
91 27
94 240
165 166
162 243
250 42
152 181
114 198
171 213
20 218
94 241
129 18
216 242
92 167
162 240
42 8
214 170
254 95
213 255
177 54
185 150
52 80
246 161
227 224
94 19
27 131
235 93
161 251
88 219
204 176
108 188
252 213
39 16
23 93
125 226
163 21
228 32
119 208
214 252
161 246
250 161
43 254
74 195
40 169
181 59
11 215
31 29
65 186
15 129
47 83
112 194
40 170
197 181
26 34
249 214
41 13
166 31
243 94
214 250
231 35
114 198
85 43
236 38
221 25
127 237
14 216
224 90
162 240
126 23
94 18
95 2
172 211
161 252
221 24
127 241
120 45
224 29
34 124
214 247
33 27
217 17
248 128
234 37
188 148
206 175
137 208
233 163
73 195
163 21
84 159
48 119
12 129
36 23
249 161
43 254
95 251
99 175
181 59
237 162
162 169
161 246
241 127
12 161
252 161
40 169
140 201
214 86
23 126
12 215
31 90
40 242
129 237
15 162
1 95
0 128
200 179
45 172
178 55
215 121
225 30
240 94
164 27
238 94
238 217
252 128
252 95
95 244
42 251
211 120
230 164
94 19
26 131
93 21
239 217
248 128
219 234
68 108
4 42
48 137
23 92
62 73
183 194
224 228
216 16
81 50
36 23
191 146
208 173
195 183
169 217
9 42
133 222
34 89
161 246
90 224
221 232
194 144
128 252
75 197
34 230
214 8
66 187
167 92
40 242
178 201
211 172
161 1
0 213
57 77
181 152
91 30
68 189
164 89
162 240
23 130
86 214
59 181
213 255
178 54
24 35
80 203
246 161
92 230
237 94
42 9
93 21
195 74
254 43
95 7
82 49
221 89
63 72
228 224
132 30
226 124
219 168
16 40
128 245
108 68
161 7
208 173
39 17
229 223
24 164
71 64
222 167
95 10
52 176
244 95
177 202
4 128
201 116
230 222
8 42
244 41
227 91
242 216
30 91
152 182
179 200
0 43
95 1
85 44
19 127
188 67
90 31
69 190
130 234
170 42
2 161
3 128
78 202
243 161
241 129
11 95
227 225
41 245
214 247
33 27
182 195
2 213
52 80
95 246
214 4
248 161
159 84
41 246
131 226
168 37
7 161
50 175
220 233
80 52
37 168
51 139
33 229
181 60
193 71
224 227
191 70
90 223
209 173
37 235
172 45
75 197
101 178
248 214
244 41
164 167
215 135
30 91
74 152
236 218
213 171
218 237
44 171
214 6
13 94
165 90
13 41
77 57
86 214
198 75
43 1
178 54
106 184
127 240
187 65
169 162
64 71
231 164
163 236
4 161
128 249
219 234
10 95
89 35
71 193
159 84
215 10
73 61
224 228
118 207
252 43
50 81
190 146
3 43
183 61
39 169
74 196
245 41
227 32
65 186
52 176
209 173
177 202
40 169
254 161
170 215
230 92
41 12
28 165
40 242
6 214
74 152
2 95
255 128
19 218
162 16
165 227
162 14
227 165
218 134
7 214
42 85
95 1
211 84
37 20
210 83
42 251
44 136
89 34
222 133
131 230
229 33
117 204
173 209
6 161
246 161
167 222
248 161
224 28
235 93
131 227
173 97
161 249
89 221
206 175
249 161
253 213
195 183
21 93
60 74
223 124
167 35
70 65
5 214
36 24
37 235
5 128
238 39
19 94
130 24
94 239
92 89
242 216
78 54
25 221
218 20
0 213
0 95
212 85
165 227
122 40
30 30
215 13
22 130
171 43
95 1
43 1
61 143
173 210
224 90
11 95
167 223
71 192
125 25
20 163
39 239
128 7
80 204
82 49
12 127
216 240
24 92
246 215
73 61
233 93
161 249
220 167
9 161
234 219
9 128
205 118
99 175
9 42
245 41
167 35
186 191
176 204
149 185
95 251
43 254
39 18
34 230
164 230
17 94
91 28
67 188
90 226
242 94
56 179
128 255
161 0
162 16
236 130
67 188
225 90
66 69
56 179
17 162
218 19
128 3
20 218
35 232
53 79
69 190
33 167
244 215
181 197
100 80
39 238
254 43
53 80
95 246
243 129
16 216
224 28
184 62
42 10
168 38
95 7
174 207
147 189
8 95
128 9
17 217
87 39
196 182
184 193
85 161
241 216
214 251
220 233
111 193
39 169
202 116
41 170
232 130
65 186
32 90
244 95
18 129
221 231
254 161
213 0
57 76
44 171
20 126
242 162
30 226
162 241
21 130
239 94
1 161
44 172
3 161
243 162
42 251
245 161
169 162
221 133
214 248
80 156
18 39
128 250
203 176
187 149
127 243
119 47
32 228
31 124
246 42
223 229
250 95
168 36
8 161
81 51
37 168
62 73
158 82
93 23
163 20
228 32
46 119
42 5
173 48
21 37
217 87
54 140
94 237
198 180
239 162
165 228
216 14
166 31
242 94
178 200
86 42
141 199
171 213
42 249
94 242
165 90
215 13
249 42
34 25
38 237
86 215
95 3
232 221
79 203
216 242
168 163
238 94
58 181
86 216
203 139
254 43
21 219
220 23
252 214
209 119
28 32
93 20
131 227
218 168
239 217
253 43
234 36
22 36
253 213
17 217
22 93
93 23
41 11
96 85
247 95
223 167
48 82
235 219
128 251
116 54
86 41
130 24
162 17
166 33
40 242
31 90
172 46
178 201
43 255
19 218
162 16
42 249
13 215
30 91
13 41
21 130
180 103
57 115
255 43
253 95
162 14
90 31
121 43
166 223
70 191
42 8
163 237
74 60
47 173
79 203
220 23
129 13
216 241
231 164
32 124
214 247
38 88
17 39
253 43
147 189
81 51
168 220
39 17
87 38
196 182
245 41
35 89
185 192
222 167
208 174
95 251
128 250
140 203
101 177
8 42
70 65
163 168
135 43
166 31
105 73
143 60
128 254
180 58
43 171
28 165
134 217
30 226
242 94
56 179
162 240
198 76
128 2
78 201
242 162
127 239
14 216
28 91
162 239
230 164
93 19
253 95
39 87
145 193
95 245
214 4
192 185
231 164
93 20
131 228
223 229
39 239
3 213
161 248
234 220
220 88
17 217
93 234
93 23
32 132
167 36
241 216
252 42
95 11
95 251
213 2
217 238
230 223
231 130
186 191
168 93
135 43
17 129
183 105
143 60
1 43
180 58
153 76
200 179
241 162
165 166
122 217
214 249
213 171
199 76
171 212
201 178
242 162
127 239
69 190
168 163
191 186
248 42
215 170
39 238
210 83
95 5
107 186
33 167
15 216
224 28
215 11
9 214
234 93
138 50
174 207
175 51
189 147
49 82
184 62
93 234
131 29
93 236
88 220
64 185
205 81
220 233
177 203
217 87
74 196
79 100
164 231
12 215
27 165
121 213
239 127
151 183
236 218
85 212
218 237
171 213
21 126
94 241
165 226
67 68
126 20
94 16
199 76
44 171
200 178
73 105
127 239
121 42
88 93
162 239
180 198
170 41
161 253
213 254
95 5
245 161
251 214
210 119
95 171
245 215
42 9
234 93
250 95
219 168
22 220
248 161
3 43
207 118
168 218
29 125
184 194
168 36
40 240
252 42
220 233
176 203
218 87
95 252
93 236
197 181
64 186
223 167
40 242
166 31
151 183
218 20
213 1
115 56
153 77
28 165
94 241
30 226
215 13
200 78
171 44
218 19
0 213
20 218
14 94
30 166
12 95
168 163
70 191
8 214
170 41
116 202
2 213
219 235
107 186
42 251
15 216
32 228
236 93
23 93
99 82
217 17
3 213
175 51
147 67
82 207
217 240
218 88
246 214
184 194
172 96
216 16
127 13
220 233
53 176
209 173
161 4
87 40
231 92
215 244
92 27
136 44
16 129
184 106
20 38
1 43
58 76
239 162
200 179
122 38
30 165
134 40
126 20
85 212
76 57
128 1
38 20
94 242
90 30
188 67
93 168
36 123
92 230
79 155
238 217
210 84
219 235
12 95
214 5
65 70
231 164
132 33
92 233
235 93
205 138
128 9
110 66
175 206
3 43
62 72
173 158
163 234
194 72
84 160
185 192
222 167
148 187
95 250
87 38
4 95
40 169
92 25
12 215
92 27
15 40
251 42
161 243
161 3
45 84
141 200
162 17
77 199
41 13
225 166
68 189
78 55
75 153
57 179
171 213
113 59
211 84
42 250
244 161
90 32
244 215
26 92
215 170
197 75
84 46
252 95
71 107
204 176
45 136
35 167
33 124
131 229
87 217
5 161
8 128
22 219
9 95
4 43
7 95
224 28
131 29
246 41
160 172
47 119
51 175
69 148
204 80
43 254
52 139
229 223
26 125
123 34
34 89
11 161
240 127
106 72
161 3
172 45
115 56
85 42
27 165
38 134
30 30
67 68
227 165
152 181
218 19
86 214
56 77
104 182
30 165
189 188
165 28
65 69
164 26
230 34
18 39
87 216
202 177
36 232
15 127
15 216
164 26
71 193
247 42
169 39
73 61
8 128
161 249
23 36
175 50
193 184
228 224
183 61
62 183
97 84
95 8
89 221
220 233
65 111
128 249
182 61
223 27
125 230
222 123
227 31
40 241
177 203
221 232
144 61
255 213
58 75
17 94
7 42
66 187
225 166
243 94
201 78
94 15
114 198
171 213
200 179
35 231
127 238
242 40
228 165
219 133
8 214
86 214
201 140
43 1
144 194
24 35
204 176
191 186
167 222
41 245
232 164
21 163
161 251
43 3
204 176
148 68
50 81
240 39
219 88
30 125
246 41
224 228
193 71
221 167
10 161
234 219
38 168
195 182
176 156
59 75
34 133
87 162
136 44
90 224
243 95
202 78
253 128
238 38
214 86
179 57
13 215
165 227
188 189
165 29
94 15
58 114
42 85
20 218
15 94
127 237
41 135
31 226
37 122
180 199
18 162
95 2
4 128
62 144
47 173
251 214
241 40
34 167
185 64
59 181
157 175
73 61
83 48
22 219
82 50
252 213
184 63
159 83
132 30
194 73
224 228
16 40
127 12
23 220
65 110
7 128
95 251
157 81
232 92
19 94
34 89
216 15
53 176
244 95
235 219
128 252
59 75
230 222
164 229
244 41
225 166
215 135
78 55
75 152
56 179
171 213
161 255
75 104
55 78
67 68
227 165
134 37
8 214
214 170
238 217
1 213
62 144
209 83
214 5
10 95
86 94
94 19
197 75
229 33
251 95
128 8
52 80
82 49
35 167
161 7
159 84
235 93
41 10
224 228
7 161
11 129
82 207
191 146
48 83
217 239
163 21
125 230
222 123
225 227
136 45
166 32
150 185
95 252
252 128
55 140
222 26
233 130
219 122
227 91
188 189
55 178
172 45
59 114
128 0
1 161
212 84
91 30
40 14
225 30
94 16
164 27
86 214
217 18
216 169
177 54
173 209
80 203
212 120
164 26
123 222
92 232
81 157
239 217
48 173
65 146
148 68
12 127
184 63
88 37
246 215
73 61
173 97
161 249
35 89
82 206
52 176
83 208
161 5
81 99
27 125
192 71
167 34
186 191
204 80
185 106
21 37
213 1
181 59
42 170
130 23
240 162
166 32
216 14
91 226
172 45
161 1
171 214
179 57
212 85
237 129
121 41
90 31
187 66
179 199
214 170
2 161
211 84
202 178
72 106
129 15
40 15
89 34
192 185
75 59
176 100
39 239
2 213
65 146
148 69
127 244
119 48
88 37
132 30
42 10
228 32
161 249
167 35
175 50
204 80
43 253
251 161
87 39
75 196
41 11
89 222
70 65
166 33
173 47
95 252
128 252
2 95
222 26
126 233
133 219
28 165
161 243
250 42
25 221
56 179
128 0
255 95
152 75
227 91
13 94
166 165
66 69
77 57
230 34
95 1
3 128
236 37
106 184
79 203
216 241
87 94
222 133
92 231
229 33
39 239
43 2
250 95
148 69
35 167
248 161
36 168
62 73
125 29
168 37
95 7
89 221
36 23
66 110
82 208
73 195
217 87
60 74
223 124
221 167
10 161
251 42
36 24
144 62
43 255
18 217
18 94
76 199
12 215
167 92
189 68
214 250
104 74
2 95
1 128
0 95
152 75
91 29
242 162
90 91
162 241
42 7
102 77
58 180
41 86
161 253
24 35
90 32
216 241
169 162
64 71
197 75
33 27
139 52
2 213
145 192
23 36
4 42
63 71
168 220
215 10
10 214
173 97
249 95
50 174
188 109
176 205
82 208
251 161
81 99
182 60
245 41
167 35
10 161
242 127
244 95
219 21
84 210
95 254
178 155
248 214
244 41
165 228
14 40
129 238
14 162
59 113
170 214
218 237
171 212
55 78
68 67
166 165
241 94
28 91
17 162
1 161
172 211
38 20
150 72
127 240
212 120
229 164
12 41
8 214
20 163
4 161
7 128
21 219
220 23
127 244
119 47
168 220
163 235
61 183
219 168
39 240
36 89
147 189
249 161
253 213
161 5
33 229
125 229
193 72
231 92
70 65
176 204
24 220
177 203
128 5
116 54
34 230
180 58
220 123
168 93
189 68
214 250
211 172
200 77
213 171
180 57
94 240
7 42
215 243
30 30
190 187
179 200
230 34
141 56
128 3
161 253
150 72
42 251
44 136
223 89
244 215
25 131
27 223
74 60
83 47
161 250
49 174
51 81
47 137
24 92
93 21
42 10
228 33
7 161
128 10
81 206
175 205
247 128
194 183
33 229
182 60
236 163
35 89
70 64
80 52
83 208
63 111
2 43
140 202
237 162
8 42
123 36
227 31
135 42
238 127
221 231
56 179
44 85
199 180
16 94
78 200
162 14
165 90
162 241
179 200
34 26
161 255
213 255
236 38
210 84
127 240
190 187
227 225
133 35
164 25
40 86
182 196
6 128
64 145
95 246
127 243
64 71
96 171
215 10
74 61
163 234
62 184
3 213
161 248
220 22
43 253
62 73
22 93
28 125
72 63
221 167
161 247
176 204
48 83
177 203
46 84
181 60
177 155
76 198
239 162
227 31
12 161
177 202
151 183
200 78
128 255
57 141
94 240
77 200
215 243
226 226
67 68
91 228
231 34
19 38
2 128
55 78
162 13
53 79
11 95
93 168
12 41
181 198
156 177
18 39
209 83
145 192
70 107
175 51
64 71
92 231
124 224
23 93
229 33
39 239
253 43
36 22
175 205
128 247
62 73
98 174
9 42
163 20
221 167
40 241
33 89
161 245
177 203
83 210
18 217
34 230
92 26
41 12
227 31
95 12
6 214
151 183
196 143
213 1
180 57
43 171
7 42
67 188
166 226
243 215
77 56
85 213
237 218
215 170
38 20
172 210
250 214
242 40
88 93
12 41
198 76
79 156
60 182
6 128
177 53
82 48
127 243
64 71
231 164
63 72
131 228
93 22
95 6
213 253
95 8
81 51
3 43
250 161
218 87
23 163
245 41
171 96
46 119
167 34
11 161
37 235
173 46
39 18
222 26
130 24
220 123
88 163
66 187
177 202
183 105
236 218
255 213
199 115
34 231
235 130
68 67
91 91
14 162
21 130
76 153
237 218
1 213
55 78
162 14
166 225
66 69
163 88
12 41
92 230
215 170
53 116
46 173
203 177
107 186
222 89
64 71
89 35
93 20
9 214
38 87
161 250
213 253
147 189
51 175
174 49
138 206
168 218
42 247
236 163
167 36
185 192
129 243
23 220
192 145
2 43
182 60
26 33
25 126
239 162
163 168
40 242
90 225
172 46
38 236
170 215
57 141
171 213
179 56
162 15
226 166
14 162
179 200
231 34
38 237
170 42
218 236
14 94
166 225
135 213
91 228
36 123
76 58
230 34
39 238
39 87
203 177
70 107
251 214
9 95
228 224
245 215
28 131
218 169
194 73
49 174
8 161
109 189
174 49
194 184
158 82
93 23
245 41
171 96
119 209
34 89
186 107
5 95
43 254
74 196
216 86
126 231
133 221
167 33
69 66
127 17
162 243
196 143
171 44
200 115
103 180
42 249
188 189
226 91
122 216
249 42
34 25
19 38
213 0
254 95
162 14
79 202
66 69
163 88
17 162
58 180
162 237
3 161
46 172
53 79
23 36
242 129
161 9
228 224
184 63
60 182
174 98
239 217
82 49
205 175
161 8
36 168
118 49
33 229
125 227
62 184
171 96
240 216
81 51
149 187
145 64
254 213
161 4
216 86
8 42
12 215
27 165
11 161
251 42
172 46
195 143
2 128
1 95
34 230
77 200
122 39
30 165
40 122
20 130
44 85
38 237
43 0
60 143
211 84
18 127
42 135
228 165
186 65
126 24
94 19
197 75
39 87
79 203
48 173
223 89
64 70
28 32
20 163
228 125
169 39
250 95
253 43
219 234
234 220
220 88
217 240
233 163
93 22
41 10
32 28
8 161
167 34
220 233
250 161
169 218
18 217
169 216
197 181
64 186
92 27
95 11
16 129
24 221
178 201
41 170
1 95
239 162
7 42
218 122
226 30
14 162
29 91
44 85
114 199
0 213
77 200
74 105
90 30
244 161
28 91
162 239
232 126
237 94
3 161
128 5
193 112
83 48
176 52
186 65
89 35
163 237
182 196
27 223
138 51
174 208
51 81
175 206
207 174
7 95
228 223
42 246
124 31
228 32
209 137
12 129
187 108
64 111
128 249
74 196
27 33
214 8
12 215
223 167
216 15
42 5
221 232
55 178
255 213
198 180
239 162
249 214
243 41
30 226
41 243
201 78
162 240
161 0
214 170
95 2
84 45
214 6
68 189
92 167
162 239
230 164
101 78
116 202
87 216
161 252
209 83
14 127
15 216
35 167
63 71
74 60
99 81
161 251
253 43
190 110
175 206
4 43
138 207
173 159
246 214
41 10
172 96
95 8
205 81
10 161
219 21
249 128
217 239
236 163
164 231
192 71
225 227
11 161
203 79
95 13
3 95
128 253
218 237
42 171
234 130
243 41
227 91
189 188
126 20
16 162
161 0
85 43
38 20
84 45
214 6
214 121
28 91
16 162
199 76
101 78
217 18
40 87
202 177
12 95
42 251
216 241
86 95
124 223
247 42
235 93
195 73
43 3
66 146
175 206
35 167
16 217
97 173
227 131
235 163
36 88
71 63
175 206
69 148
191 145
249 128
252 161
216 87
59 75
34 133
94 87
40 241
42 5
161 243
202 78
84 211
218 237
94 239
91 27
41 13
225 166
41 121
250 42
231 35
19 38
128 1
200 179
35 231
214 6
243 161
226 225
12 41
214 248
26 222
55 116
216 169
4 161
35 232
204 176
191 186
227 224
237 93
92 232
163 235
139 51
213 253
65 146
81 50
221 89
138 208
219 88
10 42
73 62
84 159
137 48
4 214
246 95
37 234
43 254
239 39
100 176
247 214
192 71
31 29
95 11
32 90
221 232
161 4
1 43
55 141
162 18
214 7
162 16
225 226
94 13
214 250
212 171
179 199
214 171
20 218
211 84
129 19
13 95
29 91
240 94
130 233
214 170
2 161
211 84
79 202
209 83
129 15
95 246
222 89
94 19
9 214
93 21
17 39
128 248
22 219
50 174
175 50
216 240
97 173
246 215
124 30
168 37
240 216
167 35
220 233
52 176
208 173
5 95
33 229
9 42
162 19
87 162
212 136
166 32
95 12
235 219
172 45
141 201
18 94
27 164
215 243
30 225
189 68
201 78
172 44
161 1
171 43
161 255
15 94
91 30
135 215
167 164
240 94
214 248
222 230
95 2
213 255
194 112
173 209
5 42
211 120
225 29
64 71
24 92
235 93
5 161
173 208
110 65
9 95
245 129
40 16
233 164
93 21
10 215
88 219
161 249
89 221
207 174
204 80
83 208
39 17
175 157
232 92
94 237
34 89
186 191
214 251
35 24
54 177
87 40
217 238
18 94
92 27
219 122
225 226
121 215
129 237
25 221
255 161
213 0
58 142
212 84
226 91
94 243
167 164
41 244
214 248
178 102
181 197
216 169
144 194
72 106
53 80
120 44
222 89
41 245
230 125
81 157
17 39
173 208
7 161
246 161
244 129
248 161
172 159
62 73
234 163
224 228
40 240
4 213
9 161
7 95
128 8
239 39
157 81
131 27
64 185
161 170
136 45
251 42
244 95
4 95
255 213
197 181
78 102
248 214
12 215
224 166
216 14
55 178
152 182
56 179
85 42
1 161
181 152
91 29
41 135
31 166
218 134
7 214
154 179
75 59
216 170
54 78
243 161
15 127
191 186
225 29
222 133
9 214
176 100
74 61
7 128
65 146
187 148
4 42
95 248
224 28
194 183
22 93
173 97
240 217
167 35
95 9
161 7
253 213
117 51
217 87
164 232
41 11
161 170
186 191
176 204
161 244
62 112
84 211
254 161
155 78
214 8
162 16
92 89
14 40
226 165
84 211
1 95
0 128
142 198
241 162
127 237
67 67
29 91
187 66
199 77
34 26
198 75
172 211
178 54
35 232
177 53
120 44
169 162
71 192
197 75
236 93
4 161
218 168
22 219
246 161
81 206
240 40
32 228
93 21
93 234
224 228
193 72
175 206
9 161
95 249
3 43
205 117
163 21
27 125
19 93
221 167
216 15
5 214
95 12
177 202
128 252
95 254
214 86
42 248
133 219
28 165
42 121
202 78
104 74
95 254
213 0
114 58
231 221
78 201
121 40
165 29
15 162
57 179
85 214
180 198
86 215
219 236
173 210
129 16
11 95
29 31
215 11
25 92
163 236
52 117
38 87
192 111
246 161
81 205
8 95
160 84
235 93
246 42
219 168
184 193
128 245
220 233
205 80
174 48
239 39
93 235
232 92
41 11
86 161
211 136
242 127
107 71
37 235
87 40
238 39
34 230
23 126
239 162
224 166
40 242
54 178
25 221
77 56
86 42
218 237
25 34
227 91
215 243
30 30
15 162
28 91
77 154
76 58
255 43
3 161
24 35
16 127
95 245
227 225
64 71
8 214
100 80
4 161
87 218
6 161
69 108
127 244
161 8
88 36
246 215
10 214
228 33
249 95
253 43
50 81
66 110
48 82
73 195
175 157
214 9
237 163
25 164
10 161
166 33
71 149
235 219
172 46
202 116
34 230
232 130
162 17
227 31
214 135
226 166
231 35
56 179
213 0
218 237
16 94
126 236
215 243
30 30
69 190
7 214
17 162
95 1
215 170
253 95
173 210
166 225
190 187
94 169
244 215
231 125
163 236
203 139
254 43
145 192
161 10
42 252
40 16
84 96
194 184
234 163
33 28
161 249
253 43
206 175
37 234
88 37
161 6
27 33
131 28
163 20
231 92
95 9
129 242
83 208
203 79
43 254
181 59
237 162
232 130
220 123
228 91
214 135
202 79
84 211
179 200
86 42
0 161
222 25
227 91
68 67
30 226
134 39
56 179
34 26
237 218
128 254
113 61
172 210
42 251
136 213
87 94
94 18
130 231
223 229
161 252
250 128
192 111
187 148
167 222
240 40
220 88
10 41
22 93
38 88
207 138
128 246
220 234
161 8
128 9
138 206
157 82
9 42
215 245
231 92
40 241
127 14
208 173
79 53
84 210
75 196
19 94
26 164
162 17
33 90
161 244
129 239
14 162
56 178
128 255
199 115
76 103
227 91
242 162
30 91
189 188
179 200
85 213
56 115
212 85
253 95
172 210
166 225
187 66
168 163
35 123
231 164
236 93
203 139
173 209
111 64
48 174
34 167
247 161
88 36
236 93
125 29
223 229
138 50
49 174
175 50
51 175
213 3
39 17
229 223
131 28
163 20
224 228
9 161
167 33
245 95
63 111
128 251
95 253
19 93
92 26
123 36
29 225
66 187
54 177
105 73
254 161
2 128
57 76
34 231
21 126
242 162
166 226
67 68
249 42
103 76
38 237
41 86
161 253
232 221
129 17
216 242
168 163
133 35
214 248
26 223
161 253
128 250
203 177
11 95
81 205
137 210
85 96
72 193
233 163
33 27
239 217
207 82
175 51
234 220
247 128
73 194
234 163
228 131
93 236
224 228
15 40
127 13
70 149
251 161
169 217
182 60
19 93
214 8
36 133
166 33
135 43
214 250
183 105
201 78
44 85
141 199
222 25
42 249
14 94
226 91
162 242
7 214
85 213
141 57
170 41
218 236
151 73
31 166
66 69
29 31
220 133
26 92
93 19
39 238
87 217
193 111
186 149
89 34
9 95
28 32
236 93
60 182
169 38
250 95
247 128
161 248
175 205
43 253
239 39
163 22
125 228
32 132
25 164
241 216
42 4
208 174
192 145
46 83
140 203
230 223
25 164
17 94
229 91
213 135
42 6
242 94
236 218
128 2
95 255
103 180
179 56
189 68
166 91
188 67
77 56
153 180
0 161
128 2
113 60
162 14
79 202
190 187
168 163
162 239
126 24
170 41
196 74
46 173
203 177
245 161
13 127
241 40
96 171
72 193
163 23
223 229
17 39
253 43
36 22
36 234
128 10
239 39
174 158
214 10
124 32
96 85
240 216
175 205
245 95
21 37
47 83
161 3
40 170
126 231
191 70
93 88
161 245
225 166
162 243
55 178
86 41
218 237
85 43
28 165
188 189
226 166
94 14
126 20
180 103
0 161
255 43
113 60
242 162
225 90
42 135
225 29
215 12
232 126
177 101
161 253
84 46
53 79
11 95
242 129
247 161
32 228
236 93
23 93
38 87
183 194
168 37
36 22
220 22
246 128
138 207
168 218
74 195
236 163
232 92
40 240
129 243
233 36
235 219
173 47
203 117
170 216
25 164
94 238
169 94
40 242
5 214
46 84
95 253
212 171
255 161
34 230
56 77
188 190
90 225
40 122
236 126
240 94
38 237
44 171
196 113
84 45
18 127
14 216
91 228
17 162
248 42
230 34
217 18
251 128
193 111
83 48
33 167
192 186
171 161
20 163
214 247
22 163
39 239
128 9
37 22
234 220
213 3
118 49
228 223
246 214
124 31
168 36
209 137
222 167
174 49
161 6
254 213
4 95
80 100
25 125
70 64
164 229
43 120
16 129
184 106
78 55
215 86
237 38
230 222
28 165
13 215
30 165
216 134
130 236
171 44
57 180
43 171
2 161
172 211
6 42
214 121
228 165
70 191
130 232
86 215
217 18
172 210
21 219
95 245
52 80
161 10
227 224
41 245
196 74
27 223
51 118
88 219
190 110
206 81
89 36
62 72
23 93
73 195
72 62
168 36
209 137
252 42
95 10
250 161
173 47
52 139
229 223
59 75
221 123
223 167
187 190
90 224
150 184
195 143
253 128
56 141
179 154
126 234
162 15
91 29
215 13
91 227
222 231
58 114
0 213
197 113
211 84
127 238
216 242
164 89
219 133
8 214
215 170
39 238
87 216
21 219
161 12
223 90
95 246
92 230
132 33
24 92
87 217
205 139
219 168
22 219
109 188
174 50
49 138
37 168
195 183
21 93
164 232
71 63
214 252
233 36
64 111
7 128
139 204
100 176
25 164
215 245
34 89
69 66
129 240
13 161
144 61
172 45
218 237
77 102
57 77
94 241
166 91
68 189
29 91
240 94
0 161
42 86
95 2
152 74
129 18
243 161
30 31
37 123
76 57
178 101
197 75
252 128
21 219
83 47
214 5
191 186
29 32
193 185
164 24
223 229
39 239
213 253
7 161
9 95
128 245
249 161
233 163
93 22
225 124
92 24
240 216
81 50
23 220
80 52
168 218
52 139
176 156
247 214
162 18
225 227
120 212
53 177
232 35
54 178
255 213
115 56
26 34
7 42
66 187
30 30
135 40
42 6
44 85
19 38
0 43
161 255
162 15
238 129
189 188
91 228
123 219
229 164
155 178
116 201
255 43
95 4
106 185
166 223
45 136
29 32
215 11
164 24
223 229
251 95
168 37
176 52
36 233
206 175
39 16
224 28
131 30
10 215
224 228
71 63
12 129
161 246
80 52
209 173
4 95
100 176
131 26
64 185
89 222
65 186
176 203
173 47
37 236
253 128
58 75
162 18
229 91
187 190
91 29
41 121
6 214
171 44
142 58
171 213
77 200
94 241
78 201
216 242
31 226
12 41
27 92
178 102
59 181
213 255
62 144
209 83
127 241
45 136
95 170
124 223
75 59
163 235
117 205
208 83
52 80
95 247
221 89
48 137
93 233
30 124
163 21
84 159
208 137
12 129
246 95
95 249
43 254
204 117
163 20
164 232
245 41
230 92
40 241
15 129
83 209
178 202
87 40
161 2
18 94
7 42
240 162
164 167
215 135
55 178
84 212
161 1
213 0
56 77
104 181
165 226
242 40
29 91
94 16
164 27
102 78
59 181
43 1
4 161
232 221
214 5
65 70
164 26
222 133
26 131
87 217
195 73
213 253
204 176
23 36
221 89
40 16
93 233
62 73
246 41
228 32
119 208
214 252
233 36
80 52
173 48
239 39
87 39
92 24
222 123
92 26
65 186
127 15
150 185
177 202
43 255
39 18
18 94
76 199
190 69
32 90
216 14
237 127
94 15
142 59
128 0
179 56
162 15
127 237
242 40
91 227
122 219
233 126
178 102
75 59
4 128
177 54
173 209
127 241
120 44
230 164
94 19
92 232
93 21
251 95
48 173
52 80
49 174
12 127
216 240
219 88
73 194
30 132
219 168
208 137
35 89
148 188
80 52
43 253
183 61
217 87
229 131
71 64
95 86
65 186
15 129
173 47
37 235
255 213
238 39
170 214
199 180
41 12
165 227
121 215
42 6
104 74
114 197
43 85
19 218
162 15
91 29
189 188
90 31
190 187
199 77
86 214
141 55
170 40
54 78
173 209
129 15
15 216
169 162
133 34
59 181
87 216
117 204
7 128
95 6
95 246
129 12
71 193
88 37
10 41
73 61
224 228
72 63
50 175
81 206
161 7
173 48
61 73
217 87
214 9
94 237
95 86
191 70
251 42
209 173
62 112
172 45
217 238
101 178
27 164
191 69
29 165
161 243
6 214
104 74
56 179
43 85
198 114
104 181
29 165
135 215
166 225
187 66
42 7
42 86
75 58
43 1
78 202
24 35
177 53
40 15
87 94
238 94
164 25
156 176
139 52
128 7
22 219
207 82
50 81
161 8
220 88
124 225
61 183
88 219
138 49
35 89
36 23
190 146
208 174
117 51
87 39
247 214
63 185
95 86
10 161
214 251
232 36
4 95
43 255
217 238
86 42
180 57
16 94
89 164
68 67
129 238
221 231
95 254
43 85
218 237
104 181
249 214
121 40
30 30
134 38
229 165
230 34
161 255
128 253
144 195
72 106
203 177
11 95
164 27
18 162
230 125
236 93
252 95
213 254
80 204
95 246
42 252
248 161
232 164
62 73
10 214
83 159
217 16
206 82
247 95
110 190
128 248
217 239
87 39
60 74
93 237
161 170
216 15
42 5
173 47
235 219
169 216
54 140
222 26
58 76
162 17
91 28
188 189
238 127
221 231
20 38
213 0
0 95
212 85
78 201
67 188
225 90
94 15
214 249
94 17
198 76
255 43
61 143
243 161
224 90
95 245
34 167
94 18
197 75
40 87
117 204
43 2
95 6
187 148
129 12
64 71
172 160
194 184
22 93
88 219
194 72
207 82
206 175
161 7
247 128
61 73
81 99
23 164
19 93
89 221
161 246
33 90
208 173
63 112
128 251
217 238
230 222
248 214
65 186
166 32
188 189
54 177
35 25
197 143
43 85
58 142
162 16
126 236
216 122
30 91
69 190
22 130
102 77
200 141
170 41
95 3
221 24
16 127
245 161
167 223
185 64
75 59
80 156
117 203
128 6
192 111
95 246
175 51
161 8
164 24
72 194
42 10
38 88
217 16
128 10
161 247
219 22
3 43
205 118
169 217
125 228
41 11
32 29
9 161
129 242
23 220
37 235
87 39
181 59
162 19
8 42
123 36
225 227
95 12
30 90
211 172
56 179
1 128
57 76
212 85
126 236
67 188
165 90
243 215
235 126
94 17
38 237
41 86
3 161
243 162
16 127
213 120
29 31
192 186
25 92
156 176
117 203
209 83
250 95
10 95
13 127
40 16
32 228
184 62
227 125
22 163
184 194
49 174
175 50
219 22
219 88
39 17
157 82
214 9
163 20
171 95
137 46
242 127
149 186
145 63
43 254
253 161
86 41
42 248
244 41
93 88
188 190
79 54
151 183
20 38
212 171
237 38
76 103
42 249
40 134
30 30
15 162
42 7
213 171
180 198
171 212
38 20
73 105
17 127
43 135
167 223
192 186
126 25
26 223
252 95
254 43
21 219
149 70
129 13
95 247
168 220
20 163
42 10
33 27
239 217
128 10
248 95
22 36
253 213
73 194
93 234
60 74
215 245
224 228
192 71
5 214
70 149
95 251
128 5
161 3
170 215
126 232
94 239
33 90
69 66
79 54
14 162
196 143
212 171
38 19
213 85
126 235
162 14
226 165
15 162
28 91
34 25
76 58
128 254
55 78
24 35
129 17
161 12
90 33
41 244
231 164
215 170
203 140
169 39
251 95
11 95
81 205
210 119
32 228
184 63
125 28
22 163
217 17
174 207
205 175
147 67
207 174
118 50
158 82
228 131
124 32
231 92
40 241
13 129
220 233
63 111
210 173
140 203
79 101
126 232
65 186
228 91
69 66
177 202
35 24
95 254
44 85
57 141
222 25
28 165
68 67
30 91
13 41
165 28
94 16
57 115
1 213
143 196
232 221
202 177
95 244
168 163
220 133
76 58
215 170
3 161
46 173
203 177
233 220
4 42
192 185
224 28
93 20
233 163
158 174
50 118
128 247
67 147
51 175
168 220
62 72
38 169
247 214
93 236
32 28
210 137
167 34
23 220
177 203
87 39
39 18
79 101
164 231
41 12
225 227
40 242
250 42
105 73
161 3
170 215
199 115
180 153
91 28
15 94
166 91
13 41
7 214
180 103
57 115
42 86
161 254
221 24
17 127
66 69
168 163
36 123
24 130
177 101
182 196
169 39
219 235
82 48
223 89
64 71
28 32
93 20
125 28
229 33
95 6
128 9
190 109
189 147
174 49
118 50
22 93
233 93
215 245
160 171
185 192
34 89
95 11
21 37
128 250
39 18
230 223
58 75
244 41
31 29
69 66
203 79
105 73
236 218
128 2
56 141
222 25
7 42
162 15
30 165
94 14
249 42
34 25
237 218
255 43
60 143
35 232
42 250
190 187
168 163
17 162
198 76
170 41
238 217
128 5
5 161
23 36
167 223
186 64
228 224
93 20
214 247
98 82
17 39
213 253
175 51
220 22
207 174
184 62
234 163
93 22
72 62
92 24
161 247
42 4
70 149
6 95
83 209
95 252
176 156
214 8
215 244
229 91
120 213
225 166
84 210
253 161
255 213
180 58
162 17
91 28
190 68
91 30
162 242
78 56
212 171
114 199
0 213
236 38
162 14
166 225
242 40
165 28
215 12
214 248
101 79
140 54
251 128
145 193
161 11
42 251
241 40
231 164
72 193
28 131
169 39
118 206
213 253
37 22
22 36
207 174
62 72
98 173
22 163
10 215
160 172
64 185
13 129
82 207
192 145
218 87
18 217
223 27
125 231
35 133
223 167
95 11
90 225
24 221
38 236
3 128
161 1
162 17
77 200
15 94
225 166
14 162
236 126
180 103
38 237
0 43
2 161
242 162
250 214
42 135
32 166
220 133
8 214
86 215
18 39
210 84
193 112
149 71
251 214
191 186
32 227
33 124
125 27
229 33
251 95
168 37
110 66
95 247
168 220
16 217
168 219
10 42
132 225
228 32
95 8
222 167
148 187
161 6
87 38
238 39
20 93
197 181
215 244
223 167
11 161
224 166
106 72
95 253
213 1
200 115
43 171
91 28
187 190
91 29
243 215
20 130
25 222
77 57
214 170
200 179
84 45
78 202
68 189
167 164
65 70
24 130
162 237
140 54
5 128
252 95
83 48
90 33
95 246
89 35
237 93
24 92
39 87
61 183
82 48
7 161
233 220
82 206
63 72
33 228
10 42
73 62
84 160
240 216
167 34
108 69
37 235
2 43
95 252
216 87
125 230
41 11
87 162
216 15
203 79
221 232
20 37
211 172
198 180
34 230
234 130
94 241
226 226
189 188
29 91
181 104
142 58
43 0
38 20
104 182
226 91
135 214
226 225
65 70
76 58
155 178
2 161
172 210
177 54
95 244
127 242
45 136
86 95
124 223
196 74
93 21
117 205
128 8
22 219
109 188
50 81
72 193
219 88
195 183
246 41
168 36
216 16
81 50
10 161
80 52
88 38
117 52
163 20
164 231
123 34
34 89
241 216
127 16
47 83
144 61
41 170
218 237
34 230
179 57
162 15
166 91
189 189
250 42
241 94
218 19
43 171
114 59
152 74
18 127
189 188
228 165
191 187
8 214
170 42
197 75
45 172
144 194
232 221
80 204
191 186
230 164
215 11
131 229
169 39
239 217
43 3
37 22
95 247
4 43
72 193
224 28
214 10
62 183
228 32
95 8
42 4
10 161
191 146
173 47
239 39
236 163
247 214
71 64
162 169
70 65
166 32
209 173
144 61
216 86
95 254
18 94
234 130
162 16
167 92
162 243
29 91
25 221
77 57
171 213
218 236
152 74
127 237
13 95
32 166
66 69
92 229
94 18
161 254
45 172
177 54
12 95
15 127
10 95
230 164
11 41
164 24
39 87
205 139
37 88
37 22
82 50
89 35
40 16
28 32
183 61
226 124
159 172
8 161
214 252
246 95
146 65
88 38
252 161
33 229
232 92
222 123
167 34
65 186
53 176
244 95
21 37
4 128
181 59
42 170
234 130
66 187
89 164
14 40
91 227
172 44
38 237
43 85
77 200
94 241
226 91
189 188
31 226
122 219
126 23
94 18
181 197
216 169
4 161
106 185
52 80
120 45
89 34
133 34
232 164
27 223
217 17
128 8
161 249
68 108
206 175
48 137
228 224
41 246
73 62
88 219
161 249
81 50
233 36
176 204
248 128
73 195
21 93
42 247
34 133
170 94
136 45
32 90
185 106
252 161
40 169
161 2
18 94
57 76
215 244
224 166
14 40
127 19
104 75
95 255
0 128
198 114
221 25
237 129
40 14
31 166
162 240
57 180
26 222
254 95
128 252
252 95
95 244
129 15
120 44
222 89
19 162
247 42
163 235
195 74
254 43
146 191
36 233
50 81
161 8
23 92
226 132
246 41
224 228
249 95
167 35
23 220
249 161
48 83
117 51
223 27
59 75
185 192
29 224
211 136
127 15
24 221
112 194
43 255
2 95
222 26
92 27
134 219
165 227
121 215
91 226
74 152
77 56
43 85
58 142
35 231
214 6
14 216
226 225
240 94
229 165
26 222
115 201
86 216
78 202
221 24
42 251
245 161
167 222
245 215
92 232
80 156
74 61
213 254
65 146
207 82
244 129
8 95
228 224
10 41
226 125
88 219
118 208
89 221
68 148
80 52
213 3
5 95
175 157
229 131
71 63
164 230
161 246
214 251
12 161
252 161
128 4
161 2
214 86
27 164
12 215
30 225
13 161
55 178
152 182
77 56
43 85
57 77
15 94
129 19
94 243
226 225
41 243
234 126
102 77
115 201
1 213
178 54
72 106
177 53
15 216
94 169
162 238
92 231
156 176
161 252
128 7
22 219
95 246
129 12
16 216
32 228
183 62
183 195
173 97
193 72
213 252
68 147
37 234
37 168
51 139
229 223
92 24
185 193
161 170
10 161
251 42
244 95
235 219
1 43
140 202
26 34
248 214
37 133
31 30
188 189
165 30
182 104
38 236
42 170
1 161
212 85
236 130
242 162
166 165
15 162
22 130
230 34
58 180
43 1
236 37
150 72
42 251
187 66
222 89
245 215
231 164
229 33
239 217
249 128
145 192
187 148
4 42
137 209
168 220
183 62
195 73
163 233
95 7
89 221
161 247
205 80
48 82
73 195
39 169
74 196
41 11
164 230
95 10
42 5
12 161
219 21
128 5
254 161
162 18
26 164
65 186
167 92
216 14
6 214
45 84
20 38
43 0
38 19
222 25
227 91
68 67
31 166
134 38
249 42
94 17
58 180
253 128
113 61
95 243
214 5
161 11
227 225
192 185
8 214
236 93
217 17
43 2
64 145
148 69
4 42
64 71
92 232
246 215
93 234
168 37
138 49
128 246
147 188
205 81
253 213
217 239
229 223
233 92
223 124
167 35
120 210
176 204
232 36
21 37
46 84
197 181
94 237
24 126
244 41
93 88
121 214
54 177
25 221
179 200
42 170
237 38
103 181
91 29
242 162
30 30
187 66
42 7
77 154
180 198
170 41
195 113
221 24
166 224
136 212
167 223
185 64
75 59
176 100
252 95
6 128
235 37
174 207
129 12
40 16
88 36
194 184
22 93
228 33
118 207
43 3
22 220
146 66
208 174
194 183
235 163
23 163
132 223
224 227
136 46
5 214
161 245
144 63
43 254
59 75
101 177
92 26
239 162
90 224
67 188
166 30
221 231
60 113
43 85
199 180
240 162
165 227
215 243
226 30
66 68
165 28
85 213
1 161
84 44
201 178
84 46
16 127
120 43
167 223
133 35
75 59
223 229
4 161
43 2
6 161
246 161
89 34
216 240
232 164
132 31
42 10
33 28
72 62
10 128
175 50
8 95
128 247
138 206
234 163
131 28
93 236
85 161
216 15
242 127
11 161
63 111
5 128
196 181
101 177
42 248
220 123
223 166
95 12
129 239
232 35
178 200
212 171
57 76
240 162
179 56
134 216
165 30
15 162
179 200
43 85
161 255
212 85
143 196
151 73
177 53
14 216
93 169
133 35
198 75
20 163
18 39
254 43
176 53
208 82
243 129
40 16
224 28
62 72
246 42
158 174
206 138
128 10
109 67
22 36
220 88
6 95
158 82
60 74
236 163
160 171
247 95
214 251
11 161
95 251
2 43
202 116
222 26
130 24
70 65
29 225
216 14
79 54
35 24
201 78
254 128
57 76
94 240
130 21
14 94
30 30
162 241
91 228
213 171
76 58
85 44
38 20
210 84
202 177
213 121
168 163
239 94
231 164
41 86
74 60
250 128
111 64
149 70
222 89
216 240
32 228
20 163
247 42
174 98
62 184
82 49
206 175
189 147
253 213
138 206
223 27
93 23
72 63
228 32
40 241
167 34
233 36
145 63
128 250
74 196
222 26
214 8
41 12
31 29
14 40
250 42
183 105
161 2
44 85
76 198
240 162
179 56
134 217
90 91
39 122
130 235
16 162
115 199
255 43
38 20
105 183
225 90
69 190
90 33
65 70
26 92
86 215
238 217
217 169
53 79
186 149
42 252
192 185
92 231
41 245
23 93
98 82
206 138
49 174
8 161
189 147
88 36
6 95
158 82
125 228
32 132
228 32
119 210
176 205
95 11
161 5
217 87
60 74
41 170
164 231
94 239
163 168
244 95
166 31
172 46
20 38
212 171
95 255
180 153
214 7
67 188
91 30
122 217
214 249
16 162
199 141
255 43
236 38
210 84
225 90
161 12
163 88
36 123
92 230
86 215
3 161
128 251
161 251
233 220
80 205
15 216
89 35
124 224
93 233
38 87
73 62
168 36
205 175
189 147
36 168
17 217
38 168
214 9
194 72
224 228
71 64
127 13
208 174
235 219
43 254
238 39
163 19
25 164
162 18
168 93
121 213
53 177
94 13
236 218
1 43
56 141
34 231
28 165
13 215
90 165
41 243
249 42
103 76
115 199
85 44
2 161
35 232
214 6
95 244
168 163
186 65
92 230
215 170
217 18
39 87
161 251
11 95
204 176
40 15
231 164
132 32
60 182
229 33
138 50
253 43
95 8
22 36
220 88
62 72
218 88
10 42
41 10
160 171
95 9
175 205
11 161
111 192
209 173
39 18
216 86
197 181
238 162
169 94
190 69
239 127
24 221
38 236
255 213
198 180
162 17
7 42
215 243
31 90
243 215
56 178
34 25
199 142
128 255
60 143
231 221
214 6
14 216
228 165
220 133
8 214
34 26
3 161
5 128
53 79
149 70
52 80
46 136
161 85
193 184
74 60
217 169
206 138
253 43
110 66
147 67
128 246
161 7
173 158
74 195
163 21
224 228
64 185
89 222
246 95
53 176
128 6
95 252
163 20
164 231
18 94
167 33
120 213
240 127
83 210
161 3
86 41
38 19
94 239
126 234
38 134
226 226
242 94
236 126
76 153
237 218
255 128
95 2
151 74
129 18
188 67
91 228
41 244
214 248
41 86
238 217
84 46
63 144
220 24
42 251
40 15
89 35
215 11
125 27
87 217
217 17
48 174
175 51
161 9
49 82
7 95
173 158
246 214
93 235
168 36
119 209
129 244
148 187
250 161
7 128
203 117
216 87
25 125
123 35
223 167
120 212
79 53
106 72
218 20
253 128
161 1
85 43
199 179
215 243
226 30
189 188
236 126
85 212
114 198
43 0
38 20
74 105
202 178
189 188
92 168
219 133
248 42
155 178
2 161
169 40
252 95
161 12
52 80
186 65
170 161
11 41
182 196
229 33
117 205
219 168
219 234
109 188
11 128
161 7
93 233
246 214
73 62
24 164
185 192
129 244
108 69
80 52
47 83
39 17
216 87
197 181
133 221
229 92
69 66
42 5
210 173
161 3
215 86
115 56
214 85
229 91
38 134
165 166
188 67
91 227
162 240
0 161
128 255
56 77
241 162
30 165
188 67
90 32
16 162
23 130
26 222
59 181
84 46
21 219
24 36
204 176
70 191
89 35
223 132
125 27
229 33
183 195
219 168
146 190
161 9
175 50
193 184
173 159
195 183
41 10
172 97
40 240
252 42
69 148
22 37
88 38
74 195
100 176
125 230
192 71
34 89
191 69
240 127
95 13
219 20
215 86
181 58
94 239
77 199
13 215
165 227
13 40
78 55
152 181
19 38
214 170
218 236
221 25
42 250
243 161
92 167
240 94
214 248
34 26
59 181
40 87
177 54
150 71
251 214
40 15
230 164
223 132
131 229
81 157
217 17
128 248
146 191
233 220
213 4
207 118
163 23
22 163
30 132
228 32
63 185
127 12
246 95
234 219
173 47
195 182
169 216
59 75
192 71
87 162
136 44
90 224
35 24
37 236
172 45
238 38
238 162
42 249
218 122
227 91
216 14
6 214
231 35
199 77
213 85
59 142
241 162
42 250
188 67
90 32
240 94
130 233
178 102
55 116
128 4
4 161
106 185
80 204
45 136
164 26
132 33
59 181
27 223
39 239
8 128
52 80
220 23
245 128
249 161
32 228
246 215
41 10
219 168
48 119
244 127
207 174
22 37
38 168
182 61
80 100
197 181
11 215
225 227
186 191
90 224
24 221
219 21
84 211
181 59
78 102
27 165
66 187
167 92
67 188
227 165
241 94
19 38
85 213
200 179
152 75
19 127
14 216
165 29
244 215
27 92
214 170
161 254
252 128
144 194
83 47
32 166
65 70
95 170
41 245
24 92
99 81
161 251
48 173
22 219
188 148
42 252
48 137
32 228
226 132
41 10
92 23
40 240
214 252
36 23
219 22
253 213
139 204
223 27
230 131
192 71
92 26
65 186
241 127
184 106
95 252
128 4
217 238
78 102
42 248
37 134
91 29
121 215
6 214
162 241
19 38
0 43
56 77
172 212
214 6
243 162
225 30
219 134
126 23
230 34
254 95
211 84
194 112
232 221
32 166
136 212
222 89
237 94
131 230
33 27
217 17
249 128
219 234
188 148
214 4
48 137
28 32
73 194
234 163
23 163
72 63
206 81
220 233
80 52
168 219
217 239
175 157
181 59
19 94
92 26
95 10
127 15
161 244
144 62
216 87
59 75
78 102
164 229
16 94
224 166
188 189
42 6
152 182
95 255
0 43
218 237
15 94
78 201
216 242
91 227
187 66
249 42
162 238
55 115
213 255
219 235
161 12
241 129
245 161
164 26
133 34
125 26
93 20
217 17
173 209
95 6
174 207
127 244
8 95
168 219
194 183
125 30
93 23
161 249
11 128
50 81
219 22
213 3
39 17
27 33
131 27
63 185
167 34
15 40
15 129
71 150
219 21
43 255
55 140
18 94
130 23
94 240
90 224
41 121
6 214
221 231
179 200
85 42
218 237
44 171
227 91
121 41
164 89
38 122
214 249
42 86
95 1
86 216
202 178
232 221
214 5
65 69
162 87
185 64
92 231
169 40
217 17
83 47
161 250
187 148
42 252
248 161
168 220
132 31
214 246
83 159
72 63
81 50
220 233
66 110
128 248
139 205
99 175
229 131
132 223
35 89
241 216
80 52
12 161
37 235
128 4
238 39
42 170
164 230
191 69
225 226
67 188
30 91
35 25
142 59
0 213
77 199
85 44
178 55
13 216
29 91
215 13
165 27
171 42
1 161
1 213
201 178
221 24
224 90
95 245
92 229
71 192
164 25
163 236
182 196
43 2
161 250
23 36
81 205
119 47
220 88
41 246
29 131
23 163
207 138
50 174
95 9
80 51
174 48
117 51
157 81
182 60
19 93
167 35
15 40
127 14
47 83
4 95
40 169
75 197
94 238
58 76
162 16
228 91
161 244
202 78
182 104
77 56
214 86
19 218
16 94
7 42
14 94
225 90
243 215
179 199
77 154
115 200
172 211
218 236
243 161
16 127
241 40
87 94
35 123
181 197
100 80
52 117
169 38
52 80
69 108
252 214
161 8
228 224
246 215
10 214
158 173
72 63
89 220
109 68
110 190
128 9
217 239
217 87
131 27
93 237
95 86
211 136
204 80
107 71
37 235
254 213
116 54
19 94
230 92
215 244
32 90
161 244
202 79
242 94
254 161
86 42
218 237
44 171
214 7
14 94
165 30
215 13
130 234
213 171
198 76
170 41
95 3
210 83
16 127
212 120
33 167
238 94
197 75
20 163
252 95
173 209
52 80
220 23
12 127
8 95
220 88
235 93
234 163
83 158
95 7
174 207
36 22
190 146
88 37
205 118
93 235
233 93
72 63
161 170
186 192
42 5
48 83
53 177
39 169
161 3
19 94
214 8
162 17
28 165
242 216
18 129
14 162
113 196
43 0
237 38
94 240
165 227
122 40
30 91
217 134
165 28
77 153
255 95
212 84
38 20
172 210
53 79
136 213
229 165
123 221
197 75
93 20
182 196
87 218
176 53
36 233
252 214
216 240
85 96
236 93
195 74
163 234
250 95
10 128
206 175
81 51
43 253
239 39
33 229
42 247
63 184
167 35
161 247
214 251
36 23
53 177
251 128
39 18
34 230
76 198
191 70
168 93
214 135
90 225
183 105
236 218
0 43
237 38
222 25
7 42
134 216
226 226
94 15
91 228
26 222
218 19
41 86
20 218
73 105
177 53
242 40
27 91
186 64
42 8
100 79
203 139
39 87
161 250
149 70
13 127
192 185
232 164
184 62
131 227
223 229
184 194
10 128
67 147
95 248
253 213
183 62
163 22
214 9
63 184
221 167
185 192
80 51
95 11
63 111
83 210
116 54
101 177
180 58
36 133
90 223
14 40
90 225
232 35
2 95
42 170
218 237
76 103
42 249
188 189
30 30
189 188
235 126
43 85
57 115
2 128
161 253
221 24
17 127
242 40
168 163
12 41
75 58
86 215
60 182
43 2
161 251
161 11
167 222
9 95
89 36
124 224
125 28
229 33
62 184
168 36
81 206
189 147
213 3
73 194
158 82
233 93
245 41
221 167
185 192
127 13
245 95
219 21
83 210
116 53
170 215
248 214
186 191
88 163
40 242
225 166
105 73
178 201
255 213
218 237
85 43
28 165
67 188
30 226
94 15
200 77
153 180
180 198
254 128
143 196
210 84
177 54
95 244
229 165
239 94
231 126
79 155
53 116
254 43
37 21
95 245
129 13
241 40
35 167
236 93
74 60
82 158
138 50
88 220
67 147
51 175
220 88
95 250
87 38
214 9
132 224
92 25
192 71
176 205
95 11
53 177
213 2
116 53
237 163
130 25
35 133
227 31
121 213
6 214
14 162
196 143
254 128
57 141
239 162
77 200
41 13
166 30
242 94
42 7
222 231
0 95
85 44
113 60
242 162
177 54
121 43
88 93
186 65
164 26
26 222
54 116
254 43
193 111
220 23
89 33
95 247
25 92
72 193
214 247
158 174
50 118
128 247
175 51
175 206
246 128
250 161
82 98
93 23
41 11
32 28
9 161
127 13
245 95
64 111
128 250
161 3
86 40
181 58
12 215
165 229
213 135
203 79
162 243
38 236
2 128
218 237
239 162
130 21
68 67
90 165
216 134
130 236
240 94
57 180
214 170
38 20
172 211
202 177
161 12
93 168
123 220
180 198
34 26
60 181
128 5
37 21
173 208
52 80
241 40
161 85
236 93
9 214
22 163
17 39
43 3
66 147
81 50
246 128
62 72
22 93
227 131
20 93
220 168
240 216
89 222
149 186
192 145
39 169
53 139
236 163
130 25
94 238
91 27
69 66
42 6
24 221
95 253
44 85
58 76
153 77
179 56
215 243
91 90
94 14
126 20
171 44
57 180
170 42
78 200
35 231
6 42
121 42
28 91
215 12
164 26
79 155
95 3
5 128
161 251
95 245
242 129
64 70
224 28
223 132
163 23
217 169
50 118
3 213
22 219
206 81
253 213
7 95
218 88
61 74
41 10
220 168
47 119
252 42
174 49
176 203
2 43
139 203
40 169
197 181
186 192
89 223
136 43
225 166
46 83
253 161
3 128
161 1
230 222
91 28
215 243
165 166
162 242
56 178
222 231
57 180
43 0
95 2
172 211
238 129
68 189
166 224
12 41
130 232
101 79
95 3
43 2
21 219
71 107
127 242
65 70
221 89
132 33
9 214
27 223
194 73
247 128
161 249
247 161
43 253
72 194
218 88
125 227
31 132
228 32
40 240
81 51
148 187
145 64
173 47
18 217
93 236
75 197
123 35
87 162
44 120
5 214
72 150
3 95
128 3
38 19
17 94
234 130
122 38
30 165
162 242
42 7
171 44
0 95
213 0
218 236
182 151
42 250
242 40
168 164
123 220
126 24
41 86
161 253
169 40
177 54
173 208
176 52
10 95
25 92
41 245
27 131
169 39
139 51
48 174
249 95
206 81
50 82
193 184
223 28
183 61
235 163
220 168
137 47
34 89
207 174
6 95
87 38
252 161
80 100
75 197
35 133
169 94
161 245
5 214
210 173
219 20
128 3
38 19
230 222
165 229
134 218
165 166
13 41
78 55
85 212
95 0
42 86
254 95
94 241
238 129
14 216
92 167
16 162
26 92
222 230
59 181
84 46
194 112
185 149
214 5
246 161
224 29
185 63
247 42
175 99
17 39
8 128
219 234
109 188
206 175
63 72
37 168
61 73
194 73
232 92
8 161
42 4
246 95
22 37
128 7
204 117
236 163
231 92
192 71
225 227
241 216
42 5
232 35
95 253
215 86
237 38
239 162
22 126
187 190
30 226
13 40
178 201
241 94
199 77
43 0
77 200
172 211
250 214
68 189
92 167
240 94
233 126
101 78
18 39
128 252
177 54
12 95
80 204
241 40
92 230
237 93
9 214
175 99
17 39
174 208
190 110
247 161
89 35
217 240
28 32
214 10
21 93
84 159
63 185
175 206
82 207
80 52
173 47
204 117
27 33
42 247
222 123
222 167
70 65
203 80
150 184
202 78
40 170
254 161
222 26
249 214
218 122
164 167
40 242
55 178
152 181
198 142
0 213
95 1
241 162
129 19
14 216
89 92
244 215
92 229
26 222
238 217
169 40
79 202
106 185
166 224
241 40
230 164
63 71
247 42
93 21
95 5
83 48
110 65
95 247
206 175
7 95
173 159
93 22
30 132
172 97
119 208
89 221
220 233
95 250
47 83
39 17
87 40
24 164
64 185
164 230
191 70
214 251
184 106
62 112
170 216
55 141
18 94
249 214
94 240
29 165
121 215
227 165
75 152
95 255
43 171
56 77
74 104
129 19
189 188
165 29
240 94
164 27
214 170
197 75
45 172
37 21
12 95
32 166
120 45
95 170
237 94
197 75
33 27
251 95
168 37
65 146
174 207
206 175
72 193
93 233
132 30
30 132
219 168
40 240
245 127
95 10
204 80
128 8
183 61
163 21
181 59
64 185
164 230
216 15
214 251
95 12
79 54
213 1
161 2
18 94
57 76
41 12
32 90
161 243
237 127
231 35
58 114
43 0
179 56
25 35
19 127
41 135
167 164
37 122
126 23
94 18
161 254
213 255
95 4
221 24
166 224
15 216
31 227
133 34
131 230
39 87
161 251
7 128
95 7
68 108
50 81
63 72
168 219
215 10
163 22
23 163
40 240
35 89
23 220
146 65
219 88
251 161
229 223
9 42
11 215
167 34
241 216
176 204
232 35
202 79
1 43
254 161
178 154
42 248
41 12
89 164
67 188
129 237
45 84
1 95
213 85
1 161
162 15
227 91
40 14
164 89
243 215
179 199
34 26
38 238
128 252
4 161
184 150
127 241
191 186
164 26
94 18
9 214
80 156
239 217
38 88
191 110
23 36
50 81
137 208
97 172
10 41
195 73
23 163
72 63
81 50
175 50
191 146
3 43
5 95
27 33
247 214
193 71
95 86
95 10
80 52
106 71
219 21
43 255
197 181
78 101
92 27
66 187
224 166
216 14
30 91
25 221
161 1
43 85
19 218
152 75
29 165
135 215
29 91
66 69
249 42
214 170
95 1
45 172
144 195
232 221
177 53
40 15
167 222
222 133
25 92
93 20
161 252
168 38
234 37
23 36
244 129
40 16
28 32
183 62
226 125
23 163
118 207
43 4
109 68
80 51
37 168
5 95
27 33
196 182
33 132
95 86
136 45
166 33
185 106
95 252
213 1
116 55
42 170
248 214
94 240
224 166
13 161
250 42
231 35
236 218
255 128
142 198
162 16
127 236
216 243
225 90
241 94
22 130
162 239
161 255
45 172
195 112
221 24
129 16
245 161
87 94
192 185
164 25
80 156
252 95
2 213
21 219
187 148
129 12
63 71
160 84
124 225
93 234
224 228
7 161
128 11
68 147
95 249
174 48
217 239
27 33
214 9
124 33
95 86
95 10
251 42
244 95
194 144
216 87
2 95
215 86
23 126
162 16
28 165
121 214
54 178
25 221
77 56
128 1
19 218
94 240
214 7
243 41
90 31
162 241
22 130
34 26
180 198
170 41
113 61
83 46
5 42
11 95
167 222
64 71
214 248
40 87
117 204
43 2
95 6
161 10
175 51
71 192
36 168
62 72
73 61
23 163
184 193
128 10
220 233
205 81
208 174
61 73
81 99
196 182
41 11
231 92
40 241
127 14
48 83
202 79
128 251
39 18
94 237
232 130
191 70
90 224
189 68
42 6
14 162
59 113
170 214
38 19
94 240
201 178
67 188
91 166
190 187
77 56
26 222
180 198
215 170
55 78
150 72
32 166
11 95
227 225
238 94
181 197
80 156
39 238
173 209
235 37
36 233
4 42
16 216
32 228
62 72
183 195
228 33
16 39
213 253
22 220
146 66
219 88
6 95
93 235
214 9
11 215
221 167
241 216
204 80
36 24
5 95
213 2
253 161
170 215
230 92
65 186
88 163
161 244
18 129
14 162
56 179
0 43
161 0
85 44
165 227
215 243
226 226
217 134
249 42
162 239
56 115
213 255
55 78
24 35
5 42
14 216
227 225
18 162
92 231
236 93
196 74
173 209
21 219
36 233
42 252
64 71
88 36
20 163
10 214
22 163
207 138
246 128
189 109
248 161
219 88
138 206
218 87
131 28
32 132
25 164
161 247
242 127
173 48
251 161
128 5
140 202
19 94
232 130
220 123
224 166
95 12
177 202
45 84
20 38
170 214
95 0
85 44
91 29
162 14
226 90
217 134
21 130
239 94
198 76
170 41
78 201
105 183
79 203
95 245
33 167
186 64
8 214
163 236
74 60
250 128
161 250
107 186
127 243
119 47
224 28
194 184
42 10
27 223
161 250
246 128
161 248
81 51
128 9
118 50
82 98
163 233
63 184
167 35
247 95
205 80
149 186
79 53
251 128
238 39
155 79
248 214
239 162
227 31
161 244
54 177
73 151
2 95
44 85
95 0
76 103
165 228
215 243
165 30
13 41
200 77
103 76
76 58
128 254
236 38
14 94
166 225
121 43
223 90
221 133
130 231
79 156
53 116
250 128
5 161
11 95
13 127
161 9
89 36
32 124
228 125
174 98
118 206
82 49
8 161
175 205
247 128
118 50
98 174
228 131
132 224
35 89
40 241
205 80
233 36
21 37
254 213
60 74
163 19
42 248
215 244
88 163
135 43
90 225
210 172
236 218
255 213
237 38
25 34
179 56
243 41
166 226
188 67
130 235
239 94
57 115
212 85
55 78
105 183
214 6
216 242
27 91
239 94
126 25
170 41
161 253
87 217
63 145
36 233
214 4
9 95
89 35
184 63
233 163
98 82
138 50
220 168
220 234
161 8
36 168
194 183
82 98
182 60
72 63
85 160
95 9
13 129
174 48
177 203
217 87
182 60
155 79
214 8
12 215
225 227
43 121
129 239
242 94
55 178
128 2
199 115
85 43
130 21
243 41
166 30
217 134
179 200
85 213
199 141
128 254
20 218
221 24
239 129
244 161
33 166
191 186
164 26
222 230
217 18
250 128
161 251
245 161
80 205
95 247
35 167
163 236
233 163
174 98
194 73
88 220
234 36
147 67
220 88
118 50
158 82
9 42
93 236
88 220
161 247
42 4
82 208
177 203
87 39
203 116
223 26
130 25
221 123
225 227
95 11
6 214
24 221
196 143
1 43
198 180
43 171
130 21
215 243
91 90
68 189
77 56
103 76
199 76
85 44
95 2
183 151
129 17
95 244
91 228
41 244
92 230
222 230
217 18
173 210
219 235
11 95
176 52
40 15
224 28
193 184
9 214
169 38
39 239
82 49
22 220
95 248
3 43
49 138
223 27
61 74
184 194
168 36
216 16
42 4
70 149
6 95
83 209
139 203
40 170
126 231
123 35
169 93
120 213
42 6
94 13
20 38
86 41
200 115
103 179
7 42
162 15
165 226
68 189
42 7
103 76
199 142
170 42
200 178
151 74
129 18
66 68
165 28
36 123
126 24
86 215
238 217
217 169
53 79
161 11
52 80
186 64
89 35
193 184
74 60
27 223
6 161
213 253
22 219
147 67
128 246
95 249
83 98
22 163
72 62
88 220
95 8
127 13
174 49
235 219
218 87
203 117
20 93
59 75
192 70
162 169
14 40
203 79
173 46
161 3
213 1
19 218
213 85
179 56
122 39
226 91
94 14
236 126
76 153
0 95
255 128
179 56
105 182
127 238
67 68
31 227
220 133
58 180
155 177
18 39
84 46
203 177
95 245
127 242
9 95
86 95
19 163
23 92
163 235
62 183
208 82
22 219
67 109
3 43
240 39
88 38
125 227
194 72
160 172
40 240
222 167
49 82
111 192
83 209
196 182
216 87
59 75
41 12
223 167
136 44
32 90
72 150
113 195
84 211
200 115
213 85
91 28
243 41
166 91
122 216
236 126
153 181
58 114
43 171
113 59
172 211
202 177
161 12
91 228
133 36
164 26
178 101
3 161
128 5
202 177
36 232
129 14
10 95
25 92
237 93
27 131
99 81
217 17
37 88
161 249
36 233
167 220
184 63
28 33
214 10
62 183
96 84
16 40
214 252
36 23
192 145
173 47
74 196
33 229
59 75
12 215
222 167
95 11
79 53
210 173
112 195
43 255
58 76
42 171
27 165
215 243
90 165
13 41
20 130
181 104
142 58
43 0
254 95
15 94
202 178
214 121
30 31
41 244
198 76
34 26
75 59
254 43
79 202
83 47
127 242
211 120
161 86
124 223
24 92
81 157
183 195
8 128
161 249
95 247
167 221
72 193
163 23
73 195
235 163
168 36
209 137
206 81
108 69
204 80
83 209
74 195
156 80
26 125
41 11
225 227
11 161
79 53
72 150
112 195
41 170
1 95
179 154
7 42
241 162
225 166
189 189
29 91
171 44
58 114
43 171
95 1
35 231
250 214
243 161
164 89
219 133
42 8
101 78
116 201
210 84
79 202
71 106
241 129
95 246
26 92
223 132
60 182
229 33
73 61
3 213
66 146
206 81
4 43
95 249
37 168
93 22
124 31
220 168
216 16
175 206
246 95
65 110
47 83
217 239
20 93
75 197
123 34
87 162
216 15
176 203
95 13
78 54
255 213
55 141
18 94
234 130
94 240
166 31
135 41
165 29
94 15
38 237
213 0
179 56
152 74
178 55
121 41
31 226
187 66
180 199
170 42
75 59
4 128
235 37
232 221
129 15
186 65
89 34
19 162
27 131
217 169
251 95
8 128
219 234
68 108
35 167
240 40
83 97
234 93
132 226
97 84
193 71
81 50
95 10
22 37
38 168
117 52
169 216
92 24
185 192
92 26
65 186
80 53
173 47
21 37
4 128
201 115
86 42
229 91
16 94
31 30
94 13
227 165
162 241
161 1
43 171
56 77
221 25
237 129
40 14
164 89
122 219
76 57
214 170
39 238
128 252
79 202
185 150
224 90
95 246
222 89
94 19
164 24
81 157
17 39
208 83
37 22
247 161
11 128
63 72
28 32
235 93
246 41
164 233
240 216
11 129
10 161
234 219
168 218
117 52
81 99
59 75
133 222
31 29
136 45
204 80
24 221
194 144
84 211
254 161
230 222
229 92
41 12
29 165
40 242
91 226
104 75
161 1
85 213
161 255
172 212
178 55
94 243
167 164
244 215
130 233
178 102
217 18
255 43
62 144
72 106
129 15
70 191
164 26
133 34
247 42
99 81
52 117
88 218
80 204
233 220
175 50
248 161
88 37
21 163
226 124
233 93
16 40
43 4
49 82
249 161
208 173
251 161
21 93
131 27
34 132
222 167
216 15
241 127
12 161
54 177
255 213
95 254
26 34
164 229
240 162
224 166
40 242
237 127
35 25
197 142
85 213
77 199
104 181
127 237
14 216
227 165
66 69
249 42
18 162
59 181
86 216
95 4
72 106
80 203
191 186
169 162
41 245
131 230
93 20
182 195
173 209
65 146
36 233
167 221
48 137
172 159
246 215
61 183
28 224
184 193
128 11
68 148
219 22
173 48
205 117
157 81
24 164
41 11
32 29
186 191
129 241
221 232
202 79
172 45
217 238
102 178
76 199
162 16
165 227
242 216
201 78
231 35
218 20
85 213
95 1
25 35
29 165
41 135
225 30
240 94
214 249
238 94
161 255
172 211
219 236
24 35
166 224
65 69
92 230
185 64
75 59
87 216
4 161
213 254
191 110
69 108
214 4
63 71
159 84
41 246
125 30
219 168
72 63
128 11
233 36
249 161
248 128
239 39
235 163
182 60
19 93
161 170
211 136
204 80
244 95
79 54
216 87
238 39
86 42
248 214
37 133
91 28
188 189
6 214
211 172
197 142
0 43
161 255
16 94
165 227
188 189
166 165
187 66
214 249
94 17
38 237
3 128
144 195
83 47
214 5
15 216
34 167
64 71
125 26
40 87
39 239
218 168
52 80
95 246
175 51
63 71
28 32
41 246
195 73
32 28
249 95
89 221
161 247
80 51
128 248
217 239
87 39
229 131
11 215
230 92
10 161
251 42
232 36
202 79
128 5
54 140
18 94
58 76
94 240
166 32
161 244
54 178
242 94
114 197
0 43
0 161
94 240
42 249
189 68
225 90
15 162
7 214
94 17
198 76
128 3
236 38
95 243
166 224
187 66
31 227
64 71
131 230
93 20
39 239
83 47
6 161
36 233
81 205
95 248
228 224
235 93
183 195
93 23
193 72
128 246
95 9
22 37
128 9
5 95
87 39
131 27
19 93
164 231
40 241
80 52
161 244
95 251
5 128
18 217
78 101
232 130
244 41
28 165
95 12
129 238
211 172
254 161
214 86
0 95
44 171
236 130
134 216
90 91
41 243
91 228
94 17
161 255
3 128
3 161
72 106
90 32
66 69
169 162
35 123
25 92
100 80
117 203
218 169
235 37
69 108
244 129
71 192
28 32
184 62
29 131
98 83
62 184
207 82
234 36
175 205
174 48
17 217
169 217
60 74
124 33
224 227
40 241
42 5
71 149
193 144
217 87
39 18
34 230
42 248
244 41
166 32
161 244
177 202
25 221
179 200
128 255
76 199
103 180
130 20
13 215
91 166
69 190
214 249
179 102
161 255
172 212
143 195
221 24
79 203
66 69
167 223
18 162
42 8
223 229
53 117
47 173
21 219
161 10
167 222
16 216
32 228
246 215
195 74
168 38
161 250
207 82
206 175
248 161
49 82
6 95
157 82
163 233
124 32
35 89
241 216
89 223
95 11
37 235
87 39
95 253
19 94
8 42
36 133
93 88
66 188
238 127
105 73
196 143
213 0
57 141
180 153
126 236
122 40
225 90
13 41
42 7
85 213
38 237
212 85
218 236
46 172
6 42
11 95
93 169
41 244
58 181
163 236
60 182
6 128
53 80
174 208
51 81
247 161
96 171
194 184
74 61
33 27
95 6
174 207
22 220
109 190
9 128
161 6
27 33
163 233
32 132
221 167
46 119
14 129
220 233
145 63
46 83
18 217
41 170
126 232
70 65
165 228
40 242
90 225
172 46
218 20
214 86
0 161
34 231
42 249
94 242
166 165
134 39
179 200
43 85
95 1
2 128
3 161
221 24
239 129
190 187
223 90
186 65
181 198
19 163
140 53
87 217
235 37
186 149
175 51
119 47
164 25
72 194
214 247
88 218
184 194
82 49
234 36
22 36
82 207
250 161
169 218
93 23
245 41
164 231
64 185
252 42
48 82
37 235
87 39
161 3
101 177
248 214
36 133
88 163
190 69
42 6
24 221
161 2
85 212
38 19
180 153
77 200
14 94
226 165
94 15
235 126
103 76
58 180
171 212
196 113
94 242
166 225
216 242
29 31
244 215
230 164
222 230
60 182
210 83
79 203
245 161
222 89
216 241
89 35
63 72
42 9
223 229
39 239
9 128
22 220
248 161
128 246
39 17
234 163
247 214
124 32
160 171
71 64
129 243
149 186
161 5
173 46
253 161
170 215
58 76
70 65
229 91
12 161
17 129
210 172
196 143
43 255
0 95
180 153
249 214
41 13
30 90
94 14
200 77
153 180
161 0
213 255
196 113
162 14
42 250
43 135
166 223
36 123
180 198
19 163
238 217
128 250
161 251
208 82
214 4
95 247
96 171
11 41
42 9
98 82
50 118
253 43
189 109
248 161
213 3
206 118
229 223
214 9
20 93
164 231
64 185
81 51
48 82
64 111
250 128
95 253
19 93
42 248
244 41
93 88
213 135
214 250
232 35
3 95
41 170
180 58
76 103
214 7
39 134
91 90
122 217
77 56
103 76
115 199
44 171
161 254
94 242
129 17
40 14
168 163
220 133
130 232
230 34
95 3
254 43
53 79
174 208
251 214
192 186
92 231
193 184
93 233
229 33
217 17
213 253
147 190
36 234
246 128
240 39
163 22
10 42
194 72
171 96
16 40
222 167
161 245
37 235
6 128
161 4
236 163
75 198
94 238
227 31
161 245
239 127
105 73
178 201
41 170
200 115
153 77
77 200
39 134
30 30
162 242
130 236
44 85
38 237
42 86
196 113
231 221
166 225
135 214
225 29
244 215
232 126
162 237
161 253
251 128
219 235
245 161
129 14
46 136
95 171
215 11
163 23
174 99
161 250
247 128
66 146
234 220
3 43
72 194
38 168
22 163
93 235
224 228
71 64
129 243
148 187
250 161
173 47
53 139
33 229
130 25
186 192
162 169
69 66
16 129
35 24
253 161
212 172
218 237
85 43
126 235
134 217
30 165
40 122
29 91
16 162
57 114
86 214
77 200
25 35
18 127
242 40
163 88
94 17
92 230
215 170
217 18
128 5
21 219
185 149
33 167
161 9
32 227
33 124
229 125
93 21
138 51
3 213
190 110
220 22
43 253
217 240
98 173
29 125
184 194
224 228
216 16
244 127
23 220
64 111
169 218
117 53
176 156
231 92
35 133
164 229
44 120
240 127
13 161
236 218
86 41
95 255
94 239
56 77
41 13
91 30
68 189
29 91
75 153
76 57
213 85
59 143
25 35
30 166
12 95
91 228
123 220
164 26
78 155
140 54
128 5
112 63
208 83
204 176
191 186
89 35
163 237
232 164
217 169
95 5
168 37
66 146
81 50
167 220
95 249
168 219
131 29
225 124
24 164
71 64
129 244
82 207
21 37
254 213
204 117
223 27
164 231
123 35
225 227
136 44
251 42
83 210
144 61
211 172
1 95
26 34
126 234
218 122
90 165
242 94
214 249
152 181
179 199
170 42
218 236
94 241
42 250
13 95
92 167
215 12
214 248
26 222
202 140
172 210
54 79
244 161
80 204
10 95
164 26
215 11
196 74
39 87
73 61
48 174
110 66
81 50
128 245
39 16
219 88
29 125
62 183
36 88
16 40
167 34
220 233
37 234
254 213
239 39
163 20
131 26
11 215
164 229
65 187
90 224
35 24
37 236
170 215
38 19
26 34
229 91
190 69
90 225
242 94
91 227
162 240
179 199
255 128
255 95
182 152
18 127
188 67
92 167
65 69
199 76
101 78
2 161
128 252
112 62
232 221
90 33
211 120
227 224
223 132
182 196
235 93
51 117
174 208
234 37
109 188
81 206
49 138
219 88
183 61
10 215
97 84
185 193
221 167
69 148
250 161
43 254
39 17
163 20
214 9
162 18
167 34
245 95
224 166
221 232
219 20
40 170
238 38
214 86
214 7
243 41
31 30
121 215
178 201
15 162
199 77
171 213
179 56
221 25
214 6
41 135
90 32
133 37
214 248
78 154
181 197
87 216
177 54
244 161
15 127
241 40
89 34
33 124
131 229
157 175
5 161
88 219
249 95
174 206
4 43
249 161
97 173
215 10
10 215
84 159
240 216
129 244
187 108
146 65
168 218
161 4
87 40
214 9
133 222
164 230
246 95
5 214
35 24
144 62
211 172
38 18
238 162
91 27
215 243
225 226
14 40
178 201
212 172
77 57
171 213
59 142
152 74
201 178
161 13
30 31
215 12
233 126
78 154
18 39
87 216
194 112
161 12
127 241
70 191
222 89
162 237
59 181
87 217
117 205
219 168
22 219
220 23
175 50
16 216
168 219
30 124
194 73
228 32
40 240
50 175
188 108
161 7
38 168
39 17
27 33
247 214
185 192
94 86
120 211
214 251
83 209
219 21
45 84
55 140
26 34
248 214
69 66
31 30
68 67
129 237
162 241
1 95
0 213
58 142
44 172
42 250
216 242
225 30
190 187
8 214
154 178
39 238
43 1
202 177
83 47
224 90
241 40
89 34
123 222
247 42
99 81
204 139
7 128
249 95
82 49
42 252
72 193
224 28
10 41
30 132
168 37
216 16
4 213
82 207
249 161
83 208
61 73
39 169
125 229
11 215
34 89
161 246
176 204
185 106
79 54
252 128
161 2
78 102
27 164
187 190
227 91
243 95
129 237
94 15
59 114
0 43
1 161
35 231
19 127
242 40
90 31
16 162
91 229
26 222
59 181
84 45
178 54
209 83
80 203
212 120
162 87
192 185
247 42
169 40
195 74
218 168
22 219
23 36
221 89
48 137
219 88
183 62
246 41
88 219
138 48
213 252
148 188
95 249
253 213
251 161
163 21
131 27
11 215
161 170
191 70
129 241
209 173
112 194
45 84
59 75
34 230
229 92
69 66
92 89
135 41
178 201
25 221
56 179
0 128
58 142
171 212
250 214
68 189
90 31
187 66
179 199
42 86
181 198
128 253
112 61
209 83
214 5
69 191
169 162
41 245
26 131
33 27
182 195
254 43
191 110
108 187
252 214
208 119
36 168
62 73
10 214
93 23
240 217
167 35
161 247
234 219
43 253
195 183
27 33
232 92
193 71
35 89
10 161
42 5
232 35
235 219
1 43
95 254
94 238
130 23
219 123
31 30
68 67
129 238
231 35
236 218
171 43
161 255
94 240
91 29
188 189
30 226
15 162
77 57
154 179
19 38
211 84
20 219
35 232
79 203
15 216
167 222
123 222
131 230
236 93
61 182
249 128
80 204
148 69
89 34
161 8
164 24
41 246
131 227
93 23
207 138
128 11
23 220
22 37
248 128
195 183
87 39
9 42
185 193
92 26
15 40
14 129
36 24
177 202
46 84
59 75
162 18
248 214
215 244
167 92
40 242
127 18
84 211
142 59
0 213
0 95
240 162
78 201
242 162
31 166
69 190
7 214
230 34
200 141
253 128
219 236
221 24
79 203
187 66
87 94
35 123
125 26
27 223
4 161
2 213
219 235
10 95
222 89
64 71
84 96
93 21
93 234
23 163
161 249
246 128
81 206
22 37
43 253
251 161
87 39
196 182
93 237
227 32
40 241
80 52
173 48
251 161
213 2
140 202
215 86
42 248
220 123
228 91
161 244
177 202
25 221
113 197
214 86
218 237
25 34
126 236
14 94
91 166
187 66
22 130
162 239
200 141
1 213
143 195
221 24
224 90
66 69
27 92
71 192
248 42
100 80
182 196
87 218
235 37
23 36
127 244
71 192
36 168
235 93
125 29
33 28
7 161
3 213
234 36
110 190
128 247
39 17
217 87
74 196
163 19
224 227
136 46
42 5
11 161
95 251
2 43
253 161
155 79
24 126
186 191
90 224
214 135
30 90
94 14
38 236
213 171
95 0
16 94
78 200
94 242
90 91
39 122
249 42
222 230
218 19
41 86
78 201
210 84
31 166
136 213
94 169
238 94
126 25
169 40
18 39
43 2
235 37
95 246
51 81
71 192
92 232
184 62
182 195
98 83
49 118
49 174
95 9
190 146
208 174
206 118
174 157
60 74
72 63
85 161
120 210
5 214
83 208
5 95
213 2
59 75
41 170
164 230
186 191
29 225
242 216
90 225
162 242
196 143
170 214
57 141
153 76
20 126
13 215
90 31
15 162
249 42
26 222
180 198
213 255
78 201
151 73
166 225
120 43
229 165
133 35
126 25
223 229
74 60
173 209
176 53
107 186
89 34
185 64
32 228
132 32
214 246
98 82
16 39
207 82
81 206
66 109
43 253
194 183
93 234
23 163
11 215
231 92
241 216
242 127
233 36
21 37
251 128
217 238
41 170
230 92
94 239
28 165
161 244
79 54
105 73
143 60
128 2
199 115
43 171
77 200
14 94
90 91
217 134
228 165
25 222
141 57
128 2
196 113
221 24
177 53
66 69
225 29
133 35
181 198
86 215
95 3
217 169
235 37
70 107
89 34
247 161
220 89
194 184
61 182
218 168
17 39
246 128
248 95
95 248
253 213
239 39
98 174
228 131
32 132
35 89
241 216
176 205
208 174
177 203
39 169
203 116
170 215
232 130
244 41
225 227
161 244
17 129
172 46
254 161
41 170
180 58
76 103
56 77
162 14
165 90
13 41
42 7
153 180
237 218
44 171
20 218
14 94
31 166
161 12
29 31
133 36
180 198
163 237
53 116
83 46
21 219
48 174
51 80
15 216
221 89
32 124
9 214
229 33
6 161
88 220
8 161
51 175
207 174
39 17
87 38
196 182
193 72
160 171
40 241
129 243
48 82
219 21
254 213
53 140
163 19
8 42
123 36
225 227
135 43
239 127
172 46
55 178
128 2
95 0
180 153
214 7
94 241
165 226
188 67
228 165
25 222
115 199
86 215
201 178
232 221
42 250
43 135
28 91
17 162
26 92
170 41
53 116
43 2
161 251
36 233
127 243
95 247
89 35
124 224
60 182
218 169
161 250
247 128
248 95
81 50
88 36
138 206
98 174
182 61
215 245
171 96
95 9
175 205
70 149
111 192
209 173
217 238
100 177
198 181
133 221
29 225
135 43
225 166
24 221
3 95
254 128
76 198
43 171
56 77
189 68
90 165
217 134
249 42
103 76
237 218
214 170
113 60
84 45
250 214
14 216
28 91
191 186
198 76
93 19
95 3
213 254
219 235
174 208
129 14
119 46
89 35
193 184
196 74
27 223
194 73
3 213
161 248
248 161
128 10
184 62
93 234
61 74
124 31
232 92
95 9
127 13
233 36
219 21
128 250
53 139
170 216
181 58
215 244
89 223
69 66
79 53
172 46
95 253
128 254
180 58
179 153
21 126
243 41
226 226
134 40
236 126
162 240
199 76
212 85
113 60
14 94
42 250
188 66
93 168
186 65
26 92
19 162
54 116
217 169
95 5
220 23
80 204
241 40
92 231
236 93
9 214
229 33
239 217
3 213
175 51
161 9
88 36
7 95
38 168
74 195
132 225
36 88
216 16
4 214
108 69
95 250
87 38
182 60
176 156
25 164
186 192
27 164
43 120
31 90
73 151
3 95
212 172
161 1
26 34
77 200
243 41
225 166
13 41
236 126
76 153
57 114
0 43
59 143
182 151
177 54
216 242
31 227
186 65
164 26
94 19
140 54
128 5
21 219
83 48
127 242
186 65
167 221
41 245
42 9
33 27
51 118
253 43
249 95
220 22
168 220
118 49
233 163
73 195
194 72
168 36
216 16
252 42
23 220
21 37
38 169
196 182
87 40
131 25
238 162
229 92
69 66
224 166
161 243
236 218
211 172
141 200
222 26
91 28
122 38
166 91
216 134
214 249
231 34
180 199
0 213
236 38
94 242
79 202
135 214
163 88
133 36
24 130
170 41
18 39
128 5
63 144
173 208
80 204
191 186
221 89
124 223
92 232
223 229
17 39
208 82
190 110
161 9
128 246
138 207
228 223
29 125
184 194
32 28
185 192
42 4
23 220
161 6
87 38
252 161
100 176
214 9
35 133
31 29
216 15
32 90
95 13
201 78
170 215
115 56
214 85
130 22
15 94
30 30
14 162
91 227
94 16
218 19
43 171
2 161
182 152
42 250
95 243
167 164
70 191
42 8
78 155
59 181
2 213
54 79
209 83
52 80
186 65
167 221
19 163
24 92
169 39
205 139
128 8
190 110
81 50
221 89
95 249
32 228
93 22
93 235
88 220
248 95
175 205
10 161
95 250
128 7
161 4
229 223
230 131
71 64
31 29
95 11
5 214
243 95
144 61
170 215
180 58
154 77
27 165
41 13
30 30
40 243
178 201
35 25
237 218
213 85
142 197
211 84
129 18
67 68
91 228
187 65
76 57
18 162
201 140
84 46
62 144
95 244
204 176
40 15
170 161
19 163
164 24
93 21
217 17
8 128
22 219
188 147
206 175
161 7
159 83
125 226
132 225
97 84
16 40
127 12
23 220
250 161
43 254
217 239
100 176
26 125
192 71
94 87
11 161
80 53
13 161
219 20
84 211
58 75
170 214
214 7
38 134
166 31
67 188
214 250
152 181
237 218
0 43
20 218
74 104
178 55
242 40
227 165
190 187
126 23
170 42
95 2
128 4
144 194
35 232
42 251
65 70
227 224
19 162
181 196
229 33
139 51
219 168
161 249
9 95
245 128
40 16
173 159
195 183
41 10
224 228
248 95
175 206
161 246
250 161
209 173
239 39
27 33
197 181
64 185
94 87
216 15
5 214
209 173
54 178
170 216
238 38
154 77
179 57
66 187
92 89
215 135
42 6
152 181
1 95
128 0
77 200
231 221
6 42
14 216
225 30
187 66
126 23
18 162
217 18
128 252
144 194
47 173
129 15
15 216
34 167
132 34
92 232
39 87
51 117
8 128
204 176
233 220
89 35
48 137
163 23
30 124
183 194
168 37
16 40
127 11
148 188
234 219
173 48
195 183
93 235
230 131
34 133
222 167
120 211
127 15
72 150
95 252
172 45
254 161
94 238
229 92
219 122
89 164
189 68
19 129
221 231
200 77
171 43
19 218
172 212
129 19
121 41
164 89
16 162
23 130
78 154
39 238
1 213
177 54
232 221
241 129
136 211
86 94
192 185
232 164
175 99
183 195
43 3
176 52
207 82
245 129
137 208
159 84
30 124
226 124
168 37
193 72
4 213
161 247
65 110
3 43
195 183
223 27
230 131
71 64
86 161
45 120
224 166
35 24
21 37
84 211
197 181
42 170
92 27
16 94
164 167
68 67
237 127
84 211
114 197
213 171
77 199
152 75
29 165
216 242
165 29
187 66
130 234
230 34
197 75
216 170
235 37
209 83
166 224
70 191
29 31
162 238
232 164
40 87
117 204
218 168
234 37
246 161
12 127
161 8
164 24
183 62
73 61
228 32
48 119
167 35
247 95
65 110
213 3
139 205
229 223
131 27
41 11
167 34
246 95
5 214
83 209
112 194
169 216
201 116
26 34
42 248
94 240
31 30
216 14
6 214
45 84
142 59
171 214
218 237
85 44
250 214
13 94
226 225
243 215
234 126
238 94
161 254
86 216
252 95
243 161
224 90
136 212
222 89
245 215
181 197
223 229
252 95
173 209
204 176
36 233
42 252
216 240
92 232
132 31
183 195
88 219
16 39
175 206
206 175
190 146
128 8
205 117
223 27
131 27
124 33
164 230
120 211
129 241
221 232
79 54
172 46
59 75
18 94
92 26
244 41
31 30
95 13
129 238
221 231
218 20
128 1
142 198
231 221
201 178
13 216
90 31
122 218
249 42
94 17
76 58
45 172
178 55
106 184
177 53
40 15
162 87
133 34
42 9
229 33
252 95
249 128
176 52
220 23
34 167
185 63
228 224
246 215
125 29
83 159
95 7
213 252
9 161
22 37
174 48
251 161
169 217
24 164
11 215
224 227
65 186
129 242
71 149
21 37
87 40
2 95
34 230
42 248
215 244
30 225
214 135
226 165
162 241
114 197
128 255
95 0
240 162
165 227
162 14
91 227
215 13
199 77
154 179
56 115
41 86
78 201
46 173
214 5
216 241
92 229
221 133
75 59
216 169
196 74
128 7
52 80
220 23
252 214
8 95
160 84
194 184
131 227
37 88
161 249
50 174
206 175
66 110
219 88
138 205
39 169
74 196
41 11
29 224
95 10
33 90
12 161
54 177
217 87
18 217
101 178
92 26
220 123
163 168
135 42
54 177
162 242
197 143
42 170
198 114
94 240
178 55
242 162
225 90
190 187
28 91
179 102
161 255
253 128
218 236
46 173
16 127
216 241
167 223
133 35
25 131
40 87
203 139
7 128
176 52
148 69
4 42
192 185
164 24
93 21
195 73
88 218
240 217
43 3
22 220
190 146
174 48
39 17
21 93
196 182
11 215
32 29
120 210
42 5
245 95
203 79
254 213
116 54
26 34
8 42
70 65
91 28
68 67
30 90
162 242
161 2
171 43
199 180
180 153
78 200
243 41
166 225
94 15
228 165
17 162
237 218
41 86
3 161
243 162
90 31
187 66
225 29
35 123
92 231
87 216
74 60
38 87
203 176
10 95
4 42
248 161
228 224
62 72
234 163
158 173
217 16
207 82
67 147
95 248
3 43
62 73
223 27
28 125
245 41
167 35
247 95
89 223
107 70
235 219
128 251
75 197
215 86
92 26
220 123
163 168
161 244
129 238
182 105
95 254
0 43
57 141
85 44
77 200
14 94
90 91
241 94
130 235
213 171
38 237
44 171
201 178
210 84
127 239
95 245
225 29
64 70
164 25
163 236
217 18
47 173
192 111
107 186
127 243
247 161
28 32
236 93
93 233
88 218
72 62
82 49
8 161
81 51
49 82
206 118
33 229
93 23
93 236
92 25
95 9
33 89
161 245
21 37
87 39
3 95
222 26
232 130
162 17
225 227
187 190
129 239
183 105
95 254
171 44
19 218
240 162
91 28
94 242
30 166
39 122
91 228
222 231
141 56
254 128
60 143
84 46
53 79
95 245
91 229
94 17
214 248
33 26
203 140
47 173
145 192
23 36
89 34
16 216
96 171
93 20
233 163
93 22
72 62
3 213
175 50
109 189
247 128
217 239
223 27
28 125
224 124
224 228
210 137
223 167
11 161
193 145
128 6
161 3
34 230
130 24
12 215
168 93
14 40
129 239
24 221
60 113
1 43
180 57
16 94
179 56
39 134
226 165
217 134
235 126
43 85
115 199
213 255
20 218
162 14
239 129
242 40
168 163
191 186
92 231
101 79
116 203
213 254
145 193
36 233
34 167
64 71
89 35
41 245
60 182
218 169
206 138
49 174
67 147
189 147
9 128
17 217
98 174
196 182
224 124
96 85
210 137
176 205
23 220
193 145
213 2
18 217
155 79
126 231
220 123
163 168
121 213
202 79
151 183
161 2
2 128
95 0
162 17
214 7
122 39
30 226
242 94
200 77
171 43
180 198
41 86
201 178
14 94
17 127
40 14
225 29
36 123
24 130
237 93
18 39
254 43
5 161
70 107
205 176
119 46
35 167
215 11
247 42
174 98
118 206
49 174
205 175
248 161
3 43
206 118
93 234
74 195
224 124
220 167
16 40
81 51
95 11
111 192
2 43
161 3
93 237
92 25
17 94
223 166
190 69
166 31
183 105
38 236
215 86
141 199
25 34
235 130
68 67
30 165
134 39
7 214
240 94
19 38
171 212
218 236
242 162
129 17
12 95
165 28
215 12
26 92
19 163
18 39
128 5
63 145
23 36
33 167
210 119
221 89
236 93
23 93
98 82
161 250
36 88
175 51
95 248
220 88
6 95
38 168
233 93
184 194
228 32
16 40
89 222
107 70
219 21
250 128
60 74
176 156
8 42
221 123
31 29
66 187
17 129
105 73
236 218
255 213
58 76
17 94
56 77
162 15
30 226
162 242
126 20
222 231
57 180
214 170
56 78
211 84
90 31
14 216
228 165
12 41
76 58
79 155
75 59
43 2
79 203
83 48
5 42
241 40
28 32
236 93
196 74
157 174
161 250
3 213
190 110
109 189
207 174
39 16
28 33
195 182
225 124
88 220
8 161
51 175
49 82
95 250
209 173
196 182
229 223
92 25
41 12
167 33
43 120
166 31
151 183
3 95
44 84
141 200
154 77
200 179
243 41
226 226
41 243
178 200
85 212
19 38
214 170
196 113
25 35
79 202
244 161
224 90
36 123
58 180
177 101
202 140
169 39
5 161
208 83
5 42
191 186
32 227
63 72
131 229
99 82
118 205
253 43
110 66
36 234
82 207
138 207
158 83
10 42
246 41
32 28
95 8
12 129
220 233
145 64
47 83
238 39
229 223
42 248
123 35
164 229
69 66
16 129
173 46
20 38
212 172
56 141
26 34
77 200
94 241
91 90
215 13
126 20
162 240
161 0
255 128
113 59
45 172
90 30
68 189
165 28
239 94
230 164
222 230
181 197
2 213
79 202
83 48
33 166
186 65
25 92
33 124
9 214
169 39
205 138
9 128
205 175
23 36
43 253
95 249
233 163
42 246
246 41
36 88
216 16
81 51
36 23
250 161
7 128
161 4
87 40
92 25
185 192
92 27
136 44
32 90
24 221
236 219
172 45
200 115
214 85
199 179
15 94
29 165
40 122
130 236
221 231
142 58
1 128
77 200
94 242
30 165
13 95
91 228
219 133
248 42
238 94
140 54
46 172
194 112
12 95
80 204
15 216
167 221
193 185
42 9
157 175
61 183
168 37
95 7
233 220
128 11
95 249
37 168
29 125
163 21
224 228
161 248
214 252
10 161
204 80
213 2
239 39
87 40
42 247
185 192
162 169
136 44
224 166
232 35
20 37
128 3
180 58
162 17
130 22
215 243
90 225
40 121
227 165
44 85
58 114
171 213
255 95
15 94
6 42
95 243
225 30
65 69
233 126
230 34
254 95
43 1
54 79
150 71
214 5
136 211
167 221
41 245
9 214
175 99
217 17
48 174
219 234
247 161
128 11
72 193
28 32
246 214
41 10
84 159
216 16
214 252
23 220
176 204
128 249
204 117
20 93
92 25
34 133
227 31
69 65
80 53
161 243
236 219
172 45
1 95
94 238
7 42
243 41
225 166
216 14
227 165
231 35
218 19
0 43
95 1
211 84
165 226
121 41
226 225
16 162
130 233
178 102
116 201
1 213
79 202
185 150
241 129
95 246
92 230
215 11
75 60
157 175
5 161
128 248
204 176
148 68
128 11
118 48
233 163
215 10
246 41
28 224
16 40
42 4
220 233
191 146
47 83
252 161
169 216
214 9
222 123
92 26
191 70
224 166
12 161
62 112
213 1
141 201
77 102
130 22
38 134
91 29
68 67
178 201
152 181
161 1
0 128
38 20
35 231
201 178
215 121
226 225
187 66
214 248
170 42
181 197
45 172
161 252
232 221
90 32
70 191
34 167
124 222
75 59
99 81
61 183
3 213
52 80
82 49
81 206
184 63
233 163
93 22
10 215
172 97
40 240
221 167
161 246
161 7
128 7
217 239
81 99
26 125
245 41
94 86
120 211
176 204
173 47
161 4
128 4
18 217
78 102
233 130
219 122
166 31
67 188
91 226
25 221
142 58
213 85
179 56
241 162
19 127
68 189
32 166
69 190
233 126
214 170
161 254
84 45
144 194
24 35
80 204
40 15
167 222
123 222
9 214
223 229
117 204
218 168
65 146
207 82
167 221
63 72
28 32
93 21
73 61
93 23
95 7
43 4
148 188
52 176
48 83
39 17
235 163
197 181
34 132
170 95
191 70
127 15
95 12
252 161
84 211
59 75
78 102
42 248
94 240
31 30
68 67
237 127
35 25
1 95
213 0
199 179
15 94
178 55
121 41
165 29
215 13
22 130
222 230
141 55
255 43
178 54
221 24
127 241
120 44
167 222
71 192
75 59
100 80
239 217
209 83
52 80
233 220
12 127
119 48
37 168
163 235
246 41
224 228
48 119
50 175
188 108
7 95
37 168
61 73
169 217
232 92
132 223
32 29
95 10
166 33
209 173
62 112
87 40
201 116
154 78
23 126
69 66
167 92
242 216
226 165
74 152
142 59
0 128
57 77
104 181
78 201
243 162
164 89
190 187
91 229
238 94
58 181
170 40
61 144
47 173
42 251
212 120
94 169
238 94
26 131
236 93
139 52
249 128
191 110
49 174
221 89
119 48
92 232
41 246
195 73
224 228
49 118
11 128
95 9
37 234
168 219
217 239
87 39
24 164
193 71
29 224
95 10
129 241
83 209
202 79
128 4
59 75
162 18
27 164
133 219
164 167
40 242
178 202
104 74
142 59
43 0
218 237
44 171
178 55
189 67
90 31
15 162
229 165
94 17
95 1
128 3
78 201
95 243
90 32
11 95
167 222
18 162
26 131
87 216
117 204
43 2
22 219
148 69
12 127
185 63
228 224
93 21
10 214
163 233
193 72
167 35
147 188
146 66
253 213
205 117
33 229
9 42
245 41
224 227
120 211
214 251
95 12
235 219
128 5
217 238
222 26
198 180
133 219
166 32
189 68
238 127
104 74
161 2
214 86
237 38
104 181
236 130
14 94
166 165
134 38
179 199
26 222
76 58
41 86
78 201
46 173
214 5
69 190
229 164
244 215
181 197
229 33
52 117
38 87
95 6
148 69
167 222
216 240
228 224
62 73
214 246
173 98
193 72
220 167
175 50
219 22
128 248
205 118
39 169
196 182
19 93
227 32
161 246
176 204
220 232
161 5
210 172
54 140
230 222
214 8
244 41
168 93
189 68
54 177
74 151
113 197
0 213
161 0
75 103
236 130
216 122
225 90
69 190
228 165
222 230
161 255
211 84
161 253
161 13
127 240
40 15
229 164
123 221
164 25
20 163
217 18
47 173
64 145
23 36
167 222
16 216
164 24
31 124
214 246
233 93
138 49
128 10
9 161
95 249
213 3
205 118
157 82
60 74
193 72
224 227
46 120
127 14
36 24
53 177
2 43
59 75
170 215
130 24
17 94
32 90
68 67
30 90
151 182
20 38
42 170
180 57
34 231
165 227
68 67
166 165
39 122
56 179
213 171
180 198
215 170
195 113
151 73
177 53
14 216
87 94
123 221
214 248
20 163
196 74
38 87
176 53
233 220
205 175
209 119
24 92
72 194
125 29
22 163
39 240
213 253
9 161
37 234
48 82
6 95
218 87
74 196
124 32
228 32
40 241
52 176
23 220
5 95
217 87
54 140
230 222
126 232
12 215
225 227
214 135
127 18
211 172
143 60
170 214
114 57
44 171
78 200
216 122
30 30
243 215
28 91
77 153
56 115
212 85
78 201
24 35
203 177
40 14
33 167
123 221
58 181
163 236
182 196
39 87
203 176
174 208
51 81
9 95
85 96
93 20
227 125
163 234
194 72
88 220
234 36
161 8
253 213
194 183
38 169
125 228
163 20
167 35
192 70
176 204
36 23
145 63
5 128
3 95
237 163
26 164
65 186
31 29
187 190
239 127
221 232
95 254
86 42
57 76
222 25
56 77
215 243
165 90
243 215
91 228
180 103
161 255
170 41
38 20
183 151
90 31
95 245
31 227
244 215
75 58
26 223
203 140
213 254
21 219
23 36
167 222
64 71
228 224
215 11
182 195
234 93
72 62
43 3
109 67
81 51
128 247
194 183
163 22
214 9
224 124
167 35
119 210
13 129
245 95
145 63
46 83
3 95
170 215
92 26
133 220
28 165
244 95
177 202
210 172
60 113
212 171
57 141
25 34
126 235
13 215
91 226
122 217
130 235
180 103
115 199
213 255
201 178
183 151
166 225
242 40
29 31
35 123
231 126
163 237
60 182
43 2
111 63
82 48
42 252
95 247
25 92
193 184
60 182
33 27
17 39
247 128
175 51
51 175
168 220
39 17
98 174
163 233
11 215
89 221
71 64
51 176
220 233
251 161
83 210
74 196
170 215
76 198
162 17
93 88
242 216
250 42
24 221
38 236
171 44
218 237
17 94
42 249
94 241
91 30
188 67
126 21
231 34
218 19
128 2
78 201
35 232
127 239
244 161
93 168
12 41
92 230
41 86
253 95
2 213
145 193
233 220
42 252
95 247
221 89
193 184
125 28
218 169
194 73
213 253
189 109
206 81
168 220
95 250
174 158
131 28
62 184
85 160
40 240
252 42
107 70
251 161
209 173
3 95
26 33
8 42
239 162
29 225
12 161
214 250
221 232
236 218
128 2
76 198
94 239
165 228
67 188
226 226
14 162
77 56
103 76
199 141
1 213
201 178
162 14
166 225
95 244
163 88
12 41
26 92
86 215
196 74
2 213
21 219
36 233
242 129
70 192
221 89
184 63
196 74
174 98
73 62
9 128
8 161
175 206
3 43
72 194
33 229
227 131
72 62
164 232
240 216
214 252
149 186
192 145
43 254
39 18
86 40
231 92
192 70
167 33
11 161
166 31
73 151
113 195
128 254
115 56
43 171
235 130
66 188
30 165
122 216
91 227
212 171
57 115
128 255
254 95
242 162
238 129
188 66
90 32
94 17
76 58
101 79
140 54
210 84
5 161
83 48
251 214
192 186
221 89
63 72
182 196
157 174
250 95
253 43
22 219
206 81
82 207
49 138
218 88
42 246
62 184
88 220
95 8
222 167
187 108
235 219
218 87
4 95
229 223
8 42
162 18
167 33
95 11
90 225
94 13
201 78
41 170
56 141
77 102
21 126
13 215
226 226
14 162
236 126
222 231
57 180
86 214
113 60
162 14
202 177
42 135
91 228
215 12
8 214
79 155
181 197
46 172
219 235
185 149
5 42
9 95
164 25
245 215
182 196
39 87
118 205
43 3
175 51
36 234
253 213
49 138
228 223
29 125
62 184
88 220
192 71
167 34
82 207
52 176
83 209
4 95
236 163
8 42
133 221
225 227
241 216
224 166
35 24
3 95
170 215
255 161
26 34
56 77
94 241
166 91
41 243
78 55
16 162
237 218
85 43
59 143
94 242
6 42
188 67
228 165
239 94
230 164
155 178
95 3
128 5
251 95
232 220
33 166
45 136
89 35
245 215
23 92
229 33
51 118
9 128
219 234
161 9
82 207
138 207
33 228
22 163
132 225
172 96
119 209
42 4
187 108
250 161
128 7
52 139
40 169
9 42
133 221
29 225
245 95
166 32
83 210
195 143
128 3
1 95
77 102
229 91
94 241
227 91
215 13
55 178
181 104
77 57
213 85
179 56
182 152
91 30
42 135
226 225
94 16
42 8
34 26
2 161
5 128
37 21
232 220
127 242
186 65
92 230
132 33
92 232
163 235
251 95
174 208
190 110
147 68
167 221
49 138
32 228
183 61
10 215
36 88
8 161
34 89
207 174
145 64
168 218
204 117
93 236
25 164
123 34
225 227
187 191
214 251
83 209
61 112
86 41
38 19
154 77
229 91
94 241
226 226
67 68
129 236
181 104
161 1
0 213
179 56
104 182
214 6
214 121
228 165
215 12
92 230
18 162
161 254
169 40
54 79
221 24
52 80
40 15
26 92
11 41
182 196
39 87
251 95
174 208
161 249
147 68
252 213
49 138
83 97
246 214
194 73
172 97
161 248
244 127
23 220
65 110
254 213
95 252
80 100
131 26
34 133
222 167
120 212
240 127
72 150
202 78
1 43
238 38
238 162
57 77
243 41
91 29
68 67
127 19
212 171
114 198
128 0
218 236
231 221
129 18
95 243
30 31
219 133
42 8
230 34
197 75
255 43
37 21
185 150
241 129
241 40
164 26
193 185
9 214
169 39
117 205
253 43
95 7
82 50
167 221
208 118
88 37
183 61
235 163
232 92
193 71
42 4
233 36
204 80
2 43
39 17
176 156
26 125
215 245
164 230
44 120
241 127
95 12
144 62
216 86
161 2
86 42
22 126
187 190
226 31
40 242
29 91
15 162
198 142
128 0
59 142
221 25
226 91
40 14
92 167
66 69
23 130
222 230
2 161
128 4
62 144
83 47
52 80
95 246
34 167
19 162
131 229
87 217
39 239
248 128
146 191
9 95
4 43
216 240
228 224
226 132
183 194
88 219
208 137
221 167
36 23
146 65
7 128
117 52
163 21
9 42
34 133
34 89
10 161
129 241
232 35
252 161
43 255
18 217
78 102
23 126
162 16
167 92
41 121
127 19
15 162
200 77
213 85
1 161
181 152
91 30
14 216
226 225
190 187
180 199
222 230
217 18
216 169
235 37
232 221
251 214
211 120
162 86
185 64
26 131
217 169
17 39
48 173
37 22
95 246
167 221
95 248
28 32
124 226
246 41
28 224
184 193
245 128
161 247
146 65
208 173
61 73
163 21
9 42
162 19
224 227
10 161
251 42
12 161
252 161
128 4
39 18
18 94
76 199
12 215
91 29
95 13
250 42
94 15
114 197
43 171
161 255
241 162
127 237
13 94
225 30
190 187
7 214
78 154
55 115
84 45
235 37
83 47
129 15
216 241
34 167
185 64
26 131
169 40
95 4
249 128
191 110
207 82
50 81
48 137
224 28
21 163
30 132
228 32
48 119
206 81
82 206
146 65
168 219
183 61
157 81
232 92
71 63
170 95
191 70
90 223
24 221
194 144
128 252
197 181
238 162
8 42
123 37
31 30
242 216
129 237
221 231
200 77
214 85
57 77
104 181
55 78
13 94
92 167
122 218
77 57
162 238
238 218
128 3
178 54
150 72
53 80
11 95
162 87
11 41
214 247
93 20
95 4
209 83
146 191
174 207
12 127
71 193
232 164
215 10
214 246
97 83
7 161
206 81
68 148
80 51
248 128
217 239
99 175
247 214
41 11
89 221
70 65
52 176
209 173
235 219
210 172
18 217
238 162
92 27
65 187
224 166
42 121
178 202
221 231
38 236
170 214
142 198
171 212
237 129
14 94
166 225
218 134
229 165
42 85
19 38
84 45
219 236
24 35
42 251
95 245
222 89
34 123
197 75
100 80
161 252
47 173
176 52
161 10
127 244
240 40
28 32
132 31
195 73
32 28
49 118
128 11
220 233
190 146
168 219
183 61
229 223
232 92
132 223
95 86
246 95
14 129
161 244
252 161
46 84
18 217
170 215
92 26
244 41
166 32
242 216
214 250
152 182
179 200
1 128
57 77
94 240
227 91
134 216
90 31
218 134
91 229
162 239
200 141
215 170
236 37
13 95
240 129
40 15
34 167
12 41
197 75
33 27
182 196
7 128
95 6
233 220
244 129
216 240
32 228
41 246
227 125
228 33
63 184
82 50
95 9
80 51
208 174
239 39
163 21
60 74
132 223
32 29
70 65
214 251
208 173
235 219
2 43
217 238
86 41
92 26
186 191
31 29
14 40
127 18
105 74
197 143
171 43
0 95
94 240
201 178
216 122
91 226
241 94
42 7
43 85
115 200
43 1
78 201
106 184
177 53
120 44
92 229
18 162
42 8
216 169
53 117
87 218
80 204
161 10
42 252
47 137
224 28
93 21
195 73
233 93
95 7
10 128
36 22
161 7
3 43
239 39
163 21
131 27
237 163
89 221
247 95
5 214
220 232
203 79
128 5
39 18
41 170
198 180
17 94
31 29
135 42
250 42
25 221
200 77
128 1
57 142
76 103
7 42
68 67
91 226
217 134
28 91
77 154
115 200
213 255
3 161
35 232
31 166
11 95
167 223
94 18
25 130
20 163
95 4
43 2
235 37
95 246
222 89
240 40
24 92
72 194
234 163
83 158
161 249
207 82
175 50
8 95
128 247
62 73
169 217
28 125
124 32
85 161
70 64
223 167
95 11
145 63
128 251
59 75
222 26
24 126
239 162
168 93
14 40
214 250
151 182
56 178
0 43
76 199
162 16
91 29
40 134
90 31
162 241
77 56
171 43
115 200
85 44
143 195
46 172
250 214
136 213
33 167
12 41
75 58
100 80
217 18
128 250
37 21
245 161
252 214
161 9
160 85
246 215
74 61
163 234
6 161
82 49
234 36
109 190
247 128
50 138
163 22
93 23
224 124
161 171
241 216
80 52
107 70
95 251
128 251
140 202
19 93
76 198
123 36
227 31
187 190
127 17
242 94
20 38
1 43
199 180
34 231
20 126
134 216
30 30
15 162
126 21
153 180
76 58
43 1
113 60
35 232
127 239
95 245
165 27
17 162
231 164
100 79
140 53
39 87
64 145
48 174
175 51
137 209
168 220
224 132
61 182
174 98
138 50
174 207
220 234
95 248
128 9
217 239
229 223
247 214
245 41
160 171
241 216
89 223
48 82
193 145
217 87
3 95
222 26
180 58
162 17
31 29
135 43
166 31
84 210
236 218
170 215
38 19
240 162
179 56
215 243
90 91
241 94
91 228
25 222
57 115
85 44
254 95
183 151
79 202
40 14
91 229
35 123
126 25
177 101
203 140
169 39
145 192
233 220
176 51
216 241
25 92
20 163
214 247
158 174
6 161
10 128
67 147
220 22
88 36
39 17
38 169
163 233
32 132
89 221
161 247
167 34
70 149
251 161
173 46
253 161
79 101
76 198
65 186
166 33
14 40
202 79
84 210
143 60
85 212
237 38
17 94
21 126
68 67
165 226
94 14
179 200
94 16
95 0
170 41
113 60
151 73
79 202
216 242
29 31
133 36
8 214
237 93
161 253
213 254
21 219
48 174
13 127
161 9
224 28
63 72
42 9
229 33
206 138
213 253
109 67
95 248
253 213
95 250
93 234
74 195
224 124
164 231
119 209
222 167
107 70
161 5
39 169
203 116
19 93
130 25
133 221
165 229
95 12
177 203
162 242
95 253
43 255
95 255
222 25
165 228
215 243
226 166
215 13
235 126
231 34
141 57
213 255
113 60
183 151
177 54
161 12
28 91
162 239
248 42
177 101
39 238
5 128
177 53
70 107
51 80
46 137
92 231
236 93
42 9
82 158
17 39
82 49
51 81
220 22
82 207
95 250
82 98
10 42
236 163
220 168
240 216
42 4
186 107
53 176
173 47
238 39
216 86
231 92
244 41
89 223
120 213
166 31
24 221
218 20
254 128
218 237
103 179
214 7
217 122
91 30
13 41
77 56
162 240
0 161
214 170
20 218
221 24
54 79
95 244
28 91
12 41
92 230
222 230
202 140
84 46
145 193
220 23
251 214
70 192
224 28
224 132
74 60
33 27
62 183
207 82
66 146
8 95
168 220
72 194
28 33
234 93
20 93
224 228
119 209
252 42
69 148
6 95
173 47
182 60
163 20
8 42
94 238
29 225
120 213
225 166
94 13
236 218
128 3
141 200
162 17
130 21
122 39
30 226
242 94
56 178
231 34
19 38
1 128
236 38
172 211
42 250
214 121
32 166
12 41
76 58
170 41
217 18
128 5
63 144
161 11
167 223
95 247
170 161
184 63
233 163
169 39
118 205
208 82
51 81
220 22
253 213
240 39
158 83
227 131
21 93
92 24
95 8
244 127
82 207
161 6
128 6
18 217
163 20
248 214
133 221
229 92
136 44
203 79
173 46
113 195
255 213
141 200
26 34
228 91
38 134
31 90
68 189
91 227
231 34
0 95
86 214
56 77
74 105
238 129
161 12
227 225
162 239
126 24
86 215
217 18
84 46
177 54
107 185
80 204
191 186
161 86
193 184
9 214
223 229
251 95
43 3
81 205
188 147
82 207
49 138
33 228
73 195
62 184
228 32
161 248
167 34
36 23
111 192
249 128
52 139
223 27
125 231
18 94
229 92
136 44
32 90
24 221
218 20
84 211
56 141
213 85
199 179
41 13
90 225
68 189
236 126
212 171
218 19
0 213
200 179
45 172
202 178
242 40
91 228
65 70
230 164
222 230
161 254
40 87
144 194
12 95
129 14
10 95
32 227
163 237
131 229
99 81
117 205
128 248
146 190
9 95
167 221
49 138
173 159
125 227
235 163
228 32
216 16
175 205
95 10
52 176
128 7
4 95
93 236
125 230
123 34
162 169
187 190
203 79
95 13
195 144
128 253
180 58
222 26
27 165
215 243
91 90
243 216
7 214
162 240
198 142
213 85
236 38
241 162
238 129
214 121
224 90
133 37
214 248
162 238
140 55
1 213
194 112
150 71
15 127
211 120
92 230
132 33
27 131
99 81
239 217
3 213
146 190
147 68
252 213
72 193
159 83
183 61
124 31
28 224
16 40
89 221
148 187
250 161
128 7
252 161
163 20
230 131
133 222
87 162
69 65
203 79
243 95
253 161
128 253
255 161
26 34
179 57
187 190
29 165
41 121
127 19
171 44
255 161
0 43
255 95
182 152
42 250
67 68
164 89
190 187
199 76
178 101
39 238
4 128
21 219
185 150
214 5
95 246
86 95
41 245
164 24
175 99
195 73
248 128
65 146
9 95
206 175
7 95
159 83
22 163
183 194
172 97
216 16
4 214
246 95
95 250
43 254
139 204
176 156
181 59
11 215
29 225
186 191
241 127
106 72
78 54
45 84
18 218
162 18
214 7
215 243
90 225
188 189
78 55
212 172
218 19
128 0
218 236
172 211
226 91
68 189
227 165
187 66
233 126
170 42
140 55
255 43
4 161
244 161
166 224
15 216
32 227
64 71
24 92
163 235
73 61
213 253
65 146
174 207
206 175
208 119
32 228
22 163
10 215
164 233
40 240
206 81
246 95
37 234
7 128
183 61
33 229
92 24
123 34
31 29
212 136
90 224
106 72
219 21
213 1
2 95
178 154
164 229
244 41
166 31
162 243
178 201
15 162
161 1
128 0
255 95
84 44
165 226
68 189
164 89
16 162
57 180
86 214
161 254
1 213
95 4
95 244
42 251
40 15
170 162
222 133
131 230
157 175
217 17
3 213
52 80
68 108
214 4
161 8
219 88
226 132
132 226
168 37
95 7
50 175
36 23
7 95
168 219
61 73
235 163
59 75
185 192
227 32
95 10
15 129
232 35
161 4
40 169
181 59
170 214
233 130
240 162
29 165
67 188
19 129
84 211
1 95
171 213
1 161
231 221
19 127
94 243
225 30
243 215
22 130
86 214
38 238
84 45
235 37
72 106
241 129
136 212
227 225
162 237
131 230
40 87
239 217
168 38
6 161
220 23
175 50
16 216
232 164
194 183
10 215
168 37
216 16
206 81
82 206
191 146
213 3
205 117
163 21
131 27
132 223
86 161
45 120
32 90
150 185
202 79
169 216
59 75
78 102
27 164
66 187
91 29
13 161
201 78
25 221
236 218
128 0
114 58
221 25
127 237
67 68
30 31
66 69
7 214
230 34
181 198
213 255
202 178
150 72
214 5
241 40
167 222
11 41
181 197
93 20
161 252
38 88
176 52
161 10
244 129
71 193
224 28
225 132
10 214
28 224
217 16
221 167
233 36
110 190
253 213
239 39
157 81
247 214
11 215
227 32
186 191
33 90
232 35
4 95
46 84
2 95
42 170
233 130
12 215
166 32
243 95
202 78
74 152
200 77
128 1
38 19
15 94
250 214
189 67
91 166
66 69
7 214
94 17
161 255
128 253
95 3
24 35
214 5
187 65
167 222
238 94
164 25
236 93
217 17
47 173
6 161
69 108
129 12
40 16
228 224
163 235
22 93
32 28
217 16
206 81
109 68
205 80
82 208
195 183
163 21
214 9
163 19
35 89
40 241
251 42
36 24
37 235
84 210
75 197
222 26
130 23
133 219
165 228
121 214
129 238
84 211
197 142
128 1
199 179
85 44
20 126
215 243
29 91
218 134
27 91
154 179
58 180
86 215
236 37
232 221
251 214
187 66
167 222
215 12
75 59
229 33
117 204
218 169
219 235
108 187
4 42
185 64
160 84
41 246
234 163
223 228
39 240
36 89
175 50
219 22
88 37
51 139
99 175
125 229
237 163
227 32
95 10
80 52
149 185
79 54
210 172
116 54
237 162
8 42
41 12
164 168
68 67
166 30
231 35
77 56
43 0
58 142
181 153
29 165
122 40
226 30
38 122
214 249
239 94
95 1
3 128
78 201
161 13
79 203
15 216
164 27
64 71
25 92
176 100
252 95
83 47
235 37
207 82
244 129
209 119
28 32
235 93
61 183
38 88
217 16
128 10
95 9
22 37
208 174
251 161
163 21
233 92
11 215
170 95
136 46
52 176
48 83
235 219
210 172
161 3
94 237
42 248
12 215
224 166
40 242
238 127
242 94
143 59
214 86
199 114
16 94
214 7
189 68
165 30
215 13
130 235
162 239
56 115
213 255
201 178
221 24
79 203
43 136
92 229
64 70
131 231
33 27
182 196
173 209
111 64
82 49
167 222
161 8
220 88
72 194
246 42
234 93
240 217
207 82
247 95
234 219
37 168
138 206
99 174
93 23
93 236
224 228
9 161
14 129
208 173
95 251
39 169
238 39
79 101
164 230
133 220
227 31
214 135
225 166
211 172
95 254
128 1
237 38
34 231
29 165
94 242
226 30
217 134
91 228
17 162
38 237
212 85
113 61
243 162
127 239
66 69
223 89
244 215
181 197
156 176
74 60
83 47
64 145
245 161
127 243
216 240
88 36
215 10
182 195
33 27
217 16
253 43
248 95
220 22
88 37
50 138
98 174
247 214
32 132
221 167
119 210
176 204
36 23
5 95
43 254
60 75
177 155
198 180
70 65
31 29
40 242
214 250
242 94
113 196
213 1
38 19
94 240
214 7
242 162
165 30
217 134
7 214
180 103
56 115
85 44
236 38
13 94
79 203
213 121
165 27
239 94
25 130
93 19
18 39
250 128
235 37
36 233
129 13
247 161
88 36
245 215
247 42
168 38
184 194
128 10
8 161
109 189
43 253
39 17
174 158
228 131
236 163
164 231
185 192
13 129
208 174
95 251
210 173
74 196
19 93
24 126
162 17
168 93
40 242
42 6
14 162
95 254
212 171
199 115
25 34
77 200
68 67
30 91
189 188
179 200
85 213
19 38
1 213
218 236
105 183
250 214
43 135
168 163
70 191
130 231
222 230
203 140
6 128
203 177
82 48
4 42
95 247
164 25
93 20
247 42
169 38
206 138
128 246
95 8
109 189
174 49
161 6
98 174
9 42
163 20
89 221
71 64
80 51
149 186
219 21
6 128
60 74
237 163
92 26
162 17
90 223
69 66
6 214
14 162
196 143
128 254
19 218
231 222
228 91
188 189
30 30
134 39
7 214
222 231
58 180
170 41
78 201
14 94
202 177
242 40
90 33
94 17
42 8
93 19
253 95
46 173
63 145
220 23
176 51
185 64
224 28
41 245
196 74
22 163
183 194
220 168
147 189
220 22
10 128
72 194
38 168
182 61
163 20
32 28
240 216
175 205
161 245
177 203
43 254
116 53
156 79
126 231
239 162
223 166
161 244
129 239
94 14
143 60
2 128
237 38
162 17
21 126
241 162
226 91
14 162
214 249
94 16
38 237
254 128
113 60
105 183
54 79
213 121
227 225
36 123
92 230
41 86
196 74
2 213
5 161
95 245
89 33
9 95
231 164
11 41
163 23
174 98
50 118
207 82
175 51
206 81
168 220
138 206
234 163
61 74
245 41
160 171
95 9
51 175
107 70
53 176
83 209
196 182
163 20
248 214
221 123
229 91
242 216
166 31
13 162
95 253
1 43
58 76
34 230
228 91
134 217
165 226
243 215
249 42
153 180
57 115
170 42
38 20
105 183
127 239
14 216
32 166
220 133
180 198
79 155
95 3
5 128
63 145
161 11
42 251
161 9
164 25
20 163
214 247
234 93
6 161
253 43
146 190
50 175
10 128
207 118
83 98
74 195
31 132
160 171
248 95
13 129
49 82
80 53
254 213
238 39
33 229
231 92
64 186
33 89
161 245
240 127
162 243
236 218
43 255
1 95
179 153
179 56
187 190
225 166
40 122
200 78
25 222
95 0
255 128
95 2
35 231
18 127
214 121
228 165
239 94
58 180
34 26
253 95
43 2
37 21
232 220
242 129
192 186
170 161
193 184
93 233
174 99
95 6
37 88
248 95
220 22
213 3
161 7
163 23
125 227
235 163
232 92
47 119
89 222
69 148
52 176
209 173
161 4
223 27
25 164
221 123
225 227
15 40
214 251
24 221
20 38
44 84
56 141
34 230
126 234
38 134
226 30
94 14
7 214
85 212
142 58
255 128
143 197
172 211
30 166
12 95
163 88
162 239
76 58
101 78
39 238
2 213
79 202
95 244
204 176
120 45
224 29
72 193
182 196
229 33
195 73
128 9
7 161
81 50
43 253
118 49
33 228
163 234
132 225
232 92
47 119
12 129
95 10
64 111
43 254
60 74
163 20
231 92
123 35
169 94
11 161
127 16
173 46
113 195
41 170
255 161
102 179
234 130
69 66
90 225
242 94
42 7
171 44
114 198
213 0
77 200
14 94
226 91
135 214
164 89
240 94
214 248
162 238
254 95
210 84
177 54
71 107
166 223
45 136
95 170
19 163
27 131
229 33
139 51
213 253
249 95
23 36
4 43
72 193
168 219
73 195
62 183
32 28
16 40
252 42
220 233
235 219
83 209
252 161
33 229
9 42
11 215
27 164
69 66
79 53
106 72
144 61
43 255
95 255
154 77
165 229
13 215
30 226
94 14
78 55
181 104
19 38
171 213
56 77
241 162
238 129
135 214
92 167
37 123
26 92
230 34
238 217
43 1
21 219
83 47
42 251
10 95
230 164
193 185
214 247
229 33
5 161
8 128
51 80
50 175
11 128
184 63
88 37
42 246
41 10
24 164
248 95
42 4
10 161
250 161
43 254
182 61
93 236
230 131
94 238
87 162
95 11
32 90
83 209
20 37
86 40
255 161
26 34
130 22
190 69
225 226
189 68
165 29
241 94
198 142
85 43
200 179
152 74
201 178
161 13
89 92
37 123
57 180
178 101
2 161
252 128
54 79
71 106
5 42
161 10
224 29
193 185
131 229
217 169
39 239
83 48
176 52
220 23
245 128
63 72
97 173
226 132
215 246
84 159
240 216
214 252
10 161
234 219
43 254
117 52
169 216
59 75
11 215
31 29
95 11
214 251
83 209
235 219
255 213
218 238
77 102
57 77
218 122
91 29
162 243
178 201
25 221
179 199
0 128
77 200
182 152
78 201
243 161
165 29
190 187
180 199
214 170
95 2
255 43
202 177
71 106
32 166
241 40
29 32
215 11
24 92
87 217
73 61
248 128
7 161
82 49
11 128
7 95
219 88
183 61
215 246
88 219
216 16
35 89
174 49
249 161
128 249
39 17
87 39
164 232
222 123
31 29
246 95
42 5
161 244
177 202
45 84
140 201
214 86
233 130
122 37
225 226
40 242
165 30
25 221
218 19
213 85
19 218
75 104
91 30
161 13
31 226
41 244
8 214
78 154
181 197
216 169
95 4
12 95
251 214
70 191
31 227
41 245
214 247
175 99
204 139
3 213
146 191
188 148
221 89
208 119
37 168
226 132
93 235
159 172
240 216
167 35
161 247
95 249
253 213
139 204
27 33
232 92
185 192
222 167
70 65
32 90
24 221
112 194
128 252
18 217
238 162
199 180
94 240
167 92
40 242
91 226
162 241
142 59
85 213
114 58
94 241
19 127
216 242
225 90
187 66
126 22
178 102
197 75
252 128
62 144
35 232
203 176
136 212
87 94
215 11
125 26
229 33
52 117
88 218
80 204
233 220
35 167
248 161
24 92
41 246
183 195
173 97
249 95
128 245
9 161
65 110
43 253
61 73
27 33
75 197
223 124
92 26
10 161
204 80
12 161
95 252
169 216
59 75
42 170
76 199
12 215
89 164
41 121
55 178
84 211
59 114
0 128
161 255
171 212
250 214
242 40
91 227
218 134
91 229
170 42
115 201
1 213
95 4
221 24
42 251
216 241
29 31
245 215
125 26
100 80
39 239
209 83
176 52
23 36
206 175
161 8
168 220
235 93
42 10
83 159
249 95
206 81
9 161
205 80
213 3
239 39
217 87
60 74
63 185
224 227
70 65
42 5
24 221
79 54
252 128
181 59
34 230
42 248
133 219
224 166
188 189
18 129
172 45
255 161
255 128
114 58
25 35
127 237
216 243
91 227
15 162
249 42
34 26
237 218
253 128
37 20
13 95
5 42
216 241
89 34
238 94
230 125
100 80
17 39
249 128
80 204
49 174
89 34
119 48
88 36
132 31
131 227
163 233
7 161
252 43
147 188
22 37
219 88
217 239
235 163
60 74
33 132
95 86
40 241
214 251
209 173
161 4
84 210
18 217
41 170
180 58
123 37
28 165
67 188
238 127
221 231
218 20
0 43
142 198
240 162
126 236
162 14
225 90
66 69
199 77
85 214
161 255
41 86
201 178
161 13
177 53
212 120
29 31
71 192
42 9
80 156
74 60
43 2
64 145
10 95
252 214
71 192
172 160
215 10
93 234
37 88
161 249
128 11
36 23
176 205
43 253
161 5
27 33
182 60
237 163
32 29
65 186
251 42
173 48
219 21
210 172
75 197
78 101
126 232
239 162
225 227
121 214
166 30
74 151
161 2
43 0
57 77
85 44
42 249
41 13
91 226
69 190
22 130
154 179
200 141
41 86
218 236
83 46
214 5
44 136
162 87
162 238
75 59
100 80
161 252
128 249
219 235
233 220
4 42
185 64
32 228
31 124
227 125
88 218
16 39
10 128
247 95
161 7
213 3
73 194
229 223
125 229
124 33
32 29
241 216
80 52
71 149
53 177
210 172
95 253
41 170
230 92
191 70
225 227
68 67
129 238
211 172
59 113
0 213
76 199
153 76
201 178
134 216
165 90
215 13
165 28
230 34
141 56
128 253
195 113
83 46
203 177
245 161
225 29
41 244
8 214
236 93
203 139
213 254
64 145
95 246
127 243
71 192
36 168
41 246
195 74
223 228
72 62
36 88
247 95
110 190
168 219
206 118
39 169
42 247
63 184
92 25
192 70
5 214
161 245
193 145
87 39
3 95
101 177
58 76
191 70
166 32
188 190
54 177
14 162
78 56
255 128
142 199
103 180
249 214
242 162
91 166
66 68
249 42
43 85
198 76
41 86
61 143
46 172
127 239
120 43
91 229
64 70
25 130
156 176
203 139
254 43
37 21
245 161
127 243
247 161
85 96
225 132
42 10
33 27
250 95
88 220
67 147
147 66
88 37
239 39
33 229
182 60
215 245
171 95
40 241
214 251
36 23
177 203
39 169
95 253
215 86
42 248
36 133
90 223
42 121
90 225
35 24
200 78
43 255
141 199
240 162
56 77
243 41
30 91
94 15
7 214
43 85
56 115
255 43
78 201
172 210
17 127
245 161
165 27
244 215
248 42
156 177
39 238
173 209
95 5
186 149
129 13
9 95
96 171
163 236
247 42
27 223
39 239
49 174
95 8
175 205
88 36
17 217
163 22
42 247
63 184
224 228
210 137
243 127
36 23
203 79
251 128
161 3
93 237
214 8
65 186
166 33
95 12
166 31
221 232
143 60
255 213
38 19
180 153
42 249
217 122
166 165
122 217
21 130
180 103
115 199
171 212
143 196
35 232
225 90
69 190
93 168
191 186
8 214
230 34
18 39
43 2
192 111
107 186
243 129
137 210
167 220
215 11
9 214
223 229
161 250
253 43
189 109
147 67
43 253
250 161
234 163
182 60
132 224
89 221
161 247
129 243
95 11
5 95
39 169
39 18
34 230
25 126
191 70
168 93
95 12
225 166
151 183
218 20
1 43
57 141
85 43
126 235
188 189
30 226
94 14
249 42
85 213
95 0
212 85
196 113
183 151
166 225
161 12
227 225
186 65
26 92
93 19
253 95
213 254
203 177
220 23
252 214
241 40
224 28
163 236
196 74
169 38
239 217
43 3
81 205
22 36
36 168
95 250
234 163
131 28
224 124
171 96
216 16
4 214
48 82
177 203
169 217
203 116
215 86
75 198
215 244
227 31
95 12
17 129
151 183
161 3
171 44
237 38
34 231
214 7
189 68
165 226
14 162
228 165
16 162
95 0
213 255
78 201
73 105
54 79
190 187
168 163
65 70
8 214
170 41
140 54
254 43
161 251
82 48
89 33
15 216
89 35
11 41
182 196
93 22
50 118
88 220
22 220
220 22
220 88
50 138
22 93
125 227
245 41
164 232
119 209
89 222
161 245
250 161
217 87
196 182
79 100
75 198
162 18
33 89
43 121
250 42
221 232
38 236
41 170
115 56
222 25
200 179
41 13
166 91
243 215
236 126
162 240
115 199
42 86
78 200
151 73
42 250
42 135
225 29
186 65
92 230
170 41
202 140
46 172
219 235
149 70
80 204
40 15
224 28
132 32
247 42
163 234
6 161
168 37
248 95
8 95
36 168
217 240
22 93
42 246
31 132
224 228
216 16
34 89
36 23
161 6
47 83
53 139
93 236
214 8
162 18
31 29
69 66
225 166
46 84
143 61
170 215
255 161
171 213
42 249
188 190
90 165
134 40
200 78
240 94
0 95
43 0
143 196
94 242
214 6
188 67
165 28
215 12
130 232
155 177
59 181
46 172
219 235
83 48
129 14
70 192
170 161
93 20
23 93
174 99
95 6
168 37
51 81
247 161
36 168
118 49
93 233
93 22
225 124
232 92
137 47
244 127
69 148
250 161
173 47
39 18
176 156
125 231
12 215
27 164
120 212
240 127
210 173
143 61
253 128
56 141
179 154
234 130
122 38
225 166
189 188
55 178
16 162
0 161
0 213
38 20
94 242
238 129
67 68
28 91
244 215
232 126
78 155
116 202
84 46
219 235
185 149
127 242
216 241
227 224
223 132
229 125
235 93
61 183
174 208
161 249
161 9
128 10
161 7
33 228
93 22
31 132
36 88
185 192
175 205
161 246
52 176
249 128
52 139
176 156
75 197
192 71
227 31
161 245
166 32
72 150
20 38
211 172
141 200
162 17
130 22
69 66
225 166
162 242
78 55
94 16
0 95
1 128
113 59
104 182
238 129
42 135
28 91
219 133
248 42
215 170
197 75
169 40
21 219
209 83
14 127
241 40
221 89
223 132
27 131
217 169
217 17
8 128
110 66
247 161
252 213
16 217
168 219
93 22
124 31
24 164
71 63
129 244
187 108
52 176
43 254
52 139
223 27
164 231
222 123
222 167
44 120
203 79
46 83
112 195
253 128
161 1
94 239
214 7
15 94
91 90
67 68
178 201
162 240
95 255
1 128
56 77
15 94
54 78
188 67
225 30
215 12
199 76
94 18
140 54
87 216
219 235
47 173
223 90
70 191
224 29
11 41
131 229
175 99
139 51
88 219
22 219
206 81
11 128
118 49
224 28
30 125
215 246
84 159
71 63
244 127
148 187
161 6
254 213
39 17
216 87
26 125
11 215
162 169
120 212
177 203
150 184
3 95
170 216
58 75
102 179
179 57
134 218
164 167
215 135
78 55
15 162
199 77
43 171
20 218
94 241
201 178
243 161
224 90
244 215
27 92
238 94
140 55
1 213
37 21
95 244
166 223
70 191
29 32
94 19
232 164
39 87
161 251
8 128
7 161
148 68
11 128
249 161
219 88
73 195
226 124
92 24
119 208
244 127
161 246
37 234
47 83
39 17
236 163
230 131
123 34
26 164
95 11
53 176
95 13
21 37
170 216
141 201
222 26
126 234
187 190
31 30
40 242
129 237
162 241
237 218
43 171
197 114
182 152
214 6
13 95
91 227
12 41
27 92
230 34
217 18
252 128
202 177
232 221
5 42
161 10
89 34
192 185
27 131
33 27
95 5
128 248
191 110
220 23
4 43
63 72
159 83
41 246
246 41
159 172
119 208
175 206
148 188
95 249
7 128
74 195
99 175
75 197
162 19
29 225
10 161
80 53
35 24
79 54
211 172
217 238
26 34
27 164
12 215
91 29
41 121
214 250
15 162
95 255
0 128
1 161
35 231
178 55
243 161
92 167
162 240
23 130
162 238
116 201
43 1
235 37
95 244
214 5
40 15
89 34
19 162
247 42
175 99
39 239
253 43
204 176
161 9
214 4
16 216
28 32
73 194
10 215
233 93
184 193
89 221
220 233
7 95
83 208
61 73
229 223
214 9
185 192
89 222
70 65
15 129
35 24
202 79
252 128
197 181
94 238
23 126
37 134
91 29
14 40
214 250
211 172
38 236
213 85
179 57
172 212
165 227
41 135
91 227
190 187
199 77
42 86
218 18
216 169
178 54
83 47
224 90
65 70
26 92
71 192
131 230
176 100
139 52
7 128
22 219
69 108
129 12
185 63
97 172
62 73
195 73
28 224
193 72
221 167
247 95
7 95
248 128
61 73
163 21
181 59
132 223
230 92
65 186
204 80
12 161
252 161
87 40
254 161
78 102
8 42
94 240
29 165
242 216
19 129
35 25
95 255
171 214
77 199
94 241
227 91
188 67
166 225
187 66
229 165
26 222
18 38
40 86
95 4
95 243
203 176
216 241
230 164
41 245
247 42
216 169
204 139
43 2
191 110
108 187
35 167
137 208
220 88
194 183
214 246
233 93
207 138
50 175
95 9
176 205
213 3
161 5
223 27
232 92
245 41
230 92
45 120
90 223
12 161
202 79
169 216
75 197
42 170
164 229
191 69
165 228
67 188
250 42
231 35
218 20
255 128
1 161
25 35
250 214
121 40
91 166
13 41
126 22
214 170
200 141
253 128
253 95
35 232
251 214
212 120
87 94
238 94
231 164
20 163
161 252
128 7
95 6
233 220
129 12
119 48
97 172
163 235
73 61
224 228
217 16
81 50
147 188
51 176
174 48
51 139
33 229
164 232
71 63
92 26
95 10
242 127
71 149
112 194
46 84
238 39
26 34
230 92
16 94
90 224
95 13
42 6
182 104
114 197
214 86
142 198
221 25
130 20
188 189
31 166
13 41
165 27
94 17
56 115
84 45
178 55
221 24
32 166
95 245
92 229
34 123
75 59
163 236
74 60
47 173
219 235
95 246
4 42
193 185
96 172
235 93
234 163
83 158
249 95
128 11
81 206
51 176
174 48
51 139
229 223
74 196
215 245
89 221
10 161
14 129
48 83
21 37
216 87
18 217
78 101
230 92
133 219
166 32
42 121
18 129
162 242
254 161
255 128
218 237
240 162
78 201
41 13
226 30
15 162
42 7
213 171
38 237
253 128
55 78
24 35
16 127
95 245
167 223
238 94
59 181
100 80
161 252
218 169
219 235
233 220
89 34
95 248
232 164
184 62
61 183
168 37
39 240
88 220
220 234
161 7
253 213
205 118
235 163
74 196
11 215
25 164
216 15
52 176
232 36
203 79
39 169
202 116
41 170
42 248
220 123
32 90
40 242
202 79
45 84
95 254
171 43
19 218
240 162
236 130
67 188
166 165
134 38
234 126
94 17
56 115
43 1
218 236
232 221
240 129
161 11
229 164
215 12
181 197
236 93
74 60
213 254
111 64
220 23
127 243
209 119
36 168
163 235
93 234
88 218
249 95
253 43
109 67
190 146
3 43
50 138
82 99
233 93
33 132
161 171
64 186
214 251
107 70
251 161
5 128
95 253
94 237
58 76
41 12
227 31
216 14
250 42
221 231
178 200
128 255
161 0
240 162
7 42
188 189
30 91
15 162
28 91
94 17
161 255
171 212
38 20
24 35
79 203
66 69
31 227
244 215
126 25
86 216
18 39
213 254
21 219
23 36
205 175
247 161
168 220
236 93
42 10
98 82
6 161
88 220
50 81
147 66
219 88
50 138
158 82
60 74
32 132
221 167
15 40
167 33
23 220
37 235
210 172
238 39
86 41
58 76
12 215
29 225
161 244
17 129
105 73
2 95
85 212
0 95
222 25
91 29
216 122
226 90
67 68
228 165
43 85
237 218
44 171
60 143
162 13
79 203
121 43
93 168
41 244
214 248
100 79
60 182
217 169
95 5
95 245
51 81
16 216
28 32
215 11
28 131
223 229
161 250
207 82
206 175
175 205
253 213
17 217
229 223
247 214
163 20
164 231
216 15
13 129
95 11
53 177
251 128
60 74
163 19
26 164
65 186
93 88
213 135
239 127
210 172
254 161
85 212
218 237
16 94
42 249
242 162
226 226
162 241
235 126
25 222
218 19
215 170
78 201
94 242
42 250
216 242
27 91
35 123
231 126
19 163
60 182
128 6
203 177
23 36
205 176
46 137
89 36
124 224
93 233
22 163
138 50
88 220
36 22
109 189
253 213
39 17
218 87
131 28
20 93
28 224
216 15
89 222
70 149
53 177
128 250
39 18
170 215
214 8
65 186
229 91
12 161
177 202
35 24
95 254
255 213
0 161
94 240
130 21
215 243
30 165
14 162
165 28
222 231
115 199
2 128
143 196
242 162
202 177
190 187
228 165
12 41
198 76
34 26
60 182
169 39
53 79
48 174
167 222
137 210
224 28
124 224
9 214
229 33
17 39
88 220
205 175
234 220
43 253
72 194
234 163
28 125
224 124
96 85
64 185
51 175
23 220
251 161
43 254
238 39
100 177
180 58
186 191
93 88
213 135
166 31
210 172
253 161
2 128
141 199
103 180
214 7
67 188
226 166
217 134
249 42
231 34
237 218
255 43
113 60
94 242
202 177
190 187
165 28
65 70
92 230
215 170
74 60
43 2
5 161
36 233
223 89
161 9
221 89
41 245
9 214
163 234
62 183
43 3
66 147
50 175
128 246
118 50
223 27
227 131
72 62
32 28
16 40
252 42
48 82
250 161
128 250
18 217
177 156
75 198
238 162
89 223
69 66
214 250
13 162
78 55
41 170
76 198
162 17
179 56
13 215
30 30
14 162
56 179
94 16
218 19
212 85
178 56
183 151
202 177
121 42
163 88
17 162
126 24
79 155
181 196
43 2
203 177
36 233
167 223
186 64
164 25
132 32
42 9
163 234
217 17
43 3
219 234
36 234
10 128
161 6
163 22
195 182
72 62
232 92
8 161
34 89
95 10
80 53
128 250
182 60
80 100
25 126
162 18
31 29
136 43
214 251
151 183
253 161
172 44
58 76
179 153
235 130
68 66
90 165
67 68
130 236
212 171
199 142
170 42
196 113
35 231
226 90
68 189
165 28
220 133
58 180
237 94
140 54
84 46
177 53
245 161
89 33
241 40
29 32
163 236
233 163
82 157
17 39
247 128
190 110
189 147
168 220
207 118
158 83
234 93
235 163
28 224
209 137
127 13
187 108
37 235
128 250
39 18
40 169
125 231
215 244
225 227
187 190
214 251
13 161
161 3
1 43
218 237
43 171
22 126
122 38
226 226
40 122
227 165
44 85
76 57
43 171
218 236
35 231
90 30
14 216
91 228
123 220
24 130
155 178
253 95
172 210
37 21
12 95
90 33
241 40
35 167
223 132
214 247
229 33
95 5
37 88
51 81
109 188
220 89
240 39
228 223
214 10
93 235
92 24
161 248
167 34
95 10
235 219
7 128
252 161
236 163
231 92
221 123
225 227
212 136
32 90
210 173
253 161
43 255
237 38
102 179
228 91
41 13
30 30
122 216
42 7
103 75
114 198
128 255
59 143
14 94
202 178
14 216
165 28
240 94
180 198
155 178
116 202
254 43
144 193
244 161
251 214
186 65
221 89
215 11
164 24
27 223
17 39
82 48
51 80
147 68
167 221
39 16
88 37
246 214
215 246
232 92
16 40
42 4
246 95
37 235
38 169
17 217
87 40
92 25
162 18
89 222
40 241
42 5
46 83
219 20
43 255
180 58
154 77
130 22
134 218
91 29
94 14
42 7
221 231
38 237
170 42
1 161
241 162
91 30
214 121
166 224
219 133
57 180
101 78
75 59
216 169
95 4
12 95
166 223
191 186
32 227
193 185
164 24
39 87
139 51
37 88
80 205
68 109
4 43
138 207
173 159
73 195
194 73
164 232
40 240
42 4
207 174
65 110
128 249
195 182
229 223
247 214
41 11
162 169
44 120
214 251
221 232
3 95
172 45
141 201
230 222
42 249
190 69
31 30
242 216
91 227
15 162
198 142
214 171
255 95
241 162
18 127
243 161
30 31
37 123
23 130
101 78
55 116
43 1
21 219
244 161
90 33
65 70
164 26
124 223
42 9
217 169
117 205
48 173
249 95
9 95
167 221
118 48
228 224
42 246
41 10
228 32
193 71
4 214
207 174
250 161
88 38
117 52
93 236
42 247
18 94
164 230
186 191
53 176
243 95
78 54
172 45
218 238
214 86
229 91
13 215
166 31
121 215
19 129
94 15
255 161
171 213
95 1
74 104
226 91
188 67
224 90
66 69
214 248
238 94
197 75
45 172
4 161
161 12
90 32
10 95
29 32
124 222
27 131
81 157
5 161
3 213
52 80
188 148
167 221
184 63
224 28
234 93
132 226
159 172
119 208
129 244
82 207
7 95
208 173
5 95
93 235
164 232
41 11
167 34
95 10
15 129
244 95
37 235
43 255
18 217
18 94
8 42
66 187
166 31
215 135
30 91
94 15
179 200
0 128
161 255
172 211
250 214
161 13
227 165
66 69
92 229
78 154
95 2
172 211
161 252
47 173
90 32
246 161
86 94
19 162
181 197
27 223
217 17
128 8
204 176
188 148
252 214
119 48
28 32
246 215
235 163
93 23
16 40
50 175
95 9
22 37
88 38
161 5
87 39
92 24
19 94
94 86
241 216
90 224
244 95
219 21
169 216
95 254
78 102
126 233
122 37
29 165
95 13
6 214
241 94
95 255
43 0
38 19
44 172
178 55
242 40
225 30
162 240
179 199
26 222
59 181
211 84
78 202
161 12
214 5
44 136
225 29
19 162
24 92
20 163
61 182
7 128
191 110
220 23
35 167
161 8
88 37
10 41
124 30
233 93
40 240
11 128
148 188
204 80
128 248
205 117
175 157
24 164
19 94
92 26
186 191
42 5
150 185
4 95
128 4
95 254
154 78
126 233
41 12
165 227
161 243
6 214
94 15
1 95
0 213
198 114
104 181
91 29
13 94
166 225
187 66
91 229
214 170
218 18
45 172
37 20
95 243
53 80
95 245
230 164
41 245
247 42
40 87
239 217
2 213
6 161
82 49
129 12
48 137
164 24
235 93
125 30
168 37
138 49
89 221
233 36
52 176
174 48
195 183
33 229
42 247
223 124
227 32
136 45
214 251
244 95
252 161
43 255
140 201
230 222
92 27
65 187
89 164
68 67
78 54
84 211
56 179
85 213
19 218
221 25
178 55
216 243
90 91
66 69
165 27
77 154
115 200
172 211
112 61
106 184
16 127
241 40
222 89
215 11
164 25
93 20
52 117
128 7
219 234
49 174
206 175
240 40
168 220
246 215
125 29
32 28
7 161
128 11
247 95
22 37
248 128
217 239
99 175
74 196
185 193
89 221
15 40
204 80
71 149
62 112
255 213
217 238
238 162
126 233
70 65
89 164
67 188
226 165
84 211
254 161
214 86
161 0
231 221
249 214
162 14
166 165
134 38
234 126
162 239
180 198
211 84
61 144
161 13
90 32
120 44
222 89
94 18
197 75
223 229
217 17
2 213
235 37
233 220
42 252
8 95
220 88
215 10
93 234
97 83
72 63
35 89
233 36
176 205
82 208
73 195
39 169
27 125
41 11
92 26
246 95
52 176
48 83
177 202
43 254
161 2
230 222
76 198
123 37
167 92
188 189
178 202
231 35
95 254
128 1
77 199
181 153
20 126
14 94
166 225
15 162
126 22
85 213
161 255
45 172
218 236
35 232
177 53
190 187
33 167
123 221
92 231
163 236
39 239
87 218
64 145
10 95
34 167
119 47
32 228
184 62
42 10
163 233
184 194
246 128
36 22
219 22
128 9
205 118
175 157
182 60
163 19
95 86
241 216
33 90
36 24
251 161
46 84
140 202
101 177
42 248
70 65
91 28
68 67
226 166
162 242
200 77
128 1
161 0
171 212
249 214
215 243
30 226
15 162
7 214
102 77
115 200
215 170
95 3
150 72
42 251
187 66
169 162
192 186
25 92
163 236
4 161
213 254
176 53
233 220
13 127
248 161
232 164
93 21
93 234
83 158
184 194
128 246
9 161
37 234
82 208
250 161
217 87
60 74
63 184
35 89
241 216
127 14
107 70
251 161
172 46
217 238
41 170
76 198
239 162
90 224
242 216
79 54
25 221
77 56
170 214
57 76
76 103
249 214
134 216
226 226
41 243
28 91
103 77
38 237
44 171
161 253
162 13
225 90
136 213
31 227
18 162
42 8
80 156
196 74
47 173
21 219
245 161
214 4
161 9
28 32
93 20
125 29
93 22
95 6
128 10
81 206
81 51
168 219
118 50
98 174
163 233
32 132
164 231
46 119
89 223
36 23
193 145
2 43
75 196
162 19
164 230
215 244
227 31
66 187
6 214
35 24
236 218
212 171
141 199
85 43
249 214
215 243
165 30
162 241
130 235
180 103
180 198
85 44
3 161
94 243
239 129
66 69
27 91
191 186
8 214
216 170
74 60
47 173
53 79
161 11
51 81
240 40
168 220
245 215
93 233
82 158
239 217
128 246
22 220
22 36
9 128
206 118
218 87
247 214
215 245
35 89
95 9
51 176
220 233
219 21
43 254
253 161
230 222
24 126
215 244
168 93
121 213
127 17
73 151
143 60
170 214
199 180
43 171
28 165
94 242
226 226
134 39
165 28
180 103
199 141
212 85
113 60
162 14
31 166
66 69
90 33
221 133
248 42
163 237
39 238
39 87
111 64
233 220
243 129
241 40
224 28
41 245
214 247
234 93
161 250
88 220
8 161
220 22
82 207
50 138
223 27
9 42
236 163
85 160
161 247
222 167
82 208
161 5
2 43
140 203
93 237
230 92
186 191
165 229
12 161
239 127
242 94
161 2
41 170
141 199
34 231
249 214
39 134
91 30
134 39
130 235
231 34
198 76
2 128
95 2
46 172
166 225
43 135
168 163
220 133
198 76
230 34
182 196
43 2
95 5
70 107
167 222
9 95
164 25
124 224
233 163
234 93
138 50
213 253
8 161
205 81
128 246
6 95
174 158
163 233
245 41
36 89
95 9
89 222
161 245
219 21
217 87
53 140
163 19
180 58
17 94
90 223
43 121
239 127
162 242
178 201
171 44
255 161
153 76
21 126
67 188
30 30
215 13
77 56
16 162
180 199
128 254
196 113
73 105
90 31
14 216
33 166
191 186
248 42
19 163
3 161
251 128
79 203
233 220
42 251
9 95
171 160
224 132
196 74
87 218
194 73
3 213
161 248
175 206
3 43
206 118
223 27
233 93
184 194
224 228
161 247
175 205
149 186
219 21
209 173
203 117
33 230
42 248
41 12
93 88
95 11
53 177
46 84
78 55
43 255
58 76
162 17
179 56
39 134
226 91
188 67
179 200
180 103
19 38
212 85
56 78
24 35
31 166
95 244
223 90
133 36
42 8
162 237
181 196
169 39
5 161
161 11
214 5
216 241
167 221
63 72
23 93
169 38
6 161
128 9
205 175
248 161
36 168
16 217
93 234
246 214
225 124
224 228
119 209
243 127
23 220
111 192
213 2
60 74
100 176
197 181
41 12
87 162
11 161
225 166
35 24
178 201
255 213
56 141
213 85
228 91
162 15
90 225
134 40
42 7
85 212
0 95
0 213
236 38
182 151
166 226
12 95
224 90
94 17
214 248
41 86
202 140
43 2
203 177
149 70
214 5
40 15
35 167
33 124
163 23
217 169
194 73
174 208
110 66
109 189
49 82
16 217
168 218
227 131
93 235
28 224
71 64
252 42
220 233
52 176
128 250
117 53
156 80
92 25
185 192
164 229
11 161
251 42
243 95
95 253
41 170
1 95
94 239
165 228
69 66
226 226
162 242
227 165
25 222
199 76
85 43
59 143
151 74
18 127
135 214
225 29
220 133
24 130
230 34
59 181
210 84
177 53
83 48
204 176
10 95
29 32
184 63
74 60
93 21
17 39
3 213
37 22
147 67
128 10
194 184
93 233
22 163
215 246
220 168
95 8
129 244
23 220
219 21
47 83
252 161
33 229
42 248
238 162
225 227
11 161
32 90
35 24
55 178
253 128
141 200
26 34
249 214
15 94
225 166
243 215
20 130
222 231
179 199
85 43
200 179
14 94
90 30
242 40
30 31
215 12
76 58
170 41
75 59
87 216
112 63
83 47
33 166
191 186
89 35
71 193
214 247
81 157
17 39
82 48
80 205
36 233
221 89
16 217
159 83
93 22
124 31
92 24
209 137
244 127
69 148
250 161
254 213
204 117
93 236
230 131
94 238
225 227
216 15
240 127
173 46
253 161
86 41
198 180
77 102
126 234
162 15
165 166
94 14
214 249
181 104
161 1
1 128
161 254
74 104
202 178
161 13
92 167
94 16
164 26
170 42
181 197
255 43
252 95
107 185
166 223
10 95
227 224
245 215
229 125
163 235
73 61
8 128
51 80
188 147
11 128
249 161
168 219
183 61
93 235
168 36
216 16
129 244
23 220
65 110
47 83
117 52
40 169
125 230
238 162
89 222
216 15
5 214
243 95
112 195
45 84
19 218
230 222
27 165
94 240
227 91
135 41
42 6
212 171
114 198
214 171
56 77
182 152
55 78
243 161
224 90
187 65
164 27
26 222
197 75
128 4
144 194
173 209
15 127
246 161
227 224
124 223
196 75
33 27
95 5
3 213
161 249
148 68
128 245
63 72
228 224
246 214
183 194
232 92
240 216
4 214
207 174
80 52
249 128
204 117
80 100
230 131
222 123
162 169
70 65
251 42
184 106
178 202
3 128
55 141
86 42
199 179
94 240
225 226
215 135
129 237
162 241
161 1
85 214
255 95
74 104
178 55
40 14
90 32
240 94
23 130
170 42
116 201
128 252
177 54
150 71
52 80
216 241
29 32
185 64
181 197
223 229
183 195
213 253
234 37
50 174
221 89
40 16
23 93
195 183
132 226
159 172
161 248
50 175
148 188
65 110
218 88
161 5
87 39
164 232
162 19
94 87
161 246
176 203
106 72
112 194
213 1
59 75
238 162
233 130
122 37
29 165
215 135
42 6
84 212
58 114
43 85
1 161
84 45
250 214
161 13
30 31
12 41
164 27
102 78
39 238
211 84
177 54
161 12
176 52
95 246
89 34
185 64
232 164
163 235
195 73
3 213
234 37
188 148
167 221
40 16
219 88
246 215
215 246
159 172
161 249
167 35
23 220
95 249
3 43
52 139
93 235
164 232
215 245
89 222
95 10
5 214
47 83
161 4
1 43
2 95
230 222
180 57
190 69
89 164
215 135
214 250
84 211
179 200
85 43
114 58
172 212
6 42
40 14
92 167
122 218
229 164
26 222
38 238
1 213
219 235
209 83
214 5
70 191
162 87
222 133
197 75
81 156
17 39
38 88
95 7
148 68
42 252
48 137
97 172
73 194
132 226
168 37
16 40
221 167
82 206
7 95
168 219
161 5
157 81
197 181
215 245
164 230
186 191
32 90
209 173
252 161
255 213
2 95
34 230
76 199
240 162
227 91
14 40
6 214
241 94
38 236
85 213
19 218
221 25
227 91
162 13
164 89
16 162
91 229
18 162
115 201
86 216
202 178
150 72
53 80
70 191
31 227
222 133
247 42
229 33
74 61
173 209
191 110
174 207
206 175
185 63
172 159
132 30
42 10
28 224
208 138
50 175
81 206
95 249
3 43
95 251
223 27
196 181
11 215
95 86
191 70
5 214
150 185
21 37
172 45
181 59
230 222
126 233
191 69
164 167
161 243
129 238
84 211
1 95
85 213
255 95
75 104
42 250
94 243
90 91
13 41
22 130
26 222
218 19
3 128
112 61
150 72
127 240
40 15
94 169
133 34
181 197
236 93
182 195
218 168
6 161
36 233
129 12
16 216
84 97
183 62
234 163
159 173
217 16
206 81
233 36
66 110
208 174
139 205
93 235
182 60
185 193
86 161
45 120
242 127
71 149
37 235
252 128
181 59
155 78
130 23
186 191
225 226
216 14
202 78
211 172
218 20
128 1
198 114
181 152
29 165
189 68
29 91
215 13
57 179
77 154
1 161
1 213
161 253
72 106
127 240
241 40
89 34
71 192
26 131
176 100
52 117
43 2
95 6
69 108
129 12
161 8
84 96
93 21
125 29
83 159
217 16
35 89
23 220
80 51
208 174
73 195
229 223
125 229
185 193
26 164
45 120
214 251
149 185
144 63
213 2
39 18
86 41
232 130
186 191
31 30
40 242
250 42
105 74
38 236
43 0
198 114
75 103
227 91
243 41
225 90
243 215
234 126
239 94
76 58
45 172
161 253
95 243
16 127
212 120
167 223
162 238
125 25
40 87
182 196
83 47
80 204
207 82
12 127
209 119
32 228
93 21
183 195
37 88
249 95
213 253
234 36
219 22
219 88
5 95
223 27
182 60
132 223
161 170
120 210
127 14
12 161
203 79
46 84
75 197
26 34
8 42
94 239
93 88
189 68
177 202
14 162
236 218
214 86
0 161
240 162
165 227
94 242
225 90
162 241
214 249
162 239
161 255
86 215
161 253
83 46
42 251
245 161
164 27
238 94
231 164
169 40
4 161
6 128
192 111
36 233
243 129
216 240
32 228
184 62
214 246
23 163
161 249
220 168
147 189
8 95
37 168
73 194
229 223
131 28
163 20
25 164
136 46
52 176
70 149
21 37
217 87
217 238
34 230
232 130
12 215
228 91
188 190
214 250
221 231
38 236
0 213
161 0
222 25
200 178
122 40
226 30
217 134
165 28
222 230
161 255
255 43
195 113
232 221
203 177
245 161
223 89
162 238
8 214
163 236
161 252
128 6
145 192
69 107
81 205
137 209
28 32
72 194
182 195
229 33
138 49
207 82
175 50
147 66
88 37
62 73
163 22
74 196
193 72
231 92
95 9
14 129
95 11
79 53
128 5
217 238
41 170
26 164
191 70
223 166
216 14
90 225
211 172
78 56
43 0
0 161
16 94
200 179
162 14
30 30
217 134
200 77
222 231
115 200
2 128
20 218
84 46
214 6
66 69
165 27
70 191
8 214
33 26
238 217
87 217
219 235
36 233
34 167
9 95
28 32
194 184
42 10
229 33
184 194
174 207
67 147
8 95
9 128
73 194
38 169
125 228
184 193
167 35
119 210
33 89
23 220
235 219
2 43
196 182
163 19
42 248
36 133
33 90
14 40
17 129
24 221
178 201
44 85
161 0
213 85
7 42
215 243
30 226
241 94
214 249
43 85
218 19
1 213
113 60
232 221
177 54
216 242
225 29
65 70
76 58
26 223
18 39
83 47
235 37
107 186
205 175
40 15
85 96
132 32
42 9
93 22
50 118
174 207
189 109
175 205
88 36
39 17
163 22
196 182
63 184
85 160
137 46
89 222
186 107
37 235
210 173
253 161
237 163
92 26
239 162
31 29
95 12
79 54
210 172
143 60
86 41
218 237
153 76
130 21
134 217
226 226
189 188
91 228
180 103
95 0
170 41
201 178
232 221
166 225
121 43
166 223
12 41
58 180
41 86
182 196
213 254
53 79
82 48
243 129
15 216
164 25
245 215
93 233
93 22
206 138
213 253
248 95
8 95
128 246
39 17
82 98
93 23
163 20
164 231
119 210
205 81
82 208
251 161
217 87
253 161
177 156
92 25
221 123
31 29
190 69
225 166
172 46
113 196
171 44
218 237
213 85
130 21
188 189
226 226
217 134
56 179
76 153
57 115
44 171
143 196
73 105
54 79
95 244
28 91
36 123
248 42
215 170
140 54
43 2
251 95
245 161
42 251
15 216
96 171
184 63
228 125
223 229
206 138
128 9
248 95
147 67
49 82
6 95
82 98
23 163
194 72
28 224
47 119
175 205
11 161
145 64
39 169
18 217
236 163
231 92
162 18
91 27
245 95
214 250
151 183
236 218
41 170
198 180
239 162
214 7
162 15
226 30
14 162
249 42
171 43
161 0
44 171
95 2
211 84
250 214
12 95
163 88
162 239
198 76
94 19
18 39
84 46
79 203
48 173
242 129
137 210
85 95
63 72
228 125
157 174
217 17
37 88
51 81
81 50
36 168
16 217
228 223
22 163
236 163
85 160
192 71
13 129
220 233
64 111
128 250
60 74
236 163
126 231
123 35
27 165
216 14
225 166
172 46
113 195
255 213
19 218
85 43
77 200
41 13
226 226
215 13
236 126
25 222
199 76
85 44
196 113
35 231
177 54
244 161
224 90
94 17
198 76
41 86
39 238
128 251
79 203
70 107
167 223
192 186
32 228
245 215
131 228
223 229
6 161
247 128
205 175
220 22
207 174
72 194
218 88
246 214
215 246
232 92
71 64
4 214
187 108
192 145
6 128
117 53
40 169
231 131
123 35
169 94
66 187
225 166
46 83
3 95
255 213
115 56
213 85
42 249
122 38
91 30
216 134
227 165
222 231
199 76
43 171
236 38
162 14
54 79
188 67
168 163
94 17
126 24
41 86
161 253
39 87
79 203
107 185
166 223
136 210
35 167
237 93
131 229
81 157
61 183
213 253
110 66
22 36
174 49
249 161
98 173
246 214
163 21
172 96
16 40
175 205
161 246
64 111
128 7
239 39
156 80
8 42
41 12
89 222
241 216
251 42
13 161
201 78
211 172
76 198
94 239
130 22
122 38
166 31
94 14
201 78
240 94
95 0
85 43
197 113
182 151
54 78
12 95
90 32
162 239
76 58
34 26
161 254
5 128
235 37
47 173
166 223
186 65
29 32
132 33
196 74
99 81
73 61
213 253
66 146
36 233
82 206
207 118
37 168
131 29
93 235
164 232
71 63
214 252
10 161
21 37
218 87
39 17
236 163
92 25
41 11
27 164
40 241
16 129
13 161
61 112
84 211
1 95
162 17
91 27
13 215
91 90
216 13
91 227
44 85
161 0
128 255
197 114
74 104
226 91
243 161
167 164
162 240
76 57
18 162
161 254
1 213
219 235
244 161
176 52
216 241
86 95
132 33
42 9
235 93
61 183
43 3
190 110
147 68
89 35
193 184
233 163
131 29
10 215
88 220
240 216
206 81
82 207
161 6
209 173
39 17
87 40
9 42
18 94
27 164
95 11
16 129
13 161
112 195
211 172
56 141
17 94
91 27
134 218
31 90
162 243
42 6
85 212
95 255
0 43
197 114
74 104
129 18
135 215
167 164
41 244
42 8
101 78
181 197
87 216
54 79
71 106
223 90
186 65
161 86
237 93
125 27
163 235
183 195
128 8
95 7
188 148
43 252
39 16
83 97
10 42
163 21
37 88
8 161
127 12
207 174
191 146
254 213
117 52
100 176
232 92
215 245
34 89
120 212
15 129
221 232
95 252
253 128
55 141
94 238
57 77
122 38
225 166
40 242
178 201
231 35
161 1
0 128
179 56
94 241
226 91
14 216
166 224
66 69
8 214
86 214
75 59
128 4
37 21
244 161
15 127
136 211
89 34
71 192
24 92
235 93
195 73
43 3
146 191
9 95
128 245
16 216
163 23
163 234
124 30
32 28
137 48
35 89
36 23
249 161
213 2
161 5
27 33
164 232
94 237
87 162
65 186
176 203
35 24
112 194
169 216
217 238
86 42
233 130
190 69
29 165
14 40
129 237
84 212
179 200
213 85
236 38
25 35
129 19
41 135
92 167
66 69
42 8
102 78
2 161
84 45
202 177
95 244
224 90
241 40
230 164
237 94
24 92
87 217
17 39
128 8
161 249
220 23
245 129
240 40
97 172
132 30
62 183
228 32
137 48
35 89
9 161
22 37
3 43
204 117
93 235
59 75
71 64
227 31
70 65
224 166
95 12
112 194
213 1
181 59
214 86
76 199
134 219
91 29
242 216
6 214
94 15
20 38
0 43
95 1
231 221
250 214
189 188
227 165
218 134
126 23
34 26
75 59
128 252
219 235
24 35
80 203
95 246
29 31
41 245
214 247
81 156
182 195
88 218
95 7
108 188
214 4
95 248
97 172
21 163
93 234
159 173
7 161
213 252
9 161
65 110
248 128
51 139
163 21
131 27
162 19
86 161
65 186
176 204
47 83
219 21
216 87
197 181
162 18
92 27
240 162
30 225
135 41
129 237
241 94
77 56
213 171
218 237
162 15
19 127
94 243
164 89
215 13
249 42
214 170
115 201
1 213
202 178
221 24
224 90
136 212
87 94
215 11
247 42
27 223
74 61
218 168
95 6
49 174
89 35
240 40
97 172
226 132
246 42
97 83
161 249
252 43
81 206
110 191
219 88
39 17
33 229
42 247
132 223
26 164
95 10
42 5
71 150
252 161
40 169
2 95
214 86
23 126
215 244
31 30
215 135
127 18
211 172
197 142
213 0
57 77
104 181
55 78
135 215
31 166
16 162
42 7
94 17
56 115
128 253
20 219
24 35
177 53
161 11
89 34
185 64
230 125
80 156
39 239
168 38
111 65
246 161
206 175
48 137
224 28
183 62
22 93
173 97
49 118
245 128
81 206
37 234
48 82
183 61
93 235
247 214
124 33
35 89
95 10
214 251
185 107
37 235
216 87
197 181
155 78
76 199
16 94
228 91
189 68
202 78
231 35
2 95
214 86
95 0
181 152
249 214
40 135
30 226
15 162
249 42
230 34
180 198
128 3
3 161
83 46
16 127
15 216
31 227
222 133
247 42
27 223
196 74
83 47
250 95
69 108
81 205
248 161
160 84
124 225
195 73
219 168
72 63
221 167
175 50
205 80
213 3
183 61
33 229
196 182
223 124
35 89
186 191
127 14
149 185
193 144
216 87
140 202
238 162
26 164
239 162
30 225
244 95
18 129
231 35
254 161
42 170
161 0
231 222
126 236
13 215
165 90
122 218
7 214
94 17
180 198
84 45
38 20
173 210
251 214
245 161
225 29
18 162
25 131
40 87
60 182
128 249
64 145
161 10
167 222
209 119
232 164
72 194
10 214
88 219
217 16
82 49
67 147
219 22
247 128
51 138
163 21
233 92
245 41
89 221
136 46
214 251
36 24
235 219
251 128
39 18
155 79
92 26
123 36
166 32
188 189
214 250
211 172
197 143
42 170
199 180
162 16
126 236
215 243
91 226
94 15
22 130
77 154
56 115
84 44
113 61
210 83
127 240
95 245
169 162
18 162
25 131
87 216
117 203
254 43
235 37
174 207
175 51
119 47
36 168
194 184
131 227
28 223
217 16
128 10
161 247
95 248
208 174
194 183
174 157
214 9
93 236
89 221
161 247
52 176
149 186
53 177
172 46
59 75
26 34
230 92
239 162
228 91
244 95
31 90
74 151
179 200
86 42
199 114
162 16
42 249
242 162
91 166
134 39
56 179
85 213
1 161
215 170
95 3
35 232
129 16
161 11
27 91
221 133
25 92
170 40
161 252
254 43
80 203
246 161
127 243
240 40
92 232
41 246
42 10
88 218
39 240
82 49
8 161
66 109
43 253
217 239
27 33
233 93
72 63
228 32
15 40
251 42
220 233
63 111
5 128
116 54
34 230
130 24
41 12
225 227
187 190
6 214
183 105
236 218
255 128
0 161
222 25
179 56
243 41
165 30
217 134
165 28
76 153
76 58
1 213
201 178
151 73
42 250
69 190
168 163
186 65
42 8
100 79
39 238
254 43
5 161
149 70
214 4
71 192
96 171
224 132
182 195
234 93
62 184
213 253
81 206
190 147
82 207
17 217
22 93
163 233
236 163
85 160
15 40
42 5
82 208
219 21
128 5
39 18
86 41
230 92
162 17
166 33
213 135
31 90
105 73
196 143
42 170
141 199
76 103
126 235
242 162
166 165
41 243
249 42
17 162
198 76
86 215
95 3
221 24
239 129
190 187
163 88
123 221
130 231
230 33
39 238
43 2
219 235
48 174
51 81
185 64
171 160
41 245
228 125
88 218
206 138
3 213
81 205
81 51
3 43
138 206
229 223
28 125
193 72
228 32
9 161
205 80
23 220
193 145
213 2
253 161
170 215
130 24
162 17
168 93
242 216
127 17
105 73
161 2
1 43
141 199
240 162
91 28
217 122
226 165
215 13
228 165
180 103
0 95
43 1
55 78
84 46
90 31
244 161
168 163
239 94
24 130
19 163
238 217
43 2
53 79
36 233
80 205
192 185
96 171
132 32
23 93
234 93
73 62
3 213
248 95
147 67
3 43
39 17
98 174
196 182
41 11
32 28
71 64
51 175
174 48
145 64
209 173
95 253
177 156
180 58
244 41
31 29
135 43
79 54
14 162
236 218
44 85
198 180
171 213
91 28
15 94
226 91
68 189
130 235
94 16
199 141
212 85
196 113
162 14
6 42
69 190
228 165
41 244
42 8
215 170
39 238
5 128
203 177
107 186
42 251
95 247
35 167
163 236
28 131
98 82
95 6
220 168
8 161
81 50
174 49
206 118
33 229
131 29
194 72
220 168
247 95
167 34
23 220
235 219
128 6
182 60
79 100
42 248
123 35
93 88
161 245
203 79
84 210
218 20
41 170
19 218
85 43
235 130
13 215
91 30
68 189
227 165
180 103
57 180
255 128
178 56
105 183
79 202
244 161
28 91
65 70
126 24
177 101
238 217
43 2
63 145
11 95
89 33
210 119
228 224
245 215
247 42
33 27
206 138
253 43
109 66
248 161
213 3
184 62
228 223
22 163
124 31
171 96
192 71
13 129
107 69
21 37
6 128
18 217
100 176
25 164
162 18
87 162
14 40
225 166
232 35
218 20
41 170
56 141
26 34
42 249
241 162
91 90
243 215
236 126
171 44
114 199
1 128
56 77
14 94
225 90
190 188
166 224
65 70
180 198
19 162
238 217
84 46
161 251
107 186
129 14
192 186
167 221
11 41
23 93
234 93
217 17
247 128
81 205
36 234
3 43
207 118
158 83
125 227
72 62
224 228
16 40
13 129
148 187
219 21
250 128
4 95
93 236
197 181
41 12
89 223
11 161
240 127
184 106
195 143
172 44
198 180
77 102
7 42
241 162
91 90
122 216
55 178
94 16
0 161
170 42
59 143
221 25
54 79
67 68
93 168
12 41
232 126
79 155
181 197
210 84
63 144
24 36
5 42
216 241
164 25
163 237
27 131
99 81
39 239
253 43
22 219
175 206
128 246
72 194
37 168
131 29
246 41
24 164
40 240
34 89
148 187
6 95
169 218
196 182
176 156
75 197
244 41
227 31
40 241
224 166
173 46
20 38
170 215
76 198
154 77
199 179
13 215
91 90
189 188
78 55
103 75
218 19
213 0
179 56
162 14
6 42
161 12
91 228
186 65
76 58
170 41
217 18
46 172
37 21
161 12
14 127
186 65
221 89
11 41
214 247
163 235
51 117
248 128
146 190
175 206
213 4
72 193
97 173
42 246
31 132
160 172
248 95
252 42
36 23
37 235
87 38
17 217
87 40
42 247
222 123
162 169
15 40
203 79
106 72
253 161
84 211
141 200
17 94
77 199
162 15
90 165
121 216
236 126
171 44
38 237
213 0
254 95
25 35
202 178
216 242
92 167
16 162
126 23
222 230
18 39
128 4
219 235
173 209
127 242
186 65
29 32
63 71
232 164
27 223
161 251
213 253
37 22
161 9
50 81
95 249
173 159
10 42
21 93
168 36
161 248
214 252
233 36
52 176
209 173
117 52
80 100
131 26
162 18
164 229
212 136
166 32
173 47
3 95
3 128
255 161
222 26
126 234
122 38
166 91
162 243
42 6
35 25
255 161
1 128
38 20
221 25
165 226
13 95
164 89
244 215
8 214
155 178
181 197
211 84
54 79
232 221
166 223
65 70
222 89
11 41
247 42
169 39
117 205
37 88
146 191
50 175
206 175
193 184
163 23
131 30
194 73
88 219
119 208
252 42
108 69
161 6
2 43
117 52
40 169
26 125
64 185
227 31
15 40
32 90
150 184
54 178
216 86
75 198
94 238
229 91
243 41
225 226
135 41
178 201
25 221
57 179
85 214
77 200
182 152
78 201
121 41
92 167
16 162
76 57
170 42
116 201
252 128
144 194
150 71
129 15
10 95
222 89
237 94
92 232
157 175
251 95
208 83
146 191
36 233
221 89
161 7
83 97
132 30
41 10
84 159
40 240
129 244
95 10
249 161
208 173
5 95
100 175
26 125
215 245
87 162
136 44
251 42
221 232
235 219
216 87
55 141
222 26
27 164
190 69
227 91
243 94
6 214
172 44
237 218
128 0
59 142
35 231
127 237
68 189
165 29
12 41
42 8
154 178
238 217
216 169
202 177
173 209
15 127
10 95
230 164
245 215
131 230
39 87
117 204
3 213
65 146
233 220
11 127
184 63
84 97
183 62
163 21
23 164
193 72
4 214
49 82
52 176
213 3
195 183
223 27
230 131
123 34
227 31
95 10
214 251
12 161
37 235
40 169
201 116
162 18
76 199
187 190
225 226
121 215
178 201
75 152
1 95
0 128
198 114
84 44
19 127
135 215
29 91
219 134
164 27
102 78
140 55
169 40
37 21
232 221
176 53
44 136
164 26
64 71
125 26
21 163
239 217
208 83
22 219
68 108
214 4
16 216
232 164
93 21
234 163
224 228
95 7
11 128
36 23
161 7
128 8
117 51
39 169
214 9
222 124
161 170
216 15
214 251
95 12
95 252
40 169
181 59
178 154
8 42
134 219
89 164
13 161
30 91
104 74
95 255
128 0
179 57
171 212
42 250
216 242
30 31
41 243
91 229
102 77
197 75
1 213
4 161
35 232
241 129
65 70
26 92
64 71
42 9
223 229
117 204
43 2
80 204
10 95
81 206
137 208
28 32
163 235
61 183
88 219
208 138
167 35
220 233
176 204
219 88
183 61
175 157
92 24
223 124
32 29
95 10
90 223
47 83
194 144
211 172
201 116
155 78
42 248
219 123
164 167
14 40
42 6
15 162
142 59
171 214
199 179
241 162
129 19
215 121
30 30
218 134
179 199
162 239
58 181
172 211
112 61
35 232
16 127
161 11
31 227
71 192
25 92
93 20
74 61
213 254
161 250
233 220
42 252
48 137
24 92
124 225
131 227
32 28
161 249
206 81
161 247
110 190
128 248
95 251
81 99
60 74
132 223
167 35
216 15
204 80
161 244
54 177
40 169
181 59
101 178
164 230
219 123
225 226
161 243
178 202
241 94
142 59
0 213
161 0
240 162
249 214
40 135
225 90
38 122
130 234
102 77
255 95
45 172
78 201
46 173
42 251
15 216
167 222
34 123
214 247
223 229
95 4
2 213
204 176
108 187
214 4
95 248
228 224
73 194
125 29
97 83
240 217
221 167
109 68
80 51
168 219
195 183
163 21
131 27
93 237
224 227
241 216
14 129
173 47
252 161
172 46
181 59
222 26
23 126
41 12
224 166
242 216
238 127
182 105
218 20
1 128
0 95
181 153
55 78
216 122
226 30
187 66
130 234
77 154
198 76
1 213
61 143
24 35
203 177
120 44
27 92
185 64
164 25
163 236
239 217
47 173
52 80
82 49
34 167
119 47
96 172
163 235
93 234
23 163
7 161
43 3
22 220
161 7
88 37
17 217
33 229
247 214
215 245
89 221
15 40
42 5
161 244
37 235
87 39
116 54
34 230
180 58
220 123
88 163
161 244
6 214
242 94
218 20
0 43
161 0
153 75
29 165
13 215
165 30
122 218
7 214
171 43
141 56
84 44
143 195
150 72
225 90
15 216
27 92
162 238
59 181
20 163
203 139
250 128
192 111
69 108
4 42
161 8
160 84
184 62
42 10
23 163
240 217
36 88
175 50
146 66
219 88
138 206
82 99
233 93
93 236
171 95
216 15
223 167
220 233
161 5
128 5
181 59
26 34
26 164
186 191
31 29
135 42
90 226
35 25
56 179
213 0
180 57
85 44
178 56
67 188
90 31
134 39
214 249
222 230
141 56
128 2
195 113
73 105
127 240
14 216
29 31
186 64
231 164
223 229
161 252
6 128
64 145
233 220
4 42
40 16
224 28
72 194
182 195
93 22
194 72
36 88
147 189
175 205
128 9
17 217
87 38
74 196
63 184
35 89
247 95
14 129
233 36
219 21
254 213
140 202
155 79
214 8
36 133
31 29
69 66
42 6
183 105
60 113
212 171
141 199
25 34
29 165
122 40
30 166
122 217
28 91
76 153
161 255
128 254
113 60
46 172
214 6
43 135
29 31
64 70
214 248
156 177
253 95
83 47
6 161
107 186
81 205
247 161
224 28
215 11
61 182
98 82
72 62
207 82
67 147
51 175
174 49
138 206
229 223
125 228
215 245
228 32
247 95
242 127
11 161
219 21
217 87
196 182
41 170
26 164
215 244
225 227
40 242
177 202
46 84
20 38
42 170
237 38
222 25
214 7
122 39
165 30
94 15
165 28
180 103
1 161
213 255
178 55
162 14
225 90
135 213
168 163
186 65
248 42
79 156
238 217
43 2
5 161
149 70
34 167
64 71
164 25
32 124
163 23
174 98
62 184
3 213
51 81
81 51
213 3
6 95
98 174
214 9
93 236
167 35
9 161
129 243
186 107
251 161
128 250
140 203
155 79
230 92
244 41
223 166
69 66
79 54
242 94
161 2
86 41
19 218
85 43
42 249
188 189
91 166
94 14
28 91
25 222
95 0
2 128
161 254
105 183
31 166
216 242
29 31
244 215
92 230
41 86
182 196
250 128
53 79
11 95
243 129
95 247
224 28
193 184
60 182
82 158
118 206
253 43
175 51
81 51
174 49
184 62
27 33
28 125
93 236
224 228
95 9
175 205
36 23
145 64
43 254
203 116
163 19
248 214
221 123
27 165
216 14
54 177
35 24
113 196
128 2
198 180
222 25
126 235
243 41
226 166
242 94
126 21
240 94
38 237
44 171
196 113
162 14
79 202
14 216
163 88
36 123
24 130
155 177
116 202
2 213
145 193
233 220
51 80
40 15
171 160
124 224
214 247
38 87
118 206
213 253
51 81
147 67
174 49
239 39
218 88
227 131
11 215
171 96
216 16
127 13
220 233
21 37
169 217
161 3
93 237
164 231
238 162
229 91
245 95
42 6
243 94
38 236
128 254
115 56
231 222
179 56
122 39
166 91
122 216
165 29
34 25
218 19
213 0
60 143
24 35
6 42
40 14
28 91
65 70
214 248
94 19
217 18
84 46
5 161
233 220
52 80
241 40
32 228
132 32
182 196
82 158
95 6
168 37
147 190
109 189
3 43
217 240
38 168
246 214
184 194
224 228
185 192
51 175
161 246
235 219
47 83
252 161
33 229
231 130
70 64
87 162
190 69
127 16
183 105
95 253
44 84
58 76
222 26
165 228
13 215
91 30
41 243
227 165
44 85
199 142
128 255
236 38
14 94
166 225
40 14
90 32
186 65
232 126
222 230
3 161
169 39
203 177
233 220
80 204
241 40
35 167
93 20
9 214
163 234
250 95
48 174
175 51
234 220
128 10
72 194
158 83
246 214
215 246
220 168
216 16
13 129
69 148
192 145
2 43
196 182
169 216
25 125
238 162
92 27
11 161
203 79
13 162
38 236
170 215
161 1
26 34
165 228
241 162
91 30
162 242
78 55
171 44
237 218
213 0
236 38
231 221
129 18
67 68
90 32
220 133
24 130
26 222
181 197
169 39
203 177
107 185
214 5
191 186
95 170
93 19
196 74
33 27
183 195
253 43
146 190
95 247
128 246
39 16
233 163
73 195
215 246
92 24
40 240
81 51
69 148
219 21
169 218
139 204
33 229
92 25
185 192
162 169
40 241
214 251
72 150
161 3
170 215
237 38
85 43
91 28
66 187
226 30
243 215
78 55
16 162
198 142
1 128
236 38
94 242
78 202
189 188
32 166
215 12
180 198
155 178
140 54
216 169
54 79
173 209
251 214
246 161
32 227
33 124
60 182
163 235
139 51
37 88
80 205
68 109
11 128
240 39
173 159
227 131
21 93
224 228
63 185
244 127
161 246
6 95
254 213
182 60
176 156
131 26
18 94
34 89
241 216
251 42
173 46
236 219
45 84
198 180
171 214
22 126
13 215
227 91
121 216
214 249
16 162
38 237
128 1
179 56
172 211
91 30
216 242
92 167
215 12
164 26
94 18
238 217
255 43
21 219
232 220
204 176
216 241
224 29
124 223
42 9
87 217
217 17
219 168
7 161
147 68
206 175
16 217
224 28
227 131
62 183
220 168
119 208
244 127
108 69
204 80
249 128
117 52
20 93
181 59
64 185
164 229
216 15
214 251
13 161
144 61
211 172
200 115
86 42
214 7
66 187
227 91
13 40
29 91
152 181
255 161
128 255
95 1
152 74
127 238
68 189
167 164
133 37
214 248
42 86
161 254
40 87
144 194
244 161
129 15
216 241
89 34
71 193
60 181
93 21
51 117
208 82
65 146
68 108
221 89
7 95
219 88
131 30
41 10
232 92
63 185
221 167
174 49
37 234
2 43
161 4
163 20
181 59
64 185
164 230
70 65
166 32
35 24
112 195
3 128
75 198
154 77
229 91
94 240
225 226
215 135
214 250
44 85
198 142
213 0
95 1
35 231
165 226
40 14
31 226
16 162
199 76
214 170
201 140
172 211
95 4
106 185
204 176
136 211
95 170
19 162
197 75
163 235
139 51
48 173
80 204
68 108
128 11
16 216
37 168
183 61
10 215
92 24
40 240
127 12
82 207
204 80
43 254
195 182
229 223
164 232
185 192
26 164
70 65
127 15
95 12
37 235
45 84
218 238
238 162
229 92
69 66
225 226
188 189
42 6
25 221
1 95
0 128
255 95
152 75
237 129
215 121
92 167
37 122
233 126
214 170
95 2
1 213
202 177
150 71
224 90
45 136
34 167
64 71
230 125
39 87
161 251
3 213
65 146
95 247
42 252
63 72
84 97
132 30
194 73
37 88
16 40
214 252
23 220
219 22
168 218
5 95
99 175
131 26
162 19
29 225
241 216
90 224
244 95
235 219
84 211
55 140
42 170
27 164
69 66
90 224
67 188
42 6
152 181
114 197
43 85
255 95
104 181
55 78
189 188
31 226
12 41
57 180
18 162
75 59
87 216
161 252
184 150
32 166
40 15
94 170
34 123
42 9
21 163
217 17
88 218
65 146
174 207
50 81
95 248
24 92
226 132
215 246
88 219
240 216
221 167
23 220
161 7
173 48
239 39
33 229
131 27
19 94
26 164
241 216
80 52
71 150
219 21
128 4
116 55
170 214
126 233
37 134
165 227
13 161
127 19
182 104
197 142
213 171
142 198
94 241
165 227
68 189
225 90
215 13
179 199
42 86
141 55
211 84
37 21
35 232
32 166
11 95
222 89
41 245
197 75
20 163
4 161
218 168
110 65
10 95
12 127
208 119
37 168
132 30
30 131
219 168
72 63
245 128
9 161
95 249
248 128
51 139
235 163
60 75
41 11
86 161
211 136
15 129
24 221
235 219
4 128
201 116
101 178
76 199
123 37
166 32
242 216
129 238
15 162
56 179
213 171
199 179
35 231
78 201
215 121
31 166
13 41
130 234
86 214
58 181
84 45
144 195
173 209
16 127
11 95
227 225
94 18
92 231
20 163
4 161
38 88
234 37
187 148
42 252
240 40
172 159
194 183
125 30
163 233
240 217
4 213
109 68
22 37
253 213
117 51
21 93
92 24
11 215
32 29
246 95
166 33
185 107
252 161
216 87
254 161
101 178
230 92
133 219
28 165
242 216
214 250
182 104
161 2
171 43
114 58
240 162
55 78
13 216
165 90
243 215
77 57
222 230
180 198
45 172
37 20
150 72
203 177
66 69
167 222
133 34
164 25
27 223
239 217
213 254
52 80
187 148
222 89
209 119
232 164
235 93
93 234
97 83
72 63
89 221
247 95
190 146
168 219
39 17
87 39
74 196
124 33
170 95
136 45
129 242
173 47
235 219
210 172
181 59
26 34
23 126
17 94
228 91
244 95
78 54
35 25
218 20
43 85
198 114
162 16
227 91
13 215
226 226
122 218
228 165
26 222
237 218
1 213
201 178
46 173
32 166
136 212
31 227
18 162
231 164
27 223
17 39
83 47
6 161
187 148
81 205
64 71
164 24
163 235
227 125
158 173
217 16
82 49
189 109
66 110
253 213
39 17
81 99
60 74
132 223
89 221
95 10
33 90
12 161
193 144
210 172
116 54
101 178
76 198
65 186
29 225
14 40
127 18
221 231
20 38
213 171
142 199
222 25
178 55
94 242
165 30
13 41
77 56
239 94
200 141
215 170
161 253
13 95
251 214
120 44
167 223
35 123
59 181
87 216
18 39
87 218
235 37
108 187
89 34
119 47
32 228
235 93
73 61
218 168
161 249
36 88
234 36
81 51
128 247
194 183
27 33
74 196
193 72
35 89
70 64
14 129
11 161
161 5
210 172
75 197
19 94
8 42
36 133
90 224
214 135
177 202
182 105
196 143
128 255
0 95
231 222
91 29
242 162
31 166
162 241
21 130
213 171
1 161
86 215
3 161
221 24
16 127
66 69
162 87
35 123
8 214
156 176
196 74
173 209
250 95
69 108
243 129
192 185
220 88
20 163
61 182
218 168
95 6
207 82
147 189
66 110
49 82
62 73
27 33
228 131
41 11
161 171
247 95
176 204
245 95
161 5
213 2
196 181
215 86
58 76
12 215
88 163
40 242
129 239
105 73
2 95
213 0
237 38
16 94
42 249
13 215
226 165
67 68
91 228
103 76
1 161
44 171
78 201
210 84
17 127
43 135
93 168
215 12
164 25
79 156
252 95
87 217
219 235
186 149
4 42
64 71
32 228
72 194
233 163
234 93
6 161
246 128
109 67
248 161
82 207
62 73
27 33
228 131
245 41
221 167
64 185
80 51
36 23
5 95
5 128
161 3
79 101
76 198
191 70
31 29
12 161
90 225
84 210
2 95
128 2
38 19
94 240
91 28
134 217
166 165
215 13
21 130
162 239
76 58
170 41
20 218
242 162
225 90
135 213
88 93
244 215
126 25
86 215
140 53
47 173
177 53
233 220
81 205
64 71
25 92
32 124
195 74
98 82
39 239
246 128
205 175
147 67
9 128
95 250
174 158
9 42
224 124
92 25
161 247
34 89
23 220
251 161
250 128
53 140
222 26
214 8
17 94
33 90
216 14
54 177
105 73
78 55
254 128
199 115
43 171
21 126
94 242
166 165
241 94
200 77
240 94
115 199
212 85
161 254
24 35
79 202
213 121
168 163
220 133
126 24
19 163
217 18
6 128
63 145
36 233
176 51
15 216
32 228
132 32
9 214
223 229
206 138
88 220
147 189
161 8
253 213
217 239
229 223
9 42
124 32
220 167
210 137
222 167
233 36
203 79
210 173
140 203
79 101
8 42
191 70
29 225
213 135
127 17
84 210
253 161
128 2
199 115
153 76
56 77
67 188
30 90
39 122
28 91
240 94
76 57
171 212
218 236
162 14
54 79
135 213
28 91
41 244
214 248
41 86
202 140
2 213
235 37
36 233
127 243
185 64
92 231
93 20
233 163
158 174
217 17
253 43
220 234
189 147
3 43
250 161
163 22
28 125
62 184
164 231
192 71
89 222
95 11
95 251
47 83
60 74
26 33
42 248
244 41
229 91
40 242
31 90
94 13
218 20
128 254
115 56
34 231
179 56
241 162
91 90
216 134
42 7
231 34
95 0
2 128
20 218
84 45
79 202
40 14
168 163
94 17
58 180
237 94
39 238
46 172
63 145
70 107
5 42
70 192
25 92
224 132
74 60
98 82
183 194
247 128
175 51
50 175
36 168
16 217
88 38
61 74
62 184
96 85
95 9
42 4
48 82
111 192
213 2
252 161
156 80
92 25
192 70
27 165
120 213
53 177
221 232
78 55
41 170
1 95
94 239
235 130
122 39
30 30
40 122
29 91
76 153
0 95
44 171
60 143
221 25
202 177
66 68
90 32
244 215
198 76
155 177
116 202
43 2
79 203
233 220
223 89
241 40
167 221
223 132
23 93
223 229
183 194
128 247
37 22
206 81
82 207
194 184
38 168
10 42
31 132
160 172
8 161
4 214
187 108
6 95
83 209
139 203
216 87
248 214
35 133
87 162
216 14
31 90
221 232
95 253
212 172
200 115
102 179
179 56
243 41
31 90
67 68
130 236
240 94
0 161
214 170
95 2
231 221
202 177
121 42
227 225
17 162
126 24
79 155
39 238
39 87
37 21
232 220
80 204
210 120
221 89
163 237
125 27
223 229
51 118
48 174
110 66
247 161
220 89
49 138
173 158
163 234
184 194
36 88
209 137
51 175
23 220
21 37
249 128
53 139
33 229
231 131
215 244
31 29
66 187
32 90
95 13
20 38
255 213
161 1
154 77
77 199
134 218
166 91
189 188
227 165
25 222
237 218
128 255
161 254
182 151
129 18
12 95
166 224
12 41
130 232
86 215
254 95
43 2
161 252
208 83
223 90
136 211
92 231
245 215
131 229
21 163
195 73
174 208
66 146
233 220
245 128
95 249
97 173
227 131
41 10
88 220
216 16
81 51
95 10
6 95
128 7
239 39
33 229
197 181
162 18
167 34
44 120
166 32
83 210
253 161
255 213
198 180
94 239
7 42
243 41
226 30
162 242
20 130
152 181
58 114
43 171
59 142
104 182
214 6
135 214
164 89
94 16
214 248
170 41
202 140
43 1
202 177
12 95
214 5
65 70
167 221
41 245
27 131
163 235
205 139
208 82
22 219
109 188
128 245
217 240
228 224
131 29
31 132
232 92
119 208
89 222
207 174
250 161
213 2
52 139
87 40
230 131
94 238
29 225
11 161
90 224
72 150
178 202
1 43
237 38
26 34
214 7
38 134
226 226
162 243
127 19
171 44
161 1
0 43
161 255
94 241
178 54
13 95
226 225
240 94
233 126
34 26
95 2
252 128
95 4
173 209
90 33
120 45
164 26
163 237
9 214
163 235
139 51
253 43
22 219
247 161
50 81
72 193
224 28
226 131
62 183
97 84
71 63
221 167
10 161
65 110
128 249
139 204
169 216
42 247
18 94
92 26
44 120
214 251
243 95
54 178
45 84
55 141
170 214
91 27
38 134
165 227
215 135
250 42
241 94
198 142
171 42
161 255
74 104
6 42
188 67
165 29
244 215
57 180
94 18
116 201
211 84
202 177
185 150
176 52
191 186
170 161
185 64
247 42
87 217
161 251
83 48
219 234
188 148
89 35
63 72
88 37
41 246
93 235
228 32
193 72
12 129
36 23
110 191
208 173
217 239
223 27
42 247
237 162
26 164
246 95
176 203
221 232
62 112
128 4
59 75
86 42
42 249
16 94
91 29
14 40
201 78
231 35
161 1
213 0
200 179
35 231
129 19
95 243
224 90
215 12
164 27
222 230
75 59
216 169
202 177
232 221
52 80
241 40
162 86
123 222
26 131
27 223
161 251
219 168
110 65
233 220
11 127
7 95
172 159
163 235
246 41
219 168
184 193
252 42
161 247
146 65
38 168
161 5
175 157
247 214
94 237
170 94
40 241
224 166
24 221
95 252
128 252
181 59
86 42
23 126
162 16
226 31
216 14
201 78
212 172
236 218
0 128
77 200
162 15
78 201
242 40
165 29
134 37
76 57
222 230
181 197
216 169
79 202
161 12
224 90
70 191
29 31
71 192
197 75
93 21
182 195
208 83
234 37
174 207
12 127
248 161
97 172
132 30
10 215
23 163
137 48
213 252
108 68
176 204
219 88
251 161
93 235
164 232
245 41
32 29
211 136
15 129
221 232
54 177
87 40
181 59
222 26
130 23
69 66
166 32
95 13
178 201
25 221
1 95
214 85
255 95
152 75
178 55
216 242
165 29
66 69
126 22
102 77
18 38
45 172
202 178
209 83
251 214
15 216
29 31
123 222
230 125
176 100
95 4
209 83
191 110
187 148
35 167
248 161
168 219
163 235
61 183
168 37
48 118
245 128
81 206
22 37
168 219
17 217
169 217
229 131
162 19
167 34
40 241
42 5
35 24
37 235
4 128
18 217
86 42
92 27
240 162
226 31
40 242
127 18
211 172
236 218
0 213
179 57
221 25
29 165
14 216
227 165
16 162
91 229
154 179
55 115
211 84
202 178
83 47
90 32
216 241
164 26
162 238
197 75
236 93
17 39
88 218
219 234
246 161
206 175
16 216
84 97
163 235
30 131
23 163
95 7
213 252
36 23
219 22
3 43
73 195
157 81
229 131
223 124
35 89
241 216
15 129
36 24
219 21
43 255
18 217
155 78
233 130
240 162
224 166
189 68
129 238
162 241
38 236
171 43
95 1
212 85
214 7
242 162
30 30
241 94
199 77
222 230
255 95
45 172
219 236
95 243
240 129
44 136
92 229
123 222
125 26
33 27
60 182
43 2
176 52
233 220
214 4
119 47
28 32
215 10
214 246
37 88
63 184
11 128
9 161
234 219
82 208
183 61
27 33
9 42
237 163
221 167
65 186
251 42
107 71
95 252
210 172
140 202
41 170
23 126
191 70
228 91
135 42
6 214
182 104
179 200
1 128
142 198
34 231
126 236
162 14
225 90
190 187
42 7
94 17
58 180
213 255
95 3
13 95
127 240
216 241
162 87
238 94
164 25
176 100
182 196
249 128
111 64
82 49
129 12
40 16
36 168
132 31
246 42
173 98
49 118
89 220
220 233
219 22
213 3
61 73
27 33
9 42
193 72
167 35
70 65
204 80
36 24
95 251
172 46
181 59
86 41
26 164
244 41
31 29
68 67
90 226
84 211
2 95
0 43
57 76
153 75
29 165
14 94
226 165
13 41
249 42
102 77
200 141
253 128
253 95
150 72
5 42
44 136
167 223
215 12
131 231
223 229
53 117
83 47
52 80
148 69
51 81
119 47
28 32
184 62
42 10
33 28
207 138
246 128
9 161
110 190
219 88
95 250
229 223
93 23
132 223
161 170
186 192
223 167
83 208
79 53
5 128
217 238
162 19
42 248
12 215
91 28
95 12
177 202
172 45
60 113
42 170
0 95
231 222
42 249
94 242
166 165
241 94
200 77
26 222
56 115
41 86
113 61
13 94
127 240
69 190
87 94
64 70
25 130
216 170
117 203
47 173
145 192
82 49
175 51
240 40
36 168
41 246
214 246
88 218
217 16
43 3
175 50
248 161
174 49
73 194
218 87
163 233
224 124
32 28
210 137
80 52
11 161
95 251
213 2
75 196
215 86
198 180
41 12
227 31
135 42
90 225
45 84
95 254
85 212
38 19
43 171
214 7
14 94
226 90
39 122
228 165
231 34
76 58
128 254
3 161
151 73
42 250
161 11
29 31
215 12
8 214
236 93
18 39
250 128
95 6
11 95
51 81
95 247
96 171
32 124
227 125
218 168
39 239
220 168
109 67
95 248
168 220
206 118
98 174
247 214
215 245
231 92
119 210
42 5
48 82
203 79
128 251
217 238
34 230
92 26
191 70
223 166
187 190
6 214
232 35
113 196
2 128
76 199
171 213
179 56
94 242
30 30
217 134
126 21
25 222
199 141
170 41
218 236
210 84
90 31
216 242
227 225
221 133
42 8
237 93
217 18
217 169
111 64
48 174
89 34
137 210
28 32
163 236
228 125
174 98
118 206
253 43
147 189
248 161
128 9
250 161
174 158
28 125
184 193
228 32
95 9
13 129
70 149
235 219
128 250
39 18
215 86
130 24
239 162
33 90
69 66
202 79
24 221
78 55
41 170
0 161
222 25
56 77
39 134
30 165
68 189
126 21
103 76
141 57
1 213
78 201
84 46
79 202
216 242
90 33
239 94
164 26
79 155
39 238
217 169
251 95
11 95
214 4
15 216
171 160
215 11
74 60
158 174
73 62
43 3
248 95
147 67
3 43
217 239
218 87
125 228
193 72
28 224
216 15
167 34
208 174
64 111
250 128
53 140
86 41
25 126
221 123
88 163
244 95
214 250
84 210
236 218
44 85
198 180
34 231
56 77
188 189
91 30
41 243
56 179
85 213
57 115
85 44
20 218
162 14
250 214
216 242
227 225
36 123
214 248
237 93
253 95
128 5
203 177
11 95
80 205
192 185
164 25
41 245
23 93
234 93
138 50
213 253
81 205
147 67
43 253
250 161
93 234
182 61
163 20
92 25
119 209
243 127
174 48
5 95
87 39
140 203
223 26
25 126
186 191
88 163
245 95
42 6
94 13
55 178
128 2
58 76
103 180
165 228
215 243
30 165
41 243
214 249
85 213
19 38
43 1
236 38
242 162
239 129
216 242
227 225
162 239
26 92
86 215
39 238
39 87
79 203
161 11
33 167
161 9
92 231
93 20
9 214
158 174
17 39
168 37
66 147
175 206
220 88
250 161
218 88
74 195
163 20
36 88
240 216
167 34
149 186
64 111
128 250
4 95
163 20
75 197
162 18
162 169
213 136
177 203
24 221
218 20
85 212
1 95
77 103
91 28
217 122
91 30
134 40
78 56
240 94
0 161
214 170
95 2
231 221
127 238
244 161
166 224
123 220
24 130
26 222
3 161
39 87
235 37
220 23
89 33
186 64
28 32
93 20
28 131
22 163
250 95
82 48
22 219
67 109
168 220
39 16
38 168
29 125
184 194
96 84
8 161
51 175
69 148
219 21
2 43
53 139
229 223
25 164
133 221
223 167
242 216
166 31
24 221
195 143
253 128
95 255
154 77
77 200
15 94
165 226
189 188
249 42
94 16
218 19
0 43
179 56
14 94
202 177
121 42
93 168
41 244
92 230
94 19
39 238
128 251
251 95
95 245
251 214
40 15
92 231
72 193
92 233
223 229
118 205
247 128
95 7
247 161
3 43
138 207
233 163
183 61
235 163
228 32
71 64
129 244
36 23
161 6
83 209
117 53
40 169
231 131
238 162
92 27
216 15
16 129
72 150
20 38
211 172
38 19
230 222
77 199
66 187
30 226
41 243
7 214
171 44
237 218
128 1
236 38
35 231
6 42
68 189
90 32
219 133
232 126
237 94
116 202
87 216
235 37
149 71
5 42
246 161
170 161
245 215
164 24
223 229
161 251
8 128
66 146
109 188
128 245
39 16
83 98
42 246
10 215
24 164
240 216
12 129
69 148
176 204
87 38
139 204
80 100
214 9
123 35
89 222
15 40
16 129
35 24
37 236
211 172
58 76
85 42
234 130
94 241
30 30
243 216
165 29
221 231
19 38
0 213
254 95
211 84
214 6
95 243
91 228
70 191
130 233
222 230
59 181
46 172
144 194
36 232
166 223
161 10
161 86
132 33
182 196
33 27
251 95
48 174
22 219
233 220
221 89
193 184
163 23
195 183
215 246
36 88
16 40
12 129
69 148
176 204
47 83
182 61
27 33
75 197
123 34
31 29
161 245
42 5
95 13
54 178
128 3
1 95
179 154
91 27
94 241
91 29
189 67
29 91
75 152
218 19
128 1
38 20
231 221
78 202
161 13
91 228
12 41
130 233
94 18
238 217
84 46
235 37
106 185
214 5
65 70
86 95
63 71
247 42
81 157
5 161
213 253
146 191
148 68
128 245
72 193
173 159
61 73
235 163
24 164
248 95
127 12
233 36
52 176
249 128
39 17
93 236
181 59
71 64
222 167
120 212
240 127
83 209
54 178
216 86
181 58
154 77
22 126
66 187
166 31
67 188
78 55
162 241
161 1
213 0
59 142
221 25
55 78
215 121
225 30
187 66
229 164
214 170
254 95
211 84
252 95
35 232
129 15
161 10
29 32
132 33
181 197
169 39
217 17
43 3
7 161
36 233
128 245
63 72
97 173
30 124
163 21
219 168
40 240
4 214
148 187
95 250
48 83
139 204
169 216
181 59
64 185
169 94
246 95
251 42
24 221
21 37
252 128
141 201
238 162
130 22
134 218
31 30
135 41
165 29
152 181
58 114
85 213
56 77
84 45
129 19
14 216
164 89
215 12
27 92
102 78
197 75
255 43
54 79
161 12
32 166
70 191
92 230
64 71
247 42
229 33
195 73
168 37
52 80
233 220
175 50
16 216
233 163
163 235
73 62
172 97
119 208
245 127
148 188
191 146
218 88
251 161
87 39
9 42
41 11
230 92
216 15
42 5
83 209
161 4
43 255
95 254
94 238
233 130
219 122
29 165
216 14
42 6
44 84
77 56
171 213
58 142
75 104
55 78
243 162
30 31
12 41
57 180
154 178
201 140
84 45
219 235
232 221
127 241
15 216
94 170
11 41
42 9
93 21
182 195
128 249
234 37
95 246
129 12
95 248
97 172
10 41
183 195
233 93
63 184
50 175
23 220
7 95
37 168
61 73
81 99
214 9
162 19
26 164
65 186
224 166
244 95
202 79
1 43
140 201
178 154
27 164
190 69
227 91
41 121
19 129
211 172
95 255
213 0
57 77
152 75
237 129
68 189
31 226
122 218
91 229
34 26
2 161
172 211
161 252
95 243
127 241
11 95
230 164
94 18
181 197
100 80
61 182
254 43
22 219
10 95
127 244
16 216
84 97
132 30
214 246
28 224
161 249
206 81
9 161
65 110
128 8
205 117
169 217
75 196
215 245
170 95
95 10
15 129
71 150
144 62
43 255
95 254
230 222
199 180
12 215
92 89
40 242
214 250
45 84
161 1
0 128
161 255
231 221
42 250
162 13
30 31
243 215
91 229
154 179
161 255
216 170
78 202
232 221
251 214
44 136
225 29
34 123
197 75
236 93
139 52
128 249
80 204
23 36
50 81
193 185
232 164
124 225
131 226
173 97
138 49
11 128
50 81
176 205
43 253
195 183
175 157
24 164
193 71
170 95
246 95
251 42
71 150
144 62
1 43
181 59
162 18
57 76
65 187
164 167
242 216
30 91
45 84
56 179
171 43
114 58
221 25
126 236
135 216
91 227
187 66
42 7
26 222
180 198
172 211
144 195
35 232
214 5
120 44
222 89
41 245
75 59
176 100
52 117
209 83
204 176
174 207
222 89
40 16
164 24
41 246
42 10
88 219
161 249
213 252
233 36
161 7
174 48
51 139
33 229
9 42
124 33
170 95
40 241
52 176
12 161
177 202
43 254
197 181
86 41
233 130
162 16
90 224
214 135
250 42
231 35
200 77
255 128
237 38
85 44
91 29
216 122
30 226
15 162
179 199
26 222
115 200
1 213
143 195
210 83
214 5
241 40
87 94
35 123
214 248
33 27
161 252
2 213
145 192
233 220
89 34
40 16
172 160
93 21
183 195
219 168
193 72
167 36
68 147
190 146
37 168
51 138
229 223
23 164
19 93
221 167
70 65
5 214
185 107
95 251
254 213
116 54
26 34
180 58
70 65
165 228
135 42
238 127
94 14
2 95
213 0
19 218
25 34
78 201
189 68
226 226
38 122
7 214
26 222
237 218
3 128
3 161
46 173
203 177
120 44
229 164
192 185
197 75
223 229
182 196
6 128
219 235
174 207
175 51
185 64
172 160
31 124
73 61
223 228
184 194
246 128
36 22
146 66
128 9
217 239
21 93
196 182
72 63
221 167
15 40
14 129
232 36
79 53
128 5
140 202
86 41
230 92
239 162
163 168
14 40
90 226
182 105
56 179
128 255
142 199
94 240
227 91
67 188
31 166
134 39
165 28
103 77
58 180
43 1
195 113
232 221
90 31
40 14
162 87
123 221
92 231
163 236
238 217
128 250
53 80
36 233
127 243
192 185
36 168
215 10
234 163
168 38
217 16
207 82
189 109
95 248
207 174
194 183
87 38
60 74
41 11
161 171
9 161
127 14
220 233
161 5
128 5
181 60
101 177
58 76
244 41
223 166
135 42
31 90
84 211
56 178
42 170
0 95
171 212
227 91
216 122
30 91
162 241
249 42
162 239
95 1
254 128
78 201
46 172
42 250
120 43
227 225
133 35
92 231
170 40
203 139
213 254
203 176
233 220
127 243
9 95
85 96
184 62
195 74
82 158
138 50
246 128
175 50
175 205
213 3
194 183
223 27
131 28
193 72
35 89
247 95
176 205
95 11
53 177
217 87
116 54
19 93
24 126
41 12
33 90
40 242
202 79
172 46
143 60
213 1
199 115
222 25
200 179
39 134
30 226
67 68
165 28
43 85
218 19
212 85
95 3
73 105
79 202
213 121
225 29
12 41
164 25
79 156
95 3
2 213
37 21
208 82
89 34
40 16
164 25
11 41
163 23
82 158
217 17
168 36
36 22
248 161
128 247
250 161
33 229
9 42
236 163
35 89
216 15
34 89
95 11
203 79
217 87
217 238
86 41
198 180
41 12
228 91
242 216
129 239
14 162
161 2
171 44
0 161
16 94
126 235
134 217
30 30
122 217
235 126
231 34
115 199
44 171
218 236
242 162
42 250
135 213
88 93
220 133
180 198
93 19
196 74
39 87
203 177
208 82
89 34
119 46
171 160
93 20
9 214
223 229
250 95
128 247
189 109
36 234
168 220
183 62
223 27
42 247
215 245
171 96
185 192
89 222
48 82
37 235
46 83
74 196
34 230
76 198
17 94
165 229
161 244
42 6
210 172
113 196
213 1
198 180
43 171
28 165
189 68
30 165
68 189
214 249
85 213
180 199
86 214
218 236
232 221
225 90
216 242
163 88
41 244
76 58
34 26
54 116
213 254
145 193
11 95
127 243
40 15
96 171
72 193
196 74
22 163
194 73
253 43
248 95
8 95
220 88
206 118
93 234
195 182
20 93
28 224
240 216
4 214
36 23
37 235
213 2
60 74
163 19
58 75
191 70
227 31
14 40
239 127
105 73
236 218
86 41
198 180
76 103
249 214
41 13
90 226
134 40
56 179
240 94
0 161
42 86
56 78
94 242
177 54
187 66
29 31
12 41
180 198
34 26
253 95
5 128
111 63
11 95
129 14
70 192
221 89
32 124
125 28
98 82
206 138
49 174
234 36
109 189
49 82
118 49
27 33
61 74
62 184
220 168
47 119
89 222
245 95
53 176
2 43
252 161
33 229
75 197
186 192
165 229
95 11
177 203
73 151
113 195
43 255
56 141
43 171
235 130
162 15
165 166
134 40
29 91
34 25
76 57
86 214
236 38
84 45
177 54
95 244
166 224
70 191
180 198
222 230
238 217
254 43
5 161
48 173
14 127
40 15
28 32
33 124
93 233
169 39
73 62
82 48
146 190
22 36
128 246
72 194
173 158
93 22
132 225
160 172
240 216
167 34
69 148
80 53
213 2
196 182
229 223
25 125
215 244
227 31
40 242
177 203
173 46
38 236
86 41
141 200
17 94
56 77
66 187
165 226
189 188
78 55
44 85
76 57
255 128
218 236
162 14
42 250
40 14
165 28
244 215
180 198
177 101
116 202
217 169
95 5
107 185
14 127
186 65
95 170
72 193
182 196
33 27
118 205
168 37
81 205
189 147
10 128
7 95
168 218
234 93
194 72
164 232
192 71
214 252
148 187
64 111
128 249
196 182
216 87
25 164
64 185
29 225
40 241
214 251
24 221
201 78
3 128
58 76
230 222
126 234
187 190
30 165
243 215
29 91
212 171
38 237
214 170
77 200
172 211
202 178
95 244
28 91
70 191
76 58
170 41
238 217
128 251
219 235
244 161
14 127
136 211
161 86
237 93
131 229
229 33
117 205
88 219
176 51
23 36
174 50
72 193
158 83
183 61
62 183
84 160
209 137
51 175
174 49
219 21
128 249
182 60
80 100
92 25
123 35
31 29
212 136
214 251
106 72
219 20
41 170
115 56
94 239
22 126
122 38
29 165
14 162
214 249
16 162
199 77
128 255
218 236
182 152
226 91
189 188
228 165
191 186
230 164
222 230
181 197
128 5
54 79
71 107
223 90
211 120
227 224
19 163
232 164
93 21
217 17
3 213
80 205
175 206
213 4
193 184
224 28
195 183
93 235
36 88
208 137
129 244
69 148
22 37
213 2
95 252
216 87
92 25
11 215
164 229
241 216
203 79
209 173
54 178
84 211
1 95
34 230
229 91
243 41
225 166
216 135
201 78
85 212
58 114
128 1
255 95
231 221
6 42
13 95
90 32
244 215
126 23
86 214
75 59
40 87
202 177
150 71
176 52
45 136
32 227
245 215
247 42
169 39
251 95
213 253
65 146
220 23
50 81
49 138
219 88
246 214
31 132
88 220
208 137
12 129
69 148
52 176
2 43
117 52
229 223
232 92
215 245
26 164
136 44
214 251
24 221
144 61
3 128
254 161
18 94
77 199
13 215
29 165
243 94
19 129
25 221
58 114
85 214
59 142
104 182
30 165
161 13
32 166
66 69
126 23
170 42
238 217
40 87
79 202
221 24
251 214
136 211
89 34
41 245
214 247
163 235
117 205
219 168
80 204
36 233
43 252
95 249
83 97
226 132
21 93
37 88
71 63
129 244
220 233
95 250
218 88
4 95
27 33
92 24
162 19
169 94
241 216
166 32
150 184
54 178
128 4
254 161
78 102
199 179
94 240
90 225
162 243
250 42
241 94
199 77
213 171
236 38
181 152
201 178
41 135
32 166
66 69
233 126
34 26
181 197
84 45
235 37
24 35
32 166
136 211
34 167
185 64
75 59
157 175
161 251
219 168
52 80
68 108
35 167
63 72
23 93
132 30
215 246
233 92
63 184
245 127
95 10
7 95
168 218
183 61
93 235
232 92
41 11
31 29
65 186
52 176
244 95
79 54
128 252
59 75
162 18
92 27
66 187
91 29
95 13
127 19
104 75
56 179
85 43
237 38
44 172
127 237
94 243
31 226
66 69
27 92
42 86
95 2
216 169
161 252
173 209
90 32
15 216
167 222
192 185
59 181
27 223
61 183
88 218
234 37
95 246
81 206
95 248
164 23
215 10
195 73
233 93
193 72
245 128
233 36
191 146
208 173
61 73
217 87
125 229
19 94
161 170
211 136
241 127
173 47
161 4
87 40
238 39
26 34
199 180
37 134
166 32
188 189
19 129
172 45
200 77
128 0
114 58
172 212
91 29
41 135
165 29
190 187
91 229
214 170
197 75
86 216
21 219
47 173
127 241
186 65
34 167
94 18
9 214
216 169
117 204
128 7
191 110
82 49
89 35
240 40
168 219
10 41
215 246
28 224
118 208
35 89
68 148
80 52
43 253
183 61
229 223
92 24
193 71
95 86
191 70
5 214
221 232
219 21
213 1
55 140
238 162
164 229
41 12
30 225
188 189
42 6
162 241
59 114
213 171
77 199
241 162
6 42
242 40
225 90
41 243
77 57
179 102
161 255
216 170
236 37
232 221
53 79
95 245
94 169
133 34
197 75
20 163
182 195
128 249
191 110
49 174
4 42
240 40
168 220
41 246
93 234
23 163
217 16
11 128
68 147
110 190
43 253
251 161
217 87
9 42
245 41
161 170
216 15
42 5
209 173
219 21
210 172
161 2
222 26
26 164
244 41
165 228
216 14
238 127
221 231
218 20
42 170
19 218
35 231
236 129
68 67
226 30
38 122
42 7
42 85
255 95
213 255
37 20
83 47
5 42
15 216
87 94
11 41
25 92
27 223
4 161
88 218
204 176
220 23
34 167
40 16
36 168
62 73
22 93
233 93
207 138
245 128
147 188
66 110
82 208
251 161
93 235
196 182
185 193
167 35
191 70
204 80
244 95
4 95
254 213
39 18
78 101
198 180
94 240
92 89
42 121
30 91
172 45
179 200
255 128
0 95
231 221
165 227
216 122
91 166
13 41
249 42
94 17
237 218
128 253
3 161
24 35
177 53
187 66
164 27
215 12
131 231
27 223
217 17
128 7
95 6
23 36
127 244
119 47
224 28
31 124
195 73
23 163
249 95
174 207
95 9
110 190
219 88
161 5
33 229
125 229
223 124
224 227
211 136
223 166
185 107
144 63
43 254
181 59
237 162
198 180
65 186
225 227
244 95
54 177
242 94
77 56
128 255
114 58
94 240
91 29
188 189
90 31
218 134
28 91
43 85
38 237
213 255
253 95
72 106
177 53
245 161
94 169
133 35
42 8
100 80
18 39
43 2
6 161
174 207
205 175
161 8
220 88
62 72
61 183
158 173
72 62
36 88
81 206
51 175
213 3
6 95
169 217
42 247
33 132
89 221
210 136
129 242
185 107
161 5
213 2
217 238
41 170
126 232
244 41
28 165
216 14
54 177
45 84
95 254
171 43
199 114
212 85
29 165
68 67
226 165
15 162
130 235
222 230
237 218
44 172
3 161
73 105
5 42
245 161
223 89
133 35
126 25
170 40
117 203
173 209
161 250
207 82
81 205
71 192
228 224
41 246
93 234
33 28
72 62
49 174
95 8
81 51
168 219
239 39
234 163
182 60
236 163
164 231
120 210
5 214
245 95
251 161
172 46
253 161
230 222
180 58
220 123
225 227
40 242
202 79
183 105
113 196
255 128
0 161
94 240
91 29
14 94
30 166
122 217
126 21
43 85
161 255
212 85
38 20
232 221
127 239
43 136
163 87
70 192
92 231
40 86
217 18
217 169
37 21
233 220
89 34
192 185
85 96
236 93
42 10
93 22
118 206
213 253
50 81
220 22
207 174
118 50
158 82
60 74
184 193
164 231
71 64
80 51
161 245
235 219
169 217
54 140
41 170
24 126
186 191
168 93
244 95
79 54
46 84
218 20
213 1
95 0
171 213
228 91
67 188
90 30
68 189
235 126
231 34
58 180
213 255
196 113
73 105
42 250
40 14
93 168
239 94
181 198
163 237
53 116
39 87
203 177
107 186
127 243
192 185
164 25
236 93
74 61
38 88
217 17
3 213
50 81
161 8
207 174
50 138
169 218
9 42
11 215
92 25
119 210
4 214
233 36
79 53
169 217
196 182
19 93
8 42
70 65
228 91
216 14
129 239
172 46
95 254
171 44
115 57
213 85
200 179
242 162
30 226
94 15
130 235
85 213
0 161
215 170
95 2
35 232
239 129
69 190
225 29
36 123
230 164
163 237
53 116
43 2
95 5
23 36
129 13
71 192
164 25
224 132
74 60
218 169
239 217
49 174
22 220
161 8
128 246
250 161
93 234
125 228
236 163
96 85
15 40
222 167
23 220
177 203
169 217
140 203
230 222
126 231
215 244
225 227
40 242
129 239
232 35
38 236
86 41
161 0
239 162
77 200
41 13
90 165
188 67
214 249
231 34
161 0
128 254
254 95
151 73
214 6
187 66
227 225
162 239
92 230
101 79
18 39
128 251
53 79
70 107
223 89
15 216
28 32
124 224
23 93
27 223
39 239
174 207
51 81
36 234
49 82
39 17
218 88
214 9
184 194
28 224
119 209
89 222
161 245
145 64
47 83
238 39
19 93
248 214
162 17
165 229
245 95
129 239
24 221
38 236
43 255
38 19
162 17
126 235
41 13
165 226
162 242
228 165
103 76
161 0
128 2
38 20
84 45
129 17
69 190
88 93
215 12
130 232
41 86
60 181
2 213
251 95
95 245
42 251
186 64
167 221
41 245
74 60
163 234
95 6
174 207
22 220
189 147
168 220
250 161
234 163
29 125
184 194
32 28
16 40
129 243
245 95
192 145
169 217
139 203
20 93
181 58
192 70
87 163
95 11
129 239
172 46
78 55
44 85
161 1
85 43
56 77
215 243
166 31
122 216
20 130
34 25
57 114
42 86
161 254
242 162
214 6
40 14
227 225
162 239
42 8
79 155
18 39
217 169
251 95
245 161
33 167
120 46
85 95
72 193
74 60
229 33
250 95
168 37
248 95
50 175
246 128
49 138
33 228
195 182
132 225
171 96
71 64
13 129
108 69
37 235
6 128
60 74
87 40
231 130
244 41
92 27
43 120
53 177
83 210
195 143
41 170
200 115
230 222
249 214
243 41
91 90
189 188
56 178
44 85
57 114
42 86
2 161
45 172
177 54
121 42
90 32
191 186
130 232
86 215
197 75
128 251
193 112
24 36
89 33
65 70
89 35
33 124
60 182
99 81
95 5
128 9
110 66
95 247
82 207
138 207
88 38
61 73
194 72
92 24
47 119
222 167
148 187
6 95
7 128
60 74
156 80
197 181
41 12
227 31
69 66
214 251
173 46
236 218
255 213
200 115
171 213
214 7
218 122
225 166
243 215
126 20
222 231
199 76
0 213
2 161
211 84
202 177
188 67
90 32
215 12
214 248
155 178
95 3
251 128
202 177
185 149
223 90
65 70
32 227
163 237
74 60
235 93
73 61
219 168
161 249
247 161
167 220
63 72
93 233
246 214
31 132
96 84
71 64
51 175
23 220
250 161
209 173
139 204
33 229
25 164
162 18
34 89
66 187
127 16
210 173
37 236
172 45
38 19
239 162
91 27
13 215
30 30
122 216
42 7
171 44
95 0
42 86
95 2
35 231
238 129
161 13
92 167
16 162
230 164
94 18
181 197
128 251
112 62
12 95
204 176
161 10
26 92
223 132
164 24
217 169
17 39
3 213
190 110
9 95
213 4
161 7
224 28
93 22
21 93
97 84
248 95
127 12
49 82
176 204
213 2
17 217
176 156
231 92
133 222
31 29
161 245
240 127
209 173
3 95
86 41
200 115
222 26
249 214
38 134
166 31
40 121
127 19
44 85
19 38
85 43
20 218
15 94
42 250
42 135
91 228
187 65
126 23
78 155
95 2
169 40
21 219
185 150
251 214
241 40
161 86
223 132
74 60
229 33
251 95
174 208
80 205
36 233
4 43
138 207
168 219
93 22
132 225
172 97
240 216
175 206
233 36
52 176
83 209
139 204
176 156
247 214
94 238
31 29
95 11
203 80
150 184
37 236
86 40
218 238
154 77
165 229
218 122
166 31
40 242
165 29
212 171
237 218
0 128
179 56
231 221
30 165
243 161
165 29
190 187
248 42
170 42
95 2
172 211
62 144
185 150
80 204
120 45
29 32
124 223
164 24
217 169
39 239
8 128
7 161
68 108
167 221
95 249
93 233
30 124
194 73
92 24
71 63
127 12
174 49
22 37
83 209
74 195
176 156
181 59
185 192
89 222
10 161
241 127
161 244
62 112
45 84
201 115
238 162
165 229
94 240
31 30
242 216
6 214
44 84
114 198
171 213
218 236
211 84
127 237
14 216
91 227
162 240
23 130
238 94
39 238
216 169
177 54
244 161
176 52
136 211
164 26
162 237
247 42
169 39
161 251
213 253
52 80
23 36
175 50
119 48
32 228
215 10
10 215
37 88
184 193
127 11
174 49
191 146
208 173
61 73
163 21
92 24
237 162
89 222
186 191
204 80
72 150
235 219
255 213
116 55
170 214
248 214
240 162
224 166
68 67
129 237
241 94
58 114
128 0
77 200
35 231
226 91
188 67
164 89
244 215
164 27
222 230
2 161
172 211
252 95
12 95
241 129
191 186
162 86
123 222
125 26
21 163
139 52
208 83
161 249
10 95
50 81
8 95
219 88
183 62
215 246
224 228
63 184
4 213
148 188
204 80
83 208
183 61
27 33
131 27
34 132
222 167
211 136
127 15
244 95
202 79
216 87
116 55
78 102
92 27
244 41
91 29
95 13
237 127
94 15
142 59
128 0
57 77
15 94
127 237
40 14
164 89
41 243
7 214
42 86
181 197
84 45
194 112
221 24
53 80
161 10
222 89
11 41
24 92
223 229
195 74
43 2
110 65
108 187
206 175
48 137
28 32
41 246
10 215
173 97
63 184
175 206
36 23
95 249
8 128
139 205
223 27
247 214
33 132
95 86
40 241
251 42
95 12
79 54
45 84
238 39
34 230
164 229
66 187
31 30
40 242
214 250
35 25
236 218
42 171
255 95
162 15
165 227
94 243
92 167
94 16
77 57
102 77
115 201
84 45
3 161
24 35
127 240
241 40
162 87
18 162
25 92
20 163
52 117
7 128
204 176
233 220
127 244
71 193
24 92
21 163
131 226
228 32
63 184
175 206
9 161
22 37
213 3
95 251
235 163
131 27
185 193
92 26
246 95
241 127
47 83
54 177
84 210
116 55
18 94
214 8
123 37
92 89
135 42
214 250
74 152
114 197
42 170
1 161
44 171
42 249
243 40
90 91
162 241
165 27
102 77
161 255
128 3
20 219
232 221
129 16
11 95
29 31
192 185
75 59
163 236
39 239
83 47
21 219
220 23
222 89
185 63
36 168
194 183
214 246
168 37
138 49
206 81
68 147
205 80
208 174
5 95
235 163
74 196
193 71
224 227
211 136
80 52
71 149
4 95
213 2
140 202
34 230
8 42
12 215
224 166
189 68
178 202
182 104
197 142
170 214
237 38
35 231
55 78
94 242
91 166
215 13
126 22
85 213
237 218
213 255
201 178
210 83
16 127
66 69
94 169
123 221
231 164
156 176
252 95
249 128
21 219
95 246
205 175
161 8
28 32
225 132
246 42
37 88
7 161
128 246
206 175
175 205
174 48
161 5
21 93
27 125
132 223
227 32
45 120
127 14
36 24
251 161
2 43
161 3
162 19
230 92
244 41
224 166
12 161
238 127
162 242
254 161
128 255
161 0
240 162
201 178
162 14
30 91
187 66
165 28
26 222
198 76
44 172
78 201
232 221
214 5
241 40
225 29
221 133
231 164
229 33
182 196
213 254
192 111
148 69
89 34
161 8
32 228
225 132
73 61
158 173
72 62
82 49
234 36
219 22
48 82
62 73
39 169
182 60
41 11
167 35
120 210
242 127
232 36
203 79
128 251
140 202
86 41
248 214
70 65
225 227
161 244
127 18
25 221
2 95
1 128
114 57
153 76
56 78
216 122
165 30
15 162
249 42
94 17
58 180
255 43
143 195
105 183
16 127
190 187
29 31
18 162
231 126
169 40
238 217
213 254
219 235
36 233
252 214
71 192
171 160
225 132
125 29
223 228
138 49
10 128
22 220
234 219
9 128
194 183
223 27
214 9
224 124
167 35
241 216
52 176
48 83
79 53
254 213
18 217
94 237
130 24
162 17
165 228
40 242
225 166
221 232
78 56
214 86
199 180
240 162
165 227
122 40
30 226
13 41
56 179
213 171
200 141
43 1
95 3
94 243
90 31
161 11
163 87
35 123
214 248
33 27
217 18
83 47
64 145
149 70
42 252
119 47
32 228
41 245
23 93
27 223
72 62
10 128
234 36
81 51
82 207
206 118
163 22
228 131
93 236
221 167
192 70
214 251
95 11
79 53
169 217
60 74
34 230
248 214
65 186
29 225
214 135
6 214
46 84
218 20
85 212
76 199
231 222
20 126
41 13
226 30
41 243
28 91
25 222
58 180
170 41
161 253
94 242
127 239
43 135
163 88
221 133
130 231
79 156
3 161
209 83
219 235
107 186
34 167
119 47
32 228
224 132
93 233
229 33
95 6
10 128
248 95
109 189
253 213
95 250
93 234
228 131
236 163
171 96
210 137
34 89
36 23
219 21
250 128
196 182
215 86
198 180
94 239
91 28
43 121
31 90
84 210
113 196
255 213
180 58
222 25
42 249
14 94
30 91
15 162
235 126
43 85
198 76
170 41
38 20
46 172
239 129
12 95
163 88
17 162
164 26
237 93
203 140
46 173
203 177
23 36
127 243
46 137
231 164
215 11
228 125
234 93
62 183
213 253
175 51
95 248
174 49
161 6
33 229
28 125
163 20
164 231
46 119
89 222
186 107
161 5
250 128
3 95
170 215
231 130
221 123
166 33
43 121
127 17
172 46
2 95
44 85
199 115
17 94
56 77
67 188
30 165
189 188
235 126
231 34
161 0
86 215
78 201
183 151
177 54
95 244
223 90
94 17
76 58
222 230
53 116
6 128
235 37
23 36
33 167
241 40
96 171
224 132
163 23
229 33
62 183
43 3
205 175
248 161
88 36
161 6
38 168
93 23
215 245
92 25
47 119
4 214
48 82
5 95
254 213
238 39
26 33
126 231
65 186
227 31
95 11
177 203
105 73
218 20
128 254
56 141
180 153
200 179
67 188
30 165
14 162
228 165
213 171
38 237
255 43
38 20
105 183
127 239
121 42
166 223
186 65
126 24
222 230
202 140
213 254
235 37
174 208
176 52
161 9
164 25
193 184
125 28
27 223
73 62
247 128
161 248
248 161
253 213
72 194
158 82
246 214
20 93
92 24
95 9
129 243
48 82
192 145
6 128
161 4
216 86
181 58
192 70
31 29
187 190
225 166
84 210
38 236
215 86
95 255
153 77
21 126
94 241
31 90
41 243
91 227
16 162
142 57
128 1
200 178
74 105
18 127
42 135
227 225
215 12
198 76
26 222
3 161
213 254
111 63
23 36
5 42
192 186
224 28
236 93
93 233
218 169
17 39
37 88
81 205
206 81
168 220
249 161
93 234
29 125
93 235
96 85
240 216
51 175
23 220
95 250
2 43
18 217
176 156
59 75
70 64
92 27
161 245
5 214
221 232
161 3
255 213
76 198
94 239
165 228
69 66
225 166
40 122
236 126
44 85
57 180
0 213
38 20
74 105
79 202
42 135
224 90
94 17
198 76
79 155
217 18
46 172
95 5
36 232
214 5
46 136
92 231
132 33
92 233
235 93
183 194
3 213
161 249
147 67
3 43
207 118
173 158
183 61
10 215
228 32
47 119
127 12
174 49
21 37
43 254
60 74
20 93
214 8
35 133
92 27
15 40
203 79
13 161
195 143
215 86
76 198
34 230
234 130
69 66
226 30
242 94
78 55
25 222
180 199
213 85
218 236
25 35
202 177
214 121
225 29
220 133
164 26
86 215
59 181
43 2
79 202
161 12
90 33
191 186
167 221
33 124
92 232
21 163
251 95
253 43
146 190
36 233
89 36
118 49
98 173
214 10
124 31
36 88
161 248
127 12
82 207
204 80
173 47
196 182
156 80
230 131
35 133
92 27
69 66
224 166
46 83
112 195
255 213
180 58
239 162
234 130
66 187
90 225
188 67
165 29
25 221
58 114
213 85
254 95
241 162
18 127
40 14
224 90
12 41
233 126
41 86
95 2
128 251
37 21
209 83
251 214
216 241
26 92
93 19
232 164
93 21
217 17
248 128
146 190
233 220
43 252
95 249
228 224
195 183
183 194
159 172
193 71
214 252
161 246
176 204
209 173
39 17
87 40
247 214
162 18
229 92
95 11
79 53
95 13
3 95
213 1
56 141
17 94
179 57
13 215
226 30
13 40
55 178
240 94
255 161
85 43
161 255
211 84
238 129
14 216
92 167
187 65
126 23
94 18
59 181
128 252
112 62
244 161
204 176
191 186
26 92
223 132
182 196
33 27
195 73
3 213
95 7
68 108
206 175
161 7
28 32
30 125
225 124
172 97
161 248
89 221
49 82
65 110
83 209
117 52
229 223
131 26
222 123
89 222
120 212
166 32
35 24
112 195
216 86
55 141
179 154
22 126
218 122
165 227
188 189
165 29
181 104
142 58
0 128
236 38
162 15
178 55
189 188
165 29
162 240
229 164
222 230
254 95
43 1
144 194
244 161
223 90
136 211
89 34
19 162
42 9
39 87
161 251
88 219
65 146
36 233
213 4
40 16
23 93
73 195
132 226
88 219
119 208
89 221
36 23
146 65
213 2
17 217
236 163
26 125
71 64
167 34
40 241
203 80
209 173
194 144
43 255
55 141
222 26
214 7
243 41
166 31
40 242
178 201
44 84
179 199
85 43
197 114
45 172
55 78
161 13
91 227
37 122
180 199
26 222
18 39
43 1
252 95
106 185
80 204
70 191
161 86
19 162
232 164
87 217
139 51
219 168
80 204
207 82
4 43
249 161
93 233
132 30
10 215
23 164
8 161
89 221
188 108
191 146
128 248
5 95
27 33
75 197
245 41
164 230
45 120
166 32
72 150
4 95
40 169
140 201
42 170
57 76
122 37
90 224
14 40
55 178
75 152
38 237
43 171
198 114
212 84
6 42
95 243
167 164
94 16
76 57
86 214
217 18
255 43
194 112
173 209
214 5
241 40
94 170
215 11
164 24
169 39
117 204
2 213
52 80
233 220
221 89
119 48
172 159
124 226
10 215
32 28
208 137
221 167
49 82
146 65
248 128
61 73
163 21
229 131
11 215
224 227
120 211
90 224
244 95
4 95
128 4
2 95
170 214
42 248
134 219
225 226
216 14
250 42
35 25
200 77
171 213
95 1
25 35
237 129
14 216
90 31
13 41
22 130
238 94
55 115
4 128
112 62
47 173
15 127
40 15
94 169
133 34
26 131
93 20
239 217
249 128
250 95
187 148
129 12
216 240
92 232
132 30
22 93
93 23
217 16
245 128
174 50
234 219
3 43
61 73
223 27
181 60
162 19
222 167
95 10
166 33
71 150
252 161
87 40
55 140
154 78
8 42
133 219
167 92
135 41
201 78
15 162
95 255
171 43
199 179
94 241
127 237
215 121
166 225
162 240
229 165
238 94
201 141
45 172
161 253
232 221
177 53
216 241
87 94
18 162
181 197
40 87
252 95
7 128
80 204
23 36
214 4
48 137
164 24
225 132
234 163
93 23
161 249
175 206
206 175
95 249
253 213
17 217
163 21
164 232
185 193
170 95
136 45
80 52
161 244
252 161
128 252
201 116
86 42
164 230
94 240
164 167
14 40
250 42
94 15
77 56
255 128
58 142
221 25
55 78
216 243
91 227
241 94
165 27
77 154
19 38
128 3
236 37
35 232
166 224
191 187
92 229
94 18
164 25
20 163
52 117
254 43
95 6
10 95
222 89
216 240
172 159
235 93
10 214
233 93
16 39
128 11
50 81
176 205
82 208
73 195
229 223
182 60
124 33
224 227
246 95
14 129
12 161
161 4
254 213
54 140
170 215
214 8
65 186
166 32
68 67
30 91
231 35
20 38
214 86
142 198
94 240
20 126
162 14
226 30
41 243
77 57
179 102
1 161
253 128
38 20
184 150
42 251
241 40
169 162
192 185
25 92
163 236
139 52
213 254
37 21
207 82
129 12
95 248
24 92
124 225
22 93
98 83
161 249
43 3
220 233
110 190
219 88
95 251
93 235
182 60
163 19
29 224
10 161
5 214
95 12
54 177
5 128
3 95
26 34
232 130
215 244
28 165
189 68
250 42
182 105
179 200
0 213
114 58
75 103
130 20
67 188
91 226
41 243
7 214
222 230
161 255
128 3
55 78
184 150
53 79
190 187
169 162
215 12
231 164
169 40
74 60
173 209
52 80
220 23
167 222
248 161
220 88
132 31
195 73
38 88
207 138
43 3
247 95
219 22
9 128
138 205
87 39
196 182
237 163
231 92
70 65
14 129
173 48
79 53
169 217
217 238
222 26
42 248
17 94
31 29
242 216
6 214
105 74
77 56
86 42
161 0
76 103
126 236
216 122
30 91
243 215
21 130
26 222
95 1
3 128
218 236
73 105
79 203
187 66
167 223
186 64
8 214
229 33
18 39
2 213
64 145
108 187
205 175
71 192
92 232
10 41
131 227
93 22
39 240
36 88
220 234
95 248
208 174
161 6
163 22
131 28
224 124
231 92
70 64
14 129
70 149
235 219
5 128
75 197
101 177
8 42
70 65
93 88
68 66
54 177
24 221
161 2
170 214
0 161
222 25
20 126
215 243
165 30
68 190
165 28
103 77
237 218
170 41
61 143
35 232
90 31
213 120
87 93
41 244
25 92
27 223
4 161
209 83
95 6
70 107
129 13
9 95
32 228
163 236
195 74
88 218
118 207
88 220
81 206
175 205
253 213
161 6
93 234
196 182
93 236
28 224
247 95
14 129
245 95
193 145
43 254
196 182
34 230
180 58
17 94
88 163
121 214
79 54
84 210
60 113
170 214
199 115
153 76
179 56
188 189
91 226
68 189
28 91
25 222
95 1
41 86
78 201
84 46
250 214
66 69
93 168
94 17
248 42
230 33
196 74
39 87
79 203
220 23
205 175
9 95
36 167
132 32
9 214
82 158
184 194
43 3
95 8
175 205
247 128
39 17
234 163
23 163
20 93
224 228
40 241
176 205
174 48
161 5
213 2
53 140
79 101
8 42
12 215
228 91
135 43
214 250
46 84
55 178
254 128
218 237
213 85
126 235
162 14
30 166
67 68
249 42
34 25
57 115
170 41
95 2
232 221
225 90
95 244
223 90
244 215
130 231
101 79
161 253
128 6
145 193
149 70
51 80
216 241
32 228
132 32
125 28
98 82
206 138
82 49
147 189
67 109
88 36
73 194
22 93
233 93
72 63
92 25
15 40
127 13
23 220
251 161
83 210
182 60
163 19
130 25
162 17
168 93
216 14
239 127
24 221
196 143
128 2
57 141
17 94
77 200
39 134
165 166
13 41
249 42
25 222
161 0
43 1
178 55
162 14
79 202
190 187
225 29
70 191
8 214
177 101
74 60
254 43
95 5
220 23
13 127
241 40
32 228
124 224
42 9
82 158
183 194
247 128
175 51
206 81
246 128
206 118
93 234
214 9
72 62
164 231
95 9
89 222
174 48
203 79
128 250
253 161
40 170
25 126
41 12
93 88
190 69
6 214
243 94
201 78
215 86
76 198
25 34
7 42
15 94
226 30
39 122
249 42
222 231
76 57
43 1
60 143
221 24
17 127
216 242
225 29
186 65
24 130
230 34
95 3
128 5
111 63
107 186
89 33
192 186
85 95
32 124
228 125
218 169
217 17
219 168
8 161
234 220
207 174
194 184
163 22
125 227
215 246
171 96
192 71
129 243
174 48
6 95
173 47
217 238
40 170
231 130
244 41
163 169
95 11
239 127
172 46
253 161
43 255
95 255
94 239
228 91
162 15
225 166
40 122
236 126
16 162
57 114
43 0
200 178
25 35
18 127
216 242
91 228
70 191
230 164
230 34
18 39
128 5
161 251
95 245
223 89
64 70
228 224
32 124
23 93
157 174
206 138
208 82
146 190
67 109
49 82
207 118
83 98
42 246
93 235
220 168
137 47
175 205
49 82
64 111
209 173
182 60
100 176
59 75
94 238
223 167
213 136
90 225
13 162
161 3
41 170
19 218
102 179
214 7
69 66
90 165
215 13
200 78
171 44
237 218
85 43
161 254
162 14
79 202
135 214
168 163
41 244
164 26
101 79
197 75
84 46
5 161
220 24
14 127
191 186
164 25
33 124
9 214
39 87
138 51
208 82
22 219
22 36
88 36
118 49
88 38
183 61
235 163
36 88
209 137
89 222
207 174
37 235
38 169
74 196
93 236
8 42
238 162
87 162
66 187
166 32
72 150
113 195
86 41
19 218
77 102
42 249
134 218
90 165
215 13
55 178
222 231
57 180
171 213
56 77
162 14
129 18
189 188
29 31
191 186
92 230
26 222
161 253
217 169
161 251
95 244
127 242
241 40
95 170
163 237
164 24
87 217
239 217
253 43
234 37
161 9
50 82
63 72
88 37
125 227
31 132
228 32
8 161
205 81
10 161
250 161
254 213
95 252
229 223
230 131
12 215
227 31
190 69
42 5
150 184
3 95
45 84
198 180
94 239
27 165
66 187
226 30
243 215
227 165
212 171
0 95
171 213
142 197
94 241
91 30
14 216
165 28
219 133
230 164
178 101
95 2
210 84
95 4
71 107
42 251
186 65
161 86
33 124
92 232
93 21
5 161
213 253
7 161
247 161
50 81
249 161
233 163
29 125
10 215
168 36
193 71
12 129
161 246
6 95
128 7
239 39
169 216
42 247
94 238
229 92
212 136
251 42
35 24
178 201
211 172
38 19
34 230
130 22
218 122
225 166
189 67
127 19
85 212
95 255
171 213
95 1
94 241
6 42
188 67
224 90
219 133
199 76
155 178
75 59
1 213
252 95
185 150
52 80
15 216
221 89
163 237
164 24
217 169
139 51
82 48
249 95
50 175
35 167
184 63
159 83
61 73
93 235
88 220
216 16
42 4
161 246
37 234
168 218
182 61
229 223
26 125
192 71
34 89
161 245
166 32
24 221
61 112
128 3
254 161
162 18
27 165
16 94
31 90
41 121
78 55
44 85
218 19
42 85
179 56
74 104
6 42
95 243
227 165
240 94
23 130
94 18
39 238
128 252
161 252
35 232
52 80
40 15
95 170
162 237
196 75
87 217
205 139
173 208
110 65
161 9
213 4
72 193
37 168
61 73
41 10
164 232
8 161
244 127
174 49
65 110
7 128
182 61
87 40
42 247
11 215
227 31
216 15
224 166
209 173
178 202
172 45
75 197
162 18
7 42
122 38
225 226
216 14
214 250
104 75
218 19
43 0
77 200
45 172
127 237
14 216
29 91
190 187
214 248
78 154
238 217
252 128
95 4
83 47
52 80
40 15
167 222
41 245
75 59
27 223
139 51
83 48
249 95
68 108
128 11
193 184
97 173
195 183
62 183
168 37
63 184
214 252
246 95
37 234
168 218
73 195
157 81
197 181
11 215
31 29
246 95
52 176
95 12
21 37
128 4
116 55
26 34
229 92
66 187
166 31
40 242
19 129
25 221
1 95
0 43
255 95
172 212
178 55
215 121
89 92
122 219
8 214
102 78
2 161
128 4
219 235
83 47
127 241
65 70
34 167
19 162
230 125
39 87
95 5
88 218
37 22
36 233
129 11
72 193
92 233
226 132
183 195
23 163
193 72
167 35
95 9
249 161
37 168
239 39
93 235
181 59
71 64
29 224
95 10
214 251
185 106
144 62
172 45
140 201
42 170
76 199
94 240
166 32
41 121
165 30
211 172
56 179
0 128
218 237
94 241
129 19
41 135
227 165
187 66
229 165
26 222
2 161
172 211
252 95
173 209
251 214
15 216
29 31
18 162
42 9
20 163
161 252
38 88
176 52
95 246
4 42
193 185
232 164
215 10
226 124
163 233
240 217
245 128
36 23
22 37
88 37
117 51
223 27
9 42
41 11
227 32
241 216
214 251
161 244
177 202
45 84
95 254
222 26
199 180
123 37
92 89
41 121
250 42
25 221
114 197
128 0
255 95
162 15
127 237
41 135
92 167
240 94
214 249
222 230
58 181
86 216
61 144
209 83
224 90
95 245
227 225
123 222
197 75
169 40
204 139
2 213
52 80
10 95
89 35
240 40
84 97
183 62
42 10
159 173
138 49
167 35
188 109
176 205
248 128
117 51
229 223
24 164
63 185
29 224
191 70
204 80
71 150
202 79
255 213
181 59
78 101
180 57
123 37
28 165
188 189
214 250
231 35
56 179
171 43
57 77
44 171
178 55
67 189
30 226
41 243
249 42
222 230
58 180
213 255
195 112
232 221
177 53
161 11
31 227
34 123
25 92
100 80
117 204
43 2
219 234
233 220
42 252
209 119
159 84
215 10
61 183
97 83
161 249
167 35
9 161
176 205
3 43
117 51
21 93
182 60
93 237
32 29
211 136
242 127
95 12
252 161
128 5
197 181
41 170
58 76
162 16
166 32
121 214
30 91
182 104
254 161
42 170
19 218
171 212
236 130
68 67
226 30
38 122
126 22
42 85
200 141
253 128
112 61
24 35
5 42
190 187
162 87
192 185
230 125
40 87
95 4
254 43
250 95
69 108
214 4
119 47
36 168
10 41
10 214
83 158
16 39
50 174
36 23
66 110
43 253
251 161
217 87
42 247
184 193
227 32
15 40
42 5
24 220
112 193
84 210
54 140
34 230
76 198
12 215
31 29
12 161
6 214
105 74
77 56
214 86
57 76
103 181
214 7
67 188
30 91
243 215
200 77
17 162
56 115
128 3
55 78
221 24
224 90
187 66
223 89
192 185
231 164
229 33
139 53
83 47
161 250
148 69
12 127
209 119
24 92
124 225
61 183
223 228
16 39
128 10
9 161
249 161
128 247
217 239
99 174
125 229
237 163
224 227
15 40
52 176
107 71
219 21
39 169
39 18
41 170
130 24
244 41
93 88
216 14
238 127
151 182
218 20
86 42
19 218
94 240
56 78
243 41
91 226
243 215
130 235
17 162
19 38
128 253
95 3
35 232
251 214
120 43
33 167
186 64
164 25
93 20
39 238
254 43
235 37
233 220
243 129
64 71
92 232
72 194
61 182
228 33
240 217
3 213
95 9
161 8
37 168
95 250
223 27
233 93
41 11
164 231
241 216
129 242
23 220
111 193
254 213
75 197
41 170
180 58
186 191
165 228
121 214
6 214
183 105
113 196
171 44
57 141
162 16
56 77
162 14
226 30
122 217
179 200
162 239
200 141
170 41
253 95
24 35
214 6
136 213
91 229
244 215
198 75
100 80
203 139
250 128
21 219
107 186
81 205
240 40
32 228
62 72
125 29
223 229
138 49
174 207
81 206
175 205
49 82
250 161
38 169
42 247
20 93
161 171
70 64
42 5
11 161
251 161
39 169
140 202
237 163
198 180
191 70
165 228
190 69
225 166
211 172
60 113
2 128
0 95
180 153
249 214
39 134
90 91
189 188
214 249
43 85
95 1
128 254
3 161
73 105
6 42
216 242
225 29
17 162
181 198
230 33
217 18
43 2
251 95
107 186
222 89
119 47
160 85
184 62
182 195
98 82
62 184
128 246
67 147
8 95
88 36
17 217
163 22
9 42
20 93
25 164
210 137
13 129
82 208
37 235
6 128
253 161
237 163
164 230
36 133
93 88
244 95
6 214
105 73
113 196
213 1
38 19
162 16
214 7
243 41
226 90
189 188
165 28
25 222
76 58
212 85
95 2
221 24
79 202
12 95
88 93
239 94
58 180
79 155
39 238
128 6
5 161
70 107
167 222
46 137
221 89
215 11
163 23
87 218
39 239
82 49
189 109
81 51
43 253
161 6
169 218
163 233
224 124
85 160
185 192
51 176
70 149
37 235
2 43
196 182
93 237
92 26
70 65
227 31
187 190
225 166
14 162
218 20
215 86
198 180
43 171
179 56
94 241
91 90
215 13
126 21
171 43
218 19
128 254
218 236
151 73
42 250
40 14
88 93
215 12
180 198
26 222
74 60
2 213
37 21
220 23
13 127
161 9
28 32
63 72
60 182
174 98
6 161
207 82
205 175
206 81
49 82
39 17
38 168
28 125
245 41
224 228
240 216
34 89
174 48
192 145
2 43
95 253
237 163
42 248
41 12
165 229
213 135
129 239
210 172
95 253
128 2
76 198
162 17
21 126
162 15
91 90
162 242
77 56
180 103
141 57
128 2
218 236
242 162
225 90
121 42
223 90
191 186
214 248
155 177
253 95
217 169
177 53
220 23
14 127
95 247
35 167
215 11
214 247
27 223
183 194
43 3
190 109
95 248
49 82
62 72
38 168
61 74
41 11
88 220
16 40
51 175
107 70
235 219
83 209
18 217
216 86
248 214
70 64
225 227
216 14
90 225
73 151
178 201
44 85
1 95
94 239
28 165
241 162
30 30
14 162
200 77
212 171
57 180
85 44
196 113
232 221
238 129
190 188
91 228
17 162
164 26
19 162
181 197
39 87
53 79
23 36
214 5
15 216
164 25
224 132
196 74
157 174
62 183
9 128
22 219
36 234
213 3
194 184
38 168
163 234
10 215
85 160
209 137
252 42
220 233
192 145
254 213
95 252
223 27
130 25
41 12
92 27
213 136
16 129
94 13
236 218
3 128
38 19
26 34
179 56
94 241
226 91
41 243
178 200
25 222
95 0
128 255
60 143
151 74
226 90
135 214
91 228
133 36
8 214
41 86
3 161
213 254
63 144
71 107
167 223
247 161
161 86
93 19
214 247
21 163
194 73
208 82
95 7
109 189
82 207
16 217
23 93
163 234
132 225
92 24
47 119
89 222
23 220
161 6
213 2
18 217
236 163
25 164
123 35
164 229
120 212
5 214
35 24
178 201
215 86
218 237
154 77
42 249
13 215
91 30
13 41
214 249
25 222
0 161
43 0
179 56
221 25
166 226
67 68
165 28
65 70
230 164
155 178
253 95
39 87
161 251
95 244
14 127
70 191
25 92
11 41
125 27
175 99
5 161
128 8
234 37
147 68
82 207
207 118
158 83
61 73
41 10
32 28
95 8
34 89
207 174
80 52
169 218
204 117
169 216
247 214
41 12
222 167
69 66
129 240
13 161
219 20
128 253
218 237
230 222
57 77
190 69
30 30
215 13
91 227
25 221
95 0
171 213
254 95
211 84
165 226
214 121
228 165
123 219
214 248
94 18
95 2
46 172
202 177
107 185
127 242
216 241
92 230
193 185
196 74
33 27
195 73
3 213
234 37
50 175
128 245
49 138
173 159
246 214
21 93
164 232
137 47
214 252
220 233
6 95
254 213
195 182
216 87
26 125
94 238
225 227
120 212
251 42
72 150
219 20
41 170
58 76
77 102
126 234
162 15
165 227
216 13
78 55
212 171
57 179
171 213
59 142
211 84
178 54
121 42
31 226
69 191
214 248
42 86
95 2
84 46
95 4
35 232
52 80
65 70
32 227
11 41
92 232
217 169
73 61
43 3
205 176
50 175
128 11
39 16
219 88
10 42
21 93
84 159
185 193
127 12
108 69
95 250
88 38
61 74
176 156
25 164
34 133
89 222
241 216
166 32
243 95
144 61
172 45
1 95
77 102
27 165
134 218
89 164
13 162
129 237
212 171
179 199
43 0
38 20
35 231
226 91
13 95
224 90
66 69
164 27
102 78
254 95
172 211
62 144
161 12
42 251
191 186
222 89
245 215
75 60
33 27
161 251
128 248
161 249
82 50
213 4
184 63
32 228
10 41
30 132
164 232
8 161
167 35
82 207
80 52
218 88
204 117
20 93
232 92
185 192
92 26
95 10
224 166
47 83
202 78
4 128
161 2
162 18
179 57
94 240
164 167
215 135
214 250
241 94
38 237
85 43
95 1
35 231
226 91
67 68
225 30
94 16
57 180
154 178
2 161
216 169
252 95
173 209
80 204
191 186
161 86
11 41
232 164
175 99
95 5
219 168
7 161
161 9
167 221
48 137
88 37
22 163
246 41
28 224
161 248
11 129
207 174
22 37
43 253
239 39
217 87
131 26
123 34
92 26
246 95
214 251
209 173
54 177
40 169
75 197
238 162
57 76
244 41
165 227
67 188
237 127
44 84
198 142
213 85
179 56
25 35
237 129
40 14
166 225
66 69
8 214
94 18
95 2
252 128
95 4
83 47
15 127
211 120
89 34
64 71
24 92
217 169
117 204
168 38
95 7
161 10
175 50
72 193
228 224
41 246
163 21
93 23
7 161
89 221
148 188
204 80
128 248
195 183
223 27
181 59
237 162
95 86
161 246
214 251
209 173
62 112
128 4
181 59
154 78
57 76
66 187
30 225
67 188
178 201
35 25
200 77
0 128
19 218
241 162
165 227
216 242
31 166
94 16
126 22
77 154
254 95
84 45
235 37
184 150
176 53
136 212
92 230
41 245
75 59
40 87
117 204
209 83
176 52
233 220
214 4
248 161
37 168
183 62
226 124
37 88
184 193
128 245
82 206
80 52
83 208
205 117
169 217
196 181
41 11
164 230
241 216
204 80
161 244
21 37
1 43
197 181
42 170
214 8
16 94
165 227
40 242
165 30
45 84
236 218
43 0
198 114
212 85
214 6
242 40
29 91
69 190
179 199
230 34
58 181
84 45
20 219
232 221
32 166
95 245
92 230
238 94
75 59
216 169
17 39
43 2
234 37
161 10
50 81
63 71
97 172
235 93
234 163
23 163
161 249
167 35
175 50
51 176
37 168
239 39
39 169
60 74
19 93
35 89
10 161
80 52
232 35
235 219
1 43
59 75
101 178
230 92
69 65
225 226
121 214
6 214
45 84
200 77
1 128
199 179
44 171
127 237
242 162
165 90
69 190
91 229
214 171
1 161
3 128
95 3
232 221
90 32
161 11
167 222
11 41
75 59
87 216
61 182
43 2
95 6
148 69
127 244
161 8
84 97
124 225
42 10
228 32
193 72
43 4
36 23
110 190
37 168
61 73
33 229
247 214
193 71
35 89
211 136
127 14
209 173
202 79
84 210
161 2
162 18
23 126
94 240
90 224
121 214
238 127
231 35
179 200
128 1
218 237
181 152
214 7
13 215
30 30
241 94
7 214
154 179
115 200
128 253
253 95
184 150
251 214
95 245
225 29
12 41
75 59
163 236
204 139
128 249
250 95
161 10
175 51
137 209
88 36
246 215
131 227
158 173
118 207
89 220
95 9
66 110
208 174
5 95
21 93
60 74
193 72
231 92
216 15
14 129
12 161
95 251
210 172
54 140
237 162
24 126
70 65
32 90
135 42
202 79
172 45
113 197
85 213
237 38
25 34
29 165
188 189
30 226
41 243
234 126
154 179
58 180
253 128
38 20
161 13
214 5
241 40
229 164
238 94
25 131
20 163
95 4
254 43
192 111
207 82
205 175
137 209
172 160
21 163
73 61
168 38
161 249
36 88
9 161
7 95
48 82
51 138
21 93
214 9
93 237
25 164
65 186
89 223
220 232
219 21
169 217
39 18
26 34
198 180
244 41
91 28
189 68
177 202
182 105
38 236
86 42
0 95
240 162
7 42
41 13
30 30
162 241
7 214
34 26
38 237
213 255
78 201
232 221
177 53
11 95
87 94
162 238
25 92
20 163
217 18
6 128
176 53
148 69
205 175
137 209
168 220
246 215
10 214
38 88
7 161
88 220
247 95
146 66
88 37
250 161
218 87
125 228
32 132
224 228
136 46
5 214
48 83
177 203
169 217
75 197
41 170
126 232
220 123
32 90
14 40
250 42
25 221
95 254
171 44
199 180
85 44
130 20
243 41
31 166
243 215
179 200
94 17
237 218
128 254
61 143
46 172
42 250
190 187
91 229
64 70
130 231
176 100
18 39
128 250
176 53
36 233
13 127
247 161
171 160
225 132
195 74
38 88
138 49
246 128
220 234
161 8
43 253
95 250
98 174
214 9
93 236
92 25
216 15
214 251
23 220
5 95
173 46
202 116
19 93
76 198
94 239
93 88
190 69
79 54
172 45
20 38
212 171
237 38
153 76
236 130
189 68
165 90
67 68
179 200
25 222
115 200
44 171
143 196
210 84
127 239
11 95
27 91
12 41
214 248
177 100
217 18
169 39
177 53
174 208
167 222
192 185
224 28
62 72
125 28
27 223
250 95
213 253
161 248
220 22
128 9
138 206
93 234
9 42
132 224
85 160
137 46
13 129
107 70
5 95
46 83
182 60
86 41
76 198
70 65
165 228
161 244
166 31
210 172
254 161
128 2
19 218
94 240
228 91
122 39
165 90
15 162
228 165
34 25
198 76
128 2
55 78
172 210
17 127
12 95
88 93
123 221
25 130
26 222
39 238
43 2
161 251
174 208
34 167
64 71
171 160
236 93
228 125
33 27
138 50
43 3
234 36
95 248
174 49
138 206
229 223
214 9
124 32
32 28
192 71
243 127
36 23
5 95
217 87
140 203
34 230
26 164
17 94
88 163
161 244
90 225
24 221
201 78
86 41
38 19
34 231
200 179
15 94
90 226
67 68
28 91
34 25
0 95
86 215
95 2
232 221
17 127
95 244
228 165
239 94
232 126
230 34
196 74
213 254
251 95
245 161
51 80
64 71
164 25
224 132
214 247
229 33
239 217
43 3
147 189
81 50
253 213
50 138
98 174
195 182
11 215
167 36
185 192
175 205
48 82
64 111
209 173
238 39
223 26
25 164
123 35
93 88
161 244
90 225
172 46
20 38
86 41
19 218
85 43
77 200
215 243
91 90
243 215
228 165
213 171
115 199
170 42
196 113
162 14
54 79
187 66
93 168
65 70
198 76
155 177
238 217
169 39
21 219
107 186
127 242
9 95
228 224
132 32
228 125
223 229
183 194
43 3
147 190
206 81
3 43
39 16
163 22
195 182
224 124
228 32
40 240
127 13
233 36
95 250
43 254
60 74
223 27
198 181
70 64
167 33
161 245
127 17
105 73
113 195
128 2
1 95
179 153
77 200
190 68
90 225
243 215
179 200
222 231
0 95
171 212
218 236
232 221
90 31
12 95
166 224
12 41
130 232
79 155
181 197
128 5
111 63
186 149
5 42
216 241
231 164
224 132
233 163
87 218
239 217
213 253
66 146
220 22
43 253
250 161
22 93
182 61
236 163
160 171
161 248
42 4
187 108
203 80
218 87
53 139
27 33
248 214
70 64
33 89
213 136
225 166
232 35
55 178
84 212
255 161
171 213
214 7
215 243
30 165
162 242
227 165
94 16
237 218
214 170
95 2
14 94
54 79
68 189
32 166
191 186
230 164
41 86
197 75
251 128
193 112
71 107
42 251
120 46
29 32
19 163
131 229
217 169
239 217
253 43
22 219
175 206
253 213
62 72
233 163
214 10
194 72
96 84
16 40
42 4
10 161
192 145
38 169
161 4
169 216
25 164
192 71
33 89
212 136
42 5
72 150
143 61
44 84
200 115
34 230
234 130
66 187
226 30
189 188
130 236
94 16
58 114
43 0
20 218
25 35
129 18
121 42
28 91
36 123
76 58
78 155
253 95
172 210
251 95
244 161
5 42
65 70
29 32
124 223
27 131
27 223
73 61
37 88
81 205
36 233
167 220
49 138
33 228
93 22
124 31
228 32
8 161
34 89
233 36
37 235
169 218
95 252
20 93
26 125
94 238
87 162
44 120
251 42
24 221
178 201
211 172
161 1
171 214
22 126
243 41
165 227
215 13
91 227
35 25
0 95
171 213
2 161
94 242
42 250
135 214
225 30
219 133
26 92
230 34
181 197
213 254
177 54
95 244
251 214
15 216
161 86
63 71
247 42
169 39
17 39
88 219
234 37
161 9
81 206
249 161
23 93
61 73
73 62
36 88
248 95
4 214
220 233
235 219
47 83
39 17
216 87
125 230
11 215
34 89
187 191
224 166
106 72
20 37
255 213
58 76
154 77
22 126
66 187
226 226
216 135
214 249
181 104
179 199
1 128
59 142
94 241
42 250
14 216
226 225
187 65
57 180
178 101
18 39
1 213
21 219
221 24
52 80
216 241
161 86
93 19
74 60
81 157
39 239
3 213
7 161
68 109
213 4
207 118
228 224
234 93
93 235
88 220
48 119
244 127
207 174
191 146
209 173
252 161
169 216
181 59
238 162
92 26
187 191
240 127
13 161
161 3
211 172
55 141
162 18
27 165
41 13
30 225
162 243
214 250
35 25
114 198
0 128
77 200
15 94
42 250
188 67
167 164
123 219
233 126
238 94
39 238
213 255
252 95
83 47
129 15
70 191
34 167
33 124
196 75
33 27
139 51
128 248
110 65
188 148
4 43
48 138
88 37
195 183
41 10
232 92
185 193
244 127
49 82
22 37
43 254
161 4
40 169
24 164
71 64
225 227
15 40
203 80
184 106
112 194
128 4
218 238
18 94
249 214
69 66
29 165
68 67
19 129
94 15
19 38
213 171
77 200
172 211
250 214
40 14
224 90
162 240
130 233
94 18
254 95
84 45
79 202
71 106
224 90
211 120
227 224
64 71
214 247
21 163
5 161
8 128
110 65
220 23
206 175
63 72
32 228
132 30
194 73
159 172
16 40
50 175
23 220
234 219
83 208
95 251
163 21
24 164
162 19
94 86
211 136
127 15
95 12
177 202
4 128
116 55
78 102
23 126
187 190
226 31
94 13
19 129
94 15
255 161
128 0
95 1
25 35
127 237
67 68
224 90
244 215
248 42
18 162
95 2
84 45
79 202
161 12
129 15
191 186
26 92
11 41
164 24
81 157
95 5
88 218
249 95
23 36
129 11
72 193
219 88
132 30
235 163
228 32
184 193
89 221
23 220
176 204
208 173
95 251
87 39
232 92
94 237
224 227
120 211
42 5
12 161
62 112
211 172
161 2
170 214
8 42
66 187
91 29
67 188
201 78
94 15
59 114
128 0
114 58
212 84
227 91
135 215
31 166
66 69
7 214
214 170
238 218
255 43
178 54
209 83
90 32
120 44
26 92
41 245
125 26
93 20
239 217
38 88
219 234
161 10
206 175
216 240
224 28
124 226
22 93
168 37
208 137
50 175
36 23
249 161
213 3
61 73
81 99
125 229
215 245
230 92
161 246
204 80
12 161
62 112
128 4
161 2
18 94
233 130
16 94
164 167
95 13
178 201
74 152
255 161
171 214
218 237
152 75
55 78
188 67
29 91
187 66
22 130
170 42
38 238
211 84
112 61
95 243
240 129
15 216
162 87
64 71
230 125
216 169
95 4
7 128
204 176
69 108
167 221
63 71
172 159
31 124
246 42
233 93
161 249
128 11
247 95
146 66
219 88
95 251
33 229
131 27
11 215
221 167
40 241
204 80
24 221
194 144
216 87
116 55
101 178
180 57
69 65
228 91
121 214
42 6
84 211
20 38
0 213
237 38
44 171
201 178
243 40
90 91
243 215
214 249
222 230
58 181
84 45
3 161
173 209
32 166
15 216
29 31
133 34
230 125
40 87
61 182
218 168
65 145
148 69
214 4
240 40
92 232
124 225
214 246
173 97
193 72
81 50
36 23
176 205
208 174
251 161
33 229
131 27
19 93
164 230
191 70
33 90
220 232
54 177
5 128
140 202
41 170
8 42
186 191
224 166
214 135
202 78
25 221
218 20
0 213
0 161
221 25
126 236
162 14
226 30
13 41
22 130
17 162
56 115
170 41
178 55
24 35
177 53
40 15
92 229
162 238
42 9
80 156
52 117
83 47
204 176
207 82
127 244
95 248
168 220
41 246
22 93
83 158
184 193
213 253
109 68
80 51
48 82
95 251
229 223
182 60
132 223
224 227
186 191
90 223
107 71
144 63
217 87
197 181
101 178
76 198
191 70
32 90
121 214
42 6
151 182
59 113
213 171
218 237
231 222
201 178
216 122
90 31
69 190
77 56
77 154
198 76
253 128
178 55
210 83
203 177
187 66
33 167
123 221
42 8
169 40
117 203
128 249
80 204
23 36
4 42
64 71
220 88
124 225
93 234
218 168
7 161
10 128
67 147
249 161
174 48
39 17
81 99
164 233
63 184
164 231
40 241
129 242
208 173
53 177
210 172
202 116
19 94
198 180
244 41
168 93
42 121
90 226
74 151
236 218
214 86
57 76
76 103
130 20
134 216
166 225
241 94
28 91
154 179
237 218
212 84
20 218
94 243
53 79
11 95
31 227
162 238
164 25
176 100
53 117
2 213
111 64
174 207
175 51
240 40
24 92
10 41
74 61
83 158
49 118
220 168
109 67
190 146
128 247
217 239
93 234
163 233
184 193
89 221
186 192
33 89
173 48
219 21
254 213
181 59
94 237
248 214
239 162
32 90
242 216
18 129
221 231
113 196
128 255
114 57
240 162
227 91
162 14
226 165
68 190
126 21
179 103
19 38
44 171
38 20
162 13
250 214
69 190
29 31
18 162
126 25
216 170
95 4
254 43
192 111
95 245
214 4
71 192
220 88
10 41
163 22
158 174
39 240
168 36
234 36
220 22
49 82
194 183
169 218
163 233
193 72
25 164
46 119
42 5
245 95
219 21
173 46
202 116
222 26
180 58
12 215
165 228
14 40
17 129
172 45
236 218
44 85
141 199
231 222
228 91
68 67
30 166
243 215
228 165
17 162
76 58
128 254
218 236
24 35
203 177
216 242
166 223
70 191
92 231
40 86
140 53
128 6
111 64
149 70
129 13
47 137
32 228
11 41
93 233
88 218
72 62
213 253
8 161
95 248
9 128
118 50
169 218
163 233
72 63
167 35
192 71
129 243
107 70
95 251
83 210
95 253
79 101
130 24
70 65
165 228
242 216
129 239
46 84
20 38
170 215
38 19
94 240
200 179
189 68
30 91
162 241
126 21
153 180
218 19
170 41
254 95
232 221
250 214
43 135
165 27
17 162
25 130
26 222
203 140
87 217
53 79
11 95
252 214
64 71
228 224
163 236
42 9
93 22
239 217
174 207
189 109
161 8
207 174
39 17
22 93
247 214
215 245
224 228
247 95
34 89
174 48
235 219
128 6
74 196
230 222
248 214
12 215
33 90
40 242
31 90
14 162
236 218
85 212
237 38
17 94
28 165
215 243
30 226
14 162
130 235
162 240
95 0
86 215
161 254
105 183
177 54
12 95
28 91
70 191
248 42
19 163
3 161
213 254
37 21
245 161
222 89
95 247
231 164
193 184
23 93
169 38
217 17
128 9
234 36
248 161
82 207
50 138
88 38
93 23
245 41
164 231
216 16
129 243
23 220
177 203
6 128
238 39
156 79
198 181
244 41
93 88
95 12
42 6
46 84
236 218
85 212
199 115
94 239
126 235
122 39
165 166
189 188
200 77
153 180
57 180
170 42
78 201
232 221
225 90
242 40
90 33
220 133
24 130
19 163
116 202
39 87
21 219
23 36
33 167
247 161
92 231
20 163
42 9
33 27
73 62
220 168
51 81
8 95
10 128
39 17
27 33
29 125
62 184
224 228
192 71
167 34
70 149
250 161
128 250
161 4
33 230
75 198
123 35
223 167
11 161
225 166
94 13
20 38
1 43
58 76
77 103
249 214
39 134
165 166
243 215
56 179
103 76
57 180
255 128
143 196
162 14
31 166
121 42
163 88
41 244
180 198
101 79
181 197
128 5
21 219
23 36
214 5
40 15
28 32
193 184
182 196
174 99
62 183
168 37
110 66
22 36
88 36
95 250
98 173
61 74
132 225
164 232
71 64
205 81
233 36
6 95
213 2
217 238
156 80
181 59
133 221
223 167
43 120
251 42
105 73
78 55
128 253
19 218
77 102
130 21
122 39
30 30
215 13
29 91
44 85
161 0
213 85
20 218
105 182
177 54
189 188
93 168
12 41
232 126
237 94
217 18
217 169
63 144
149 71
42 251
95 247
161 86
184 63
233 163
229 33
39 239
219 168
51 81
234 220
246 128
72 194
163 23
73 195
10 215
228 32
137 47
12 129
10 161
204 80
2 43
60 74
27 33
25 125
133 221
162 169
241 216
240 127
232 35
218 20
170 215
198 180
179 154
28 165
15 94
91 90
94 14
20 130
103 75
161 0
43 171
218 236
94 242
202 177
121 42
31 227
215 12
230 164
101 78
197 75
46 172
219 235
220 24
214 5
161 10
224 29
11 41
196 74
217 169
251 95
253 43
66 146
161 9
246 128
118 49
168 219
227 131
21 93
96 84
119 209
175 205
23 220
145 64
2 43
161 4
100 176
59 75
244 41
94 87
44 120
16 129
13 161
195 143
172 45
1 95
26 34
199 179
187 190
90 165
188 67
42 7
212 171
19 38
85 43
95 2
242 162
165 226
244 161
224 90
123 219
8 214
230 34
197 75
43 2
177 54
71 107
223 90
45 136
227 224
19 163
229 125
157 175
239 217
253 43
7 161
109 188
167 221
138 207
97 173
125 227
132 225
220 168
193 71
89 222
69 148
250 161
213 2
204 117
223 27
125 230
245 41
164 229
11 161
79 53
184 106
195 144
45 84
19 218
154 77
126 234
69 66
90 225
188 67
29 91
44 85
77 57
42 86
38 20
104 182
214 6
161 13
167 164
162 240
164 26
86 214
2 161
128 252
252 95
83 47
5 42
136 211
161 86
71 193
60 182
21 163
217 17
128 248
66 146
175 206
128 245
95 249
37 168
22 163
215 246
224 228
185 193
50 175
207 174
161 6
209 173
95 252
216 87
181 59
64 185
26 164
187 191
127 16
13 161
202 78
45 84
141 201
162 18
91 27
16 94
225 166
188 189
6 214
221 231
255 161
43 0
179 56
15 94
18 127
243 161
29 91
215 12
23 130
78 154
161 254
252 128
219 235
35 232
214 5
161 10
227 224
185 63
9 214
93 21
95 5
43 3
219 234
161 9
175 50
161 7
32 228
73 195
41 10
232 92
71 63
12 129
82 207
37 234
213 2
74 195
163 20
9 42
94 238
29 225
191 70
214 251
150 184
252 161
1 43
115 55
154 77
22 126
38 134
226 31
216 14
178 201
231 35
19 38
0 128
197 114
241 162
42 250
189 188
90 32
41 244
229 164
86 214
140 55
255 43
62 144
12 95
251 214
15 216
170 161
215 11
181 197
87 217
95 5
83 48
52 80
9 95
245 128
7 95
23 93
226 132
124 30
37 88
63 184
206 81
68 148
204 80
168 218
117 52
223 27
125 230
245 41
164 230
212 136
80 53
244 95
79 54
40 169
75 197
78 102
229 92
16 94
225 226
40 242
78 55
15 162
77 56
171 43
95 1
212 84
127 237
242 40
91 227
215 12
92 229
42 86
2 161
169 40
62 144
161 12
251 214
186 65
86 94
215 11
42 9
81 157
239 217
208 83
95 7
68 108
175 50
63 72
88 37
93 21
10 215
224 228
119 208
245 128
108 68
65 110
219 88
239 39
229 223
232 92
192 71
34 89
216 15
214 251
71 150
112 194
40 169
238 39
222 26
8 42
244 41
166 32
161 243
201 78
241 94
38 236
128 0
218 237
35 231
42 250
40 14
166 225
243 215
165 27
222 230
18 38
252 128
252 95
232 221
32 166
246 161
31 227
64 71
247 42
33 27
161 252
209 83
65 146
233 220
129 12
185 63
168 219
132 30
22 93
224 228
184 193
167 35
9 161
219 22
3 43
73 195
157 81
27 125
41 11
230 92
120 211
15 129
106 71
4 95
4 128
116 55
78 102
42 248
41 12
165 227
68 67
42 6
74 152
20 38
85 213
38 19
241 162
201 178
41 135
89 92
66 69
165 27
170 42
198 75
3 128
252 95
209 83
16 127
69 191
222 89
18 162
42 9
229 33
74 61
47 173
146 191
148 69
244 129
185 63
220 88
246 215
131 226
23 163
118 207
43 4
68 148
190 146
82 208
39 17
223 27
92 24
163 19
164 230
65 186
33 90
173 47
37 235
169 216
18 217
34 230
180 57
12 215
164 167
242 216
54 178
231 35
77 56
0 213
95 1
35 231
178 55
242 162
165 29
41 243
179 199
86 214
198 75
3 128
219 236
35 232
16 127
120 44
94 169
41 245
75 59
20 163
161 252
7 128
22 219
10 95
252 214
208 119
36 168
215 10
234 163
219 168
63 184
128 245
247 95
51 176
88 37
95 251
223 27
131 27
237 163
32 29
15 40
42 5
71 149
202 79
84 210
238 39
26 34
92 26
219 123
91 28
243 95
178 202
211 172
77 56
0 213
0 95
231 221
236 130
134 216
165 90
66 69
7 214
94 17
237 218
172 211
61 144
184 150
214 5
15 216
87 94
12 41
26 131
229 33
196 74
7 128
52 80
207 82
4 42
216 240
28 32
132 31
214 246
98 83
193 72
213 252
188 109
161 7
248 128
195 183
39 169
232 92
11 215
231 92
40 241
204 80
244 95
37 235
2 43
161 3
86 41
248 214
191 70
31 29
121 214
214 250
182 105
59 113
213 171
0 95
231 222
165 227
67 188
90 91
13 41
199 77
34 26
218 19
45 172
61 143
184 150
53 79
212 120
167 223
18 162
75 59
33 27
53 117
128 249
21 219
174 207
244 129
47 137
36 168
184 62
131 227
228 33
95 7
168 36
206 175
37 234
82 208
51 138
229 223
182 60
215 245
170 95
15 40
127 14
173 48
37 235
46 84
18 217
19 94
126 232
244 41
224 166
214 135
79 54
94 14
2 95
43 0
57 76
240 162
78 200
14 94
31 166
241 94
214 249
94 17
255 95
215 170
178 55
13 94
5 42
242 40
162 87
192 186
231 164
223 229
39 238
128 250
64 145
69 108
175 51
209 119
96 172
215 10
214 246
83 158
207 138
36 88
95 9
205 81
128 247
39 17
39 169
163 233
193 72
28 224
186 192
242 127
149 186
79 53
254 213
140 202
237 162
42 248
186 191
91 28
135 42
202 79
172 45
178 200
86 42
57 142
212 85
200 178
242 162
30 91
243 215
7 214
17 162
19 38
86 215
61 143
172 210
53 79
120 43
27 91
35 123
25 130
170 40
203 139
169 39
161 250
36 233
129 13
95 247
85 96
72 194
22 93
234 93
62 184
82 49
8 161
36 234
43 253
6 95
234 163
228 131
11 215
224 228
210 137
89 223
233 36
251 161
43 254
39 18
41 170
180 58
17 94
93 88
66 187
225 166
73 151
38 236
171 44
0 161
94 240
20 126
134 216
90 30
39 122
28 91
34 25
95 1
255 43
55 78
232 221
127 239
43 135
167 223
35 123
231 164
163 237
39 238
87 217
203 177
161 11
175 51
9 95
36 168
32 124
23 93
82 158
118 206
3 213
36 22
161 8
174 49
194 183
163 22
131 28
93 236
89 221
46 119
127 13
23 220
95 251
251 128
161 3
41 170
26 164
133 220
163 168
66 187
79 54
73 151
218 20
43 255
218 237
25 34
200 179
215 243
90 30
243 215
56 179
239 94
161 0
1 213
55 78
221 24
42 250
14 216
227 225
70 191
164 25
215 170
3 161
173 210
111 64
11 95
80 205
64 71
36 167
93 20
214 247
169 38
239 217
3 213
189 109
147 67
82 207
239 39
163 22
196 182
93 236
231 92
119 210
176 205
48 82
21 37
128 6
203 116
19 93
92 26
41 12
229 91
187 190
166 31
232 35
254 161
86 41
180 58
180 153
165 228
241 162
226 30
94 14
249 42
43 85
237 218
41 86
236 38
162 14
214 6
190 187
223 90
133 36
230 164
163 237
53 116
6 128
111 63
107 186
13 127
40 15
171 160
193 184
182 196
158 174
95 6
168 36
8 161
95 248
10 128
161 6
93 234
28 125
184 194
220 167
161 247
127 13
70 149
235 219
2 43
161 3
170 215
231 92
35 133
165 229
161 244
214 250
105 73
178 201
44 85
199 115
76 103
77 200
189 68
165 166
39 122
21 130
85 213
0 95
128 2
161 254
242 162
54 79
135 213
88 93
12 41
198 76
230 34
54 116
5 128
251 95
149 70
176 51
9 95
25 92
63 72
163 23
169 38
39 239
43 3
22 220
67 109
43 253
206 118
22 93
93 23
124 32
88 220
240 216
89 222
208 174
111 192
213 2
203 117
93 236
198 181
18 94
31 29
245 95
250 42
105 73
55 178
254 128
38 19
153 77
214 7
189 68
226 91
243 215
179 200
153 180
237 218
171 212
254 95
172 211
42 250
214 121
165 28
12 41
214 248
155 177
161 253
217 169
193 111
245 161
167 223
216 241
224 28
63 72
23 93
38 87
95 6
49 174
8 161
81 50
246 128
62 72
98 173
125 227
10 215
96 85
161 248
34 89
82 207
176 203
250 128
39 18
223 27
42 248
192 70
29 225
161 245
214 251
73 151
178 201
41 170
237 38
171 213
228 91
187 190
226 30
216 134
78 56
34 25
38 237
43 171
218 236
105 182
42 250
188 67
168 163
244 215
92 230
26 222
95 3
2 213
219 235
149 71
89 33
216 241
231 164
184 63
163 23
87 217
183 194
253 43
190 110
175 206
128 10
217 240
223 28
93 22
124 31
164 232
185 192
205 81
174 49
204 80
218 87
60 74
80 100
25 164
221 123
27 164
40 241
16 129
13 161
20 38
128 3
180 58
17 94
130 22
66 187
226 226
242 94
29 91
153 181
0 95
171 213
143 197
14 94
42 250
188 67
228 165
191 186
26 92
162 237
197 75
39 87
112 63
149 71
204 176
10 95
227 224
193 184
60 182
163 235
161 251
9 128
161 249
81 50
246 128
217 240
219 88
61 73
163 21
164 232
185 192
214 252
36 23
192 145
83 209
161 4
229 223
231 92
192 71
94 87
44 120
53 177
243 95
20 38
213 1
19 218
162 17
214 7
69 66
166 91
243 215
42 7
94 16
58 114
0 43
197 113
182 152
30 165
14 216
32 166
244 215
8 214
34 26
54 116
213 254
177 54
209 83
129 14
10 95
161 86
237 93
27 131
229 33
251 95
208 82
234 37
9 95
89 35
217 240
83 97
183 61
73 62
32 28
47 119
175 205
207 174
192 145
7 128
39 17
33 229
230 131
162 18
169 94
11 161
32 90
106 72
236 219
215 86
19 218
162 17
249 214
190 69
226 30
216 13
129 236
35 25
19 38
128 1
56 77
35 231
18 127
13 95
92 167
37 123
230 164
94 18
140 55
4 128
252 95
71 106
127 241
136 211
29 32
223 132
74 60
93 21
205 139
208 82
234 37
81 50
89 35
193 184
88 37
10 42
235 163
159 172
63 185
244 127
36 23
234 219
43 254
217 239
80 100
75 197
185 192
31 29
40 241
214 251
35 24
78 54
84 211
181 58
230 222
126 234
13 215
225 166
216 14
127 19
212 171
57 179
0 128
56 77
104 182
165 226
161 13
164 89
187 66
42 8
170 42
18 39
216 169
62 144
83 47
90 33
45 136
92 230
124 223
131 229
235 93
39 239
128 248
219 234
68 108
167 221
138 208
228 224
30 124
62 183
219 168
137 48
252 42
82 207
22 37
2 43
161 4
236 163
181 59
18 94
225 227
15 40
214 251
24 221
178 202
211 172
75 197
86 42
42 249
122 38
227 91
13 162
91 227
104 75
199 77
43 171
1 161
182 152
6 42
242 40
92 167
219 134
164 27
78 154
161 254
255 43
112 62
35 232
127 241
10 95
230 164
124 222
27 131
223 229
239 217
3 213
80 204
174 207
213 4
95 249
23 93
183 61
41 10
28 224
48 119
245 127
220 233
7 95
7 128
139 204
175 157
247 214
94 237
31 29
161 246
241 127
173 47
62 112
128 252
217 238
230 222
23 126
16 94
31 30
188 189
250 42
212 172
237 218
0 43
255 95
44 172
30 165
40 14
89 92
37 122
23 130
214 170
75 59
128 4
219 235
244 161
214 5
120 45
170 162
245 215
247 42
163 235
217 17
173 208
161 249
148 68
129 11
208 119
224 28
215 10
41 10
224 228
208 137
252 43
23 220
176 204
208 173
95 251
157 81
59 75
64 185
227 32
15 40
15 129
185 106
202 79
216 87
217 238
238 162
233 130
69 66
89 164
40 242
55 178
231 35
38 236
0 128
77 199
104 181
55 78
40 14
92 167
187 66
165 27
42 86
218 18
252 128
78 202
106 184
32 166
241 40
26 92
222 133
164 24
87 216
117 204
213 254
234 37
233 220
214 4
95 248
228 224
124 226
73 61
168 37
72 63
35 89
220 233
234 219
128 8
61 73
217 87
59 75
162 19
227 32
95 10
204 80
209 173
144 62
216 87
181 59
34 230
229 92
240 162
30 225
13 161
250 42
25 221
197 142
43 0
57 77
181 152
214 6
13 94
225 90
122 218
126 22
34 26
218 18
84 45
195 112
173 209
129 16
245 161
34 167
133 34
9 214
27 223
61 182
173 209
52 80
220 23
89 35
216 240
220 88
163 235
61 183
88 219
16 39
221 167
175 50
219 22
128 8
217 239
27 33
125 229
63 185
35 89
40 241
80 52
106 71
4 95
87 40
95 254
214 86
23 126
191 69
91 28
216 14
42 6
211 172
255 161
1 128
95 1
94 241
29 165
216 243
166 225
94 15
57 179
170 42
115 200
86 215
112 61
83 47
16 127
40 15
92 229
215 11
75 59
100 80
217 17
2 213
219 234
10 95
244 129
240 40
36 168
73 194
246 42
228 32
184 193
252 43
233 36
205 80
128 8
239 39
175 157
42 247
33 132
86 161
15 40
204 80
149 185
112 194
251 128
197 181
94 238
130 23
123 37
31 30
242 216
226 165
231 35
95 254
128 1
237 38
44 171
249 214
243 40
227 165
215 13
42 7
162 239
95 1
128 3
178 55
184 150
32 166
216 241
29 31
133 35
131 230
100 80
139 52
2 213
6 161
187 148
12 127
185 64
32 228
132 31
61 183
168 37
72 63
50 174
36 23
249 161
88 37
183 61
217 87
182 60
63 184
29 224
246 95
129 242
161 244
79 54
216 87
75 197
215 86
180 58
244 41
225 227
42 121
42 6
242 94
236 218
86 42
77 199
16 94
42 249
41 13
90 31
190 187
77 57
34 26
255 95
253 128
38 20
24 35
240 129
190 187
164 27
215 12
59 181
87 216
60 182
2 213
80 204
148 69
129 12
216 240
92 232
41 246
22 93
33 28
62 184
36 88
247 95
7 95
174 48
62 73
235 163
60 74
245 41
92 25
120 210
42 5
83 208
79 53
172 46
238 39
41 170
92 26
186 191
228 91
68 67
250 42
94 14
197 143
43 85
76 199
103 180
201 178
242 162
225 90
187 66
214 249
171 43
76 58
212 84
20 218
35 232
214 5
40 14
31 227
244 215
59 181
27 223
196 74
213 254
192 111
10 95
13 127
95 248
88 36
124 225
93 234
38 88
240 217
10 128
81 206
95 248
37 168
206 118
174 157
9 42
163 20
164 231
70 64
14 129
161 245
53 177
172 46
140 202
177 155
214 8
94 239
90 224
216 14
214 250
211 172
78 56
44 85
95 0
44 171
91 29
134 216
90 31
94 15
200 77
17 162
95 1
2 128
55 78
221 24
250 214
95 245
229 165
35 123
214 248
20 163
18 39
83 47
53 80
95 245
175 51
47 137
36 168
215 10
74 61
174 98
138 49
220 168
206 175
190 147
37 168
17 217
223 27
163 233
93 236
89 221
40 241
167 33
173 48
95 251
251 128
54 140
222 26
58 76
220 123
227 31
244 95
90 225
242 94
200 78
255 213
0 95
85 43
77 200
41 13
165 30
94 15
214 249
171 43
180 198
254 128
201 178
243 162
129 17
242 40
88 93
191 186
130 231
163 237
203 140
6 128
219 235
36 233
4 42
240 40
96 171
11 41
195 74
82 158
72 62
168 36
81 206
109 189
3 43
62 73
27 33
93 23
32 132
171 96
216 15
243 127
95 11
145 63
251 128
253 161
34 230
42 248
36 133
33 90
135 43
79 54
221 232
2 95
170 214
141 199
231 222
91 28
188 189
166 226
217 134
21 130
222 231
141 57
128 254
95 3
73 105
129 17
12 95
163 88
186 65
42 8
101 79
116 203
210 83
145 192
48 174
243 129
216 241
228 224
236 93
74 60
163 234
183 194
88 220
51 81
189 147
253 213
17 217
27 33
42 247
245 41
96 85
9 161
167 34
149 186
37 235
39 169
60 74
41 170
42 248
36 133
229 91
43 121
90 225
94 14
38 236
255 213
198 180
43 171
214 7
68 67
166 30
217 134
249 42
153 180
237 218
170 41
254 95
210 84
202 177
14 216
28 91
239 94
164 26
26 222
182 196
250 128
37 21
149 70
127 243
216 241
85 96
20 163
125 28
22 163
250 95
49 174
220 234
175 206
49 82
17 217
218 88
228 131
224 124
28 224
95 9
89 222
186 107
53 177
47 83
3 95
223 26
92 25
191 70
90 223
121 213
214 250
73 151
60 113
213 1
180 58
171 213
130 21
215 243
165 166
122 217
200 77
180 103
57 115
255 43
161 254
210 84
225 90
40 14
228 165
41 244
126 24
237 93
60 182
39 87
21 219
23 36
80 205
192 185
25 92
132 32
74 60
33 27
39 239
207 82
8 161
248 161
174 49
118 50
98 174
246 214
62 184
220 168
209 137
42 4
36 23
250 161
254 213
203 117
33 230
130 25
35 133
229 91
161 245
239 127
210 172
201 78
255 213
237 38
213 85
77 200
41 13
91 30
188 67
130 236
212 171
57 115
42 86
20 218
84 45
17 127
244 161
227 225
244 215
198 76
94 19
253 95
46 172
177 53
245 161
127 242
136 210
25 92
184 63
247 42
223 229
194 73
207 82
37 22
234 220
36 168
49 138
228 223
29 125
225 124
164 232
47 119
42 4
108 69
203 80
43 254
4 95
223 27
214 8
133 221
225 227
66 187
240 127
105 73
78 55
84 212
58 76
171 213
7 42
134 217
30 165
41 243
130 236
153 180
199 76
128 1
196 113
45 172
250 214
40 14
28 91
94 17
230 164
170 41
238 217
128 251
177 53
232 220
42 251
64 70
35 167
215 11
28 131
223 229
39 239
88 219
234 37
22 36
82 207
49 138
88 38
22 163
225 124
232 92
192 71
89 222
220 233
192 145
169 218
252 161
236 163
25 125
244 41
169 94
212 136
90 224
106 72
38 236
215 86
95 255
239 162
56 77
215 243
30 30
162 242
78 55
212 171
180 199
171 213
77 200
74 105
202 177
188 67
224 90
70 191
92 230
86 215
95 3
2 213
251 95
161 12
223 90
136 211
227 224
223 132
74 60
99 81
251 95
208 82
219 234
23 36
3 43
249 161
28 33
131 29
124 31
232 92
248 95
252 42
233 36
21 37
209 173
252 161
223 27
214 8
94 238
89 222
11 161
42 5
24 221
161 3
172 45
198 180
230 222
7 42
69 66
166 91
188 67
249 42
103 75
58 114
43 171
77 200
74 104
78 202
216 242
167 164
133 37
180 198
34 26
140 54
46 172
252 95
232 220
166 223
70 191
32 227
245 215
232 164
93 21
117 205
88 219
249 95
175 206
50 82
72 193
23 93
73 195
124 31
96 84
95 8
205 81
36 23
52 176
249 128
204 117
33 229
197 181
185 192
227 31
161 245
53 177
150 184
112 195
128 253
115 56
42 171
234 130
162 15
30 226
94 14
249 42
240 94
237 218
86 214
1 161
84 45
165 226
14 216
224 90
123 219
164 26
162 238
217 18
84 46
219 235
95 244
15 127
161 10
86 95
93 19
196 74
81 157
205 139
168 37
80 205
81 50
50 81
118 49
23 93
61 73
194 73
32 28
208 137
42 4
95 10
80 52
7 128
217 239
216 87
26 125
133 222
31 29
69 65
240 127
72 150
178 202
255 213
1 95
94 238
234 130
215 243
225 166
68 67
129 237
221 231
58 114
0 213
142 197
45 172
214 6
121 41
164 89
69 191
229 164
18 162
161 254
128 252
62 144
47 173
127 241
241 40
222 89
193 185
60 181
229 33
217 17
173 208
191 110
188 148
128 11
63 72
83 97
42 246
246 41
228 32
119 208
244 127
95 10
146 65
249 128
195 182
93 236
75 197
11 215
167 34
212 136
214 251
47 83
144 62
4 128
2 95
42 170
42 249
66 187
227 91
162 243
129 237
35 25
179 199
85 214
38 20
221 25
6 42
216 242
167 164
240 94
126 23
162 238
161 254
216 169
21 219
173 209
166 224
120 45
34 167
94 19
92 232
175 99
95 5
128 248
146 191
36 233
43 252
63 72
173 159
226 132
62 183
88 219
16 40
244 127
23 220
80 52
173 48
74 195
163 21
42 247
185 192
94 86
246 95
53 176
209 173
235 219
169 216
238 39
18 94
229 92
240 162
92 89
189 68
91 226
94 15
19 38
0 43
1 161
162 15
237 129
216 242
31 226
187 66
57 180
238 94
95 2
87 216
112 62
95 244
42 251
186 65
227 225
123 222
247 42
163 235
95 5
253 43
204 176
23 36
81 206
48 137
84 97
215 10
226 124
163 233
216 16
167 35
49 82
219 22
219 88
52 139
175 157
42 247
192 71
230 92
136 45
166 32
83 209
37 235
43 255
254 161
178 154
214 8
122 37
224 166
161 243
250 42
231 35
142 59
213 171
218 237
172 212
42 250
94 243
227 165
218 134
57 179
238 94
2 161
4 128
54 78
184 150
15 127
44 136
225 29
34 123
9 214
33 27
17 39
2 213
176 52
174 207
175 50
63 71
84 97
183 62
183 195
28 224
7 161
128 11
9 161
146 65
43 253
95 251
39 169
229 131
245 41
161 170
120 211
42 5
12 161
95 252
87 40
254 161
154 78
130 23
12 215
226 31
68 67
201 78
25 221
1 95
0 128
198 114
44 171
78 201
68 189
165 29
240 94
199 77
238 94
18 38
253 128
4 161
150 72
214 5
136 212
34 167
192 185
131 230
80 156
161 252
249 128
234 37
220 23
175 50
193 185
232 164
215 10
246 42
32 28
95 7
89 221
81 206
249 161
208 174
95 251
21 93
42 247
163 19
164 230
191 70
15 129
83 209
194 144
216 87
197 181
94 238
233 130
191 69
31 30
215 135
54 178
172 45
218 20
128 1
218 237
152 75
6 42
67 67
227 165
66 69
234 126
102 77
56 115
170 41
95 3
173 209
166 224
187 65
167 222
192 185
92 231
40 87
95 4
218 168
176 52
246 161
129 12
161 8
172 159
73 194
183 195
23 163
161 249
252 43
81 206
37 234
8 128
51 139
163 21
92 24
124 33
86 161
15 40
223 166
95 12
54 177
213 1
75 197
78 101
233 130
215 244
166 32
40 242
238 127
94 15
218 20
171 43
179 57
240 162
227 91
68 67
165 90
122 218
126 22
42 85
218 19
255 43
37 20
232 221
42 251
66 69
89 34
162 238
25 92
100 80
217 17
47 173
52 80
207 82
175 51
248 161
88 36
235 93
29 131
158 173
16 39
245 128
50 81
80 51
48 82
183 61
81 99
24 164
124 33
164 231
186 191
33 90
83 208
144 63
46 84
18 217
41 170
92 26
37 133
224 166
95 12
129 238
105 74
236 218
85 213
0 161
75 103
42 249
215 243
90 31
69 190
126 22
94 17
237 218
172 211
113 61
24 35
251 214
245 161
33 167
71 192
231 125
33 27
139 53
128 249
6 161
36 233
244 129
47 137
168 220
235 93
163 22
88 219
240 217
168 36
50 81
95 249
43 253
73 195
39 169
23 164
237 163
231 92
210 136
242 127
185 107
177 203
87 39
217 238
101 177
24 126
94 239
224 166
188 189
30 90
25 221
254 161
43 85
0 95
94 240
42 249
242 162
226 30
38 122
200 77
154 179
115 200
128 253
95 3
13 94
166 225
69 190
169 162
133 35
25 131
223 229
39 238
254 43
111 64
174 207
214 4
64 71
28 32
132 31
125 29
218 168
72 62
213 253
22 220
161 8
3 43
217 239
33 229
131 28
11 215
224 228
64 186
14 129
173 48
21 37
46 84
181 59
41 170
248 214
244 41
88 163
190 68
6 214
35 25
60 113
86 42
218 237
171 212
236 130
41 13
30 30
39 122
130 235
34 26
38 237
128 2
61 143
46 172
17 127
120 43
89 33
123 221
181 197
33 27
18 39
6 128
37 21
11 95
252 214
9 95
232 164
31 124
93 234
33 27
161 250
174 207
189 109
66 109
9 128
138 206
174 158
93 23
93 236
231 92
40 241
89 223
95 11
21 37
5 128
54 140
34 230
230 92
94 239
228 91
42 121
79 54
211 172
196 143
255 213
218 237
76 103
227 91
41 13
91 226
39 122
235 126
17 162
19 38
215 170
60 143
162 13
31 166
14 216
88 93
186 65
231 164
170 40
3 161
47 173
203 177
23 36
252 214
209 119
92 231
194 184
61 182
163 234
161 250
220 168
109 67
234 220
36 168
39 17
223 27
247 214
132 224
25 164
210 137
176 205
70 149
193 145
87 39
217 238
215 86
58 76
162 17
227 31
43 121
79 54
46 84
38 236
128 254
115 57
76 103
42 249
67 188
166 226
68 189
21 130
76 153
1 161
254 128
161 253
84 46
6 42
244 161
166 223
12 41
214 248
177 101
203 140
128 250
79 203
186 149
129 13
210 119
89 36
93 20
196 74
38 87
250 95
253 43
22 220
161 8
168 220
17 217
38 169
182 60
20 93
35 89
137 46
243 127
36 23
111 193
128 6
60 74
163 19
164 230
133 220
227 31
14 40
79 54
46 84
196 143
44 85
199 115
76 103
179 56
189 68
166 91
122 217
214 249
34 25
19 38
128 2
218 236
14 94
17 127
135 213
33 166
215 12
42 8
86 215
182 196
217 169
53 79
220 23
205 176
71 192
32 228
236 93
214 247
163 234
239 217
9 128
234 36
95 248
207 174
184 62
27 33
247 214
63 184
89 220
15 40
42 4
174 48
203 79
217 87
196 182
79 100
164 231
41 12
163 168
244 95
90 225
105 73
178 201
1 43
38 19
76 103
77 200
162 15
91 30
215 13
42 7
85 213
199 141
214 170
95 2
35 232
177 54
161 12
166 223
239 94
58 180
230 34
140 54
46 173
95 5
149 70
14 127
15 216
85 96
163 236
196 74
229 33
73 62
9 128
234 36
50 175
253 213
194 184
158 82
74 195
163 20
228 32
40 240
42 4
70 149
161 6
173 47
18 217
100 177
42 248
186 192
33 89
95 11
225 166
151 183
253 161
171 44
198 180
222 25
235 130
189 68
226 226
243 215
77 56
180 103
115 199
0 43
161 254
183 151
79 202
216 242
225 29
215 12
130 232
215 170
217 18
128 251
161 251
233 220
80 204
95 247
221 89
236 93
228 125
99 82
95 6
82 49
175 51
175 206
82 207
250 161
22 93
227 131
62 184
85 160
119 209
167 34
246 95
111 192
128 250
203 117
170 216
25 126
186 192
87 162
216 14
251 42
105 73
113 195
253 128
255 161
103 179
91 28
122 39
30 30
13 41
20 130
76 153
237 218
128 255
218 236
14 94
54 79
161 12
32 166
162 239
76 58
34 26
161 253
254 43
53 79
161 11
214 5
120 46
29 32
193 184
9 214
223 229
161 250
128 247
219 234
50 175
213 3
194 184
33 228
22 163
21 93
28 224
119 209
214 252
220 233
52 176
250 128
95 252
93 236
181 59
221 123
227 31
69 66
32 90
184 106
218 20
44 84
141 200
154 77
91 28
38 134
91 30
13 41
42 7
34 25
0 95
85 43
143 197
221 25
202 177
244 161
227 225
244 215
180 198
215 170
39 238
251 128
219 235
161 12
214 5
10 95
25 92
132 33
214 247
217 169
239 217
128 9
190 110
23 36
89 36
72 193
98 173
227 131
184 194
160 172
8 161
214 252
220 233
235 219
2 43
196 182
33 229
197 181
12 215
222 167
161 245
90 224
150 184
20 38
172 45
180 58
213 85
130 22
190 69
226 30
216 134
201 78
153 181
0 95
0 213
179 56
211 84
127 238
95 244
92 167
186 65
58 180
215 170
161 254
5 128
193 112
95 244
166 223
70 191
170 161
11 41
27 131
93 21
161 251
174 208
110 66
206 81
82 206
217 240
32 228
10 42
73 62
220 168
161 248
167 34
220 233
219 21
209 173
17 217
169 216
231 92
222 123
34 89
136 44
32 90
72 150
253 161
211 172
198 180
154 77
42 249
241 162
30 226
135 40
29 91
75 152
95 255
170 42
1 161
231 221
250 214
14 216
224 90
65 69
214 248
78 155
161 254
87 216
79 202
24 36
129 15
10 95
161 86
11 41
92 232
93 21
51 117
128 8
66 146
175 206
11 128
7 95
219 88
61 73
73 62
24 164
161 248
35 89
148 187
65 110
47 83
17 217
169 216
25 164
245 41
169 94
65 187
177 203
35 24
20 37
172 45
141 201
102 179
77 199
190 69
166 92
243 94
165 29
44 85
179 199
213 0
197 114
152 74
91 30
135 215
224 90
12 41
42 8
238 94
254 95
211 84
54 79
95 244
129 15
15 216
95 170
63 71
247 42
235 93
217 17
88 219
191 110
50 175
128 11
184 63
88 37
246 214
215 246
32 28
95 8
4 214
95 10
80 52
7 128
217 239
176 156
214 9
185 192
164 230
161 245
241 127
13 161
161 4
3 128
201 115
170 214
214 7
41 13
30 225
14 40
250 42
94 15
19 38
213 85
56 77
35 231
250 214
242 40
90 32
134 37
233 126
34 26
95 2
213 255
235 37
161 12
224 90
211 120
224 29
64 71
181 197
229 33
117 205
213 253
7 161
108 188
213 4
40 16
37 168
215 10
246 41
168 37
208 137
129 244
207 174
146 65
128 249
239 39
235 163
131 26
41 11
222 167
10 161
203 80
72 150
161 4
40 169
59 75
42 170
126 233
162 16
226 31
14 40
55 178
84 212
200 77
213 171
179 56
241 162
42 250
188 67
30 31
41 244
164 27
26 222
140 55
211 84
144 194
24 35
241 129
70 191
34 167
215 11
92 232
235 93
195 73
218 168
176 52
36 233
167 221
7 95
219 88
194 183
73 61
97 84
184 193
214 252
23 220
65 110
3 43
139 204
81 99
131 26
34 133
86 162
65 186
214 251
83 209
219 21
128 252
116 55
162 18
164 229
190 69
31 30
135 41
226 165
181 104
56 179
43 85
77 199
84 44
226 91
216 242
29 91
66 69
92 229
42 86
238 218
40 87
194 112
173 209
224 90
65 70
34 167
34 123
232 164
236 93
239 217
173 208
110 65
95 246
127 244
40 16
92 232
226 132
195 73
93 23
7 161
43 4
247 95
161 7
128 248
51 139
27 33
232 92
192 71
224 227
15 40
127 15
71 150
202 79
45 84
217 238
162 18
248 214
66 187
30 225
161 243
178 201
94 15
38 236
0 128
19 218
241 162
178 55
216 242
227 165
134 38
179 199
86 214
18 38
1 213
219 236
95 243
214 5
120 44
169 162
94 18
92 232
156 176
4 161
88 218
176 52
148 69
4 42
48 137
164 24
30 124
30 131
224 228
95 7
4 213
148 188
191 146
43 253
139 205
33 229
27 125
245 41
95 86
191 70
80 52
71 150
37 235
255 213
181 59
86 42
126 233
69 65
226 31
188 189
54 178
104 74
95 255
170 214
255 95
75 104
214 6
67 67
226 30
38 122
130 234
214 170
141 56
45 172
236 37
232 221
240 129
216 241
225 29
133 34
92 231
169 40
17 39
213 254
176 52
82 49
214 4
240 40
220 88
73 194
29 131
228 32
72 63
89 221
95 9
110 190
3 43
39 17
163 21
182 60
245 41
29 224
120 211
42 5
36 24
62 112
4 128
116 54
78 101
180 58
240 162
92 89
121 214
165 30
84 211
197 142
43 85
198 114
75 104
7 42
243 40
31 166
162 241
179 199
85 214
255 95
213 255
144 195
150 72
90 32
11 95
167 222
245 215
231 164
27 223
139 52
169 38
192 111
187 148
205 175
16 216
224 28
62 73
234 163
37 88
49 118
11 128
220 233
95 249
82 208
195 183
229 223
232 92
163 19
164 231
241 216
204 80
36 24
79 54
216 87
217 238
230 222
230 92
219 123
228 91
14 40
6 214
211 172
200 77
213 171
179 57
240 162
42 249
189 68
90 91
187 66
22 130
43 85
200 141
41 86
143 195
221 24
251 214
11 95
164 27
64 71
125 25
229 33
252 95
213 254
204 176
174 207
214 4
216 240
36 168
10 41
22 93
33 28
62 184
253 43
95 9
146 66
168 219
17 217
39 169
196 182
184 193
86 161
15 40
52 176
220 232
5 95
213 2
161 3
94 237
180 58
17 94
165 228
95 12
18 129
84 211
161 2
171 43
0 95
240 162
42 249
94 242
166 165
122 218
165 28
230 34
198 76
215 170
38 20
94 243
42 251
14 216
27 92
221 133
75 59
169 40
39 238
213 254
64 145
246 161
252 214
209 119
92 232
246 215
131 227
223 228
194 72
213 253
36 22
219 22
3 43
250 161
93 234
214 9
11 215
228 32
95 9
80 52
107 70
177 203
217 87
18 217
86 41
24 126
70 65
228 91
66 188
177 202
45 84
95 254
214 86
95 0
162 16
227 91
67 188
225 90
66 68
42 7
77 153
198 76
128 2
195 113
172 210
5 42
187 66
29 31
12 41
25 92
216 170
196 74
169 38
235 37
220 23
243 129
192 185
92 232
194 184
74 61
174 98
95 6
3 213
67 147
234 220
253 213
95 250
82 98
196 182
163 20
28 224
192 70
129 242
220 233
219 21
128 251
54 140
19 94
42 248
36 133
225 227
242 216
17 129
24 221
236 218
1 43
57 141
180 153
42 249
41 13
226 165
215 13
214 249
180 103
19 38
128 2
143 196
35 232
6 42
14 216
165 27
162 238
75 58
216 170
116 203
128 6
251 95
233 220
175 51
71 192
228 224
32 124
23 93
163 234
161 250
213 253
22 220
248 161
128 247
62 73
33 229
182 60
32 132
85 160
210 137
42 4
149 186
251 161
169 217
202 116
79 101
198 180
41 12
225 227
244 95
166 31
35 24
161 2
86 42
237 38
76 103
91 28
215 243
166 165
243 215
165 28
153 180
180 198
85 44
253 95
183 151
225 90
187 66
223 90
94 17
231 126
237 93
238 217
39 87
79 203
11 95
205 176
241 40
96 171
124 224
247 42
93 22
217 17
82 49
161 248
36 234
88 36
250 161
174 158
9 42
11 215
35 89
247 95
129 243
95 11
161 5
46 83
39 18
177 155
230 92
191 70
168 93
121 213
250 42
105 73
38 236
255 213
180 58
162 16
126 235
189 68
91 90
162 242
91 228
171 43
218 19
171 212
60 143
14 94
42 250
43 135
225 29
191 186
58 180
101 79
196 74
213 254
21 219
95 245
34 167
192 185
28 32
224 132
247 42
223 229
62 183
9 128
248 95
175 205
128 10
6 95
98 174
28 125
93 236
220 167
210 137
214 252
161 245
192 145
173 47
116 53
223 26
231 92
17 94
91 27
43 121
42 6
242 94
20 38
85 212
19 218
43 171
130 21
243 41
91 30
122 217
77 56
103 76
141 57
86 214
95 2
46 172
202 177
135 213
227 225
17 162
180 198
93 19
217 18
254 43
193 111
48 174
223 89
192 185
160 85
193 184
42 9
158 174
17 39
3 213
234 36
8 95
213 3
6 95
93 234
246 214
245 41
25 164
119 209
42 4
82 208
6 95
39 169
252 161
33 230
42 248
94 238
223 167
66 187
225 166
232 35
201 78
254 128
38 19
239 162
165 228
41 13
30 90
67 68
42 7
180 103
180 199
0 43
254 95
242 162
42 250
244 161
28 91
215 12
58 180
177 101
217 18
128 251
37 21
149 70
52 80
70 192
89 35
184 63
74 60
218 169
194 73
219 168
205 175
220 22
128 246
72 194
88 38
234 93
62 184
92 24
192 71
222 167
36 23
192 145
128 250
53 139
20 93
231 92
238 162
169 94
120 213
127 16
183 105
236 218
128 254
56 141
34 230
7 42
13 215
30 165
122 216
126 20
153 180
19 38
128 255
20 218
162 14
54 79
135 214
227 225
65 70
26 92
86 215
54 116
169 39
251 95
220 23
42 251
15 216
224 29
20 163
196 74
82 157
138 51
3 213
205 175
161 9
10 128
118 49
228 223
214 10
163 21
84 160
64 185
214 252
23 220
37 235
128 250
95 252
100 176
214 8
35 133
29 225
187 190
127 16
106 72
61 113
213 1
200 115
43 171
56 77
69 66
91 30
162 242
178 201
222 231
199 142
86 214
38 20
94 242
6 42
95 244
93 168
244 215
26 92
19 162
197 75
2 213
21 219
71 107
5 42
65 70
25 92
19 163
27 131
157 175
51 118
88 219
7 161
234 220
82 207
194 184
98 173
195 183
124 31
28 224
209 137
34 89
148 187
176 204
213 2
60 74
169 216
231 92
18 94
87 162
190 69
177 203
13 161
55 178
128 253
237 38
179 154
179 57
187 190
90 225
13 41
78 55
162 240
19 38
255 128
161 254
231 221
166 226
42 135
225 30
219 133
248 42
222 230
18 39
213 254
112 63
95 244
223 90
186 65
164 26
63 71
60 182
169 39
239 217
253 43
176 51
175 206
213 4
240 39
173 159
42 246
132 225
24 164
119 209
252 42
148 187
219 21
38 169
182 60
80 100
164 231
71 64
87 162
95 11
79 53
150 184
3 95
213 1
161 1
85 42
77 199
162 15
226 226
40 121
214 249
85 212
199 77
1 128
114 59
94 241
165 226
135 214
165 28
69 191
130 233
42 86
59 181
40 87
161 252
12 95
33 166
161 10
35 167
33 124
42 9
87 217
39 239
37 88
146 190
161 9
175 50
217 240
32 228
195 183
31 132
164 232
95 8
81 50
49 82
65 110
7 128
182 61
176 156
231 92
71 64
164 230
40 241
90 224
24 221
54 178
128 253
161 1
17 94
57 77
243 41
225 166
121 215
6 214
181 104
95 255
0 213
59 142
241 162
129 18
95 243
89 92
187 65
57 180
222 230
95 2
45 172
112 62
150 71
80 204
40 15
34 167
237 94
232 164
21 163
205 139
48 173
234 37
233 220
175 50
249 161
93 233
73 195
124 30
97 84
240 216
214 252
220 233
191 146
43 254
95 252
20 93
232 92
94 238
227 31
161 245
241 127
221 232
144 62
3 128
181 59
222 26
57 77
218 122
166 31
189 68
165 29
231 35
19 38
213 85
161 255
182 152
42 250
189 188
30 31
69 190
199 76
238 94
75 59
128 4
112 62
24 35
32 166
120 45
227 224
11 41
24 92
21 163
61 183
173 208
65 146
82 50
4 43
63 72
233 163
163 234
235 163
24 164
216 16
175 206
174 49
219 22
213 2
195 182
169 217
75 197
215 245
230 92
70 65
127 15
83 209
54 177
216 87
181 59
26 34
23 126
37 134
167 92
121 215
165 30
35 25
255 161
213 171
142 197
181 152
42 250
68 189
165 29
12 41
214 248
26 222
201 140
128 252
21 219
150 71
90 32
136 211
167 222
222 133
9 214
87 217
195 73
248 128
146 191
82 49
252 214
72 193
88 37
10 41
10 215
228 32
7 161
127 11
95 9
234 219
208 173
73 195
39 169
9 42
11 215
89 222
120 211
127 15
35 24
219 21
40 169
18 217
78 102
92 27
122 37
165 227
41 121
19 129
94 15
218 20
85 43
255 95
84 44
250 214
68 189
31 226
66 69
42 8
26 222
197 75
87 216
252 95
161 12
90 32
241 40
222 89
94 19
164 24
81 156
195 74
254 43
234 37
49 174
4 42
119 48
224 28
93 21
22 93
173 97
119 208
128 245
233 36
22 37
48 83
217 239
27 33
181 59
162 19
230 92
191 70
15 129
173 47
79 54
45 84
18 217
26 34
76 199
16 94
89 164
242 216
42 6
84 211
142 59
213 171
199 179
85 44
227 91
13 94
89 92
215 13
229 165
214 170
95 2
170 40
20 219
95 243
214 5
136 212
87 94
245 215
59 181
20 163
74 61
128 249
146 191
148 69
167 221
119 48
84 97
226 132
246 42
23 163
208 138
206 81
36 23
37 234
3 43
161 5
169 217
164 232
19 93
89 222
15 40
241 127
185 106
79 54
213 1
238 39
178 155
164 229
219 123
165 228
13 161
214 250
104 74
20 38
128 255
198 114
221 25
237 129
67 67
225 90
94 15
77 57
162 239
218 19
128 3
61 144
35 232
90 32
161 11
169 162
245 215
25 92
27 223
239 217
254 43
191 111
187 148
129 12
95 248
84 97
41 246
10 214
163 233
95 7
81 50
68 147
205 80
88 37
39 17
87 39
27 125
223 124
32 29
211 136
242 127
149 185
79 54
252 128
202 116
34 230
214 8
123 37
226 31
40 242
42 6
74 152
59 114
170 214
38 19
240 162
126 236
216 243
225 90
122 218
126 22
85 214
198 76
215 170
55 78
106 184
166 224
136 212
87 94
94 18
231 164
27 223
204 139
209 83
235 37
108 187
127 244
161 8
224 28
124 225
73 61
233 93
240 217
4 213
23 220
190 146
253 213
73 195
27 33
182 60
193 71
86 161
15 40
5 214
149 185
4 95
254 213
116 54
26 34
8 42
244 41
167 92
121 214
214 250
94 14
161 2
1 128
58 142
25 34
214 7
40 134
91 166
122 218
249 42
26 222
180 198
172 211
61 143
173 210
251 214
120 44
87 94
244 215
214 248
80 156
139 52
83 47
80 204
69 108
252 214
185 64
164 24
194 184
29 131
173 98
240 217
89 220
9 161
234 219
3 43
95 251
157 81
74 196
33 132
32 29
65 186
223 166
149 185
235 219
84 210
116 54
215 86
180 58
239 162
227 31
12 161
54 177
211 172
113 197
42 170
38 19
85 44
236 130
242 162
30 226
15 162
7 214
179 102
95 1
3 128
61 143
184 150
16 127
190 187
31 227
238 94
92 231
216 169
139 53
173 209
235 37
187 148
34 167
71 192
92 232
132 31
195 73
223 228
72 62
246 128
147 189
110 190
88 37
183 62
234 163
125 228
41 11
28 224
192 70
167 33
173 48
145 63
210 172
75 197
162 19
248 214
215 244
225 227
161 244
6 214
221 231
200 77
170 214
218 237
85 44
249 214
242 162
31 166
66 68
21 130
103 77
76 58
128 254
55 78
151 73
177 53
43 136
27 91
64 70
8 214
100 80
18 39
250 128
219 235
208 82
89 34
71 192
232 164
31 124
42 10
174 98
62 184
10 128
248 95
175 205
88 37
183 62
218 87
131 28
41 11
171 95
15 40
80 52
161 245
53 177
87 39
217 238
222 26
58 76
244 41
91 28
216 14
177 202
242 94
161 2
128 255
38 19
43 171
236 130
243 41
30 166
217 134
56 179
171 43
161 255
44 171
236 38
221 24
166 225
69 190
168 163
35 123
130 231
79 156
182 196
250 128
5 161
220 23
129 13
16 216
85 96
132 32
131 227
229 33
138 50
174 207
220 234
220 22
49 82
62 73
174 158
214 9
245 41
228 32
40 241
129 242
23 220
203 79
87 39
60 74
163 19
180 58
162 17
225 227
242 216
6 214
35 24
113 196
43 255
199 115
180 153
91 28
188 189
91 226
39 122
214 249
103 76
180 198
44 171
236 38
221 24
239 129
14 216
91 229
191 186
248 42
79 156
39 238
209 83
203 177
23 36
252 214
241 40
228 224
224 132
233 163
218 168
217 17
168 36
234 36
248 161
168 220
6 95
158 82
125 228
93 236
35 89
161 247
51 176
174 48
5 95
254 213
3 95
41 170
92 26
220 123
166 33
161 244
177 202
210 172
218 20
213 1
141 199
222 25
7 42
215 243
226 165
215 13
91 228
171 43
95 0
170 41
60 143
73 105
54 79
213 121
227 225
94 17
24 130
79 155
53 116
46 173
193 111
233 220
167 222
185 64
164 25
132 32
228 125
223 229
17 39
9 128
161 248
51 175
246 128
138 206
33 229
93 23
215 245
167 36
46 119
252 42
11 161
111 192
83 209
116 53
19 93
248 214
244 41
88 163
14 40
127 17
221 232
20 38
44 85
180 58
17 94
28 165
189 68
226 166
242 94
249 42
25 222
57 115
86 214
143 196
162 14
31 166
190 187
31 227
12 41
42 8
93 19
74 60
169 39
63 145
23 36
42 251
15 216
228 224
215 11
9 214
223 229
39 239
49 174
81 205
147 67
253 213
6 95
168 218
125 227
72 62
25 164
71 64
34 89
161 245
53 177
254 213
95 253
33 230
214 8
238 162
29 225
95 11
214 250
13 162
3 95
128 254
19 218
162 17
42 249
39 134
91 90
41 243
165 29
34 25
95 0
171 212
236 38
221 24
54 79
216 242
228 165
133 36
232 126
170 41
181 196
210 84
177 53
70 107
89 33
241 40
167 221
236 93
196 74
163 234
194 73
128 247
175 51
67 109
213 3
250 161
83 98
131 29
225 124
220 168
216 16
214 252
207 174
80 53
128 6
238 39
176 156
25 126
162 18
162 169
69 66
203 79
221 232
20 38
86 41
56 141
230 222
249 214
122 39
31 90
215 13
236 126
85 212
57 114
255 128
196 113
105 182
250 214
68 189
91 228
65 70
42 8
79 155
217 18
254 43
21 219
48 173
52 80
247 161
85 95
223 132
60 182
27 223
6 161
48 174
175 51
67 109
246 128
16 217
223 28
22 163
10 215
164 232
209 137
127 13
246 95
192 145
43 254
161 4
169 216
8 42
64 185
223 167
190 69
251 42
106 72
3 95
41 170
56 141
213 85
28 165
15 94
30 226
13 41
126 20
180 103
218 19
255 128
143 197
25 35
6 42
135 214
31 227
17 162
232 126
86 215
116 202
84 46
112 63
83 48
127 242
65 70
92 231
72 193
42 9
223 229
195 73
88 219
51 81
50 175
3 43
138 207
88 37
29 125
124 31
160 172
192 71
222 167
95 10
95 250
47 83
204 117
40 169
75 197
12 215
94 87
40 241
127 16
210 173
161 3
45 84
218 237
34 230
22 126
187 190
91 90
13 41
178 201
34 25
38 237
128 1
95 2
35 231
129 18
68 189
164 89
186 65
230 164
155 178
217 18
213 254
202 177
107 185
129 14
10 95
89 35
245 215
125 27
169 39
161 251
208 82
234 37
81 50
35 167
16 217
219 88
227 131
31 132
32 28
71 63
205 81
220 233
80 52
213 2
95 252
236 163
9 42
41 11
27 164
120 212
32 90
72 150
201 78
255 213
115 56
26 34
130 22
38 134
90 225
135 40
214 249
16 162
19 38
171 213
59 142
74 104
78 202
214 121
89 92
16 162
57 180
222 230
116 202
169 40
177 54
36 232
33 166
241 40
164 26
93 19
229 125
217 169
183 195
208 82
37 22
161 9
252 213
240 39
97 173
246 214
163 21
224 228
16 40
81 50
23 220
52 176
173 47
117 52
100 176
26 125
71 64
227 31
65 187
79 53
161 243
61 112
128 253
38 19
162 17
214 7
215 243
91 90
13 162
237 127
25 221
1 95
171 213
38 20
74 104
30 165
13 95
31 226
16 162
214 248
230 34
55 116
84 45
235 37
161 12
42 251
216 241
29 32
11 41
24 92
87 217
5 161
253 43
52 80
81 50
4 43
208 118
23 93
246 214
93 235
97 84
95 8
252 42
246 95
204 80
254 213
4 95
229 223
247 214
162 18
169 94
245 95
251 42
161 243
235 219
253 128
95 254
42 170
126 234
66 187
164 167
189 68
237 127
181 104
58 114
85 214
56 77
241 162
78 201
68 189
89 92
162 240
180 199
94 18
75 59
43 1
219 235
71 106
80 204
70 191
224 29
192 185
181 197
169 39
39 239
83 48
146 191
148 68
175 50
119 48
88 37
215 10
41 10
228 32
137 48
42 4
36 23
7 95
218 88
161 5
99 175
131 26
64 185
89 222
246 95
166 32
24 221
112 194
84 211
197 181
154 78
214 8
12 215
92 89
67 188
30 91
75 152
237 218
43 171
95 1
152 75
214 6
243 161
32 166
162 240
248 42
86 214
18 39
128 4
4 161
47 173
80 204
95 246
29 31
19 162
59 181
217 169
117 204
83 48
80 204
82 49
175 50
240 40
32 228
246 215
93 235
219 168
193 72
81 50
161 247
176 204
213 3
217 239
39 169
75 197
123 34
170 94
65 186
241 127
106 71
54 177
255 213
75 197
102 178
229 92
94 240
32 90
135 41
78 55
104 75
218 20
128 0
19 218
25 35
19 127
216 242
31 166
215 13
27 92
238 94
38 238
128 4
4 161
24 35
176 53
95 246
167 222
64 71
232 164
81 156
217 17
128 7
65 146
188 148
81 206
40 16
24 92
226 132
183 195
97 83
249 95
252 43
161 247
249 161
37 168
17 217
157 81
42 247
41 11
167 34
40 241
166 32
185 106
37 235
128 252
254 161
178 154
214 8
12 215
225 226
68 67
250 42
94 15
179 200
213 0
179 57
212 85
237 129
14 216
225 30
215 13
42 7
230 34
95 2
86 216
61 144
184 150
129 15
245 161
31 227
162 238
92 232
163 236
52 117
47 173
6 161
49 174
50 81
240 40
84 97
93 21
131 226
88 219
161 249
81 50
247 95
176 204
208 174
195 183
21 93
164 232
185 193
170 95
216 15
80 52
244 95
194 144
87 40
2 95
214 86
130 23
133 219
225 226
121 215
91 226
211 172
161 1
42 171
142 198
44 171
91 29
40 14
90 91
69 190
214 249
26 222
1 161
43 1
161 253
221 24
127 240
212 120
89 34
238 94
197 75
223 229
217 17
47 173
219 234
174 207
50 81
193 185
88 36
225 132
246 42
233 93
63 184
167 35
147 188
66 110
128 248
195 183
229 223
164 232
11 215
86 161
161 246
176 204
36 24
194 144
128 4
254 161
86 41
199 180
240 162
164 167
13 161
129 238
104 74
197 142
170 214
95 0
35 231
78 201
40 13
29 91
243 215
214 249
214 171
255 95
128 3
236 37
161 13
224 90
44 136
34 167
238 94
26 131
216 169
39 239
38 87
145 192
23 36
34 167
248 161
96 172
246 215
42 10
224 228
49 118
82 50
109 68
219 22
128 8
51 139
157 81
164 232
63 185
35 89
161 246
127 14
36 24
202 79
46 84
95 254
170 215
130 23
41 12
165 228
95 12
30 90
162 242
179 200
43 0
179 57
181 153
42 249
188 189
165 90
69 190
91 228
179 102
161 255
213 255
143 195
173 210
240 129
120 44
162 87
35 123
131 231
229 33
196 74
43 2
192 111
36 233
129 12
209 119
220 88
72 194
22 93
37 88
39 240
207 82
81 206
146 66
247 128
73 195
27 33
60 74
184 193
92 25
136 46
251 42
36 24
203 79
2 43
95 253
215 86
24 126
94 239
166 32
14 40
166 30
162 242
77 56
86 42
0 95
25 34
20 126
40 134
165 30
66 69
234 126
34 26
180 198
172 212
253 95
243 162
166 225
213 120
229 164
244 215
75 59
216 169
53 117
2 213
95 6
174 207
34 167
161 8
88 36
124 225
73 61
218 168
16 39
168 36
36 22
8 95
37 168
50 138
223 27
131 28
184 193
85 161
186 192
42 5
83 208
193 145
46 84
181 59
26 34
130 24
123 36
224 166
42 121
127 18
105 74
161 2
42 170
57 76
103 180
227 91
41 13
166 225
217 134
91 228
26 222
255 95
212 84
113 61
24 35
214 5
213 120
169 162
162 238
8 214
176 100
95 4
2 213
176 53
69 107
243 129
161 8
36 168
225 132
125 29
218 168
217 16
36 88
22 220
147 66
3 43
39 17
218 87
9 42
20 93
28 224
15 40
33 89
107 70
21 37
217 87
60 75
170 215
130 24
220 123
225 227
135 42
129 239
14 162
161 2
128 1
0 95
76 103
236 130
134 216
30 166
217 134
200 77
180 103
19 38
43 1
3 161
221 24
127 239
190 187
27 91
18 162
248 42
86 216
139 53
83 47
177 53
11 95
4 42
216 240
32 228
62 72
163 23
223 229
138 50
128 246
220 234
109 190
220 88
62 73
229 223
9 42
236 163
228 32
216 15
127 14
11 161
5 95
5 128
3 95
222 26
8 42
133 220
163 168
213 135
54 177
242 94
143 60
171 44
95 0
16 94
235 130
39 134
226 226
243 215
179 200
103 76
199 141
86 215
38 20
73 105
54 79
187 66
168 163
65 70
58 180
215 170
182 196
87 217
21 219
161 11
129 13
241 40
85 96
124 224
131 228
234 93
17 39
49 174
175 51
147 67
43 253
17 217
158 82
93 23
193 72
171 96
46 119
89 222
95 11
111 193
128 6
18 217
230 222
26 164
36 133
163 168
12 161
214 250
73 151
60 113
171 44
161 0
240 162
42 249
217 122
91 91
13 41
249 42
171 43
218 19
128 254
218 236
24 35
31 166
242 40
88 93
12 41
230 164
79 155
60 182
213 254
161 251
233 220
80 205
192 185
167 221
193 184
163 23
158 174
206 138
174 207
36 22
36 234
128 246
239 39
93 234
28 125
32 132
85 160
64 185
205 81
233 36
145 64
6 128
53 140
33 230
126 231
191 70
93 88
161 244
177 202
162 242
60 113
128 2
141 199
17 94
130 21
39 134
165 226
188 67
200 77
180 103
141 57
212 85
196 113
242 162
166 225
187 66
166 223
215 12
26 92
237 93
161 253
251 128
161 251
107 186
242 129
40 15
164 25
63 72
60 182
229 33
217 17
43 3
8 161
50 175
246 128
39 17
218 88
61 74
41 11
231 92
192 71
222 167
149 186
161 5
47 83
60 74
86 40
126 231
186 191
223 167
135 43
225 166
172 46
161 3
86 41
198 180
180 153
235 130
243 41
91 90
189 188
91 227
76 153
19 38
43 0
200 178
14 94
42 250
14 216
93 168
191 186
232 126
26 222
39 238
43 2
177 53
95 245
176 52
186 64
92 231
32 124
131 228
33 27
118 206
128 9
161 248
67 109
168 220
16 217
218 88
22 163
124 31
92 24
161 248
214 252
49 82
203 80
43 254
39 18
33 229
231 130
221 123
229 91
120 213
79 53
232 35
95 253
86 41
218 237
171 213
28 165
217 122
30 165
216 134
165 29
180 103
95 0
0 213
2 161
182 151
90 31
12 95
90 32
36 123
76 58
101 79
253 95
217 169
203 177
83 48
242 129
247 161
25 92
63 72
131 228
157 174
95 6
3 213
51 81
9 95
43 253
161 7
98 173
214 10
215 246
164 232
119 209
205 81
174 49
192 145
43 254
238 39
169 216
181 59
64 186
89 223
95 11
166 31
210 173
78 55
41 170
255 161
239 162
179 56
15 94
31 90
188 67
55 178
44 85
142 57
171 213
56 77
221 25
79 202
244 161
90 32
244 215
58 180
155 177
140 54
84 46
193 112
48 173
90 33
15 216
221 89
33 124
131 229
217 169
39 239
88 219
66 146
9 95
49 82
194 184
219 88
93 22
235 163
88 220
40 240
252 42
69 148
219 21
7 128
117 52
169 216
131 25
133 221
167 34
241 216
127 16
46 83
78 55
213 1
200 115
222 26
28 165
38 134
166 91
13 41
126 20
75 153
198 142
0 213
143 197
45 172
250 214
188 67
31 226
94 17
230 164
222 230
161 254
128 5
252 95
173 209
242 129
10 95
32 227
11 41
27 131
229 33
73 61
219 168
22 219
36 233
35 167
217 240
163 23
29 125
73 62
168 36
16 40
205 81
207 174
250 161
209 173
117 52
169 216
181 59
94 238
34 89
69 66
166 32
13 161
195 144
253 128
218 237
94 239
22 126
15 94
165 166
135 40
165 29
152 181
19 38
214 170
38 20
172 211
178 54
95 243
30 31
244 215
180 199
170 41
181 197
216 169
252 95
149 71
251 214
65 70
86 95
245 215
229 125
93 21
39 239
3 213
249 95
147 68
89 35
63 72
83 97
22 163
124 31
232 92
16 40
244 127
69 148
219 22
43 254
239 39
93 236
26 125
64 185
94 87
191 69
90 224
173 47
61 112
43 255
255 161
230 222
27 165
16 94
166 31
189 189
178 201
181 104
218 19
42 85
1 161
15 94
129 18
243 161
165 28
244 215
23 130
18 162
55 116
128 252
144 194
35 232
127 241
186 65
164 26
63 71
75 60
39 87
61 183
37 88
146 191
161 9
245 128
240 39
83 97
10 42
124 30
224 228
193 71
89 221
69 148
6 95
7 128
217 239
20 93
92 24
64 185
227 31
136 44
5 214
150 184
219 20
1 43
181 58
222 26
57 77
190 69
167 92
135 41
91 227
181 104
58 114
85 43
179 56
221 25
201 178
161 13
226 225
133 37
27 92
94 18
39 238
4 128
54 79
221 24
90 32
120 45
167 222
192 185
24 92
87 217
183 195
43 3
219 234
174 206
43 252
137 208
32 228
234 93
235 163
172 97
208 137
129 244
174 49
110 191
249 128
251 161
21 93
197 181
162 19
34 89
70 65
224 166
221 232
21 37
84 211
181 59
34 230
248 214
16 94
31 30
162 243
42 6
221 231
198 142
0 128
38 20
152 75
237 129
41 135
227 165
219 134
126 23
18 162
181 197
211 84
62 144
12 95
52 80
161 10
86 94
185 64
247 42
157 175
5 161
48 173
22 219
95 247
127 245
161 7
233 164
21 163
93 235
172 97
63 184
89 221
174 49
249 161
3 43
195 183
223 27
164 232
34 133
230 92
70 65
5 214
232 35
37 235
169 216
18 217
34 230
214 8
41 12
31 30
40 242
237 127
45 84
114 197
171 43
114 58
212 84
78 201
40 14
166 225
37 122
8 214
102 78
254 95
252 128
79 202
150 72
176 53
40 15
164 26
215 11
230 125
27 223
52 117
218 168
204 176
68 108
89 35
193 184
88 37
235 93
246 41
219 168
249 95
81 50
188 108
191 146
213 3
251 161
21 93
214 9
94 237
227 32
120 211
52 176
35 24
54 177
213 1
95 254
42 170
42 248
215 244
227 91
243 95
127 19
94 15
95 255
43 0
161 255
44 171
214 6
162 13
92 167
41 243
214 249
214 170
161 254
213 255
95 4
209 83
42 251
95 245
31 227
192 185
75 59
223 229
17 39
2 213
80 204
220 23
214 4
8 95
24 92
41 246
195 73
168 37
39 240
206 81
206 175
65 110
43 253
39 17
39 169
232 92
185 193
222 167
45 120
90 223
244 95
21 37
252 128
18 217
222 26
199 180
123 37
165 228
40 242
55 178
182 104
179 200
0 128
114 58
15 94
127 237
121 41
90 31
215 13
234 126
214 170
38 237
3 128
253 95
83 47
90 32
69 191
94 169
18 162
197 75
33 27
4 161
128 249
234 37
246 161
244 129
185 63
224 28
132 31
183 195
28 224
49 118
43 4
220 233
205 80
48 82
61 73
87 39
24 164
19 93
32 29
136 45
166 33
107 71
219 21
128 252
238 39
215 86
42 248
16 94
32 90
13 161
178 202
231 35
95 254
42 170
218 237
104 181
78 201
68 67
29 91
94 15
42 7
77 154
115 200
213 255
195 112
210 83
203 177
136 212
227 225
34 123
214 247
33 27
196 74
218 169
176 52
82 49
244 129
16 216
228 224
124 225
73 61
163 233
161 249
221 167
147 188
66 110
253 213
251 161
39 169
196 182
124 33
29 224
186 191
129 242
232 36
177 202
5 128
140 202
94 238
92 26
41 12
89 164
244 95
54 178
182 105
59 113
170 214
19 218
85 44
91 29
189 68
166 165
187 66
228 165
154 179
218 19
45 172
178 55
83 46
214 5
69 190
87 94
71 192
181 197
27 223
60 182
38 87
37 21
220 23
34 167
95 248
88 36
10 41
183 195
173 98
95 7
89 220
234 36
249 161
208 174
73 195
33 229
214 9
223 124
29 224
241 216
251 42
24 220
251 161
39 169
3 95
19 94
164 230
239 162
93 88
161 244
166 30
231 35
95 254
43 85
0 161
34 231
130 20
215 243
165 30
122 218
200 77
222 230
76 58
212 84
95 3
184 150
5 42
161 11
169 162
192 185
125 25
156 176
53 117
128 250
80 203
82 49
252 214
71 192
232 164
72 194
73 61
33 28
16 39
43 3
67 147
110 190
208 174
194 183
217 87
74 196
223 124
89 221
46 120
223 167
107 70
79 53
46 84
59 75
215 86
26 164
36 133
90 224
161 244
54 177
94 14
20 38
86 42
114 57
103 180
78 200
162 14
165 30
39 122
249 42
103 77
161 255
215 170
55 78
46 172
79 203
187 66
87 94
221 133
197 75
223 229
60 182
173 209
80 203
36 233
13 127
64 71
224 28
194 184
125 29
98 83
217 16
3 213
95 8
161 8
82 207
194 183
174 157
247 214
20 93
85 161
40 241
127 14
107 70
145 63
43 254
60 75
215 86
24 126
70 65
29 225
12 161
166 31
94 14
2 95
0 213
115 57
16 94
200 179
242 162
165 90
39 122
165 28
231 34
1 161
1 213
55 78
221 24
239 129
40 14
165 27
18 162
75 58
177 100
196 74
128 250
177 53
48 174
222 89
16 216
32 228
184 62
246 42
163 234
161 250
82 49
220 234
248 161
82 207
161 6
223 27
131 28
124 32
231 92
247 95
167 33
48 82
5 95
169 217
3 95
86 41
42 248
41 12
31 29
213 135
250 42
94 14
95 254
128 254
0 161
94 240
165 228
243 41
30 91
68 189
130 235
103 76
1 161
255 43
3 161
221 24
42 250
14 216
227 225
191 186
126 25
163 237
140 53
6 128
203 177
186 149
127 243
15 216
164 25
236 93
163 23
229 33
17 39
49 174
36 22
175 205
82 207
239 39
229 223
23 163
224 124
85 160
71 64
214 252
70 149
79 53
6 128
3 95
237 163
164 230
123 36
90 223
244 95
54 177
221 232
201 78
43 255
95 0
85 43
28 165
243 41
226 226
39 122
7 214
103 76
58 180
43 1
38 20
46 172
214 6
40 14
223 90
123 220
126 24
170 41
39 238
87 217
5 161
36 233
4 42
137 210
25 92
32 124
163 23
229 33
62 183
49 174
175 51
248 161
246 128
95 250
33 229
23 163
72 63
89 220
40 241
34 89
149 186
203 79
254 213
203 116
100 177
198 180
191 70
93 88
95 12
6 214
94 14
143 60
86 41
76 198
34 231
130 21
41 13
30 30
94 14
235 126
76 153
180 199
212 85
161 254
172 210
129 17
95 244
33 166
186 65
26 92
41 86
54 116
169 39
203 177
174 208
5 42
46 137
231 164
224 132
60 182
218 169
62 183
253 43
66 147
67 109
174 49
118 50
38 168
42 246
20 93
171 96
71 64
34 89
233 36
251 161
169 217
116 53
216 86
58 75
35 133
229 91
245 95
177 203
210 172
3 95
1 43
198 180
76 103
7 42
162 15
30 30
40 122
56 179
25 222
0 95
1 128
143 196
84 45
177 54
66 69
33 166
36 123
130 232
162 237
54 116
46 172
63 145
107 186
33 167
15 216
231 164
11 41
9 214
169 38
39 239
168 37
36 22
189 147
220 88
184 62
163 22
163 234
236 163
96 85
64 185
167 34
208 174
176 203
38 169
252 161
80 100
214 8
133 221
225 227
161 245
251 42
35 24
55 178
44 84
115 56
162 17
77 200
217 122
226 226
162 242
227 165
34 25
95 0
171 212
196 113
74 105
166 225
66 68
93 168
133 36
26 92
34 26
59 181
46 172
37 21
161 11
129 14
70 192
224 28
33 124
214 247
99 82
206 138
48 174
161 248
50 175
168 220
138 207
233 163
214 10
163 21
28 224
47 119
42 4
207 174
80 53
209 173
60 74
27 33
231 92
244 41
92 27
213 136
90 225
221 232
55 178
172 44
38 19
222 26
234 130
215 243
166 91
243 215
126 20
231 34
76 57
213 85
179 56
242 162
238 129
95 244
93 168
123 220
130 232
19 162
181 197
5 128
251 95
36 232
127 242
161 10
25 92
184 63
60 182
27 223
183 195
253 43
81 205
50 175
213 3
194 184
88 37
131 29
10 215
224 228
216 16
252 42
207 174
204 80
2 43
252 161
163 20
8 42
41 12
31 29
44 120
177 203
232 35
61 113
41 170
115 56
77 102
28 165
69 66
29 165
94 14
227 165
44 85
161 0
43 171
179 56
14 94
166 226
161 12
165 28
123 219
126 24
41 86
59 181
2 213
177 54
149 71
176 52
70 191
224 29
124 223
74 60
169 39
95 5
3 213
219 234
109 188
252 213
63 72
173 159
93 22
194 73
232 92
240 216
244 127
95 10
64 111
128 249
204 117
93 236
247 214
133 222
222 167
161 245
16 129
210 173
195 144
41 170
58 76
85 42
27 165
218 122
166 31
216 135
29 91
75 152
0 161
213 0
20 218
15 94
214 6
40 14
164 89
94 16
26 92
78 155
2 161
210 84
235 37
149 71
14 127
186 65
221 89
93 19
60 182
33 27
73 61
43 3
110 66
23 36
213 4
249 161
159 83
195 183
132 225
88 220
48 119
221 167
95 10
111 191
213 2
252 161
27 33
197 181
41 11
227 31
187 191
127 16
173 47
144 61
128 3
181 58
102 179
234 130
162 15
227 91
243 94
178 201
104 75
161 1
43 171
56 77
35 231
202 178
13 95
91 228
215 12
27 92
94 18
2 161
128 4
161 252
47 173
52 80
95 246
170 161
11 41
24 92
229 33
205 139
48 174
219 234
188 148
221 89
7 95
163 23
183 61
163 21
24 164
137 48
12 129
207 174
52 176
88 38
252 161
156 80
92 24
11 215
162 169
241 216
203 80
184 106
236 219
128 253
2 95
162 18
22 126
16 94
225 166
189 68
227 165
231 35
19 38
171 42
1 161
45 172
129 19
161 13
89 92
219 133
57 180
18 162
161 254
128 4
161 252
232 221
52 80
40 15
227 224
245 215
247 42
229 33
51 117
8 128
7 161
50 174
128 11
216 240
233 163
73 195
10 215
97 84
208 137
50 175
174 49
80 52
128 249
217 239
27 33
75 197
133 222
92 26
246 95
127 15
47 83
21 37
169 216
181 59
162 18
77 199
240 162
226 31
189 68
226 165
25 221
179 199
213 0
197 114
211 84
226 91
189 188
31 226
219 134
199 76
26 222
238 217
216 169
112 62
173 209
32 166
191 186
29 31
41 245
9 214
163 235
52 117
8 128
65 146
220 23
50 81
161 7
88 37
62 73
41 10
28 224
216 16
221 167
23 220
249 161
83 208
17 217
87 39
197 181
11 215
89 222
45 120
127 15
12 161
112 194
172 45
161 2
222 26
164 229
37 134
31 30
121 215
19 129
181 104
142 59
213 85
95 1
231 221
91 30
14 216
227 165
41 244
199 76
26 222
181 197
1 213
95 4
173 209
42 251
95 246
26 92
185 64
24 92
229 33
139 52
208 83
176 52
68 108
252 214
95 248
172 159
183 62
10 215
159 173
208 137
4 213
23 220
249 161
128 248
5 95
157 81
181 59
215 245
224 227
120 211
127 15
95 12
252 161
211 172
238 39
78 102
233 130
41 12
166 32
216 14
6 214
211 172
1 95
128 0
237 38
15 94
6 42
243 162
31 166
162 240
165 27
34 26
218 18
170 40
252 95
106 184
80 203
95 245
230 164
192 185
131 230
27 223
161 252
2 213
80 204
23 36
42 252
95 248
92 232
194 183
125 30
32 28
208 138
252 43
68 148
52 176
48 83
117 51
217 87
196 181
11 215
164 230
246 95
223 166
47 83
37 235
128 252
181 59
170 214
92 27
37 133
89 164
216 14
214 250
104 74
179 200
0 128
142 198
241 162
29 165
67 67
91 227
190 187
199 77
42 86
95 1
86 216
236 37
106 184
53 79
136 212
92 230
11 41
181 197
40 87
252 95
128 249
110 65
246 161
50 81
16 216
24 92
62 73
73 61
97 83
49 118
128 245
9 161
95 249
3 43
5 95
229 223
229 131
193 71
86 161
191 70
223 166
95 12
194 144
255 213
197 181
222 26
76 199
219 123
165 228
242 216
250 42
172 45
95 254
170 214
57 77
152 75
178 55
121 40
227 165
218 134
234 126
26 222
200 141
215 170
78 201
221 24
79 203
66 69
29 31
34 123
75 59
163 236
60 182
47 173
219 235
95 246
222 89
71 193
224 28
246 215
73 61
228 32
63 184
89 221
23 220
80 51
82 208
139 205
229 223
60 74
71 63
32 29
45 120
52 176
220 232
193 144
46 84
161 2
222 26
92 26
244 41
89 164
40 242
6 214
14 162
161 2
0 213
58 142
94 240
236 130
122 40
30 226
66 69
42 7
213 171
200 141
211 84
95 3
72 106
79 203
161 11
31 227
215 12
248 42
87 216
217 17
87 218
111 64
246 161
89 34
8 95
224 28
21 163
195 73
28 223
249 95
207 82
50 81
51 175
213 3
205 118
27 33
125 229
163 19
92 25
46 120
80 52
83 208
161 5
251 128
140 202
94 237
126 232
65 186
228 91
121 214
6 214
45 84
56 179
43 0
95 0
16 94
227 91
242 162
226 165
69 190
91 228
171 43
180 198
3 128
236 38
184 150
16 127
11 95
164 27
244 215
8 214
156 176
252 95
128 6
21 219
161 10
205 175
95 248
172 160
225 132
22 93
28 223
161 249
174 207
109 67
81 51
219 88
39 17
27 33
233 93
245 41
167 35
120 210
167 33
11 161
193 145
87 39
95 253
162 19
126 232
186 191
29 225
216 14
30 90
162 242
200 77
43 0
95 0
240 162
56 78
14 94
91 166
134 39
77 56
77 153
95 1
86 215
143 195
221 24
129 16
216 242
94 169
94 18
130 231
20 163
139 53
38 87
176 53
36 233
175 51
47 137
224 28
246 215
214 246
38 88
194 72
174 207
189 109
161 8
247 128
39 17
174 157
9 42
245 41
167 35
192 70
176 204
149 186
95 251
46 84
116 54
101 177
230 92
41 12
28 165
244 95
166 31
172 45
218 20
212 171
76 199
231 222
126 236
94 242
91 166
67 68
249 42
213 171
237 218
43 1
38 20
24 35
79 203
135 213
168 163
162 238
8 214
223 230
196 74
6 128
21 219
233 220
51 81
137 209
85 96
194 184
93 233
27 223
39 239
207 82
50 81
234 220
36 168
183 62
22 93
131 28
224 124
221 167
64 185
14 129
82 208
53 177
128 251
95 253
170 215
130 24
12 215
165 228
161 244
42 6
172 46
178 201
42 170
161 0
171 213
21 126
67 188
30 30
15 162
21 130
239 94
57 115
85 44
201 178
221 24
79 202
242 40
165 27
221 133
126 25
86 215
39 238
39 87
111 64
161 11
129 13
46 137
85 96
163 236
93 233
88 218
239 217
43 3
205 175
95 248
82 207
118 50
38 169
74 196
72 63
164 231
216 15
214 252
36 23
53 177
169 217
203 116
93 237
126 232
244 41
228 91
242 216
202 79
232 35
161 2
44 85
38 19
43 171
28 165
162 14
226 165
41 243
249 42
222 231
198 76
85 44
143 196
183 151
129 17
66 69
91 229
41 244
126 24
163 237
203 140
217 169
235 37
186 149
34 167
216 241
231 164
184 63
247 42
229 33
39 239
213 253
220 234
189 147
253 213
138 206
82 98
23 163
215 245
231 92
137 46
89 222
70 149
64 111
217 87
140 203
34 230
180 58
244 41
163 168
190 69
42 6
183 105
253 161
170 215
255 161
103 180
28 165
41 13
226 166
217 134
235 126
16 162
141 57
170 42
201 178
94 242
6 42
242 40
165 28
215 12
164 26
79 155
217 18
128 5
111 63
36 233
80 205
210 119
164 25
224 132
182 196
163 234
194 73
9 128
220 234
189 147
207 174
250 161
98 174
233 93
132 224
231 92
9 161
127 13
107 70
235 219
2 43
60 74
93 237
42 248
70 65
91 27
11 161
31 90
73 151
236 218
85 212
237 38
85 43
200 179
13 215
90 165
134 40
7 214
240 94
199 141
212 85
78 200
211 84
239 129
40 14
28 91
70 191
126 24
222 230
95 3
213 254
235 37
11 95
251 214
137 210
25 92
132 32
60 182
38 87
217 17
49 174
205 175
189 147
246 128
250 161
22 93
195 182
31 132
96 85
40 240
129 243
186 107
192 145
254 213
4 95
33 229
164 231
192 70
31 29
11 161
31 90
221 232
3 95
43 255
19 218
34 230
126 235
94 241
30 226
243 215
178 200
44 85
19 38
1 128
95 2
151 74
18 127
216 242
168 163
162 239
198 76
237 94
181 197
39 87
79 203
149 70
52 80
15 216
32 228
11 41
182 196
229 33
73 62
9 128
175 51
95 247
128 246
7 95
163 23
61 74
235 163
232 92
8 161
175 205
49 82
145 64
6 128
4 95
80 100
231 131
133 221
164 229
242 216
90 225
210 173
55 178
84 212
180 58
85 43
228 91
134 218
165 166
134 40
178 201
180 103
76 57
85 43
56 77
231 221
214 6
214 121
90 32
191 186
42 8
79 155
202 140
39 87
5 161
24 36
90 33
191 186
231 164
41 245
92 233
93 21
239 217
3 213
66 146
220 22
82 207
39 16
228 223
183 61
62 184
228 32
216 16
12 129
23 220
6 95
43 254
238 39
27 33
131 25
215 244
229 92
120 212
90 224
46 83
253 161
213 1
237 38
26 34
130 22
243 41
91 90
189 188
29 91
34 25
0 95
1 128
254 95
151 74
30 166
242 40
92 167
70 191
180 198
162 237
95 2
5 128
219 235
95 244
214 5
191 186
95 170
185 63
131 229
217 169
117 205
128 248
234 37
247 161
206 174
7 95
32 228
195 183
31 132
92 24
47 119
42 4
174 49
250 161
128 7
204 117
20 93
230 131
18 94
227 31
95 11
127 16
210 173
55 178
41 170
76 198
26 34
229 91
218 122
90 225
13 40
236 126
212 171
218 19
0 43
161 254
25 35
202 178
95 243
28 91
37 123
23 130
170 41
254 95
172 210
194 112
161 12
176 52
216 241
86 95
223 132
182 196
87 217
17 39
48 174
37 22
206 81
81 206
118 49
224 28
73 195
93 235
88 220
63 185
50 175
23 220
95 250
168 218
204 117
176 156
25 164
192 71
87 162
241 216
5 214
72 150
253 161
253 128
19 218
34 230
42 249
38 134
29 165
40 121
201 78
15 162
95 255
0 213
161 255
152 74
18 127
188 67
228 165
240 94
233 126
18 162
238 217
169 40
21 219
95 244
5 42
10 95
164 26
223 132
181 196
175 99
195 73
219 168
176 51
81 50
221 89
217 240
83 97
234 93
215 246
172 97
137 48
4 214
23 220
95 250
47 83
74 195
223 27
9 42
94 238
87 162
40 241
16 129
35 24
95 252
40 170
238 38
94 238
57 77
69 66
29 165
68 67
201 78
104 75
237 218
213 85
56 77
172 211
201 178
41 135
164 89
37 123
8 214
94 18
140 55
169 40
202 177
106 185
80 204
70 191
95 170
41 245
197 75
99 81
51 117
3 213
95 7
108 188
81 206
161 7
224 28
132 30
246 41
37 88
240 216
175 206
108 69
176 204
208 173
52 139
93 236
247 214
94 237
92 26
10 161
214 251
150 184
21 37
87 40
115 55
86 42
214 7
69 66
167 92
216 14
78 55
172 44
58 114
213 171
179 56
84 45
226 91
40 14
89 92
16 162
130 233
78 154
39 238
45 172
161 252
71 106
127 241
246 161
227 225
237 94
181 197
157 175
95 5
248 128
219 234
161 9
252 214
240 40
172 159
132 30
194 73
23 164
119 208
81 50
148 188
146 65
208 173
183 61
175 157
197 181
215 245
89 222
241 216
214 251
106 71
21 37
252 128
217 238
42 170
199 180
215 244
166 32
13 161
30 91
212 172
179 200
213 0
114 58
241 162
19 127
40 14
89 92
162 240
126 23
214 170
75 59
216 169
54 79
150 72
90 32
246 161
227 225
123 222
24 92
157 175
139 52
48 173
191 110
246 161
175 50
184 63
32 228
21 163
183 195
97 83
184 193
50 175
68 148
37 234
8 128
51 139
163 21
247 214
222 124
89 222
161 246
5 214
35 24
54 177
84 211
55 140
214 86
126 233
215 244
224 166
216 14
214 250
35 25
161 1
0 128
114 58
85 44
178 55
216 242
225 30
38 122
77 57
26 222
197 75
255 43
95 4
221 24
127 241
15 216
94 169
222 133
214 247
223 229
204 139
43 2
95 6
187 148
129 12
16 216
28 32
215 10
61 183
219 168
7 161
175 206
23 220
249 161
83 208
161 5
93 235
196 181
237 162
32 29
65 186
80 52
12 161
161 4
172 45
75 197
162 18
8 42
123 37
29 165
216 14
178 201
45 84
179 200
43 0
1 161
221 25
55 78
121 41
164 90
41 243
42 7
18 162
38 238
128 3
219 236
209 83
177 53
136 212
227 225
94 18
42 9
40 87
17 39
173 209
234 37
69 108
89 35
48 137
164 24
132 31
214 246
28 224
161 249
175 206
161 247
66 110
208 174
251 161
39 169
9 42
132 223
95 86
95 10
42 5
71 149
235 219
40 169
197 181
178 155
76 199
215 244
31 30
214 135
127 18
221 231
255 161
0 213
218 237
231 221
126 236
189 68
91 227
41 243
126 22
85 214
198 76
215 170
95 3
72 106
224 90
212 120
222 89
222 133
125 26
93 20
17 39
128 249
21 219
233 220
81 205
216 240
92 232
246 215
131 227
228 32
249 95
35 89
161 247
176 205
248 128
217 239
175 157
131 27
223 124
29 224
45 120
204 80
244 95
4 95
251 128
181 59
170 215
214 8
215 244
28 165
42 121
165 30
14 162
59 113
0 43
161 0
16 94
55 78
189 68
29 91
69 190
42 7
17 162
115 200
213 255
95 3
13 95
203 177
120 44
94 169
162 238
131 231
100 80
182 196
38 87
204 176
187 148
205 175
119 47
92 232
163 235
29 131
37 88
95 7
253 43
220 233
110 190
9 128
239 39
27 33
125 229
63 184
29 224
120 210
251 42
244 95
79 54
172 46
95 253
26 34
230 92
41 12
91 28
67 188
42 6
242 94
200 77
213 0
237 38
181 153
227 91
68 67
30 91
218 134
56 179
162 239
1 161
3 128
178 55
95 243
32 166
40 15
29 31
162 238
197 75
40 87
95 4
128 6
235 37
233 220
89 34
161 8
172 160
21 163
29 131
88 218
207 138
128 10
81 206
161 8
48 82
161 6
93 235
131 28
215 245
92 25
64 186
89 223
71 149
5 95
2 43
238 39
86 41
42 248
191 70
93 88
14 40
202 79
211 172
143 60
43 0
19 218
103 180
126 236
68 67
91 226
162 241
214 249
239 94
237 218
212 84
218 236
94 243
251 214
95 245
33 167
192 186
130 231
216 170
217 18
254 43
192 111
207 82
214 4
185 64
164 24
72 194
125 29
163 234
95 6
174 207
175 50
95 248
207 174
39 17
174 157
228 131
32 132
25 164
95 9
42 5
186 107
21 37
210 172
238 39
237 162
214 8
41 12
165 228
12 161
17 129
162 242
38 236
0 43
115 57
85 43
227 91
162 14
30 226
68 189
126 21
103 76
38 237
43 1
38 20
46 172
129 17
161 11
33 167
94 18
25 92
100 79
203 139
213 254
161 250
82 48
129 13
185 64
168 220
236 93
233 163
218 168
95 6
128 10
81 206
8 95
88 36
17 217
169 218
163 233
93 236
96 85
64 185
214 251
161 245
63 111
2 43
253 161
19 93
130 24
220 123
228 91
135 43
90 225
73 151
178 201
214 86
199 115
16 94
21 126
68 67
91 166
122 217
42 7
17 162
161 255
128 254
253 95
35 232
17 127
190 187
29 31
215 12
76 58
79 156
60 182
43 2
37 21
48 174
243 129
137 210
231 164
72 193
23 93
174 98
194 72
10 128
234 36
109 189
174 49
206 118
163 22
233 93
215 245
25 164
241 216
127 13
70 149
145 63
6 128
182 60
222 26
8 42
36 133
166 33
187 190
239 127
151 183
201 78
43 255
141 199
34 231
249 214
134 217
30 91
122 217
28 91
94 16
0 161
254 128
113 60
84 46
6 42
187 66
229 165
41 244
232 126
79 155
60 182
2 213
203 177
82 48
252 214
210 119
96 171
236 93
60 182
218 169
138 50
36 88
81 205
161 8
207 174
6 95
87 38
247 214
132 224
164 231
241 216
129 243
208 174
21 37
250 128
238 39
41 170
231 92
133 221
88 163
187 190
17 129
232 35
3 95
170 215
19 218
222 25
200 179
241 162
30 165
122 217
249 42
180 103
237 218
213 255
178 55
94 242
225 90
121 43
28 91
17 162
198 76
79 155
116 202
5 128
5 161
245 161
89 33
95 247
89 35
132 32
9 214
234 93
138 50
247 128
175 51
234 220
213 3
184 62
27 33
125 228
245 41
171 96
119 209
13 129
23 220
235 219
213 2
74 196
93 237
58 75
221 123
225 227
242 216
239 127
13 162
253 161
128 2
95 255
34 231
42 249
188 189
226 30
13 41
200 77
222 231
76 57
171 212
161 254
172 211
31 166
66 69
88 93
162 239
8 214
155 177
202 140
128 5
219 235
95 245
167 223
247 161
89 35
63 72
125 28
98 82
161 250
37 88
248 95
22 36
49 82
16 217
38 168
227 131
215 246
36 88
16 40
243 127
186 107
80 53
43 254
95 252
100 176
164 231
12 215
87 162
11 161
214 251
105 73
253 161
254 128
76 198
34 230
77 200
215 243
30 165
134 40
130 236
212 171
57 180
128 255
78 200
162 14
129 18
95 244
90 32
123 220
8 214
26 222
116 202
169 39
203 177
107 186
52 80
15 216
89 35
184 63
42 9
39 87
50 118
253 43
66 146
81 50
128 246
39 16
98 173
22 163
72 62
220 168
161 248
51 175
187 108
95 250
2 43
203 117
27 33
42 248
70 64
89 223
95 11
214 251
35 24
143 61
1 43
115 56
77 102
234 130
215 243
31 90
122 216
55 178
231 34
0 95
0 43
2 161
242 162
90 30
216 242
31 227
123 220
198 76
230 34
140 54
5 128
37 21
232 220
127 242
191 186
231 164
11 41
125 27
223 229
239 217
213 253
249 95
247 161
213 3
72 194
173 158
131 29
21 93
92 24
240 216
129 244
82 207
204 80
47 83
18 217
100 176
59 75
64 185
227 31
187 190
90 224
173 46
3 95
45 84
180 58
162 17
214 7
13 215
90 225
41 243
249 42
94 16
58 114
0 43
161 254
35 231
18 127
121 42
30 31
12 41
198 76
34 26
254 95
46 172
54 79
232 220
214 5
136 211
89 35
223 132
27 131
175 99
217 17
8 128
146 190
36 233
167 220
161 7
83 98
73 195
41 10
96 84
240 216
127 12
49 82
192 145
128 7
182 60
33 229
75 197
221 123
89 222
11 161
53 177
232 35
219 20
253 128
180 58
230 222
199 179
134 218
165 227
40 121
236 126
85 212
19 38
0 43
77 200
94 241
78 202
95 243
228 165
12 41
248 42
162 238
59 181
210 84
37 21
95 244
90 33
161 10
86 95
19 163
42 9
229 33
195 73
208 82
66 146
220 23
213 4
95 249
219 88
42 246
73 62
97 84
95 8
81 50
148 187
111 191
47 83
39 17
163 20
131 26
192 71
169 94
212 136
203 79
243 95
95 253
84 211
161 1
94 239
91 27
215 243
166 31
243 216
78 55
75 152
95 255
86 214
142 197
45 172
18 127
216 242
90 32
133 37
130 233
178 101
181 197
128 4
194 112
244 161
5 42
45 136
32 227
124 223
232 164
93 21
17 39
208 82
7 161
95 247
221 89
39 16
228 224
163 234
41 10
220 168
193 71
12 129
148 187
110 191
128 249
217 239
40 169
164 232
11 215
92 26
161 245
214 251
209 173
161 4
253 128
181 58
18 94
130 22
16 94
225 166
67 188
227 165
15 162
237 218
43 171
161 255
231 221
129 19
40 14
167 164
69 190
57 180
78 154
140 55
84 45
161 252
185 150
204 176
186 65
34 167
223 132
24 92
169 39
139 51
128 248
37 22
148 68
128 11
7 95
23 93
246 215
246 41
172 97
95 8
167 35
148 187
219 22
2 43
182 61
87 40
214 9
185 192
92 26
246 95
32 90
161 244
112 194
128 4
115 55
78 102
22 126
16 94
92 89
94 13
29 91
84 212
161 1
85 43
20 218
241 162
237 129
67 68
91 227
240 94
214 248
34 26
116 201
84 45
202 177
106 185
176 52
70 191
170 162
133 34
125 26
235 93
161 251
253 43
234 37
247 161
81 206
40 16
228 224
226 132
194 73
88 219
184 193
50 175
68 148
37 234
8 128
61 73
157 81
75 197
64 185
167 34
186 191
80 52
232 35
37 235
40 169
39 18
34 230
199 180
215 244
29 165
161 243
201 78
84 212
114 198
43 171
161 255
212 84
6 42
68 189
92 167
162 240
248 42
170 42
254 95
1 213
252 95
95 244
241 129
241 40
162 86
71 192
247 42
229 33
251 95
83 48
65 146
68 108
221 89
40 16
159 84
30 124
246 41
97 83
40 240
4 213
49 82
161 7
88 37
61 73
163 21
59 75
19 94
227 32
120 211
90 224
47 83
37 235
252 128
201 116
78 102
214 8
162 16
31 30
215 135
250 42
15 162
142 59
213 171
95 1
241 162
55 78
242 40
165 29
243 215
179 199
154 179
115 201
170 40
194 112
243 161
251 214
70 191
92 230
222 133
230 125
87 216
4 161
83 47
22 219
161 10
127 244
71 193
84 97
73 194
42 10
88 219
7 161
43 4
188 108
37 234
173 48
195 183
217 87
125 229
11 215
89 222
70 65
42 5
106 71
194 144
128 252
217 238
238 162
92 27
123 37
227 91
161 243
226 165
182 104
218 20
43 0
142 198
15 94
250 214
121 41
226 225
94 16
57 179
154 179
218 18
128 253
161 253
106 184
203 177
241 40
162 87
41 245
9 214
33 27
217 17
43 2
95 6
174 207
81 206
137 208
220 88
163 235
226 125
168 37
249 95
50 175
161 247
146 66
248 128
5 95
27 33
74 196
33 132
167 35
120 211
33 90
35 24
161 4
210 172
54 140
155 78
42 248
219 123
91 28
161 243
127 18
45 84
142 59
170 214
142 198
35 231
55 78
121 40
91 227
187 66
249 42
85 214
141 56
84 45
61 144
184 150
224 90
11 95
222 89
215 11
231 164
176 100
239 217
43 2
37 21
187 148
4 42
216 240
84 96
235 93
93 234
28 224
63 184
213 252
175 50
219 22
213 3
117 51
99 175
182 60
132 223
230 92
10 161
52 176
185 107
79 54
169 216
238 39
238 162
42 248
215 244
28 165
214 135
238 127
84 211
236 218
213 171
179 57
94 240
201 178
122 40
90 31
122 218
130 234
179 102
95 1
43 1
161 253
46 173
42 251
40 15
162 87
41 244
25 131
169 40
252 95
87 218
235 37
49 174
4 42
161 8
84 96
235 93
125 29
88 219
72 63
89 220
109 68
190 146
213 3
17 217
217 87
196 182
63 184
170 95
120 211
176 204
71 149
112 193
87 39
75 197
162 19
230 92
94 239
228 91
68 67
54 177
182 105
161 2
170 214
76 199
231 222
130 20
14 94
31 166
162 241
126 22
154 179
38 237
128 3
178 55
210 83
5 42
187 66
89 33
123 221
214 248
100 80
182 196
87 218
250 95
246 161
89 34
161 8
28 32
93 21
73 61
228 33
118 207
207 82
50 81
175 205
128 247
250 161
217 87
42 247
245 41
161 170
247 95
223 167
185 107
79 53
217 87
140 202
86 41
58 76
186 191
225 227
68 67
214 250
172 45
56 179
170 214
57 142
34 231
130 20
40 134
226 226
66 69
91 228
103 77
141 56
128 3
61 143
13 94
166 225
40 14
162 87
94 18
25 92
163 236
238 217
6 128
80 203
233 220
34 167
240 40
220 88
93 20
227 125
38 88
118 207
36 88
220 234
219 22
128 9
206 118
38 169
9 42
245 41
35 89
40 241
52 176
83 208
63 111
5 128
18 217
19 94
126 232
133 220
90 223
95 12
6 214
151 183
95 254
213 0
237 38
240 162
91 29
41 13
226 30
41 243
179 200
222 230
200 141
1 213
196 113
84 46
53 79
11 95
227 225
70 192
181 198
163 236
117 203
213 254
37 21
220 23
252 214
192 185
164 24
194 184
246 42
174 98
161 250
220 168
95 8
109 190
247 128
206 118
218 87
42 247
63 184
231 92
241 216
127 14
11 161
79 53
169 217
95 253
26 34
76 198
215 244
93 88
14 40
6 214
14 162
113 196
42 170
57 76
103 180
7 42
243 41
30 166
122 217
235 126
17 162
57 115
213 255
218 236
105 183
214 6
40 14
163 88
94 17
58 181
79 156
140 53
209 83
95 5
70 107
167 222
16 216
171 160
224 132
214 247
158 174
72 62
43 3
50 81
109 189
82 207
206 118
229 223
23 163
93 236
160 171
137 46
127 13
220 233
21 37
217 87
74 196
26 34
26 164
162 17
90 223
135 43
90 225
232 35
2 95
2 128
38 19
153 76
91 28
13 215
30 226
189 188
249 42
222 231
0 95
128 2
113 60
35 232
90 31
135 213
31 227
65 70
248 42
170 41
60 182
46 173
251 95
48 174
80 205
9 95
35 167
11 41
182 196
82 158
6 161
88 220
95 8
22 36
213 3
39 17
87 38
214 9
163 20
89 220
241 216
13 129
161 245
161 5
43 254
116 53
34 230
164 231
17 94
223 166
242 216
166 31
210 172
95 253
2 128
38 19
94 239
42 249
243 41
30 30
242 94
21 130
180 103
180 199
1 213
20 218
105 183
42 250
40 14
227 225
70 191
126 24
155 177
60 182
2 213
251 95
48 174
33 167
161 9
231 164
63 72
233 163
27 223
95 6
174 207
95 8
67 109
174 49
250 161
223 27
182 61
132 224
228 32
64 185
127 13
161 245
5 95
250 128
95 253
177 156
75 198
215 244
165 229
66 187
42 6
210 172
161 3
44 85
19 218
76 103
179 56
189 68
30 90
215 13
126 20
76 153
38 237
214 170
20 218
14 94
225 90
14 216
88 93
12 41
26 92
34 26
181 196
39 87
111 63
11 95
52 80
161 9
167 221
41 245
74 60
27 223
138 50
37 88
81 205
220 22
10 128
250 161
168 218
22 163
10 215
88 220
240 216
243 127
161 245
64 111
173 47
53 139
229 223
231 92
123 35
169 93
14 40
6 214
84 210
3 95
41 170
95 255
171 213
21 126
188 190
226 226
243 215
249 42
85 212
0 95
128 255
236 38
84 45
177 54
42 135
31 227
133 36
126 24
237 94
217 18
87 217
203 177
149 70
251 214
210 120
231 164
33 124
28 131
223 229
95 6
88 219
81 205
161 9
88 36
184 62
168 218
74 195
184 194
24 164
161 248
4 214
207 174
219 21
83 209
203 117
87 40
181 59
123 35
225 227
245 95
42 5
72 151
38 236
253 128
200 115
94 239
130 21
187 190
165 166
188 67
214 249
212 171
142 57
128 1
77 200
45 172
129 18
161 12
228 165
12 41
92 230
94 19
181 197
210 84
21 219
48 173
52 80
120 46
224 29
63 72
27 131
175 99
217 17
174 208
22 219
147 67
220 88
249 161
158 83
125 227
163 21
28 224
64 185
12 129
108 69
80 52
7 128
203 117
100 176
42 248
35 133
167 33
44 120
16 129
46 83
113 195
41 170
180 58
179 154
228 91
218 122
31 90
13 41
78 55
103 75
0 161
214 170
143 197
84 45
214 6
161 12
228 165
186 65
230 164
94 19
202 140
128 251
251 95
244 161
251 214
45 136
89 35
215 11
196 74
93 21
239 217
208 82
190 110
188 147
82 206
95 249
33 228
246 214
21 93
168 36
240 216
222 167
23 220
64 111
249 128
52 139
236 163
25 164
18 94
92 27
44 120
129 240
83 210
20 37
41 170
237 38
102 179
249 214
162 15
30 226
216 135
178 201
104 75
179 199
171 213
236 38
152 74
54 78
214 121
224 90
16 162
76 58
222 230
39 238
128 252
161 252
83 47
166 223
95 246
167 221
11 41
42 9
81 157
39 239
248 128
7 161
9 95
11 128
39 16
28 32
195 183
163 21
88 220
16 40
4 214
82 207
219 22
47 83
239 39
229 223
131 26
185 192
162 169
44 120
251 42
72 150
95 253
43 255
141 200
239 162
42 249
15 94
90 225
189 189
55 178
75 152
38 237
0 213
77 200
94 241
6 42
215 121
224 90
123 219
214 248
86 214
55 116
1 213
252 95
150 71
166 223
211 120
230 164
71 193
182 196
39 87
73 61
37 88
146 191
68 108
11 128
95 249
37 168
22 163
21 93
228 32
193 71
4 214
148 187
110 191
249 128
139 204
229 223
75 197
238 162
89 222
216 15
214 251
232 35
37 236
86 40
75 198
86 42
165 229
218 122
225 166
162 243
201 78
152 181
161 1
171 42
236 38
172 211
201 178
242 40
89 92
66 69
27 92
78 154
18 39
84 45
144 194
47 173
241 129
95 246
86 95
223 132
214 247
235 93
205 139
128 8
146 191
188 148
252 213
249 161
168 219
22 163
246 41
219 168
216 16
4 214
82 207
37 234
43 254
117 52
20 93
197 181
215 245
225 227
186 191
53 176
35 24
112 194
87 40
75 197
102 178
165 229
243 41
167 92
67 188
127 19
84 212
57 179
128 0
114 59
45 172
129 19
41 135
167 164
244 215
42 8
214 170
75 59
213 255
219 235
12 95
52 80
136 211
170 161
41 245
92 232
21 163
73 61
248 128
37 22
161 9
89 35
193 184
32 228
183 61
93 235
37 88
119 208
127 11
174 49
110 191
128 248
251 161
229 223
197 181
215 245
29 225
161 246
166 32
173 47
194 144
128 4
254 161
222 26
92 27
219 122
91 29
13 161
55 178
181 104
179 200
213 85
77 200
241 162
129 19
162 13
166 225
240 94
76 57
34 26
201 140
84 45
79 202
12 95
241 129
120 44
164 26
34 123
131 230
217 169
139 52
218 168
7 161
174 207
252 214
208 119
172 159
194 183
234 163
173 97
63 184
175 206
95 9
176 204
83 208
139 205
27 33
229 131
215 245
230 92
65 186
129 241
209 173
144 62
172 45
181 59
230 222
248 214
187 190
32 90
216 14
91 226
94 15
20 38
128 0
237 38
172 212
165 227
162 13
225 30
240 94
22 130
26 222
238 218
4 128
235 37
244 161
5 42
241 40
92 230
11 41
59 181
40 87
117 204
47 173
204 176
220 23
89 35
137 208
88 37
163 235
30 132
159 173
48 118
35 89
188 108
65 110
248 128
95 251
39 169
229 131
193 71
222 167
186 191
52 176
12 161
4 95
252 128
238 39
78 101
76 199
162 16
90 224
40 242
178 201
152 182
56 179
128 0
237 38
94 241
201 178
14 216
31 226
16 162
199 77
94 18
1 161
255 43
236 37
83 47
240 129
241 40
29 31
34 123
197 75
80 156
161 252
254 43
191 110
108 187
252 214
48 137
84 97
225 132
30 131
163 233
161 249
167 35
188 109
219 22
248 128
183 61
33 229
24 164
33 132
221 167
186 191
204 80
150 185
161 4
128 252
39 18
222 26
8 42
187 191
92 89
188 189
42 6
74 152
20 38
85 213
77 199
16 94
55 78
188 189
91 227
38 122
249 42
214 171
237 218
41 86
78 201
13 95
166 224
216 241
169 162
18 162
92 231
93 20
74 60
209 83
111 64
82 49
167 222
137 209
36 168
246 215
131 227
233 93
118 207
89 221
95 9
161 7
82 208
17 217
21 93
42 247
245 41
35 89
40 241
80 52
209 173
177 202
169 216
54 140
101 178
130 23
240 162
165 228
121 214
42 6
221 231
218 20
1 128
57 77
75 104
20 126
68 67
31 166
241 94
199 77
162 239
1 161
213 255
143 195
243 161
240 129
212 120
87 94
41 244
8 214
33 27
39 239
38 87
64 145
233 220
4 42
209 119
24 92
194 184
22 93
233 93
72 63
82 49
147 188
81 51
48 82
205 118
99 175
42 247
215 245
89 221
65 186
33 90
220 232
251 161
43 254
95 253
41 170
76 198
186 191
29 225
14 40
18 129
45 84
38 236
43 0
57 76
34 231
201 178
67 188
166 225
134 38
7 214
85 213
115 200
215 170
218 236
46 173
214 5
245 161
229 164
18 162
248 42
33 27
203 139
47 173
52 80
23 36
175 51
137 209
232 164
124 225
183 195
223 228
95 7
168 36
161 247
8 95
168 219
183 62
174 157
233 93
236 163
161 170
46 120
223 167
232 36
95 251
84 210
75 197
101 177
180 58
162 17
168 93
40 242
127 18
45 84
200 77
43 0
0 161
162 16
200 178
188 189
226 30
41 243
126 21
17 162
198 76
170 41
3 161
73 105
53 79
95 245
167 223
12 41
25 92
223 229
18 39
209 83
37 21
36 233
51 81
240 40
228 224
41 246
93 234
168 38
184 194
36 88
234 36
161 8
43 253
138 206
22 93
60 74
245 41
92 25
120 210
42 5
161 245
63 111
217 87
3 95
155 79
24 126
215 244
90 224
244 95
250 42
14 162
161 2
214 86
141 199
44 171
56 77
41 13
166 226
188 67
56 179
85 213
115 200
43 1
20 218
35 232
53 79
120 43
87 93
12 41
8 214
170 40
60 182
47 173
80 203
208 82
214 4
192 185
164 24
93 20
74 61
229 33
184 194
128 246
81 206
220 22
168 220
239 39
98 174
196 182
236 163
167 35
241 216
251 42
186 107
203 79
46 83
182 60
155 79
26 164
244 41
90 223
190 69
90 225
84 210
196 143
85 212
141 199
222 25
179 56
217 122
30 91
68 189
130 235
180 103
58 180
212 85
95 3
183 151
90 31
187 66
165 27
133 35
198 75
170 41
18 39
83 47
192 111
70 107
175 51
9 95
92 231
132 32
9 214
229 33
239 217
88 220
234 36
8 95
128 247
183 62
98 174
196 182
236 163
25 164
40 241
51 176
174 48
21 37
87 39
161 3
86 41
180 58
239 162
223 166
40 242
214 250
232 35
20 38
254 128
199 115
43 171
28 165
94 242
226 226
13 41
228 165
171 43
0 95
85 44
178 55
162 14
6 42
187 66
90 33
17 162
198 76
237 93
116 203
173 210
79 203
186 149
214 4
95 247
228 224
11 41
182 196
98 82
138 50
174 207
51 81
234 220
168 220
50 138
93 234
125 228
193 72
92 25
15 40
89 222
70 149
177 203
217 87
18 217
170 215
8 42
221 123
33 90
216 14
202 79
151 183
113 196
128 254
19 218
153 76
56 77
94 241
166 91
39 122
249 42
103 76
19 38
85 44
78 201
84 46
17 127
135 213
88 93
41 244
26 92
26 222
74 60
254 43
177 53
48 174
214 4
210 119
89 35
124 224
163 23
174 98
250 95
36 88
51 81
22 36
82 207
184 62
98 174
9 42
215 245
220 168
185 192
34 89
48 82
161 5
83 209
53 140
230 223
231 92
94 239
165 229
187 190
177 203
94 13
143 60
44 85
56 141
213 85
214 7
122 39
90 165
67 68
28 91
25 222
19 38
42 86
78 200
94 242
31 166
42 135
90 33
186 65
230 164
170 41
3 161
46 173
203 177
208 83
242 129
70 192
35 167
72 193
163 23
82 158
73 62
3 213
175 51
220 22
207 174
161 6
163 22
214 10
124 31
36 88
247 95
42 4
36 23
37 235
2 43
4 95
176 156
214 8
12 215
169 93
40 242
214 250
221 232
38 236
85 212
38 19
179 153
56 77
15 94
225 166
94 14
130 236
180 103
180 199
42 86
236 38
172 211
166 225
121 42
165 28
94 17
164 26
26 222
161 253
43 2
37 21
233 220
214 5
40 15
28 32
193 184
228 125
27 223
183 194
9 128
161 248
175 206
36 168
217 240
38 168
10 42
194 72
32 28
47 119
167 34
36 23
95 250
173 47
139 203
163 20
181 59
215 244
27 164
161 245
225 166
105 72
161 3
44 84
76 198
171 213
165 228
134 217
91 90
243 215
91 227
16 162
114 199
214 170
77 200
14 94
177 54
216 242
31 227
17 162
214 248
215 170
197 75
251 128
5 161
36 232
89 33
70 191
32 227
11 41
233 164
235 93
5 161
213 253
146 190
109 189
220 88
39 16
33 228
42 246
235 163
220 168
216 16
252 42
220 233
52 176
7 128
252 161
176 156
125 231
238 162
167 33
187 190
240 127
173 46
20 38
213 1
38 19
213 85
126 234
243 41
165 166
243 215
20 130
240 94
77 57
170 42
161 254
211 84
54 78
189 188
32 166
65 70
126 24
86 215
140 54
217 169
79 202
24 36
14 127
15 216
95 170
72 193
131 229
99 81
117 205
213 253
205 176
81 50
245 128
161 7
158 83
42 246
225 124
84 160
64 185
12 129
246 95
52 176
128 249
52 139
236 163
26 125
12 215
29 225
245 95
5 214
83 210
3 95
3 128
76 198
77 102
199 179
66 187
29 165
189 188
201 78
162 240
58 114
0 43
236 38
35 231
202 178
135 214
91 228
41 244
23 130
101 78
75 59
87 216
144 194
83 47
90 33
40 15
26 92
245 215
74 60
87 217
251 95
37 88
37 22
68 109
252 213
207 118
93 233
125 227
93 235
24 164
185 193
81 50
23 220
234 219
168 218
61 74
236 163
231 92
245 41
162 169
136 44
224 166
173 47
3 95
84 211
19 218
179 154
7 42
94 241
227 91
67 189
129 237
241 94
199 77
170 42
218 236
172 211
202 178
189 188
164 89
215 12
42 8
162 238
55 116
87 216
21 219
83 47
42 251
161 10
26 92
71 193
92 232
223 229
61 183
253 43
219 234
36 233
50 81
72 193
228 224
30 125
132 225
164 232
248 95
221 167
23 220
146 65
168 218
39 17
176 156
24 164
185 192
222 167
191 69
53 176
83 209
178 202
253 128
254 161
26 34
42 249
218 122
91 29
242 216
227 165
44 85
198 142
42 85
200 179
84 45
250 214
161 13
30 31
244 215
27 92
78 154
39 238
1 213
252 95
47 173
241 129
241 40
227 224
33 124
247 42
27 223
61 183
208 83
110 65
50 174
11 128
193 184
159 83
226 132
21 93
97 84
216 16
129 244
246 95
176 204
43 254
61 74
163 20
197 181
41 11
164 230
15 40
129 241
35 24
194 144
216 86
38 18
94 238
214 7
122 38
89 164
162 243
214 250
44 84
114 198
213 171
95 1
94 241
78 201
68 189
224 90
215 12
180 199
170 42
75 59
4 128
62 144
12 95
241 129
246 161
161 86
34 124
125 26
217 169
52 117
48 173
52 80
108 188
43 252
72 193
88 37
10 41
124 30
32 28
16 40
4 214
161 246
110 191
83 208
251 161
235 163
232 92
123 34
222 167
186 191
80 52
244 95
37 235
40 169
238 39
178 154
180 57
37 134
92 89
67 188
250 42
84 212
77 56
0 43
19 218
104 181
178 55
242 40
166 225
215 12
164 27
86 214
95 2
84 45
79 202
72 106
80 203
246 161
86 94
222 133
181 197
93 21
217 17
213 254
191 110
220 23
11 127
208 119
172 159
73 194
124 30
219 168
161 249
167 35
247 95
22 37
173 48
205 117
163 21
247 214
41 11
86 161
186 191
251 42
35 24
144 62
211 172
75 197
102 178
214 8
12 215
91 29
242 216
165 30
162 241
1 95
213 0
179 57
172 212
178 55
94 243
225 30
122 218
77 57
162 238
254 95
1 213
161 252
150 72
90 32
120 44
169 162
245 215
125 26
40 87
252 95
2 213
6 161
23 36
175 50
71 193
224 28
163 235
22 93
93 23
48 118
43 4
206 175
204 80
173 48
5 95
87 39
196 181
33 132
92 26
15 40
5 214
47 83
62 112
252 128
181 59
230 222
130 23
16 94
227 91
216 14
30 91
211 172
56 179
213 171
142 198
104 181
201 178
67 68
31 226
162 240
126 22
77 154
95 1
128 253
37 20
184 150
251 214
120 44
87 94
64 71
125 26
40 87
4 161
47 173
161 250
161 10
4 42
248 161
232 164
21 163
125 30
93 23
95 7
11 128
247 95
190 146
43 253
195 183
39 169
74 196
63 185
221 167
216 15
241 127
35 24
54 177
210 172
181 59
18 94
199 180
65 187
92 89
243 95
250 42
45 84
161 1
0 43
114 58
171 212
214 7
68 67
227 165
38 122
91 229
214 171
218 19
1 213
253 95
243 161
224 90
241 40
94 169
238 94
125 26
176 100
161 252
168 38
52 80
187 148
244 129
185 63
172 160
62 73
93 234
28 224
7 161
11 128
247 95
7 95
219 88
217 239
157 81
9 42
71 63
224 227
95 10
33 90
95 12
194 144
213 2
39 18
170 215
26 164
186 191
165 228
189 68
226 165
94 14
2 95
0 43
95 0
75 104
201 178
243 41
166 225
122 218
199 77
213 171
141 56
253 128
236 38
150 72
16 127
11 95
169 162
185 64
164 25
80 156
95 4
213 254
235 37
69 108
34 167
161 8
228 224
72 194
61 183
233 93
39 240
89 220
161 247
95 249
213 3
5 95
229 223
229 131
124 33
170 95
120 211
176 204
24 220
219 21
172 46
217 238
237 162
180 58
41 12
29 225
121 214
129 238
211 172
161 2
86 42
218 237
212 85
126 236
68 67
166 225
94 15
91 228
154 179
218 19
41 86
3 161
184 150
251 214
136 212
92 229
41 244
181 197
236 93
182 196
43 2
52 80
148 69
127 244
8 95
32 228
215 10
61 183
218 168
72 62
10 128
234 36
95 248
82 208
217 239
93 235
74 196
215 245
167 35
120 210
223 167
11 161
21 37
39 169
197 181
41 170
198 180
41 12
88 163
135 42
6 214
105 74
20 38
43 0
237 38
76 103
249 214
67 188
30 30
243 215
228 165
154 179
1 161
43 1
236 38
232 221
127 240
136 213
33 167
133 35
231 126
223 229
60 182
47 173
37 21
108 187
222 89
71 192
224 28
246 215
93 234
163 234
138 49
246 128
95 8
219 22
253 213
95 250
174 157
74 196
163 20
221 167
192 70
251 42
83 208
5 95
46 84
18 217
41 170
24 126
191 70
225 227
242 216
225 166
94 14
178 200
255 128
0 161
153 76
236 130
40 134
30 226
134 39
56 179
239 94
58 180
2 128
3 161
232 221
90 31
161 11
223 89
133 35
164 25
40 86
196 74
217 169
37 21
36 233
205 175
47 137
160 85
20 163
195 74
38 88
206 138
49 174
234 36
147 66
128 247
17 217
98 174
228 131
124 32
231 92
247 95
129 242
149 186
79 53
217 87
39 18
177 155
248 214
162 17
225 227
216 14
129 239
46 84
201 78
1 43
161 0
85 43
56 77
188 189
165 90
13 41
77 56
153 180
76 58
43 1
60 143
210 84
225 90
121 43
227 225
221 133
248 42
100 79
116 203
83 47
192 111
70 107
81 205
40 16
220 89
72 194
195 74
88 218
50 118
88 220
175 50
8 95
213 3
206 118
223 27
182 60
184 193
85 160
247 95
13 129
174 48
21 37
128 250
74 196
163 19
8 42
215 244
90 223
216 14
202 79
105 73
161 2
128 2
180 58
171 213
249 214
162 14
90 30
94 15
165 28
171 43
115 199
2 128
95 2
35 232
6 42
95 244
166 223
65 70
130 231
215 170
140 53
210 83
161 251
208 82
4 42
137 210
164 25
224 132
196 74
82 158
217 17
9 128
234 36
81 51
43 253
6 95
38 169
23 163
245 41
85 160
9 161
167 34
149 186
111 192
128 6
3 95
170 215
126 231
17 94
90 223
12 161
31 90
151 183
201 78
2 128
180 58
180 153
214 7
162 15
30 226
242 94
200 77
34 25
115 199
41 86
201 178
221 24
250 214
69 190
90 33
123 220
126 24
222 230
203 140
254 43
63 145
233 220
129 13
137 210
228 224
11 41
42 9
223 229
118 206
3 213
22 220
109 189
3 43
95 250
88 38
228 131
41 11
96 85
9 161
51 175
186 107
37 235
213 2
116 53
40 170
25 164
123 35
90 223
242 216
203 79
94 13
20 38
254 128
255 161
34 231
228 91
162 15
30 165
162 242
228 165
94 16
199 76
255 43
78 201
105 183
202 177
242 40
163 88
244 215
92 230
155 177
196 75
213 254
5 161
36 233
129 14
161 9
228 224
184 63
23 93
163 234
194 73
88 219
51 81
81 50
10 128
138 207
163 22
10 42
31 132
220 168
47 119
127 13
245 95
176 203
213 2
238 39
229 223
198 181
123 35
169 93
216 14
42 6
84 210
55 178
43 255
180 58
171 213
130 21
217 122
91 90
243 215
20 130
171 44
95 0
170 42
38 20
105 182
202 177
14 216
93 168
17 162
198 76
222 230
202 140
254 43
5 161
208 83
251 214
120 46
32 228
63 72
60 182
39 87
118 206
43 3
161 248
206 81
207 174
39 16
28 33
42 246
246 41
24 164
47 119
34 89
161 246
203 80
209 173
95 252
216 87
248 214
186 192
94 87
187 190
225 166
151 183
95 253
128 3
115 56
213 85
165 228
66 187
226 30
188 67
200 78
44 85
218 19
42 86
38 20
221 25
166 226
161 12
29 31
17 162
42 8
101 79
140 54
251 128
63 144
245 161
242 129
65 70
32 227
237 93
196 74
33 27
251 95
208 82
95 7
175 206
246 128
72 194
158 83
10 42
31 132
220 168
240 216
222 167
95 10
64 111
169 218
53 139
236 163
181 59
162 18
229 92
95 11
16 129
24 221
253 161
128 253
255 161
77 102
7 42
215 243
30 30
242 94
42 7
212 171
57 180
255 128
236 38
35 231
238 129
95 244
31 227
244 215
232 126
86 215
140 54
46 172
95 5
161 12
80 204
120 45
95 170
72 193
229 125
27 223
17 39
213 253
219 234
9 95
213 3
138 207
233 163
93 22
31 132
160 172
248 95
129 244
246 95
6 95
173 47
182 60
27 33
25 164
215 244
169 94
216 15
42 5
243 95
78 55
43 255
19 218
230 222
126 234
15 94
30 30
68 189
130 236
44 85
198 142
128 255
95 2
84 45
127 238
13 95
31 226
12 41
180 198
34 26
59 181
40 87
112 62
83 47
33 166
120 45
32 227
245 215
9 214
27 223
117 205
253 43
37 22
95 247
128 11
16 217
233 163
131 29
183 194
168 36
216 16
167 34
207 174
37 234
38 168
195 182
93 236
131 26
238 162
167 34
11 161
129 240
209 173
178 201
128 253
200 115
162 17
126 234
187 190
31 90
135 40
250 42
162 240
179 199
255 128
1 161
182 152
214 6
68 189
224 90
12 41
126 23
42 86
217 18
169 40
202 177
24 35
129 15
40 15
32 227
185 63
60 182
169 39
161 251
88 219
249 95
206 81
81 206
39 16
168 219
73 195
93 235
168 36
137 48
244 127
95 10
191 146
7 128
182 61
27 33
214 9
192 71
31 29
95 11
166 32
95 13
61 112
84 211
18 218
214 86
165 229
66 187
225 166
40 242
55 178
85 212
38 237
85 43
197 114
182 152
42 250
243 161
91 227
37 123
214 248
162 238
161 254
45 172
112 62
232 221
52 80
246 161
167 222
41 245
131 229
87 217
5 161
128 248
22 219
68 108
89 35
208 119
23 93
163 234
30 132
224 228
240 216
35 89
148 187
52 176
168 218
204 117
169 216
230 131
192 71
26 164
136 44
176 203
173 47
95 252
170 216
95 254
178 154
7 42
94 240
31 90
243 94
6 214
172 44
1 95
43 171
197 114
84 45
165 226
68 189
164 89
162 240
126 23
178 102
95 2
252 128
21 219
12 95
90 32
241 40
170 161
64 71
131 230
235 93
251 95
88 219
191 110
9 95
245 128
193 184
233 163
246 215
124 30
219 168
40 240
214 252
10 161
191 146
213 3
95 251
87 39
164 232
123 34
230 92
70 65
52 176
161 244
202 79
40 169
2 95
78 102
229 92
37 134
167 92
243 95
6 214
44 84
95 255
43 171
200 179
181 152
237 129
68 189
89 92
219 134
248 42
18 162
201 140
255 43
252 95
47 173
214 5
241 40
167 222
123 222
59 181
229 33
73 61
88 218
161 249
23 36
4 42
240 40
23 92
41 246
226 124
88 219
161 249
252 43
247 95
7 95
88 37
251 161
93 235
229 131
245 41
164 230
15 40
214 251
83 209
79 54
255 213
2 95
162 18
164 229
244 41
224 166
243 95
19 129
45 84
20 38
128 0
114 58
75 104
91 29
41 135
89 92
134 38
229 165
179 102
161 254
172 211
144 194
83 47
53 80
120 44
29 31
41 245
9 214
27 223
17 39
128 249
234 37
10 95
244 129
208 119
224 28
194 183
183 195
97 83
138 48
128 11
68 148
234 219
173 48
161 5
27 33
24 164
11 215
89 222
191 70
42 5
244 95
54 177
216 87
75 197
154 78
199 180
219 123
226 31
216 14
226 165
241 94
142 59
43 85
237 38
171 212
19 127
68 189
92 167
162 240
249 42
94 18
218 18
255 43
161 253
173 209
79 203
187 65
87 94
41 245
230 125
33 27
217 17
213 254
22 219
49 174
129 12
40 16
97 172
41 246
22 93
233 93
72 63
167 35
175 50
176 205
128 248
239 39
217 87
196 182
124 33
167 35
95 10
129 241
95 12
62 112
4 128
201 116
178 155
233 130
65 187
92 89
14 40
78 54
211 172
77 56
213 0
237 38
85 44
42 249
13 216
30 226
122 218
130 234
154 179
58 180
215 170
20 219
161 13
127 240
216 241
164 27
123 222
125 26
87 216
117 204
209 83
161 250
207 82
175 51
119 47
92 232
183 62
163 22
159 173
207 138
4 213
206 175
110 190
248 128
239 39
87 39
42 247
33 132
170 95
216 15
223 166
185 107
37 235
172 46
18 217
162 18
8 42
70 65
28 165
214 135
18 129
152 182
142 59
170 214
161 0
25 35
126 236
216 122
91 227
241 94
7 214
85 214
218 19
41 86
195 113
24 35
224 90
187 66
94 169
12 41
181 197
236 93
95 4
7 128
204 176
10 95
244 129
248 161
84 96
132 31
73 61
158 173
207 138
43 3
36 23
66 110
128 9
95 251
27 33
27 125
63 184
86 161
70 65
166 33
161 244
144 63
210 172
75 197
19 94
248 214
186 191
228 91
67 188
166 30
221 231
95 254
214 86
76 199
25 34
55 78
68 67
226 30
162 241
165 28
43 85
95 1
3 128
95 3
184 150
251 214
136 212
167 223
64 71
214 248
87 216
117 203
173 209
111 64
148 69
42 252
95 248
92 232
184 62
227 125
93 23
161 249
213 253
234 36
161 7
128 9
138 205
223 27
247 214
223 124
164 231
46 120
80 52
232 36
112 193
87 39
202 116
170 215
248 214
123 36
93 88
244 95
177 202
231 35
38 236
128 1
237 38
85 44
7 42
94 242
31 166
190 187
200 77
85 213
161 255
41 86
95 3
162 13
42 251
242 40
27 91
94 18
92 231
80 156
74 60
169 38
176 53
148 69
214 4
161 8
96 171
93 20
29 131
22 163
49 118
168 36
8 161
81 51
49 82
194 183
163 22
214 9
32 132
89 221
241 216
251 42
107 70
21 37
217 87
181 59
177 155
164 230
191 70
88 163
190 68
79 54
14 162
78 56
213 0
161 0
76 103
7 42
94 242
225 90
41 243
179 200
153 179
38 237
170 41
61 143
46 172
42 250
136 213
33 167
238 94
25 130
86 216
74 60
83 47
235 37
70 107
42 252
9 95
171 160
41 245
29 131
223 229
184 194
213 253
36 22
161 8
36 168
183 62
98 174
247 214
41 11
164 231
95 9
167 33
245 95
21 37
251 128
3 95
79 101
248 214
162 17
90 223
135 42
17 129
84 210
161 2
171 44
38 19
43 171
20 126
162 14
90 30
217 134
214 249
43 85
76 58
215 170
201 178
221 24
90 31
242 40
168 163
70 191
214 248
177 100
203 140
128 6
177 53
245 161
51 81
185 64
224 28
236 93
125 28
82 158
194 72
246 128
22 220
189 147
36 168
183 62
98 174
163 233
124 32
164 231
46 119
4 214
245 95
251 161
2 43
3 95
163 19
8 42
186 191
90 223
190 69
31 90
183 105
113 196
44 85
180 58
171 213
214 7
243 41
30 91
217 134
130 235
162 239
0 95
215 170
254 95
35 232
225 90
121 43
163 88
70 191
42 8
26 222
116 203
254 43
63 145
233 220
4 42
71 192
85 96
20 163
233 163
27 223
95 6
168 36
161 248
67 109
36 168
194 183
234 163
74 196
132 224
224 228
46 119
176 205
245 95
235 219
217 87
95 253
170 215
180 58
162 17
31 29
216 14
54 177
242 94
113 196
215 86
161 0
43 171
126 235
241 162
165 166
162 242
56 179
153 180
38 237
170 41
95 2
105 183
90 31
43 135
91 228
65 70
180 198
93 19
74 60
43 2
63 145
220 23
129 13
210 119
32 228
236 93
9 214
158 174
73 62
174 207
234 36
189 147
88 36
184 62
33 229
74 195
163 20
32 28
137 47
252 42
186 107
111 192
173 47
116 53
26 33
25 126
35 133
225 227
213 135
90 225
151 183
236 218
254 128
19 218
34 231
228 91
41 13
91 90
13 41
56 179
213 171
57 180
128 2
254 95
14 94
17 127
95 244
31 227
65 70
26 92
177 101
116 202
254 43
21 219
23 36
127 242
247 161
224 28
124 224
60 182
169 38
62 183
174 207
190 109
8 95
88 36
62 72
168 218
246 214
62 184
36 88
192 71
42 4
161 245
145 64
217 87
161 4
229 223
130 25
133 221
163 169
213 136
166 31
13 162
161 3
254 128
38 19
26 34
249 214
134 217
31 90
162 242
214 249
85 212
161 0
212 85
113 60
221 25
238 129
95 244
88 93
65 70
42 8
41 86
238 217
217 169
251 95
95 245
176 52
241 40
228 224
124 224
131 228
33 27
161 250
88 219
161 248
220 22
88 36
95 249
223 28
246 214
93 235
36 88
185 192
252 42
10 161
145 64
6 128
4 95
216 87
197 181
70 64
31 29
14 40
31 90
46 84
78 55
172 44
180 58
34 230
235 130
66 187
91 30
94 14
42 7
44 85
237 218
255 128
2 161
74 105
18 127
67 68
32 166
162 239
24 130
19 162
161 253
217 169
37 21
149 71
251 214
186 65
95 170
33 124
125 27
157 174
118 205
253 43
110 66
81 50
3 43
62 72
28 33
234 93
194 72
172 96
209 137
12 129
220 233
111 192
128 249
252 161
87 40
92 25
185 192
27 164
190 69
127 16
72 150
38 236
213 1
115 56
222 26
228 91
187 190
165 166
13 41
126 20
94 16
76 57
0 43
38 20
45 172
90 30
244 161
165 28
36 123
164 26
19 162
95 3
251 128
5 161
83 48
166 223
10 95
221 89
215 11
60 182
81 157
17 39
208 82
95 7
161 9
50 82
249 161
158 83
227 131
183 194
24 164
16 40
252 42
108 69
21 37
47 83
52 139
40 169
247 214
133 221
94 87
120 212
32 90
184 106
161 3
172 45
76 198
222 26
199 179
15 94
165 166
41 243
249 42
85 212
57 179
0 213
200 179
45 172
18 127
14 216
228 165
219 133
26 92
162 238
202 140
84 46
177 54
83 47
242 129
136 211
89 35
33 124
27 131
33 27
39 239
208 82
80 205
95 247
50 81
49 138
168 219
183 61
21 93
172 97
209 137
175 206
233 36
250 161
43 254
39 17
163 20
9 42
238 162
164 229
161 245
240 127
47 83
3 95
172 45
56 141
154 77
249 214
187 190
165 166
94 14
91 227
16 162
58 114
213 85
161 255
15 94
42 250
135 214
226 225
191 187
27 92
18 162
39 238
255 43
62 144
83 47
176 52
15 216
161 86
124 223
131 229
169 39
117 205
37 88
219 234
206 81
50 81
118 49
83 97
61 73
225 124
172 97
137 48
221 167
23 220
6 95
47 83
161 4
169 216
42 247
215 245
169 94
187 191
203 80
243 95
219 20
128 3
75 198
222 26
77 199
66 187
29 165
135 41
201 78
181 104
38 237
43 0
218 236
182 152
19 127
14 216
166 224
215 12
248 42
94 18
75 59
84 45
177 54
71 106
129 15
241 40
227 224
162 237
164 24
93 21
205 139
48 173
234 37
68 108
89 35
161 7
97 173
215 10
10 215
172 97
119 208
12 129
82 207
161 6
38 168
161 4
229 223
42 247
11 215
162 169
40 241
127 15
209 173
144 62
172 45
254 161
179 154
249 214
240 162
91 29
14 40
42 6
84 212
57 179
0 128
179 56
182 152
226 91
41 135
32 166
12 41
248 42
86 214
181 197
255 43
194 112
95 244
129 15
65 70
222 89
222 132
9 214
81 157
195 73
219 168
7 161
207 82
167 221
119 48
159 83
235 93
226 124
219 168
208 137
127 11
246 95
249 161
83 208
251 161
39 169
26 125
245 41
92 26
70 65
127 15
173 47
95 252
211 172
55 140
154 78
164 229
240 162
31 30
215 135
129 237
212 172
161 1
213 171
95 1
104 181
178 55
215 121
30 31
240 94
27 92
178 102
254 95
1 213
21 219
83 47
42 251
161 10
26 92
71 192
26 131
27 223
39 239
88 218
191 110
220 23
245 129
48 137
37 168
21 163
195 73
228 32
48 119
4 213
82 207
191 146
219 88
17 217
223 27
232 92
222 124
224 227
191 70
241 127
35 24
177 202
169 216
201 116
78 102
233 130
240 162
165 227
243 95
55 178
25 221
56 179
0 213
237 38
152 75
178 55
94 243
167 164
243 215
77 57
94 18
75 59
128 252
21 219
95 244
166 224
95 246
92 230
123 222
9 214
156 176
117 204
209 83
250 95
174 207
35 167
208 119
88 37
93 21
41 10
28 224
118 208
50 175
233 36
95 249
168 219
5 95
87 39
229 131
245 41
224 227
10 161
80 52
47 83
112 194
84 211
59 75
26 34
76 199
133 219
164 167
13 161
19 129
104 74
59 114
43 0
57 77
221 25
129 19
162 13
225 30
243 215
57 179
154 179
38 238
170 40
112 61
95 243
5 42
187 65
222 89
94 18
231 164
80 156
252 95
209 83
37 22
220 23
221 89
185 63
28 32
194 183
195 73
97 83
72 63
175 206
81 206
190 146
43 253
161 5
87 39
229 131
11 215
167 35
246 95
52 176
24 221
177 202
210 172
95 254
155 78
214 8
123 37
92 89
14 40
178 202
221 231
197 142
213 0
161 255
212 85
227 91
40 13
90 31
215 13
77 57
162 239
237 218
43 1
178 55
13 95
240 129
95 245
164 27
245 215
231 164
87 216
252 95
209 83
52 80
174 207
205 175
16 216
228 224
225 132
22 93
228 32
193 72
11 128
50 81
51 176
37 168
239 39
93 235
131 27
93 237
95 86
136 45
33 90
24 220
252 161
216 87
75 197
162 18
126 233
215 244
164 167
68 67
250 42
94 15
218 20
43 0
0 95
152 75
29 165
67 188
91 227
94 15
179 199
239 94
56 115
43 1
219 236
24 35
16 127
66 69
94 169
244 215
25 92
229 33
217 17
128 7
192 111
82 49
4 42
71 192
232 164
62 72
131 227
168 37
95 7
220 167
206 175
110 190
168 219
5 95
21 93
131 27
132 223
164 231
191 70
14 129
173 48
202 79
87 39
238 39
178 155
232 130
191 70
90 224
14 40
202 79
74 151
38 236
0 213
0 95
34 231
178 55
41 13
166 225
243 215
56 179
222 230
56 115
215 170
161 253
72 106
16 127
136 212
94 169
221 133
231 164
169 40
217 18
38 87
6 161
10 95
81 205
161 8
28 32
31 124
29 131
38 88
118 207
220 168
247 95
175 205
247 128
118 51
217 87
196 182
72 63
89 221
241 216
214 251
48 83
53 177
213 2
140 202
155 79
248 214
36 133
227 31
67 188
127 18
242 94
2 95
43 85
95 0
162 16
20 126
216 122
166 225
39 122
249 42
85 213
141 56
43 1
61 143
13 94
5 42
66 69
164 27
192 186
75 59
20 163
161 252
173 209
111 64
69 108
4 42
8 95
224 28
124 225
195 74
88 218
207 138
128 10
95 9
190 146
48 82
39 17
33 229
93 23
20 93
221 167
15 40
52 176
208 173
63 111
169 217
116 54
86 41
76 198
17 94
163 168
121 214
202 79
172 45
200 78
42 170
38 19
25 34
214 7
41 13
90 31
41 243
214 249
239 94
255 95
41 86
95 3
151 73
239 129
95 245
163 87
12 41
25 92
163 236
217 18
47 173
80 203
233 220
222 89
9 95
24 92
11 41
42 10
158 174
184 194
220 168
234 36
205 81
82 207
62 73
158 82
74 196
245 41
89 221
216 15
14 129
36 23
145 63
210 173
196 181
34 230
164 230
215 244
227 31
216 14
42 6
24 221
55 178
128 254
199 115
43 171
165 228
188 189
90 91
189 188
165 28
222 231
198 76
86 215
3 161
84 46
31 166
121 43
31 227
70 191
75 58
237 93
203 140
173 209
145 192
186 149
205 175
216 240
160 85
236 93
23 93
38 88
206 138
174 207
36 22
36 234
207 174
118 50
229 223
233 93
124 32
89 221
9 161
205 80
36 23
63 111
250 128
253 161
163 19
164 230
94 239
168 93
244 95
79 54
105 73
254 161
128 254
198 180
25 34
56 77
243 41
165 90
134 39
91 228
231 34
141 57
171 212
236 38
221 24
42 250
12 95
165 27
220 133
214 248
34 26
203 140
83 46
95 5
149 70
129 13
247 161
171 160
132 32
163 23
174 98
95 6
82 49
51 81
95 248
220 88
6 95
174 158
131 28
236 163
32 28
241 216
205 80
233 36
193 145
2 43
39 18
237 163
248 214
70 65
168 93
12 161
177 202
35 24
2 95
85 212
57 141
94 239
126 235
189 68
165 166
68 189
228 165
231 34
0 95
86 215
113 60
73 105
239 129
244 161
166 223
65 70
76 58
26 222
95 3
210 83
63 145
11 95
80 205
161 9
32 228
41 245
182 196
98 82
194 73
43 3
95 8
206 81
168 220
6 95
98 174
93 23
132 224
85 160
47 119
34 89
70 149
192 145
83 209
60 74
170 216
25 164
244 41
27 165
187 190
127 17
221 232
3 95
254 128
38 19
103 180
28 165
134 217
165 166
39 122
214 249
103 76
0 95
255 43
178 55
162 14
177 54
214 121
165 28
191 186
76 58
93 19
39 238
251 128
53 79
149 70
42 251
9 95
85 95
93 20
93 233
93 22
73 62
82 49
66 147
206 81
213 3
95 250
33 229
246 214
72 62
164 232
16 40
222 167
95 11
203 80
43 254
252 161
216 86
75 198
70 64
229 91
242 216
53 177
210 172
236 218
215 86
255 161
94 239
130 21
243 41
91 30
40 122
42 7
94 16
115 199
214 170
113 60
232 221
127 238
188 66
88 93
94 17
232 126
215 170
161 253
169 39
251 95
173 208
204 176
46 136
28 32
11 41
196 74
223 229
194 73
48 174
205 175
95 247
253 213
217 240
98 173
246 214
93 236
160 171
161 248
13 129
246 95
161 6
2 43
252 161
40 169
126 231
192 70
33 89
11 161
127 16
210 172
161 3
212 172
237 38
77 102
56 77
241 162
226 91
162 242
20 130
16 162
38 237
86 214
59 143
105 182
79 202
161 12
228 165
191 186
126 24
26 222
59 181
128 251
53 79
185 149
14 127
65 70
32 227
245 215
182 196
33 27
205 138
213 253
175 51
9 95
220 88
72 194
228 223
61 73
93 235
172 96
137 47
42 4
174 49
235 219
249 128
18 217
33 229
25 164
123 35
92 27
245 95
224 166
24 221
236 218
41 170
56 141
179 154
28 165
241 162
226 91
94 14
201 78
16 162
57 180
213 85
143 197
221 25
166 226
14 216
90 32
133 36
214 248
41 86
116 202
172 210
79 202
232 220
5 42
10 95
170 161
124 223
164 24
175 99
61 183
3 213
219 234
81 50
246 128
184 63
98 173
10 42
62 184
92 24
185 192
4 214
246 95
6 95
254 213
95 252
223 27
164 231
185 192
87 162
136 44
42 5
83 210
201 78
213 1
218 237
34 230
77 199
13 215
166 31
40 122
126 20
44 85
237 218
0 213
59 142
241 162
250 214
214 121
228 165
37 123
26 92
101 78
54 116
251 128
202 177
149 71
127 242
216 241
167 221
132 33
60 182
169 39
205 139
248 128
176 51
233 220
43 252
49 138
219 88
163 234
194 73
28 224
16 40
214 252
108 69
111 191
213 2
252 161
223 27
231 92
245 41
169 94
69 65
177 203
47 83
201 78
255 213
56 141
162 17
229 91
66 187
165 227
216 13
129 237
85 212
179 199
85 43
59 142
162 15
42 250
216 242
226 225
69 191
26 92
214 170
2 161
213 255
202 177
185 150
241 129
186 65
227 224
223 132
247 42
99 81
251 95
82 48
190 110
206 81
50 81
39 16
224 28
234 93
93 235
228 32
185 193
206 81
148 187
80 52
209 173
139 204
169 216
231 92
162 18
31 29
187 191
32 90
106 72
54 178
84 211
95 255
34 230
57 77
218 122
164 167
67 188
250 42
85 212
1 95
42 85
38 20
45 172
55 78
216 242
91 227
66 69
229 164
178 102
161 254
45 172
21 219
244 161
166 223
246 161
167 222
215 11
60 181
99 81
195 73
8 128
95 7
36 233
89 35
63 72
97 173
93 22
183 194
219 168
161 248
4 214
108 69
161 6
173 47
39 17
223 27
92 24
222 123
225 227
191 70
90 224
209 173
78 54
213 1
218 238
42 170
130 22
13 215
89 164
40 242
214 250
15 162
114 198
0 128
77 200
152 74
6 42
243 161
225 30
41 244
126 23
170 42
95 2
45 172
144 194
173 209
176 52
120 45
161 86
132 34
24 92
33 27
95 5
128 8
52 80
188 148
128 11
184 63
23 93
41 246
93 235
84 159
216 16
81 50
174 49
146 65
8 128
17 217
223 27
214 9
123 34
31 29
241 216
90 224
95 12
202 79
43 255
197 181
230 222
27 164
162 16
225 226
189 68
42 6
104 75
38 237
213 85
58 142
15 94
178 55
68 189
166 225
240 94
57 180
170 42
59 181
87 216
144 194
232 221
129 15
120 45
227 225
94 19
42 9
81 157
39 239
3 213
204 176
174 207
175 50
48 137
233 164
235 93
215 246
23 163
63 184
213 252
82 207
95 249
219 88
139 205
157 81
181 59
215 245
95 86
191 70
32 90
244 95
252 161
172 45
217 238
78 102
126 233
187 190
225 226
243 95
78 55
35 25
236 218
0 43
179 57
94 241
127 237
242 40
31 166
243 215
126 22
34 26
38 238
43 1
54 78
173 209
5 42
186 65
167 222
34 123
131 230
156 176
239 217
38 88
65 146
95 246
252 214
208 119
228 224
62 73
246 41
23 163
193 72
245 128
233 36
80 52
88 37
239 39
33 229
9 42
124 33
34 89
246 95
166 33
35 24
202 79
84 211
238 39
238 162
199 180
94 240
225 226
215 135
55 178
104 74
95 255
0 43
77 199
231 221
250 214
216 242
164 89
38 122
199 77
154 179
218 18
1 213
20 219
209 83
42 251
95 245
225 29
215 11
164 25
93 20
195 74
7 128
110 65
10 95
167 221
40 16
164 24
163 235
10 214
28 224
118 207
128 11
233 36
146 66
82 208
5 95
21 93
164 232
71 63
32 29
95 10
15 129
47 83
202 79
1 43
2 95
178 155
164 230
244 41
92 89
189 68
30 91
152 182
236 218
213 0
57 77
240 162
227 91
13 216
91 227
241 94
214 249
230 34
237 218
45 172
20 219
161 13
224 90
216 241
169 162
123 222
92 231
223 229
74 61
128 249
65 145
23 36
81 205
40 16
224 28
235 93
246 42
37 88
72 63
128 11
233 36
110 190
3 43
239 39
87 39
24 164
41 11
227 32
186 191
90 223
83 209
235 219
84 210
75 197
94 238
198 180
191 70
31 30
40 242
165 30
241 94
56 179
86 42
0 161
171 212
42 249
14 94
225 90
69 190
199 77
85 214
141 56
84 45
253 95
243 161
224 90
66 69
31 227
41 244
214 247
93 20
204 139
218 169
37 21
108 187
42 252
71 192
88 36
184 62
73 61
98 83
63 184
213 253
23 220
110 190
8 128
251 161
81 99
27 125
193 72
25 164
161 246
204 80
244 95
144 63
39 169
95 253
170 215
180 58
215 244
29 225
121 214
250 42
151 182
179 200
0 43
161 0
75 103
91 29
216 122
166 225
41 243
200 77
154 179
76 58
41 86
78 201
95 243
32 166
95 245
164 27
35 123
25 92
156 176
117 203
209 83
145 192
36 233
252 214
240 40
224 28
184 62
195 73
33 28
62 184
207 82
247 95
234 219
128 247
17 217
229 223
233 92
19 93
32 29
186 191
42 5
11 161
112 193
172 46
54 140
237 162
214 8
12 215
31 29
67 188
54 177
94 14
161 2
85 213
142 199
222 25
56 78
68 67
30 91
187 66
77 56
43 85
161 255
41 86
195 113
105 183
240 129
14 216
227 225
162 238
164 25
169 40
139 53
254 43
161 250
207 82
205 175
47 137
24 92
124 225
246 42
22 163
194 72
3 213
9 161
66 110
208 174
194 183
99 174
42 247
63 184
32 28
161 247
80 52
161 245
219 21
87 39
18 217
230 222
24 126
123 36
31 29
242 216
250 42
45 84
161 2
128 1
142 199
16 94
29 165
216 122
166 225
122 217
21 130
103 77
1 161
44 171
55 78
210 84
42 250
66 69
225 29
244 215
248 42
40 86
4 161
6 128
161 250
220 23
252 214
64 71
85 96
124 225
125 29
33 27
240 217
174 207
95 8
81 51
128 9
161 6
234 163
233 93
20 93
35 89
15 40
167 33
149 186
235 219
128 5
238 39
170 215
42 248
162 17
228 91
95 12
177 202
172 45
113 196
255 213
57 141
171 213
130 20
243 41
226 165
122 217
7 214
231 34
237 218
2 128
196 113
105 183
31 166
11 95
223 90
41 244
42 8
216 170
74 60
39 87
37 21
208 82
252 214
119 47
160 85
224 132
195 74
168 38
250 95
213 253
109 67
205 81
36 168
194 183
229 223
182 60
11 215
85 160
46 119
42 4
36 23
111 193
128 6
217 238
93 237
232 130
70 65
227 31
121 213
202 79
35 24
113 196
254 128
141 199
231 222
21 126
134 217
166 226
162 241
179 200
43 85
38 237
215 170
20 218
105 183
214 6
69 190
29 31
244 215
25 92
34 26
18 39
250 128
145 193
11 95
42 252
247 161
96 171
236 93
74 60
33 27
183 194
128 247
22 220
175 205
128 9
217 239
234 163
93 23
215 245
167 35
15 40
13 129
186 107
95 251
128 6
203 116
26 34
248 214
239 162
229 91
40 242
127 17
46 84
196 143
2 128
19 218
17 94
126 235
39 134
30 90
162 242
200 77
231 34
38 237
255 43
55 78
73 105
202 177
135 213
93 168
65 70
164 26
237 93
161 253
46 173
177 53
82 48
167 223
15 216
224 28
132 32
93 233
169 38
217 17
220 168
189 109
8 95
88 36
72 194
82 98
228 131
72 62
89 220
247 95
214 252
107 70
111 192
2 43
74 196
230 223
214 8
35 133
27 165
12 161
214 250
243 94
178 201
254 128
180 58
25 34
21 126
122 39
166 30
243 215
20 130
103 76
38 237
170 42
38 20
14 94
17 127
66 69
33 166
220 133
198 76
177 101
217 18
217 169
53 79
149 70
223 89
119 46
228 224
93 20
23 93
93 22
183 194
168 36
22 220
234 220
220 88
240 39
93 234
163 233
124 32
24 164
240 216
252 42
233 36
235 219
128 6
53 139
170 216
181 58
64 186
225 227
95 11
90 225
162 243
236 218
1 43
255 161
239 162
249 214
94 241
225 166
216 134
227 165
25 222
57 115
171 212
20 218
24 35
202 177
242 40
28 91
162 239
24 130
79 155
238 217
169 39
145 193
11 95
80 204
95 247
164 25
11 41
60 182
82 157
17 39
88 219
161 248
36 234
43 253
217 240
93 234
93 22
10 215
232 92
216 16
205 81
36 23
6 95
6 128
196 182
156 80
231 130
70 64
169 94
245 95
225 166
151 183
201 78
86 41
38 19
230 222
126 235
66 187
225 166
242 94
78 56
212 171
95 0
128 255
143 196
105 182
79 202
14 216
88 93
94 17
248 42
79 155
161 253
39 87
144 193
232 220
127 242
210 120
25 92
72 193
233 163
82 157
138 51
128 9
95 7
175 206
3 43
240 39
163 23
10 42
194 72
36 88
248 95
51 175
108 69
80 52
38 169
196 182
27 33
125 231
123 35
94 87
40 241
32 90
83 210
95 253
170 215
76 198
34 230
91 28
190 69
90 225
162 242
55 178
222 231
95 0
1 128
56 77
231 221
90 30
40 14
88 93
191 186
180 198
170 41
253 95
87 217
54 79
12 95
214 5
161 10
86 95
245 215
229 125
27 223
138 51
174 208
205 175
161 9
82 207
16 217
23 93
42 246
225 124
32 28
95 8
34 89
246 95
192 145
2 43
52 139
93 236
247 214
244 41
164 229
190 69
129 240
161 243
78 55
45 84
200 115
85 42
249 214
69 66
91 90
162 242
130 236
221 231
58 114
43 0
77 200
162 14
178 54
135 214
225 30
37 123
130 233
238 94
116 202
84 46
37 21
220 24
14 127
211 120
161 86
163 237
196 74
87 217
51 117
82 48
219 234
68 109
245 128
184 63
23 93
195 183
31 132
168 36
137 47
89 222
233 36
204 80
249 128
204 117
156 80
131 26
162 18
87 162
241 216
251 42
184 106
195 144
253 128
38 19
214 85
22 126
66 187
90 165
94 14
29 91
240 94
1 95
128 255
1 161
104 182
250 214
135 214
228 165
41 244
248 42
34 26
254 95
4 128
95 4
24 35
251 214
120 45
26 92
163 237
131 229
81 157
251 95
128 248
146 190
109 188
128 245
184 63
224 28
93 22
73 62
172 97
240 216
206 81
69 148
146 65
209 173
95 252
93 236
125 230
34 133
26 164
15 40
127 16
221 232
161 3
45 84
201 115
222 26
130 22
69 66
164 167
13 162
29 91
44 85
38 237
0 128
56 77
35 231
19 127
216 242
225 30
41 244
164 27
18 162
140 55
211 84
202 177
150 71
90 33
10 95
86 95
63 71
164 24
81 157
217 17
83 48
95 7
220 23
252 213
63 72
23 93
226 132
21 93
32 28
193 71
81 50
207 174
95 250
83 209
4 95
33 229
214 9
222 123
169 94
246 95
127 15
161 244
95 252
1 43
55 141
34 230
77 199
215 243
29 165
40 242
129 237
241 94
255 161
0 128
142 197
172 211
91 30
135 215
90 32
16 162
214 248
178 102
217 18
255 43
95 4
47 173
52 80
45 136
95 170
124 222
131 229
33 27
251 95
128 8
110 65
247 161
252 213
193 184
233 163
10 41
30 132
164 233
95 8
245 127
49 82
234 219
38 168
239 39
93 235
59 75
34 133
222 167
120 211
166 32
244 95
37 235
255 213
140 201
42 170
42 248
12 215
31 30
68 67
237 127
241 94
198 142
0 128
56 77
35 231
214 6
243 161
166 224
41 244
130 233
18 162
254 95
45 172
37 21
161 12
5 42
246 161
222 89
133 34
42 9
157 175
239 217
208 83
204 176
148 68
81 206
95 248
233 164
21 163
226 124
233 93
95 7
43 4
148 188
146 65
253 213
217 239
169 217
26 125
41 11
92 26
15 40
15 129
83 209
177 202
43 255
197 181
214 86
199 180
190 69
29 165
215 135
127 19
211 172
114 197
171 43
255 95
231 221
29 165
68 189
164 89
187 66
91 229
34 26
18 38
45 172
252 95
244 161
90 32
241 40
227 225
133 34
197 75
223 229
195 74
209 83
6 161
10 95
175 50
137 208
159 84
21 163
41 10
233 93
63 184
81 50
95 9
204 80
48 83
239 39
157 81
92 24
124 33
26 164
211 136
42 5
106 71
62 112
211 172
116 55
238 162
164 229
240 162
90 224
14 40
201 78
182 104
77 56
128 0
38 19
221 25
201 178
215 121
165 29
134 38
77 57
77 154
2 161
170 40
236 37
13 95
127 240
69 191
167 222
238 94
164 24
163 236
204 139
218 168
161 250
233 220
89 35
71 193
32 228
31 124
61 183
32 28
184 193
252 43
233 36
80 51
37 168
205 117
99 175
125 229
185 193
86 161
15 40
176 204
24 221
202 79
84 210
238 39
230 222
180 57
244 41
91 28
242 216
202 78
241 94
218 20
214 86
57 77
162 16
165 227
242 162
90 91
190 187
27 91
214 171
161 255
3 128
37 20
173 209
90 32
216 241
162 87
185 64
92 231
156 176
117 204
254 43
6 161
148 69
50 81
40 16
97 172
215 10
42 10
219 168
95 7
50 175
220 233
80 51
48 82
205 117
39 169
24 164
93 237
29 224
15 40
127 14
149 185
79 54
213 2
217 238
162 18
23 126
219 123
165 228
188 189
91 226
94 15
161 2
213 0
114 58
104 181
29 165
67 188
31 166
215 13
126 22
34 26
237 218
213 255
95 3
150 72
166 224
66 69
92 229
12 41
181 197
169 40
60 182
43 2
176 52
49 174
252 214
47 137
220 88
194 183
29 131
28 223
207 138
10 128
188 109
22 37
174 48
195 183
33 229
214 9
184 193
29 224
191 70
214 251
173 48
63 112
2 43
18 217
155 78
8 42
123 36
90 224
244 95
79 54
105 74
179 200
43 85
114 58
171 212
201 178
134 216
91 166
215 13
165 28
171 43
180 198
213 255
178 55
150 72
240 129
44 136
87 94
64 71
8 214
236 93
95 4
47 173
219 235
161 10
222 89
161 8
168 220
225 132
42 10
223 228
138 49
220 168
81 206
175 205
174 48
73 194
169 217
74 196
72 63
29 224
186 191
42 5
11 161
177 203
5 128
75 197
41 170
126 232
215 244
90 224
40 242
6 214
242 94
161 2
1 128
57 76
153 76
130 20
67 188
226 226
134 39
165 28
162 239
76 58
212 84
161 253
243 162
225 90
187 66
229 164
35 123
59 181
236 93
117 203
169 38
37 21
161 10
243 129
119 47
171 160
72 194
195 74
33 28
217 16
246 128
206 175
81 51
128 247
39 17
27 33
60 74
224 124
85 161
9 161
33 89
107 70
79 53
128 251
181 59
79 101
180 58
12 215
31 29
66 188
54 177
84 211
38 236
44 85
199 114
103 180
165 227
162 14
90 91
188 66
21 130
179 103
141 56
41 86
253 95
35 232
129 17
95 245
229 165
238 94
231 126
86 216
203 139
169 39
80 203
107 186
205 175
95 247
168 220
20 163
131 227
234 93
16 39
88 220
161 248
161 8
3 43
6 95
158 82
247 214
245 41
28 224
119 210
129 242
95 11
219 21
169 217
196 181
93 237
42 248
41 12
225 227
244 95
79 54
45 84
254 161
1 43
38 19
240 162
56 77
13 215
30 226
162 241
165 28
171 43
161 255
255 43
95 3
210 84
17 127
135 213
90 33
162 239
198 75
156 177
217 18
2 213
21 219
161 11
175 51
47 137
231 164
245 215
182 195
229 33
217 17
253 43
161 248
67 109
168 220
17 217
93 234
28 125
72 63
92 25
15 40
80 51
36 23
219 21
173 46
238 39
237 163
42 248
191 70
227 31
95 12
17 129
242 94
218 20
215 86
141 199
16 94
228 91
189 68
166 226
94 15
21 130
43 85
115 199
128 2
95 2
94 242
166 225
121 43
165 27
65 70
231 164
26 222
53 116
254 43
177 53
95 245
89 34
64 71
228 224
20 163
131 228
98 82
161 250
10 128
175 51
81 51
128 247
217 239
27 33
9 42
224 124
96 85
95 9
222 167
82 208
21 37
217 87
39 18
230 222
248 214
41 12
163 168
187 190
127 17
221 232
236 218
2 128
198 180
213 85
165 228
162 15
90 165
122 217
200 77
16 162
58 180
171 212
113 60
84 46
166 225
190 187
223 90
36 123
92 230
222 230
196 74
83 46
53 79
245 161
214 4
95 247
224 28
215 11
23 93
98 82
250 95
36 88
36 22
175 206
36 168
62 72
98 174
42 247
163 20
25 164
40 240
243 127
233 36
177 203
87 39
60 74
26 33
231 130
239 162
27 165
43 121
6 214
94 14
201 78
44 85
115 57
153 76
165 228
215 243
91 90
122 217
42 7
85 213
161 0
2 128
254 95
94 242
202 177
121 42
88 93
220 133
58 180
170 41
253 95
251 128
111 63
95 245
89 33
40 15
89 35
11 41
93 233
169 38
118 206
168 36
95 8
189 147
174 49
217 239
223 27
163 233
32 132
85 160
71 64
252 42
208 174
161 6
250 128
217 238
176 156
181 58
238 162
91 27
161 245
239 127
162 243
38 236
86 41
198 180
162 17
214 7
68 66
30 165
215 13
165 29
162 240
76 57
85 44
38 20
151 73
177 54
242 40
168 163
94 17
26 92
26 222
140 54
254 43
193 111
233 220
127 242
46 136
85 95
63 72
228 125
218 169
161 250
213 253
51 81
161 8
220 88
184 62
223 28
246 214
93 236
168 36
8 161
175 205
220 233
145 64
128 250
18 217
80 100
231 130
133 221
165 229
66 187
127 16
35 24
143 61
213 1
161 1
17 94
165 228
15 94
226 30
243 215
249 42
180 103
95 0
128 1
200 179
162 14
54 79
95 244
163 88
186 65
130 232
101 79
202 140
217 169
79 203
48 173
223 89
241 40
161 86
93 20
214 247
217 169
62 183
174 208
175 51
220 22
213 3
138 207
98 173
234 93
194 72
228 32
95 8
214 252
10 161
235 219
213 2
53 139
33 229
8 42
221 123
229 92
136 44
129 240
184 106
178 201
253 128
76 198
77 102
214 7
218 122
226 91
243 215
91 227
162 240
199 76
171 213
113 59
94 242
30 166
189 188
224 90
133 36
92 230
86 215
161 253
46 172
235 37
208 83
214 5
216 241
32 227
11 41
233 164
81 157
195 73
48 174
249 95
36 233
220 89
217 240
163 23
214 10
124 31
172 96
16 40
89 222
36 23
161 6
83 209
60 74
40 169
9 42
221 123
222 167
212 136
214 251
24 221
113 195
170 215
255 161
213 85
91 28
243 41
29 165
68 189
227 165
162 240
0 161
213 0
56 77
35 231
127 238
40 14
167 164
215 12
42 8
34 26
181 197
169 40
37 21
83 47
204 176
40 15
227 224
93 19
232 164
33 27
95 5
168 37
146 190
188 147
206 175
49 138
159 83
183 61
225 124
228 32
193 71
244 127
220 233
80 52
2 43
196 182
163 20
59 75
94 238
164 229
69 66
53 177
83 209
55 178
255 213
218 237
230 222
249 214
66 187
30 226
189 188
201 78
221 231
161 1
213 85
218 236
45 172
226 91
188 67
28 91
191 187
230 164
26 222
55 116
84 46
161 252
35 232
241 129
241 40
26 92
237 93
125 27
93 21
239 217
248 128
146 190
9 95
43 252
95 249
224 28
214 10
41 10
28 224
137 48
50 175
187 108
37 234
83 209
252 161
236 163
164 231
192 71
162 169
161 245
129 240
24 221
20 37
216 86
58 75
214 86
199 179
13 215
31 90
216 14
201 78
221 231
57 179
128 0
56 77
182 152
201 178
161 13
30 31
123 219
214 248
34 26
161 254
169 40
62 144
12 95
90 33
120 45
170 161
245 215
181 196
223 229
183 195
248 128
110 65
188 148
221 89
208 118
28 32
246 215
163 21
88 219
71 63
50 175
36 23
6 95
7 128
39 17
27 33
24 164
41 11
167 34
15 40
241 127
35 24
202 78
128 252
161 2
162 18
179 57
187 190
90 225
121 215
42 6
44 84
199 77
128 0
77 200
45 172
250 214
135 215
32 166
219 134
214 248
178 102
181 197
45 172
95 4
83 47
166 224
95 246
32 227
11 41
92 232
87 217
95 5
173 208
219 234
220 23
35 167
240 40
23 93
124 226
163 21
164 233
72 63
214 252
36 23
7 95
128 7
183 61
99 175
164 232
133 222
94 86
70 65
176 203
244 95
235 219
128 252
59 75
162 18
130 23
41 12
29 165
41 121
129 237
231 35
255 161
213 0
161 255
162 15
165 226
161 13
224 90
187 66
8 214
78 154
2 161
216 169
4 161
12 95
129 15
65 70
227 225
19 162
230 125
33 27
39 239
213 253
37 22
49 174
252 214
240 40
32 228
215 10
226 124
28 224
240 216
221 167
108 68
204 80
8 128
217 239
169 217
42 247
132 222
170 95
70 65
15 129
244 95
161 4
1 43
18 217
102 178
27 164
162 16
29 165
40 242
226 165
104 74
236 218
0 128
114 58
162 15
250 214
41 135
92 167
187 66
77 57
34 26
75 59
211 84
95 4
173 209
129 15
44 136
230 164
162 238
24 92
87 216
17 39
168 38
52 80
161 10
129 12
63 71
219 88
93 21
61 183
32 28
63 184
128 245
188 108
249 161
219 88
239 39
99 175
131 27
162 19
89 222
211 136
42 5
47 83
144 62
213 1
39 18
34 230
8 42
240 162
226 31
189 68
19 129
45 84
179 200
213 0
58 142
25 35
214 6
162 13
166 225
243 215
42 7
154 179
218 18
3 128
61 144
95 243
224 90
11 95
167 222
215 11
9 214
27 223
239 217
47 173
250 95
220 23
35 167
193 185
36 168
225 132
61 183
97 83
193 72
206 81
81 206
161 7
43 253
73 195
157 81
229 131
19 93
86 161
216 15
176 204
71 150
194 144
84 210
55 140
78 101
130 23
41 12
166 32
214 135
165 30
25 221
218 20
214 86
95 1
171 212
127 237
242 162
166 225
41 243
91 229
77 154
200 141
128 253
55 78
24 35
166 224
212 120
167 222
133 34
75 59
93 20
217 17
43 2
6 161
49 174
12 127
63 71
28 32
73 194
246 42
88 219
217 16
50 175
50 81
7 95
8 128
183 61
87 39
24 164
215 245
227 32
70 65
5 214
209 173
112 194
128 251
197 181
101 178
58 76
133 219
164 167
242 216
127 18
35 25
142 59
255 128
218 237
240 162
126 236
68 67
227 165
134 38
130 234
214 171
198 76
86 215
236 37
24 35
203 177
216 241
31 227
215 12
26 131
33 27
117 204
7 128
37 21
49 174
12 127
192 185
160 84
124 225
214 246
88 219
249 95
213 253
206 175
22 37
88 37
39 17
39 169
74 196
63 184
32 29
45 120
80 52
12 161
63 112
210 172
238 39
94 237
232 130
220 123
92 88
244 95
127 18
35 25
20 38
213 171
0 95
222 25
20 126
13 215
91 226
13 41
179 200
102 77
38 237
128 3
61 143
161 13
240 129
11 95
33 167
12 41
125 25
27 223
53 117
83 47
64 145
69 108
222 89
47 137
28 32
184 62
73 61
93 23
62 184
49 174
147 189
81 51
128 247
95 251
163 21
60 74
223 124
25 164
136 46
242 127
83 208
161 5
2 43
59 75
237 162
230 92
186 191
32 90
189 68
54 177
35 25
161 2
213 0
237 38
76 103
78 200
13 215
226 226
241 94
228 165
94 17
56 115
170 41
161 253
184 151
129 16
43 136
223 89
215 12
75 59
223 229
196 74
169 38
6 161
246 161
252 214
95 248
224 28
41 246
214 246
173 98
95 7
207 82
147 189
219 22
128 9
183 62
87 39
9 42
184 193
221 167
15 40
42 5
23 220
79 53
46 84
161 3
94 237
42 248
244 41
168 93
188 190
18 129
151 182
200 78
85 212
57 76
212 85
165 227
242 162
225 90
190 188
91 228
85 213
58 180
2 128
3 161
84 46
225 90
95 245
29 31
215 12
8 214
163 236
139 53
2 213
21 219
11 95
13 127
71 192
232 164
72 194
29 131
234 93
62 184
207 82
147 189
81 51
49 82
73 194
169 218
42 247
41 11
85 161
64 186
129 242
23 220
177 203
43 254
60 75
237 163
42 248
220 123
31 29
135 42
214 250
232 35
56 178
128 254
19 218
171 213
56 77
68 67
30 30
13 41
179 200
213 171
95 1
86 215
20 218
162 13
203 177
66 69
93 168
12 41
92 231
230 33
161 253
213 254
161 251
23 36
42 252
137 209
96 171
11 41
125 28
174 98
217 17
49 174
95 8
109 189
220 88
39 17
27 33
93 23
245 41
35 89
241 216
205 80
70 149
79 53
87 39
53 140
230 222
130 24
123 36
228 91
135 43
42 6
105 73
20 38
44 85
95 0
213 85
214 7
188 189
30 226
13 41
214 249
17 162
0 161
255 43
55 78
183 151
214 6
216 242
27 91
123 221
231 126
86 215
74 60
128 6
251 95
220 23
214 4
216 241
228 224
236 93
131 228
223 229
161 250
10 128
36 22
234 220
82 207
17 217
38 169
163 233
132 224
171 96
241 216
243 127
36 23
193 145
83 210
116 53
222 26
126 231
17 94
163 168
216 14
90 225
162 242
201 78
128 2
237 38
17 94
21 126
39 134
30 226
68 189
214 249
16 162
115 199
1 213
38 20
183 151
6 42
242 40
28 91
17 162
126 24
177 101
238 217
6 128
63 145
48 174
222 89
241 40
171 160
184 63
74 60
38 87
194 73
247 128
220 234
22 36
82 207
95 250
174 158
9 42
236 163
167 36
119 209
243 127
107 70
192 145
254 213
116 53
79 100
8 42
244 41
91 27
95 12
90 225
183 105
55 178
44 85
141 199
171 213
235 130
41 13
165 166
242 94
214 249
16 162
115 199
1 213
20 218
35 232
6 42
244 161
165 28
239 94
248 42
19 163
39 238
213 254
219 235
186 149
176 51
185 64
228 224
224 132
182 196
174 98
118 206
168 36
220 234
50 175
128 246
17 217
33 229
227 131
194 72
160 171
192 71
4 214
161 245
80 53
173 47
161 4
163 20
25 126
221 123
91 27
40 242
166 31
24 221
253 161
255 213
115 56
77 103
21 126
243 41
165 166
134 40
214 249
222 231
218 19
0 213
56 78
211 84
250 214
188 66
168 163
162 239
76 58
79 155
238 217
87 217
219 235
83 48
167 223
46 136
161 85
72 193
131 228
157 174
217 17
82 49
51 81
50 175
220 88
161 6
218 88
195 182
246 41
224 228
71 64
129 243
246 95
95 250
213 2
4 95
86 40
130 25
238 162
94 87
11 161
203 79
162 243
78 55
213 1
180 58
162 17
165 228
13 215
30 226
14 162
165 29
34 25
199 76
43 0
95 2
84 45
30 166
14 216
32 166
239 94
232 126
41 86
59 181
39 87
95 5
149 71
5 42
192 186
224 29
132 33
233 163
163 235
39 239
208 82
248 95
247 161
49 82
194 184
28 33
131 29
215 246
164 232
161 248
51 175
95 10
204 80
47 83
4 95
20 93
164 231
185 192
94 87
136 44
127 16
150 184
201 78
172 44
237 38
85 43
228 91
241 162
90 165
14 162
126 20
34 25
19 38
213 0
77 200
151 74
166 226
121 42
228 165
17 162
214 248
86 215
217 18
5 128
79 202
185 149
127 242
70 191
29 32
132 33
23 92
229 33
239 217
168 37
22 219
206 81
167 220
138 207
233 163
61 73
163 21
220 168
209 137
4 214
246 95
161 6
249 128
52 139
156 80
231 92
238 162
164 229
66 187
53 177
24 221
143 61
45 84
115 56
43 171
228 91
69 66
165 166
215 13
42 7
181 104
0 95
214 170
200 179
231 221
214 6
14 216
164 89
240 94
58 180
78 155
59 181
128 251
144 194
220 24
42 251
191 186
35 167
124 223
229 125
223 229
161 251
128 8
110 66
9 95
245 128
217 240
28 32
234 93
215 246
24 164
95 8
51 175
108 69
250 161
209 173
117 52
100 176
25 164
222 123
34 89
190 69
5 214
47 83
112 195
253 128
56 141
77 102
130 22
38 134
226 226
94 14
127 20
171 44
161 1
214 170
56 77
221 25
238 129
135 214
31 226
37 123
164 26
78 155
201 140
252 128
37 21
24 35
214 5
246 161
89 35
215 11
24 92
99 81
183 195
248 128
190 110
68 109
128 245
161 7
163 23
226 131
163 21
164 232
216 16
81 50
174 49
22 37
2 43
252 161
27 33
125 230
64 185
230 92
212 136
224 166
243 95
195 144
253 128
201 115
238 162
57 77
215 243
92 89
216 14
127 19
85 212
114 198
214 171
38 20
84 45
238 129
216 242
165 29
16 162
229 164
178 101
254 95
172 211
95 4
209 83
251 214
45 136
161 86
41 245
24 92
175 99
217 17
48 173
191 110
247 161
245 128
63 72
32 228
132 30
41 10
24 164
161 248
175 206
69 148
95 250
254 213
217 239
80 100
59 75
238 162
230 92
65 186
15 129
106 72
202 78
40 170
2 95
77 102
130 22
243 41
165 227
67 188
178 201
25 221
19 38
128 0
38 20
84 45
201 178
243 161
92 167
244 215
27 92
26 222
197 75
40 87
177 54
161 12
80 204
10 95
230 164
64 71
197 75
163 235
139 51
88 219
219 234
36 233
50 81
7 95
83 97
10 41
194 73
32 28
248 95
127 11
36 23
249 161
128 249
73 195
235 163
164 232
245 41
31 29
216 15
80 53
221 232
235 219
1 43
254 161
170 214
23 126
122 37
227 91
94 13
201 78
25 221
95 255
0 213
161 255
94 241
30 165
216 242
227 165
244 215
214 248
86 214
59 181
128 4
219 235
150 72
176 52
161 10
227 225
71 192
24 92
223 229
117 204
208 83
204 176
161 10
206 175
8 95
159 84
132 30
246 41
172 97
16 40
89 221
207 174
161 7
168 219
195 183
217 87
214 9
94 237
92 26
15 40
80 52
71 150
62 112
4 128
55 140
222 26
126 233
94 240
224 166
188 189
91 226
152 181
197 142
128 0
57 77
162 15
127 237
13 94
226 225
243 215
77 57
222 230
141 55
128 252
161 252
184 150
129 15
10 95
89 34
215 11
214 247
100 80
74 61
128 7
234 37
23 36
81 206
193 185
92 232
235 93
183 195
163 233
208 137
128 11
23 220
204 80
213 3
217 239
229 223
27 125
63 185
26 164
40 241
52 176
185 106
161 4
252 128
39 18
34 230
92 27
66 187
30 225
161 243
55 178
172 45
95 255
171 43
77 199
181 152
227 91
242 40
29 91
69 190
130 234
170 42
238 218
43 1
20 219
221 24
251 214
15 216
227 225
64 71
181 197
100 80
39 239
128 7
110 65
161 10
35 167
95 248
92 232
62 73
226 125
37 88
240 217
11 128
175 50
219 22
248 128
73 195
163 21
164 232
93 237
95 86
186 191
33 90
173 47
219 21
252 128
55 140
222 26
199 180
219 123
90 224
121 214
129 238
231 35
20 38
213 171
38 19
35 231
19 127
121 40
90 91
69 190
199 77
239 94
181 198
213 255
236 37
24 35
129 16
241 40
27 92
215 11
25 92
229 33
239 217
38 88
22 219
174 207
167 222
16 216
159 84
246 215
10 214
23 163
217 16
81 50
36 23
161 7
128 8
195 183
27 33
196 182
185 193
92 26
216 15
242 127
107 71
95 252
172 46
181 59
18 94
130 23
70 65
224 166
14 40
129 238
152 182
254 161
42 170
58 142
240 162
178 55
243 40
91 227
122 218
229 165
77 154
218 19
213 255
55 78
184 150
240 129
40 15
89 34
18 162
214 247
223 229
52 117
213 254
95 6
148 69
222 89
71 192
220 88
194 183
22 93
228 33
95 7
213 252
175 50
219 22
88 37
205 117
27 33
74 196
215 245
29 224
70 65
129 242
36 24
112 193
210 172
238 39
101 178
42 248
65 186
224 166
121 214
30 90
231 35
254 161
171 43
161 0
162 16
201 178
68 67
166 165
190 187
179 199
85 213
38 237
1 213
38 20
232 221
79 203
161 11
94 169
244 215
231 164
216 169
95 4
173 209
64 145
148 69
167 222
137 209
28 32
31 124
93 234
158 173
240 217
88 220
95 9
234 219
208 174
5 95
175 157
182 60
11 215
89 221
15 40
129 242
83 208
21 37
251 128
253 161
79 101
92 26
41 12
93 88
189 68
127 18
74 151
56 179
0 43
19 218
162 16
7 42
134 216
166 225
134 38
126 21
154 179
237 218
255 43
253 95
94 243
79 203
40 14
223 89
192 186
92 231
163 236
196 74
128 250
6 161
82 49
81 205
192 185
88 36
225 132
61 182
228 33
207 138
168 36
161 247
205 81
219 88
183 62
163 22
23 163
184 193
92 25
95 9
223 167
233 36
37 235
128 5
140 202
170 215
214 8
186 191
163 168
244 95
54 177
242 94
38 236
128 1
142 199
231 222
126 236
67 188
165 90
217 134
42 7
26 222
56 115
43 1
78 201
243 162
166 225
66 69
163 87
133 35
248 42
216 170
252 95
250 128
145 192
174 208
4 42
47 137
88 36
72 194
42 10
33 27
194 72
213 253
22 220
109 190
253 213
239 39
218 87
125 228
163 20
89 221
119 210
14 129
245 95
95 251
46 83
95 253
94 237
92 26
244 41
227 31
14 40
31 90
73 151
254 161
254 128
237 38
103 180
249 214
67 188
166 226
15 162
28 91
76 153
161 255
215 170
201 178
105 183
53 79
66 69
89 33
123 221
198 75
86 216
95 3
209 83
79 203
208 82
205 175
161 9
168 220
124 224
182 195
38 88
206 138
82 49
206 175
205 81
9 128
239 39
158 82
214 9
20 93
32 28
241 216
243 127
107 70
193 145
217 87
202 116
34 230
230 92
220 123
93 88
244 95
54 177
14 162
113 196
1 43
57 141
222 25
214 7
67 188
30 91
215 13
77 56
94 17
255 95
85 44
253 95
105 183
79 202
213 121
93 168
133 35
248 42
222 230
39 238
169 39
145 192
11 95
80 205
185 64
160 85
32 124
247 42
229 33
217 17
49 174
161 248
220 22
128 9
118 50
38 169
214 9
163 20
28 224
185 192
89 222
82 208
161 5
213 2
60 74
19 93
198 180
244 41
93 88
216 14
129 239
210 172
178 201
41 170
141 199
180 153
126 235
189 68
30 165
41 243
42 7
34 25
161 0
171 212
254 95
46 172
214 6
216 242
163 88
65 70
130 232
237 93
74 60
173 210
161 251
70 107
4 42
210 119
221 89
163 236
28 131
38 87
95 6
88 220
8 161
175 206
128 10
39 17
27 33
182 61
20 93
224 228
119 209
89 222
48 82
21 37
217 87
39 18
163 19
164 231
17 94
223 166
187 190
79 53
151 183
201 78
212 171
237 38
239 162
214 7
241 162
90 165
134 39
21 130
85 213
141 57
2 128
95 2
24 35
202 177
14 216
33 166
244 215
126 24
170 41
95 3
43 2
53 79
23 36
89 33
192 185
95 171
11 41
28 131
22 163
73 62
3 213
95 8
8 95
128 10
138 206
38 168
42 246
215 245
160 171
16 40
129 243
23 220
235 219
6 128
74 196
40 170
75 198
192 70
91 27
190 69
31 90
151 183
218 20
128 254
56 141
239 162
91 28
241 162
226 91
67 68
20 130
94 16
57 115
1 128
254 95
183 151
239 129
188 66
90 33
191 186
26 92
215 170
238 217
5 128
145 193
149 70
223 89
161 9
89 35
184 63
163 23
93 22
17 39
43 3
205 175
206 81
88 36
16 217
163 22
125 227
215 246
160 171
16 40
175 205
10 161
219 21
43 254
182 60
20 93
75 197
192 70
165 229
190 69
203 79
73 151
161 3
84 212
200 115
85 43
249 214
134 217
166 31
216 134
200 78
231 34
19 38
255 128
179 56
221 25
226 90
42 135
32 166
133 36
164 26
101 79
181 197
128 251
5 161
185 149
167 223
70 192
32 227
236 93
163 23
157 174
217 17
128 9
205 175
206 81
220 88
49 138
173 158
183 61
62 184
228 32
161 248
175 205
108 69
111 192
213 2
95 252
100 176
42 248
94 238
89 223
136 44
224 166
173 46
201 78
86 41
180 58
239 162
56 77
15 94
226 226
188 67
7 214
240 94
95 0
85 43
95 2
35 231
79 202
121 42
28 91
65 70
180 198
178 101
54 116
87 217
235 37
232 220
52 80
10 95
86 95
223 132
42 9
175 99
51 118
48 174
37 22
109 188
167 220
72 193
98 173
183 61
225 124
224 228
95 8
167 34
220 233
145 64
2 43
217 239
33 229
25 125
71 64
34 89
11 161
127 16
72 150
55 178
253 128
255 161
43 171
214 7
94 241
90 225
67 68
178 201
212 171
57 179
255 128
197 113
172 211
129 18
68 189
31 226
219 133
198 76
170 41
254 95
128 5
62 144
12 95
14 127
246 161
167 221
93 19
9 214
169 39
139 51
3 213
110 66
68 109
50 82
39 16
173 159
163 234
215 246
160 172
71 63
127 12
10 161
250 161
128 249
60 74
216 87
131 26
34 133
34 89
212 136
214 251
173 46
95 253
1 43
115 56
154 77
234 130
134 218
31 90
40 121
214 249
104 75
95 255
0 43
142 197
162 15
214 6
216 242
32 166
244 215
130 233
178 101
202 140
252 128
202 177
173 209
166 223
241 40
167 221
245 215
9 214
87 217
73 61
168 37
205 176
9 95
221 89
49 138
88 37
93 22
124 31
232 92
161 248
252 42
246 95
37 234
213 2
204 117
156 80
125 230
41 11
222 167
40 241
90 224
221 232
95 253
45 84
55 141
94 238
165 229
13 215
31 30
14 40
19 129
171 44
19 38
85 43
255 95
182 152
6 42
68 189
31 226
16 162
229 164
162 238
55 116
45 172
202 177
35 232
5 42
10 95
29 32
223 132
42 9
99 81
17 39
37 88
95 7
36 233
175 50
138 208
168 219
163 234
73 62
228 32
208 137
81 50
246 95
161 6
47 83
161 4
176 156
9 42
34 133
227 31
120 212
90 224
95 13
144 62
255 213
218 238
102 179
126 234
16 94
225 226
162 243
227 165
241 94
199 77
171 213
142 197
152 74
30 165
14 216
91 227
37 122
229 164
42 86
18 39
84 45
144 194
221 24
129 15
161 10
26 92
132 34
24 92
157 175
73 61
8 128
191 110
36 233
35 167
7 95
28 32
226 132
235 163
37 88
137 48
50 175
174 49
176 204
48 83
182 61
99 175
26 125
19 94
227 31
120 212
90 224
35 24
202 79
252 128
197 181
154 78
57 76
190 69
225 166
94 13
201 78
181 104
218 19
43 85
19 218
75 104
250 214
135 215
225 30
69 190
214 248
162 238
2 161
4 128
161 252
161 12
32 166
65 70
31 227
133 34
232 164
87 217
195 73
168 38
52 80
82 49
252 214
7 95
219 88
194 183
21 93
228 32
184 193
11 129
36 23
219 22
88 37
204 117
93 235
214 9
237 162
170 95
191 70
42 5
232 35
235 219
84 211
254 161
230 222
199 180
134 219
30 225
68 67
19 129
221 231
114 197
85 213
142 198
25 35
127 237
215 121
227 165
218 134
57 179
86 214
238 218
45 172
178 54
24 35
241 129
216 241
89 34
71 192
92 232
223 229
182 195
2 213
37 22
246 161
167 221
193 185
232 164
41 246
30 132
159 173
95 7
35 89
220 233
191 146
43 253
17 217
157 81
247 214
215 245
34 89
70 65
5 214
221 232
54 177
255 213
75 197
230 222
180 57
133 219
166 32
188 189
178 201
152 182
95 255
0 213
38 19
15 94
19 127
135 215
30 31
218 134
229 165
238 94
55 115
3 128
252 95
184 150
16 127
15 216
87 94
215 11
92 232
20 163
139 52
7 128
250 95
187 148
42 252
193 185
32 228
194 183
93 234
88 219
95 7
128 245
50 81
234 219
168 219
5 95
169 217
74 196
163 19
86 161
120 211
129 241
106 71
62 112
84 210
201 116
230 222
229 92
12 215
92 89
243 95
129 238
104 74
20 38
214 86
95 1
104 181
42 250
243 162
226 226
69 190
7 214
154 179
58 181
211 84
20 219
83 47
251 214
216 241
89 34
64 71
231 164
100 80
195 74
38 88
161 250
246 161
252 214
137 208
92 232
225 132
42 10
93 23
63 184
4 213
81 206
22 37
174 48
73 195
81 99
24 164
163 19
161 170
45 120
42 5
47 83
161 4
128 252
181 59
162 18
76 198
16 94
224 166
243 95
226 165
45 84
179 200
214 86
198 114
162 16
227 91
188 189
91 227
94 15
130 234
230 34
76 58
213 255
95 3
35 232
79 203
136 212
229 164
215 12
125 26
27 223
139 52
43 2
145 192
246 161
89 34
47 137
36 168
183 62
163 22
88 219
49 118
128 245
147 188
161 7
37 168
251 161
235 163
125 229
41 11
25 164
40 241
176 204
173 48
79 54
128 5
95 254
94 237
164 230
12 215
164 167
216 14
54 178
105 74
113 197
0 43
161 0
75 103
7 42
189 68
30 226
38 122
28 91
34 26
218 19
84 45
253 95
173 210
16 127
15 216
92 229
18 162
181 197
87 216
238 217
218 169
64 145
23 36
175 51
16 216
172 160
225 132
61 183
23 163
95 7
43 3
95 9
146 66
43 253
118 51
81 99
164 233
33 132
25 164
120 210
242 127
232 36
203 79
213 2
59 75
94 237
230 92
17 94
225 227
12 161
30 90
151 182
38 236
170 214
199 180
180 153
78 201
13 215
30 91
41 243
56 179
162 239
56 115
253 128
113 61
184 150
225 90
43 136
169 162
123 221
164 25
100 80
182 196
87 218
80 203
36 233
129 13
95 248
96 172
31 124
22 93
98 83
138 49
10 128
234 36
66 110
82 208
6 95
169 217
182 60
184 193
171 95
40 241
129 242
23 220
177 203
251 128
161 3
86 41
26 164
41 12
228 91
14 40
177 202
84 211
20 38
214 86
180 57
25 34
7 42
243 41
90 91
241 94
126 21
230 34
38 237
171 212
20 218
243 162
250 214
242 40
162 87
18 162
214 248
236 93
53 117
213 254
250 95
23 36
51 81
16 216
171 160
215 10
61 182
93 22
72 62
253 43
8 161
248 161
174 49
206 118
22 93
23 163
184 193
92 25
119 210
5 214
107 70
79 53
128 251
75 196
86 41
180 58
191 70
91 28
216 14
54 177
211 172
78 56
44 85
19 218
153 76
91 29
243 41
226 165
15 162
91 228
153 180
198 76
85 44
55 78
243 162
177 53
66 69
163 88
41 244
231 164
26 223
182 196
6 128
161 251
174 208
205 175
240 40
228 224
194 184
228 125
93 22
250 95
168 36
189 109
8 95
43 253
239 39
169 218
23 163
124 32
35 89
216 15
80 51
208 174
37 235
217 87
39 18
163 19
248 214
17 94
166 33
12 161
90 225
242 94
178 201
255 213
76 199
43 171
77 200
94 242
226 165
41 243
200 77
231 34
76 58
212 85
218 236
14 94
90 31
190 187
33 166
191 186
42 8
79 155
116 203
169 39
145 192
36 233
252 214
71 192
85 96
93 20
228 125
93 22
95 6
49 174
67 147
147 67
43 253
73 194
93 234
28 125
124 32
32 28
95 9
51 176
48 82
63 111
217 87
203 116
93 237
58 76
17 94
29 225
69 66
177 202
24 221
38 236
41 170
19 218
25 34
42 249
41 13
226 165
14 162
165 28
180 103
0 95
2 128
113 60
94 242
166 225
43 135
228 165
70 191
24 130
155 177
217 18
217 169
95 5
23 36
13 127
64 71
25 92
41 245
196 74
98 82
39 239
88 220
220 234
8 95
82 207
194 184
33 229
131 28
63 184
25 164
9 161
243 127
220 233
64 111
213 2
161 3
19 93
8 42
244 41
166 33
95 12
225 166
221 232
143 60
2 128
198 180
25 34
77 200
15 94
166 91
14 162
91 228
240 94
0 161
128 2
178 55
94 242
127 239
69 190
166 223
65 70
92 230
155 177
253 95
39 87
161 251
186 149
167 223
40 15
231 164
184 63
60 182
98 82
161 250
36 88
161 248
189 147
207 174
194 184
93 234
227 131
124 32
168 36
247 95
4 214
107 70
145 64
83 209
161 4
216 86
248 214
94 238
169 93
161 245
177 203
210 172
78 55
128 2
141 200
94 239
77 200
162 15
226 91
13 41
56 179
34 25
199 141
0 213
236 38
221 24
225 90
95 244
223 90
215 12
58 180
155 177
116 202
254 43
5 161
173 208
251 214
9 95
25 92
163 236
214 247
33 27
118 206
37 88
234 37
206 81
168 220
250 161
28 33
93 22
246 41
232 92
240 216
243 127
148 187
37 235
218 87
203 117
223 27
59 75
35 133
89 223
40 242
203 79
35 24
95 253
1 43
56 141
103 179
28 165
162 15
165 226
243 215
249 42
240 94
114 199
42 86
179 56
105 182
238 129
188 67
28 91
191 186
26 92
162 237
59 181
251 128
144 193
149 71
5 42
247 161
35 167
63 72
131 228
174 99
217 17
48 174
219 234
36 234
128 246
95 249
83 98
61 73
184 194
28 224
71 64
222 167
174 49
250 161
2 43
161 4
156 80
125 231
192 71
89 223
120 212
16 129
13 161
78 55
255 213
161 1
17 94
42 249
66 187
31 90
242 94
91 227
231 34
19 38
86 214
56 77
151 74
177 54
135 214
28 91
215 12
248 42
94 19
75 59
251 128
144 193
232 220
166 223
210 120
29 32
245 215
23 92
217 169
118 205
219 168
66 146
9 95
10 128
240 39
33 228
246 214
41 10
92 24
137 47
175 205
95 10
219 21
169 218
196 182
20 93
131 25
215 244
34 89
66 187
90 224
106 72
178 201
128 3
58 76
17 94
42 249
243 41
90 165
162 242
42 7
34 25
77 57
86 214
56 77
231 221
238 129
14 216
90 32
70 191
92 230
18 162
116 202
87 216
37 21
220 24
42 251
15 216
89 35
33 124
131 229
93 21
117 205
88 219
66 146
23 36
206 174
207 118
88 37
131 29
62 183
24 164
95 8
175 205
10 161
111 192
249 128
139 204
216 87
42 247
245 41
27 164
120 212
42 5
184 106
219 20
170 215
180 58
42 171
57 77
187 190
165 227
216 135
20 130
240 94
237 218
128 1
218 236
182 152
91 30
214 121
165 28
41 244
92 230
42 86
54 116
128 252
95 4
12 95
214 5
70 191
92 230
93 19
247 42
217 169
251 95
43 3
146 190
50 175
252 213
118 49
93 233
125 226
163 21
32 28
95 8
167 35
82 207
37 234
249 128
52 139
163 20
26 125
162 18
92 26
212 136
32 90
13 161
178 202
43 255
38 18
230 222
77 199
187 190
226 31
242 216
165 29
162 241
95 255
128 0
200 179
25 35
18 127
95 243
164 89
219 133
23 130
86 214
18 39
252 128
252 95
24 35
214 5
95 246
86 95
19 162
125 27
99 81
95 5
88 219
95 7
95 247
81 206
249 161
224 28
183 61
10 215
168 37
216 16
127 12
10 161
204 80
43 254
39 17
176 156
181 59
64 185
29 225
191 70
251 42
72 150
178 202
253 128
141 201
170 214
179 57
215 243
90 225
121 215
55 178
241 94
198 142
171 42
197 114
211 84
91 30
243 161
29 91
41 244
42 8
214 170
140 55
1 213
235 37
209 83
224 90
10 95
222 89
132 34
42 9
157 175
205 139
43 3
219 234
82 49
11 128
249 161
228 224
73 195
226 124
164 232
72 63
252 42
174 49
219 22
208 173
195 182
157 81
125 230
192 71
170 94
65 186
176 203
173 47
161 4
4 128
116 55
238 162
229 92
134 219
31 90
68 67
127 19
15 162
161 1
128 0
197 114
172 212
30 165
189 188
91 227
240 94
92 229
162 238
95 2
45 172
219 235
71 106
52 80
136 211
162 86
94 19
131 230
175 99
61 183
248 128
22 219
9 95
4 42
72 193
23 92
93 21
235 163
172 97
16 40
81 50
161 247
176 204
43 253
139 204
39 169
181 59
34 133
34 89
120 211
129 241
232 35
235 219
213 1
201 116
102 178
229 92
12 215
29 165
161 243
78 55
152 181
38 236
171 213
255 95
221 25
178 55
68 189
225 90
38 122
27 92
230 34
201 141
255 43
252 95
244 161
241 129
191 186
169 162
192 185
232 164
27 223
217 17
249 128
110 65
220 23
4 42
137 208
84 97
194 183
93 234
93 23
7 161
167 35
161 247
234 219
253 213
17 217
87 39
92 24
124 33
161 170
161 246
129 241
12 161
219 21
216 87
75 197
222 26
229 92
16 94
89 164
68 67
91 226
25 221
59 114
0 128
255 95
35 231
42 250
135 215
164 89
187 66
42 7
18 162
58 181
172 211
178 54
72 106
166 224
65 70
230 164
71 192
214 247
223 229
4 161
47 173
219 234
246 161
50 81
48 137
168 220
41 246
93 234
228 32
72 63
128 245
95 9
161 7
248 128
117 51
217 87
131 27
163 19
32 29
161 246
251 42
221 232
161 4
169 216
238 39
155 78
27 164
123 37
228 91
135 41
238 127
84 211
77 56
128 1
198 114
94 241
227 91
94 243
90 31
243 215
22 130
77 154
75 58
45 172
202 178
243 161
251 214
44 136
34 167
41 245
125 26
223 229
95 4
88 218
219 234
161 10
252 214
8 95
228 224
163 235
10 214
159 173
207 138
4 213
147 188
219 22
48 82
51 139
175 157
131 27
185 193
164 230
161 246
251 42
232 36
219 21
169 216
197 181
18 94
23 126
12 215
225 226
121 214
214 250
15 162
161 2
128 1
77 199
75 104
249 214
162 14
165 29
15 162
249 42
85 214
38 237
3 128
201 178
83 46
224 90
44 136
164 27
215 11
92 231
236 93
39 239
38 87
176 52
95 246
222 89
119 47
160 84
21 163
246 42
93 23
118 207
35 89
220 233
37 234
8 128
117 51
169 217
9 42
132 223
86 161
45 120
214 251
95 12
161 4
213 2
181 59
237 162
24 126
94 239
228 91
244 95
226 166
35 25
236 218
42 170
58 142
222 25
130 20
13 215
165 29
66 69
7 214
94 17
56 115
84 45
61 143
24 35
224 90
69 190
229 164
35 123
131 231
223 229
4 161
43 2
6 161
220 23
129 12
95 248
36 168
132 31
227 125
23 163
16 39
128 246
9 161
110 190
247 128
217 239
235 163
92 23
237 163
32 29
191 70
242 127
36 24
53 177
172 46
75 197
79 101
214 8
65 186
163 168
42 121
90 226
94 14
200 77
213 171
0 161
171 212
227 91
40 134
91 166
241 94
228 165
26 222
38 237
1 213
201 178
72 106
214 5
242 40
87 94
186 64
125 25
87 216
39 238
213 254
219 235
246 161
243 129
8 95
160 84
132 31
246 42
98 83
16 39
10 128
247 95
37 234
48 82
6 95
234 163
214 9
193 72
89 221
241 216
80 52
95 11
63 111
5 128
140 202
94 237
8 42
220 123
165 228
135 42
177 202
45 84
200 77
0 213
161 0
76 103
214 7
67 188
226 30
39 122
28 91
103 77
115 200
171 212
195 113
221 24
251 214
190 187
165 27
12 41
8 214
40 86
196 74
250 128
6 161
11 95
34 167
209 119
85 96
31 124
74 61
158 174
118 207
88 220
36 22
36 234
247 128
250 161
223 27
42 247
124 32
164 231
119 210
127 14
233 36
203 79
210 172
54 140
41 170
126 232
36 133
33 90
242 216
79 54
232 35
38 236
128 2
76 199
43 171
179 56
243 41
165 30
241 94
179 200
171 43
95 1
254 128
236 38
105 183
203 177
95 245
163 88
162 238
25 92
177 100
182 196
209 83
219 235
233 220
51 81
9 95
28 32
184 62
28 131
163 234
6 161
43 3
175 50
81 51
9 128
62 73
163 22
23 163
236 163
85 160
64 185
223 167
161 245
95 251
128 5
253 161
86 41
180 58
65 186
223 166
161 244
202 79
35 24
2 95
85 212
218 237
25 34
21 126
134 217
166 226
134 39
77 56
153 180
57 115
44 171
20 218
24 35
31 166
135 213
229 165
215 12
126 25
19 163
253 95
213 254
79 203
70 107
205 176
95 247
164 25
193 184
23 93
87 218
118 206
128 246
248 95
175 205
82 207
50 138
87 38
228 131
124 32
28 224
46 119
222 167
220 233
203 79
173 46
3 95
215 86
248 214
70 65
29 225
242 216
177 202
73 151
196 143
171 44
95 0
162 16
21 126
41 13
90 165
188 67
126 21
85 213
95 0
1 213
2 161
46 172
177 54
121 43
165 28
162 239
26 92
19 163
253 95
210 83
37 21
208 82
176 51
9 95
92 231
184 63
182 196
229 33
73 62
49 174
161 248
147 67
253 213
206 118
98 174
195 182
184 193
160 171
247 95
205 81
245 95
64 111
217 87
3 95
230 223
198 180
244 41
90 223
43 121
166 31
172 46
113 196
44 85
141 199
171 213
77 200
215 243
30 165
14 162
28 91
240 94
57 180
213 255
38 20
221 24
177 54
242 40
90 33
220 133
164 26
163 237
196 74
217 169
219 235
82 48
42 251
9 95
160 85
193 184
163 23
93 22
138 50
220 168
147 190
95 248
3 43
138 206
93 234
93 23
72 62
92 25
137 47
175 205
208 174
235 219
83 209
39 18
177 156
214 8
192 70
33 89
161 245
31 90
172 46
196 143
254 128
1 95
153 76
165 228
41 13
30 226
94 14
165 29
222 231
180 199
213 0
200 178
45 172
6 42
244 161
168 163
244 215
232 126
237 94
3 161
128 5
53 79
70 107
127 242
210 119
231 164
215 11
9 214
169 38
95 6
128 9
248 95
147 67
43 253
72 194
22 93
74 195
93 236
92 24
95 8
127 13
207 174
53 176
2 43
74 196
229 223
126 231
70 64
165 229
14 40
251 42
94 13
253 161
172 44
19 218
34 230
77 200
162 15
225 166
216 134
78 56
44 85
57 180
212 85
56 77
231 221
30 166
216 242
88 93
94 17
248 42
177 101
116 202
39 87
5 161
70 107
33 167
247 161
25 92
193 184
125 28
157 174
194 73
3 213
219 234
9 95
88 36
16 217
233 163
29 125
132 225
160 172
192 71
167 34
49 82
176 204
250 128
252 161
93 236
8 42
123 35
167 33
11 161
79 53
243 95
218 20
86 41
76 198
239 162
214 7
162 15
165 166
216 134
7 214
103 75
114 199
43 171
38 20
14 94
214 6
95 244
31 227
220 133
164 26
215 170
54 116
39 87
219 235
95 244
33 166
46 136
29 32
163 237
74 60
33 27
205 138
253 43
219 234
67 109
220 89
49 138
98 173
10 42
163 21
224 228
16 40
244 127
23 220
161 6
2 43
161 4
176 156
92 25
12 215
164 229
136 44
224 166
173 46
113 195
170 215
76 198
85 43
91 28
38 134
166 31
162 242
227 165
212 171
38 237
255 128
20 218
152 74
30 166
121 42
164 89
70 191
58 180
178 101
202 140
213 254
63 144
24 36
166 223
40 15
29 32
185 63
214 247
229 33
73 61
174 208
80 205
81 50
128 11
138 207
233 163
227 131
62 183
160 172
240 216
129 244
69 148
192 145
87 38
196 182
80 100
131 26
185 192
222 167
136 44
79 53
35 24
161 3
253 128
237 38
162 17
42 249
122 38
31 90
68 189
165 29
25 221
19 38
0 43
77 200
162 15
18 127
14 216
166 224
37 123
248 42
238 94
95 2
46 172
144 194
83 47
129 15
186 65
29 32
33 124
164 24
99 81
161 251
43 3
205 176
50 175
213 4
63 72
168 219
93 22
183 194
159 172
161 248
214 252
36 23
110 191
2 43
39 17
87 40
92 25
11 215
162 169
241 216
177 203
95 13
78 54
128 253
141 200
239 162
234 130
240 162
29 165
13 162
178 201
104 75
179 199
171 42
59 142
182 152
127 238
242 40
30 31
37 123
180 199
214 170
2 161
87 216
202 177
95 244
176 52
15 216
86 95
19 162
247 42
21 163
117 205
128 248
95 7
108 188
128 245
48 138
93 233
214 10
124 30
224 228
71 63
252 42
174 49
191 146
168 218
195 182
80 100
131 26
238 162
26 164
70 65
42 5
95 13
235 219
40 170
201 115
154 77
130 22
16 94
91 29
215 135
91 227
212 171
198 142
0 43
20 218
35 231
178 55
121 41
166 224
240 94
214 248
162 238
116 201
252 128
95 4
35 232
204 176
65 70
29 32
94 19
197 75
99 81
139 51
43 3
176 52
68 108
128 245
240 40
163 23
183 61
235 163
32 28
40 240
206 81
246 95
110 191
88 38
204 117
217 87
125 230
185 192
167 34
15 40
53 176
35 24
54 177
211 172
18 217
214 86
23 126
37 134
227 91
13 162
30 91
181 104
1 95
43 0
236 38
75 104
165 226
68 189
226 225
162 240
92 229
222 230
116 201
43 1
252 95
185 150
129 15
120 45
31 227
64 71
26 131
169 39
117 204
88 218
234 37
247 161
11 127
48 137
228 224
215 10
183 194
224 228
249 95
35 89
207 174
95 249
248 128
195 183
223 27
131 26
237 162
227 31
191 70
32 90
35 24
62 112
128 252
181 59
230 222
42 248
122 37
224 166
67 188
42 6
241 94
1 95
43 0
237 38
94 241
226 91
40 14
30 31
162 240
249 42
230 34
181 197
45 172
54 78
221 24
129 15
15 216
92 230
222 133
92 232
169 40
74 61
48 173
249 95
148 69
42 252
193 184
228 224
132 30
215 246
88 219
16 40
245 128
82 206
95 249
88 37
39 17
81 99
197 181
223 124
29 224
186 191
166 32
150 185
194 144
43 255
59 75
178 154
57 76
41 12
226 31
40 242
91 226
211 172
179 200
0 213
255 95
241 162
214 6
40 14
30 31
134 38
234 126
162 238
201 141
3 128
144 195
161 13
53 80
15 216
92 230
245 215
92 232
169 40
74 61
249 128
161 250
233 220
129 12
208 119
159 84
62 73
234 163
233 93
39 240
252 43
188 108
95 249
3 43
95 251
33 229
247 214
124 33
34 89
45 120
166 33
47 83
194 144
4 128
140 201
178 155
180 57
133 219
228 91
121 215
18 129
84 211
56 179
171 43
38 19
152 75
19 127
216 243
165 90
38 122
7 214
239 94
19 38
3 128
195 112
72 106
203 177
40 15
167 222
94 18
247 42
169 40
195 74
173 209
65 145
246 161
214 4
240 40
32 228
183 62
93 234
93 23
217 16
175 206
23 220
37 234
88 37
117 51
33 229
9 42
19 93
86 161
15 40
166 33
185 107
54 177
255 213
202 116
215 86
26 164
133 219
164 167
189 68
250 42
25 221
254 161
85 213
199 179
221 25
42 249
40 135
90 31
15 162
42 7
230 34
19 38
253 128
112 61
24 35
5 42
136 212
87 94
41 245
75 59
93 20
182 196
209 83
64 145
187 148
214 4
119 47
160 84
41 246
195 73
159 173
207 138
43 4
188 109
37 234
248 128
205 117
87 39
229 131
93 237
167 35
161 246
204 80
244 95
252 161
2 43
2 95
215 86
180 58
186 191
225 226
121 214
202 78
182 105
59 113
214 86
0 161
44 171
165 227
13 215
165 90
218 134
234 126
213 171
38 237
215 170
218 236
173 210
251 214
216 241
229 164
71 192
197 75
176 100
182 196
2 213
80 204
23 36
244 129
185 64
220 88
124 225
227 125
28 223
217 16
220 167
220 234
219 22
174 48
118 51
87 39
23 164
132 223
35 89
40 241
33 90
71 149
235 219
251 128
217 238
215 86
24 126
41 12
225 227
135 42
54 177
172 45
59 113
213 0
218 237
103 180
55 78
94 242
90 91
241 94
42 7
102 77
56 115
128 253
178 55
35 232
79 203
66 69
94 169
238 94
231 125
176 100
217 18
2 213
161 250
220 23
81 205
47 137
92 232
21 163
246 42
168 38
194 72
246 128
189 109
22 37
174 48
73 194
169 217
60 74
163 20
221 167
136 46
33 89
161 245
95 251
39 169
197 181
34 230
26 164
191 70
88 163
68 66
166 31
25 221
254 161
214 86
142 199
25 34
200 178
243 41
90 31
122 217
130 235
94 17
218 19
215 170
3 161
232 221
177 53
187 66
162 87
41 244
248 42
100 80
217 18
209 83
176 53
107 187
175 51
185 64
232 164
31 124
195 74
38 88
49 118
49 174
234 36
81 51
128 9
17 217
234 163
42 247
193 72
28 224
15 40
80 52
11 161
5 95
87 39
18 217
26 34
42 248
244 41
31 29
216 14
127 17
183 105
78 56
128 1
180 57
43 171
91 29
242 162
166 165
241 94
56 179
153 180
218 19
212 85
20 218
221 24
90 31
40 14
163 88
94 18
126 25
33 26
217 18
43 2
161 251
161 11
13 127
9 95
164 25
93 20
93 233
174 98
6 161
128 246
95 8
234 220
128 9
239 39
223 27
163 233
224 124
231 92
216 15
251 42
11 161
193 145
128 251
140 202
41 170
26 164
239 162
163 168
213 135
239 127
210 172
38 236
86 42
57 76
94 240
42 249
13 215
166 226
13 41
21 130
231 34
237 218
215 170
196 113
24 35
6 42
40 14
223 90
186 65
180 198
230 33
39 238
39 87
37 21
161 11
42 252
247 161
167 220
163 236
233 163
93 22
17 39
213 253
175 51
175 205
207 174
161 6
33 229
228 131
163 20
160 171
119 210
127 13
208 174
193 145
39 169
182 60
93 237
214 8
17 94
166 33
135 43
239 127
172 46
95 254
215 86
199 115
213 85
42 249
67 188
30 91
162 242
28 91
153 180
180 198
86 215
201 178
24 35
127 239
213 121
163 88
94 17
24 130
41 86
238 217
210 83
235 37
23 36
167 222
185 64
160 85
184 63
9 214
234 93
50 118
3 213
147 189
234 220
82 207
62 72
168 218
131 28
193 72
164 231
247 95
175 205
161 245
251 161
128 250
253 161
156 79
214 8
65 186
88 163
242 216
17 129
14 162
3 95
41 170
161 1
222 25
28 165
215 243
30 30
134 39
126 21
162 240
95 0
2 128
2 161
14 94
79 202
12 95
28 91
186 65
26 92
230 34
3 161
254 43
145 193
36 233
42 251
210 119
85 96
163 236
228 125
158 174
161 250
213 253
8 161
81 50
128 246
161 6
88 38
42 246
163 20
168 36
16 40
175 205
23 220
145 64
128 6
39 18
177 156
126 231
18 94
227 31
11 161
129 239
105 73
196 143
2 128
58 76
239 162
77 200
15 94
30 226
68 189
42 7
103 76
161 0
214 170
20 218
45 172
54 79
135 214
90 33
162 239
248 42
155 177
238 217
2 213
79 203
36 233
14 127
40 15
85 95
93 20
42 9
93 22
250 95
168 37
66 146
50 175
207 174
161 6
93 234
22 163
93 236
164 232
16 40
252 42
207 174
6 95
250 128
117 53
163 20
214 8
215 244
165 229
14 40
42 5
210 172
201 78
43 255
58 76
94 239
77 200
122 39
226 91
134 40
165 29
94 16
57 180
44 171
2 161
231 221
127 238
188 67
88 93
191 186
164 26
155 177
116 202
254 43
203 177
95 245
176 52
192 186
171 161
93 20
196 74
33 27
39 239
128 9
219 234
95 247
174 49
240 39
218 88
61 73
21 93
172 96
216 16
34 89
23 220
6 95
87 38
53 139
93 236
8 42
64 185
92 27
11 161
240 127
46 83
78 55
213 1
180 58
239 162
200 179
162 15
30 30
94 14
236 126
25 222
95 0
171 213
95 2
182 151
177 54
214 121
88 93
17 162
26 92
101 78
202 140
251 128
37 21
149 71
5 42
241 40
221 89
237 93
42 9
33 27
61 183
82 48
190 110
220 22
82 207
62 72
88 37
163 234
246 41
224 228
240 216
205 81
49 82
64 111
173 47
204 117
27 33
59 75
64 185
29 225
136 44
251 42
72 150
55 178
86 41
237 38
239 162
234 130
66 187
226 30
242 94
201 78
75 153
114 198
214 170
218 236
231 221
226 90
242 40
28 91
17 162
230 164
26 222
95 2
40 87
54 79
95 244
129 14
241 40
29 32
71 193
27 131
169 39
183 195
8 128
66 146
247 161
174 50
184 63
32 228
93 22
31 132
224 228
47 119
129 244
23 220
192 145
173 47
4 95
100 176
42 247
215 245
92 27
216 15
16 129
210 173
55 178
3 128
180 58
179 154
27 165
162 15
166 31
13 40
130 236
104 75
237 218
43 171
142 197
45 172
30 165
189 188
30 31
240 94
26 92
238 94
95 2
43 1
79 202
36 232
204 176
216 241
224 29
41 245
27 131
157 175
195 73
168 37
146 190
68 109
50 81
240 39
159 83
234 93
235 163
97 84
216 16
89 221
108 69
52 176
254 213
195 182
20 93
42 247
41 11
34 89
40 241
203 79
184 106
219 20
255 213
58 75
239 162
214 7
218 122
226 30
215 135
237 127
25 221
179 199
171 42
95 1
162 15
201 178
216 242
28 91
69 191
199 76
238 94
254 95
40 87
112 62
24 35
214 5
186 65
222 89
124 223
232 164
235 93
251 95
37 88
234 37
50 175
128 245
217 240
83 97
163 234
215 246
159 172
240 216
42 4
10 161
110 191
38 168
52 139
176 156
181 59
192 71
94 87
186 191
90 224
173 47
4 95
43 255
238 38
230 222
179 57
218 122
226 31
68 67
178 201
152 181
38 237
0 213
56 77
172 211
226 91
67 68
91 227
41 244
92 229
26 222
18 39
255 43
4 161
24 35
204 176
211 120
34 167
64 71
24 92
39 87
5 161
88 219
204 176
68 108
167 221
184 63
159 83
10 41
62 183
24 164
193 72
167 35
233 36
37 234
2 43
61 74
175 157
24 164
162 19
94 87
191 70
127 15
106 72
161 4
169 216
18 217
34 230
229 92
162 16
31 90
121 215
201 78
44 84
95 255
128 0
38 20
241 162
201 178
67 68
90 32
66 69
42 8
34 26
197 75
87 216
177 54
35 232
80 204
15 216
31 227
64 71
214 247
99 81
95 5
253 43
95 7
68 108
221 89
193 184
228 224
62 73
194 73
88 219
7 161
206 81
108 68
191 146
218 88
195 183
93 235
230 131
71 64
164 230
136 45
80 52
47 83
54 177
128 252
140 201
230 222
92 27
215 244
167 92
67 188
19 129
152 181
20 38
171 43
237 38
94 241
127 237
189 188
227 165
240 94
126 23
162 238
238 218
169 40
4 161
106 184
127 241
15 216
89 34
185 64
42 9
175 100
217 17
7 128
110 65
49 174
129 12
63 72
224 28
132 30
124 30
163 233
40 240
213 252
82 206
219 22
248 128
5 95
81 99
197 181
64 185
161 170
136 45
42 5
24 221
4 95
252 128
39 18
170 214
164 229
133 219
227 91
14 40
165 30
25 221
20 38
0 213
1 161
94 241
237 129
162 13
165 29
218 134
42 7
170 42
201 141
170 40
236 37
150 72
53 80
40 15
169 162
245 215
24 92
27 223
182 195
2 213
161 250
246 161
42 252
16 216
84 97
124 226
93 234
224 228
193 72
11 128
233 36
219 22
8 128
195 183
93 235
75 196
11 215
86 161
65 186
80 52
12 161
235 219
4 128
197 181
170 214
126 233
41 12
90 224
216 14
6 214
84 211
142 59
85 213
19 218
44 171
55 78
67 67
90 91
41 243
179 199
222 230
56 115
253 128
3 161
24 35
5 42
216 241
167 222
192 185
25 92
163 236
239 217
249 128
37 22
148 69
50 81
8 95
172 159
62 73
227 125
173 97
217 16
4 213
109 68
66 110
8 128
95 251
229 223
229 131
71 63
92 26
70 65
204 80
71 149
95 252
128 252
54 140
162 18
76 199
133 219
226 31
243 95
202 78
25 221
236 218
213 0
19 218
25 35
214 7
121 40
165 90
241 94
27 91
85 214
218 19
215 170
195 112
221 24
224 90
66 69
87 94
123 222
247 42
236 93
17 39
7 128
21 219
148 69
175 51
161 8
36 168
132 31
214 246
88 219
118 207
128 245
233 36
37 234
128 8
5 95
93 235
92 24
163 19
170 95
40 241
127 14
244 95
219 21
87 40
39 18
178 155
58 76
186 191
228 91
121 214
42 6
45 84
161 2
0 43
77 199
181 153
7 42
94 242
30 226
15 162
249 42
239 94
1 161
45 172
61 143
221 24
5 42
136 212
169 162
123 221
92 231
236 93
196 74
173 209
64 145
69 108
175 51
161 8
160 84
215 10
93 234
228 33
118 207
10 128
50 81
219 22
168 219
161 5
33 229
92 23
33 132
164 231
70 65
204 80
107 71
235 219
254 213
18 217
162 19
58 76
94 239
31 29
189 68
90 226
25 221
95 254
0 213
199 180
180 153
201 178
14 94
165 30
134 38
91 228
179 102
218 19
212 84
143 195
150 72
90 31
245 161
29 31
64 70
125 25
40 87
60 182
218 169
145 192
10 95
175 51
216 240
28 32
163 235
227 125
88 218
161 249
82 49
95 9
248 161
253 213
217 239
33 229
214 9
11 215
167 35
120 210
242 127
70 149
161 5
128 5
253 161
34 230
248 214
94 239
91 28
242 216
79 54
242 94
254 161
171 44
114 57
85 44
227 91
40 134
91 166
162 241
91 228
26 222
255 95
86 215
161 253
84 46
129 16
95 245
31 227
133 35
231 164
27 223
60 182
169 38
235 37
174 207
81 205
185 64
220 88
163 236
29 131
88 218
161 250
82 49
67 147
234 220
168 219
118 50
158 82
163 233
11 215
85 161
46 119
242 127
70 149
161 5
217 87
202 116
237 162
248 214
162 17
225 227
187 190
214 250
242 94
20 38
86 42
199 115
34 231
91 29
215 243
165 90
134 39
7 214
153 180
237 218
212 85
95 3
162 13
31 166
187 66
227 225
221 133
25 92
230 33
139 53
173 209
203 177
208 82
4 42
119 47
28 32
236 93
131 227
218 168
62 184
10 128
161 248
147 66
36 168
194 183
158 82
247 214
224 124
25 164
241 216
127 14
82 208
161 5
169 217
3 95
41 170
164 230
239 162
28 165
244 95
129 239
151 183
196 143
1 43
161 0
34 231
214 7
215 243
226 90
189 188
179 200
34 25
38 237
254 128
95 3
35 232
90 31
14 216
165 27
94 17
180 198
163 237
196 74
213 254
177 53
220 23
222 89
15 216
25 92
11 41
182 196
98 82
138 50
128 10
36 22
95 248
253 213
62 73
223 27
247 214
124 32
96 85
247 95
167 34
82 208
79 53
210 173
18 217
34 230
248 214
36 133
29 225
135 43
250 42
183 105
178 201
170 215
76 198
162 16
56 77
189 68
30 226
41 243
179 200
171 43
0 95
255 43
55 78
24 35
129 17
95 244
29 31
162 239
230 164
177 101
196 74
217 169
95 5
36 233
214 4
71 192
35 167
72 193
196 74
87 218
161 250
43 3
22 220
36 234
213 3
239 39
218 88
125 228
245 41
220 167
71 64
243 127
149 186
145 64
43 254
39 18
237 163
231 130
65 186
29 225
161 244
225 166
151 183
20 38
171 44
57 141
25 34
77 200
188 189
30 226
14 162
56 179
34 25
180 199
128 2
113 60
242 162
90 31
14 216
166 223
65 70
232 126
177 101
196 74
39 87
95 5
186 149
167 223
247 161
85 96
163 236
28 131
33 27
161 250
247 128
220 234
50 175
174 49
50 138
218 88
23 163
215 245
85 160
16 40
214 252
233 36
95 251
173 47
161 3
86 40
58 75
12 215
225 227
11 161
31 90
24 221
236 218
128 2
198 180
153 76
214 7
67 188
90 165
14 162
7 214
43 85
0 161
128 255
113 60
221 24
42 250
69 190
31 227
17 162
248 42
177 101
181 196
39 87
111 63
208 83
127 242
46 137
28 32
245 215
247 42
229 33
73 62
253 43
205 175
36 234
88 36
138 207
234 163
29 125
215 246
24 164
40 240
42 4
49 82
235 219
128 6
238 39
236 163
42 248
12 215
94 87
216 14
53 177
232 35
201 78
44 84
141 200
179 153
179 56
241 162
165 226
40 122
42 7
76 153
142 57
0 43
38 20
162 14
90 30
95 244
29 31
215 12
180 198
215 170
161 253
251 128
5 161
23 36
89 33
216 241
85 95
193 184
28 131
223 229
217 17
48 174
175 51
147 67
174 49
16 217
223 28
195 183
62 184
88 220
185 192
51 175
10 161
53 176
250 128
39 18
100 176
164 231
41 12
169 94
40 241
16 129
173 46
195 143
1 43
255 161
102 179
179 56
38 134
31 90
14 162
201 78
76 153
57 114
1 128
236 38
14 94
90 30
189 188
28 91
244 215
92 230
162 237
18 39
169 39
79 203
36 232
90 33
10 95
29 32
215 11
214 247
175 99
39 239
48 174
51 81
175 206
167 220
118 49
158 83
10 42
10 215
232 92
240 216
167 34
246 95
37 235
254 213
60 74
236 163
25 164
238 162
31 29
245 95
42 5
184 106
20 38
86 41
237 38
26 34
22 126
66 187
226 30
68 189
165 29
222 231
0 95
255 128
38 20
74 105
129 18
242 40
166 224
239 94
180 198
238 94
75 59
169 40
202 177
244 161
176 52
120 45
221 89
11 41
229 125
157 175
73 61
82 48
249 95
147 68
128 245
193 184
88 37
163 234
194 73
220 168
119 209
34 89
246 95
64 111
38 169
117 52
156 80
42 247
222 123
34 89
216 15
129 240
13 161
55 178
211 172
58 76
26 34
234 130
69 66
91 29
216 135
42 7
35 25
38 237
86 214
114 59
162 15
165 226
68 189
30 31
37 123
8 214
34 26
116 202
128 252
252 95
173 209
33 166
45 136
95 170
63 71
131 229
93 21
195 73
128 8
66 146
9 95
4 43
49 138
219 88
29 125
41 10
84 159
119 208
167 35
207 174
95 250
38 168
61 74
176 156
75 197
185 192
225 227
136 44
53 177
150 184
161 3
211 172
141 200
170 214
22 126
38 134
165 166
189 189
227 165
231 35
57 179
42 85
218 236
74 104
226 91
68 189
225 30
65 69
42 8
101 78
59 181
213 255
252 95
221 24
15 127
191 186
224 29
185 63
24 92
175 99
239 217
82 48
22 219
233 220
175 50
95 249
219 88
246 214
73 62
164 232
95 8
35 89
10 161
146 65
43 254
239 39
216 87
42 247
162 18
26 164
15 40
224 166
83 209
95 252
128 3
254 161
214 86
42 249
162 16
225 226
121 215
178 201
212 171
77 57
213 85
95 1
15 94
237 129
41 135
166 224
69 190
8 214
214 170
39 238
252 128
62 144
221 24
32 166
191 186
86 95
245 215
75 59
27 223
51 117
213 253
7 161
161 9
213 4
184 63
23 93
22 163
10 215
164 232
8 161
129 244
36 23
52 176
2 43
182 61
27 33
75 197
34 133
167 34
191 70
166 32
95 12
252 161
211 172
75 197
34 230
130 23
215 243
166 31
135 41
250 42
162 241
114 198
213 0
236 38
15 94
165 226
188 67
164 89
219 134
27 92
222 230
140 55
216 169
252 95
47 173
129 15
191 186
89 34
133 34
230 125
33 27
217 17
3 213
161 249
233 220
81 206
137 208
23 92
30 124
124 30
92 23
216 16
252 42
233 36
161 7
48 83
5 95
27 33
59 75
64 185
94 86
95 10
15 129
232 35
194 144
43 255
2 95
238 162
76 199
244 41
224 166
14 40
19 129
75 152
161 1
0 128
200 179
15 94
226 91
40 14
30 31
122 219
27 92
94 18
197 75
252 128
21 219
106 184
214 5
70 191
34 167
222 133
26 131
21 163
39 239
249 128
7 161
10 95
50 81
16 216
97 172
93 21
234 163
233 93
184 193
128 11
68 148
191 146
48 83
183 61
217 87
9 42
124 34
95 86
186 191
32 90
185 106
21 37
1 43
39 18
230 222
27 164
215 244
164 167
215 135
178 201
221 231
38 236
85 42
38 19
104 181
127 237
135 215
89 92
122 218
214 249
77 154
95 2
86 216
4 161
106 184
32 166
70 191
169 162
94 18
232 164
20 163
182 195
168 38
65 146
174 207
42 252
248 161
84 97
21 163
131 226
97 83
95 7
11 128
9 161
7 95
83 208
195 183
157 81
232 92
237 163
26 164
216 15
166 33
47 83
37 235
172 45
201 116
26 34
180 57
187 191
90 224
188 189
250 42
25 221
255 161
43 0
255 95
241 162
178 55
162 13
31 166
41 243
229 165
77 154
75 58
43 1
161 253
184 150
16 127
241 40
29 31
123 222
164 25
33 27
182 195
7 128
80 204
49 174
42 252
8 95
32 228
124 225
42 10
228 32
184 193
35 89
206 175
234 219
48 82
95 251
157 81
9 42
215 245
230 92
15 40
204 80
107 71
177 202
169 216
54 140
178 155
76 199
94 240
224 166
189 68
6 214
35 25
59 114
213 171
199 179
85 44
201 178
216 121
30 226
38 122
77 57
214 171
1 161
86 215
144 195
83 46
177 53
216 241
92 229
133 34
92 231
156 176
252 95
249 128
204 176
246 161
127 244
240 40
168 220
62 73
214 246
37 88
49 118
128 11
23 220
219 22
128 248
73 195
39 169
60 74
19 93
164 230
45 120
90 223
12 161
63 112
5 128
39 18
34 230
8 42
215 244
164 167
244 95
250 42
231 35
38 236
128 1
218 237
75 103
91 29
94 242
91 227
41 243
234 126
43 85
1 161
41 86
55 78
95 243
240 129
245 161
92 229
244 215
181 197
163 236
252 95
169 38
250 95
148 69
89 34
161 8
28 32
246 215
73 61
83 158
95 7
89 220
67 147
234 219
253 213
95 251
81 99
9 42
245 41
161 170
210 136
14 129
149 185
37 235
5 128
54 140
41 170
24 126
94 239
224 166
95 12
42 6
231 35
161 2
43 0
38 19
212 85
78 201
162 14
91 166
13 41
234 126
77 154
141 56
255 43
253 95
232 221
177 53
216 241
162 87
123 221
25 92
223 229
252 95
209 83
37 21
174 207
13 127
209 119
32 228
21 163
93 234
33 28
7 161
253 43
189 109
110 190
247 128
73 194
33 229
93 23
223 124
228 32
15 40
204 80
186 107
145 63
84 210
116 54
215 86
126 232
41 12
166 32
242 216
166 30
84 211
113 196
128 1
38 19
162 16
20 126
215 243
91 226
188 66
77 56
171 43
141 56
215 170
38 20
243 162
127 240
43 136
31 227
35 123
42 8
27 223
238 217
128 250
203 176
10 95
13 127
248 161
171 160
10 41
10 214
83 158
138 49
88 220
220 234
95 248
207 174
161 6
27 33
214 9
63 184
95 85
9 161
80 52
70 149
161 5
254 213
140 202
237 162
42 248
186 191
228 91
42 121
31 90
221 232
218 20
128 1
199 115
180 153
130 20
67 188
90 30
243 215
214 249
85 213
76 58
254 128
113 60
13 94
79 203
40 14
165 27
238 94
75 58
79 156
117 203
254 43
145 192
149 70
81 205
185 64
36 168
20 163
93 233
33 27
250 95
10 128
8 161
220 22
9 128
138 206
174 158
182 60
20 93
231 92
161 247
251 42
245 95
21 37
5 128
3 95
230 222
230 92
36 133
168 93
161 244
225 166
151 183
2 95
128 2
0 95
94 240
165 228
68 67
90 30
188 67
228 165
103 76
38 237
1 213
196 113
242 162
31 166
244 161
90 33
191 186
92 231
93 19
253 95
87 217
251 95
70 107
81 205
95 247
32 228
132 32
93 233
218 168
194 72
10 128
147 189
234 220
82 207
95 250
229 223
214 9
32 132
35 89
64 185
34 89
174 48
5 95
6 128
238 39
41 170
214 8
133 220
91 28
43 121
127 17
151 183
95 254
41 170
95 0
162 16
91 28
94 242
226 226
242 94
77 56
222 231
57 115
2 128
254 95
105 183
214 6
69 190
93 168
70 191
164 26
237 93
53 116
46 173
203 177
208 82
51 80
161 9
160 85
72 193
42 9
163 234
118 206
168 36
109 67
8 95
253 213
206 118
38 168
42 247
11 215
92 25
40 241
243 127
161 245
235 219
169 217
74 196
86 41
25 126
221 123
93 88
43 121
239 127
183 105
38 236
41 170
161 1
103 180
42 249
39 134
90 165
215 13
7 214
162 240
180 199
213 255
218 236
94 242
214 6
95 244
227 225
220 133
230 164
19 163
202 140
83 46
63 145
11 95
127 242
71 192
96 171
20 163
23 93
98 82
118 206
43 3
205 175
248 161
220 88
118 50
27 33
93 23
163 20
231 92
47 119
175 205
70 149
177 203
6 128
39 18
100 177
214 8
186 191
89 223
187 190
129 239
73 151
196 143
255 213
95 255
34 231
126 235
241 162
226 30
134 40
165 29
240 94
141 57
85 44
143 196
183 151
129 17
12 95
168 163
162 239
42 8
26 222
60 181
128 5
111 63
107 186
5 42
241 40
95 171
11 41
131 228
234 93
183 194
253 43
190 109
248 161
49 82
62 72
82 98
234 93
124 31
88 220
8 161
89 222
107 69
219 21
213 2
238 39
223 27
42 248
238 162
229 91
66 187
129 240
94 13
61 113
213 1
58 76
85 43
249 214
215 243
165 226
162 242
126 20
16 162
76 57
212 85
20 218
231 221
31 166
161 12
91 228
244 215
198 76
19 162
3 161
213 254
79 203
48 173
5 42
70 192
32 228
184 63
125 28
99 82
239 217
48 174
175 51
175 206
88 36
72 194
83 98
163 234
246 41
28 224
216 16
243 127
69 148
203 80
87 38
217 238
33 229
164 231
12 215
164 229
242 216
53 177
210 173
218 20
212 172
1 95
162 17
91 28
66 187
91 90
162 242
236 126
171 44
180 199
128 255
218 236
84 45
79 202
40 14
32 166
186 65
92 230
19 162
161 253
87 217
53 79
173 208
80 204
10 95
95 170
237 93
9 214
99 81
239 217
128 247
51 81
220 22
36 167
118 49
88 37
29 125
41 10
172 96
216 16
51 175
95 10
145 64
47 83
182 60
163 20
248 214
12 215
89 223
241 216
203 79
24 221
178 201
255 213
76 198
222 26
249 214
215 243
29 165
14 162
55 178
103 75
57 179
255 128
77 200
25 35
54 78
214 121
225 30
215 12
42 8
170 41
2 161
2 213
144 193
149 71
251 214
186 65
170 161
71 193
131 229
235 93
217 17
128 248
161 249
9 95
43 252
161 7
23 93
125 227
31 132
172 96
209 137
214 252
23 220
219 21
7 128
39 17
223 27
214 9
11 215
164 229
190 69
214 251
150 184
144 61
84 211
1 95
26 34
165 229
243 41
90 165
40 121
78 55
44 85
161 0
170 42
142 197
94 241
91 30
95 243
31 226
94 16
214 248
34 26
254 95
1 213
194 112
47 173
204 176
186 65
230 164
185 63
247 42
87 217
183 195
3 213
7 161
220 23
89 35
118 49
173 159
93 22
41 10
220 168
40 240
252 42
36 23
52 176
38 168
117 52
40 169
59 75
245 41
167 34
187 191
32 90
221 232
219 20
211 172
181 58
214 86
199 179
190 69
30 226
189 67
91 227
104 75
237 218
128 1
20 218
162 15
127 238
41 135
30 31
162 240
164 27
155 178
161 254
128 252
4 161
150 71
166 223
15 216
227 224
93 19
24 92
87 217
195 73
253 43
65 146
95 247
4 43
193 184
228 224
93 22
132 226
32 28
95 8
89 221
161 246
6 95
254 213
4 95
33 229
92 24
94 238
164 230
40 241
5 214
232 35
54 178
86 40
181 58
102 179
27 165
187 190
226 31
243 94
78 55
15 162
58 114
214 171
95 1
84 45
129 19
161 13
32 166
123 219
76 57
154 178
254 95
255 43
219 235
35 232
32 166
136 211
227 224
94 19
92 232
81 157
161 251
37 88
161 249
206 82
35 167
240 40
93 233
163 234
93 235
168 37
216 16
167 35
233 36
204 80
249 128
161 5
223 27
181 59
185 192
92 26
65 186
176 203
161 244
78 54
84 211
95 254
230 222
57 77
162 16
91 29
243 94
201 78
221 231
58 114
43 171
20 218
221 25
201 178
41 135
31 226
69 190
180 199
178 102
55 116
216 169
252 95
209 83
80 204
216 241
29 31
64 71
42 9
21 163
183 195
213 253
52 80
108 188
252 214
216 240
224 28
41 246
215 246
164 233
95 7
35 89
9 161
146 65
43 253
5 95
33 229
232 92
41 11
162 170
186 191
129 241
35 24
4 95
40 169
181 59
78 102
233 130
69 66
227 91
13 161
250 42
25 221
197 142
0 128
58 142
221 25
226 91
216 242
90 31
219 134
233 126
178 102
197 75
216 169
202 177
232 221
166 224
186 65
94 169
222 133
164 24
169 39
251 95
254 43
95 7
233 220
81 206
8 95
172 159
163 235
215 246
83 159
95 7
11 128
108 68
161 7
248 128
217 239
157 81
9 42
11 215
170 95
136 45
166 32
106 71
112 194
128 4
254 161
26 34
23 126
16 94
32 90
68 67
78 55
35 25
56 179
0 128
161 255
221 25
165 227
135 215
167 164
240 94
91 229
179 102
18 38
84 45
112 62
24 35
5 42
15 216
92 230
222 133
24 92
176 100
139 52
128 7
95 6
233 220
252 214
208 119
164 24
194 183
93 234
88 219
217 16
245 128
247 95
161 7
3 43
217 239
229 223
92 24
94 237
222 167
186 191
204 80
83 209
95 252
45 84
18 217
214 86
164 229
187 191
28 165
215 135
55 178
221 231
179 200
0 43
95 1
85 44
237 129
215 121
166 225
187 66
91 229
179 102
115 200
255 43
3 161
106 184
42 251
245 161
31 227
34 123
26 131
40 87
39 239
173 209
95 6
95 246
244 129
119 48
168 220
73 194
93 234
224 228
39 240
128 245
188 109
249 161
88 37
39 17
157 81
42 247
41 11
227 32
15 40
42 5
173 47
62 112
216 87
217 238
42 170
92 26
215 244
92 89
42 121
54 178
241 94
161 2
170 214
77 199
35 231
130 20
242 162
30 30
69 190
57 179
179 102
161 255
170 41
201 178
13 95
166 224
11 95
162 87
11 41
59 181
236 93
17 39
218 169
80 204
95 246
89 34
40 16
88 36
246 215
125 29
219 168
193 72
89 221
161 247
7 95
37 168
61 73
87 39
229 131
132 223
164 230
216 15
52 176
209 173
54 177
128 5
18 217
215 86
58 76
12 215
228 91
216 14
78 54
105 74
218 20
85 213
57 77
25 34
78 201
13 215
165 29
243 215
57 179
239 94
161 255
1 213
143 195
106 184
224 90
216 241
225 29
238 94
8 214
20 163
17 39
7 128
192 111
82 49
222 89
216 240
88 36
246 215
195 73
233 93
62 184
213 253
147 189
81 51
247 128
61 73
21 93
60 74
132 223
231 92
65 186
251 42
232 36
177 203
169 217
39 18
34 230
24 126
191 70
28 165
12 161
42 6
211 172
95 254
86 42
19 218
75 103
126 236
216 122
91 226
241 94
7 214
77 154
56 115
128 253
236 38
46 173
90 31
245 161
225 29
238 94
231 125
223 229
196 74
169 38
192 111
108 187
222 89
16 216
24 92
124 225
234 163
33 28
240 217
174 207
175 50
248 161
168 219
118 51
82 99
228 131
93 236
86 161
241 216
89 223
173 48
235 219
254 213
181 59
41 170
198 180
65 186
227 31
216 14
129 238
211 172
161 2
255 128
199 180
34 231
78 200
68 67
166 165
41 243
7 214
34 26
1 161
213 255
201 178
243 162
127 240
190 187
227 225
133 35
130 231
86 216
139 53
87 218
192 111
95 246
175 51
209 119
168 220
20 163
42 10
173 98
184 194
36 88
50 81
248 161
168 219
138 206
157 82
42 247
41 11
228 32
95 9
14 129
161 245
161 5
251 128
196 181
101 177
92 26
215 244
165 228
214 135
90 225
183 105
161 2
214 86
115 57
162 16
179 56
189 68
165 90
67 68
228 165
43 85
115 200
41 86
95 3
183 151
129 17
66 69
89 33
35 123
25 92
100 79
95 4
83 47
53 80
174 208
205 175
247 161
224 28
236 93
93 233
168 38
72 62
253 43
161 248
22 36
168 220
194 183
158 82
163 233
41 11
221 167
216 15
14 129
48 82
95 251
128 5
140 202
170 215
92 26
12 215
31 29
216 14
166 31
210 172
38 236
85 212
0 161
213 85
77 200
215 243
165 30
162 241
126 21
180 103
58 180
1 213
55 78
35 232
225 90
12 95
223 90
244 215
25 92
156 177
95 3
2 213
235 37
149 70
243 129
40 15
228 224
72 193
233 163
218 168
118 206
10 128
175 51
175 205
174 49
6 95
22 93
163 233
11 215
25 164
192 71
4 214
233 36
203 79
169 217
53 140
79 101
92 26
162 17
28 165
14 40
177 202
232 35
20 38
86 41
180 58
213 85
21 126
39 134
30 226
94 15
200 77
171 43
141 57
1 213
201 178
46 172
214 6
40 14
165 27
133 36
230 164
34 26
140 53
173 210
235 37
70 107
243 129
46 137
160 85
245 215
233 163
229 33
95 6
43 3
147 189
95 248
213 3
39 17
98 174
93 23
193 72
167 36
64 185
214 252
11 161
64 111
250 128
3 95
86 41
198 180
239 162
163 168
213 135
202 79
242 94
78 55
170 215
58 76
85 43
165 228
67 188
165 166
13 41
235 126
231 34
199 76
128 254
236 38
162 14
6 42
69 190
223 90
17 162
92 230
237 93
253 95
43 2
177 53
23 36
129 13
185 64
28 32
11 41
23 93
87 218
95 6
36 88
220 234
8 95
82 207
6 95
163 22
10 42
163 20
92 25
95 9
13 129
208 174
219 21
128 6
140 203
170 216
92 25
191 70
88 163
95 11
166 31
232 35
201 78
215 86
237 38
25 34
214 7
162 15
226 91
189 188
56 179
171 43
218 19
42 86
143 196
183 151
42 250
42 135
163 88
191 186
24 130
19 162
60 181
84 46
5 161
83 48
42 251
137 210
95 171
224 132
42 9
234 93
62 183
37 88
66 147
22 36
174 49
138 207
82 98
29 125
194 72
24 164
47 119
51 175
95 11
95 250
218 87
4 95
80 100
231 92
123 35
94 87
216 14
251 42
221 232
201 78
255 213
161 1
94 239
126 235
241 162
226 30
67 68
126 20
162 240
57 114
0 43
161 254
14 94
129 18
216 242
225 29
94 17
130 232
101 79
238 217
46 172
5 161
149 70
14 127
95 247
228 224
124 223
233 163
169 39
217 17
208 82
190 110
147 67
10 128
161 7
218 88
93 22
225 124
36 88
71 64
214 252
10 161
64 111
47 83
74 196
229 223
248 214
70 64
223 167
245 95
31 90
94 13
78 55
255 213
38 19
154 77
165 228
66 187
90 225
215 13
7 214
231 34
199 142
214 170
59 143
151 74
177 54
12 95
163 88
36 123
232 126
155 177
238 217
251 128
251 95
71 107
5 42
191 186
86 95
237 93
60 182
163 235
217 17
48 174
190 110
109 189
246 128
138 207
98 173
214 10
184 194
96 84
216 16
222 167
49 82
80 52
249 128
52 139
27 33
75 197
162 18
89 223
15 40
42 5
24 221
95 253
213 1
198 180
26 34
7 42
241 162
226 226
243 215
165 29
231 34
0 95
255 128
20 218
221 25
178 54
216 242
224 90
239 94
214 248
155 178
238 217
87 216
79 202
71 107
166 223
136 211
95 170
33 124
60 182
21 163
61 183
43 3
66 146
68 109
11 128
240 39
97 173
73 195
41 10
84 160
248 95
4 214
246 95
37 235
254 213
239 39
40 169
42 247
245 41
31 29
66 187
53 177
83 210
3 95
253 128
56 141
26 34
22 126
13 215
225 166
13 40
214 249
94 16
0 161
0 213
200 179
221 25
178 54
14 216
89 92
219 133
23 130
178 101
217 18
216 169
144 194
95 244
14 127
120 45
89 35
71 193
131 229
87 217
251 95
82 48
176 51
68 109
221 89
95 249
23 93
163 234
183 194
224 228
63 185
221 167
148 187
219 22
43 254
95 252
156 80
25 164
123 34
162 169
136 44
53 177
221 232
253 161
172 45
198 181
77 102
7 42
218 122
90 225
13 40
91 227
162 241
1 95
170 42
200 179
231 221
42 250
13 95
30 31
162 240
180 199
162 238
254 95
172 211
95 4
185 150
204 176
95 246
227 224
63 71
9 214
217 169
217 17
208 82
191 110
188 148
35 167
193 184
173 159
73 195
93 235
97 84
16 40
89 221
36 23
191 146
213 2
61 74
40 169
214 9
133 222
169 94
216 15
80 53
221 232
95 252
211 172
95 254
214 86
91 27
41 13
31 90
67 188
227 165
35 25
114 198
171 42
197 114
45 172
214 6
14 216
224 90
41 244
164 27
18 162
201 140
255 43
112 62
221 24
127 241
40 15
32 227
192 185
59 181
27 223
139 51
168 37
7 161
220 23
11 128
63 72
168 219
226 132
124 30
88 219
48 119
42 4
161 246
80 52
48 83
61 74
163 20
232 92
19 94
31 29
186 191
241 127
232 35
37 235
252 128
238 38
18 94
92 27
41 13
164 167
162 243
127 19
15 162
95 255
171 43
77 200
25 35
78 201
68 189
90 32
244 215
27 92
170 42
217 18
1 213
219 235
106 185
166 224
216 241
170 162
19 162
181 197
21 163
195 73
218 168
249 95
233 220
206 175
216 240
37 168
183 62
183 194
32 28
7 161
4 214
68 148
80 52
253 213
61 73
21 93
247 214
41 11
86 162
10 161
214 251
83 209
161 4
216 87
161 2
170 214
233 130
162 16
29 165
161 243
237 127
94 15
142 59
43 171
114 58
241 162
55 78
242 40
225 30
12 41
199 76
102 78
197 75
84 45
112 62
150 72
90 32
44 136
26 92
185 64
197 75
223 229
204 139
2 213
95 7
148 68
42 252
248 161
228 224
124 226
183 195
168 37
7 161
213 252
148 188
52 176
48 83
217 239
39 169
24 164
124 34
164 230
191 70
32 90
47 83
112 194
255 213
140 201
34 230
42 248
37 134
90 224
121 215
214 250
15 162
161 1
85 42
58 142
44 171
78 201
243 162
165 29
240 94
179 199
26 222
181 197
45 172
235 37
243 161
203 176
15 216
92 230
192 185
197 75
236 93
74 61
2 213
80 204
187 148
81 206
16 216
219 88
235 93
234 163
168 37
249 95
245 128
175 50
176 204
83 208
51 139
93 235
196 181
132 223
167 34
186 191
52 176
83 209
219 21
45 84
197 181
94 238
23 126
187 191
29 165
243 95
238 127
25 221
161 1
85 42
38 19
152 75
178 55
243 162
165 29
69 190
229 165
102 77
58 181
1 213
178 54
243 161
203 177
44 136
34 167
222 133
247 42
216 169
39 239
209 83
146 191
69 108
4 42
248 161
220 88
10 41
125 30
159 173
249 95
245 128
95 9
190 146
88 37
61 73
223 27
214 9
11 215
35 89
186 191
241 127
24 220
252 161
87 40
181 59
42 170
214 8
94 240
90 224
161 243
91 226
74 152
56 179
255 128
38 19
16 94
20 126
188 189
30 226
69 190
27 91
179 102
161 255
128 3
61 144
46 173
79 203
136 212
89 34
222 133
247 42
223 229
17 39
128 7
21 219
148 69
127 244
185 63
220 88
194 183
131 227
159 173
184 193
252 43
220 233
66 110
88 37
183 61
33 229
9 42
193 71
32 29
120 211
251 42
36 24
144 63
213 2
75 197
26 34
164 230
12 215
91 28
161 244
129 238
84 211
179 200
85 213
199 179
153 75
249 214
242 162
225 90
13 41
126 22
171 43
237 218
41 86
20 218
184 150
32 166
187 66
225 29
41 244
231 125
169 40
239 217
47 173
37 21
36 233
89 34
185 64
24 92
235 93
183 195
93 23
72 62
128 10
81 206
66 110
37 168
17 217
235 163
233 92
132 223
35 89
246 95
5 214
244 95
144 63
39 169
181 59
170 215
164 230
17 94
93 88
121 214
129 238
84 211
143 59
170 214
95 0
34 231
249 214
14 94
31 166
94 15
91 228
94 17
180 198
86 215
95 3
221 24
225 90
40 15
229 164
185 64
8 214
40 87
39 238
254 43
95 6
148 69
243 129
40 16
88 36
21 163
227 125
233 93
39 240
128 246
161 247
248 161
213 3
73 194
169 217
182 60
245 41
221 167
247 95
223 167
48 83
219 21
39 169
75 197
86 41
248 214
41 12
32 90
42 121
202 79
25 221
143 60
0 43
199 114
25 34
91 29
243 41
225 90
122 217
42 7
222 230
237 218
3 128
95 3
172 210
225 90
40 14
91 229
133 35
164 25
216 170
238 217
47 173
64 145
49 174
129 13
248 161
220 88
41 246
227 125
83 158
16 39
10 128
220 234
219 22
219 88
239 39
229 223
28 125
163 20
167 35
192 70
89 223
36 23
111 193
39 169
75 196
170 215
126 232
12 215
163 168
66 188
225 166
162 242
20 38
214 86
57 76
153 76
179 56
67 188
30 226
13 41
130 235
94 17
56 115
171 212
20 218
13 94
31 166
43 135
165 27
64 70
214 248
40 86
95 4
83 47
6 161
149 70
34 167
119 47
220 88
41 245
131 227
223 229
194 72
128 10
248 95
220 22
220 88
217 239
223 27
233 93
193 72
85 160
161 247
51 176
48 82
21 37
254 213
202 116
237 163
42 248
191 70
33 90
244 95
129 239
84 210
55 178
86 42
237 38
94 240
7 42
67 188
30 166
94 15
249 42
153 180
76 58
215 170
55 78
242 162
79 202
40 14
229 165
123 221
58 180
33 26
203 140
169 39
177 53
23 36
4 42
46 137
25 92
20 163
182 195
33 27
50 118
213 253
234 36
147 67
128 9
217 239
33 229
74 196
132 224
231 92
192 71
13 129
233 36
21 37
39 169
203 116
155 79
76 198
17 94
165 228
242 216
239 127
162 242
78 55
86 41
161 0
94 240
77 200
189 68
91 166
41 243
235 126
222 231
237 218
171 212
143 196
14 94
31 166
69 190
31 227
94 17
8 214
34 26
238 217
39 87
235 37
220 23
205 176
64 71
224 28
20 163
28 131
234 93
118 206
128 247
36 22
95 248
220 88
39 17
93 234
74 196
41 11
220 167
137 46
42 4
23 220
53 177
173 46
196 182
79 101
130 25
221 123
163 168
187 190
202 79
105 73
236 218
213 1
19 218
222 25
214 7
243 41
91 90
243 215
235 126
222 231
0 95
128 254
78 201
105 183
127 239
242 40
225 29
94 17
8 214
170 41
3 161
83 46
79 203
70 107
223 89
119 46
85 96
20 163
131 228
98 82
39 239
36 88
161 248
36 234
168 220
206 118
93 234
9 42
215 245
28 224
16 40
214 252
48 82
53 177
217 87
60 74
33 230
8 42
244 41
27 165
190 69
31 90
162 243
55 178
85 212
255 161
153 76
228 91
241 162
91 30
242 94
29 91
103 76
57 180
171 212
236 38
242 162
54 79
190 187
90 33
244 215
164 26
177 101
54 116
251 128
219 235
70 107
129 14
216 241
28 32
32 124
196 74
234 93
50 118
82 49
220 234
95 248
168 220
72 194
38 168
22 163
225 124
88 220
209 137
175 205
161 245
250 161
38 169
60 74
33 229
92 25
123 35
167 33
14 40
225 166
105 73
253 161
44 85
38 19
213 85
126 235
162 15
90 165
134 40
214 249
85 212
57 114
214 170
200 178
162 14
54 79
190 188
224 90
70 191
130 232
79 155
217 18
43 2
193 111
70 107
80 204
70 192
95 171
223 132
233 163
234 93
6 161
3 213
219 234
36 234
49 82
118 49
173 158
227 131
132 225
228 32
161 248
252 42
23 220
176 203
2 43
196 182
40 169
59 75
41 12
29 225
43 120
53 177
106 72
55 178
1 43
218 237
77 102
42 249
218 122
30 226
40 122
236 126
103 76
95 0
214 170
20 218
151 74
6 42
68 189
163 88
41 244
248 42
222 230
3 161
43 2
235 37
36 232
166 223
216 241
167 221
124 223
74 60
229 33
161 251
9 128
110 66
247 161
253 213
62 72
163 23
73 195
225 124
224 228
137 47
205 81
233 36
145 64
83 209
161 4
33 229
25 164
215 244
229 92
161 245
177 203
210 173
3 95
41 170
161 1
43 171
77 199
218 122
30 30
13 41
130 236
162 240
142 58
85 43
236 38
182 151
6 42
14 216
225 30
65 70
42 8
94 19
161 254
210 84
235 37
161 12
90 33
246 161
161 86
237 93
131 229
27 223
205 139
43 3
219 234
109 188
89 36
138 207
98 173
22 163
21 93
164 232
40 240
12 129
246 95
219 21
173 47
117 52
33 229
9 42
238 162
225 227
161 245
240 127
24 221
61 112
86 41
1 95
239 162
91 27
241 162
30 30
14 162
7 214
221 231
142 58
43 171
142 197
182 152
127 238
14 216
166 224
186 65
230 164
222 230
39 238
255 43
54 79
220 24
251 214
136 211
167 221
185 63
27 131
157 175
5 161
128 248
190 110
220 23
167 221
161 7
224 28
29 125
73 62
32 28
193 71
129 244
69 148
95 250
2 43
252 161
20 93
25 164
64 185
92 27
120 212
240 127
184 106
20 37
128 253
237 38
154 77
22 126
13 215
165 227
216 13
201 78
25 221
142 58
128 1
114 59
221 25
165 226
95 243
164 89
133 37
164 27
170 42
181 197
252 128
62 144
12 95
251 214
191 186
170 161
33 124
24 92
87 217
217 17
174 208
146 191
95 247
206 175
193 184
224 28
195 183
30 132
88 220
185 193
50 175
108 69
191 146
218 88
117 52
169 216
214 9
133 222
87 162
70 65
80 53
106 72
161 4
43 255
38 18
238 162
229 91
41 13
225 226
94 13
178 201
94 15
95 255
0 43
255 95
162 15
55 78
135 215
90 32
215 12
248 42
214 170
217 18
84 45
219 235
185 150
32 166
95 246
29 32
71 193
247 42
81 157
161 251
213 253
191 110
50 174
43 252
184 63
219 88
73 195
163 21
224 228
48 119
214 252
161 246
219 22
218 88
195 182
216 87
232 92
34 133
29 225
136 44
176 203
72 150
161 4
128 252
238 38
78 102
77 199
187 190
31 90
162 243
42 6
221 231
218 19
213 171
38 20
15 94
250 214
41 135
31 226
215 12
8 214
78 154
2 161
169 40
4 161
47 173
90 32
65 70
230 164
215 11
92 232
223 229
183 195
168 37
22 219
161 9
11 127
63 72
23 93
226 132
30 132
224 228
137 48
11 129
68 148
65 110
48 83
61 73
27 33
92 24
19 94
34 89
191 70
241 127
209 173
37 235
211 172
116 55
178 154
57 76
41 12
166 32
161 243
129 237
35 25
218 19
128 0
218 237
35 231
6 42
188 67
166 225
69 190
76 57
178 102
161 254
1 213
95 4
161 12
241 129
191 186
86 94
11 41
247 42
217 169
204 139
2 213
204 176
233 220
35 167
95 248
92 233
21 163
246 41
23 163
216 16
167 35
188 108
22 37
213 3
161 5
33 229
181 59
124 34
86 161
70 65
204 80
221 232
112 194
1 43
55 140
86 42
199 180
37 134
91 29
14 40
201 78
152 182
179 200
0 128
218 237
162 15
129 19
162 13
227 165
41 243
27 91
179 102
141 55
213 255
54 78
72 106
15 127
40 15
227 225
18 162
9 214
93 20
139 52
128 7
22 219
174 207
214 4
161 8
228 224
132 30
163 22
83 159
138 48
89 221
9 161
95 249
48 83
17 217
81 99
42 247
132 223
222 167
15 40
251 42
71 150
144 62
211 172
116 55
34 230
8 42
191 69
90 224
215 135
6 214
152 182
20 38
85 42
95 1
181 152
250 214
40 14
227 165
69 190
91 229
222 230
181 198
1 213
178 54
232 221
166 224
120 44
230 164
245 215
247 42
236 93
74 61
128 249
204 176
233 220
175 50
248 161
92 232
62 73
93 234
159 173
63 184
128 245
233 36
249 161
128 248
39 17
175 157
182 60
19 93
92 26
120 211
251 42
24 220
95 252
216 87
54 140
34 230
92 26
215 244
92 89
135 42
250 42
74 152
197 142
214 86
19 218
94 240
91 29
121 40
166 165
243 215
179 199
77 154
19 38
211 84
236 37
232 221
5 42
190 187
229 164
11 41
9 214
163 236
252 95
87 218
176 52
95 246
81 205
95 248
172 160
235 93
214 246
83 159
63 184
4 213
175 50
146 66
8 128
95 251
99 175
229 131
63 185
86 161
186 191
214 251
47 83
95 252
216 87
54 140
230 222
42 248
240 162
228 91
12 161
129 238
182 104
2 95
42 170
0 161
231 222
91 29
215 243
226 226
15 162
214 249
34 26
95 1
213 255
178 55
106 184
203 177
95 245
227 225
12 41
181 197
216 169
217 17
169 38
6 161
246 161
89 34
137 209
168 220
235 93
195 73
168 37
49 118
43 3
36 23
190 146
208 174
161 5
175 157
60 74
63 184
32 29
211 136
5 214
36 24
177 202
251 128
95 253
230 222
130 24
239 162
225 227
68 67
226 166
182 105
236 218
0 213
76 199
240 162
42 249
41 13
226 165
187 66
179 200
102 77
1 161
44 172
236 38
46 173
16 127
95 245
162 87
133 35
181 197
156 176
161 252
47 173
111 64
23 36
4 42
40 16
84 96
235 93
73 61
158 173
194 72
220 168
81 206
22 37
9 128
250 161
82 99
196 182
72 63
95 86
241 216
251 42
107 71
177 203
5 128
116 54
41 170
232 130
220 123
93 88
214 135
30 90
84 211
113 196
214 86
180 57
240 162
56 78
13 215
91 226
188 66
126 21
43 85
1 161
3 128
3 161
232 221
214 5
14 216
33 167
186 64
197 75
93 20
139 53
2 213
80 203
36 233
34 167
64 71
164 24
215 10
74 61
168 38
184 194
36 88
95 8
51 175
207 174
6 95
93 234
42 247
163 20
92 25
161 247
204 80
161 245
53 177
217 87
161 3
34 230
8 42
239 162
91 28
66 188
90 225
172 45
20 38
86 42
115 57
44 171
77 200
134 216
30 30
134 39
28 91
34 25
19 38
171 212
20 218
243 162
203 177
135 213
223 89
133 35
25 130
79 156
74 60
254 43
235 37
220 23
167 222
247 161
28 32
236 93
214 246
82 158
194 72
82 49
36 22
248 161
253 213
206 118
218 87
214 9
184 193
231 92
9 161
5 214
70 149
37 235
213 2
74 196
177 155
180 58
94 239
90 223
213 135
129 239
94 14
113 196
1 43
38 19
162 16
126 235
41 13
90 91
217 134
56 179
153 180
218 19
2 128
253 95
151 73
31 166
213 121
33 166
12 41
198 75
41 86
3 161
173 209
203 177
70 107
34 167
119 47
28 32
41 245
131 228
38 88
184 194
174 207
248 95
8 95
220 88
50 138
98 174
214 9
93 236
28 224
137 46
42 4
186 107
111 193
250 128
161 3
237 163
26 164
123 36
225 227
69 66
54 177
172 46
2 95
85 212
58 76
34 231
165 228
217 122
30 30
41 243
56 179
153 180
0 161
128 254
95 2
24 35
239 129
244 161
225 29
244 215
130 231
170 41
53 116
87 217
63 145
186 149
167 222
95 247
231 164
20 163
9 214
98 82
39 239
207 82
234 36
8 95
3 43
250 161
234 163
247 214
236 163
231 92
9 161
205 80
82 208
203 79
169 217
95 253
101 177
25 126
94 239
27 165
69 66
79 54
221 232
38 236
213 1
57 141
103 180
130 21
134 217
90 226
67 68
91 228
25 222
57 115
171 212
95 2
14 94
54 79
43 135
93 168
244 215
164 26
41 86
39 238
254 43
219 235
186 149
214 4
64 71
35 167
184 63
42 9
87 218
6 161
213 253
36 22
36 234
43 253
62 72
88 38
93 23
72 62
92 25
47 119
51 175
161 245
145 64
217 87
253 161
79 100
8 42
215 244
168 93
216 14
79 53
162 243
55 178
2 128
180 58
213 85
179 56
67 188
165 226
122 216
7 214
231 34
57 115
254 128
95 2
94 242
250 214
242 40
228 165
70 191
180 198
237 94
217 18
169 39
219 235
220 23
214 5
70 192
35 167
163 236
214 247
87 218
217 17
9 128
248 95
36 234
49 82
6 95
218 88
22 163
10 215
85 160
95 9
205 81
149 186
203 80
83 209
117 53
176 156
75 197
35 133
165 229
136 43
6 214
13 162
55 178
85 212
95 255
162 17
91 28
215 243
226 91
68 189
178 200
85 212
0 95
86 214
20 218
25 35
166 225
66 68
28 91
65 70
180 198
237 94
197 75
128 5
219 235
95 245
33 167
95 247
231 164
20 163
196 74
229 33
95 6
168 37
190 110
161 9
213 3
39 16
228 223
214 10
21 93
84 160
209 137
167 34
220 233
176 203
173 47
203 117
20 93
231 131
123 35
94 87
245 95
42 5
83 210
20 38
212 172
19 218
17 94
165 228
66 187
30 226
188 67
55 178
94 16
57 114
0 43
218 236
94 242
6 42
42 135
32 166
239 94
214 248
162 237
253 95
172 210
193 112
220 24
176 52
136 210
86 95
163 237
214 247
33 27
239 217
174 208
161 249
9 95
207 174
249 161
218 88
214 10
246 41
32 28
71 64
89 222
36 23
219 21
209 173
4 95
176 156
25 125
215 244
33 89
245 95
42 5
24 221
195 143
215 86
1 95
17 94
234 130
41 13
226 30
216 134
236 126
94 16
161 0
128 255
59 143
221 25
214 6
216 242
166 224
215 12
8 214
162 237
197 75
128 251
219 235
149 71
129 14
246 161
231 164
215 11
232 164
87 217
251 95
48 174
7 161
247 161
4 43
161 7
223 28
93 22
73 62
84 160
185 192
167 34
23 220
95 250
218 87
95 252
216 87
59 75
244 41
92 27
66 187
32 90
13 161
178 201
211 172
1 95
230 222
214 7
241 162
91 29
94 14
130 236
16 162
142 58
255 128
38 20
211 84
178 54
135 214
91 228
162 240
26 92
155 178
161 254
128 252
79 202
71 107
14 127
136 211
32 227
41 245
42 9
39 87
51 117
168 37
110 66
206 81
50 81
118 49
219 88
131 29
225 124
159 172
161 248
34 89
148 187
145 65
173 47
74 195
80 100
231 92
41 11
94 87
11 161
240 127
184 106
37 236
1 43
95 255
222 26
126 234
190 69
30 30
13 40
201 78
181 104
19 38
213 85
38 20
221 25
6 42
216 242
89 92
187 65
199 76
222 230
18 39
255 43
202 177
244 161
42 251
241 40
35 167
185 63
42 9
223 229
17 39
253 43
7 161
23 36
128 245
16 217
37 168
195 183
132 226
168 36
48 119
35 89
161 246
234 219
254 213
182 61
216 87
164 232
238 162
89 222
40 241
224 166
184 106
20 37
213 1
141 201
230 222
91 27
66 187
31 90
215 135
227 165
104 75
237 218
128 0
179 56
162 15
19 127
243 161
226 225
41 244
126 23
34 26
217 18
211 84
161 252
47 173
166 224
15 216
29 32
33 124
229 125
169 39
39 239
213 253
65 146
148 68
43 252
119 48
83 97
124 226
41 10
97 84
40 240
175 206
148 187
191 146
7 128
217 239
176 156
92 24
133 222
94 87
15 40
214 251
244 95
37 235
172 45
197 181
18 94
199 179
16 94
226 31
242 216
178 201
44 84
179 199
0 213
38 20
231 221
226 91
243 161
227 165
187 66
164 27
238 94
95 2
128 252
54 79
106 185
5 42
191 186
222 89
94 19
197 75
175 99
183 195
83 48
219 234
68 108
245 128
184 63
93 233
73 195
215 246
219 168
240 216
4 214
233 36
161 7
168 218
17 217
235 163
42 247
19 94
86 162
45 120
15 129
106 72
112 194
255 213
201 116
102 178
229 92
215 244
92 89
14 40
214 250
181 104
19 38
0 213
179 56
25 35
42 250
41 135
165 29
16 162
233 126
94 18
140 55
84 45
95 4
232 221
127 241
216 241
227 225
11 41
75 59
27 223
251 95
213 254
161 249
148 68
214 4
72 193
84 97
73 194
226 124
173 97
7 161
35 89
82 207
37 234
253 213
183 61
27 33
247 214
132 222
95 86
95 10
166 32
47 83
202 79
172 45
238 39
102 178
57 76
37 134
91 29
13 161
226 165
241 94
218 20
0 43
95 1
241 162
78 201
40 14
164 89
16 162
91 229
86 214
218 18
128 252
252 95
72 106
176 53
70 191
164 26
123 222
131 230
229 33
61 182
43 2
234 37
82 49
12 127
119 48
219 88
215 10
195 73
37 88
208 138
128 11
206 175
234 219
83 208
161 5
157 81
164 232
223 124
170 95
241 216
80 52
209 173
21 37
87 40
181 59
34 230
76 199
187 190
165 227
215 135
6 214
45 84
255 161
0 128
199 179
212 85
29 165
67 68
29 91
69 190
77 57
86 214
255 95
255 43
78 202
47 173
32 166
212 120
34 167
64 71
230 125
80 156
95 4
2 213
161 250
174 207
252 214
119 48
228 224
10 41
131 226
233 93
138 49
4 213
161 247
146 66
208 174
17 217
229 223
182 60
237 163
89 221
15 40
127 15
71 150
194 144
46 84
95 254
178 155
180 57
94 240
90 224
214 135
18 129
104 74
56 179
170 214
38 19
152 75
126 236
162 14
90 31
15 162
57 179
214 171
95 1
86 215
78 201
161 13
16 127
40 15
27 92
64 71
25 92
33 27
217 17
88 218
64 145
220 23
252 214
248 161
168 220
21 163
22 93
97 83
49 118
4 213
36 23
205 80
43 253
139 205
229 223
232 92
41 11
29 224
211 136
42 5
220 232
194 144
169 216
140 202
230 222
26 164
133 219
32 90
68 67
178 202
35 25
20 38
213 171
142 198
25 35
55 78
14 94
226 30
241 94
57 179
154 179
198 76
84 45
113 61
184 150
177 53
212 120
229 164
12 41
125 25
236 93
39 239
38 87
176 52
246 161
42 252
16 216
160 84
10 41
163 22
98 83
184 193
213 253
206 175
190 146
247 128
138 205
39 169
92 23
163 19
161 170
161 246
42 5
36 24
144 63
251 128
18 217
170 215
180 58
94 239
88 163
121 214
127 18
94 14
77 56
0 43
19 218
153 75
126 236
14 94
225 90
38 122
56 179
34 26
161 255
86 215
195 113
243 161
42 251
95 245
229 164
12 41
25 131
229 33
196 74
128 6
176 52
10 95
51 81
248 161
224 28
93 21
73 61
33 28
217 16
36 88
95 9
37 234
3 43
95 250
229 223
125 228
124 33
170 95
247 95
42 5
107 71
161 5
43 254
59 75
230 222
92 26
123 36
32 90
67 188
238 127
45 84
113 196
170 214
199 114
171 212
56 78
189 68
166 225
69 190
179 200
77 153
1 161
1 213
201 178
151 73
90 31
11 95
27 91
35 123
75 59
20 163
60 182
43 2
219 235
23 36
13 127
71 192
85 96
72 194
74 61
22 163
250 95
88 220
95 8
66 110
128 247
17 217
22 93
23 163
124 32
224 228
70 64
242 127
186 107
95 251
87 39
238 39
215 86
126 232
17 94
31 29
121 214
239 127
221 232
38 236
212 171
57 141
76 103
20 126
215 243
30 30
189 188
42 7
77 153
38 237
171 212
143 195
210 84
127 239
14 216
167 223
18 162
231 164
79 156
39 238
250 128
219 235
107 186
127 243
192 185
232 164
194 184
61 182
88 218
206 138
128 10
109 67
22 36
3 43
194 183
174 158
28 125
184 193
161 171
46 119
51 176
149 186
193 145
217 87
116 54
222 26
58 76
191 70
223 166
244 95
166 31
73 151
55 178
43 255
57 76
94 240
77 200
242 162
165 90
217 134
200 77
213 171
115 199
254 128
78 201
151 73
203 177
190 187
88 93
221 133
214 248
163 237
161 253
83 47
95 5
82 48
214 4
192 185
92 231
245 215
247 42
98 82
39 239
174 207
189 109
81 51
213 3
194 183
27 33
247 214
236 163
28 224
192 71
34 89
149 186
161 5
173 46
217 238
222 26
8 42
17 94
29 225
187 190
166 31
24 221
178 201
215 86
57 141
76 103
77 200
94 242
30 91
243 215
235 126
180 103
218 19
215 170
143 196
242 162
6 42
242 40
33 166
36 123
198 76
237 93
217 18
254 43
37 21
220 23
222 89
15 216
28 32
11 41
93 233
93 22
250 95
247 128
109 67
22 36
174 49
6 95
234 163
125 228
124 32
92 25
64 185
222 167
220 233
37 235
83 210
3 95
41 170
231 130
70 65
29 225
135 43
42 6
73 151
143 60
85 212
161 1
231 222
200 179
94 241
90 165
242 94
130 235
180 103
115 199
128 254
95 2
46 172
127 239
190 187
223 90
162 239
92 230
163 237
54 116
128 251
5 161
149 70
243 129
95 247
160 85
184 63
42 9
169 38
17 39
49 174
175 51
175 206
43 253
39 17
93 234
23 163
236 163
85 160
137 47
243 127
107 70
79 53
6 128
53 140
40 170
198 181
12 215
227 31
40 242
239 127
35 24
38 236
43 255
56 141
231 222
214 7
94 241
166 91
122 216
91 228
180 103
76 57
254 128
200 178
151 73
31 166
187 66
31 227
36 123
164 26
41 86
161 253
254 43
193 111
161 11
251 214
70 192
85 95
163 236
228 125
38 87
95 6
43 3
51 81
206 81
82 207
72 194
33 229
125 227
132 225
228 32
247 95
175 205
95 11
21 37
2 43
74 196
27 33
59 75
41 12
31 29
43 120
17 129
73 151
3 95
85 212
1 95
103 179
235 130
217 122
30 226
215 13
91 227
16 162
57 114
171 212
218 236
242 162
214 6
12 95
28 91
17 162
164 26
34 26
3 161
5 128
5 161
245 161
52 80
15 216
95 171
184 63
247 42
27 223
138 50
213 253
51 81
81 50
36 168
49 138
83 98
163 234
194 72
36 88
137 47
205 81
148 187
176 203
83 209
217 238
176 156
248 214
221 123
31 29
95 11
90 225
105 72
253 161
44 84
56 141
162 17
228 91
15 94
30 165
67 68
227 165
34 25
218 19
0 43
161 254
182 151
30 166
67 68
225 29
12 41
214 248
155 177
181 197
251 128
235 37
245 161
52 80
161 9
32 227
93 19
229 125
175 99
138 51
219 168
110 66
206 81
49 82
118 49
28 33
125 227
225 124
88 220
119 209
42 4
95 10
21 37
47 83
53 139
229 223
164 231
12 215
169 94
69 66
16 129
83 210
195 143
45 84
161 1
34 230
165 228
41 13
91 30
122 216
42 7
44 85
179 199
128 255
236 38
45 172
166 226
189 188
92 168
133 36
232 126
86 215
75 59
128 5
193 112
161 12
14 127
10 95
95 170
163 237
164 24
99 81
183 195
82 48
66 146
233 220
128 245
49 138
98 173
131 29
124 31
96 84
119 209
175 205
187 108
192 145
43 254
239 39
156 80
125 230
133 221
27 164
95 11
53 177
173 46
201 78
43 255
180 58
239 162
234 130
94 241
227 91
122 216
236 126
16 162
237 218
86 214
218 236
172 211
238 129
214 121
30 31
123 219
248 42
215 170
95 2
87 216
219 235
149 71
223 90
65 70
86 95
71 193
74 60
93 21
195 73
88 219
37 22
247 161
175 50
72 193
228 224
183 61
62 183
164 232
63 185
129 244
10 161
6 95
38 168
39 17
169 216
26 125
238 162
227 31
95 11
224 166
173 47
54 178
45 84
19 218
214 86
91 27
162 15
165 227
40 121
178 201
35 25
198 142
128 255
59 142
15 94
18 127
13 95
91 228
215 12
76 57
101 78
75 59
128 4
54 79
35 232
90 33
191 186
29 32
93 19
24 92
157 175
5 161
248 128
205 176
233 220
252 213
217 240
97 173
22 163
235 163
28 224
185 193
4 214
36 23
37 234
38 168
239 39
33 229
164 232
185 192
169 94
44 120
129 240
95 13
37 236
211 172
161 2
18 94
249 214
69 66
225 166
94 13
250 42
15 162
199 77
171 213
255 95
15 94
6 42
189 188
32 166
162 240
130 233
86 214
197 75
255 43
21 219
150 71
241 129
246 161
92 230
33 124
181 196
39 87
205 139
43 3
110 65
9 95
206 175
63 72
23 93
246 215
163 21
164 232
119 208
4 214
95 10
95 250
47 83
61 74
40 169
26 125
237 162
169 94
15 40
90 224
95 12
219 21
40 170
95 254
154 78
130 22
122 38
164 167
188 189
19 129
44 84
179 199
43 85
200 179
162 15
250 214
216 242
164 89
219 134
42 8
26 222
39 238
216 169
202 177
150 71
80 204
65 70
92 230
245 215
24 92
163 235
139 52
48 173
176 52
233 220
4 43
249 161
159 84
246 215
226 124
224 228
184 193
42 4
148 188
37 234
253 213
251 161
99 175
131 26
19 94
86 162
65 186
224 166
24 221
4 95
84 211
217 238
238 162
164 229
37 134
91 29
41 121
165 30
75 152
179 200
43 85
58 142
212 84
55 78
67 68
31 226
215 12
76 57
222 230
18 39
43 1
177 54
209 83
90 32
120 44
227 225
11 41
164 24
235 93
52 117
208 83
176 52
174 207
89 35
40 16
233 164
73 194
10 215
97 83
137 48
175 206
188 108
249 161
3 43
17 217
169 217
59 75
162 19
86 161
15 40
90 224
185 106
219 21
84 211
95 254
162 18
214 8
162 16
164 167
68 67
226 165
84 211
218 20
43 85
198 114
231 221
6 42
40 14
164 89
122 218
199 77
238 94
2 161
1 213
202 178
161 12
129 15
241 40
26 92
41 245
197 75
20 163
204 139
218 168
161 250
36 233
214 4
137 208
88 37
21 163
246 41
97 83
16 39
245 128
108 68
219 22
128 8
51 139
87 39
60 75
193 71
224 227
136 45
214 251
244 95
112 194
211 172
217 238
230 222
8 42
123 37
227 91
161 243
91 226
94 15
142 59
0 213
255 95
35 231
19 127
188 67
225 90
218 134
22 130
214 170
141 55
3 128
202 178
161 13
177 53
65 69
162 87
215 11
9 214
40 87
217 17
83 47
161 250
95 246
50 81
193 185
84 97
21 163
22 93
163 233
63 184
213 252
147 188
110 190
253 213
73 195
169 217
229 131
245 41
230 92
65 186
214 251
232 35
144 62
1 43
197 181
86 42
164 230
215 244
89 164
161 243
78 54
35 25
236 218
213 171
58 142
240 162
236 129
40 13
226 226
134 38
22 130
102 77
161 255
3 128
37 20
243 161
177 53
69 190
222 89
94 18
230 125
20 163
39 239
173 209
204 176
95 246
222 89
8 95
32 228
215 10
163 22
159 173
207 138
206 81
233 36
95 249
8 128
217 239
39 169
131 27
11 215
221 167
15 40
251 42
107 71
37 235
251 128
217 238
162 18
126 233
12 215
224 166
40 242
238 127
231 35
218 20
43 85
179 57
181 152
214 7
68 67
30 226
190 187
91 228
85 213
180 198
45 172
143 195
95 243
79 203
161 11
89 34
133 35
125 25
176 100
17 39
7 128
219 235
10 95
129 12
95 248
84 96
132 31
10 214
233 93
95 7
174 207
188 109
51 175
48 82
5 95
229 223
233 92
124 33
227 32
70 65
127 14
208 173
79 54
128 251
253 161
230 222
198 180
133 220
166 32
12 161
6 214
94 14
56 179
1 128
161 0
103 181
178 55
162 14
91 226
66 69
130 234
171 43
255 95
1 213
161 253
24 35
32 166
241 40
223 89
162 238
59 181
236 93
161 252
218 169
250 95
187 148
4 42
71 192
24 92
184 62
29 131
158 173
184 194
174 207
81 206
51 175
128 9
250 161
163 21
214 9
33 132
92 25
95 9
176 204
24 220
63 112
169 217
181 59
26 34
230 92
162 17
31 29
42 121
54 177
231 35
95 254
255 128
114 57
85 44
227 91
162 14
30 226
187 66
214 249
43 85
180 198
86 215
201 178
210 84
214 5
66 69
31 227
35 123
248 42
33 27
182 196
254 43
192 111
36 233
167 222
119 47
228 224
72 194
74 61
228 33
72 62
49 174
206 175
95 248
219 88
183 62
234 163
163 233
132 224
221 167
136 46
214 251
208 173
177 203
5 128
217 238
222 26
24 126
70 65
166 32
161 244
214 250
242 94
161 2
1 128
161 0
171 212
7 42
68 67
166 226
39 122
56 179
179 103
198 76
85 44
178 55
105 183
17 127
95 245
89 33
186 64
231 126
230 33
95 4
39 87
80 203
95 245
127 243
216 240
36 168
224 132
29 131
234 93
39 239
128 10
161 248
66 109
88 36
217 239
223 27
9 42
236 163
224 228
9 161
127 14
48 82
53 177
2 43
217 238
93 237
24 126
94 239
90 223
14 40
6 214
24 221
95 254
42 170
218 237
16 94
7 42
134 217
165 90
243 215
77 56
153 180
199 141
255 43
95 3
24 35
79 203
14 216
229 165
239 94
231 164
156 177
39 238
173 209
203 177
233 220
4 42
16 216
167 220
32 124
131 228
218 168
6 161
168 36
8 161
36 234
174 49
239 39
82 98
9 42
184 193
160 171
40 241
129 243
220 233
79 53
87 39
53 140
93 237
232 130
41 12
90 223
190 69
79 54
14 162
236 218
1 43
218 237
103 180
165 228
242 162
226 30
241 94
56 179
213 171
115 199
44 171
113 60
84 46
177 54
187 66
91 229
36 123
248 42
19 163
95 3
173 210
193 111
149 70
214 4
64 71
228 224
93 20
233 163
98 82
6 161
9 128
220 234
205 81
88 36
50 138
169 218
9 42
163 20
167 36
15 40
89 222
149 186
111 192
169 217
74 196
230 222
92 25
70 65
33 90
161 244
166 31
232 35
20 38
170 215
141 199
231 222
179 56
41 13
165 166
122 217
228 165
43 85
199 76
213 255
201 178
35 232
90 31
121 43
91 228
41 244
42 8
237 93
140 53
250 128
251 95
233 220
4 42
15 216
89 35
224 132
60 182
158 174
138 50
168 36
189 109
248 161
174 49
161 6
27 33
247 214
245 41
164 231
64 185
167 34
107 70
177 203
39 169
53 140
33 230
198 181
35 133
88 163
190 69
214 250
162 243
113 196
213 1
95 255
222 25
126 235
241 162
91 90
122 216
56 179
34 25
0 95
213 255
55 78
172 211
239 129
135 214
165 28
17 162
126 24
93 19
161 253
5 128
145 193
11 95
242 129
247 161
164 25
132 32
28 131
98 82
217 17
88 219
81 205
248 161
213 3
207 118
27 33
195 182
194 72
24 164
192 71
205 81
220 233
111 192
250 128
53 139
229 223
231 92
215 244
229 91
242 216
79 53
105 73
20 38
213 1
76 198
213 85
130 21
243 41
166 31
13 41
227 165
34 25
218 19
43 0
218 236
172 211
250 214
216 242
224 90
123 220
248 42
177 101
75 59
254 43
79 203
23 36
52 80
9 95
228 224
215 11
228 125
27 223
138 50
48 174
146 190
22 36
3 43
249 161
218 88
163 234
10 215
232 92
185 192
205 81
10 161
64 111
43 254
182 60
100 176
214 8
35 133
167 33
213 136
251 42
105 73
3 95
41 170
58 76
213 85
235 130
241 162
226 91
242 94
214 249
171 44
0 161
128 1
38 20
25 35
79 202
161 12
228 165
186 65
248 42
26 222
202 140
128 5
251 95
48 173
204 176
216 241
231 164
63 72
182 196
157 175
138 51
253 43
219 234
161 9
10 128
184 62
158 83
163 234
10 215
172 96
240 216
42 4
23 220
64 111
173 47
217 238
33 229
248 214
133 221
227 31
187 190
53 177
150 184
143 61
43 255
161 1
179 154
7 42
218 122
91 90
216 134
130 236
44 85
237 218
171 213
218 236
105 182
30 166
121 42
92 168
17 162
248 42
170 41
39 238
210 84
219 235
24 36
80 204
40 15
35 167
124 223
92 232
223 229
239 217
248 128
95 7
50 175
128 246
49 138
23 93
183 61
73 62
220 168
209 137
252 42
187 108
235 219
254 213
217 239
229 223
92 25
133 221
164 229
241 216
166 32
35 24
236 219
43 255
56 141
26 34
130 22
162 15
225 166
68 189
130 236
44 85
38 237
171 213
77 200
84 45
18 127
189 188
92 167
37 123
198 76
230 34
59 181
251 128
144 194
220 24
5 42
186 65
32 227
124 223
60 182
175 99
51 117
128 8
234 37
50 175
221 89
184 63
23 93
227 131
225 124
28 224
185 193
81 50
23 220
111 191
88 38
117 52
40 169
231 92
245 41
227 31
187 191
127 16
221 232
95 253
128 253
200 115
154 77
91 27
215 243
90 165
135 40
227 165
152 181
77 57
214 170
161 255
35 231
214 6
214 121
31 226
162 240
42 8
26 222
197 75
1 213
194 112
173 209
5 42
216 241
224 29
245 215
9 214
33 27
139 51
8 128
51 80
161 9
81 206
72 193
163 23
183 61
41 10
224 228
63 185
214 252
23 220
37 234
249 128
39 17
93 236
164 232
34 133
230 92
120 212
32 90
13 161
95 252
1 43
161 2
154 77
179 57
190 69
90 225
67 188
227 165
35 25
199 77
213 0
197 114
241 162
19 127
242 40
30 31
240 94
233 126
178 102
59 181
1 213
144 194
150 71
33 166
216 241
161 86
41 245
9 214
33 27
217 17
8 128
7 161
174 206
4 43
16 216
93 233
61 73
21 93
168 37
95 8
206 81
187 108
80 52
88 38
39 17
93 236
92 24
133 222
169 94
136 44
127 15
209 173
252 161
43 255
161 2
214 86
199 179
66 187
165 227
41 121
127 19
75 152
179 199
128 0
161 255
162 15
214 6
40 14
167 164
122 219
199 76
42 86
201 140
128 252
252 95
12 95
224 90
161 10
161 86
71 192
232 164
21 163
161 251
248 128
249 95
188 148
175 50
7 95
168 219
21 163
132 226
159 172
8 161
245 127
82 207
219 22
3 43
195 183
99 175
26 125
123 34
222 167
65 186
52 176
232 35
37 235
128 4
2 95
238 162
57 76
94 240
31 30
41 121
250 42
241 94
237 218
0 128
38 19
75 104
42 250
216 242
31 166
122 219
27 92
214 170
254 95
1 213
62 144
47 173
127 241
216 241
222 89
19 162
197 75
39 87
239 217
213 254
110 65
68 108
35 167
40 16
224 28
124 226
132 226
97 83
63 184
128 11
82 207
219 22
128 248
183 61
229 223
9 42
64 185
227 32
191 70
204 80
150 185
161 4
45 84
116 55
42 170
199 180
162 16
226 31
68 67
129 237
45 84
200 77
85 43
95 1
75 104
55 78
68 189
167 164
134 38
179 199
179 102
161 254
128 252
202 178
173 209
176 53
70 191
222 89
34 123
181 197
87 216
17 39
2 213
65 146
148 69
244 129
216 240
232 164
21 163
246 41
83 159
39 240
81 50
188 108
146 65
213 3
161 5
21 93
232 92
185 193
89 222
216 15
176 204
209 173
21 37
87 40
238 39
94 238
27 164
69 66
164 167
13 161
55 178
74 152
142 59
128 0
198 114
181 152
237 129
40 14
90 31
13 41
126 22
86 214
181 198
43 1
61 144
209 83
251 214
65 69
94 169
34 123
92 231
176 100
117 204
213 254
6 161
23 36
50 81
240 40
220 88
93 21
214 246
159 173
63 184
43 4
247 95
95 249
174 48
217 239
217 87
232 92
185 193
92 26
45 120
223 166
244 95
62 112
43 255
238 39
214 86
92 26
219 123
167 92
188 189
178 202
231 35
200 77
85 213
237 38
231 221
127 236
121 40
226 30
162 241
57 179
214 171
198 76
86 215
236 37
173 209
177 53
95 245
169 162
222 133
75 59
20 163
182 196
168 38
6 161
95 246
167 222
71 193
172 160
215 10
183 195
224 228
207 138
89 221
50 81
80 51
8 128
205 117
21 93
92 24
63 185
221 167
216 15
223 166
161 244
112 194
46 84
161 2
162 18
23 126
191 70
89 164
242 216
165 30
84 211
77 56
128 255
57 77
44 171
165 227
188 189
225 90
38 122
7 214
230 34
218 19
45 172
3 161
161 13
166 224
15 216
94 169
18 162
26 131
176 100
117 204
2 213
64 145
161 10
51 81
216 240
164 24
93 21
227 125
233 93
72 63
49 174
81 206
51 175
48 82
73 195
93 235
92 23
124 33
167 35
211 136
176 204
24 220
54 177
5 128
116 54
78 101
126 232
244 41
88 163
161 244
166 30
231 35
77 56
0 43
38 19
34 231
20 126
134 216
166 225
94 15
165 28
94 17
255 95
1 213
78 201
210 83
5 42
40 15
227 225
71 192
92 231
80 156
39 238
173 209
192 111
161 10
129 12
95 248
224 28
132 31
93 234
28 223
138 49
36 88
175 50
234 219
43 253
73 194
33 229
60 74
223 124
170 95
247 95
176 204
185 107
112 193
254 213
217 238
155 79
26 164
65 186
29 225
135 42
214 250
221 231
161 2
85 213
19 218
171 212
236 130
216 122
91 226
41 243
165 28
179 102
255 95
86 215
95 3
24 35
31 166
14 216
89 33
133 35
42 8
27 223
203 139
128 250
64 145
23 36
51 81
119 47
228 224
246 215
182 195
38 88
16 39
82 49
220 234
110 190
213 3
161 6
87 38
93 23
72 63
228 32
210 136
127 14
161 245
79 53
87 39
59 75
19 94
164 230
244 41
227 31
42 121
238 127
183 105
56 178
0 213
115 57
212 85
91 29
41 13
30 226
66 68
28 91
230 34
255 95
171 212
253 95
13 94
250 214
242 40
169 163
215 12
42 8
80 156
53 117
83 47
203 176
95 245
167 222
161 9
160 85
184 62
23 93
163 234
62 184
220 168
206 175
51 175
207 174
194 183
158 82
60 74
93 236
25 164
161 247
80 51
23 220
95 251
83 210
202 116
222 26
232 130
65 186
28 165
187 190
42 6
172 46
218 20
212 171
161 0
94 240
165 228
68 67
30 91
189 188
200 77
222 231
76 58
1 213
236 38
232 221
129 17
216 242
168 163
35 123
164 25
237 93
74 60
6 128
177 53
70 107
42 252
47 137
96 171
215 11
233 163
158 174
250 95
207 82
109 67
189 147
3 43
17 217
169 218
247 214
236 163
231 92
64 185
13 129
95 11
145 63
173 46
3 95
163 19
230 92
244 41
165 228
187 190
79 54
162 242
55 178
86 41
95 0
171 213
21 126
189 68
165 30
215 13
21 130
213 171
38 237
170 41
161 254
73 105
225 90
216 242
31 227
123 220
130 231
170 41
217 18
217 169
53 79
36 233
51 80
71 192
28 32
236 93
247 42
82 158
50 118
128 247
67 147
147 67
3 43
217 239
33 229
23 163
215 245
32 28
15 40
51 176
107 70
161 5
46 83
60 74
170 215
25 164
162 17
225 227
187 190
79 54
221 232
143 60
128 2
161 0
94 239
249 214
134 217
91 90
122 217
235 126
162 240
218 19
43 1
254 95
35 232
31 166
69 190
168 163
244 215
248 42
155 177
140 53
169 39
161 251
107 186
127 243
241 40
25 92
124 224
214 247
234 93
6 161
253 43
175 51
36 234
82 207
206 118
174 158
163 233
184 194
96 85
209 137
4 214
107 70
21 37
169 217
3 95
33 230
231 130
94 239
229 91
95 11
225 166
151 183
253 161
44 85
161 1
180 153
165 228
39 134
90 226
122 217
20 130
231 34
0 161
213 255
60 143
242 162
79 202
12 95
228 165
220 133
214 248
93 19
75 60
128 5
161 251
70 107
80 204
15 216
224 28
132 32
42 9
158 174
138 50
207 82
22 220
161 8
174 49
49 138
38 168
29 125
184 194
160 171
240 216
222 167
11 161
161 6
169 217
139 203
80 100
126 231
244 41
27 165
190 69
31 90
73 151
20 38
128 254
218 237
162 17
165 228
41 13
30 30
94 14
249 42
222 231
0 95
0 43
78 200
211 84
127 238
42 135
166 224
65 70
130 232
230 34
18 39
2 213
79 203
245 161
33 167
9 95
161 85
215 11
9 214
157 174
6 161
88 219
161 248
50 175
207 174
118 49
228 223
246 214
72 62
88 220
119 209
42 4
174 49
235 219
128 250
203 117
163 20
181 59
35 133
31 29
161 245
90 225
183 105
113 195
170 215
38 19
26 34
249 214
66 187
225 166
41 243
249 42
180 103
199 76
0 43
179 56
94 242
54 79
121 42
91 228
70 191
232 126
86 215
116 202
169 39
219 235
48 173
167 223
241 40
29 32
63 72
9 214
169 39
51 118
128 247
190 110
22 36
43 253
39 16
158 83
10 42
21 93
96 84
248 95
214 252
49 82
192 145
2 43
60 74
236 163
164 231
94 238
87 162
15 40
53 177
232 35
143 61
255 213
115 56
102 179
165 228
162 15
91 30
188 67
178 201
94 16
198 142
213 85
2 161
45 172
202 177
40 14
228 165
215 12
92 230
215 170
75 59
169 39
79 202
208 83
204 176
186 65
95 170
124 223
196 74
87 217
95 5
8 128
66 146
81 50
167 220
95 249
37 168
214 10
10 215
96 84
95 8
4 214
174 49
52 176
128 7
252 161
223 27
181 59
221 123
162 169
245 95
240 127
243 95
95 253
213 1
180 58
102 179
179 57
38 134
30 226
162 242
165 29
240 94
218 19
170 42
179 56
211 84
18 127
42 135
32 166
94 16
8 214
18 162
238 217
254 43
21 219
161 12
52 80
186 65
29 32
71 193
232 164
229 33
17 39
48 174
205 176
220 23
167 221
138 207
23 93
246 214
93 235
97 84
16 40
50 175
220 233
52 176
83 209
117 52
229 223
247 214
71 64
34 89
136 44
240 127
232 35
112 195
84 211
198 181
222 26
234 130
134 218
225 166
13 40
250 42
94 16
77 57
43 171
95 1
15 94
250 214
214 121
167 164
191 187
126 23
162 238
95 2
128 252
144 194
71 106
251 214
191 186
89 35
93 19
229 125
21 163
161 251
253 43
51 80
68 109
252 213
63 72
168 219
73 195
10 215
168 36
240 216
221 167
174 49
250 161
173 47
61 74
236 163
164 232
162 18
94 87
95 11
214 251
47 83
78 54
255 213
2 95
170 214
91 27
240 162
89 164
14 40
6 214
241 94
95 255
214 171
218 236
15 94
42 250
40 14
30 31
162 240
42 8
238 94
18 39
43 1
202 177
185 150
80 204
65 70
86 95
245 215
75 60
157 175
17 39
168 37
37 22
36 233
50 81
63 72
163 23
41 246
132 226
232 92
240 216
35 89
187 108
22 37
173 47
52 139
229 223
230 131
238 162
34 89
44 120
5 214
72 150
54 178
172 45
55 141
162 18
179 57
122 38
31 30
13 162
19 129
152 181
198 142
85 43
56 77
35 231
226 91
243 161
92 167
122 219
76 57
102 78
254 95
213 255
177 54
95 244
127 241
10 95
222 89
132 34
197 75
163 235
61 183
88 219
234 37
161 9
252 213
240 40
88 37
163 235
235 163
37 88
72 63
127 11
246 95
37 234
38 168
39 17
27 33
125 230
34 133
230 92
241 216
204 80
35 24
202 79
172 45
59 75
78 102
214 8
16 94
165 227
243 95
237 127
152 181
58 114
213 171
19 218
75 104
226 91
121 41
225 90
240 94
57 180
214 170
238 217
172 211
4 161
244 161
224 90
15 216
89 34
133 34
230 125
229 33
183 195
128 249
204 176
108 188
175 50
137 208
92 233
10 41
246 41
28 224
95 7
213 252
9 161
191 146
213 3
95 251
21 93
92 24
11 215
170 95
95 10
5 214
221 232
54 177
211 172
95 254
238 162
214 8
94 240
226 31
68 67
91 226
15 162
38 236
0 213
38 19
231 221
237 129
189 188
90 31
215 13
234 126
94 18
59 181
43 1
252 95
161 12
53 80
15 216
167 222
215 11
59 181
87 216
182 195
2 213
110 65
148 69
167 221
216 240
24 92
226 132
22 93
93 23
240 217
128 11
68 148
65 110
48 83
51 139
87 39
24 164
223 124
164 230
216 15
80 52
71 150
144 62
128 4
55 140
86 42
229 92
219 123
32 90
95 13
55 178
25 221
114 197
42 171
38 19
104 181
129 19
242 40
226 225
122 218
234 126
154 179
95 1
255 43
95 4
173 209
42 251
95 245
222 89
64 71
214 247
223 229
182 195
209 83
234 37
207 82
4 42
95 248
172 159
73 194
226 125
88 219
138 49
167 35
109 68
51 176
88 37
205 117
163 21
27 125
93 237
89 221
70 65
127 15
173 47
62 112
216 87
75 197
214 86
57 76
65 187
30 225
40 242
178 202
172 45
255 161
1 128
179 57
104 181
178 55
94 242
165 29
69 190
91 229
214 171
237 218
211 84
161 253
13 95
203 177
95 245
169 162
222 133
9 214
87 216
204 139
218 168
219 234
220 23
167 222
95 248
159 84
246 215
227 125
83 159
72 63
89 221
68 147
51 176
128 248
117 51
93 235
247 214
245 41
86 161
191 70
214 251
12 161
177 202
128 5
39 18
238 162
180 58
219 123
30 225
216 14
214 250
104 74
56 179
171 43
218 237
152 75
214 7
134 216
165 90
38 122
77 57
154 179
115 200
215 170
78 201
24 35
203 177
44 136
167 222
12 41
125 26
33 27
4 161
169 38
250 95
49 174
175 51
47 137
96 172
41 246
125 29
83 158
249 95
128 246
9 161
190 146
82 208
118 51
27 33
60 74
72 63
161 170
70 65
42 5
173 48
235 219
172 46
253 161
41 170
8 42
162 17
90 224
40 242
18 129
14 162
197 143
1 128
142 198
240 162
55 78
68 67
30 226
215 13
126 22
230 34
141 56
84 44
20 218
210 83
251 214
40 15
27 92
18 162
181 197
236 93
203 139
173 209
204 176
246 161
222 89
119 47
220 88
235 93
195 73
233 93
207 138
168 36
95 9
110 190
168 219
251 161
39 169
233 93
223 124
35 89
40 241
14 129
83 208
95 251
2 43
54 140
26 34
42 248
239 162
28 165
40 242
90 226
221 231
196 143
170 214
57 142
34 231
56 78
216 122
225 90
241 94
200 77
102 77
1 161
255 43
78 201
151 73
203 177
213 120
87 94
192 186
197 75
20 163
238 217
213 254
6 161
23 36
81 205
95 248
160 85
215 10
227 125
158 173
118 207
82 49
161 247
161 8
82 208
138 206
223 27
9 42
163 20
171 95
95 9
127 14
149 186
235 219
169 217
18 217
19 94
126 232
65 186
91 28
121 214
250 42
232 35
38 236
171 44
199 180
85 44
249 214
13 215
91 226
243 215
235 126
34 26
95 1
41 86
201 178
84 46
250 214
66 69
165 27
162 238
75 58
93 20
182 196
39 87
64 145
23 36
205 175
185 64
88 36
41 245
10 214
22 163
138 49
246 128
161 248
175 205
220 88
39 17
98 174
182 60
93 236
95 85
161 247
129 242
70 149
37 235
46 83
181 60
19 93
76 198
70 65
88 163
216 14
79 54
105 73
38 236
42 170
0 95
94 240
200 179
217 122
165 90
243 215
235 126
180 103
255 95
254 128
78 201
105 183
203 177
95 245
229 165
244 215
231 164
230 33
60 182
87 217
251 95
220 23
214 4
16 216
25 92
132 32
61 182
82 158
6 161
88 220
189 109
51 175
88 36
6 95
218 87
74 196
32 132
167 35
210 137
205 80
107 70
63 111
169 217
217 238
177 155
26 164
65 186
228 91
187 190
90 225
210 172
55 178
2 128
76 198
171 213
77 200
94 242
226 30
162 241
42 7
94 17
199 141
44 171
218 236
162 14
79 202
242 40
227 225
17 162
58 180
101 79
196 74
169 39
21 219
107 186
127 243
71 192
221 89
32 124
60 182
93 22
95 6
174 207
175 51
95 248
207 174
95 250
158 82
247 214
236 163
160 171
241 216
243 127
48 82
5 95
43 254
161 3
26 34
25 126
239 162
88 163
187 190
225 166
46 84
218 20
2 128
76 198
153 76
28 165
241 162
226 166
13 41
21 130
43 85
218 19
215 170
20 218
73 105
214 6
14 216
91 228
220 133
24 130
86 215
53 116
173 210
235 37
161 11
214 4
210 119
228 224
215 11
214 247
169 38
183 194
253 43
95 8
175 206
174 49
206 118
82 98
228 131
224 124
96 85
185 192
243 127
48 82
64 111
213 2
238 39
156 79
42 248
17 94
31 29
69 66
53 177
210 172
201 78
171 44
19 218
213 85
91 28
162 15
30 30
215 13
7 214
94 16
0 161
170 42
196 113
221 24
239 129
242 40
223 90
70 191
198 76
163 237
39 238
210 83
219 235
23 36
176 52
186 64
89 35
63 72
28 131
163 234
118 206
128 247
234 36
220 22
10 128
6 95
22 93
10 42
246 41
92 24
47 119
89 222
23 220
95 250
2 43
95 252
20 93
75 198
41 12
163 169
69 66
42 6
105 73
201 78
86 41
58 76
162 17
91 28
162 15
165 226
242 94
126 20
85 212
57 115
213 0
236 38
151 74
54 79
14 216
228 165
191 186
248 42
19 162
18 39
84 46
219 235
245 161
204 176
120 46
167 221
124 224
247 42
22 163
194 73
219 168
37 22
50 175
128 246
39 16
33 228
22 163
215 246
164 232
209 137
34 89
10 161
161 6
43 254
238 39
176 156
8 42
133 221
31 29
187 190
214 251
172 46
195 143
172 44
180 58
34 230
249 214
15 94
31 90
243 215
130 236
94 16
38 237
85 43
161 254
14 94
18 127
14 216
88 93
65 70
92 230
177 101
95 3
84 46
112 63
24 36
242 129
216 241
25 92
215 11
27 131
99 82
183 194
128 9
110 66
36 234
128 246
118 49
173 158
93 22
246 41
84 160
137 47
167 34
246 95
52 176
213 2
18 217
236 163
75 197
244 41
27 164
120 212
32 90
161 243
113 195
215 86
141 200
17 94
42 249
134 218
166 31
215 13
55 178
103 75
57 180
0 213
38 20
221 25
166 226
188 67
88 93
12 41
42 8
94 19
253 95
43 2
5 161
107 185
42 251
65 70
221 89
124 223
131 229
169 39
51 118
208 82
51 80
50 175
36 167
7 95
37 168
195 183
163 21
28 224
40 240
127 12
207 174
161 6
169 218
39 17
33 229
92 25
215 244
31 29
212 136
5 214
150 184
20 37
84 211
56 141
230 222
27 165
241 162
29 165
243 215
236 126
181 104
142 58
86 214
179 56
211 84
178 54
161 13
226 225
219 133
92 230
34 26
217 18
43 2
194 112
161 12
5 42
65 70
161 86
132 33
42 9
21 163
239 217
43 3
190 110
175 206
213 4
138 207
224 28
214 10
21 93
97 84
137 47
89 222
95 10
204 80
254 213
95 252
169 216
125 230
238 162
27 164
15 40
251 42
221 232
178 201
211 172
237 38
26 34
42 249
38 134
166 91
189 189
127 19
181 104
58 114
42 86
38 20
221 25
214 6
42 135
89 92
123 219
126 23
162 238
140 55
87 216
95 4
185 150
176 52
95 246
92 230
41 245
131 229
39 87
195 73
3 213
95 7
23 36
128 11
63 72
173 159
195 183
215 246
92 24
71 63
244 127
49 82
146 65
254 213
4 95
100 176
75 197
64 185
222 167
69 65
214 251
95 13
54 178
213 1
75 198
170 214
179 57
38 134
30 225
215 135
78 55
231 35
237 218
213 85
95 1
25 35
165 226
243 161
90 32
69 190
27 92
238 94
116 201
43 1
54 79
24 35
176 52
161 10
26 92
237 94
125 27
21 163
239 217
253 43
249 95
50 174
50 81
240 40
28 32
30 124
124 30
228 32
240 216
12 129
36 23
176 204
218 88
239 39
33 229
92 24
133 222
89 222
246 95
53 176
12 161
95 252
172 45
59 75
154 77
179 57
69 66
31 90
94 13
237 127
221 231
114 198
128 0
38 20
211 84
178 55
41 135
30 31
12 41
57 180
170 42
217 18
43 1
194 112
209 83
129 15
95 246
89 34
41 245
247 42
99 81
95 5
208 83
95 7
49 174
252 213
72 193
32 228
163 234
73 62
168 37
16 40
42 4
95 10
52 176
248 128
52 139
87 39
230 131
162 19
222 167
216 15
251 42
24 221
79 54
169 216
197 181
230 222
8 42
219 122
166 31
189 68
237 127
212 172
218 19
128 0
95 1
241 162
165 226
13 95
89 92
41 244
164 27
222 230
2 161
45 172
95 4
24 35
224 90
186 65
86 94
34 123
181 197
27 223
5 161
253 43
249 95
10 95
81 206
216 240
37 168
215 10
22 93
219 168
40 240
128 11
161 247
146 65
48 83
39 17
223 27
59 75
245 41
34 89
70 65
241 127
35 24
37 235
128 252
254 161
42 170
214 8
219 122
166 32
95 13
201 78
182 104
1 95
0 43
142 198
104 181
165 227
162 13
226 225
243 215
77 57
230 34
238 218
216 170
62 144
161 12
53 80
44 136
34 167
222 133
42 9
87 216
95 4
249 128
161 250
69 108
4 42
63 71
32 228
124 226
163 22
233 93
184 193
252 43
95 9
146 65
208 173
139 205
163 21
75 196
193 71
170 95
70 65
33 90
244 95
95 252
216 87
140 201
42 170
8 42
12 215
31 30
13 161
237 127
162 241
142 59
171 214
198 114
15 94
227 91
243 162
225 90
240 94
7 214
230 34
161 254
45 172
252 95
13 95
166 224
161 11
31 227
94 18
197 75
87 216
74 61
128 7
219 234
233 220
175 50
71 193
164 24
93 21
195 73
93 23
193 72
128 245
188 109
80 51
48 82
117 51
21 93
24 164
11 215
170 95
40 241
251 42
47 83
37 235
46 84
39 18
26 34
92 26
191 69
167 92
121 214
30 91
182 104
20 38
1 128
58 142
35 231
227 91
135 216
226 226
13 41
126 22
179 102
1 161
41 86
195 112
243 161
177 53
136 212
169 162
123 222
131 230
100 80
39 239
83 47
219 234
148 69
34 167
40 16
232 164
225 132
214 246
83 159
249 95
175 206
81 206
80 51
128 8
73 195
33 229
42 247
163 19
89 221
241 216
33 90
71 149
21 37
251 128
181 59
178 155
126 233
16 94
226 31
13 161
42 6
74 152
20 38
0 43
38 19
75 104
91 29
68 67
227 165
66 69
57 179
222 230
255 95
128 3
95 3
184 150
127 240
66 69
227 225
41 244
231 164
216 169
17 39
128 249
250 95
69 108
167 222
185 64
220 88
163 235
125 29
28 223
217 16
43 3
206 175
66 110
43 253
95 251
99 175
24 164
215 245
89 221
211 136
214 251
71 149
235 219
87 39
238 39
237 162
180 58
123 36
91 28
189 68
90 226
182 105
143 59
213 0
58 142
25 34
29 165
215 243
165 30
215 13
130 234
171 43
198 76
255 43
38 20
24 35
79 203
216 241
225 29
64 71
197 75
100 80
196 74
128 249
161 250
233 220
127 244
71 192
88 36
246 215
246 42
28 223
240 217
36 88
9 161
22 37
82 208
138 205
157 82
27 125
237 163
227 32
247 95
204 80
161 245
144 63
251 128
140 202
162 19
26 164
239 162
93 88
189 68
54 177
35 25
161 2
213 171
142 199
180 153
78 200
13 215
166 225
66 69
7 214
171 43
95 1
215 170
113 61
210 84
79 203
161 11
229 164
18 162
25 130
40 87
53 117
128 6
161 250
148 69
42 252
16 216
168 220
184 62
227 125
38 88
138 49
174 207
189 109
234 219
37 168
161 6
169 218
247 214
63 184
164 231
9 161
176 204
48 83
5 95
87 39
202 116
177 155
24 126
17 94
29 225
190 68
90 225
74 151
38 236
171 44
38 19
76 103
29 165
216 122
90 91
15 162
91 228
171 43
255 95
215 170
253 95
73 105
203 177
242 40
33 167
123 221
181 198
223 229
217 18
169 39
235 37
174 208
129 13
64 71
85 96
215 10
246 42
98 82
39 240
220 168
8 161
81 51
88 37
95 250
22 93
233 93
215 245
167 35
9 161
214 251
174 48
21 37
251 128
202 116
86 41
198 180
65 186
93 88
121 214
177 202
94 14
218 20
214 86
57 76
240 162
179 56
217 122
166 226
217 134
126 21
34 25
38 237
171 212
201 178
151 73
79 203
69 190
227 225
244 215
248 42
223 230
74 60
6 128
177 53
23 36
127 243
64 71
25 92
224 132
195 74
158 174
138 50
253 43
95 8
81 51
168 220
194 183
87 38
131 28
41 11
224 228
119 210
89 223
70 149
5 95
254 213
253 161
41 170
76 198
244 41
165 228
69 66
79 54
210 172
201 78
85 212
0 95
180 153
214 7
14 94
165 90
215 13
28 91
76 153
218 19
85 44
95 2
162 14
166 225
66 69
91 229
244 215
76 58
26 222
18 39
169 39
145 193
95 245
205 176
15 216
36 167
20 163
60 182
33 27
206 138
9 128
22 220
205 81
174 49
138 206
27 33
42 247
245 41
92 25
64 185
89 222
107 70
63 111
39 169
3 95
163 19
230 92
191 70
90 223
187 190
129 239
35 24
161 2
85 212
161 0
213 85
214 7
162 15
166 91
188 67
56 179
180 103
58 180
254 128
143 196
105 183
129 17
12 95
225 29
239 94
130 232
237 93
217 18
39 87
21 219
48 174
127 243
71 192
171 160
32 124
163 23
27 223
206 138
43 3
36 22
161 8
220 88
118 50
229 223
247 214
194 72
167 36
185 192
243 127
186 107
219 21
169 217
18 217
237 163
248 214
17 94
93 88
135 43
90 225
24 221
55 178
86 41
115 57
85 43
91 28
217 122
165 166
13 41
214 249
94 16
237 218
2 128
55 78
94 242
166 225
190 187
90 33
65 70
26 92
86 215
253 95
83 46
145 193
233 220
89 33
186 64
35 167
41 245
42 9
218 169
39 239
247 128
205 175
206 81
207 174
6 95
33 229
23 163
184 194
28 224
16 40
167 34
107 70
250 161
217 87
182 60
40 170
214 8
94 238
29 225
120 213
90 225
105 73
55 178
212 171
200 115
230 222
42 249
13 215
31 90
41 243
77 56
180 103
161 0
213 0
161 254
35 232
238 129
135 214
31 227
133 36
130 232
86 215
197 75
217 169
111 63
220 23
89 33
9 95
85 95
63 72
28 131
38 87
62 183
213 253
161 248
220 22
213 3
72 194
83 98
195 182
31 132
92 24
137 47
129 243
108 69
37 235
2 43
117 53
87 40
181 59
12 215
94 87
66 187
225 166
24 221
3 95
215 86
161 1
230 222
56 77
66 187
30 30
67 68
7 214
171 44
0 161
213 85
20 218
172 211
214 6
161 12
32 166
41 244
8 214
26 222
59 181
2 213
203 177
95 245
176 52
186 65
227 224
124 223
93 233
93 21
17 39
219 168
175 51
9 95
128 10
118 49
218 88
42 246
41 10
220 168
16 40
89 222
10 161
95 250
249 128
182 60
163 20
75 197
35 133
169 94
120 212
166 32
161 243
95 253
212 172
180 58
102 179
42 249
15 94
30 30
41 243
78 55
231 34
0 95
128 255
254 95
172 211
226 90
67 68
166 224
94 17
126 24
101 78
95 3
84 46
79 202
220 24
214 5
246 161
224 29
184 63
125 27
39 87
195 73
43 3
146 190
233 220
10 128
207 118
88 37
234 93
215 246
88 220
161 248
34 89
10 161
250 161
218 87
74 196
100 176
92 25
94 238
87 162
69 66
127 16
72 150
3 95
213 1
198 180
26 34
199 179
134 218
91 29
68 189
165 29
181 104
161 0
43 171
77 200
35 231
202 178
216 242
31 226
162 240
42 8
170 41
202 140
2 213
62 144
107 185
52 80
161 10
221 89
185 63
214 247
157 175
95 5
8 128
234 37
109 188
213 4
118 49
173 159
61 73
235 163
224 228
216 16
42 4
207 174
204 80
173 47
17 217
236 163
75 197
64 185
29 225
95 11
127 16
47 83
161 3
255 213
56 141
77 102
57 77
241 162
90 225
13 40
78 55
35 25
198 142
213 85
1 161
84 45
214 6
40 14
165 28
162 240
57 180
170 42
197 75
216 169
112 62
71 106
90 33
65 70
161 86
33 124
182 196
33 27
217 17
248 128
205 176
36 233
221 89
7 95
23 93
73 195
132 225
28 224
193 71
221 167
233 36
110 191
128 249
195 182
40 169
197 181
18 94
29 225
40 241
214 251
35 24
195 144
3 128
18 218
230 222
229 91
243 41
30 225
135 41
127 19
35 25
58 114
213 85
236 38
74 104
91 30
67 68
90 32
133 37
27 92
162 238
39 238
40 87
62 144
185 150
129 15
186 65
222 89
71 193
232 164
223 229
5 161
43 3
219 234
174 206
252 213
240 39
93 233
215 10
163 21
159 172
193 71
252 42
233 36
146 65
83 209
182 61
80 100
42 247
245 41
94 87
246 95
166 32
72 150
144 62
255 213
18 218
214 86
214 7
41 13
89 164
14 40
129 237
25 221
237 218
171 213
142 197
45 172
201 178
40 14
89 92
94 16
233 126
102 78
59 181
87 216
79 202
221 24
52 80
186 65
227 224
19 162
232 164
235 93
139 51
208 83
110 65
49 174
11 128
216 240
163 23
132 30
183 194
228 32
95 8
89 221
95 10
191 146
2 43
39 17
223 27
26 125
215 245
162 170
246 95
176 204
244 95
202 79
211 172
140 201
222 26
180 57
215 244
164 167
40 242
19 129
25 221
237 218
128 0
95 1
84 44
129 19
67 68
90 32
187 66
199 76
102 78
254 95
213 255
95 4
24 35
241 129
120 45
222 89
64 71
164 24
81 157
251 95
173 208
219 234
36 233
4 42
216 240
84 97
246 215
183 195
233 93
137 48
89 221
220 233
37 234
253 213
117 51
33 229
230 131
41 11
222 167
211 136
42 5
232 35
194 144
211 172
2 95
34 230
248 214
215 244
92 89
40 242
226 165
162 241
255 161
213 171
38 19
162 15
250 214
188 67
29 91
69 190
7 214
86 214
254 95
213 255
235 37
83 47
166 224
191 186
222 89
123 222
247 42
176 100
4 161
83 47
52 80
36 233
127 244
193 185
32 228
246 215
73 61
37 88
184 193
221 167
233 36
161 7
213 3
73 195
229 223
131 27
33 132
86 161
161 246
80 52
221 232
95 252
255 213
140 201
222 26
229 92
187 190
30 225
135 41
6 214
84 211
161 1
213 171
95 1
181 152
29 165
13 94
92 167
243 215
249 42
18 162
38 238
213 255
112 61
221 24
251 214
69 191
92 230
192 185
125 26
169 40
74 61
83 47
22 219
161 10
221 89
8 95
36 168
41 246
195 73
93 23
7 161
11 128
247 95
146 66
219 88
161 5
229 223
125 229
193 71
29 224
216 15
80 52
95 12
252 161
128 4
217 238
162 18
126 233
41 12
167 92
42 121
250 42
84 211
20 38
86 42
142 198
231 221
214 6
40 13
225 90
66 69
199 77
154 179
58 181
1 213
178 55
184 150
90 32
187 65
34 167
162 238
231 164
93 20
95 4
254 43
37 22
220 23
89 34
185 63
28 32
21 163
246 42
37 88
207 138
4 213
247 95
234 219
248 128
217 239
27 33
131 27
124 33
230 92
191 70
5 214
173 47
235 219
2 43
238 39
215 86
233 130
215 244
165 228
95 13
78 54
74 152
197 142
43 0
161 0
171 212
91 29
188 189
30 226
218 134
77 57
34 26
161 255
3 128
195 112
161 13
42 251
66 69
227 225
215 12
231 164
93 20
17 39
38 87
80 204
187 148
252 214
192 185
232 164
183 62
195 73
163 233
39 240
50 174
175 50
7 95
168 219
205 117
93 235
42 247
19 93
161 170
15 40
166 33
149 185
177 202
210 172
3 95
101 178
58 76
36 133
91 28
12 161
30 90
172 45
77 56
171 43
38 19
153 75
249 214
216 122
226 165
241 94
200 77
222 230
95 1
211 84
236 38
83 46
90 32
241 40
227 225
41 244
181 197
40 87
196 74
209 83
250 95
233 220
89 34
47 137
96 172
246 215
10 214
33 28
138 49
10 128
189 109
161 7
128 247
251 161
33 229
229 131
72 63
221 167
241 216
129 242
161 245
95 251
251 128
18 217
101 177
42 248
94 239
165 228
40 242
129 238
94 14
161 2
43 0
0 95
94 240
236 130
94 242
31 166
13 41
56 179
34 26
180 198
213 255
55 78
46 172
203 177
43 136
164 27
70 192
25 92
156 176
139 53
254 43
203 176
220 23
34 167
209 119
96 171
246 215
10 214
228 33
7 161
3 213
220 234
66 110
3 43
161 6
218 87
163 233
245 41
92 25
95 9
89 223
23 220
203 79
2 43
217 238
162 19
130 24
162 17
168 93
244 95
202 79
84 211
200 78
85 212
0 161
34 231
165 227
243 41
31 166
13 41
21 130
213 171
218 19
254 128
201 178
73 105
239 129
161 11
29 31
64 70
25 130
93 20
196 74
83 47
80 203
245 161
51 81
40 16
92 232
215 10
29 131
234 93
250 95
82 49
36 22
190 147
9 128
39 17
87 38
23 163
163 20
221 167
192 70
80 52
11 161
53 177
173 46
116 54
26 34
248 214
244 41
88 163
242 216
31 90
162 242
113 196
171 44
237 38
213 85
249 214
189 68
226 226
13 41
77 56
34 25
237 218
86 215
113 60
105 183
42 250
11 95
225 29
186 65
214 248
19 163
253 95
47 173
79 203
48 174
42 252
16 216
25 92
132 32
131 228
82 158
250 95
213 253
109 67
8 95
3 43
217 239
218 87
23 163
72 63
160 171
137 46
214 252
208 174
95 251
2 43
238 39
79 101
130 24
70 65
90 223
40 242
166 31
35 24
236 218
85 212
115 57
153 76
200 179
217 122
30 226
215 13
126 21
162 239
38 237
128 2
60 143
84 46
17 127
40 14
27 91
65 70
164 25
177 101
60 182
2 213
192 111
174 208
4 42
46 137
160 85
224 132
23 93
169 38
62 183
36 88
109 67
248 161
3 43
118 50
82 98
228 131
32 132
160 171
210 137
80 51
233 36
53 177
43 254
116 53
163 19
25 126
239 162
168 93
190 69
177 202
94 14
143 60
41 170
76 198
85 43
7 42
134 217
30 226
243 215
126 21
16 162
141 57
171 212
196 113
162 14
250 214
187 66
227 225
186 65
230 164
41 86
140 53
43 2
251 95
161 11
243 129
241 40
35 167
163 236
23 93
234 93
250 95
213 253
161 248
81 50
213 3
118 50
98 174
9 42
215 245
32 28
240 216
42 4
11 161
219 21
254 213
95 253
93 237
25 126
133 221
29 225
40 242
225 166
172 46
38 236
86 41
255 161
171 213
91 28
134 217
30 165
122 217
42 7
25 222
199 141
85 44
201 178
162 14
177 54
121 42
28 91
41 244
230 164
155 177
202 140
5 128
111 63
23 36
176 51
241 40
95 171
93 20
74 60
87 218
239 217
168 36
95 8
67 109
174 49
184 62
27 33
195 182
163 20
24 164
40 240
34 89
208 174
95 250
128 6
39 18
100 176
214 8
64 186
223 167
136 43
225 166
84 210
20 38
215 86
56 141
162 17
28 165
217 122
165 226
67 68
214 249
85 212
38 237
42 86
56 78
45 172
214 6
135 214
224 90
220 133
26 92
162 237
253 95
43 2
63 145
233 220
33 167
120 46
161 85
224 132
233 163
157 174
250 95
49 174
146 190
36 234
88 36
194 184
22 93
246 214
184 194
85 160
185 192
129 243
36 23
53 176
6 128
217 238
80 100
42 248
186 192
227 31
190 69
214 251
151 183
195 143
253 128
58 76
239 162
179 56
241 162
91 90
122 216
91 227
222 231
0 95
43 0
60 143
172 211
30 166
42 135
93 168
70 191
230 164
222 230
217 18
46 172
53 79
83 48
127 242
216 241
86 95
72 193
182 196
27 223
138 51
208 82
219 234
189 147
82 207
16 217
223 28
73 195
194 72
172 96
71 64
34 89
161 246
161 6
209 173
182 60
80 100
164 231
94 238
223 167
69 66
127 16
13 161
253 161
128 253
1 95
222 26
214 7
122 38
90 165
215 13
20 130
34 25
0 95
0 43
197 113
25 35
177 54
121 42
88 93
17 162
58 180
215 170
39 238
84 46
202 177
232 220
204 176
241 40
167 221
93 19
182 196
223 229
217 17
168 37
7 161
68 109
89 36
95 249
223 28
93 22
93 235
164 232
64 185
89 222
220 233
37 235
254 213
196 182
229 223
247 214
215 244
31 29
241 216
251 42
243 95
218 20
215 86
38 19
154 77
165 229
241 162
31 90
134 40
201 78
212 171
161 0
128 1
77 200
152 74
129 18
67 68
28 91
191 186
8 214
155 178
95 2
251 128
177 54
95 244
90 33
95 246
170 161
124 223
60 182
229 33
161 251
88 219
219 234
68 109
50 81
217 240
224 28
246 214
215 246
32 28
209 137
4 214
187 108
37 235
168 218
204 117
176 156
25 164
222 123
94 87
161 245
203 79
209 173
20 37
43 255
255 161
162 17
199 179
69 66
226 226
68 189
129 236
240 94
1 95
43 0
200 179
104 182
129 18
14 216
28 91
12 41
8 214
34 26
116 201
252 128
112 62
12 95
90 33
10 95
221 89
193 185
182 196
81 157
239 217
37 88
37 22
161 9
221 89
249 161
37 168
125 226
10 215
24 164
71 63
221 167
161 246
191 146
7 128
95 252
223 27
181 59
133 222
230 92
40 241
90 224
106 72
61 112
1 43
201 115
77 102
57 77
69 66
165 227
13 162
227 165
75 152
95 255
0 213
38 20
231 221
18 127
242 40
226 225
94 16
233 126
230 34
181 197
45 172
202 177
209 83
15 127
191 186
92 230
124 223
196 75
157 175
95 5
48 173
191 110
23 36
128 11
39 16
228 224
246 215
163 21
92 24
40 240
214 252
233 36
6 95
254 213
17 217
216 87
9 42
11 215
230 92
40 241
32 90
83 209
144 62
84 211
201 115
77 102
179 57
187 190
29 165
41 121
6 214
231 35
58 114
43 171
1 161
211 84
42 250
13 95
89 92
122 219
76 57
162 238
201 140
216 169
54 79
209 83
251 214
186 65
89 34
237 94
232 164
163 235
183 195
128 248
95 7
108 188
175 50
7 95
88 37
124 226
183 194
37 88
95 8
221 167
161 246
204 80
168 218
183 61
223 27
24 164
19 94
86 162
186 191
176 203
83 209
95 252
255 213
95 254
162 18
130 23
219 122
226 31
40 242
19 129
35 25
161 1
0 128
95 1
75 104
226 91
242 40
225 30
190 187
76 57
178 102
238 217
211 84
161 252
221 24
5 42
161 10
164 26
19 162
125 26
99 81
117 204
208 83
176 52
68 108
50 81
40 16
92 233
226 132
132 226
159 172
184 193
43 4
82 207
22 37
248 128
52 139
93 235
232 92
192 71
224 227
246 95
176 204
173 47
219 21
252 128
181 59
178 154
180 57
162 16
166 32
121 215
55 178
45 84
95 255
43 171
142 198
94 241
201 178
14 216
164 89
69 190
7 214
86 214
181 197
45 172
202 178
209 83
241 129
40 15
94 169
64 71
164 24
20 163
195 74
128 249
65 146
233 220
129 12
240 40
32 228
21 163
73 61
173 97
208 137
89 221
9 161
146 65
208 173
95 251
157 81
196 181
124 33
222 167
161 246
129 241
209 173
21 37
128 252
161 2
178 154
57 76
12 215
90 224
189 68
226 165
162 241
56 179
214 85
77 199
94 241
165 227
41 135
31 166
187 66
179 199
238 94
58 181
1 213
161 252
106 184
16 127
241 40
169 162
71 192
42 9
216 169
117 204
2 213
176 52
174 207
127 244
95 248
228 224
73 194
183 195
88 219
118 207
89 221
188 108
249 161
248 128
239 39
99 175
247 214
33 132
161 170
246 95
129 241
47 83
54 177
87 40
197 181
86 42
164 229
123 37
166 32
214 135
226 165
45 84
95 255
42 170
1 161
25 35
214 6
135 216
166 225
122 218
249 42
77 154
200 141
128 3
61 144
184 150
5 42
216 241
87 94
222 133
92 231
216 169
61 182
168 38
22 219
23 36
81 206
161 8
32 228
225 132
246 42
32 28
138 49
35 89
220 233
66 110
8 128
183 61
93 235
74 196
19 93
26 164
45 120
166 33
83 209
112 194
84 210
18 217
238 162
164 230
191 70
30 225
40 242
226 165
74 152
114 197
171 43
237 38
231 221
20 126
189 68
165 29
69 190
126 22
102 77
95 1
211 84
253 95
232 221
240 129
11 95
167 222
41 244
164 25
216 169
204 139
254 43
52 80
49 174
167 222
47 137
36 168
163 235
61 183
158 173
193 72
43 3
147 188
234 219
253 213
117 51
33 229
214 9
33 132
164 231
10 161
204 80
220 232
79 54
213 2
75 197
41 170
76 198
41 12
91 28
12 161
18 129
35 25
113 197
255 128
19 218
162 16
20 126
188 189
166 225
218 134
56 179
26 222
255 95
213 255
253 95
243 161
177 53
212 120
87 94
94 18
248 42
163 236
117 203
218 169
219 235
108 187
42 252
240 40
224 28
21 163
125 29
168 38
138 49
3 213
234 36
95 249
37 168
51 138
87 39
92 23
163 19
25 164
247 95
127 14
208 173
53 177
172 46
18 217
41 170
130 24
162 17
225 227
188 189
226 166
74 151
2 95
43 0
19 218
76 103
236 130
14 94
30 30
215 13
214 249
17 162
1 161
215 170
3 161
73 105
79 203
40 14
89 33
35 123
42 8
236 93
161 252
47 173
6 161
174 207
175 51
71 192
220 88
184 62
125 29
93 22
72 62
49 174
36 22
175 205
3 43
95 250
174 157
28 125
245 41
164 231
120 210
33 89
23 220
177 203
210 172
39 18
86 41
58 76
17 94
227 31
66 188
18 129
14 162
20 38
1 128
19 218
240 162
91 29
67 188
30 91
66 68
28 91
213 171
180 198
128 2
218 236
84 46
239 129
43 136
33 167
244 215
92 231
20 163
53 117
217 169
111 64
245 161
34 167
71 192
168 220
10 41
227 125
158 174
49 118
88 220
161 248
109 190
128 9
73 194
234 163
125 228
11 215
161 171
119 210
223 167
107 70
95 251
251 128
116 54
86 41
24 126
94 239
28 165
121 214
17 129
35 24
78 56
213 1
161 0
76 103
228 91
68 67
30 91
13 41
126 21
162 239
19 38
41 86
253 95
183 151
214 6
95 245
33 166
35 123
164 25
26 223
3 161
250 128
95 5
36 233
129 13
209 119
164 25
32 124
61 182
88 218
217 17
49 174
22 220
147 67
253 213
217 239
93 234
163 233
236 163
164 231
40 241
4 214
220 233
95 251
83 210
53 140
41 170
76 198
12 215
228 91
14 40
17 129
24 221
38 236
128 254
57 76
240 162
200 179
13 215
91 226
39 122
126 21
213 171
199 141
44 171
236 38
210 84
42 250
121 43
31 227
35 123
164 25
170 41
95 3
217 169
95 5
48 174
176 51
241 40
167 220
20 163
182 196
223 229
250 95
36 88
109 67
161 8
82 207
250 161
27 33
228 131
215 245
221 167
185 192
4 214
174 48
111 193
6 128
39 18
237 163
8 42
41 12
91 27
14 40
127 17
172 46
161 2
213 1
180 58
43 171
126 235
122 39
165 166
242 94
28 91
171 43
115 199
215 170
161 254
94 242
225 90
242 40
28 91
41 244
198 76
79 155
140 53
87 217
53 79
95 245
51 80
185 64
28 32
132 32
125 28
169 38
118 206
207 82
36 22
22 36
49 82
161 6
158 82
125 228
215 245
32 28
64 185
34 89
36 23
21 37
173 47
116 53
177 156
181 58
191 70
91 27
14 40
214 250
221 232
113 196
41 170
218 237
213 85
28 165
243 41
166 30
243 215
126 21
85 213
57 180
128 254
254 95
232 221
225 90
216 242
88 93
220 133
92 230
163 237
74 60
213 254
219 235
82 48
127 242
46 137
28 32
245 215
23 93
174 98
206 138
9 128
147 190
206 81
220 88
206 118
82 98
227 131
184 194
160 171
161 247
214 252
48 82
64 111
169 217
196 182
93 236
214 8
94 238
29 225
43 120
177 203
13 162
253 161
1 43
38 19
26 34
165 228
122 39
226 30
40 122
42 7
162 240
76 57
0 213
78 200
151 73
42 250
121 42
227 225
70 191
230 164
215 170
39 238
87 217
161 251
173 208
80 204
161 9
171 161
124 224
74 60
93 22
138 50
128 9
81 205
206 81
220 88
138 207
228 223
163 234
20 93
85 160
185 192
42 4
49 82
53 176
47 83
252 161
216 86
25 126
192 70
167 33
43 120
129 240
221 232
95 253
1 43
200 115
26 34
165 228
122 39
30 30
40 122
126 20
180 103
237 218
1 128
179 56
172 211
202 177
121 42
32 166
220 133
214 248
162 237
181 197
251 128
37 21
107 185
5 42
136 210
161 86
63 72
93 233
157 174
95 6
219 168
37 22
175 206
207 174
249 161
28 33
29 125
41 10
172 96
192 71
89 222
49 82
111 192
169 218
60 74
169 216
75 197
133 221
167 33
241 216
127 16
106 72
55 178
253 128
218 237
77 102
228 91
15 94
166 31
122 216
7 214
44 85
38 237
42 86
254 95
14 94
177 54
242 40
91 228
41 244
230 164
86 215
116 202
84 46
202 177
107 185
5 42
95 246
221 89
223 132
27 131
99 81
183 195
9 128
110 66
109 188
36 167
249 161
219 88
227 131
235 163
84 160
40 240
129 244
10 161
52 176
7 128
4 95
229 223
42 248
12 215
225 227
241 216
203 79
150 184
61 113
45 84
19 218
162 17
77 199
69 66
31 90
215 13
29 91
44 85
237 218
171 213
179 56
231 221
214 6
121 42
90 32
215 12
126 23
18 162
140 54
46 172
112 62
232 220
176 52
216 241
227 224
63 71
9 214
217 169
217 17
213 253
219 234
206 81
11 128
16 217
163 23
22 163
132 225
32 28
47 119
89 222
82 207
80 52
88 38
95 252
80 100
164 231
71 64
31 29
69 66
5 214
95 13
3 95
3 128
56 141
77 102
91 27
38 134
29 165
242 94
55 178
152 181
1 95
0 213
56 77
211 84
250 214
67 68
225 30
215 12
199 76
34 26
238 217
252 128
54 79
71 106
251 214
40 15
86 95
93 19
131 229
223 229
195 73
168 37
110 66
81 50
81 206
39 16
168 219
93 22
10 215
164 232
40 240
127 12
10 161
176 204
213 2
252 161
80 100
42 247
34 133
92 26
120 212
53 177
47 83
178 202
172 45
255 161
94 238
126 234
41 13
166 31
162 243
78 55
162 241
58 114
0 213
200 179
211 84
201 178
40 14
32 166
244 215
42 8
42 86
116 201
84 45
194 112
232 221
129 15
211 120
86 95
162 237
181 196
33 27
139 51
168 37
22 219
206 81
4 43
7 95
168 219
73 195
246 41
159 172
193 71
35 89
49 82
37 234
249 128
74 195
229 223
232 92
41 11
167 34
44 120
32 90
12 161
161 4
213 1
201 115
102 179
126 234
240 162
89 164
94 13
29 91
212 172
218 19
128 0
56 77
84 45
201 178
215 121
92 167
66 69
229 164
102 78
95 2
1 213
177 54
47 173
166 224
136 211
222 89
162 237
247 42
93 21
161 251
8 128
191 110
247 161
128 245
72 193
173 159
183 61
73 62
168 37
208 137
175 206
95 10
146 65
168 218
239 39
217 87
75 197
71 64
167 34
186 191
53 176
161 244
37 235
169 216
217 238
26 34
27 164
16 94
30 225
40 242
237 127
94 15
56 179
43 0
77 200
104 181
91 30
242 40
32 166
69 190
233 126
170 42
59 181
43 1
112 62
232 221
52 80
241 40
86 94
245 215
197 75
229 33
239 217
48 173
191 110
95 246
167 221
16 216
32 228
73 194
41 10
32 28
7 161
167 35
207 174
176 204
8 128
17 217
33 229
24 164
185 192
29 224
70 65
224 166
95 12
4 95
252 128
140 201
86 42
42 248
122 37
224 166
68 67
127 19
74 152
77 56
0 213
58 142
35 231
91 29
216 242
31 166
16 162
199 77
34 26
2 161
1 213
202 178
150 72
80 203
40 15
164 26
64 71
75 59
163 236
74 61
254 43
191 110
95 246
89 35
48 137
28 32
10 41
226 124
83 159
216 16
167 35
148 188
95 249
219 88
205 117
175 157
232 92
245 41
227 32
15 40
214 251
185 106
202 79
172 45
140 201
154 78
180 57
215 244
89 164
188 189
178 201
25 221
38 236
214 85
114 58
231 221
19 127
14 216
225 30
190 187
179 199
34 26
18 38
253 128
54 78
173 209
224 90
120 44
87 94
34 123
125 26
176 100
204 139
254 43
110 65
49 174
167 221
48 137
172 159
41 246
61 183
32 28
39 240
206 81
95 9
190 146
88 37
39 17
223 27
214 9
193 71
224 227
95 10
42 5
35 24
4 95
46 84
140 201
170 214
214 8
244 41
166 32
121 214
202 78
221 231
77 56
213 171
77 199
44 171
19 127
121 40
30 226
218 134
27 91
77 154
56 115
43 1
202 178
24 35
240 129
15 216
162 87
238 94
181 197
20 163
217 17
88 218
234 37
148 69
127 244
216 240
172 159
194 183
214 246
32 28
118 207
252 43
68 147
37 234
253 213
217 239
39 169
92 24
19 93
35 89
161 246
90 223
173 47
79 54
213 2
59 75
230 222
42 248
70 65
32 90
13 161
250 42
74 152
114 197
42 170
114 58
25 35
130 20
215 243
166 165
94 15
91 229
34 26
161 255
128 3
3 161
95 243
224 90
69 190
89 34
215 12
125 26
223 229
39 239
83 47
37 21
220 23
222 89
248 161
220 88
183 62
131 227
37 88
63 184
128 11
206 175
51 176
208 174
205 117
93 235
60 74
193 72
164 231
186 191
166 33
83 208
37 235
216 87
161 3
34 230
8 42
94 239
92 88
216 14
214 250
162 242
161 2
128 255
95 0
94 240
91 29
188 189
30 91
69 190
77 57
77 154
19 38
253 128
61 143
46 173
5 42
120 44
87 94
133 35
131 231
156 176
60 182
47 173
145 192
161 10
89 34
137 209
88 36
184 62
246 42
233 93
138 49
128 246
175 50
190 146
174 48
161 5
27 33
42 247
215 245
231 92
161 247
204 80
107 71
193 144
46 84
161 3
170 215
180 58
123 36
228 91
14 40
226 166
14 162
20 38
213 0
38 19
25 34
214 7
68 67
90 31
187 66
28 91
154 179
76 58
84 44
3 161
162 13
129 16
95 245
162 87
35 123
131 231
100 80
182 196
209 83
80 203
207 82
34 167
71 192
24 92
124 225
131 227
83 158
118 207
43 3
206 175
161 8
219 88
206 118
229 223
23 163
63 184
32 28
9 161
129 242
233 36
235 219
172 46
238 39
170 215
164 230
244 41
28 165
242 216
214 250
182 105
161 2
1 128
180 57
76 103
78 200
242 162
90 91
39 122
28 91
222 230
255 95
213 255
178 55
232 221
90 31
161 11
89 33
221 133
92 231
80 156
95 4
128 250
80 203
95 245
89 34
119 47
85 96
225 132
10 214
163 234
72 62
49 174
109 67
66 109
37 168
161 6
223 27
74 196
20 93
231 92
119 210
167 33
107 70
79 53
210 173
39 18
41 170
76 198
17 94
168 93
135 42
6 214
162 242
196 143
85 212
95 0
231 222
236 130
242 162
30 166
241 94
56 179
162 239
200 141
41 86
55 78
24 35
79 203
216 242
223 89
70 191
181 198
40 86
53 116
6 128
21 219
95 245
129 13
209 119
160 85
224 132
74 61
168 38
184 194
220 168
8 161
175 205
207 174
62 73
38 169
247 214
236 163
92 25
216 15
167 33
70 149
235 219
128 251
238 39
101 177
230 92
239 162
93 88
69 66
127 17
14 162
196 143
212 171
38 19
94 240
126 235
14 94
90 91
94 15
235 126
76 153
255 95
41 86
60 143
242 162
202 177
40 14
29 31
12 41
126 25
163 237
253 95
254 43
145 192
11 95
129 13
9 95
228 224
132 32
182 196
234 93
239 217
213 253
175 51
189 147
207 174
6 95
163 22
163 233
32 132
28 224
216 15
42 4
161 245
111 193
169 217
217 238
155 79
230 92
239 162
29 225
187 190
129 239
172 46
20 38
171 44
57 141
222 25
235 130
122 39
226 30
14 162
56 179
180 103
115 199
254 128
196 113
172 210
250 214
121 43
33 166
191 186
26 92
34 26
116 203
6 128
235 37
107 186
222 89
241 40
25 92
224 132
228 125
98 82
239 217
49 174
189 109
81 50
168 220
206 118
22 93
74 195
215 245
228 32
64 185
51 175
245 95
235 219
169 217
39 18
215 86
248 214
244 41
90 223
213 135
17 129
24 221
78 55
255 213
255 161
43 171
77 200
215 243
226 166
243 215
28 91
171 43
237 218
170 42
78 201
210 84
225 90
12 95
227 225
36 123
58 180
26 222
95 3
128 5
79 203
82 48
251 214
40 15
85 95
72 193
182 196
98 82
62 183
43 3
147 190
175 206
220 88
6 95
218 88
182 61
41 11
24 164
209 137
167 34
174 48
161 6
43 254
18 217
86 40
231 130
133 221
87 163
66 187
225 166
73 151
20 38
128 2
255 161
222 26
165 228
13 215
226 226
122 216
179 200
76 153
57 180
128 255
60 143
211 84
127 239
40 14
228 165
123 220
164 26
26 222
181 196
43 2
219 235
83 48
214 5
95 247
28 32
245 215
74 60
223 229
217 17
49 174
248 95
22 36
128 10
217 240
168 218
29 125
236 163
164 232
95 8
81 51
49 82
235 219
87 38
39 18
40 170
214 8
123 35
165 229
216 14
203 79
13 162
113 195
128 3
180 58
230 222
235 130
69 66
166 31
68 189
227 165
85 212
57 180
171 213
161 254
35 231
18 127
68 189
163 88
36 123
230 164
19 162
95 3
5 128
144 193
48 173
176 52
46 136
35 167
93 20
23 93
27 223
6 161
43 3
175 51
67 109
3 43
95 249
23 93
195 183
93 235
84 160
8 161
34 89
49 82
192 145
169 218
217 238
40 169
231 131
123 35
164 229
241 216
90 224
210 173
38 236
215 86
19 218
162 17
130 22
94 241
165 226
122 216
126 20
212 171
38 237
86 214
56 77
25 35
90 30
121 42
168 163
123 220
92 230
41 86
75 59
2 213
21 219
149 71
5 42
120 45
167 221
63 72
229 125
169 39
95 5
213 253
219 234
233 220
128 10
72 193
228 223
214 10
72 62
224 228
216 16
222 167
36 23
52 176
47 83
52 139
223 27
248 214
244 41
229 92
245 95
251 42
161 243
38 236
128 3
161 1
171 213
199 179
215 243
226 30
68 189
78 55
181 104
199 77
214 170
59 143
162 14
202 178
216 242
90 32
240 94
214 248
155 178
54 116
216 169
177 54
149 71
90 33
15 216
230 164
33 124
27 131
157 175
61 183
219 168
22 219
206 81
82 206
49 138
83 97
61 73
235 163
168 36
40 240
127 12
36 23
192 145
249 128
239 39
176 156
42 247
123 34
162 169
161 245
240 127
210 173
201 78
255 213
58 76
17 94
57 77
38 134
165 166
135 40
165 29
152 181
198 142
43 0
1 161
104 182
250 214
189 188
224 90
187 65
248 42
94 18
54 116
169 40
95 4
83 47
251 214
241 40
164 26
223 132
131 229
169 39
51 117
128 248
234 37
9 95
245 128
72 193
219 88
183 61
41 10
228 32
16 40
206 81
246 95
37 234
209 173
61 74
93 236
75 197
133 222
87 162
65 187
79 53
13 161
20 37
170 216
201 115
102 179
91 27
69 66
166 31
162 243
91 227
212 171
58 114
171 213
38 20
15 94
201 178
13 95
224 90
219 133
92 229
26 222
201 140
40 87
219 235
209 83
33 166
95 246
224 29
33 124
75 60
27 223
61 183
37 88
80 204
95 247
43 252
63 72
28 32
41 246
194 73
219 168
16 40
12 129
82 207
37 234
43 254
17 217
223 27
125 230
18 94
227 31
161 245
80 53
24 221
202 78
1 43
59 75
26 34
27 165
243 41
227 91
189 68
127 19
241 94
57 179
0 43
255 95
84 45
250 214
188 67
165 29
244 215
8 214
162 238
55 116
216 169
37 21
71 106
42 251
216 241
167 222
34 124
247 42
229 33
139 51
3 213
146 191
233 220
4 43
16 216
233 163
215 10
163 21
159 172
216 16
252 42
174 49
37 234
88 38
74 195
99 175
75 197
237 162
89 222
191 70
53 176
232 35
37 235
40 169
197 181
102 178
130 23
134 219
29 165
40 242
42 6
241 94
95 255
0 43
19 218
94 241
237 129
68 189
30 31
122 219
248 42
34 26
217 18
43 1
144 194
209 83
241 129
15 216
222 89
71 192
181 197
217 169
73 61
83 48
37 22
174 207
214 4
249 161
28 32
30 124
226 124
84 159
208 137
245 127
188 108
110 191
248 128
183 61
223 27
59 75
222 123
164 230
211 136
166 32
150 185
54 177
45 84
217 238
26 34
92 27
12 215
226 31
215 135
129 237
241 94
95 255
43 0
161 255
172 212
127 237
135 215
90 31
187 66
22 130
78 154
161 254
1 213
194 112
12 95
80 203
191 186
162 87
123 222
197 75
229 33
4 161
213 254
146 191
49 174
206 175
16 216
228 224
235 93
226 124
233 93
7 161
167 35
108 68
191 146
248 128
39 17
81 99
131 27
162 19
86 161
40 241
214 251
161 244
252 161
40 169
181 59
26 34
164 229
219 123
226 31
215 135
55 178
182 104
218 20
0 213
198 114
181 152
29 165
14 216
164 89
190 187
234 126
214 170
254 95
170 40
195 112
184 150
214 5
186 65
87 94
185 64
26 131
93 20
204 139
249 128
65 146
161 10
50 81
208 119
172 159
41 246
22 93
37 88
95 7
128 245
161 247
65 110
248 128
217 239
163 21
229 131
193 71
86 161
10 161
15 129
12 161
95 252
128 4
140 201
101 178
76 199
187 191
28 165
68 67
129 238
74 152
38 236
0 213
161 255
162 15
6 42
67 189
226 30
38 122
165 27
77 154
95 1
172 211
20 219
24 35
214 5
241 40
162 87
123 222
75 59
80 156
204 139
254 43
6 161
187 148
206 175
248 161
97 172
93 21
195 73
168 37
207 138
175 206
188 109
234 219
168 219
17 217
21 93
164 232
33 132
29 224
246 95
204 80
220 232
54 177
1 43
202 116
178 155
130 23
133 219
90 224
40 242
42 6
25 221
218 20
213 0
199 179
85 44
214 7
13 216
165 90
241 94
234 126
102 77
161 255
128 253
95 3
13 95
177 53
69 190
169 162
64 71
230 125
216 169
17 39
213 254
21 219
10 95
12 127
161 8
228 224
132 31
183 195
88 219
161 249
36 89
81 206
80 51
43 253
51 139
217 87
27 125
72 63
231 92
120 211
5 214
208 173
21 37
254 213
75 197
19 94
126 232
239 162
164 168
40 242
90 226
25 221
77 56
0 213
57 77
16 94
165 227
242 162
90 31
41 243
130 234
34 26
141 56
253 128
78 201
46 173
177 53
44 136
227 225
35 123
25 92
40 87
4 161
47 173
145 192
233 220
51 81
137 209
84 96
215 10
73 61
228 33
118 207
82 49
189 109
175 205
9 128
205 118
235 163
229 131
41 11
92 25
161 247
5 214
71 149
193 144
46 84
75 197
237 162
164 230
70 65
166 32
121 214
238 127
242 94
95 254
214 86
0 161
153 76
201 178
67 188
165 30
13 41
28 91
171 43
180 198
44 172
178 55
210 83
177 53
14 216
169 162
238 94
75 59
216 169
95 4
254 43
95 6
69 108
34 167
119 47
164 24
132 31
42 10
22 163
161 249
207 82
67 147
205 81
128 247
138 206
163 22
182 60
132 223
28 224
64 186
127 14
220 233
21 37
213 2
116 54
177 155
8 42
239 162
28 165
68 66
6 214
242 94
200 78
85 212
38 19
16 94
7 42
67 188
225 90
217 134
165 28
17 162
237 218
254 128
218 236
183 151
42 250
120 43
225 29
162 238
126 25
163 236
60 182
250 128
176 53
23 36
129 13
47 137
92 232
184 62
29 131
93 22
16 39
207 82
81 206
81 51
88 37
73 194
234 163
74 196
184 193
221 167
186 192
214 251
186 107
193 145
210 173
18 217
79 101
164 230
41 12
29 225
69 66
214 250
221 232
178 200
170 214
76 199
222 25
236 130
122 40
30 91
217 134
21 130
103 76
76 58
128 2
201 178
73 105
6 42
190 187
88 93
133 35
75 58
19 163
18 39
47 173
5 161
161 11
42 252
247 161
25 92
93 20
163 23
174 98
39 239
128 246
248 95
205 81
213 3
250 161
234 163
60 74
41 11
89 221
40 241
51 176
245 95
37 235
43 254
60 74
237 163
232 130
123 36
225 227
190 69
129 239
46 84
60 113
213 1
57 141
213 85
91 28
189 68
165 90
162 241
228 165
231 34
58 180
85 44
95 3
94 242
54 79
244 161
33 166
94 17
248 42
79 155
3 161
128 6
251 95
220 23
176 51
9 95
85 96
184 63
74 60
98 82
50 118
10 128
220 234
248 161
174 49
250 161
218 87
125 228
245 41
85 160
210 137
222 167
48 82
5 95
6 128
18 217
155 79
26 164
186 191
229 91
187 190
202 79
35 24
113 196
44 85
95 0
103 180
200 179
68 67
30 165
134 39
165 28
213 171
0 161
212 85
95 2
94 242
166 225
43 135
168 163
123 220
180 198
215 170
217 18
83 46
37 21
208 82
80 205
95 247
221 89
20 163
228 125
93 22
206 138
128 247
161 248
67 109
3 43
6 95
38 168
228 131
32 132
167 36
95 9
51 175
95 11
177 203
217 87
39 18
33 230
126 231
94 239
225 227
213 135
17 129
210 172
143 60
43 255
141 199
25 34
130 21
162 15
165 166
242 94
165 28
240 94
218 19
212 85
38 20
105 183
129 17
190 187
91 228
12 41
92 230
34 26
54 116
5 128
111 63
82 48
80 205
40 15
231 164
236 93
196 74
218 169
239 217
49 174
190 109
206 81
207 174
95 250
218 88
163 233
124 32
88 220
40 240
127 13
220 233
203 80
47 83
74 196
236 163
164 231
64 186
167 33
43 121
79 53
162 243
3 95
44 85
255 161
231 222
56 77
217 122
30 226
94 14
91 227
231 34
19 38
213 0
56 78
105 183
127 239
216 242
28 91
70 191
230 164
86 215
3 161
43 2
219 235
23 36
214 5
15 216
85 95
132 32
182 196
27 223
17 39
219 168
248 95
22 36
174 49
138 207
38 168
74 195
72 62
171 96
161 248
127 13
95 10
145 64
128 250
18 217
33 229
42 248
64 186
33 89
136 43
240 127
232 35
113 195
44 84
198 180
85 43
7 42
66 188
166 91
68 189
236 126
25 222
142 57
43 171
196 113
84 45
79 202
214 121
90 32
17 162
126 24
34 26
253 95
251 128
53 79
220 24
204 176
15 216
167 221
33 124
74 60
82 157
194 73
43 3
66 146
234 220
49 82
95 249
93 233
234 93
246 41
232 92
185 192
89 222
49 82
6 95
254 213
117 53
236 163
164 231
185 192
225 227
44 120
240 127
72 150
178 201
43 255
161 1
162 17
126 234
69 66
90 225
216 134
165 29
222 231
114 198
214 170
56 77
45 172
129 18
135 214
227 225
94 17
92 230
170 41
95 3
84 46
177 54
107 185
42 251
65 70
32 227
11 41
92 233
99 81
239 217
37 88
22 219
161 9
213 3
39 16
158 83
214 10
225 124
160 172
137 47
34 89
246 95
161 6
254 213
17 217
229 223
59 75
215 244
222 167
69 66
203 79
184 106
161 3
215 86
58 76
85 43
22 126
162 15
90 165
67 68
214 249
94 16
114 198
128 1
143 197
35 231
30 165
95 244
165 28
12 41
126 23
222 230
217 18
128 5
112 63
95 244
251 214
211 120
167 221
41 245
247 42
217 169
161 251
219 168
95 7
50 175
11 128
7 95
32 228
73 195
246 41
224 228
40 240
129 244
95 10
176 204
128 249
217 239
169 216
197 181
245 41
164 229
136 44
5 214
13 161
178 201
3 128
1 95
17 94
130 22
241 162
90 165
40 121
214 249
240 94
57 179
128 1
56 77
182 152
165 226
68 189
31 226
240 94
230 164
222 230
2 161
4 128
21 219
95 244
15 127
191 186
26 92
93 19
60 182
33 27
95 5
219 168
234 37
175 206
50 81
217 240
233 163
131 30
10 215
32 28
193 71
129 244
108 69
146 65
43 254
52 139
176 156
26 125
123 34
31 29
120 212
203 79
243 95
202 78
3 128
38 18
86 42
229 91
41 13
225 166
135 41
165 29
85 212
198 142
43 171
236 38
25 35
129 18
40 14
166 224
123 219
180 199
238 94
75 59
40 87
177 54
35 232
204 176
15 216
95 170
33 124
24 92
235 93
205 139
88 219
52 80
23 36
252 213
16 217
233 163
163 234
226 124
228 32
137 48
12 129
69 148
161 6
173 47
204 117
216 87
26 125
18 94
31 29
241 216
32 90
150 184
219 21
211 172
161 2
42 170
7 42
16 94
30 225
243 94
91 227
181 104
161 1
128 0
1 161
211 84
165 226
68 189
29 91
219 134
180 199
94 18
39 238
169 40
161 252
47 173
241 129
120 45
32 227
222 132
42 9
21 163
195 73
128 248
7 161
188 148
167 221
249 161
97 173
226 132
124 30
88 219
216 16
175 206
174 49
52 176
48 83
5 95
157 81
59 75
215 245
222 167
186 191
251 42
95 12
54 177
128 252
39 18
26 34
76 199
240 162
92 89
41 121
42 6
221 231
142 58
0 213
218 236
104 181
237 129
121 41
226 225
190 187
229 164
94 18
18 39
128 252
219 235
71 106
251 214
95 246
230 164
133 34
26 131
175 99
161 251
218 168
146 191
174 207
245 129
208 119
164 23
21 163
163 21
23 163
63 184
214 252
233 36
65 110
208 173
95 251
169 217
9 42
94 237
225 227
136 45
129 241
185 106
252 161
211 172
95 254
214 86
199 180
219 122
225 226
135 41
42 6
221 231
179 200
213 171
38 19
221 25
201 178
40 14
30 31
94 16
22 130
214 170
59 181
172 211
95 4
47 173
32 166
15 216
29 31
222 133
59 181
33 27
17 39
43 2
234 37
148 69
221 89
248 161
219 88
226 132
226 124
28 224
208 137
221 167
233 36
37 234
8 128
17 217
157 81
131 27
193 71
227 32
70 65
224 166
24 221
177 202
255 213
18 217
178 154
126 233
69 66
164 167
40 242
226 165
211 172
200 77
0 213
57 77
171 212
165 227
94 243
89 92
41 243
214 249
34 26
141 55
172 211
112 61
221 24
42 251
15 216
31 227
41 245
232 164
156 176
74 61
218 168
250 95
82 49
129 12
16 216
220 88
215 10
125 30
23 163
39 240
43 4
95 9
51 176
208 174
161 5
99 175
247 214
93 237
164 230
211 136
129 241
150 185
144 62
172 45
254 161
155 78
214 8
240 162
32 90
189 68
226 165
15 162
38 236
170 214
58 142
44 171
78 201
67 67
30 226
215 13
22 130
42 86
218 19
253 128
112 61
95 243
177 53
187 65
34 167
34 123
131 230
100 80
39 239
173 209
80 204
187 148
89 34
248 161
84 97
194 183
163 22
159 173
184 193
43 4
95 9
146 66
43 253
39 17
235 163
24 164
71 63
221 167
15 40
242 127
244 95
21 37
128 4
140 202
230 222
76 198
123 37
228 91
135 42
54 178
182 104
197 142
43 85
0 161
104 181
249 214
40 13
166 225
190 187
249 42
239 94
58 180
215 170
3 161
95 243
90 32
161 11
27 92
11 41
131 230
216 169
4 161
83 47
80 204
69 108
34 167
185 63
228 224
10 41
214 246
223 228
7 161
11 128
233 36
66 110
43 253
205 117
169 217
214 9
223 124
35 89
216 15
14 129
208 173
37 235
128 5
254 161
170 215
24 126
162 17
92 89
67 188
166 30
242 94
200 77
255 128
95 0
222 25
227 91
215 243
90 91
94 15
179 199
222 230
237 218
86 215
195 113
210 83
251 214
44 136
225 29
133 35
131 231
176 100
203 139
254 43
21 219
36 233
34 167
185 64
228 224
72 194
73 61
223 228
16 39
213 253
9 161
234 219
48 82
5 95
93 235
182 60
41 11
95 86
186 191
14 129
220 232
251 161
87 39
95 253
79 101
198 180
17 94
163 168
95 12
79 54
35 25
77 56
255 128
95 0
222 25
249 214
134 216
226 30
162 241
22 130
222 230
56 115
128 253
3 161
232 221
127 240
213 120
29 31
244 215
25 92
87 216
139 53
128 250
80 203
148 69
89 34
137 209
36 168
194 184
195 74
33 28
95 7
36 88
161 247
248 161
48 82
194 183
99 174
28 125
41 11
28 224
136 46
42 5
233 36
21 37
46 84
253 161
41 170
8 42
191 70
168 93
188 190
79 54
84 211
236 218
85 212
161 0
212 85
29 165
68 67
91 226
243 215
91 228
179 103
255 95
86 215
38 20
46 172
166 225
11 95
27 91
70 192
42 8
170 40
53 117
6 128
111 64
174 208
222 89
185 64
24 92
225 132
195 74
158 174
39 240
253 43
206 175
234 220
219 88
217 239
234 163
182 60
132 224
35 89
119 210
42 5
23 220
63 111
128 5
95 253
34 230
248 214
12 215
33 90
187 190
6 214
45 84
38 236
44 85
141 199
16 94
91 29
94 242
166 165
122 217
21 130
85 213
1 161
128 2
236 38
13 94
79 203
14 216
31 227
35 123
75 58
170 40
53 116
39 87
192 111
95 245
205 175
247 161
32 228
184 62
42 9
168 38
184 194
128 10
50 81
205 81
3 43
50 138
158 82
233 93
20 93
231 92
161 247
129 243
208 174
251 161
87 39
196 182
93 237
42 248
94 239
227 31
66 187
31 90
14 162
143 60
170 214
199 180
162 16
56 77
39 134
226 165
15 162
200 77
171 43
180 198
128 254
236 38
84 46
250 214
216 242
227 225
221 133
130 231
93 19
18 39
173 210
64 145
149 70
127 243
64 71
32 228
236 93
131 228
93 22
239 217
207 82
248 95
248 161
128 247
95 250
82 98
42 247
11 215
35 89
64 185
252 42
186 107
203 79
39 169
39 18
177 155
214 8
215 244
163 168
161 244
6 214
35 24
178 201
213 1
76 198
222 25
235 130
13 215
226 30
14 162
214 249
231 34
180 198
1 213
95 2
84 46
202 177
40 14
225 29
220 133
248 42
215 170
140 53
43 2
63 145
23 36
4 42
40 15
228 224
32 124
247 42
27 223
239 217
213 253
147 189
109 189
128 246
17 217
168 218
182 61
184 193
89 220
241 216
51 175
186 107
161 5
39 169
182 60
26 33
214 8
123 35
27 165
66 187
177 202
14 162
236 218
41 170
180 58
162 17
228 91
134 217
165 226
39 122
126 21
162 240
141 57
171 212
178 55
46 172
90 31
216 242
165 28
215 12
26 92
93 19
196 74
87 217
219 235
48 174
80 205
40 15
171 160
215 11
182 196
82 158
183 194
82 49
190 109
8 95
128 10
206 118
168 218
182 61
20 93
36 88
64 185
175 205
220 233
64 111
6 128
4 95
177 156
130 25
244 41
88 163
245 95
214 250
105 73
161 3
128 254
141 200
180 153
91 28
94 241
91 30
68 189
249 42
162 240
115 199
214 170
196 113
232 221
42 250
42 135
28 91
191 186
248 42
162 237
3 161
213 254
193 111
36 233
204 176
70 192
32 228
193 184
196 74
174 99
62 183
3 213
95 8
206 81
3 43
184 62
88 38
227 131
163 20
85 160
71 64
175 205
174 49
161 6
173 47
139 203
170 216
92 25
18 94
165 229
66 187
16 129
84 210
55 178
86 41
19 218
153 77
77 200
39 134
226 91
67 68
126 20
240 94
57 180
0 43
56 77
182 151
177 54
67 68
224 90
94 17
126 24
86 215
202 140
213 254
79 203
23 36
223 89
241 40
29 32
63 72
131 228
87 217
250 95
174 208
110 66
147 67
3 43
207 118
98 173
22 163
132 225
88 220
40 240
34 89
10 161
80 52
43 254
252 161
223 27
59 75
192 71
162 169
15 40
79 53
221 232
95 253
44 84
38 19
222 26
214 7
215 243
91 30
122 216
227 165
85 212
57 180
214 170
56 77
84 45
6 42
242 40
168 163
123 220
42 8
94 19
161 253
43 2
37 21
208 83
129 14
40 15
161 86
41 245
182 196
87 217
5 161
43 3
37 22
36 233
128 246
118 49
33 228
131 29
21 93
36 88
216 16
222 167
233 36
145 64
47 83
60 74
223 27
125 231
192 71
92 27
212 136
53 177
210 173
218 20
86 41
95 255
77 102
22 126
13 215
91 29
40 122
20 130
44 85
142 58
1 128
236 38
14 94
30 166
242 40
32 166
215 12
76 58
34 26
2 161
128 5
161 252
24 36
176 52
65 70
170 161
193 185
24 92
163 235
39 239
82 48
7 161
147 68
4 43
138 207
83 97
227 131
215 246
96 84
216 16
4 214
233 36
95 250
213 2
74 196
33 229
247 214
192 71
222 167
120 212
90 224
83 210
20 37
45 84
95 255
214 85
57 77
15 94
90 225
67 68
178 201
231 35
142 58
213 85
77 200
211 84
6 42
68 189
164 89
37 123
23 130
42 86
54 116
172 210
144 194
71 107
52 80
186 65
89 35
71 193
196 74
169 39
73 61
48 174
95 7
9 95
4 43
249 161
23 93
131 30
194 73
228 32
8 161
252 42
95 10
22 37
213 2
39 17
176 156
92 25
11 215
169 94
191 69
177 203
161 243
3 95
1 43
115 56
214 86
249 214
187 190
225 166
243 94
178 201
171 44
58 114
43 171
142 197
231 221
226 91
95 243
225 30
41 244
180 199
101 78
197 75
213 255
112 62
173 209
223 90
70 191
170 161
63 71
164 24
81 157
95 5
208 83
22 219
220 23
128 11
118 48
23 93
234 93
183 194
159 172
63 185
221 167
148 187
22 37
128 249
139 204
169 216
164 232
123 34
162 169
245 95
224 166
150 184
4 95
84 211
201 115
170 214
22 126
218 122
30 225
216 14
29 91
162 241
237 218
42 85
161 255
45 172
201 178
68 189
32 166
69 190
126 23
178 102
238 217
255 43
252 95
83 47
204 176
40 15
161 86
222 132
247 42
99 81
161 251
173 208
80 204
68 108
43 252
240 40
233 163
22 163
132 226
164 232
161 248
127 12
49 82
219 22
213 2
251 161
27 33
42 247
245 41
170 94
120 212
251 42
184 106
177 202
45 84
201 116
86 42
126 233
12 215
167 92
215 135
19 129
35 25
161 1
0 128
218 236
25 35
6 42
242 40
165 29
66 69
214 248
18 162
161 254
87 216
54 79
221 24
42 251
70 191
92 230
245 215
75 59
157 175
217 17
218 168
80 204
148 68
175 50
184 63
164 23
124 226
10 215
168 37
63 184
175 206
82 207
7 95
128 248
17 217
81 99
164 232
71 64
29 225
136 45
80 52
209 173
62 112
4 128
197 181
170 214
23 126
37 134
89 164
40 242
42 6
45 84
200 77
128 0
161 255
94 241
165 226
94 243
29 91
41 243
229 164
94 18
18 38
45 172
202 178
35 232
127 241
15 216
29 31
11 41
164 24
156 175
161 251
43 2
37 22
161 10
252 214
161 8
172 159
73 194
132 226
233 93
161 249
81 50
108 68
65 110
208 173
161 5
93 235
27 125
192 71
29 224
216 15
90 224
71 150
235 219
45 84
197 181
94 238
199 180
133 219
90 224
188 189
226 165
221 231
179 200
0 128
19 218
35 231
250 214
162 13
225 90
38 122
229 165
238 94
55 115
172 211
54 78
209 83
224 90
40 15
34 167
11 41
92 232
100 80
182 195
249 128
52 80
220 23
4 42
71 193
164 24
183 62
183 195
88 219
193 72
89 221
175 50
161 7
253 213
39 17
223 27
232 92
193 71
224 227
216 15
129 241
24 221
144 62
128 4
254 161
238 162
233 130
133 219
167 92
41 121
54 178
15 162
59 114
170 214
255 95
152 75
6 42
216 243
226 226
66 69
229 165
214 170
1 161
253 128
178 54
95 243
240 129
65 69
31 227
18 162
92 231
40 87
61 182
128 7
161 250
148 69
175 50
208 119
168 220
41 246
246 42
224 228
161 249
252 43
161 247
37 234
253 213
195 183
175 157
247 214
19 93
29 224
15 40
251 42
24 220
144 62
252 128
254 161
170 215
233 130
12 215
89 164
243 95
202 78
74 152
161 2
214 86
38 19
75 104
78 201
243 40
31 166
162 241
234 126
42 85
200 141
255 43
253 95
35 232
32 166
95 245
92 229
64 71
231 164
156 176
74 60
47 173
161 250
36 233
4 42
16 216
168 220
225 132
234 163
32 28
184 193
206 82
68 147
66 110
128 248
205 117
163 21
92 24
71 63
170 95
136 45
214 251
185 107
235 219
2 43
238 39
86 41
24 126
219 123
28 165
244 95
18 129
231 35
236 218
85 213
179 57
44 171
178 55
13 215
165 90
69 190
234 126
222 230
95 1
128 253
3 161
173 210
5 42
190 187
227 225
123 221
25 131
236 93
74 60
47 173
52 80
108 187
12 127
240 40
228 224
31 124
195 73
98 83
184 194
3 213
189 109
22 37
128 247
239 39
157 81
214 9
63 184
167 35
120 210
90 223
11 161
203 79
172 46
197 181
41 170
126 232
162 17
93 88
188 189
226 166
35 25
38 236
86 42
161 0
76 103
55 78
189 68
165 30
243 215
42 7
26 222
255 95
44 172
195 113
162 13
166 225
216 242
229 164
186 64
131 231
223 229
117 203
87 218
53 80
246 161
81 205
16 216
168 220
72 194
163 22
163 233
7 161
246 128
247 95
51 175
82 208
138 206
217 87
233 93
245 41
85 161
95 9
167 33
107 70
251 161
5 128
253 161
215 86
180 58
239 162
29 225
188 190
42 6
105 74
196 143
213 0
237 38
153 76
42 249
242 162
31 166
94 15
130 235
222 230
198 76
213 255
236 38
94 243
79 203
187 66
169 162
186 64
181 197
163 236
196 74
250 128
176 53
23 36
175 51
240 40
32 228
62 72
214 246
158 174
207 138
128 246
109 67
161 8
213 3
6 95
82 98
131 28
224 124
171 95
192 70
52 176
161 245
161 5
43 254
39 18
237 162
164 230
244 41
29 225
216 14
79 54
45 84
254 161
2 128
57 76
240 162
126 236
189 68
30 30
243 215
91 228
162 239
180 198
41 86
143 196
46 172
79 203
242 40
168 163
35 123
25 92
40 86
53 116
213 254
111 64
208 82
4 42
185 64
164 25
184 62
74 61
174 98
17 39
36 88
50 81
220 22
213 3
6 95
93 234
74 196
184 193
224 228
64 185
243 127
220 233
193 145
173 46
202 116
155 79
58 76
94 239
163 168
135 43
54 177
14 162
178 201
2 128
95 0
231 222
7 42
67 188
30 166
241 94
28 91
94 17
218 19
85 44
218 236
14 94
239 129
216 242
229 165
215 12
180 198
177 100
203 140
128 250
161 251
149 70
129 13
192 185
164 25
11 41
93 233
223 229
39 239
213 253
36 22
36 234
207 174
217 239
223 27
214 9
93 236
85 160
46 119
51 176
82 208
21 37
169 217
60 74
41 170
164 230
36 133
93 88
213 135
90 225
162 242
38 236
2 128
38 19
153 76
200 179
68 67
226 91
134 39
91 228
94 16
218 19
85 44
113 60
221 24
79 202
43 135
33 166
123 220
130 232
222 230
60 182
128 6
5 161
208 82
205 176
192 185
228 224
20 163
74 60
27 223
217 17
174 207
109 67
81 51
82 207
72 194
174 158
74 195
224 124
28 224
95 9
4 214
82 208
95 251
169 217
203 116
237 163
130 25
133 221
229 91
69 66
129 239
221 232
143 60
255 213
180 58
94 239
165 228
188 189
226 91
189 188
165 28
162 240
19 38
44 171
143 196
242 162
6 42
213 121
29 31
186 65
76 58
19 163
182 196
210 83
5 161
23 36
223 89
192 185
164 25
20 163
214 247
158 174
250 95
128 9
8 161
220 22
253 213
50 138
174 158
227 131
194 72
171 96
9 161
252 42
48 82
219 21
209 173
252 161
33 230
25 126
64 186
91 27
43 121
250 42
84 210
196 143
213 1
58 76
222 25
130 21
41 13
226 30
216 134
56 179
240 94
0 161
43 0
200 178
14 94
79 202
242 40
223 90
220 133
214 248
86 215
18 39
217 169
21 219
107 186
33 167
70 192
224 28
72 193
74 60
87 218
183 194
168 37
22 219
234 220
43 253
194 184
88 38
195 182
246 41
96 85
161 248
243 127
10 161
192 145
213 2
161 4
229 223
75 197
244 41
29 225
245 95
16 129
183 105
38 236
86 41
95 255
77 103
28 165
13 215
90 225
134 40
165 29
231 34
237 218
0 213
143 196
84 45
90 30
161 12
165 28
41 244
24 130
215 170
161 253
254 43
145 193
186 149
42 251
241 40
171 161
236 93
247 42
99 82
73 62
128 247
205 175
50 175
220 88
62 72
163 23
61 73
215 246
92 24
137 47
34 89
148 187
111 192
43 254
4 95
87 40
181 59
35 133
27 164
15 40
203 79
210 173
195 143
1 43
76 198
171 213
165 228
241 162
226 226
94 14
178 201
171 44
95 0
86 214
200 179
172 211
177 54
121 42
227 225
215 12
230 164
78 155
54 116
172 210
203 177
48 173
214 5
216 241
164 25
184 63
131 229
27 223
118 205
247 128
146 190
175 206
213 3
49 138
219 88
163 234
41 10
84 160
95 8
252 42
36 23
64 111
249 128
95 252
176 156
8 42
12 215
34 89
69 66
203 79
173 46
38 236
215 86
56 141
179 154
199 179
66 187
29 165
68 189
227 165
75 153
0 95
255 128
38 20
221 25
250 214
14 216
165 28
244 215
42 8
222 230
116 202
5 128
63 144
220 24
242 129
241 40
161 86
93 19
60 182
87 217
51 117
213 253
7 161
95 247
206 174
138 207
93 233
125 227
215 246
36 88
8 161
167 34
187 108
95 250
128 7
161 4
27 33
247 214
222 123
89 222
136 44
42 5
72 150
37 236
213 1
1 95
222 26
249 214
94 241
31 90
243 216
29 91
181 104
161 0
43 0
197 114
74 104
6 42
135 214
225 30
123 219
130 233
78 155
202 140
46 172
4 161
47 173
176 52
45 136
89 35
215 11
60 182
27 223
183 195
253 43
205 176
147 68
128 245
16 217
168 219
131 30
93 235
28 224
71 63
127 12
23 220
176 204
88 38
239 39
20 93
26 125
185 192
94 87
216 15
53 177
72 150
236 219
170 216
95 255
86 42
229 91
13 215
91 90
14 40
19 129
162 241
57 179
43 0
197 114
104 182
42 250
188 67
31 226
191 187
76 57
26 222
18 39
87 216
194 112
12 95
90 33
241 40
32 227
19 162
232 164
99 81
39 239
3 213
146 191
220 23
213 4
39 16
168 219
214 10
30 132
92 24
48 119
175 206
49 82
146 65
38 168
52 139
223 27
59 75
185 192
92 26
70 65
224 166
209 173
37 235
213 1
201 115
77 102
126 234
38 134
164 167
94 13
201 78
162 241
237 218
0 43
114 59
35 231
165 226
189 188
89 92
41 244
8 214
154 178
238 217
255 43
235 37
209 83
90 32
65 70
86 95
11 41
9 214
223 229
17 39
43 3
204 176
188 148
221 89
16 216
233 163
183 61
124 30
164 232
72 63
175 206
233 36
161 7
38 168
39 17
21 93
164 232
192 71
89 222
246 95
90 224
35 24
177 202
45 84
75 197
170 214
76 199
219 122
31 30
189 68
55 178
241 94
142 58
128 0
56 77
75 104
165 226
242 40
225 30
41 244
248 42
178 102
161 254
4 128
79 202
95 244
251 214
186 65
225 29
19 162
42 9
169 39
52 117
208 83
95 7
207 82
81 206
216 240
84 97
73 194
226 124
168 37
119 208
167 35
207 174
65 110
173 48
52 139
99 175
24 164
133 222
89 222
161 246
241 127
12 161
219 21
4 128
18 217
162 18
27 164
94 240
92 89
13 161
6 214
231 35
197 142
128 0
237 38
75 104
237 129
216 242
30 31
134 38
199 77
102 78
55 115
255 43
95 4
35 232
241 129
136 212
87 94
41 245
59 181
163 235
5 161
38 88
146 191
23 36
214 4
72 193
168 219
215 10
163 22
28 224
40 240
206 81
36 23
110 191
208 173
161 5
169 217
247 214
71 64
167 34
70 65
176 204
185 106
161 4
84 211
217 238
154 78
8 42
162 16
32 90
41 121
237 127
152 182
200 77
43 0
57 77
181 152
237 129
243 162
31 166
94 16
27 91
94 18
198 75
170 40
20 219
161 13
80 203
161 11
167 222
238 94
9 214
40 87
139 52
38 88
250 95
95 246
244 129
248 161
159 84
215 10
195 73
159 173
193 72
213 252
247 95
7 95
253 213
217 239
217 87
125 229
185 193
95 86
246 95
127 15
185 106
219 21
87 40
55 140
162 18
76 199
65 187
89 164
41 121
127 18
152 182
218 20
42 170
255 95
162 15
250 214
121 41
166 165
190 187
22 130
214 170
198 75
170 40
195 112
13 95
224 90
212 120
229 164
133 34
42 9
27 223
61 182
47 173
22 219
187 148
12 127
48 137
224 28
21 163
234 163
83 159
118 207
128 11
220 233
234 219
253 213
195 183
99 175
196 182
71 63
164 230
95 10
204 80
47 83
37 235
210 172
2 95
238 162
233 130
94 240
164 167
161 243
18 129
94 15
236 218
213 0
218 237
16 94
126 236
216 121
226 226
190 187
214 249
222 230
95 1
43 1
236 37
46 173
42 251
120 44
225 29
71 192
164 25
27 223
204 139
209 83
111 64
36 233
214 4
47 137
24 92
225 132
29 131
233 93
118 207
82 50
50 81
190 146
174 48
251 161
235 163
42 247
19 93
170 95
191 70
251 42
209 173
202 79
128 5
202 116
26 34
92 26
123 37
32 90
242 216
127 18
94 14
254 161
43 85
199 179
44 171
214 7
134 216
165 29
243 215
199 77
154 179
19 38
255 43
161 253
173 210
53 79
69 190
29 31
94 18
59 181
163 236
117 204
254 43
250 95
233 220
167 222
95 248
84 96
225 132
227 125
98 83
184 194
3 213
36 22
190 146
37 168
51 138
169 217
196 182
237 163
164 231
10 161
14 129
173 48
144 63
217 87
116 54
162 19
198 180
244 41
90 224
42 121
90 226
151 182
236 218
213 0
199 180
180 153
126 236
40 134
166 165
38 122
249 42
85 213
180 198
43 1
143 195
72 106
251 214
43 136
229 164
186 64
25 92
93 20
252 95
87 218
145 192
95 246
252 214
64 71
228 224
124 225
61 183
83 158
7 161
10 128
189 109
110 190
168 219
183 62
223 27
163 233
33 132
32 28
192 70
52 176
36 23
53 177
254 213
161 3
79 101
26 164
186 191
91 28
12 161
127 18
242 94
20 38
214 86
199 114
222 25
20 126
40 134
165 30
15 162
228 165
94 17
180 198
41 86
55 78
35 232
90 31
40 14
29 31
123 221
59 181
223 229
217 18
169 38
64 145
233 220
51 81
40 16
88 36
62 72
163 22
98 82
39 240
88 220
175 50
95 248
207 174
217 239
234 163
182 60
224 124
167 35
137 46
14 129
36 23
5 95
128 251
140 202
79 101
58 76
70 65
93 88
161 244
42 6
73 151
113 196
43 0
57 76
231 222
249 214
242 162
166 226
67 68
228 165
43 85
115 200
43 1
113 60
232 221
42 250
121 43
91 229
18 162
42 8
236 93
161 253
39 87
53 79
48 174
214 4
240 40
231 164
194 184
227 125
163 234
118 206
36 88
220 234
234 220
220 88
239 39
158 82
28 125
224 124
221 167
40 241
127 14
149 186
161 5
217 87
217 238
41 170
232 130
70 65
223 166
14 40
250 42
242 94
95 254
254 128
115 57
76 103
235 130
134 217
226 226
189 188
235 126
34 25
218 19
1 213
196 113
24 35
31 166
69 190
227 225
221 133
248 42
79 156
203 140
250 128
79 203
11 95
252 214
192 185
28 32
193 184
228 125
82 158
6 161
128 246
205 175
8 95
128 247
138 206
82 98
182 60
163 20
160 171
137 46
205 80
95 11
161 5
169 217
3 95
215 86
26 164
94 239
91 27
40 242
239 127
73 151
236 218
128 2
38 19
231 222
200 179
188 189
30 30
14 162
77 56
85 213
218 19
86 215
236 38
210 84
6 42
242 40
225 29
12 41
248 42
237 93
253 95
173 210
203 177
186 149
34 167
192 185
96 171
132 32
163 23
27 223
62 183
213 253
22 220
67 109
128 246
194 184
22 93
228 131
11 215
85 160
241 216
175 205
186 107
219 21
39 169
39 18
223 26
92 25
244 41
31 29
43 121
31 90
84 210
218 20
171 44
161 1
34 231
56 77
134 217
30 226
243 215
200 77
85 213
0 95
170 42
55 78
221 24
6 42
135 213
165 28
12 41
26 92
86 215
202 140
39 87
111 63
36 233
214 5
46 137
89 35
215 11
247 42
87 218
17 39
253 43
147 190
220 22
43 253
161 6
82 98
42 246
163 20
231 92
161 247
34 89
70 149
203 79
39 169
161 3
156 79
8 42
41 12
225 227
69 66
127 17
73 151
38 236
171 44
180 58
103 180
165 228
15 94
226 166
243 215
179 200
25 222
95 0
214 170
113 60
183 151
54 79
214 121
166 223
244 215
232 126
26 222
39 238
169 39
53 79
173 208
204 176
95 247
171 161
193 184
125 28
33 27
62 183
128 9
220 234
95 248
253 213
250 161
22 93
29 125
31 132
171 96
47 119
42 4
10 161
176 203
43 254
196 182
86 40
181 59
12 215
169 94
242 216
42 5
94 13
113 195
86 41
38 19
26 34
7 42
190 68
226 91
122 216
56 178
85 212
199 142
170 42
20 218
74 105
79 202
242 40
91 228
162 239
42 8
26 222
181 197
87 217
111 63
245 161
204 176
247 161
231 164
20 163
196 74
234 93
250 95
174 208
51 81
220 22
128 10
49 138
218 88
183 61
163 21
168 36
71 64
81 51
10 161
37 235
83 209
139 203
223 27
25 125
35 133
223 167
245 95
177 203
46 83
253 161
41 170
218 237
230 222
126 234
215 243
30 165
94 14
29 91
16 162
57 180
213 0
20 218
182 151
238 129
121 42
163 88
162 239
130 232
94 19
253 95
128 251
161 251
95 244
166 223
210 120
231 164
72 193
214 247
93 21
51 118
174 208
146 190
189 147
82 207
118 49
173 158
246 214
31 132
228 32
185 192
167 34
233 36
37 235
254 213
17 217
229 223
25 164
71 64
164 229
190 69
16 129
221 232
218 20
213 1
115 56
230 222
22 126
215 243
91 29
122 216
130 236
181 103
77 57
171 213
236 38
105 182
166 226
42 135
89 92
12 41
214 248
170 41
140 54
251 128
193 112
12 95
214 5
70 191
95 170
237 93
229 125
39 87
73 61
248 128
51 80
175 206
89 35
207 118
173 159
29 125
235 163
164 232
8 161
175 205
148 187
250 161
209 173
39 17
27 33
26 125
34 133
31 29
216 15
166 32
72 150
37 236
213 1
180 58
26 34
57 77
190 69
91 29
188 67
165 29
75 152
218 19
86 214
236 38
162 15
250 214
135 214
228 165
69 191
42 8
170 41
254 95
210 84
161 252
209 83
251 214
70 191
164 26
124 223
24 92
27 223
217 17
48 174
66 146
9 95
128 11
72 193
163 23
22 163
31 132
228 32
16 40
81 50
187 108
219 22
128 249
182 61
216 87
92 25
215 245
27 164
15 40
79 53
209 173
236 219
45 84
38 19
102 179
214 7
122 38
226 30
41 121
91 227
94 15
19 38
85 43
1 161
241 162
127 238
95 243
226 225
191 187
199 76
170 42
197 75
213 255
4 161
150 71
90 33
70 191
170 161
93 19
24 92
229 33
239 217
208 82
80 204
220 23
167 221
208 118
88 37
183 61
226 124
164 232
185 193
89 221
187 108
52 176
88 38
217 239
40 169
181 59
192 71
222 167
212 136
5 214
72 150
252 161
40 170
198 181
238 162
77 199
13 215
226 31
121 215
214 250
104 75
142 58
0 213
59 142
152 74
127 237
95 243
32 166
134 37
233 126
230 34
95 2
169 40
37 21
232 221
204 176
161 10
89 34
132 34
59 181
27 223
5 161
83 48
110 65
233 220
128 11
16 216
28 32
226 132
183 194
219 168
184 193
167 35
220 233
204 80
43 254
52 139
33 229
214 9
237 162
34 89
95 10
5 214
95 12
194 144
87 40
197 181
26 34
27 164
16 94
225 166
68 67
129 237
231 35
200 77
128 0
95 1
162 15
226 91
13 95
164 89
94 16
199 76
222 230
161 254
128 4
194 112
12 95
5 42
40 15
164 26
222 133
181 197
229 33
95 5
168 38
146 191
108 188
50 81
184 63
224 28
10 41
246 41
28 224
95 7
175 206
161 247
22 37
88 38
117 52
81 99
26 125
34 133
89 222
15 40
224 166
95 12
95 252
1 43
95 254
26 34
199 180
16 94
167 92
215 135
214 250
104 75
38 236
85 43
161 255
162 15
201 178
188 67
227 165
219 134
126 23
162 238
2 161
172 211
95 4
150 72
251 214
15 216
222 89
245 215
197 75
157 175
139 52
43 2
37 22
220 23
214 4
119 48
28 32
21 163
132 226
159 173
240 216
4 213
206 174
7 95
208 173
239 39
223 27
59 75
245 41
230 92
95 10
52 176
244 95
252 161
40 169
197 181
238 162
23 126
240 162
32 90
95 13
214 250
15 162
114 197
171 214
95 1
104 181
19 127
189 188
227 165
122 218
214 249
77 154
18 38
84 45
78 202
13 95
166 224
136 212
222 89
123 222
131 230
100 80
195 74
173 209
110 65
187 148
252 214
48 137
37 168
132 30
10 214
228 32
249 95
43 4
50 81
234 219
168 219
239 39
169 217
229 131
193 71
86 161
211 136
5 214
150 185
177 202
252 128
55 140
94 238
248 214
133 219
92 89
161 243
238 127
221 231
197 142
171 43
77 199
15 94
6 42
189 67
166 165
134 38
22 130
26 222
56 115
170 40
161 253
72 106
16 127
245 161
167 222
71 192
197 75
80 156
17 39
218 168
111 65
161 10
35 167
216 240
228 224
31 124
42 10
173 97
118 207
11 128
36 23
110 190
208 174
61 73
229 223
74 196
93 237
224 227
136 45
33 90
173 47
194 144
4 128
161 2
155 78
92 26
191 69
225 226
216 14
250 42
104 74
95 254
42 170
237 38
35 231
249 214
216 243
226 30
243 215
126 22
17 162
76 58
128 253
195 112
150 72
42 251
190 187
92 229
245 215
9 214
87 216
204 139
173 209
80 204
246 161
167 222
137 209
168 220
73 194
42 10
173 97
138 49
252 43
23 220
161 7
253 213
5 95
169 217
164 232
132 223
224 227
40 241
204 80
95 12
193 144
128 5
202 116
34 230
76 198
37 133
225 226
242 216
30 90
45 84
77 56
43 0
57 77
44 171
78 201
13 215
227 165
215 13
77 57
230 34
180 198
128 253
161 253
106 184
177 53
187 66
164 27
244 215
231 164
223 229
196 74
83 47
80 204
108 187
222 89
64 71
32 228
72 194
214 246
158 173
138 49
49 174
234 36
81 51
128 247
73 195
223 27
214 9
245 41
35 89
210 136
14 129
36 24
235 219
169 217
197 181
222 26
214 8
239 162
165 228
68 67
250 42
105 74
161 2
255 128
199 114
162 16
201 178
188 189
226 30
66 69
91 228
94 17
56 115
170 41
3 161
35 232
16 127
190 187
223 89
35 123
59 181
236 93
74 60
128 6
21 219
174 207
127 243
47 137
220 88
225 132
29 131
38 88
207 138
174 207
22 220
22 37
219 88
73 194
234 163
9 42
132 223
224 228
186 192
5 214
70 149
203 79
213 2
54 140
237 162
248 214
162 17
225 227
14 40
129 238
84 211
161 2
43 0
19 218
162 16
165 227
122 40
165 30
41 243
130 235
85 213
161 255
44 172
201 178
172 210
214 5
242 40
31 227
70 192
248 42
176 100
95 4
209 83
161 250
49 174
81 205
47 137
168 220
236 93
61 182
218 168
95 6
207 82
161 248
95 248
128 247
206 118
27 33
28 125
163 20
231 92
95 9
42 5
95 11
53 177
128 5
116 54
222 26
58 76
215 244
91 28
14 40
129 239
94 14
113 196
255 128
0 95
231 222
77 200
67 188
90 30
15 162
214 249
76 153
198 76
254 128
178 55
24 35
17 127
121 43
227 225
238 94
130 231
223 230
196 74
213 254
37 21
149 70
4 42
216 240
160 85
163 236
42 10
234 93
161 250
3 213
95 8
147 66
213 3
250 161
174 158
247 214
20 93
224 228
9 161
223 167
233 36
5 95
254 213
95 253
34 230
58 76
220 123
88 163
12 161
202 79
73 151
78 55
42 170
141 199
171 213
200 179
188 189
226 226
13 41
42 7
171 43
58 180
41 86
20 218
210 84
31 166
190 187
163 88
65 70
92 231
215 170
182 196
128 6
203 177
82 48
205 175
9 95
28 32
20 163
214 247
168 38
250 95
253 43
205 175
95 248
207 174
239 39
174 158
233 93
184 193
224 228
137 46
214 252
48 82
37 235
43 254
39 18
41 170
42 248
244 41
163 168
242 216
54 177
24 221
55 178
215 86
218 237
171 213
165 228
189 68
226 165
189 188
235 126
76 153
180 198
86 215
218 236
162 14
31 166
244 161
168 163
123 220
214 248
230 34
217 18
46 173
