0
0
0
0
0
0
0
0
0
0
0
0
0
0
0
0
0
0
0
0
0
0
0
0
0
0
0
0
0
0
0
0
0
0
0
0
0
0
0
0
0
0
0
0
0
0
0
0
0
0
0
0
0
0
0
0
0
0
0
0
0
0
0
0
0
0
0
0
0
0
0
0
0
0
0
0
0
0
0
0
0
0
0
0
0
0
0
0
0
0
0
0
0
0
0
0
0
0
0
0
0
0
0
0
0
0
0
0
0
0
0
0
0
0
0
0
0
0
0
0
0
0
0
0
0
0
0
0
0
0
0
0
0
0
0
0
0
0
0
0
0
0
0
0
0
0
0
0
0
0
0
0
0
0
0
0
0
0
0
0
0
0
0
0
0
0
0
0
0
0
0
0
0
0
0
0
0
0
0
0
0
0
0
0
0
0
0
0
0
0
0
0
0
0
0
0
0
0
0
0
0
0
0
0
0
0
0
0
0
0
0
0
0
0
0
0
0
0
0
0
0
0
0
0
0
0
0
0
0
0
0
0
0
0
0
0
0
0
0
0
0
0
0
0
0
0
0
0
0
0
0
0
0
0
0
0
0
12868
18140
20464
21722
22502
23030
23411
23698
23923
24103
24251
24374
24478
24568
24645
24713
24773
24827
24874
24917
24956
24992
25024
25054
25081
25106
25129
25151
25171
25190
25208
25224
25240
25254
25268
25281
25293
25305
25316
25326
25336
25346
25355
25364
25372
25380
25387
25395
25402
25408
25415
25421
25427
25433
25438
25443
25449
25453
25458
25463
25467
25472
25476
25480
25484
25488
25491
25495
25498
25502
25505
25508
25512
25515
25517
25520
25523
25526
25529
25531
25534
25536
25539
25541
25543
25545
25548
25550
25552
25554
25556
25558
25560
25562
25563
25565
25567
25569
25570
25572
25574
25575
25577
25578
25580
25581
25583
25584
25586
25587
25588
25590
25591
25592
25593
25595
25596
25597
25598
25599
25601
25602
25603
25604
25605
25606
25607
25607
25607
25606
25605
25604
25603
25602
25601
25599
25598
25597
25596
25595
25593
25592
25591
25590
25588
25587
25586
25584
25583
25581
25580
25578
25577
25575
25574
25572
25570
25569
25567
25565
25563
25562
25560
25558
25556
25554
25552
25550
25548
25545
25543
25541
25539
25536
25534
25531
25529
25526
25523
25520
25517
25515
25512
25508
25505
25502
25498
25495
25491
25488
25484
25480
25476
25472
25467
25463
25458
25453
25449
25443
25438
25433
25427
25421
25415
25408
25402
25395
25387
25380
25372
25364
25355
25346
25336
25326
25316
25305
25293
25281
25268
25254
25240
25224
25208
25190
25171
25151
25129
25106
25081
25054
25024
24992
24956
24917
24874
24827
24773
24713
24645
24568
24478
24374
24251
24103
23923
23698
23411
23030
22502
21722
20464
18140
12868
0
7596
12868
16102
18140
19502
20464
21176
21722
22153
22502
22789
23030
23235
23411
23564
23698
23817
23923
24018
24103
24180
24251
24315
24374
24428
24478
24525
24568
24608
24645
24680
24713
24744
24773
24801
24827
24851
24874
24896
24917
24937
24956
24974
24992
25008
25024
25039
25054
25068
25081
25094
25106
25118
25129
25140
25151
25161
25171
25181
25190
25199
25208
25216
25224
25232
25240
25247
25254
25261
25268
25275
25281
25287
25293
25299
25305
25310
25316
25321
25326
25331
25336
25341
25346
25350
25355
25359
25364
25368
25372
25376
25380
25384
25387
25391
25395
25398
25402
25405
25408
25412
25415
25418
25421
25424
25427
25430
25433
25435
25438
25441
25443
25446
25449
25451
25453
25456
25458
25461
25463
25465
25467
25470
25472
25474
25476
25478
25478
25478
25476
25474
25472
25470
25467
25465
25463
25461
25458
25456
25453
25451
25449
25446
25443
25441
25438
25435
25433
25430
25427
25424
25421
25418
25415
25412
25408
25405
25402
25398
25395
25391
25387
25384
25380
25376
25372
25368
25364
25359
25355
25350
25346
25341
25336
25331
25326
25321
25316
25310
25305
25299
25293
25287
25281
25275
25268
25261
25254
25247
25240
25232
25224
25216
25208
25199
25190
25181
25171
25161
25151
25140
25129
25118
25106
25094
25081
25068
25054
25039
25024
25008
24992
24974
24956
24937
24917
24896
24874
24851
24827
24801
24773
24744
24713
24680
24645
24608
24568
24525
24478
24428
24374
24315
24251
24180
24103
24018
23923
23817
23698
23564
23411
23235
23030
22789
22502
22153
21722
21176
20464
19502
18140
16102
12868
7596
0
5272
9634
12868
15193
16882
18140
19102
19858
20464
20961
21374
21722
22020
22277
22502
22699
22874
23030
23170
23297
23411
23515
23611
23698
23779
23854
23923
23987
24047
24103
24155
24204
24251
24294
24335
24374
24410
24445
24478
24509
24539
24568
24595
24621
24645
24669
24692
24713
24734
24754
24773
24792
24810
24827
24843
24859
24874
24889
24904
24917
24931
24944
24956
24968
24980
24992
25003
25014
25024
25034
25044
25054
25063
25072
25081
25090
25098
25106
25114
25122
25129
25137
25144
25151
25158
25165
25171
25178
25184
25190
25196
25202
25208
25213
25219
25224
25229
25235
25240
25245
25249
25254
25259
25263
25268
25272
25277
25281
25285
25289
25293
25297
25301
25305
25309
25312
25316
25319
25323
25326
25330
25333
25336
25340
25343
25346
25349
25349
25349
25346
25343
25340
25336
25333
25330
25326
25323
25319
25316
25312
25309
25305
25301
25297
25293
25289
25285
25281
25277
25272
25268
25263
25259
25254
25249
25245
25240
25235
25229
25224
25219
25213
25208
25202
25196
25190
25184
25178
25171
25165
25158
25151
25144
25137
25129
25122
25114
25106
25098
25090
25081
25072
25063
25054
25044
25034
25024
25014
25003
24992
24980
24968
24956
24944
24931
24917
24904
24889
24874
24859
24843
24827
24810
24792
24773
24754
24734
24713
24692
24669
24645
24621
24595
24568
24539
24509
24478
24445
24410
24374
24335
24294
24251
24204
24155
24103
24047
23987
23923
23854
23779
23698
23611
23515
23411
23297
23170
23030
22874
22699
22502
22277
22020
21722
21374
20961
20464
19858
19102
18140
16882
15193
12868
9634
5272
0
4014
7596
10543
12868
14681
16102
17230
18140
18884
19502
20022
20464
20845
21176
21466
21722
21950
22153
22336
22502
22652
22789
22915
23030
23137
23235
23326
23411
23490
23564
23633
23698
23760
23817
23872
23923
23972
24018
24061
24103
24143
24180
24216
24251
24283
24315
24345
24374
24401
24428
24454
24478
24502
24525
24546
24568
24588
24608
24627
24645
24663
24680
24697
24713
24729
24744
24759
24773
24787
24801
24814
24827
24839
24851
24863
24874
24886
24896
24907
24917
24927
24937
24947
24956
24965
24974
24983
24992
25000
25008
25016
25024
25032
25039
25046
25054
25061
25068
25074
25081
25087
25094
25100
25106
25112
25118
25124
25129
25135
25140
25146
25151
25156
25161
25166
25171
25176
25181
25185
25190
25195
25199
25203
25208
25212
25216
25220
25220
25220
25216
25212
25208
25203
25199
25195
25190
25185
25181
25176
25171
25166
25161
25156
25151
25146
25140
25135
25129
25124
25118
25112
25106
25100
25094
25087
25081
25074
25068
25061
25054
25046
25039
25032
25024
25016
25008
25000
24992
24983
24974
24965
24956
24947
24937
24927
24917
24907
24896
24886
24874
24863
24851
24839
24827
24814
24801
24787
24773
24759
24744
24729
24713
24697
24680
24663
24645
24627
24608
24588
24568
24546
24525
24502
24478
24454
24428
24401
24374
24345
24315
24283
24251
24216
24180
24143
24103
24061
24018
23972
23923
23872
23817
23760
23698
23633
23564
23490
23411
23326
23235
23137
23030
22915
22789
22652
22502
22336
22153
21950
21722
21466
21176
20845
20464
20022
19502
18884
18140
17230
16102
14681
12868
10543
7596
4014
0
3234
6234
8854
11055
12868
14353
15574
16584
17428
18140
18746
19268
19720
20116
20464
20773
21049
21297
21520
21722
21906
22074
22229
22371
22502
22623
22736
22841
22939
23030
23116
23196
23272
23344
23411
23475
23535
23592
23647
23698
23748
23795
23839
23882
23923
23962
23999
24035
24070
24103
24135
24165
24195
24223
24251
24277
24302
24327
24351
24374
24396
24417
24438
24459
24478
24497
24516
24533
24551
24568
24584
24600
24615
24631
24645
24660
24674
24687
24700
24713
24726
24738
24750
24762
24773
24784
24795
24806
24816
24827
24837
24846
24856
24865
24874
24883
24892
24901
24909
24917
24925
24933
24941
24949
24956
24964
24971
24978
24985
24992
24998
25005
25011
25018
25024
25030
25036
25042
25048
25054
25059
25065
25070
25076
25081
25086
25091
25091
25091
25086
25081
25076
25070
25065
25059
25054
25048
25042
25036
25030
25024
25018
25011
25005
24998
24992
24985
24978
24971
24964
24956
24949
24941
24933
24925
24917
24909
24901
24892
24883
24874
24865
24856
24846
24837
24827
24816
24806
24795
24784
24773
24762
24750
24738
24726
24713
24700
24687
24674
24660
24645
24631
24615
24600
24584
24568
24551
24533
24516
24497
24478
24459
24438
24417
24396
24374
24351
24327
24302
24277
24251
24223
24195
24165
24135
24103
24070
24035
23999
23962
23923
23882
23839
23795
23748
23698
23647
23592
23535
23475
23411
23344
23272
23196
23116
23030
22939
22841
22736
22623
22502
22371
22229
22074
21906
21722
21520
21297
21049
20773
20464
20116
19720
19268
18746
18140
17428
16584
15574
14353
12868
11055
8854
6234
3234
0
2706
5272
7596
9634
11383
12868
14126
15193
16102
16882
17555
18140
18651
19102
19502
19858
20177
20464
20724
20961
21176
21374
21555
21722
21877
22020
22153
22277
22393
22502
22604
22699
22789
22874
22954
23030
23102
23170
23235
23297
23355
23411
23464
23515
23564
23611
23656
23698
23740
23779
23817
23854
23889
23923
23956
23987
24018
24047
24075
24103
24130
24155
24180
24204
24228
24251
24273
24294
24315
24335
24355
24374
24392
24410
24428
24445
24462
24478
24494
24509
24525
24539
24554
24568
24581
24595
24608
24621
24633
24645
24657
24669
24680
24692
24703
24713
24724
24734
24744
24754
24764
24773
24783
24792
24801
24810
24818
24827
24835
24843
24851
24859
24867
24874
24882
24889
24896
24904
24911
24917
24924
24931
24937
24944
24950
24956
24962
24962
24962
24956
24950
24944
24937
24931
24924
24917
24911
24904
24896
24889
24882
24874
24867
24859
24851
24843
24835
24827
24818
24810
24801
24792
24783
24773
24764
24754
24744
24734
24724
24713
24703
24692
24680
24669
24657
24645
24633
24621
24608
24595
24581
24568
24554
24539
24525
24509
24494
24478
24462
24445
24428
24410
24392
24374
24355
24335
24315
24294
24273
24251
24228
24204
24180
24155
24130
24103
24075
24047
24018
23987
23956
23923
23889
23854
23817
23779
23740
23698
23656
23611
23564
23515
23464
23411
23355
23297
23235
23170
23102
23030
22954
22874
22789
22699
22604
22502
22393
22277
22153
22020
21877
21722
21555
21374
21176
20961
20724
20464
20177
19858
19502
19102
18651
18140
17555
16882
16102
15193
14126
12868
11383
9634
7596
5272
2706
0
2325
4560
6634
8506
10162
11610
12868
13959
14905
15730
16451
17084
17643
18140
18582
18979
19336
19659
19953
20220
20464
20689
20895
21086
21263
21427
21580
21722
21855
21980
22097
22208
22311
22409
22502
22589
22672
22751
22826
22897
22965
23030
23092
23151
23208
23262
23314
23363
23411
23457
23501
23544
23584
23624
23662
23698
23734
23768
23801
23833
23864
23894
23923
23951
23978
24005
24030
24055
24079
24103
24126
24148
24170
24191
24211
24231
24251
24269
24288
24306
24324
24341
24357
24374
24390
24405
24421
24435
24450
24464
24478
24492
24505
24518
24531
24543
24556
24568
24579
24591
24602
24613
24624
24635
24645
24656
24666
24675
24685
24695
24704
24713
24722
24731
24740
24748
24757
24765
24773
24781
24789
24797
24805
24812
24819
24827
24834
24834
24834
24827
24819
24812
24805
24797
24789
24781
24773
24765
24757
24748
24740
24731
24722
24713
24704
24695
24685
24675
24666
24656
24645
24635
24624
24613
24602
24591
24579
24568
24556
24543
24531
24518
24505
24492
24478
24464
24450
24435
24421
24405
24390
24374
24357
24341
24324
24306
24288
24269
24251
24231
24211
24191
24170
24148
24126
24103
24079
24055
24030
24005
23978
23951
23923
23894
23864
23833
23801
23768
23734
23698
23662
23624
23584
23544
23501
23457
23411
23363
23314
23262
23208
23151
23092
23030
22965
22897
22826
22751
22672
22589
22502
22409
22311
22208
22097
21980
21855
21722
21580
21427
21263
21086
20895
20689
20464
20220
19953
19659
19336
18979
18582
18140
17643
17084
16451
15730
14905
13959
12868
11610
10162
8506
6634
4560
2325
0
2037
4014
5878
7596
9152
10543
11777
12868
13831
14681
15434
16102
16698
17230
17708
18140
18530
18884
19207
19502
19772
20022
20252
20464
20662
20845
21016
21176
21326
21466
21598
21722
21839
21950
22054
22153
22247
22336
22421
22502
22579
22652
22722
22789
22853
22915
22974
23030
23084
23137
23187
23235
23281
23326
23369
23411
23451
23490
23528
23564
23599
23633
23666
23698
23730
23760
23789
23817
23845
23872
23898
23923
23948
23972
23995
24018
24040
24061
24082
24103
24123
24143
24162
24180
24198
24216
24234
24251
24267
24283
24299
24315
24330
24345
24359
24374
24388
24401
24415
24428
24441
24454
24466
24478
24490
24502
24513
24525
24536
24546
24557
24568
24578
24588
24598
24608
24617
24627
24636
24645
24654
24663
24672
24680
24689
24697
24705
24705
24705
24697
24689
24680
24672
24663
24654
24645
24636
24627
24617
24608
24598
24588
24578
24568
24557
24546
24536
24525
24513
24502
24490
24478
24466
24454
24441
24428
24415
24401
24388
24374
24359
24345
24330
24315
24299
24283
24267
24251
24234
24216
24198
24180
24162
24143
24123
24103
24082
24061
24040
24018
23995
23972
23948
23923
23898
23872
23845
23817
23789
23760
23730
23698
23666
23633
23599
23564
23528
23490
23451
23411
23369
23326
23281
23235
23187
23137
23084
23030
22974
22915
22853
22789
22722
22652
22579
22502
22421
22336
22247
22153
22054
21950
21839
21722
21598
21466
21326
21176
21016
20845
20662
20464
20252
20022
19772
19502
19207
18884
18530
18140
17708
17230
16698
16102
15434
14681
13831
12868
11777
10543
9152
7596
5878
4014
2037
0
1813
3583
5272
6852
8308
9634
10831
11905
12868
13729
14501
15193
15815
16375
16882
17341
17759
18140
18488
18808
19102
19374
19625
19858
20074
20276
20464
20641
20806
20961
21107
21244
21374
21496
21612
21722
21827
21926
22020
22110
22196
22277
22356
22430
22502
22570
22636
22699
22760
22818
22874
22928
22980
23030
23078
23125
23170
23214
23256
23297
23336
23374
23411
23447
23482
23515
23548
23580
23611
23641
23670
23698
23726
23753
23779
23805
23830
23854
23877
23900
23923
23945
23966
23987
24008
24028
24047
24066
24085
24103
24121
24138
24155
24172
24188
24204
24220
24235
24251
24265
24280
24294
24308
24322
24335
24348
24361
24374
24386
24398
24410
24422
24434
24445
24456
24467
24478
24489
24499
24509
24520
24529
24539
24549
24558
24568
24577
24577
24577
24568
24558
24549
24539
24529
24520
24509
24499
24489
24478
24467
24456
24445
24434
24422
24410
24398
24386
24374
24361
24348
24335
24322
24308
24294
24280
24265
24251
24235
24220
24204
24188
24172
24155
24138
24121
24103
24085
24066
24047
24028
24008
23987
23966
23945
23923
23900
23877
23854
23830
23805
23779
23753
23726
23698
23670
23641
23611
23580
23548
23515
23482
23447
23411
23374
23336
23297
23256
23214
23170
23125
23078
23030
22980
22928
22874
22818
22760
22699
22636
22570
22502
22430
22356
22277
22196
22110
22020
21926
21827
21722
21612
21496
21374
21244
21107
20961
20806
20641
20464
20276
20074
19858
19625
19374
19102
18808
18488
18140
17759
17341
16882
16375
15815
15193
14501
13729
12868
11905
10831
9634
8308
6852
5272
3583
1813
0
1633
3234
4775
6234
7596
8854
10006
11055
12006
12868
13648
14353
14993
15574
16102
16584
17024
17428
17798
18140
18455
18746
19016
19268
19502
19720
19924
20116
20295
20464
20623
20773
20915
21049
21176
21297
21411
21520
21623
21722
21816
21906
21992
22074
22153
22229
22301
22371
22438
22502
22564
22623
22681
22736
22789
22841
22890
22939
22985
23030
23074
23116
23157
23196
23235
23272
23308
23344
23378
23411
23443
23475
23505
23535
23564
23592
23620
23647
23673
23698
23723
23748
23771
23795
23817
23839
23861
23882
23903
23923
23943
23962
23981
23999
24018
24035
24053
24070
24087
24103
24119
24135
24150
24165
24180
24195
24209
24223
24237
24251
24264
24277
24290
24302
24315
24327
24339
24351
24362
24374
24385
24396
24407
24417
24428
24438
24449
24449
24449
24438
24428
24417
24407
24396
24385
24374
24362
24351
24339
24327
24315
24302
24290
24277
24264
24251
24237
24223
24209
24195
24180
24165
24150
24135
24119
24103
24087
24070
24053
24035
24018
23999
23981
23962
23943
23923
23903
23882
23861
23839
23817
23795
23771
23748
23723
23698
23673
23647
23620
23592
23564
23535
23505
23475
23443
23411
23378
23344
23308
23272
23235
23196
23157
23116
23074
23030
22985
22939
22890
22841
22789
22736
22681
22623
22564
22502
22438
22371
22301
22229
22153
22074
21992
21906
21816
21722
21623
21520
21411
21297
21176
21049
20915
20773
20623
20464
20295
20116
19924
19720
19502
19268
19016
18746
18455
18140
17798
17428
17024
16584
16102
15574
14993
14353
13648
12868
12006
11055
10006
8854
7596
6234
4775
3234
1633
0
1485
2947
4362
5714
6990
8181
9285
10302
11235
12088
12868
13580
14230
14825
15369
15868
16327
16748
17138
17497
17830
18140
18427
18695
18945
19178
19397
19603
19796
19978
20149
20311
20464
20609
20747
20877
21001
21119
21232
21339
21441
21539
21633
21722
21808
21890
21969
22045
22118
22188
22255
22320
22383
22443
22502
22558
22612
22665
22716
22765
22813
22859
22904
22947
22989
23030
23070
23108
23146
23182
23218
23252
23286
23318
23350
23381
23411
23441
23469
23497
23524
23551
23577
23603
23627
23652
23675
23698
23721
23743
23765
23786
23807
23827
23847
23867
23886
23905
23923
23941
23959
23976
23993
24009
24026
24042
24057
24073
24088
24103
24118
24132
24146
24160
24174
24187
24200
24213
24226
24238
24251
24263
24275
24286
24298
24309
24320
24320
24320
24309
24298
24286
24275
24263
24251
24238
24226
24213
24200
24187
24174
24160
24146
24132
24118
24103
24088
24073
24057
24042
24026
24009
23993
23976
23959
23941
23923
23905
23886
23867
23847
23827
23807
23786
23765
23743
23721
23698
23675
23652
23627
23603
23577
23551
23524
23497
23469
23441
23411
23381
23350
23318
23286
23252
23218
23182
23146
23108
23070
23030
22989
22947
22904
22859
22813
22765
22716
22665
22612
22558
22502
22443
22383
22320
22255
22188
22118
22045
21969
21890
21808
21722
21633
21539
21441
21339
21232
21119
21001
20877
20747
20609
20464
20311
20149
19978
19796
19603
19397
19178
18945
18695
18427
18140
17830
17497
17138
16748
16327
15868
15369
14825
14230
13580
12868
12088
11235
10302
9285
8181
6990
5714
4362
2947
1485
0
1362
2706
4014
5272
6468
7596
8652
9634
10543
11383
12156
12868
13523
14126
14681
15193
15665
16102
16507
16882
17230
17555
17857
18140
18404
18651
18884
19102
19308
19502
19685
19858
20022
20177
20324
20464
20598
20724
20845
20961
21071
21176
21277
21374
21466
21555
21640
21722
21801
21877
21950
22020
22088
22153
22216
22277
22336
22393
22448
22502
22553
22604
22652
22699
22745
22789
22832
22874
22915
22954
22993
23030
23067
23102
23137
23170
23203
23235
23266
23297
23326
23355
23383
23411
23438
23464
23490
23515
23540
23564
23588
23611
23633
23656
23677
23698
23719
23740
23760
23779
23798
23817
23836
23854
23872
23889
23906
23923
23939
23956
23972
23987
24003
24018
24032
24047
24061
24075
24089
24103
24116
24130
24143
24155
24168
24180
24192
24192
24192
24180
24168
24155
24143
24130
24116
24103
24089
24075
24061
24047
24032
24018
24003
23987
23972
23956
23939
23923
23906
23889
23872
23854
23836
23817
23798
23779
23760
23740
23719
23698
23677
23656
23633
23611
23588
23564
23540
23515
23490
23464
23438
23411
23383
23355
23326
23297
23266
23235
23203
23170
23137
23102
23067
23030
22993
22954
22915
22874
22832
22789
22745
22699
22652
22604
22553
22502
22448
22393
22336
22277
22216
22153
22088
22020
21950
21877
21801
21722
21640
21555
21466
21374
21277
21176
21071
20961
20845
20724
20598
20464
20324
20177
20022
19858
19685
19502
19308
19102
18884
18651
18404
18140
17857
17555
17230
16882
16507
16102
15665
15193
14681
14126
13523
12868
12156
11383
10543
9634
8652
7596
6468
5272
4014
2706
1362
0
1258
2501
3716
4891
6016
7085
8093
9038
9921
10743
11506
12213
12868
13475
14036
14557
15040
15488
15905
16293
16654
16992
17307
17603
17879
18140
18384
18614
18831
19036
19230
19414
19587
19752
19909
20058
20200
20335
20464
20588
20705
20818
20926
21029
21128
21223
21315
21403
21487
21568
21647
21722
21795
21865
21933
21999
22062
22123
22183
22240
22296
22350
22402
22453
22502
22550
22596
22641
22685
22727
22769
22809
22848
22887
22924
22960
22996
23030
23064
23097
23129
23160
23190
23220
23249
23278
23306
23333
23360
23386
23411
23436
23460
23484
23508
23531
23553
23575
23597
23618
23639
23659
23679
23698
23718
23737
23755
23773
23791
23809
23826
23843
23859
23876
23892
23907
23923
23938
23953
23968
23982
23997
24011
24025
24038
24051
24065
24065
24065
24051
24038
24025
24011
23997
23982
23968
23953
23938
23923
23907
23892
23876
23859
23843
23826
23809
23791
23773
23755
23737
23718
23698
23679
23659
23639
23618
23597
23575
23553
23531
23508
23484
23460
23436
23411
23386
23360
23333
23306
23278
23249
23220
23190
23160
23129
23097
23064
23030
22996
22960
22924
22887
22848
22809
22769
22727
22685
22641
22596
22550
22502
22453
22402
22350
22296
22240
22183
22123
22062
21999
21933
21865
21795
21722
21647
21568
21487
21403
21315
21223
21128
21029
20926
20818
20705
20588
20464
20335
20200
20058
19909
19752
19587
19414
19230
19036
18831
18614
18384
18140
17879
17603
17307
16992
16654
16293
15905
15488
15040
14557
14036
13475
12868
12213
11506
10743
9921
9038
8093
7085
6016
4891
3716
2501
1258
0
1168
2325
3459
4560
5620
6634
7596
8506
9361
10162
10911
11610
12261
12868
13433
13959
14449
14905
15332
15730
16102
16451
16777
17084
17372
17643
17899
18140
18367
18582
18786
18979
19162
19336
19502
19659
19809
19953
20089
20220
20345
20464
20579
20689
20794
20895
20993
21086
21176
21263
21346
21427
21505
21580
21652
21722
21790
21855
21919
21980
22040
22097
22153
22208
22260
22311
22361
22409
22456
22502
22546
22589
22631
22672
22712
22751
22789
22826
22862
22897
22932
22965
22998
23030
23061
23092
23122
23151
23180
23208
23235
23262
23288
23314
23339
23363
23387
23411
23434
23457
23479
23501
23523
23544
23564
23584
23604
23624
23643
23662
23680
23698
23716
23734
23751
23768
23785
23801
23817
23833
23849
23864
23879
23894
23909
23923
23937
23937
23937
23923
23909
23894
23879
23864
23849
23833
23817
23801
23785
23768
23751
23734
23716
23698
23680
23662
23643
23624
23604
23584
23564
23544
23523
23501
23479
23457
23434
23411
23387
23363
23339
23314
23288
23262
23235
23208
23180
23151
23122
23092
23061
23030
22998
22965
22932
22897
22862
22826
22789
22751
22712
22672
22631
22589
22546
22502
22456
22409
22361
22311
22260
22208
22153
22097
22040
21980
21919
21855
21790
21722
21652
21580
21505
21427
21346
21263
21176
21086
20993
20895
20794
20689
20579
20464
20345
20220
20089
19953
19809
19659
19502
19336
19162
18979
18786
18582
18367
18140
17899
17643
17372
17084
16777
16451
16102
15730
15332
14905
14449
13959
13433
12868
12261
11610
10911
10162
9361
8506
7596
6634
5620
4560
3459
2325
1168
0
1091
2172
3234
4270
5272
6234
7154
8027
8854
9634
10367
11055
11700
12303
12868
13396
13891
14353
14787
15193
15574
15931
16268
16584
16882
17163
17428
17678
17915
18140
18352
18554
18746
18929
19102
19268
19426
19576
19720
19858
19990
20116
20237
20353
20464
20571
20674
20773
20869
20961
21049
21135
21217
21297
21374
21448
21520
21590
21657
21722
21785
21847
21906
21964
22020
22074
22127
22179
22229
22277
22325
22371
22416
22459
22502
22543
22584
22623
22662
22699
22736
22772
22807
22841
22874
22907
22939
22970
23000
23030
23059
23088
23116
23143
23170
23196
23222
23247
23272
23297
23320
23344
23367
23389
23411
23433
23454
23475
23495
23515
23535
23555
23574
23592
23611
23629
23647
23664
23682
23698
23715
23732
23748
23764
23779
23795
23810
23810
23810
23795
23779
23764
23748
23732
23715
23698
23682
23664
23647
23629
23611
23592
23574
23555
23535
23515
23495
23475
23454
23433
23411
23389
23367
23344
23320
23297
23272
23247
23222
23196
23170
23143
23116
23088
23059
23030
23000
22970
22939
22907
22874
22841
22807
22772
22736
22699
22662
22623
22584
22543
22502
22459
22416
22371
22325
22277
22229
22179
22127
22074
22020
21964
21906
21847
21785
21722
21657
21590
21520
21448
21374
21297
21217
21135
21049
20961
20869
20773
20674
20571
20464
20353
20237
20116
19990
19858
19720
19576
19426
19268
19102
18929
18746
18554
18352
18140
17915
17678
17428
17163
16882
16584
16268
15931
15574
15193
14787
14353
13891
13396
12868
12303
11700
11055
10367
9634
8854
8027
7154
6234
5272
4270
3234
2172
1091
0
1023
2037
3037
4014
4962
5878
6757
7596
8395
9152
9868
10543
11179
11777
12340
12868
13364
13831
14269
14681
15069
15434
15778
16102
16408
16698
16971
17230
17476
17708
17929
18140
18339
18530
18711
18884
19049
19207
19357
19502
19640
19772
19900
20022
20139
20252
20360
20464
20565
20662
20755
20845
20932
21016
21098
21176
21252
21326
21397
21466
21533
21598
21661
21722
21782
21839
21895
21950
22003
22054
22104
22153
22201
22247
22292
22336
22379
22421
22462
22502
22541
22579
22616
22652
22688
22722
22756
22789
22822
22853
22884
22915
22945
22974
23002
23030
23058
23084
23111
23137
23162
23187
23211
23235
23258
23281
23304
23326
23348
23369
23390
23411
23431
23451
23471
23490
23509
23528
23546
23564
23582
23599
23617
23633
23650
23666
23683
23683
23683
23666
23650
23633
23617
23599
23582
23564
23546
23528
23509
23490
23471
23451
23431
23411
23390
23369
23348
23326
23304
23281
23258
23235
23211
23187
23162
23137
23111
23084
23058
23030
23002
22974
22945
22915
22884
22853
22822
22789
22756
22722
22688
22652
22616
22579
22541
22502
22462
22421
22379
22336
22292
22247
22201
22153
22104
22054
22003
21950
21895
21839
21782
21722
21661
21598
21533
21466
21397
21326
21252
21176
21098
21016
20932
20845
20755
20662
20565
20464
20360
20252
20139
20022
19900
19772
19640
19502
19357
19207
19049
18884
18711
18530
18339
18140
17929
17708
17476
17230
16971
16698
16408
16102
15778
15434
15069
14681
14269
13831
13364
12868
12340
11777
11179
10543
9868
9152
8395
7596
6757
5878
4962
4014
3037
2037
1023
0
963
1919
2862
3786
4687
5559
6400
7206
7977
8712
9409
10071
10696
11287
11845
12372
12868
13336
13777
14193
14586
14957
15307
15639
15952
16248
16529
16796
17049
17289
17518
17735
17942
18140
18328
18508
18679
18844
19001
19152
19296
19435
19568
19695
19818
19936
20050
20159
20265
20366
20464
20559
20651
20739
20824
20907
20987
21065
21140
21212
21283
21351
21418
21482
21545
21606
21665
21722
21778
21833
21885
21937
21987
22036
22084
22130
22176
22220
22263
22305
22347
22387
22426
22464
22502
22538
22574
22609
22644
22677
22710
22742
22774
22805
22835
22864
22893
22922
22950
22977
23004
23030
23056
23081
23106
23130
23154
23178
23201
23224
23246
23268
23289
23311
23331
23352
23372
23392
23411
23430
23449
23468
23486
23504
23521
23539
23556
23556
23556
23539
23521
23504
23486
23468
23449
23430
23411
23392
23372
23352
23331
23311
23289
23268
23246
23224
23201
23178
23154
23130
23106
23081
23056
23030
23004
22977
22950
22922
22893
22864
22835
22805
22774
22742
22710
22677
22644
22609
22574
22538
22502
22464
22426
22387
22347
22305
22263
22220
22176
22130
22084
22036
21987
21937
21885
21833
21778
21722
21665
21606
21545
21482
21418
21351
21283
21212
21140
21065
20987
20907
20824
20739
20651
20559
20464
20366
20265
20159
20050
19936
19818
19695
19568
19435
19296
19152
19001
18844
18679
18508
18328
18140
17942
17735
17518
17289
17049
16796
16529
16248
15952
15639
15307
14957
14586
14193
13777
13336
12868
12372
11845
11287
10696
10071
9409
8712
7977
7206
6400
5559
4687
3786
2862
1919
963
0
909
1813
2706
3583
4439
5272
6077
6852
7596
8308
8987
9634
10248
10831
11383
11905
12400
12868
13311
13729
14126
14501
14856
15193
15512
15815
16102
16375
16635
16882
17117
17341
17555
17759
17953
18140
18318
18488
18651
18808
18958
19102
19241
19374
19502
19625
19744
19858
19968
20074
20177
20276
20372
20464
20554
20641
20724
20806
20884
20961
21035
21107
21176
21244
21310
21374
21436
21496
21555
21612
21668
21722
21775
21827
21877
21926
21973
22020
22066
22110
22153
22196
22237
22277
22317
22356
22393
22430
22466
22502
22536
22570
22604
22636
22668
22699
22730
22760
22789
22818
22846
22874
22901
22928
22954
22980
23005
23030
23055
23078
23102
23125
23148
23170
23192
23214
23235
23256
23276
23297
23316
23336
23355
23374
23393
23411
23429
23429
23429
23411
23393
23374
23355
23336
23316
23297
23276
23256
23235
23214
23192
23170
23148
23125
23102
23078
23055
23030
23005
22980
22954
22928
22901
22874
22846
22818
22789
22760
22730
22699
22668
22636
22604
22570
22536
22502
22466
22430
22393
22356
22317
22277
22237
22196
22153
22110
22066
22020
21973
21926
21877
21827
21775
21722
21668
21612
21555
21496
21436
21374
21310
21244
21176
21107
21035
20961
20884
20806
20724
20641
20554
20464
20372
20276
20177
20074
19968
19858
19744
19625
19502
19374
19241
19102
18958
18808
18651
18488
18318
18140
17953
17759
17555
17341
17117
16882
16635
16375
16102
15815
15512
15193
14856
14501
14126
13729
13311
12868
12400
11905
11383
10831
10248
9634
8987
8308
7596
6852
6077
5272
4439
3583
2706
1813
909
0
862
1718
2566
3400
4216
5012
5783
6529
7248
7938
8598
9229
9831
10404
10949
11467
11959
12425
12868
13288
13686
14065
14424
14765
15088
15396
15689
15968
16233
16486
16727
16957
17177
17387
17587
17779
17963
18140
18308
18470
18626
18775
18919
19057
19190
19318
19442
19561
19675
19786
19893
19996
20096
20193
20286
20377
20464
20549
20632
20711
20789
20864
20937
21008
21077
21143
21209
21272
21333
21393
21452
21509
21564
21618
21671
21722
21772
21821
21869
21916
21961
22005
22049
22091
22133
22173
22213
22252
22290
22327
22364
22399
22434
22468
22502
22535
22567
22598
22629
22660
22689
22719
22747
22775
22803
22830
22857
22883
22908
22934
22958
22983
23007
23030
23053
23076
23098
23120
23142
23163
23184
23205
23225
23245
23264
23284
23303
23303
23303
23284
23264
23245
23225
23205
23184
23163
23142
23120
23098
23076
23053
23030
23007
22983
22958
22934
22908
22883
22857
22830
22803
22775
22747
22719
22689
22660
22629
22598
22567
22535
22502
22468
22434
22399
22364
22327
22290
22252
22213
22173
22133
22091
22049
22005
21961
21916
21869
21821
21772
21722
21671
21618
21564
21509
21452
21393
21333
21272
21209
21143
21077
21008
20937
20864
20789
20711
20632
20549
20464
20377
20286
20193
20096
19996
19893
19786
19675
19561
19442
19318
19190
19057
18919
18775
18626
18470
18308
18140
17963
17779
17587
17387
17177
16957
16727
16486
16233
15968
15689
15396
15088
14765
14424
14065
13686
13288
12868
12425
11959
11467
10949
10404
9831
9229
8598
7938
7248
6529
5783
5012
4216
3400
2566
1718
862
0
819
1633
2439
3234
4014
4775
5516
6234
6928
7596
8239
8854
9443
10006
10543
11055
11542
12006
12448
12868
13267
13648
14009
14353
14681
14993
15290
15574
15844
16102
16348
16584
16809
17024
17230
17428
17617
17798
17972
18140
18300
18455
18603
18746
18884
19016
19144
19268
19387
19502
19613
19720
19824
19924
20022
20116
20207
20295
20381
20464
20545
20623
20700
20773
20845
20915
20983
21049
21114
21176
21237
21297
21355
21411
21466
21520
21572
21623
21673
21722
21770
21816
21862
21906
21950
21992
22034
22074
22114
22153
22191
22229
22265
22301
22336
22371
22404
22438
22470
22502
22533
22564
22594
22623
22652
22681
22708
22736
22763
22789
22815
22841
22866
22890
22915
22939
22962
22985
23008
23030
23052
23074
23095
23116
23137
23157
23177
23177
23177
23157
23137
23116
23095
23074
23052
23030
23008
22985
22962
22939
22915
22890
22866
22841
22815
22789
22763
22736
22708
22681
22652
22623
22594
22564
22533
22502
22470
22438
22404
22371
22336
22301
22265
22229
22191
22153
22114
22074
22034
21992
21950
21906
21862
21816
21770
21722
21673
21623
21572
21520
21466
21411
21355
21297
21237
21176
21114
21049
20983
20915
20845
20773
20700
20623
20545
20464
20381
20295
20207
20116
20022
19924
19824
19720
19613
19502
19387
19268
19144
19016
18884
18746
18603
18455
18300
18140
17972
17798
17617
17428
17230
17024
16809
16584
16348
16102
15844
15574
15290
14993
14681
14353
14009
13648
13267
12868
12448
12006
11542
11055
10543
10006
9443
8854
8239
7596
6928
6234
5516
4775
4014
3234
2439
1633
819
0
780
1556
2325
3084
3830
4560
5272
5963
6634
7281
7905
8506
9082
9634
10162
10667
11150
11610
12049
12468
12868
13249
13612
13959
14289
14604
14905
15193
15467
15730
15981
16221
16451
16671
16882
17084
17278
17464
17643
17815
17980
18140
18293
18440
18582
18719
18851
18979
19102
19221
19336
19447
19555
19659
19760
19858
19953
20044
20133
20220
20304
20385
20464
20541
20616
20689
20760
20828
20895
20961
21024
21086
21147
21206
21263
21319
21374
21427
21479
21530
21580
21628
21676
21722
21768
21812
21855
21898
21939
21980
22020
22059
22097
22135
22172
22208
22243
22277
22311
22345
22377
22409
22441
22472
22502
22532
22561
22589
22618
22645
22672
22699
22725
22751
22777
22802
22826
22850
22874
22897
22920
22943
22965
22987
23009
23030
23051
23051
23051
23030
23009
22987
22965
22943
22920
22897
22874
22850
22826
22802
22777
22751
22725
22699
22672
22645
22618
22589
22561
22532
22502
22472
22441
22409
22377
22345
22311
22277
22243
22208
22172
22135
22097
22059
22020
21980
21939
21898
21855
21812
21768
21722
21676
21628
21580
21530
21479
21427
21374
21319
21263
21206
21147
21086
21024
20961
20895
20828
20760
20689
20616
20541
20464
20385
20304
20220
20133
20044
19953
19858
19760
19659
19555
19447
19336
19221
19102
18979
18851
18719
18582
18440
18293
18140
17980
17815
17643
17464
17278
17084
16882
16671
16451
16221
15981
15730
15467
15193
14905
14604
14289
13959
13612
13249
12868
12468
12049
11610
11150
10667
10162
9634
9082
8506
7905
7281
6634
5963
5272
4560
3830
3084
2325
1556
780
0
744
1485
2220
2947
3661
4362
5047
5714
6362
6990
7596
8181
8744
9285
9804
10302
10779
11235
11671
12088
12487
12868
13232
13580
13912
14230
14534
14825
15103
15369
15624
15868
16102
16327
16542
16748
16947
17138
17321
17497
17667
17830
17988
18140
18286
18427
18563
18695
18822
18945
19063
19178
19290
19397
19502
19603
19701
19796
19888
19978
20065
20149
20231
20311
20389
20464
20538
20609
20679
20747
20813
20877
20940
21001
21061
21119
21176
21232
21286
21339
21391
21441
21491
21539
21586
21633
21678
21722
21766
21808
21850
21890
21930
21969
22007
22045
22082
22118
22153
22188
22222
22255
22288
22320
22352
22383
22414
22443
22473
22502
22530
22558
22586
22612
22639
22665
22691
22716
22741
22765
22789
22813
22836
22859
22882
22904
22926
22926
22926
22904
22882
22859
22836
22813
22789
22765
22741
22716
22691
22665
22639
22612
22586
22558
22530
22502
22473
22443
22414
22383
22352
22320
22288
22255
22222
22188
22153
22118
22082
22045
22007
21969
21930
21890
21850
21808
21766
21722
21678
21633
21586
21539
21491
21441
21391
21339
21286
21232
21176
21119
21061
21001
20940
20877
20813
20747
20679
20609
20538
20464
20389
20311
20231
20149
20065
19978
19888
19796
19701
19603
19502
19397
19290
19178
19063
18945
18822
18695
18563
18427
18286
18140
17988
17830
17667
17497
17321
17138
16947
16748
16542
16327
16102
15868
15624
15369
15103
14825
14534
14230
13912
13580
13232
12868
12487
12088
11671
11235
10779
10302
9804
9285
8744
8181
7596
6990
6362
5714
5047
4362
3661
2947
2220
1485
744
0
712
1421
2125
2821
3507
4181
4841
5484
6111
6720
7309
7879
8429
8959
9468
9958
10429
10880
11312
11727
12124
12504
12868
13217
13550
13870
14176
14469
14750
15019
15278
15525
15763
15991
16211
16421
16624
16818
17006
17186
17360
17527
17689
17844
17995
18140
18280
18415
18546
18672
18795
18913
19028
19139
19247
19351
19452
19550
19646
19738
19828
19916
20001
20083
20164
20242
20318
20392
20464
20535
20603
20670
20735
20799
20861
20921
20980
21038
21094
21149
21203
21256
21307
21357
21406
21454
21501
21547
21593
21637
21680
21722
21764
21804
21844
21883
21922
21959
21996
22032
22067
22102
22136
22170
22203
22235
22267
22298
22329
22359
22388
22417
22446
22474
22502
22529
22556
22582
22608
22633
22658
22683
22707
22731
22755
22778
22801
22801
22801
22778
22755
22731
22707
22683
22658
22633
22608
22582
22556
22529
22502
22474
22446
22417
22388
22359
22329
22298
22267
22235
22203
22170
22136
22102
22067
22032
21996
21959
21922
21883
21844
21804
21764
21722
21680
21637
21593
21547
21501
21454
21406
21357
21307
21256
21203
21149
21094
21038
20980
20921
20861
20799
20735
20670
20603
20535
20464
20392
20318
20242
20164
20083
20001
19916
19828
19738
19646
19550
19452
19351
19247
19139
19028
18913
18795
18672
18546
18415
18280
18140
17995
17844
17689
17527
17360
17186
17006
16818
16624
16421
16211
15991
15763
15525
15278
15019
14750
14469
14176
13870
13550
13217
12868
12504
12124
11727
11312
10880
10429
9958
9468
8959
8429
7879
7309
6720
6111
5484
4841
4181
3507
2821
2125
1421
712
0
682
1362
2037
2706
3365
4014
4650
5272
5878
6468
7041
7596
8133
8652
9152
9634
10097
10543
10971
11383
11777
12156
12519
12868
13202
13523
13831
14126
14409
14681
14942
15193
15434
15665
15888
16102
16308
16507
16698
16882
17059
17230
17395
17555
17708
17857
18001
18140
18274
18404
18530
18651
18769
18884
18995
19102
19207
19308
19406
19502
19595
19685
19772
19858
19941
20022
20100
20177
20252
20324
20395
20464
20532
20598
20662
20724
20786
20845
20904
20961
21016
21071
21124
21176
21227
21277
21326
21374
21420
21466
21511
21555
21598
21640
21682
21722
21762
21801
21839
21877
21914
21950
21985
22020
22054
22088
22121
22153
22185
22216
22247
22277
22307
22336
22365
22393
22421
22448
22475
22502
22528
22553
22579
22604
22628
22652
22676
22676
22676
22652
22628
22604
22579
22553
22528
22502
22475
22448
22421
22393
22365
22336
22307
22277
22247
22216
22185
22153
22121
22088
22054
22020
21985
21950
21914
21877
21839
21801
21762
21722
21682
21640
21598
21555
21511
21466
21420
21374
21326
21277
21227
21176
21124
21071
21016
20961
20904
20845
20786
20724
20662
20598
20532
20464
20395
20324
20252
20177
20100
20022
19941
19858
19772
19685
19595
19502
19406
19308
19207
19102
18995
18884
18769
18651
18530
18404
18274
18140
18001
17857
17708
17555
17395
17230
17059
16882
16698
16507
16308
16102
15888
15665
15434
15193
14942
14681
14409
14126
13831
13523
13202
12868
12519
12156
11777
11383
10971
10543
10097
9634
9152
8652
8133
7596
7041
6468
5878
5272
4650
4014
3365
2706
2037
1362
682
0
655
1308
1957
2599
3234
3859
4473
5074
5662
6234
6791
7332
7856
8364
8854
9328
9784
10224
10647
11055
11447
11824
12186
12534
12868
13189
13498
13794
14079
14353
14617
14870
15114
15348
15574
15791
16000
16202
16396
16584
16765
16939
17108
17270
17428
17580
17727
17869
18006
18140
18269
18394
18515
18632
18746
18857
18964
19068
19169
19268
19363
19456
19547
19635
19720
19803
19885
19964
20041
20116
20189
20260
20330
20398
20464
20529
20592
20654
20714
20773
20831
20887
20943
20997
21049
21101
21151
21201
21249
21297
21343
21389
21433
21477
21520
21562
21603
21644
21683
21722
21760
21798
21835
21871
21906
21941
21975
22009
22042
22074
22106
22138
22169
22199
22229
22258
22287
22315
22343
22371
22398
22424
22451
22476
22502
22527
22551
22551
22551
22527
22502
22476
22451
22424
22398
22371
22343
22315
22287
22258
22229
22199
22169
22138
22106
22074
22042
22009
21975
21941
21906
21871
21835
21798
21760
21722
21683
21644
21603
21562
21520
21477
21433
21389
21343
21297
21249
21201
21151
21101
21049
20997
20943
20887
20831
20773
20714
20654
20592
20529
20464
20398
20330
20260
20189
20116
20041
19964
19885
19803
19720
19635
19547
19456
19363
19268
19169
19068
18964
18857
18746
18632
18515
18394
18269
18140
18006
17869
17727
17580
17428
17270
17108
16939
16765
16584
16396
16202
16000
15791
15574
15348
15114
14870
14617
14353
14079
13794
13498
13189
12868
12534
12186
11824
11447
11055
10647
10224
9784
9328
8854
8364
7856
7332
6791
6234
5662
5074
4473
3859
3234
2599
1957
1308
655
0
630
1258
1882
2501
3113
3716
4309
4891
5460
6016
6558
7085
7596
8093
8573
9038
9488
9921
10340
10743
11132
11506
11866
12213
12547
12868
13177
13475
13761
14036
14301
14557
14803
15040
15268
15488
15700
15905
16102
16293
16477
16654
16826
16992
17152
17307
17457
17603
17743
17879
18012
18140
18264
18384
18501
18614
18724
18831
18935
19036
19135
19230
19323
19414
19502
19587
19671
19752
19832
19909
19985
20058
20130
20200
20269
20335
20401
20464
20527
20588
20647
20705
20762
20818
20872
20926
20978
21029
21079
21128
21176
21223
21269
21315
21359
21403
21445
21487
21528
21568
21608
21647
21685
21722
21759
21795
21830
21865
21900
21933
21966
21999
22031
22062
22093
22123
22153
22183
22212
22240
22268
22296
22323
22350
22376
22402
22427
22427
22427
22402
22376
22350
22323
22296
22268
22240
22212
22183
22153
22123
22093
22062
22031
21999
21966
21933
21900
21865
21830
21795
21759
21722
21685
21647
21608
21568
21528
21487
21445
21403
21359
21315
21269
21223
21176
21128
21079
21029
20978
20926
20872
20818
20762
20705
20647
20588
20527
20464
20401
20335
20269
20200
20130
20058
19985
19909
19832
19752
19671
19587
19502
19414
19323
19230
19135
19036
18935
18831
18724
18614
18501
18384
18264
18140
18012
17879
17743
17603
17457
17307
17152
16992
16826
16654
16477
16293
16102
15905
15700
15488
15268
15040
14803
14557
14301
14036
13761
13475
13177
12868
12547
12213
11866
11506
11132
10743
10340
9921
9488
9038
8573
8093
7596
7085
6558
6016
5460
4891
4309
3716
3113
2501
1882
1258
630
0
607
1211
1813
2410
3000
3583
4156
4720
5272
5811
6339
6852
7352
7837
8308
8765
9207
9634
10047
10446
10831
11202
11560
11905
12238
12559
12868
13166
13453
13729
13996
14253
14501
14740
14970
15193
15407
15615
15815
16008
16195
16375
16550
16718
16882
17040
17193
17341
17485
17624
17759
17889
18016
18140
18259
18375
18488
18598
18704
18808
18909
19007
19102
19195
19286
19374
19460
19543
19625
19704
19782
19858
19932
20004
20074
20143
20210
20276
20340
20403
20464
20524
20583
20641
20697
20752
20806
20858
20910
20961
21010
21059
21107
21153
21199
21244
21288
21331
21374
21415
21456
21496
21536
21574
21612
21650
21686
21722
21758
21792
21827
21860
21893
21926
21958
21989
22020
22050
22080
22110
22139
22167
22196
22223
22251
22277
22304
22304
22304
22277
22251
22223
22196
22167
22139
22110
22080
22050
22020
21989
21958
21926
21893
21860
21827
21792
21758
21722
21686
21650
21612
21574
21536
21496
21456
21415
21374
21331
21288
21244
21199
21153
21107
21059
21010
20961
20910
20858
20806
20752
20697
20641
20583
20524
20464
20403
20340
20276
20210
20143
20074
20004
19932
19858
19782
19704
19625
19543
19460
19374
19286
19195
19102
19007
18909
18808
18704
18598
18488
18375
18259
18140
18016
17889
17759
17624
17485
17341
17193
17040
16882
16718
16550
16375
16195
16008
15815
15615
15407
15193
14970
14740
14501
14253
13996
13729
13453
13166
12868
12559
12238
11905
11560
11202
10831
10446
10047
9634
9207
8765
8308
7837
7352
6852
6339
5811
5272
4720
4156
3583
3000
2410
1813
1211
607
0
585
1168
1749
2325
2895
3459
4014
4560
5095
5620
6133
6634
7122
7596
8058
8506
8940
9361
9768
10162
10543
10911
11267
11610
11942
12261
12570
12868
13155
13433
13700
13959
14208
14449
14681
14905
15122
15332
15534
15730
15919
16102
16279
16451
16617
16777
16933
17084
17230
17372
17510
17643
17773
17899
18021
18140
18255
18367
18476
18582
18685
18786
18884
18979
19072
19162
19250
19336
19420
19502
19581
19659
19735
19809
19882
19953
20022
20089
20155
20220
20283
20345
20405
20464
20522
20579
20634
20689
20742
20794
20845
20895
20945
20993
21040
21086
21132
21176
21220
21263
21305
21346
21387
21427
21466
21505
21543
21580
21616
21652
21687
21722
21756
21790
21823
21855
21887
21919
21950
21980
22010
22040
22069
22097
22126
22153
22181
22181
22181
22153
22126
22097
22069
22040
22010
21980
21950
21919
21887
21855
21823
21790
21756
21722
21687
21652
21616
21580
21543
21505
21466
21427
21387
21346
21305
21263
21220
21176
21132
21086
21040
20993
20945
20895
20845
20794
20742
20689
20634
20579
20522
20464
20405
20345
20283
20220
20155
20089
20022
19953
19882
19809
19735
19659
19581
19502
19420
19336
19250
19162
19072
18979
18884
18786
18685
18582
18476
18367
18255
18140
18021
17899
17773
17643
17510
17372
17230
17084
16933
16777
16617
16451
16279
16102
15919
15730
15534
15332
15122
14905
14681
14449
14208
13959
13700
13433
13155
12868
12570
12261
11942
11610
11267
10911
10543
10162
9768
9361
8940
8506
8058
7596
7122
6634
6133
5620
5095
4560
4014
3459
2895
2325
1749
1168
585
0
565
1128
1689
2246
2797
3343
3881
4410
4930
5440
5940
6428
6905
7369
7821
8260
8687
9101
9503
9892
10269
10633
10986
11327
11657
11975
12283
12581
12868
13146
13414
13673
13924
14166
14399
14626
14844
15056
15260
15458
15650
15835
16014
16188
16357
16520
16678
16832
16980
17125
17265
17401
17533
17661
17786
17907
18025
18140
18251
18359
18465
18568
18668
18765
18860
18953
19043
19131
19217
19301
19383
19463
19540
19617
19691
19764
19835
19904
19972
20038
20103
20167
20229
20289
20349
20407
20464
20520
20575
20629
20681
20733
20783
20833
20882
20929
20976
21022
21067
21111
21155
21197
21239
21280
21321
21361
21400
21438
21476
21513
21549
21585
21620
21655
21689
21722
21755
21788
21820
21851
21882
21912
21942
21972
22001
22030
22058
22058
22058
22030
22001
21972
21942
21912
21882
21851
21820
21788
21755
21722
21689
21655
21620
21585
21549
21513
21476
21438
21400
21361
21321
21280
21239
21197
21155
21111
21067
21022
20976
20929
20882
20833
20783
20733
20681
20629
20575
20520
20464
20407
20349
20289
20229
20167
20103
20038
19972
19904
19835
19764
19691
19617
19540
19463
19383
19301
19217
19131
19043
18953
18860
18765
18668
18568
18465
18359
18251
18140
18025
17907
17786
17661
17533
17401
17265
17125
16980
16832
16678
16520
16357
16188
16014
15835
15650
15458
15260
15056
14844
14626
14399
14166
13924
13673
13414
13146
12868
12581
12283
11975
11657
11327
10986
10633
10269
9892
9503
9101
8687
8260
7821
7369
6905
6428
5940
5440
4930
4410
3881
3343
2797
2246
1689
1128
565
0
546
1091
1633
2172
2706
3234
3756
4270
4775
5272
5758
6234
6700
7154
7596
8027
8447
8854
9250
9634
10006
10367
10716
11055
11383
11700
12006
12303
12590
12868
13137
13396
13648
13891
14126
14353
14574
14787
14993
15193
15386
15574
15755
15931
16102
16268
16428
16584
16735
16882
17024
17163
17297
17428
17555
17678
17798
17915
18029
18140
18247
18352
18455
18554
18651
18746
18838
18929
19016
19102
19186
19268
19348
19426
19502
19576
19649
19720
19790
19858
19924
19990
20053
20116
20177
20237
20295
20353
20409
20464
20518
20571
20623
20674
20724
20773
20822
20869
20915
20961
21005
21049
21092
21135
21176
21217
21257
21297
21336
21374
21411
21448
21484
21520
21555
21590
21623
21657
21690
21722
21754
21785
21816
21847
21877
21906
21935
21935
21935
21906
21877
21847
21816
21785
21754
21722
21690
21657
21623
21590
21555
21520
21484
21448
21411
21374
21336
21297
21257
21217
21176
21135
21092
21049
21005
20961
20915
20869
20822
20773
20724
20674
20623
20571
20518
20464
20409
20353
20295
20237
20177
20116
20053
19990
19924
19858
19790
19720
19649
19576
19502
19426
19348
19268
19186
19102
19016
18929
18838
18746
18651
18554
18455
18352
18247
18140
18029
17915
17798
17678
17555
17428
17297
17163
17024
16882
16735
16584
16428
16268
16102
15931
15755
15574
15386
15193
14993
14787
14574
14353
14126
13891
13648
13396
13137
12868
12590
12303
12006
11700
11383
11055
10716
10367
10006
9634
9250
8854
8447
8027
7596
7154
6700
6234
5758
5272
4775
4270
3756
3234
2706
2172
1633
1091
546
0
528
1056
1581
2102
2620
3132
3639
4138
4629
5112
5587
6051
6506
6950
7384
7806
8218
8619
9009
9387
9755
10112
10458
10794
11119
11434
11740
12036
12322
12599
12868
13128
13380
13624
13860
14088
14310
14524
14732
14934
15129
15318
15502
15680
15853
16020
16183
16341
16494
16643
16788
16928
17065
17198
17327
17452
17575
17694
17810
17923
18032
18140
18244
18346
18445
18542
18636
18728
18818
18905
18991
19075
19156
19236
19314
19391
19465
19538
19609
19679
19747
19814
19879
19943
20006
20068
20128
20187
20244
20301
20357
20411
20464
20517
20568
20618
20668
20716
20764
20811
20857
20902
20946
20990
21032
21074
21116
21156
21196
21235
21274
21312
21349
21386
21422
21457
21492
21527
21561
21594
21627
21659
21691
21722
21753
21783
21813
21813
21813
21783
21753
21722
21691
21659
21627
21594
21561
21527
21492
21457
21422
21386
21349
21312
21274
21235
21196
21156
21116
21074
21032
20990
20946
20902
20857
20811
20764
20716
20668
20618
20568
20517
20464
20411
20357
20301
20244
20187
20128
20068
20006
19943
19879
19814
19747
19679
19609
19538
19465
19391
19314
19236
19156
19075
18991
18905
18818
18728
18636
18542
18445
18346
18244
18140
18032
17923
17810
17694
17575
17452
17327
17198
17065
16928
16788
16643
16494
16341
16183
16020
15853
15680
15502
15318
15129
14934
14732
14524
14310
14088
13860
13624
13380
13128
12868
12599
12322
12036
11740
11434
11119
10794
10458
10112
9755
9387
9009
8619
8218
7806
7384
6950
6506
6051
5587
5112
4629
4138
3639
3132
2620
2102
1581
1056
528
0
512
1023
1532
2037
2539
3037
3528
4014
4492
4962
5425
5878
6322
6757
7182
7596
8001
8395
8779
9152
9515
9868
10210
10543
10866
11179
11483
11777
12063
12340
12608
12868
13120
13364
13601
13831
14053
14269
14478
14681
14878
15069
15254
15434
15608
15778
15942
16102
16257
16408
16555
16698
16836
16971
17102
17230
17355
17476
17594
17708
17820
17929
18036
18140
18241
18339
18436
18530
18621
18711
18798
18884
18967
19049
19129
19207
19283
19357
19430
19502
19572
19640
19707
19772
19837
19900
19961
20022
20081
20139
20196
20252
20306
20360
20413
20464
20515
20565
20614
20662
20709
20755
20801
20845
20889
20932
20975
21016
21057
21098
21137
21176
21215
21252
21289
21326
21362
21397
21432
21466
21500
21533
21566
21598
21630
21661
21692
21692
21692
21661
21630
21598
21566
21533
21500
21466
21432
21397
21362
21326
21289
21252
21215
21176
21137
21098
21057
21016
20975
20932
20889
20845
20801
20755
20709
20662
20614
20565
20515
20464
20413
20360
20306
20252
20196
20139
20081
20022
19961
19900
19837
19772
19707
19640
19572
19502
19430
19357
19283
19207
19129
19049
18967
18884
18798
18711
18621
18530
18436
18339
18241
18140
18036
17929
17820
17708
17594
17476
17355
17230
17102
16971
16836
16698
16555
16408
16257
16102
15942
15778
15608
15434
15254
15069
14878
14681
14478
14269
14053
13831
13601
13364
13120
12868
12608
12340
12063
11777
11483
11179
10866
10543
10210
9868
9515
9152
8779
8395
8001
7596
7182
6757
6322
5878
5425
4962
4492
4014
3528
3037
2539
2037
1532
1023
512
0
496
992
1485
1976
2464
2947
3425
3897
4362
4821
5272
5714
6148
6574
6990
7397
7794
8181
8559
8927
9285
9634
9973
10302
10622
10933
11235
11528
11812
12088
12356
12616
12868
13112
13350
13580
13803
14020
14230
14434
14632
14825
15011
15193
15369
15540
15706
15868
16025
16178
16327
16471
16612
16748
16882
17011
17138
17261
17381
17497
17611
17722
17830
17936
18039
18140
18238
18333
18427
18518
18608
18695
18780
18863
18945
19024
19102
19178
19253
19326
19397
19467
19536
19603
19669
19733
19796
19858
19918
19978
20036
20093
20149
20204
20258
20311
20363
20414
20464
20514
20562
20609
20656
20702
20747
20791
20835
20877
20919
20961
21001
21041
21081
21119
21157
21195
21232
21268
21304
21339
21374
21408
21441
21474
21507
21539
21571
21571
21571
21539
21507
21474
21441
21408
21374
21339
21304
21268
21232
21195
21157
21119
21081
21041
21001
20961
20919
20877
20835
20791
20747
20702
20656
20609
20562
20514
20464
20414
20363
20311
20258
20204
20149
20093
20036
19978
19918
19858
19796
19733
19669
19603
19536
19467
19397
19326
19253
19178
19102
19024
18945
18863
18780
18695
18608
18518
18427
18333
18238
18140
18039
17936
17830
17722
17611
17497
17381
17261
17138
17011
16882
16748
16612
16471
16327
16178
16025
15868
15706
15540
15369
15193
15011
14825
14632
14434
14230
14020
13803
13580
13350
13112
12868
12616
12356
12088
11812
11528
11235
10933
10622
10302
9973
9634
9285
8927
8559
8181
7794
7397
6990
6574
6148
5714
5272
4821
4362
3897
3425
2947
2464
1976
1485
992
496
0
482
963
1442
1919
2392
2862
3327
3786
4240
4687
5127
5559
5983
6400
6807
7206
7596
7977
8349
8712
9065
9409
9745
10071
10388
10696
10996
11287
11570
11845
12112
12372
12623
12868
13105
13336
13560
13777
13988
14193
14393
14586
14774
14957
15135
15307
15475
15639
15797
15952
16102
16248
16391
16529
16664
16796
16924
17049
17171
17289
17405
17518
17628
17735
17840
17942
18042
18140
18235
18328
18419
18508
18595
18679
18763
18844
18923
19001
19077
19152
19225
19296
19366
19435
19502
19568
19632
19695
19757
19818
19878
19936
19993
20050
20105
20159
20212
20265
20316
20366
20416
20464
20512
20559
20605
20651
20695
20739
20782
20824
20866
20907
20947
20987
21026
21065
21102
21140
21176
21212
21248
21283
21317
21351
21385
21418
21450
21450
21450
21418
21385
21351
21317
21283
21248
21212
21176
21140
21102
21065
21026
20987
20947
20907
20866
20824
20782
20739
20695
20651
20605
20559
20512
20464
20416
20366
20316
20265
20212
20159
20105
20050
19993
19936
19878
19818
19757
19695
19632
19568
19502
19435
19366
19296
19225
19152
19077
19001
18923
18844
18763
18679
18595
18508
18419
18328
18235
18140
18042
17942
17840
17735
17628
17518
17405
17289
17171
17049
16924
16796
16664
16529
16391
16248
16102
15952
15797
15639
15475
15307
15135
14957
14774
14586
14393
14193
13988
13777
13560
13336
13105
12868
12623
12372
12112
11845
11570
11287
10996
10696
10388
10071
9745
9409
9065
8712
8349
7977
7596
7206
6807
6400
5983
5559
5127
4687
4240
3786
3327
2862
2392
1919
1442
963
482
0
468
935
1401
1864
2325
2782
3234
3682
4124
4560
4989
5412
5827
6234
6634
7025
7408
7783
8148
8506
8854
9194
9525
9848
10162
10468
10766
11055
11336
11610
11876
12135
12386
12631
12868
13099
13323
13541
13753
13959
14159
14353
14543
14726
14905
15079
15249
15413
15574
15730
15882
16030
16174
16314
16451
16584
16714
16840
16964
17084
17201
17316
17428
17537
17643
17747
17849
17948
18045
18140
18232
18323
18411
18498
18582
18665
18746
18825
18903
18979
19053
19126
19198
19268
19336
19403
19469
19534
19597
19659
19720
19780
19839
19896
19953
20008
20062
20116
20168
20220
20270
20320
20369
20417
20464
20511
20556
20601
20645
20689
20731
20773
20815
20855
20895
20935
20974
21012
21049
21086
21123
21159
21194
21229
21263
21297
21330
21330
21330
21297
21263
21229
21194
21159
21123
21086
21049
21012
20974
20935
20895
20855
20815
20773
20731
20689
20645
20601
20556
20511
20464
20417
20369
20320
20270
20220
20168
20116
20062
20008
19953
19896
19839
19780
19720
19659
19597
19534
19469
19403
19336
19268
19198
19126
19053
18979
18903
18825
18746
18665
18582
18498
18411
18323
18232
18140
18045
17948
17849
17747
17643
17537
17428
17316
17201
17084
16964
16840
16714
16584
16451
16314
16174
16030
15882
15730
15574
15413
15249
15079
14905
14726
14543
14353
14159
13959
13753
13541
13323
13099
12868
12631
12386
12135
11876
11610
11336
11055
10766
10468
10162
9848
9525
9194
8854
8506
8148
7783
7408
7025
6634
6234
5827
5412
4989
4560
4124
3682
3234
2782
2325
1864
1401
935
468
0
455
909
1362
1813
2261
2706
3147
3583
4014
4439
4859
5272
5678
6077
6468
6852
7228
7596
7956
8308
8652
8987
9315
9634
9945
10248
10543
10831
11110
11383
11648
11905
12156
12400
12637
12868
13092
13311
13523
13729
13930
14126
14316
14501
14681
14856
15027
15193
15354
15512
15665
15815
15960
16102
16240
16375
16507
16635
16760
16882
17001
17117
17230
17341
17449
17555
17658
17759
17857
17953
18047
18140
18230
18318
18404
18488
18571
18651
18730
18808
18884
18958
19031
19102
19172
19241
19308
19374
19438
19502
19564
19625
19685
19744
19801
19858
19913
19968
20022
20074
20126
20177
20227
20276
20324
20372
20418
20464
20510
20554
20598
20641
20683
20724
20765
20806
20845
20884
20923
20961
20998
21035
21071
21107
21142
21176
21210
21210
21210
21176
21142
21107
21071
21035
20998
20961
20923
20884
20845
20806
20765
20724
20683
20641
20598
20554
20510
20464
20418
20372
20324
20276
20227
20177
20126
20074
20022
19968
19913
19858
19801
19744
19685
19625
19564
19502
19438
19374
19308
19241
19172
19102
19031
18958
18884
18808
18730
18651
18571
18488
18404
18318
18230
18140
18047
17953
17857
17759
17658
17555
17449
17341
17230
17117
17001
16882
16760
16635
16507
16375
16240
16102
15960
15815
15665
15512
15354
15193
15027
14856
14681
14501
14316
14126
13930
13729
13523
13311
13092
12868
12637
12400
12156
11905
11648
11383
11110
10831
10543
10248
9945
9634
9315
8987
8652
8308
7956
7596
7228
6852
6468
6077
5678
5272
4859
4439
4014
3583
3147
2706
2261
1813
1362
909
455
0
443
885
1326
1764
2201
2634
3063
3489
3909
4325
4735
5138
5536
5927
6310
6687
7056
7418
7773
8119
8458
8789
9112
9428
9736
10036
10328
10614
10892
11162
11426
11683
11933
12176
12413
12644
12868
13086
13299
13506
13707
13904
14094
14280
14461
14638
14809
14977
15139
15298
15453
15604
15751
15894
16034
16170
16303
16432
16559
16682
16803
16921
17036
17148
17257
17365
17469
17572
17672
17769
17865
17958
18050
18140
18227
18313
18397
18479
18560
18638
18716
18791
18865
18938
19009
19079
19148
19215
19281
19345
19409
19471
19532
19592
19651
19709
19765
19821
19876
19930
19983
20035
20086
20136
20185
20234
20281
20328
20374
20420
20464
20508
20552
20594
20636
20677
20718
20758
20797
20836
20874
20911
20948
20985
21021
21056
21091
21091
21091
21056
21021
20985
20948
20911
20874
20836
20797
20758
20718
20677
20636
20594
20552
20508
20464
20420
20374
20328
20281
20234
20185
20136
20086
20035
19983
19930
19876
19821
19765
19709
19651
19592
19532
19471
19409
19345
19281
19215
19148
19079
19009
18938
18865
18791
18716
18638
18560
18479
18397
18313
18227
18140
18050
17958
17865
17769
17672
17572
17469
17365
17257
17148
17036
16921
16803
16682
16559
16432
16303
16170
16034
15894
15751
15604
15453
15298
15139
14977
14809
14638
14461
14280
14094
13904
13707
13506
13299
13086
12868
12644
12413
12176
11933
11683
11426
11162
10892
10614
10328
10036
9736
9428
9112
8789
8458
8119
7773
7418
7056
6687
6310
5927
5536
5138
4735
4325
3909
3489
3063
2634
2201
1764
1326
885
443
0
431
862
1291
1718
2143
2566
2985
3400
3810
4216
4617
5012
5401
5783
6160
6529
6892
7248
7596
7938
8272
8598
8917
9229
9534
9831
10121
10404
10680
10949
11211
11467
11716
11959
12195
12425
12650
12868
13081
13288
13490
13686
13878
14065
14246
14424
14596
14765
14929
15088
15244
15396
15545
15689
15830
15968
16102
16233
16361
16486
16608
16727
16844
16957
17068
17177
17283
17387
17488
17587
17685
17779
17872
17963
18052
18140
18225
18308
18390
18470
18549
18626
18702
18775
18848
18919
18989
19057
19124
19190
19255
19318
19381
19442
19502
19561
19619
19675
19731
19786
19840
19893
19945
19996
20047
20096
20145
20193
20240
20286
20332
20377
20421
20464
20507
20549
20591
20632
20672
20711
20750
20789
20827
20864
20901
20937
20973
20973
20973
20937
20901
20864
20827
20789
20750
20711
20672
20632
20591
20549
20507
20464
20421
20377
20332
20286
20240
20193
20145
20096
20047
19996
19945
19893
19840
19786
19731
19675
19619
19561
19502
19442
19381
19318
19255
19190
19124
19057
18989
18919
18848
18775
18702
18626
18549
18470
18390
18308
18225
18140
18052
17963
17872
17779
17685
17587
17488
17387
17283
17177
17068
16957
16844
16727
16608
16486
16361
16233
16102
15968
15830
15689
15545
15396
15244
15088
14929
14765
14596
14424
14246
14065
13878
13686
13490
13288
13081
12868
12650
12425
12195
11959
11716
11467
11211
10949
10680
10404
10121
9831
9534
9229
8917
8598
8272
7938
7596
7248
6892
6529
6160
5783
5401
5012
4617
4216
3810
3400
2985
2566
2143
1718
1291
862
431
0
420
839
1258
1675
2089
2501
2910
3315
3716
4112
4504
4891
5272
5647
6016
6379
6735
7085
7428
7764
8093
8415
8730
9038
9340
9634
9921
10202
10476
10743
11004
11258
11506
11748
11983
12213
12437
12655
12868
13075
13277
13475
13667
13854
14036
14214
14388
14557
14722
14883
15040
15193
15342
15488
15630
15769
15905
16037
16166
16293
16416
16536
16654
16769
16882
16992
17099
17204
17307
17408
17506
17603
17697
17789
17879
17968
18055
18140
18223
18304
18384
18462
18539
18614
18688
18760
18831
18901
18969
19036
19102
19167
19230
19292
19354
19414
19473
19531
19587
19643
19698
19752
19806
19858
19909
19960
20009
20058
20106
20154
20200
20246
20291
20335
20379
20422
20464
20506
20547
20588
20627
20667
20705
20743
20781
20818
20854
20854
20854
20818
20781
20743
20705
20667
20627
20588
20547
20506
20464
20422
20379
20335
20291
20246
20200
20154
20106
20058
20009
19960
19909
19858
19806
19752
19698
19643
19587
19531
19473
19414
19354
19292
19230
19167
19102
19036
18969
18901
18831
18760
18688
18614
18539
18462
18384
18304
18223
18140
18055
17968
17879
17789
17697
17603
17506
17408
17307
17204
17099
16992
16882
16769
16654
16536
16416
16293
16166
16037
15905
15769
15630
15488
15342
15193
15040
14883
14722
14557
14388
14214
14036
13854
13667
13475
13277
13075
12868
12655
12437
12213
11983
11748
11506
11258
11004
10743
10476
10202
9921
9634
9340
9038
8730
8415
8093
7764
7428
7085
6735
6379
6016
5647
5272
4891
4504
4112
3716
3315
2910
2501
2089
1675
1258
839
420
0
410
819
1227
1633
2037
2439
2838
3234
3626
4014
4397
4775
5148
5516
5878
6234
6584
6928
7265
7596
7921
8239
8550
8854
9152
9443
9728
10006
10278
10543
10802
11055
11302
11542
11777
12006
12230
12448
12661
12868
13070
13267
13460
13648
13831
14009
14183
14353
14519
14681
14839
14993
15143
15290
15434
15574
15711
15844
15975
16102
16227
16348
16467
16584
16698
16809
16918
17024
17128
17230
17330
17428
17523
17617
17708
17798
17886
17972
18057
18140
18221
18300
18378
18455
18530
18603
18675
18746
18816
18884
18951
19016
19081
19144
19207
19268
19328
19387
19445
19502
19558
19613
19667
19720
19772
19824
19875
19924
19973
20022
20069
20116
20162
20207
20252
20295
20339
20381
20423
20464
20505
20545
20585
20623
20662
20700
20737
20737
20737
20700
20662
20623
20585
20545
20505
20464
20423
20381
20339
20295
20252
20207
20162
20116
20069
20022
19973
19924
19875
19824
19772
19720
19667
19613
19558
19502
19445
19387
19328
19268
19207
19144
19081
19016
18951
18884
18816
18746
18675
18603
18530
18455
18378
18300
18221
18140
18057
17972
17886
17798
17708
17617
17523
17428
17330
17230
17128
17024
16918
16809
16698
16584
16467
16348
16227
16102
15975
15844
15711
15574
15434
15290
15143
14993
14839
14681
14519
14353
14183
14009
13831
13648
13460
13267
13070
12868
12661
12448
12230
12006
11777
11542
11302
11055
10802
10543
10278
10006
9728
9443
9152
8854
8550
8239
7921
7596
7265
6928
6584
6234
5878
5516
5148
4775
4397
4014
3626
3234
2838
2439
2037
1633
1227
819
410
0
400
799
1197
1593
1988
2381
2771
3157
3540
3920
4295
4665
5031
5391
5746
6096
6440
6778
7110
7436
7755
8069
8376
8677
8971
9259
9541
9817
10086
10350
10607
10858
11104
11343
11577
11806
12028
12246
12458
12666
12868
13065
13258
13446
13629
13809
13983
14154
14321
14483
14642
14797
14948
15096
15241
15382
15520
15654
15786
15914
16040
16163
16283
16401
16516
16629
16739
16846
16952
17055
17156
17255
17352
17446
17539
17630
17720
17807
17893
17977
18059
18140
18219
18296
18372
18447
18520
18592
18663
18732
18800
18867
18933
18997
19061
19123
19184
19244
19303
19361
19418
19474
19529
19583
19637
19689
19741
19791
19841
19890
19939
19986
20033
20079
20125
20170
20214
20257
20300
20342
20383
20424
20464
20504
20543
20582
20620
20620
20620
20582
20543
20504
20464
20424
20383
20342
20300
20257
20214
20170
20125
20079
20033
19986
19939
19890
19841
19791
19741
19689
19637
19583
19529
19474
19418
19361
19303
19244
19184
19123
19061
18997
18933
18867
18800
18732
18663
18592
18520
18447
18372
18296
18219
18140
18059
17977
17893
17807
17720
17630
17539
17446
17352
17255
17156
17055
16952
16846
16739
16629
16516
16401
16283
16163
16040
15914
15786
15654
15520
15382
15241
15096
14948
14797
14642
14483
14321
14154
13983
13809
13629
13446
13258
13065
12868
12666
12458
12246
12028
11806
11577
11343
11104
10858
10607
10350
10086
9817
9541
9259
8971
8677
8376
8069
7755
7436
7110
6778
6440
6096
5746
5391
5031
4665
4295
3920
3540
3157
2771
2381
1988
1593
1197
799
400
0
390
780
1168
1556
1941
2325
2706
3084
3459
3830
4197
4560
4918
5272
5620
5963
6301
6634
6960
7281
7596
7905
8209
8506
8797
9082
9361
9634
9901
10162
10418
10667
10911
11150
11383
11610
11832
12049
12261
12468
12671
12868
13061
13249
13433
13612
13787
13959
14126
14289
14449
14604
14757
14905
15051
15193
15332
15467
15600
15730
15857
15981
16102
16221
16337
16451
16562
16671
16777
16882
16984
17084
17182
17278
17372
17464
17555
17643
17730
17815
17899
17980
18061
18140
18217
18293
18367
18440
18512
18582
18651
18719
18786
18851
18916
18979
19041
19102
19162
19221
19279
19336
19392
19447
19502
19555
19608
19659
19710
19760
19809
19858
19906
19953
19999
20044
20089
20133
20177
20220
20262
20304
20345
20385
20425
20464
20503
20503
20503
20464
20425
20385
20345
20304
20262
20220
20177
20133
20089
20044
19999
19953
19906
19858
19809
19760
19710
19659
19608
19555
19502
19447
19392
19336
19279
19221
19162
19102
19041
18979
18916
18851
18786
18719
18651
18582
18512
18440
18367
18293
18217
18140
18061
17980
17899
17815
17730
17643
17555
17464
17372
17278
17182
17084
16984
16882
16777
16671
16562
16451
16337
16221
16102
15981
15857
15730
15600
15467
15332
15193
15051
14905
14757
14604
14449
14289
14126
13959
13787
13612
13433
13249
13061
12868
12671
12468
12261
12049
11832
11610
11383
11150
10911
10667
10418
10162
9901
9634
9361
9082
8797
8506
8209
7905
7596
7281
6960
6634
6301
5963
5620
5272
4918
4560
4197
3830
3459
3084
2706
2325
1941
1556
1168
780
390
0
381
761
1141
1520
1897
2271
2644
3014
3380
3744
4103
4459
4810
5157
5499
5836
6168
6495
6817
7133
7443
7748
8047
8341
8628
8910
9186
9457
9721
9981
10234
10482
10724
10962
11193
11420
11641
11858
12069
12276
12478
12675
12868
13056
13240
13420
13596
13767
13935
14099
14259
14416
14568
14718
14864
15007
15147
15284
15417
15548
15676
15801
15923
16043
16160
16275
16387
16497
16605
16711
16814
16915
17014
17112
17207
17300
17392
17481
17569
17655
17740
17823
17904
17984
18063
18140
18215
18289
18362
18433
18504
18572
18640
18707
18772
18836
18899
18961
19022
19082
19141
19199
19256
19312
19368
19422
19475
19528
19580
19631
19681
19730
19779
19826
19873
19920
19966
20011
20055
20099
20142
20184
20226
20267
20308
20348
20387
20387
20387
20348
20308
20267
20226
20184
20142
20099
20055
20011
19966
19920
19873
19826
19779
19730
19681
19631
19580
19528
19475
19422
19368
19312
19256
19199
19141
19082
19022
18961
18899
18836
18772
18707
18640
18572
18504
18433
18362
18289
18215
18140
18063
17984
17904
17823
17740
17655
17569
17481
17392
17300
17207
17112
17014
16915
16814
16711
16605
16497
16387
16275
16160
16043
15923
15801
15676
15548
15417
15284
15147
15007
14864
14718
14568
14416
14259
14099
13935
13767
13596
13420
13240
13056
12868
12675
12478
12276
12069
11858
11641
11420
11193
10962
10724
10482
10234
9981
9721
9457
9186
8910
8628
8341
8047
7748
7443
7133
6817
6495
6168
5836
5499
5157
4810
4459
4103
3744
3380
3014
2644
2271
1897
1520
1141
761
381
0
372
744
1115
1485
1854
2220
2585
2947
3306
3661
4014
4362
4707
5047
5383
5714
6041
6362
6679
6990
7296
7596
7892
8181
8466
8744
9018
9285
9548
9804
10056
10302
10543
10779
11009
11235
11456
11671
11882
12088
12290
12487
12680
12868
13052
13232
13408
13580
13748
13912
14073
14230
14384
14534
14681
14825
14965
15103
15237
15369
15498
15624
15747
15868
15986
16102
16215
16327
16435
16542
16646
16748
16849
16947
17043
17138
17230
17321
17410
17497
17583
17667
17750
17830
17910
17988
18064
18140
18213
18286
18357
18427
18496
18563
18629
18695
18759
18822
18884
18945
19005
19063
19121
19178
19234
19290
19344
19397
19450
19502
19553
19603
19652
19701
19749
19796
19842
19888
19933
19978
20022
20065
20107
20149
20191
20231
20272
20272
20272
20231
20191
20149
20107
20065
20022
19978
19933
19888
19842
19796
19749
19701
19652
19603
19553
19502
19450
19397
19344
19290
19234
19178
19121
19063
19005
18945
18884
18822
18759
18695
18629
18563
18496
18427
18357
18286
18213
18140
18064
17988
17910
17830
17750
17667
17583
17497
17410
17321
17230
17138
17043
16947
16849
16748
16646
16542
16435
16327
16215
16102
15986
15868
15747
15624
15498
15369
15237
15103
14965
14825
14681
14534
14384
14230
14073
13912
13748
13580
13408
13232
13052
12868
12680
12487
12290
12088
11882
11671
11456
11235
11009
10779
10543
10302
10056
9804
9548
9285
9018
8744
8466
8181
7892
7596
7296
6990
6679
6362
6041
5714
5383
5047
4707
4362
4014
3661
3306
2947
2585
2220
1854
1485
1115
744
372
0
364
728
1091
1453
1813
2172
2528
2883
3234
3583
3928
4270
4608
4942
5272
5597
5918
6234
6546
6852
7154
7450
7741
8027
8308
8584
8854
9119
9379
9634
9883
10128
10367
10601
10831
11055
11275
11489
11700
11905
12106
12303
12496
12684
12868
13048
13224
13396
13565
13729
13891
14048
14202
14353
14501
14645
14787
14925
15060
15193
15322
15449
15574
15695
15815
15931
16046
16158
16268
16375
16481
16584
16685
16784
16882
16977
17071
17163
17253
17341
17428
17513
17596
17678
17759
17838
17915
17991
18066
18140
18212
18283
18352
18421
18488
18554
18619
18683
18746
18808
18869
18929
18987
19045
19102
19158
19213
19268
19321
19374
19426
19477
19527
19576
19625
19673
19720
19767
19813
19858
19902
19946
19990
20032
20074
20116
20157
20157
20157
20116
20074
20032
19990
19946
19902
19858
19813
19767
19720
19673
19625
19576
19527
19477
19426
19374
19321
19268
19213
19158
19102
19045
18987
18929
18869
18808
18746
18683
18619
18554
18488
18421
18352
18283
18212
18140
18066
17991
17915
17838
17759
17678
17596
17513
17428
17341
17253
17163
17071
16977
16882
16784
16685
16584
16481
16375
16268
16158
16046
15931
15815
15695
15574
15449
15322
15193
15060
14925
14787
14645
14501
14353
14202
14048
13891
13729
13565
13396
13224
13048
12868
12684
12496
12303
12106
11905
11700
11489
11275
11055
10831
10601
10367
10128
9883
9634
9379
9119
8854
8584
8308
8027
7741
7450
7154
6852
6546
6234
5918
5597
5272
4942
4608
4270
3928
3583
3234
2883
2528
2172
1813
1453
1091
728
364
0
356
712
1067
1421
1774
2125
2474
2821
3166
3507
3846
4181
4513
4841
5164
5484
5800
6111
6418
6720
7017
7309
7596
7879
8156
8429
8696
8959
9216
9468
9716
9958
10196
10429
10657
10880
11098
11312
11522
11727
11927
12124
12316
12504
12688
12868
13044
13217
13385
13550
13712
13870
14025
14176
14324
14469
14611
14750
14886
15019
15150
15278
15403
15525
15646
15763
15878
15991
16102
16211
16317
16421
16523
16624
16722
16818
16913
17006
17097
17186
17274
17360
17444
17527
17609
17689
17767
17844
17920
17995
18068
18140
18210
18280
18348
18415
18481
18546
18609
18672
18734
18795
18854
18913
18971
19028
19084
19139
19193
19247
19299
19351
19402
19452
19502
19550
19599
19646
19692
19738
19784
19828
19872
19916
19959
20001
20042
20042
20042
20001
19959
19916
19872
19828
19784
19738
19692
19646
19599
19550
19502
19452
19402
19351
19299
19247
19193
19139
19084
19028
18971
18913
18854
18795
18734
18672
18609
18546
18481
18415
18348
18280
18210
18140
18068
17995
17920
17844
17767
17689
17609
17527
17444
17360
17274
17186
17097
17006
16913
16818
16722
16624
16523
16421
16317
16211
16102
15991
15878
15763
15646
15525
15403
15278
15150
15019
14886
14750
14611
14469
14324
14176
14025
13870
13712
13550
13385
13217
13044
12868
12688
12504
12316
12124
11927
11727
11522
11312
11098
10880
10657
10429
10196
9958
9716
9468
9216
8959
8696
8429
8156
7879
7596
7309
7017
6720
6418
6111
5800
5484
5164
4841
4513
4181
3846
3507
3166
2821
2474
2125
1774
1421
1067
712
356
0
349
697
1044
1391
1736
2080
2422
2762
3100
3435
3767
4096
4421
4743
5062
5376
5686
5992
6294
6592
6885
7173
7456
7735
8009
8279
8543
8803
9058
9308
9553
9794
10030
10261
10487
10709
10927
11140
11348
11553
11753
11948
12140
12328
12512
12692
12868
13040
13209
13375
13536
13695
13850
14002
14150
14296
14439
14578
14715
14849
14980
15109
15234
15358
15479
15597
15713
15827
15939
16048
16155
16261
16364
16465
16564
16662
16757
16851
16943
17033
17122
17209
17294
17378
17460
17541
17621
17699
17775
17851
17925
17998
18069
18140
18209
18277
18343
18409
18474
18537
18600
18662
18722
18782
18840
18898
18955
19011
19066
19120
19174
19226
19278
19329
19379
19429
19478
19526
19573
19620
19666
19711
19756
19800
19843
19886
19929
19929
19929
19886
19843
19800
19756
19711
19666
19620
19573
19526
19478
19429
19379
19329
19278
19226
19174
19120
19066
19011
18955
18898
18840
18782
18722
18662
18600
18537
18474
18409
18343
18277
18209
18140
18069
17998
17925
17851
17775
17699
17621
17541
17460
17378
17294
17209
17122
17033
16943
16851
16757
16662
16564
16465
16364
16261
16155
16048
15939
15827
15713
15597
15479
15358
15234
15109
14980
14849
14715
14578
14439
14296
14150
14002
13850
13695
13536
13375
13209
13040
12868
12692
12512
12328
12140
11948
11753
11553
11348
11140
10927
10709
10487
10261
10030
9794
9553
9308
9058
8803
8543
8279
8009
7735
7456
7173
6885
6592
6294
5992
5686
5376
5062
4743
4421
4096
3767
3435
3100
2762
2422
2080
1736
1391
1044
697
349
0
341
682
1023
1362
1701
2037
2373
2706
3037
3365
3691
4014
4333
4650
4962
5272
5577
5878
6175
6468
6757
7041
7321
7596
7867
8133
8395
8652
8904
9152
9395
9634
9868
10097
10322
10543
10759
10971
11179
11383
11582
11777
11969
12156
12340
12519
12696
12868
13037
13202
13364
13523
13678
13831
13980
14126
14269
14409
14546
14681
14813
14942
15069
15193
15314
15434
15551
15665
15778
15888
15996
16102
16206
16308
16408
16507
16603
16698
16791
16882
16971
17059
17145
17230
17314
17395
17476
17555
17632
17708
17783
17857
17929
18001
18071
18140
18207
18274
18339
18404
18467
18530
18591
18651
18711
18769
18827
18884
18940
18995
19049
19102
19155
19207
19258
19308
19357
19406
19454
19502
19548
19595
19640
19685
19729
19772
19815
19815
19815
19772
19729
19685
19640
19595
19548
19502
19454
19406
19357
19308
19258
19207
19155
19102
19049
18995
18940
18884
18827
18769
18711
18651
18591
18530
18467
18404
18339
18274
18207
18140
18071
18001
17929
17857
17783
17708
17632
17555
17476
17395
17314
17230
17145
17059
16971
16882
16791
16698
16603
16507
16408
16308
16206
16102
15996
15888
15778
15665
15551
15434
15314
15193
15069
14942
14813
14681
14546
14409
14269
14126
13980
13831
13678
13523
13364
13202
13037
12868
12696
12519
12340
12156
11969
11777
11582
11383
11179
10971
10759
10543
10322
10097
9868
9634
9395
9152
8904
8652
8395
8133
7867
7596
7321
7041
6757
6468
6175
5878
5577
5272
4962
4650
4333
4014
3691
3365
3037
2706
2373
2037
1701
1362
1023
682
341
0
334
668
1002
1335
1666
1996
2325
2652
2976
3298
3618
3935
4249
4560
4867
5171
5471
5768
6061
6349
6634
6914
7190
7462
7730
7993
8251
8506
8756
9001
9242
9479
9711
9939
10162
10381
10596
10807
11014
11217
11415
11610
11801
11988
12171
12351
12527
12699
12868
13033
13196
13354
13510
13663
13812
13959
14102
14243
14381
14516
14648
14778
14905
15030
15153
15273
15390
15506
15619
15730
15839
15946
16050
16153
16254
16353
16451
16546
16640
16732
16822
16911
16998
17084
17168
17251
17332
17412
17490
17567
17643
17718
17791
17863
17934
18004
18072
18140
18206
18271
18335
18399
18461
18522
18582
18642
18700
18757
18814
18870
18925
18979
19032
19085
19137
19188
19238
19287
19336
19384
19432
19479
19525
19570
19615
19659
19703
19703
19703
19659
19615
19570
19525
19479
19432
19384
19336
19287
19238
19188
19137
19085
19032
18979
18925
18870
18814
18757
18700
18642
18582
18522
18461
18399
18335
18271
18206
18140
18072
18004
17934
17863
17791
17718
17643
17567
17490
17412
17332
17251
17168
17084
16998
16911
16822
16732
16640
16546
16451
16353
16254
16153
16050
15946
15839
15730
15619
15506
15390
15273
15153
15030
14905
14778
14648
14516
14381
14243
14102
13959
13812
13663
13510
13354
13196
13033
12868
12699
12527
12351
12171
11988
11801
11610
11415
11217
11014
10807
10596
10381
10162
9939
9711
9479
9242
9001
8756
8506
8251
7993
7730
7462
7190
6914
6634
6349
6061
5768
5471
5171
4867
4560
4249
3935
3618
3298
2976
2652
2325
1996
1666
1335
1002
668
334
0
328
655
982
1308
1633
1957
2279
2599
2918
3234
3548
3859
4168
4473
4775
5074
5370
5662
5950
6234
6515
6791
7064
7332
7596
7856
8112
8364
8611
8854
9093
9328
9558
9784
10006
10224
10438
10647
10853
11055
11253
11447
11637
11824
12006
12186
12361
12534
12702
12868
13030
13189
13345
13498
13648
13794
13938
14079
14218
14353
14486
14617
14745
14870
14993
15114
15232
15348
15462
15574
15683
15791
15897
16000
16102
16202
16300
16396
16491
16584
16675
16765
16853
16939
17024
17108
17190
17270
17350
17428
17504
17580
17654
17727
17798
17869
17938
18006
18073
18140
18205
18269
18332
18394
18455
18515
18574
18632
18690
18746
18802
18857
18911
18964
19016
19068
19119
19169
19219
19268
19316
19363
19410
19456
19502
19547
19591
19591
19591
19547
19502
19456
19410
19363
19316
19268
19219
19169
19119
19068
19016
18964
18911
18857
18802
18746
18690
18632
18574
18515
18455
18394
18332
18269
18205
18140
18073
18006
17938
17869
17798
17727
17654
17580
17504
17428
17350
17270
17190
17108
17024
16939
16853
16765
16675
16584
16491
16396
16300
16202
16102
16000
15897
15791
15683
15574
15462
15348
15232
15114
14993
14870
14745
14617
14486
14353
14218
14079
13938
13794
13648
13498
13345
13189
13030
12868
12702
12534
12361
12186
12006
11824
11637
11447
11253
11055
10853
10647
10438
10224
10006
9784
9558
9328
9093
8854
8611
8364
8112
7856
7596
7332
7064
6791
6515
6234
5950
5662
5370
5074
4775
4473
4168
3859
3548
3234
2918
2599
2279
1957
1633
1308
982
655
328
0
321
642
963
1282
1601
1919
2235
2549
2862
3172
3480
3786
4089
4389
4687
4981
5272
5559
5843
6123
6400
6672
6941
7206
7467
7724
7977
8226
8471
8712
8948
9181
9409
9634
9854
10071
10283
10492
10696
10897
11094
11287
11477
11663
11845
12024
12200
12372
12540
12706
12868
13027
13183
13336
13486
13633
13777
13919
14057
14193
14327
14458
14586
14712
14836
14957
15076
15193
15307
15420
15530
15639
15745
15849
15952
16052
16151
16248
16344
16437
16529
16620
16709
16796
16882
16966
17049
17130
17210
17289
17367
17443
17518
17591
17664
17735
17805
17874
17942
18009
18075
18140
18203
18266
18328
18389
18449
18508
18566
18623
18679
18735
18790
18844
18897
18949
19001
19052
19102
19152
19200
19249
19296
19343
19389
19435
19479
19479
19479
19435
19389
19343
19296
19249
19200
19152
19102
19052
19001
18949
18897
18844
18790
18735
18679
18623
18566
18508
18449
18389
18328
18266
18203
18140
18075
18009
17942
17874
17805
17735
17664
17591
17518
17443
17367
17289
17210
17130
17049
16966
16882
16796
16709
16620
16529
16437
16344
16248
16151
16052
15952
15849
15745
15639
15530
15420
15307
15193
15076
14957
14836
14712
14586
14458
14327
14193
14057
13919
13777
13633
13486
13336
13183
13027
12868
12706
12540
12372
12200
12024
11845
11663
11477
11287
11094
10897
10696
10492
10283
10071
9854
9634
9409
9181
8948
8712
8471
8226
7977
7724
7467
7206
6941
6672
6400
6123
5843
5559
5272
4981
4687
4389
4089
3786
3480
3172
2862
2549
2235
1919
1601
1282
963
642
321
0
315
630
944
1258
1571
1882
2192
2501
2808
3113
3415
3716
4014
4309
4601
4891
5177
5460
5740
6016
6288
6558
6823
7085
7342
7596
7847
8093
8335
8573
8808
9038
9265
9488
9706
9921
10132
10340
10543
10743
10939
11132
11320
11506
11688
11866
12041
12213
12381
12547
12709
12868
13024
13177
13327
13475
13619
13761
13900
14036
14170
14301
14430
14557
14681
14803
14922
15040
15155
15268
15379
15488
15595
15700
15803
15905
16004
16102
16198
16293
16385
16477
16566
16654
16741
16826
16909
16992
17073
17152
17230
17307
17383
17457
17530
17603
17673
17743
17812
17879
17946
18012
18076
18140
18202
18264
18324
18384
18443
18501
18558
18614
18670
18724
18778
18831
18884
18935
18986
19036
19086
19135
19183
19230
19277
19323
19369
19369
19369
19323
19277
19230
19183
19135
19086
19036
18986
18935
18884
18831
18778
18724
18670
18614
18558
18501
18443
18384
18324
18264
18202
18140
18076
18012
17946
17879
17812
17743
17673
17603
17530
17457
17383
17307
17230
17152
17073
16992
16909
16826
16741
16654
16566
16477
16385
16293
16198
16102
16004
15905
15803
15700
15595
15488
15379
15268
15155
15040
14922
14803
14681
14557
14430
14301
14170
14036
13900
13761
13619
13475
13327
13177
13024
12868
12709
12547
12381
12213
12041
11866
11688
11506
11320
11132
10939
10743
10543
10340
10132
9921
9706
9488
9265
9038
8808
8573
8335
8093
7847
7596
7342
7085
6823
6558
6288
6016
5740
5460
5177
4891
4601
4309
4014
3716
3415
3113
2808
2501
2192
1882
1571
1258
944
630
315
0
309
618
926
1234
1541
1847
2151
2455
2756
3055
3353
3648
3941
4231
4519
4804
5085
5364
5640
5912
6181
6446
6708
6967
7221
7472
7720
7963
8203
8439
8671
8900
9124
9345
9562
9776
9985
10191
10394
10592
10788
10979
11167
11352
11533
11711
11886
12058
12226
12391
12553
12712
12868
13021
13171
13319
13463
13605
13745
13882
14016
14148
14277
14404
14528
14651
14771
14889
15004
15118
15230
15339
15447
15553
15657
15759
15859
15958
16054
16149
16243
16335
16425
16514
16601
16687
16771
16854
16936
17016
17095
17173
17249
17324
17398
17471
17543
17613
17683
17751
17818
17885
17950
18014
18077
18140
18201
18261
18321
18380
18437
18494
18551
18606
18660
18714
18767
18819
18871
18922
18972
19021
19070
19118
19166
19212
19259
19259
19259
19212
19166
19118
19070
19021
18972
18922
18871
18819
18767
18714
18660
18606
18551
18494
18437
18380
18321
18261
18201
18140
18077
18014
17950
17885
17818
17751
17683
17613
17543
17471
17398
17324
17249
17173
17095
17016
16936
16854
16771
16687
16601
16514
16425
16335
16243
16149
16054
15958
15859
15759
15657
15553
15447
15339
15230
15118
15004
14889
14771
14651
14528
14404
14277
14148
14016
13882
13745
13605
13463
13319
13171
13021
12868
12712
12553
12391
12226
12058
11886
11711
11533
11352
11167
10979
10788
10592
10394
10191
9985
9776
9562
9345
9124
8900
8671
8439
8203
7963
7720
7472
7221
6967
6708
6446
6181
5912
5640
5364
5085
4804
4519
4231
3941
3648
3353
3055
2756
2455
2151
1847
1541
1234
926
618
309
0
303
607
909
1211
1513
1813
2112
2410
2706
3000
3292
3583
3871
4156
4439
4720
4997
5272
5543
5811
6077
6339
6597
6852
7104
7352
7596
7837
8075
8308
8538
8765
8987
9207
9422
9634
9842
10047
10248
10446
10640
10831
11018
11202
11383
11560
11734
11905
12073
12238
12400
12559
12715
12868
13018
13166
13311
13453
13592
13729
13864
13996
14126
14253
14378
14501
14622
14740
14856
14970
15083
15193
15301
15407
15512
15615
15716
15815
15912
16008
16102
16195
16286
16375
16463
16550
16635
16718
16801
16882
16961
17040
17117
17193
17267
17341
17413
17485
17555
17624
17692
17759
17824
17889
17953
18016
18078
18140
18200
18259
18318
18375
18432
18488
18543
18598
18651
18704
18756
18808
18859
18909
18958
19007
19055
19102
19149
19149
19149
19102
19055
19007
18958
18909
18859
18808
18756
18704
18651
18598
18543
18488
18432
18375
18318
18259
18200
18140
18078
18016
17953
17889
17824
17759
17692
17624
17555
17485
17413
17341
17267
17193
17117
17040
16961
16882
16801
16718
16635
16550
16463
16375
16286
16195
16102
16008
15912
15815
15716
15615
15512
15407
15301
15193
15083
14970
14856
14740
14622
14501
14378
14253
14126
13996
13864
13729
13592
13453
13311
13166
13018
12868
12715
12559
12400
12238
12073
11905
11734
11560
11383
11202
11018
10831
10640
10446
10248
10047
9842
9634
9422
9207
8987
8765
8538
8308
8075
7837
7596
7352
7104
6852
6597
6339
6077
5811
5543
5272
4997
4720
4439
4156
3871
3583
3292
3000
2706
2410
2112
1813
1513
1211
909
607
303
0
298
596
893
1189
1485
1780
2074
2367
2657
2947
3234
3520
3803
4084
4362
4638
4912
5182
5450
5714
5976
6234
6489
6741
6990
7235
7477
7715
7950
8181
8409
8633
8854
9072
9285
9496
9702
9906
10106
10302
10495
10685
10872
11055
11235
11412
11586
11756
11924
12088
12250
12409
12565
12718
12868
13016
13161
13303
13443
13580
13715
13847
13977
14105
14230
14353
14474
14593
14710
14825
14937
15048
15157
15264
15369
15472
15574
15674
15772
15868
15963
16056
16148
16238
16327
16414
16499
16584
16667
16748
16829
16908
16986
17062
17138
17212
17285
17357
17428
17497
17566
17634
17700
17766
17830
17894
17957
18019
18080
18140
18199
18257
18314
18371
18427
18482
18536
18590
18643
18695
18746
18797
18847
18896
18945
18993
19040
19040
19040
18993
18945
18896
18847
18797
18746
18695
18643
18590
18536
18482
18427
18371
18314
18257
18199
18140
18080
18019
17957
17894
17830
17766
17700
17634
17566
17497
17428
17357
17285
17212
17138
17062
16986
16908
16829
16748
16667
16584
16499
16414
16327
16238
16148
16056
15963
15868
15772
15674
15574
15472
15369
15264
15157
15048
14937
14825
14710
14593
14474
14353
14230
14105
13977
13847
13715
13580
13443
13303
13161
13016
12868
12718
12565
12409
12250
12088
11924
11756
11586
11412
11235
11055
10872
10685
10495
10302
10106
9906
9702
9496
9285
9072
8854
8633
8409
8181
7950
7715
7477
7235
6990
6741
6489
6234
5976
5714
5450
5182
4912
4638
4362
4084
3803
3520
3234
2947
2657
2367
2074
1780
1485
1189
893
596
298
0
293
585
877
1168
1459
1749
2037
2325
2611
2895
3178
3459
3737
4014
4288
4560
4829
5095
5359
5620
5878
6133
6385
6634
6879
7122
7361
7596
7829
8058
8283
8506
8725
8940
9152
9361
9566
9768
9967
10162
10354
10543
10729
10911
11091
11267
11440
11610
11777
11942
12103
12261
12417
12570
12720
12868
13013
13155
13295
13433
13568
13700
13831
13959
14084
14208
14329
14449
14566
14681
14794
14905
15015
15122
15228
15332
15434
15534
15633
15730
15825
15919
16011
16102
16191
16279
16366
16451
16534
16617
16698
16777
16856
16933
17009
17084
17158
17230
17302
17372
17441
17510
17577
17643
17708
17773
17836
17899
17960
18021
18081
18140
18198
18255
18311
18367
18422
18476
18530
18582
18634
18685
18736
18786
18835
18884
18932
18932
18932
18884
18835
18786
18736
18685
18634
18582
18530
18476
18422
18367
18311
18255
18198
18140
18081
18021
17960
17899
17836
17773
17708
17643
17577
17510
17441
17372
17302
17230
17158
17084
17009
16933
16856
16777
16698
16617
16534
16451
16366
16279
16191
16102
16011
15919
15825
15730
15633
15534
15434
15332
15228
15122
15015
14905
14794
14681
14566
14449
14329
14208
14084
13959
13831
13700
13568
13433
13295
13155
13013
12868
12720
12570
12417
12261
12103
11942
11777
11610
11440
11267
11091
10911
10729
10543
10354
10162
9967
9768
9566
9361
9152
8940
8725
8506
8283
8058
7829
7596
7361
7122
6879
6634
6385
6133
5878
5620
5359
5095
4829
4560
4288
4014
3737
3459
3178
2895
2611
2325
2037
1749
1459
1168
877
585
293
0
287
575
862
1148
1434
1718
2002
2285
2566
2845
3123
3400
3674
3946
4216
4484
4749
5012
5272
5529
5783
6035
6284
6529
6772
7012
7248
7481
7711
7938
8161
8381
8598
8812
9022
9229
9433
9634
9831
10025
10216
10404
10589
10771
10949
11125
11297
11467
11634
11798
11959
12117
12272
12425
12575
12723
12868
13010
13150
13288
13423
13556
13686
13815
13941
14065
14186
14306
14424
14539
14653
14765
14874
14982
15088
15193
15295
15396
15496
15593
15689
15784
15876
15968
16058
16146
16233
16319
16403
16486
16568
16648
16727
16805
16882
16957
17032
17105
17177
17248
17318
17387
17455
17522
17587
17652
17716
17779
17842
17903
17963
18023
18082
18140
18197
18253
18308
18363
18417
18470
18523
18575
18626
18677
18726
18775
18824
18824
18824
18775
18726
18677
18626
18575
18523
18470
18417
18363
18308
18253
18197
18140
18082
18023
17963
17903
17842
17779
17716
17652
17587
17522
17455
17387
17318
17248
17177
17105
17032
16957
16882
16805
16727
16648
16568
16486
16403
16319
16233
16146
16058
15968
15876
15784
15689
15593
15496
15396
15295
15193
15088
14982
14874
14765
14653
14539
14424
14306
14186
14065
13941
13815
13686
13556
13423
13288
13150
13010
12868
12723
12575
12425
12272
12117
11959
11798
11634
11467
11297
11125
10949
10771
10589
10404
10216
10025
9831
9634
9433
9229
9022
8812
8598
8381
8161
7938
7711
7481
7248
7012
6772
6529
6284
6035
5783
5529
5272
5012
4749
4484
4216
3946
3674
3400
3123
2845
2566
2285
2002
1718
1434
1148
862
575
287
0
282
565
847
1128
1409
1689
1968
2246
2522
2797
3071
3343
3613
3881
4146
4410
4671
4930
5187
5440
5692
5940
6185
6428
6668
6905
7138
7369
7596
7821
8042
8260
8475
8687
8896
9101
9304
9503
9699
9892
10082
10269
10452
10633
10811
10986
11158
11327
11493
11657
11817
11975
12130
12283
12433
12581
12725
12868
13008
13146
13281
13414
13545
13673
13799
13924
14046
14166
14284
14399
14514
14626
14736
14844
14951
15056
15159
15260
15360
15458
15555
15650
15743
15835
15925
16014
16102
16188
16273
16357
16439
16520
16600
16678
16755
16832
16907
16980
17053
17125
17195
17265
17333
17401
17467
17533
17598
17661
17724
17786
17847
17907
17966
18025
18083
18140
18196
18251
18306
18359
18413
18465
18517
18568
18618
18668
18717
18717
18717
18668
18618
18568
18517
18465
18413
18359
18306
18251
18196
18140
18083
18025
17966
17907
17847
17786
17724
17661
17598
17533
17467
17401
17333
17265
17195
17125
17053
16980
16907
16832
16755
16678
16600
16520
16439
16357
16273
16188
16102
16014
15925
15835
15743
15650
15555
15458
15360
15260
15159
15056
14951
14844
14736
14626
14514
14399
14284
14166
14046
13924
13799
13673
13545
13414
13281
13146
13008
12868
12725
12581
12433
12283
12130
11975
11817
11657
11493
11327
11158
10986
10811
10633
10452
10269
10082
9892
9699
9503
9304
9101
8896
8687
8475
8260
8042
7821
7596
7369
7138
6905
6668
6428
6185
5940
5692
5440
5187
4930
4671
4410
4146
3881
3613
3343
3071
2797
2522
2246
1968
1689
1409
1128
847
565
282
0
278
555
832
1109
1385
1660
1935
2208
2480
2751
3020
3287
3553
3817
4079
4339
4596
4852
5104
5355
5603
5848
6090
6330
6567
6801
7032
7260
7485
7707
7926
8142
8355
8565
8772
8976
9177
9375
9570
9761
9950
10136
10319
10499
10676
10850
11021
11190
11355
11518
11678
11836
11991
12143
12293
12441
12586
12728
12868
13006
13141
13274
13405
13534
13660
13785
13907
14027
14145
14262
14376
14489
14599
14708
14815
14920
15024
15126
15226
15325
15422
15517
15611
15704
15795
15884
15972
16059
16145
16229
16312
16393
16473
16553
16630
16707
16783
16857
16930
17003
17074
17144
17213
17281
17348
17415
17480
17544
17607
17670
17731
17792
17852
17911
17969
18027
18084
18140
18195
18249
18303
18356
18408
18460
18511
18561
18611
18611
18611
18561
18511
18460
18408
18356
18303
18249
18195
18140
18084
18027
17969
17911
17852
17792
17731
17670
17607
17544
17480
17415
17348
17281
17213
17144
17074
17003
16930
16857
16783
16707
16630
16553
16473
16393
16312
16229
16145
16059
15972
15884
15795
15704
15611
15517
15422
15325
15226
15126
15024
14920
14815
14708
14599
14489
14376
14262
14145
14027
13907
13785
13660
13534
13405
13274
13141
13006
12868
12728
12586
12441
12293
12143
11991
11836
11678
11518
11355
11190
11021
10850
10676
10499
10319
10136
9950
9761
9570
9375
9177
8976
8772
8565
8355
8142
7926
7707
7485
7260
7032
6801
6567
6330
6090
5848
5603
5355
5104
4852
4596
4339
4079
3817
3553
3287
3020
2751
2480
2208
1935
1660
1385
1109
832
555
278
0
273
546
819
1091
1362
1633
1903
2172
2439
2706
2971
3234
3496
3756
4014
4270
4524
4775
5025
5272
5516
5758
5997
6234
6468
6700
6928
7154
7376
7596
7813
8027
8239
8447
8652
8854
9054
9250
9443
9634
9821
10006
10188
10367
10543
10716
10887
11055
11220
11383
11542
11700
11854
12006
12156
12303
12448
12590
12730
12868
13003
13137
13267
13396
13523
13648
13770
13891
14009
14126
14240
14353
14464
14574
14681
14787
14891
14993
15094
15193
15290
15386
15481
15574
15665
15755
15844
15931
16017
16102
16185
16268
16348
16428
16507
16584
16660
16735
16809
16882
16953
17024
17094
17163
17230
17297
17363
17428
17492
17555
17617
17678
17739
17798
17857
17915
17972
18029
18085
18140
18194
18247
18300
18352
18404
18455
18505
18505
18505
18455
18404
18352
18300
18247
18194
18140
18085
18029
17972
17915
17857
17798
17739
17678
17617
17555
17492
17428
17363
17297
17230
17163
17094
17024
16953
16882
16809
16735
16660
16584
16507
16428
16348
16268
16185
16102
16017
15931
15844
15755
15665
15574
15481
15386
15290
15193
15094
14993
14891
14787
14681
14574
14464
14353
14240
14126
14009
13891
13770
13648
13523
13396
13267
13137
13003
12868
12730
12590
12448
12303
12156
12006
11854
11700
11542
11383
11220
11055
10887
10716
10543
10367
10188
10006
9821
9634
9443
9250
9054
8854
8652
8447
8239
8027
7813
7596
7376
7154
6928
6700
6468
6234
5997
5758
5516
5272
5025
4775
4524
4270
4014
3756
3496
3234
2971
2706
2439
2172
1903
1633
1362
1091
819
546
273
0
269
537
805
1073
1340
1606
1872
2137
2400
2662
2923
3182
3440
3696
3950
4203
4453
4701
4947
5191
5432
5671
5908
6141
6373
6601
6827
7050
7271
7489
7703
7916
8125
8331
8535
8735
8933
9128
9320
9509
9696
9879
10060
10238
10413
10586
10756
10923
11088
11250
11409
11566
11720
11872
12021
12168
12313
12455
12595
12733
12868
13001
13132
13261
13388
13513
13635
13756
13875
13992
14107
14220
14331
14441
14549
14655
14759
14862
14963
15063
15160
15257
15352
15445
15537
15628
15717
15805
15892
15977
16061
16143
16225
16305
16384
16462
16538
16614
16688
16762
16834
16905
16976
17045
17113
17180
17247
17312
17377
17440
17503
17565
17626
17686
17745
17804
17862
17919
17975
18031
18085
18140
18193
18246
18298
18349
18400
18400
18400
18349
18298
18246
18193
18140
18085
18031
17975
17919
17862
17804
17745
17686
17626
17565
17503
17440
17377
17312
17247
17180
17113
17045
16976
16905
16834
16762
16688
16614
16538
16462
16384
16305
16225
16143
16061
15977
15892
15805
15717
15628
15537
15445
15352
15257
15160
15063
14963
14862
14759
14655
14549
14441
14331
14220
14107
13992
13875
13756
13635
13513
13388
13261
13132
13001
12868
12733
12595
12455
12313
12168
12021
11872
11720
11566
11409
11250
11088
10923
10756
10586
10413
10238
10060
9879
9696
9509
9320
9128
8933
8735
8535
8331
8125
7916
7703
7489
7271
7050
6827
6601
6373
6141
5908
5671
5432
5191
4947
4701
4453
4203
3950
3696
3440
3182
2923
2662
2400
2137
1872
1606
1340
1073
805
537
269
0
264
528
792
1056
1318
1581
1842
2102
2362
2620
2877
3132
3386
3639
3889
4138
4385
4629
4872
5112
5351
5587
5820
6051
6280
6506
6729
6950
7168
7384
7596
7806
8014
8218
8420
8619
8815
9009
9200
9387
9573
9755
9935
10112
10286
10458
10627
10794
10958
11119
11278
11434
11588
11740
11889
12036
12180
12322
12462
12599
12735
12868
12999
13128
13255
13380
13503
13624
13743
13860
13975
14088
14200
14310
14418
14524
14629
14732
14834
14934
15032
15129
15224
15318
15411
15502
15592
15680
15767
15853
15937
16020
16102
16183
16262
16341
16418
16494
16569
16643
16716
16788
16858
16928
16997
17065
17132
17198
17263
17327
17390
17452
17514
17575
17635
17694
17752
17810
17866
17923
17978
18032
18086
18140
18192
18244
18295
18295
18295
18244
18192
18140
18086
18032
17978
17923
17866
17810
17752
17694
17635
17575
17514
17452
17390
17327
17263
17198
17132
17065
16997
16928
16858
16788
16716
16643
16569
16494
16418
16341
16262
16183
16102
16020
15937
15853
15767
15680
15592
15502
15411
15318
15224
15129
15032
14934
14834
14732
14629
14524
14418
14310
14200
14088
13975
13860
13743
13624
13503
13380
13255
13128
12999
12868
12735
12599
12462
12322
12180
12036
11889
11740
11588
11434
11278
11119
10958
10794
10627
10458
10286
10112
9935
9755
9573
9387
9200
9009
8815
8619
8420
8218
8014
7806
7596
7384
7168
6950
6729
6506
6280
6051
5820
5587
5351
5112
4872
4629
4385
4138
3889
3639
3386
3132
2877
2620
2362
2102
1842
1581
1318
1056
792
528
264
0
260
520
780
1039
1298
1556
1813
2069
2325
2579
2832
3084
3334
3583
3830
4075
4318
4560
4799
5036
5272
5504
5735
5963
6189
6413
6634
6852
7068
7281
7492
7700
7905
8108
8308
8506
8700
8892
9082
9268
9452
9634
9813
9989
10162
10333
10501
10667
10831
10991
11150
11306
11459
11610
11759
11905
12049
12191
12331
12468
12604
12737
12868
12997
13124
13249
13372
13493
13612
13729
13845
13959
14071
14181
14289
14396
14501
14604
14706
14807
14905
15003
15098
15193
15286
15377
15467
15556
15644
15730
15815
15898
15981
16062
16142
16221
16299
16375
16451
16525
16598
16671
16742
16812
16882
16950
17017
17084
17150
17214
17278
17341
17403
17464
17525
17584
17643
17701
17759
17815
17871
17926
17980
18034
18087
18140
18191
18191
18191
18140
18087
18034
17980
17926
17871
17815
17759
17701
17643
17584
17525
17464
17403
17341
17278
17214
17150
17084
17017
16950
16882
16812
16742
16671
16598
16525
16451
16375
16299
16221
16142
16062
15981
15898
15815
15730
15644
15556
15467
15377
15286
15193
15098
15003
14905
14807
14706
14604
14501
14396
14289
14181
14071
13959
13845
13729
13612
13493
13372
13249
13124
12997
12868
12737
12604
12468
12331
12191
12049
11905
11759
11610
11459
11306
11150
10991
10831
10667
10501
10333
10162
9989
9813
9634
9452
9268
9082
8892
8700
8506
8308
8108
7905
7700
7492
7281
7068
6852
6634
6413
6189
5963
5735
5504
5272
5036
4799
4560
4318
4075
3830
3583
3334
3084
2832
2579
2325
2069
1813
1556
1298
1039
780
520
260
0
256
512
767
1023
1277
1532
1785
2037
2289
2539
2789
3037
3283
3528
3772
4014
4254
4492
4728
4962
5195
5425
5653
5878
6101
6322
6541
6757
6971
7182
7390
7596
7800
8001
8199
8395
8588
8779
8967
9152
9335
9515
9693
9868
10040
10210
10378
10543
10706
10866
11024
11179
11332
11483
11631
11777
11921
12063
12202
12340
12475
12608
12739
12868
12995
13120
13243
13364
13484
13601
13717
13831
13943
14053
14162
14269
14374
14478
14580
14681
14780
14878
14974
15069
15162
15254
15345
15434
15522
15608
15694
15778
15861
15942
16023
16102
16180
16257
16333
16408
16482
16555
16627
16698
16767
16836
16904
16971
17037
17102
17167
17230
17293
17355
17416
17476
17535
17594
17651
17708
17765
17820
17875
17929
17983
18036
18088
18088
18088
18036
17983
17929
17875
17820
17765
17708
17651
17594
17535
17476
17416
17355
17293
17230
17167
17102
17037
16971
16904
16836
16767
16698
16627
16555
16482
16408
16333
16257
16180
16102
16023
15942
15861
15778
15694
15608
15522
15434
15345
15254
15162
15069
14974
14878
14780
14681
14580
14478
14374
14269
14162
14053
13943
13831
13717
13601
13484
13364
13243
13120
12995
12868
12739
12608
12475
12340
12202
12063
11921
11777
11631
11483
11332
11179
11024
10866
10706
10543
10378
10210
10040
9868
9693
9515
9335
9152
8967
8779
8588
8395
8199
8001
7800
7596
7390
7182
6971
6757
6541
6322
6101
5878
5653
5425
5195
4962
4728
4492
4254
4014
3772
3528
3283
3037
2789
2539
2289
2037
1785
1532
1277
1023
767
512
256
0
252
504
756
1007
1258
1508
1758
2006
2254
2501
2747
2991
3234
3476
3716
3954
4191
4426
4659
4891
5120
5347
5572
5795
6016
6234
6450
6664
6876
7085
7291
7495
7697
7896
8093
8287
8479
8668
8854
9038
9220
9399
9576
9750
9921
10090
10257
10421
10583
10743
10900
11055
11208
11358
11506
11652
11795
11937
12076
12213
12348
12481
12612
12741
12868
12993
13116
13237
13357
13475
13590
13704
13817
13927
14036
14144
14249
14353
14456
14557
14656
14754
14851
14946
15040
15132
15223
15313
15401
15488
15574
15658
15742
15824
15905
15985
16063
16141
16217
16293
16367
16440
16513
16584
16654
16724
16792
16859
16926
16992
17056
17120
17183
17246
17307
17368
17428
17487
17545
17603
17659
17715
17771
17825
17879
17933
17985
17985
17985
17933
17879
17825
17771
17715
17659
17603
17545
17487
17428
17368
17307
17246
17183
17120
17056
16992
16926
16859
16792
16724
16654
16584
16513
16440
16367
16293
16217
16141
16063
15985
15905
15824
15742
15658
15574
15488
15401
15313
15223
15132
15040
14946
14851
14754
14656
14557
14456
14353
14249
14144
14036
13927
13817
13704
13590
13475
13357
13237
13116
12993
12868
12741
12612
12481
12348
12213
12076
11937
11795
11652
11506
11358
11208
11055
10900
10743
10583
10421
10257
10090
9921
9750
9576
9399
9220
9038
8854
8668
8479
8287
8093
7896
7697
7495
7291
7085
6876
6664
6450
6234
6016
5795
5572
5347
5120
4891
4659
4426
4191
3954
3716
3476
3234
2991
2747
2501
2254
2006
1758
1508
1258
1007
756
504
252
0
248
496
744
992
1239
1485
1731
1976
2220
2464
2706
2947
3186
3425
3661
3897
4130
4362
4592
4821
5047
5272
5494
5714
5932
6148
6362
6574
6783
6990
7194
7397
7596
7794
7989
8181
8371
8559
8744
8927
9107
9285
9461
9634
9804
9973
10139
10302
10463
10622
10779
10933
11085
11235
11383
11528
11671
11812
11951
12088
12223
12356
12487
12616
12743
12868
12991
13112
13232
13350
13466
13580
13692
13803
13912
14020
14126
14230
14333
14434
14534
14632
14729
14825
14919
15011
15103
15193
15282
15369
15455
15540
15624
15706
15788
15868
15947
16025
16102
16178
16253
16327
16399
16471
16542
16612
16681
16748
16816
16882
16947
17011
17075
17138
17200
17261
17321
17381
17439
17497
17555
17611
17667
17722
17777
17830
17884
17884
17884
17830
17777
17722
17667
17611
17555
17497
17439
17381
17321
17261
17200
17138
17075
17011
16947
16882
16816
16748
16681
16612
16542
16471
16399
16327
16253
16178
16102
16025
15947
15868
15788
15706
15624
15540
15455
15369
15282
15193
15103
15011
14919
14825
14729
14632
14534
14434
14333
14230
14126
14020
13912
13803
13692
13580
13466
13350
13232
13112
12991
12868
12743
12616
12487
12356
12223
12088
11951
11812
11671
11528
11383
11235
11085
10933
10779
10622
10463
10302
10139
9973
9804
9634
9461
9285
9107
8927
8744
8559
8371
8181
7989
7794
7596
7397
7194
6990
6783
6574
6362
6148
5932
5714
5494
5272
5047
4821
4592
4362
4130
3897
3661
3425
3186
2947
2706
2464
2220
1976
1731
1485
1239
992
744
496
248
0
245
489
733
977
1220
1463
1706
1947
2188
2427
2666
2904
3140
3375
3609
3841
4071
4300
4527
4753
4976
5198
5418
5636
5851
6065
6276
6486
6693
6898
7100
7300
7498
7694
7887
8078
8267
8453
8637
8818
8997
9174
9348
9520
9690
9857
10023
10185
10346
10504
10660
10814
10965
11114
11262
11407
11550
11690
11829
11966
12101
12233
12364
12493
12620
12745
12868
12989
13109
13227
13343
13457
13570
13681
13790
13898
14004
14109
14212
14313
14413
14512
14609
14705
14799
14892
14984
15074
15163
15251
15338
15423
15507
15590
15672
15753
15832
15911
15988
16064
16140
16214
16287
16359
16430
16501
16570
16638
16706
16773
16838
16903
16967
17030
17093
17154
17215
17275
17334
17393
17451
17508
17564
17620
17674
17729
17782
17782
17782
17729
17674
17620
17564
17508
17451
17393
17334
17275
17215
17154
17093
17030
16967
16903
16838
16773
16706
16638
16570
16501
16430
16359
16287
16214
16140
16064
15988
15911
15832
15753
15672
15590
15507
15423
15338
15251
15163
15074
14984
14892
14799
14705
14609
14512
14413
14313
14212
14109
14004
13898
13790
13681
13570
13457
13343
13227
13109
12989
12868
12745
12620
12493
12364
12233
12101
11966
11829
11690
11550
11407
11262
11114
10965
10814
10660
10504
10346
10185
10023
9857
9690
9520
9348
9174
8997
8818
8637
8453
8267
8078
7887
7694
7498
7300
7100
6898
6693
6486
6276
6065
5851
5636
5418
5198
4976
4753
4527
4300
4071
3841
3609
3375
3140
2904
2666
2427
2188
1947
1706
1463
1220
977
733
489
245
0
241
482
722
963
1203
1442
1681
1919
2156
2392
2628
2862
3095
3327
3557
3786
4014
4240
4464
4687
4908
5127
5344
5559
5772
5983
6193
6400
6605
6807
7008
7206
7403
7596
7788
7977
8164
8349
8532
8712
8890
9065
9238
9409
9578
9745
9909
10071
10230
10388
10543
10696
10847
10996
11143
11287
11430
11570
11709
11845
11980
12112
12243
12372
12498
12623
12747
12868
12988
13105
13222
13336
13449
13560
13669
13777
13884
13988
14092
14193
14294
14393
14490
14586
14681
14774
14866
14957
15047
15135
15222
15307
15392
15475
15557
15639
15718
15797
15875
15952
16027
16102
16176
16248
16320
16391
16461
16529
16597
16664
16731
16796
16860
16924
16987
17049
17110
17171
17230
17289
17347
17405
17462
17518
17573
17628
17682
17682
17682
17628
17573
17518
17462
17405
17347
17289
17230
17171
17110
17049
16987
16924
16860
16796
16731
16664
16597
16529
16461
16391
16320
16248
16176
16102
16027
15952
15875
15797
15718
15639
15557
15475
15392
15307
15222
15135
15047
14957
14866
14774
14681
14586
14490
14393
14294
14193
14092
13988
13884
13777
13669
13560
13449
13336
13222
13105
12988
12868
12747
12623
12498
12372
12243
12112
11980
11845
11709
11570
11430
11287
11143
10996
10847
10696
10543
10388
10230
10071
9909
9745
9578
9409
9238
9065
8890
8712
8532
8349
8164
7977
7788
7596
7403
7206
7008
6807
6605
6400
6193
5983
5772
5559
5344
5127
4908
4687
4464
4240
4014
3786
3557
3327
3095
2862
2628
2392
2156
1919
1681
1442
1203
963
722
482
241
0
237
475
712
949
1185
1421
1656
1891
2125
2358
2590
2821
3051
3280
3507
3733
3958
4181
4402
4622
4841
5057
5272
5484
5695
5904
6111
6316
6519
6720
6918
7115
7309
7501
7691
7879
8064
8248
8429
8608
8784
8959
9131
9301
9468
9634
9797
9958
10117
10274
10429
10581
10731
10880
11026
11170
11312
11452
11591
11727
11861
11993
12124
12252
12379
12504
12627
12748
12868
12986
13102
13217
13329
13441
13550
13658
13765
13870
13973
14075
14176
14275
14373
14469
14564
14658
14750
14841
14931
15019
15107
15193
15278
15361
15444
15525
15606
15685
15763
15840
15916
15991
16065
16139
16211
16282
16352
16421
16490
16557
16624
16689
16754
16818
16882
16944
17006
17067
17127
17186
17245
17303
17360
17416
17472
17527
17582
17582
17582
17527
17472
17416
17360
17303
17245
17186
17127
17067
17006
16944
16882
16818
16754
16689
16624
16557
16490
16421
16352
16282
16211
16139
16065
15991
15916
15840
15763
15685
15606
15525
15444
15361
15278
15193
15107
15019
14931
14841
14750
14658
14564
14469
14373
14275
14176
14075
13973
13870
13765
13658
13550
13441
13329
13217
13102
12986
12868
12748
12627
12504
12379
12252
12124
11993
11861
11727
11591
11452
11312
11170
11026
10880
10731
10581
10429
10274
10117
9958
9797
9634
9468
9301
9131
8959
8784
8608
8429
8248
8064
7879
7691
7501
7309
7115
6918
6720
6519
6316
6111
5904
5695
5484
5272
5057
4841
4622
4402
4181
3958
3733
3507
3280
3051
2821
2590
2358
2125
1891
1656
1421
1185
949
712
475
237
0
234
468
702
935
1168
1401
1633
1864
2095
2325
2554
2782
3008
3234
3459
3682
3903
4124
4342
4560
4775
4989
5201
5412
5620
5827
6031
6234
6435
6634
6830
7025
7218
7408
7596
7783
7967
8148
8328
8506
8681
8854
9025
9194
9361
9525
9688
9848
10006
10162
10316
10468
10618
10766
10911
11055
11197
11336
11474
11610
11744
11876
12006
12135
12261
12386
12509
12631
12750
12868
12984
13099
13212
13323
13433
13541
13648
13753
13856
13959
14059
14159
14257
14353
14449
14543
14635
14726
14817
14905
14993
15079
15165
15249
15332
15413
15494
15574
15652
15730
15806
15882
15956
16030
16102
16174
16244
16314
16383
16451
16518
16584
16649
16714
16777
16840
16902
16964
17024
17084
17143
17201
17259
17316
17372
17428
17482
17482
17482
17428
17372
17316
17259
17201
17143
17084
17024
16964
16902
16840
16777
16714
16649
16584
16518
16451
16383
16314
16244
16174
16102
16030
15956
15882
15806
15730
15652
15574
15494
15413
15332
15249
15165
15079
14993
14905
14817
14726
14635
14543
14449
14353
14257
14159
14059
13959
13856
13753
13648
13541
13433
13323
13212
13099
12984
12868
12750
12631
12509
12386
12261
12135
12006
11876
11744
11610
11474
11336
11197
11055
10911
10766
10618
10468
10316
10162
10006
9848
9688
9525
9361
9194
9025
8854
8681
8506
8328
8148
7967
7783
7596
7408
7218
7025
6830
6634
6435
6234
6031
5827
5620
5412
5201
4989
4775
4560
4342
4124
3903
3682
3459
3234
3008
2782
2554
2325
2095
1864
1633
1401
1168
935
702
468
234
0
231
461
692
922
1152
1381
1610
1838
2066
2293
2518
2743
2967
3190
3411
3632
3850
4068
4284
4499
4712
4923
5133
5341
5547
5751
5954
6154
6353
6550
6745
6938
7128
7317
7504
7688
7871
8051
8230
8406
8580
8752
8922
9090
9255
9419
9580
9740
9897
10053
10206
10357
10506
10653
10799
10942
11083
11222
11360
11495
11629
11761
11891
12019
12146
12270
12393
12514
12634
12752
12868
12983
13096
13207
13317
13425
13532
13637
13741
13843
13944
14044
14142
14239
14334
14429
14521
14613
14703
14793
14880
14967
15053
15137
15220
15303
15384
15464
15542
15620
15697
15773
15848
15922
15995
16066
16137
16208
16277
16345
16412
16479
16545
16610
16674
16737
16800
16861
16922
16982
17042
17101
17159
17216
17273
17329
17384
17384
17384
17329
17273
17216
17159
17101
17042
16982
16922
16861
16800
16737
16674
16610
16545
16479
16412
16345
16277
16208
16137
16066
15995
15922
15848
15773
15697
15620
15542
15464
15384
15303
15220
15137
15053
14967
14880
14793
14703
14613
14521
14429
14334
14239
14142
14044
13944
13843
13741
13637
13532
13425
13317
13207
13096
12983
12868
12752
12634
12514
12393
12270
12146
12019
11891
11761
11629
11495
11360
11222
11083
10942
10799
10653
10506
10357
10206
10053
9897
9740
9580
9419
9255
9090
8922
8752
8580
8406
8230
8051
7871
7688
7504
7317
7128
6938
6745
6550
6353
6154
5954
5751
5547
5341
5133
4923
4712
4499
4284
4068
3850
3632
3411
3190
2967
2743
2518
2293
2066
1838
1610
1381
1152
922
692
461
231
0
228
455
682
909
1136
1362
1588
1813
2037
2261
2484
2706
2927
3147
3365
3583
3799
4014
4227
4439
4650
4859
5066
5272
5476
5678
5878
6077
6273
6468
6661
6852
7041
7228
7413
7596
7777
7956
8133
8308
8481
8652
8821
8987
9152
9315
9475
9634
9790
9945
10097
10248
10397
10543
10688
10831
10971
11110
11247
11383
11516
11648
11777
11905
12032
12156
12279
12400
12519
12637
12753
12868
12981
13092
13202
13311
13418
13523
13627
13729
13831
13930
14029
14126
14222
14316
14409
14501
14592
14681
14769
14856
14942
15027
15110
15193
15274
15354
15434
15512
15589
15665
15740
15815
15888
15960
16032
16102
16172
16240
16308
16375
16441
16507
16571
16635
16698
16760
16821
16882
16942
17001
17059
17117
17174
17230
17286
17286
17286
17230
17174
17117
17059
17001
16942
16882
16821
16760
16698
16635
16571
16507
16441
16375
16308
16240
16172
16102
16032
15960
15888
15815
15740
15665
15589
15512
15434
15354
15274
15193
15110
15027
14942
14856
14769
14681
14592
14501
14409
14316
14222
14126
14029
13930
13831
13729
13627
13523
13418
13311
13202
13092
12981
12868
12753
12637
12519
12400
12279
12156
12032
11905
11777
11648
11516
11383
11247
11110
10971
10831
10688
10543
10397
10248
10097
9945
9790
9634
9475
9315
9152
8987
8821
8652
8481
8308
8133
7956
7777
7596
7413
7228
7041
6852
6661
6468
6273
6077
5878
5678
5476
5272
5066
4859
4650
4439
4227
4014
3799
3583
3365
3147
2927
2706
2484
2261
2037
1813
1588
1362
1136
909
682
455
228
0
224
449
673
897
1120
1344
1566
1788
2010
2231
2450
2669
2887
3104
3320
3535
3749
3961
4172
4381
4589
4796
5001
5204
5406
5606
5804
6001
6195
6388
6579
6769
6956
7141
7325
7506
7686
7864
8039
8213
8384
8554
8722
8887
9051
9212
9372
9530
9686
9839
9991
10141
10289
10435
10579
10721
10862
11000
11137
11272
11405
11536
11665
11793
11919
12044
12166
12287
12407
12524
12640
12755
12868
12979
13089
13198
13305
13410
13514
13617
13718
13818
13917
14014
14110
14205
14298
14390
14481
14571
14659
14746
14832
14917
15001
15084
15166
15246
15326
15405
15482
15559
15634
15709
15782
15855
15927
15998
16067
16137
16205
16272
16339
16404
16469
16533
16596
16659
16721
16782
16842
16901
16960
17018
17076
17133
17189
17189
17189
17133
17076
17018
16960
16901
16842
16782
16721
16659
16596
16533
16469
16404
16339
16272
16205
16137
16067
15998
15927
15855
15782
15709
15634
15559
15482
15405
15326
15246
15166
15084
15001
14917
14832
14746
14659
14571
14481
14390
14298
14205
14110
14014
13917
13818
13718
13617
13514
13410
13305
13198
13089
12979
12868
12755
12640
12524
12407
12287
12166
12044
11919
11793
11665
11536
11405
11272
11137
11000
10862
10721
10579
10435
10289
10141
9991
9839
9686
9530
9372
9212
9051
8887
8722
8554
8384
8213
8039
7864
7686
7506
7325
7141
6956
6769
6579
6388
6195
6001
5804
5606
5406
5204
5001
4796
4589
4381
4172
3961
3749
3535
3320
3104
2887
2669
2450
2231
2010
1788
1566
1344
1120
897
673
449
224
0
221
443
664
885
1105
1326
1545
1764
1983
2201
2418
2634
2849
3063
3277
3489
3700
3909
4118
4325
4530
4735
4937
5138
5338
5536
5732
5927
6119
6310
6500
6687
6873
7056
7238
7418
7596
7773
7947
8119
8289
8458
8624
8789
8952
9112
9271
9428
9583
9736
9887
10036
10183
10328
10472
10614
10754
10892
11028
11162
11295
11426
11555
11683
11809
11933
12055
12176
12295
12413
12529
12644
12757
12868
12978
13086
13193
13299
13403
13506
13607
13707
13806
13904
14000
14094
14188
14280
14371
14461
14550
14638
14724
14809
14893
14977
15059
15139
15219
15298
15376
15453
15529
15604
15678
15751
15823
15894
15964
16034
16102
16170
16237
16303
16368
16432
16496
16559
16621
16682
16743
16803
16862
16921
16978
17036
17092
17092
17092
17036
16978
16921
16862
16803
16743
16682
16621
16559
16496
16432
16368
16303
16237
16170
16102
16034
15964
15894
15823
15751
15678
15604
15529
15453
15376
15298
15219
15139
15059
14977
14893
14809
14724
14638
14550
14461
14371
14280
14188
14094
14000
13904
13806
13707
13607
13506
13403
13299
13193
13086
12978
12868
12757
12644
12529
12413
12295
12176
12055
11933
11809
11683
11555
11426
11295
11162
11028
10892
10754
10614
10472
10328
10183
10036
9887
9736
9583
9428
9271
9112
8952
8789
8624
8458
8289
8119
7947
7773
7596
7418
7238
7056
6873
6687
6500
6310
6119
5927
5732
5536
5338
5138
4937
4735
4530
4325
4118
3909
3700
3489
3277
3063
2849
2634
2418
2201
1983
1764
1545
1326
1105
885
664
443
221
0
218
437
655
873
1091
1308
1525
1741
1957
2172
2386
2599
2812
3024
3234
3444
3652
3859
4065
4270
4473
4675
4875
5074
5272
5467
5662
5854
6045
6234
6422
6607
6791
6973
7154
7332
7509
7684
7856
8027
8197
8364
8529
8693
8854
9014
9172
9328
9482
9634
9784
9933
10079
10224
10367
10508
10647
10785
10921
11055
11187
11318
11447
11574
11700
11824
11946
12067
12186
12303
12419
12534
12647
12758
12868
12976
13084
13189
13293
13396
13498
13598
13697
13794
13891
13986
14079
14172
14263
14353
14442
14530
14617
14702
14787
14870
14952
15033
15114
15193
15271
15348
15424
15499
15574
15647
15720
15791
15862
15931
16000
16068
16136
16202
16268
16332
16396
16460
16522
16584
16645
16705
16765
16824
16882
16939
16996
16996
16996
16939
16882
16824
16765
16705
16645
16584
16522
16460
16396
16332
16268
16202
16136
16068
16000
15931
15862
15791
15720
15647
15574
15499
15424
15348
15271
15193
15114
15033
14952
14870
14787
14702
14617
14530
14442
14353
14263
14172
14079
13986
13891
13794
13697
13598
13498
13396
13293
13189
13084
12976
12868
12758
12647
12534
12419
12303
12186
12067
11946
11824
11700
11574
11447
11318
11187
11055
10921
10785
10647
10508
10367
10224
10079
9933
9784
9634
9482
9328
9172
9014
8854
8693
8529
8364
8197
8027
7856
7684
7509
7332
7154
6973
6791
6607
6422
6234
6045
5854
5662
5467
5272
5074
4875
4675
4473
4270
4065
3859
3652
3444
3234
3024
2812
2599
2386
2172
1957
1741
1525
1308
1091
873
655
437
218
0
216
431
646
862
1076
1291
1505
1718
1931
2143
2355
2566
2776
2985
3193
3400
3605
3810
4014
4216
4417
4617
4815
5012
5207
5401
5593
5783
5972
6160
6345
6529
6712
6892
7071
7248
7423
7596
7768
7938
8106
8272
8436
8598
8759
8917
9074
9229
9383
9534
9683
9831
9977
10121
10264
10404
10543
10680
10816
10949
11081
11211
11340
11467
11592
11716
11838
11959
12078
12195
12311
12425
12538
12650
12759
12868
12975
13081
13185
13288
13390
13490
13589
13686
13783
13878
13972
14065
14156
14246
14336
14424
14511
14596
14681
14765
14847
14929
15009
15088
15167
15244
15321
15396
15471
15545
15617
15689
15760
15830
15899
15968
16035
16102
16168
16233
16298
16361
16424
16486
16547
16608
16668
16727
16786
16844
16901
16901
16901
16844
16786
16727
16668
16608
16547
16486
16424
16361
16298
16233
16168
16102
16035
15968
15899
15830
15760
15689
15617
15545
15471
15396
15321
15244
15167
15088
15009
14929
14847
14765
14681
14596
14511
14424
14336
14246
14156
14065
13972
13878
13783
13686
13589
13490
13390
13288
13185
13081
12975
12868
12759
12650
12538
12425
12311
12195
12078
11959
11838
11716
11592
11467
11340
11211
11081
10949
10816
10680
10543
10404
10264
10121
9977
9831
9683
9534
9383
9229
9074
8917
8759
8598
8436
8272
8106
7938
7768
7596
7423
7248
7071
6892
6712
6529
6345
6160
5972
5783
5593
5401
5207
5012
4815
4617
4417
4216
4014
3810
3605
3400
3193
2985
2776
2566
2355
2143
1931
1718
1505
1291
1076
862
646
431
216
0
213
425
638
850
1062
1274
1485
1696
1906
2116
2325
2533
2740
2947
3152
3357
3560
3762
3964
4164
4362
4560
4756
4950
5144
5335
5526
5714
5901
6087
6271
6453
6634
6813
6990
7165
7339
7511
7681
7850
8016
8181
8344
8506
8665
8823
8979
9133
9285
9436
9585
9732
9877
10020
10162
10302
10441
10577
10712
10845
10977
11107
11235
11362
11487
11610
11732
11852
11971
12088
12204
12318
12431
12542
12652
12761
12868
12974
13078
13181
13283
13383
13482
13580
13676
13772
13866
13959
14050
14141
14230
14318
14405
14491
14576
14660
14743
14825
14905
14985
15064
15142
15218
15294
15369
15443
15516
15588
15659
15730
15799
15868
15936
16003
16069
16135
16199
16263
16327
16389
16451
16512
16572
16631
16690
16748
16806
16806
16806
16748
16690
16631
16572
16512
16451
16389
16327
16263
16199
16135
16069
16003
15936
15868
15799
15730
15659
15588
15516
15443
15369
15294
15218
15142
15064
14985
14905
14825
14743
14660
14576
14491
14405
14318
14230
14141
14050
13959
13866
13772
13676
13580
13482
13383
13283
13181
13078
12974
12868
12761
12652
12542
12431
12318
12204
12088
11971
11852
11732
11610
11487
11362
11235
11107
10977
10845
10712
10577
10441
10302
10162
10020
9877
9732
9585
9436
9285
9133
8979
8823
8665
8506
8344
8181
8016
7850
7681
7511
7339
7165
6990
6813
6634
6453
6271
6087
5901
5714
5526
5335
5144
4950
4756
4560
4362
4164
3964
3762
3560
3357
3152
2947
2740
2533
2325
2116
1906
1696
1485
1274
1062
850
638
425
213
0
210
420
630
839
1049
1258
1466
1675
1882
2089
2295
2501
2706
2910
3113
3315
3516
3716
3915
4112
4309
4504
4698
4891
5082
5272
5460
5647
5832
6016
6198
6379
6558
6735
6911
7085
7257
7428
7596
7764
7929
8093
8255
8415
8573
8730
8885
9038
9190
9340
9488
9634
9778
9921
10062
10202
10340
10476
10610
10743
10874
11004
11132
11258
11383
11506
11627
11748
11866
11983
12099
12213
12326
12437
12547
12655
12762
12868
12972
13075
13177
13277
13377
13475
13571
13667
13761
13854
13946
14036
14126
14214
14301
14388
14473
14557
14640
14722
14803
14883
14962
15040
15117
15193
15268
15342
15416
15488
15560
15630
15700
15769
15837
15905
15971
16037
16102
16166
16230
16293
16355
16416
16477
16536
16596
16654
16712
16712
16712
16654
16596
16536
16477
16416
16355
16293
16230
16166
16102
16037
15971
15905
15837
15769
15700
15630
15560
15488
15416
15342
15268
15193
15117
15040
14962
14883
14803
14722
14640
14557
14473
14388
14301
14214
14126
14036
13946
13854
13761
13667
13571
13475
13377
13277
13177
13075
12972
12868
12762
12655
12547
12437
12326
12213
12099
11983
11866
11748
11627
11506
11383
11258
11132
11004
10874
10743
10610
10476
10340
10202
10062
9921
9778
9634
9488
9340
9190
9038
8885
8730
8573
8415
8255
8093
7929
7764
7596
7428
7257
7085
6911
6735
6558
6379
6198
6016
5832
5647
5460
5272
5082
4891
4698
4504
4309
4112
3915
3716
3516
3315
3113
2910
2706
2501
2295
2089
1882
1675
1466
1258
1049
839
630
420
210
0
207
415
622
829
1036
1242
1448
1654
1859
2063
2267
2470
2672
2874
3074
3274
3473
3670
3867
4062
4257
4450
4642
4832
5021
5209
5396
5581
5764
5946
6127
6306
6483
6659
6833
7005
7176
7346
7513
7679
7843
8006
8167
8326
8483
8639
8793
8945
9096
9245
9392
9538
9682
9824
9964
10103
10240
10376
10510
10642
10773
10902
11030
11156
11280
11403
11524
11644
11763
11880
11995
12109
12222
12333
12443
12551
12658
12764
12868
12971
13073
13173
13272
13370
13467
13563
13657
13750
13842
13933
14023
14111
14199
14285
14370
14455
14538
14620
14701
14781
14861
14939
15016
15092
15168
15242
15316
15389
15461
15532
15602
15671
15740
15807
15874
15940
16006
16070
16134
16197
16259
16321
16382
16442
16502
16560
16619
16619
16619
16560
16502
16442
16382
16321
16259
16197
16134
16070
16006
15940
15874
15807
15740
15671
15602
15532
15461
15389
15316
15242
15168
15092
15016
14939
14861
14781
14701
14620
14538
14455
14370
14285
14199
14111
14023
13933
13842
13750
13657
13563
13467
13370
13272
13173
13073
12971
12868
12764
12658
12551
12443
12333
12222
12109
11995
11880
11763
11644
11524
11403
11280
11156
11030
10902
10773
10642
10510
10376
10240
10103
9964
9824
9682
9538
9392
9245
9096
8945
8793
8639
8483
8326
8167
8006
7843
7679
7513
7346
7176
7005
6833
6659
6483
6306
6127
5946
5764
5581
5396
5209
5021
4832
4642
4450
4257
4062
3867
3670
3473
3274
3074
2874
2672
2470
2267
2063
1859
1654
1448
1242
1036
829
622
415
207
0
205
410
614
819
1023
1227
1430
1633
1835
2037
2239
2439
2639
2838
3037
3234
3431
3626
3820
4014
4206
4397
4587
4775
4962
5148
5333
5516
5698
5878
6057
6234
6410
6584
6757
6928
7098
7265
7432
7596
7759
7921
8081
8239
8395
8550
8703
8854
9004
9152
9299
9443
9586
9728
9868
10006
10143
10278
10411
10543
10673
10802
10929
11055
11179
11302
11423
11542
11661
11777
11893
12006
12119
12230
12340
12448
12555
12661
12765
12868
12970
13070
13169
13267
13364
13460
13554
13648
13740
13831
13920
14009
14097
14183
14269
14353
14437
14519
14601
14681
14760
14839
14916
14993
15069
15143
15217
15290
15362
15434
15504
15574
15643
15711
15778
15844
15910
15975
16039
16102
16165
16227
16288
16348
16408
16467
16526
16526
16526
16467
16408
16348
16288
16227
16165
16102
16039
15975
15910
15844
15778
15711
15643
15574
15504
15434
15362
15290
15217
15143
15069
14993
14916
14839
14760
14681
14601
14519
14437
14353
14269
14183
14097
14009
13920
13831
13740
13648
13554
13460
13364
13267
13169
13070
12970
12868
12765
12661
12555
12448
12340
12230
12119
12006
11893
11777
11661
11542
11423
11302
11179
11055
10929
10802
10673
10543
10411
10278
10143
10006
9868
9728
9586
9443
9299
9152
9004
8854
8703
8550
8395
8239
8081
7921
7759
7596
7432
7265
7098
6928
6757
6584
6410
6234
6057
5878
5698
5516
5333
5148
4962
4775
4587
4397
4206
4014
3820
3626
3431
3234
3037
2838
2639
2439
2239
2037
1835
1633
1430
1227
1023
819
614
410
205
0
202
404
607
808
1010
1211
1412
1613
1813
2013
2211
2410
2607
2804
3000
3195
3389
3583
3775
3966
4156
4345
4533
4720
4905
5089
5272
5453
5633
5811
5989
6164
6339
6511
6683
6852
7020
7187
7352
7515
7677
7837
7996
8153
8308
8462
8614
8765
8914
9061
9207
9351
9493
9634
9773
9911
10047
10181
10314
10446
10575
10704
10831
10956
11080
11202
11323
11442
11560
11677
11792
11905
12018
12129
12238
12346
12453
12559
12663
12766
12868
12968
13068
13166
13263
13358
13453
13546
13638
13729
13819
13908
13996
14083
14168
14253
14337
14419
14501
14582
14661
14740
14818
14894
14970
15045
15120
15193
15265
15337
15407
15477
15546
15615
15682
15749
15815
15880
15944
16008
16071
16133
16195
16255
16316
16375
16434
16434
16434
16375
16316
16255
16195
16133
16071
16008
15944
15880
15815
15749
15682
15615
15546
15477
15407
15337
15265
15193
15120
15045
14970
14894
14818
14740
14661
14582
14501
14419
14337
14253
14168
14083
13996
13908
13819
13729
13638
13546
13453
13358
13263
13166
13068
12968
12868
12766
12663
12559
12453
12346
12238
12129
12018
11905
11792
11677
11560
11442
11323
11202
11080
10956
10831
10704
10575
10446
10314
10181
10047
9911
9773
9634
9493
9351
9207
9061
8914
8765
8614
8462
8308
8153
7996
7837
7677
7515
7352
7187
7020
6852
6683
6511
6339
6164
5989
5811
5633
5453
5272
5089
4905
4720
4533
4345
4156
3966
3775
3583
3389
3195
3000
2804
2607
2410
2211
2013
1813
1613
1412
1211
1010
808
607
404
202
0
200
400
599
799
998
1197
1395
1593
1791
1988
2185
2381
2576
2771
2964
3157
3349
3540
3730
3920
4108
4295
4480
4665
4848
5031
5212
5391
5569
5746
5922
6096
6269
6440
6610
6778
6945
7110
7274
7436
7596
7755
7913
8069
8223
8376
8527
8677
8825
8971
9116
9259
9401
9541
9680
9817
9952
10086
10219
10350
10479
10607
10733
10858
10982
11104
11224
11343
11461
11577
11692
11806
11918
12028
12138
12246
12353
12458
12563
12666
12767
12868
12967
13065
13162
13258
13353
13446
13538
13629
13720
13809
13896
13983
14069
14154
14238
14321
14402
14483
14563
14642
14720
14797
14873
14948
15023
15096
15169
15241
15312
15382
15451
15520
15587
15654
15720
15786
15851
15914
15978
16040
16102
16163
16224
16283
16343
16343
16343
16283
16224
16163
16102
16040
15978
15914
15851
15786
15720
15654
15587
15520
15451
15382
15312
15241
15169
15096
15023
14948
14873
14797
14720
14642
14563
14483
14402
14321
14238
14154
14069
13983
13896
13809
13720
13629
13538
13446
13353
13258
13162
13065
12967
12868
12767
12666
12563
12458
12353
12246
12138
12028
11918
11806
11692
11577
11461
11343
11224
11104
10982
10858
10733
10607
10479
10350
10219
10086
9952
9817
9680
9541
9401
9259
9116
8971
8825
8677
8527
8376
8223
8069
7913
7755
7596
7436
7274
7110
6945
6778
6610
6440
6269
6096
5922
5746
5569
5391
5212
5031
4848
4665
4480
4295
4108
3920
3730
3540
3349
3157
2964
2771
2576
2381
2185
1988
1791
1593
1395
1197
998
799
599
400
200
0
197
395
592
789
986
1182
1379
1574
1770
1965
2159
2352
2545
2738
2929
3120
3310
3499
3687
3874
4060
4245
4429
4612
4793
4974
5153
5331
5507
5683
5856
6029
6200
6370
6538
6705
6870
7034
7197
7358
7517
7675
7832
7986
8140
8292
8442
8590
8738
8883
9027
9170
9311
9450
9588
9725
9859
9993
10125
10255
10384
10511
10637
10762
10885
11007
11127
11246
11363
11479
11594
11707
11819
11930
12039
12147
12254
12359
12464
12566
12668
12769
12868
12966
13063
13159
13253
13347
13439
13531
13621
13710
13798
13885
13971
14056
14140
14223
14305
14386
14466
14545
14623
14700
14777
14852
14927
15000
15073
15145
15216
15287
15356
15425
15493
15560
15627
15693
15758
15822
15885
15948
16010
16072
16132
16192
16252
16252
16252
16192
16132
16072
16010
15948
15885
15822
15758
15693
15627
15560
15493
15425
15356
15287
15216
15145
15073
15000
14927
14852
14777
14700
14623
14545
14466
14386
14305
14223
14140
14056
13971
13885
13798
13710
13621
13531
13439
13347
13253
13159
13063
12966
12868
12769
12668
12566
12464
12359
12254
12147
12039
11930
11819
11707
11594
11479
11363
11246
11127
11007
10885
10762
10637
10511
10384
10255
10125
9993
9859
9725
9588
9450
9311
9170
9027
8883
8738
8590
8442
8292
8140
7986
7832
7675
7517
7358
7197
7034
6870
6705
6538
6370
6200
6029
5856
5683
5507
5331
5153
4974
4793
4612
4429
4245
4060
3874
3687
3499
3310
3120
2929
2738
2545
2352
2159
1965
1770
1574
1379
1182
986
789
592
395
197
0
195
390
585
780
974
1168
1362
1556
1749
1941
2133
2325
2516
2706
2895
3084
3272
3459
3645
3830
4014
4197
4379
4560
4739
4918
5095
5272
5446
5620
5792
5963
6133
6301
6468
6634
6798
6960
7122
7281
7440
7596
7752
7905
8058
8209
8358
8506
8652
8797
8940
9082
9222
9361
9498
9634
9768
9901
10032
10162
10291
10418
10543
10667
10790
10911
11031
11150
11267
11383
11497
11610
11722
11832
11942
12049
12156
12261
12366
12468
12570
12671
12770
12868
12965
13061
13155
13249
13341
13433
13523
13612
13700
13787
13874
13959
14043
14126
14208
14289
14369
14449
14527
14604
14681
14757
14831
14905
14978
15051
15122
15193
15263
15332
15400
15467
15534
15600
15665
15730
15794
15857
15919
15981
16042
16102
16162
16162
16162
16102
16042
15981
15919
15857
15794
15730
15665
15600
15534
15467
15400
15332
15263
15193
15122
15051
14978
14905
14831
14757
14681
14604
14527
14449
14369
14289
14208
14126
14043
13959
13874
13787
13700
13612
13523
13433
13341
13249
13155
13061
12965
12868
12770
12671
12570
12468
12366
12261
12156
12049
11942
11832
11722
11610
11497
11383
11267
11150
11031
10911
10790
10667
10543
10418
10291
10162
10032
9901
9768
9634
9498
9361
9222
9082
8940
8797
8652
8506
8358
8209
8058
7905
7752
7596
7440
7281
7122
6960
6798
6634
6468
6301
6133
5963
5792
5620
5446
5272
5095
4918
4739
4560
4379
4197
4014
3830
3645
3459
3272
3084
2895
2706
2516
2325
2133
1941
1749
1556
1362
1168
974
780
585
390
195
0
193
385
578
770
963
1155
1346
1537
1728
1919
2109
2298
2487
2675
2862
3048
3234
3419
3603
3786
3968
4150
4330
4509
4687
4864
5039
5214
5387
5559
5730
5899
6067
6234
6400
6564
6727
6888
7048
7206
7363
7519
7673
7826
7977
8127
8276
8422
8568
8712
8854
8995
9135
9273
9409
9545
9678
9810
9941
10071
10199
10325
10450
10574
10696
10817
10937
11055
11172
11287
11402
11514
11626
11736
11845
11953
12060
12165
12269
12372
12473
12574
12673
12771
12868
12964
13058
13152
13245
13336
13426
13516
13604
13691
13777
13862
13947
14030
14112
14193
14274
14353
14432
14510
14586
14662
14737
14811
14885
14957
15029
15100
15170
15239
15307
15375
15442
15508
15574
15639
15703
15766
15829
15891
15952
16012
16072
16072
16072
16012
15952
15891
15829
15766
15703
15639
15574
15508
15442
15375
15307
15239
15170
15100
15029
14957
14885
14811
14737
14662
14586
14510
14432
14353
14274
14193
14112
14030
13947
13862
13777
13691
13604
13516
13426
13336
13245
13152
13058
12964
12868
12771
12673
12574
12473
12372
12269
12165
12060
11953
11845
11736
11626
11514
11402
11287
11172
11055
10937
10817
10696
10574
10450
10325
10199
10071
9941
9810
9678
9545
9409
9273
9135
8995
8854
8712
8568
8422
8276
8127
7977
7826
7673
7519
7363
7206
7048
6888
6727
6564
6400
6234
6067
5899
5730
5559
5387
5214
5039
4864
4687
4509
4330
4150
3968
3786
3603
3419
3234
3048
2862
2675
2487
2298
2109
1919
1728
1537
1346
1155
963
770
578
385
193
0
191
381
571
761
951
1141
1331
1520
1708
1897
2084
2271
2458
2644
2829
3014
3197
3380
3562
3744
3924
4103
4282
4459
4635
4810
4984
5157
5329
5499
5668
5836
6003
6168
6333
6495
6657
6817
6976
7133
7289
7443
7596
7748
7898
8047
8195
8341
8485
8628
8770
8910
9049
9186
9322
9457
9590
9721
9852
9981
10108
10234
10359
10482
10604
10724
10844
10962
11078
11193
11307
11420
11531
11641
11750
11858
11964
12069
12173
12276
12378
12478
12577
12675
12772
12868
12963
13056
13149
13240
13331
13420
13508
13596
13682
13767
13852
13935
14017
14099
14179
14259
14338
14416
14492
14568
14644
14718
14792
14864
14936
15007
15077
15147
15216
15284
15351
15417
15483
15548
15612
15676
15739
15801
15862
15923
15984
15984
15984
15923
15862
15801
15739
15676
15612
15548
15483
15417
15351
15284
15216
15147
15077
15007
14936
14864
14792
14718
14644
14568
14492
14416
14338
14259
14179
14099
14017
13935
13852
13767
13682
13596
13508
13420
13331
13240
13149
13056
12963
12868
12772
12675
12577
12478
12378
12276
12173
12069
11964
11858
11750
11641
11531
11420
11307
11193
11078
10962
10844
10724
10604
10482
10359
10234
10108
9981
9852
9721
9590
9457
9322
9186
9049
8910
8770
8628
8485
8341
8195
8047
7898
7748
7596
7443
7289
7133
6976
6817
6657
6495
6333
6168
6003
5836
5668
5499
5329
5157
4984
4810
4635
4459
4282
4103
3924
3744
3562
3380
3197
3014
2829
2644
2458
2271
2084
1897
1708
1520
1331
1141
951
761
571
381
191
0
188
377
565
753
941
1128
1315
1502
1689
1875
2061
2246
2430
2614
2797
2980
3162
3343
3523
3702
3881
4058
4235
4410
4585
4758
4930
5101
5272
5440
5608
5775
5940
6104
6267
6428
6588
6747
6905
7061
7215
7369
7521
7672
7821
7969
8115
8260
8404
8546
8687
8827
8965
9101
9236
9370
9503
9634
9764
9892
10019
10144
10269
10391
10513
10633
10752
10870
10986
11101
11214
11327
11438
11548
11657
11764
11870
11975
12079
12182
12283
12383
12483
12581
12677
12773
12868
12962
13054
13146
13236
13325
13414
13501
13588
13673
13758
13841
13924
14005
14086
14166
14244
14322
14399
14476
14551
14626
14699
14772
14844
14916
14986
15056
15125
15193
15260
15327
15393
15458
15523
15586
15650
15712
15774
15835
15895
15895
15895
15835
15774
15712
15650
15586
15523
15458
15393
15327
15260
15193
15125
15056
14986
14916
14844
14772
14699
14626
14551
14476
14399
14322
14244
14166
14086
14005
13924
13841
13758
13673
13588
13501
13414
13325
13236
13146
13054
12962
12868
12773
12677
12581
12483
12383
12283
12182
12079
11975
11870
11764
11657
11548
11438
11327
11214
11101
10986
10870
10752
10633
10513
10391
10269
10144
10019
9892
9764
9634
9503
9370
9236
9101
8965
8827
8687
8546
8404
8260
8115
7969
7821
7672
7521
7369
7215
7061
6905
6747
6588
6428
6267
6104
5940
5775
5608
5440
5272
5101
4930
4758
4585
4410
4235
4058
3881
3702
3523
3343
3162
2980
2797
2614
2430
2246
2061
1875
1689
1502
1315
1128
941
753
565
377
188
0
186
372
558
744
930
1115
1301
1485
1670
1854
2037
2220
2403
2585
2766
2947
3127
3306
3484
3661
3838
4014
4188
4362
4535
4707
4878
5047
5216
5383
5549
5714
5878
6041
6202
6362
6521
6679
6835
6990
7144
7296
7447
7596
7745
7892
8037
8181
8324
8466
8606
8744
8882
9018
9152
9285
9417
9548
9677
9804
9931
10056
10180
10302
10423
10543
10662
10779
10895
11009
11123
11235
11346
11456
11564
11671
11777
11882
11986
12088
12190
12290
12389
12487
12584
12680
12774
12868
12961
13052
13143
13232
13320
13408
13494
13580
13664
13748
13831
13912
13993
14073
14152
14230
14307
14384
14459
14534
14608
14681
14753
14825
14895
14965
15034
15103
15170
15237
15304
15369
15434
15498
15561
15624
15686
15747
15808
15808
15808
15747
15686
15624
15561
15498
15434
15369
15304
15237
15170
15103
15034
14965
14895
14825
14753
14681
14608
14534
14459
14384
14307
14230
14152
14073
13993
13912
13831
13748
13664
13580
13494
13408
13320
13232
13143
13052
12961
12868
12774
12680
12584
12487
12389
12290
12190
12088
11986
11882
11777
11671
11564
11456
11346
11235
11123
11009
10895
10779
10662
10543
10423
10302
10180
10056
9931
9804
9677
9548
9417
9285
9152
9018
8882
8744
8606
8466
8324
8181
8037
7892
7745
7596
7447
7296
7144
6990
6835
6679
6521
6362
6202
6041
5878
5714
5549
5383
5216
5047
4878
4707
4535
4362
4188
4014
3838
3661
3484
3306
3127
2947
2766
2585
2403
2220
2037
1854
1670
1485
1301
1115
930
744
558
372
186
0
184
368
552
736
919
1103
1286
1469
1651
1833
2015
2196
2376
2556
2736
2914
3092
3270
3446
3622
3796
3970
4143
4316
4487
4657
4826
4994
5161
5327
5491
5655
5817
5979
6139
6298
6455
6612
6767
6920
7073
7224
7374
7523
7670
7816
7960
8104
8246
8386
8526
8663
8800
8935
9069
9202
9333
9463
9591
9719
9844
9969
10092
10214
10335
10454
10573
10689
10805
10919
11032
11144
11255
11364
11473
11580
11686
11790
11894
11996
12098
12198
12297
12395
12491
12587
12682
12775
12868
12959
13050
13139
13228
13316
13402
13488
13572
13656
13739
13820
13901
13981
14061
14139
14216
14293
14368
14443
14517
14591
14663
14735
14805
14876
14945
15014
15081
15148
15215
15281
15346
15410
15473
15536
15599
15660
15721
15721
15721
15660
15599
15536
15473
15410
15346
15281
15215
15148
15081
15014
14945
14876
14805
14735
14663
14591
14517
14443
14368
14293
14216
14139
14061
13981
13901
13820
13739
13656
13572
13488
13402
13316
13228
13139
13050
12959
12868
12775
12682
12587
12491
12395
12297
12198
12098
11996
11894
11790
11686
11580
11473
11364
11255
11144
11032
10919
10805
10689
10573
10454
10335
10214
10092
9969
9844
9719
9591
9463
9333
9202
9069
8935
8800
8663
8526
8386
8246
8104
7960
7816
7670
7523
7374
7224
7073
6920
6767
6612
6455
6298
6139
5979
5817
5655
5491
5327
5161
4994
4826
4657
4487
4316
4143
3970
3796
3622
3446
3270
3092
2914
2736
2556
2376
2196
2015
1833
1651
1469
1286
1103
919
736
552
368
184
0
182
364
546
728
909
1091
1272
1453
1633
1813
1993
2172
2350
2528
2706
2883
3059
3234
3409
3583
3756
3928
4099
4270
4439
4608
4775
4942
5107
5272
5435
5597
5758
5918
6077
6234
6391
6546
6700
6852
7004
7154
7303
7450
7596
7741
7885
8027
8169
8308
8447
8584
8720
8854
8987
9119
9250
9379
9507
9634
9759
9883
10006
10128
10248
10367
10485
10601
10716
10831
10943
11055
11165
11275
11383
11489
11595
11700
11803
11905
12006
12106
12205
12303
12400
12496
12590
12684
12776
12868
12958
13048
13137
13224
13311
13396
13481
13565
13648
13729
13811
13891
13970
14048
14126
14202
14278
14353
14428
14501
14574
14645
14716
14787
14856
14925
14993
15060
15127
15193
15258
15322
15386
15449
15512
15574
15635
15635
15635
15574
15512
15449
15386
15322
15258
15193
15127
15060
14993
14925
14856
14787
14716
14645
14574
14501
14428
14353
14278
14202
14126
14048
13970
13891
13811
13729
13648
13565
13481
13396
13311
13224
13137
13048
12958
12868
12776
12684
12590
12496
12400
12303
12205
12106
12006
11905
11803
11700
11595
11489
11383
11275
11165
11055
10943
10831
10716
10601
10485
10367
10248
10128
10006
9883
9759
9634
9507
9379
9250
9119
8987
8854
8720
8584
8447
8308
8169
8027
7885
7741
7596
7450
7303
7154
7004
6852
6700
6546
6391
6234
6077
5918
5758
5597
5435
5272
5107
4942
4775
4608
4439
4270
4099
3928
3756
3583
3409
3234
3059
2883
2706
2528
2350
2172
1993
1813
1633
1453
1272
1091
909
728
546
364
182
0
180
360
540
720
899
1079
1258
1437
1615
1793
1971
2148
2325
2501
2677
2852
3026
3199
3372
3545
3716
3886
4056
4225
4393
4560
4726
4891
5055
5217
5379
5540
5700
5858
6016
6172
6327
6481
6634
6785
6936
7085
7232
7379
7524
7668
7811
7953
8093
8232
8369
8506
8641
8775
8907
9038
9168
9297
9424
9550
9675
9799
9921
10042
10162
10281
10398
10514
10629
10743
10855
10967
11077
11186
11294
11400
11506
11610
11713
11815
11916
12016
12115
12213
12310
12405
12500
12593
12686
12777
12868
12957
13046
13134
13220
13306
13391
13475
13557
13639
13721
13801
13880
13959
14036
14113
14189
14264
14339
14412
14485
14557
14628
14699
14768
14837
14905
14973
15040
15106
15171
15236
15300
15363
15426
15488
15549
15549
15549
15488
15426
15363
15300
15236
15171
15106
15040
14973
14905
14837
14768
14699
14628
14557
14485
14412
14339
14264
14189
14113
14036
13959
13880
13801
13721
13639
13557
13475
13391
13306
13220
13134
13046
12957
12868
12777
12686
12593
12500
12405
12310
12213
12115
12016
11916
11815
11713
11610
11506
11400
11294
11186
11077
10967
10855
10743
10629
10514
10398
10281
10162
10042
9921
9799
9675
9550
9424
9297
9168
9038
8907
8775
8641
8506
8369
8232
8093
7953
7811
7668
7524
7379
7232
7085
6936
6785
6634
6481
6327
6172
6016
5858
5700
5540
5379
5217
5055
4891
4726
4560
4393
4225
4056
3886
3716
3545
3372
3199
3026
2852
2677
2501
2325
2148
1971
1793
1615
1437
1258
1079
899
720
540
360
180
0
178
356
534
712
890
1067
1244
1421
1598
1774
1950
2125
2300
2474
2648
2821
2994
3166
3337
3507
3677
3846
4014
4181
4347
4513
4677
4841
5003
5164
5325
5484
5643
5800
5956
6111
6265
6418
6569
6720
6869
7017
7163
7309
7453
7596
7738
7879
8018
8156
8293
8429
8563
8696
8828
8959
9088
9216
9343
9468
9593
9716
9838
9958
10078
10196
10313
10429
10543
10657
10769
10880
10990
11098
11206
11312
11418
11522
11625
11727
11828
11927
12026
12124
12220
12316
12410
12504
12596
12688
12778
12868
12957
13044
13131
13217
13301
13385
13468
13550
13631
13712
13791
13870
13948
14025
14101
14176
14250
14324
14397
14469
14540
14611
14681
14750
14819
14886
14953
15019
15085
15150
15214
15278
15341
15403
15464
15464
15464
15403
15341
15278
15214
15150
15085
15019
14953
14886
14819
14750
14681
14611
14540
14469
14397
14324
14250
14176
14101
14025
13948
13870
13791
13712
13631
13550
13468
13385
13301
13217
13131
13044
12957
12868
12778
12688
12596
12504
12410
12316
12220
12124
12026
11927
11828
11727
11625
11522
11418
11312
11206
11098
10990
10880
10769
10657
10543
10429
10313
10196
10078
9958
9838
9716
9593
9468
9343
9216
9088
8959
8828
8696
8563
8429
8293
8156
8018
7879
7738
7596
7453
7309
7163
7017
6869
6720
6569
6418
6265
6111
5956
5800
5643
5484
5325
5164
5003
4841
4677
4513
4347
4181
4014
3846
3677
3507
3337
3166
2994
2821
2648
2474
2300
2125
1950
1774
1598
1421
1244
1067
890
712
534
356
178
0
176
352
528
704
880
1056
1231
1406
1581
1755
1929
2102
2275
2448
2620
2791
2962
3132
3302
3471
3639
3806
3972
4138
4303
4466
4629
4791
4952
5112
5272
5430
5587
5743
5897
6051
6204
6355
6506
6655
6803
6950
7096
7240
7384
7526
7667
7806
7945
8082
8218
8353
8487
8619
8750
8880
9009
9136
9262
9387
9511
9634
9755
9875
9994
10112
10229
10344
10458
10571
10683
10794
10903
11012
11119
11225
11330
11434
11537
11639
11740
11839
11938
12036
12132
12228
12322
12415
12508
12599
12690
12779
12868
12956
13042
13128
13213
13297
13380
13462
13543
13624
13703
13782
13860
13937
14013
14088
14163
14237
14310
14382
14454
14524
14594
14664
14732
14800
14867
14934
15000
15065
15129
15193
15256
15318
15380
15380
15380
15318
15256
15193
15129
15065
15000
14934
14867
14800
14732
14664
14594
14524
14454
14382
14310
14237
14163
14088
14013
13937
13860
13782
13703
13624
13543
13462
13380
13297
13213
13128
13042
12956
12868
12779
12690
12599
12508
12415
12322
12228
12132
12036
11938
11839
11740
11639
11537
11434
11330
11225
11119
11012
10903
10794
10683
10571
10458
10344
10229
10112
9994
9875
9755
9634
9511
9387
9262
9136
9009
8880
8750
8619
8487
8353
8218
8082
7945
7806
7667
7526
7384
7240
7096
6950
6803
6655
6506
6355
6204
6051
5897
5743
5587
5430
5272
5112
4952
4791
4629
4466
4303
4138
3972
3806
3639
3471
3302
3132
2962
2791
2620
2448
2275
2102
1929
1755
1581
1406
1231
1056
880
704
528
352
176
0
174
349
523
697
871
1044
1218
1391
1564
1736
1909
2080
2252
2422
2593
2762
2931
3100
3268
3435
3601
3767
3932
4096
4259
4421
4583
4743
4903
5062
5219
5376
5532
5686
5840
5992
6144
6294
6443
6592
6739
6885
7029
7173
7315
7456
7596
7735
7873
8009
8145
8279
8412
8543
8674
8803
8931
9058
9183
9308
9431
9553
9674
9794
9912
10030
10146
10261
10375
10487
10599
10709
10818
10927
11034
11140
11244
11348
11451
11553
11653
11753
11851
11948
12045
12140
12235
12328
12420
12512
12602
12692
12780
12868
12955
13040
13125
13209
13292
13375
13456
13536
13616
13695
13773
13850
13926
14002
14076
14150
14224
14296
14368
14439
14509
14578
14647
14715
14782
14849
14915
14980
15045
15109
15172
15234
15296
15296
15296
15234
15172
15109
15045
14980
14915
14849
14782
14715
14647
14578
14509
14439
14368
14296
14224
14150
14076
14002
13926
13850
13773
13695
13616
13536
13456
13375
13292
13209
13125
13040
12955
12868
12780
12692
12602
12512
12420
12328
12235
12140
12045
11948
11851
11753
11653
11553
11451
11348
11244
11140
11034
10927
10818
10709
10599
10487
10375
10261
10146
10030
9912
9794
9674
9553
9431
9308
9183
9058
8931
8803
8674
8543
8412
8279
8145
8009
7873
7735
7596
7456
7315
7173
7029
6885
6739
6592
6443
6294
6144
5992
5840
5686
5532
5376
5219
5062
4903
4743
4583
4421
4259
4096
3932
3767
3601
3435
3268
3100
2931
2762
2593
2422
2252
2080
1909
1736
1564
1391
1218
1044
871
697
523
349
174
0
172
345
517
689
862
1033
1205
1376
1548
1718
1889
2059
2228
2397
2566
2734
2901
3068
3234
3400
3564
3728
3892
4054
4216
4377
4537
4696
4854
5012
5168
5323
5478
5631
5783
5935
6085
6234
6382
6529
6675
6820
6964
7106
7248
7388
7527
7665
7802
7938
8072
8205
8338
8468
8598
8727
8854
8980
9106
9229
9352
9474
9594
9713
9831
9948
10064
10178
10292
10404
10515
10626
10735
10842
10949
11055
11160
11263
11366
11467
11567
11667
11765
11862
11959
12054
12148
12242
12334
12425
12516
12605
12694
12781
12868
12954
13039
13123
13206
13288
13369
13450
13530
13608
13686
13764
13840
13916
13991
14065
14138
14210
14282
14353
14424
14493
14562
14630
14698
14765
14831
14896
14961
15025
15088
15151
15213
15213
15213
15151
15088
15025
14961
14896
14831
14765
14698
14630
14562
14493
14424
14353
14282
14210
14138
14065
13991
13916
13840
13764
13686
13608
13530
13450
13369
13288
13206
13123
13039
12954
12868
12781
12694
12605
12516
12425
12334
12242
12148
12054
11959
11862
11765
11667
11567
11467
11366
11263
11160
11055
10949
10842
10735
10626
10515
10404
10292
10178
10064
9948
9831
9713
9594
9474
9352
9229
9106
8980
8854
8727
8598
8468
8338
8205
8072
7938
7802
7665
7527
7388
7248
7106
6964
6820
6675
6529
6382
6234
6085
5935
5783
5631
5478
5323
5168
5012
4854
4696
4537
4377
4216
4054
3892
3728
3564
3400
3234
3068
2901
2734
2566
2397
2228
2059
1889
1718
1548
1376
1205
1033
862
689
517
345
172
0
171
341
512
682
853
1023
1193
1362
1532
1701
1869
2037
2205
2373
2539
2706
2872
3037
3201
3365
3528
3691
3853
4014
4174
4333
4492
4650
4807
4962
5117
5272
5425
5577
5728
5878
6027
6175
6322
6468
6613
6757
6900
7041
7182
7321
7459
7596
7732
7867
8001
8133
8265
8395
8524
8652
8779
8904
9029
9152
9274
9395
9515
9634
9751
9868
9983
10097
10210
10322
10433
10543
10652
10759
10866
10971
11076
11179
11281
11383
11483
11582
11680
11777
11873
11969
12063
12156
12248
12340
12430
12519
12608
12696
12782
12868
12953
13037
13120
13202
13284
13364
13444
13523
13601
13678
13755
13831
13906
13980
14053
14126
14198
14269
14339
14409
14478
14546
14614
14681
14747
14813
14878
14942
15006
15069
15131
15131
15131
15069
15006
14942
14878
14813
14747
14681
14614
14546
14478
14409
14339
14269
14198
14126
14053
13980
13906
13831
13755
13678
13601
13523
13444
13364
13284
13202
13120
13037
12953
12868
12782
12696
12608
12519
12430
12340
12248
12156
12063
11969
11873
11777
11680
11582
11483
11383
11281
11179
11076
10971
10866
10759
10652
10543
10433
10322
10210
10097
9983
9868
9751
9634
9515
9395
9274
9152
9029
8904
8779
8652
8524
8395
8265
8133
8001
7867
7732
7596
7459
7321
7182
7041
6900
6757
6613
6468
6322
6175
6027
5878
5728
5577
5425
5272
5117
4962
4807
4650
4492
4333
4174
4014
3853
3691
3528
3365
3201
3037
2872
2706
2539
2373
2205
2037
1869
1701
1532
1362
1193
1023
853
682
512
341
171
0
169
338
507
675
844
1012
1180
1348
1516
1683
1850
2017
2183
2348
2514
2678
2843
3006
3169
3331
3493
3654
3814
3974
4133
4291
4448
4604
4760
4914
5068
5221
5373
5524
5674
5822
5970
6117
6263
6408
6552
6695
6837
6977
7117
7255
7392
7529
7664
7798
7931
8062
8193
8323
8451
8578
8704
8829
8953
9076
9198
9318
9437
9556
9673
9789
9904
10017
10130
10242
10352
10462
10570
10677
10784
10889
10993
11096
11198
11299
11399
11498
11596
11693
11789
11884
11978
12072
12164
12255
12345
12435
12523
12611
12697
12783
12868
12952
13035
13117
13199
13280
13359
13438
13516
13594
13670
13746
13821
13896
13969
14042
14114
14185
14256
14326
14395
14463
14531
14598
14664
14730
14795
14860
14924
14987
15049
15049
15049
14987
14924
14860
14795
14730
14664
14598
14531
14463
14395
14326
14256
14185
14114
14042
13969
13896
13821
13746
13670
13594
13516
13438
13359
13280
13199
13117
13035
12952
12868
12783
12697
12611
12523
12435
12345
12255
12164
12072
11978
11884
11789
11693
11596
11498
11399
11299
11198
11096
10993
10889
10784
10677
10570
10462
10352
10242
10130
10017
9904
9789
9673
9556
9437
9318
9198
9076
8953
8829
8704
8578
8451
8323
8193
8062
7931
7798
7664
7529
7392
7255
7117
6977
6837
6695
6552
6408
6263
6117
5970
5822
5674
5524
5373
5221
5068
4914
4760
4604
4448
4291
4133
3974
3814
3654
3493
3331
3169
3006
2843
2678
2514
2348
2183
2017
1850
1683
1516
1348
1180
1012
844
675
507
338
169
0
167
334
501
668
835
1002
1168
1335
1500
1666
1831
1996
2161
2325
2488
2652
2814
2976
3138
3298
3459
3618
3777
3935
4092
4249
4405
4560
4714
4867
5020
5171
5322
5471
5620
5768
5915
6061
6205
6349
6492
6634
6774
6914
7053
7190
7327
7462
7596
7730
7862
7993
8123
8251
8379
8506
8631
8756
8879
9001
9122
9242
9361
9479
9595
9711
9825
9939
10051
10162
10272
10381
10489
10596
10702
10807
10911
11014
11116
11217
11317
11415
11513
11610
11706
11801
11895
11988
12080
12171
12261
12351
12439
12527
12613
12699
12784
12868
12951
13033
13115
13196
13275
13354
13433
13510
13587
13663
13738
13812
13886
13959
14031
14102
14173
14243
14312
14381
14449
14516
14582
14648
14714
14778
14842
14905
14968
14968
14968
14905
14842
14778
14714
14648
14582
14516
14449
14381
14312
14243
14173
14102
14031
13959
13886
13812
13738
13663
13587
13510
13433
13354
13275
13196
13115
13033
12951
12868
12784
12699
12613
12527
12439
12351
12261
12171
12080
11988
11895
11801
11706
11610
11513
11415
11317
11217
11116
11014
10911
10807
10702
10596
10489
10381
10272
10162
10051
9939
9825
9711
9595
9479
9361
9242
9122
9001
8879
8756
8631
8506
8379
8251
8123
7993
7862
7730
7596
7462
7327
7190
7053
6914
6774
6634
6492
6349
6205
6061
5915
5768
5620
5471
5322
5171
5020
4867
4714
4560
4405
4249
4092
3935
3777
3618
3459
3298
3138
2976
2814
2652
2488
2325
2161
1996
1831
1666
1500
1335
1168
1002
835
668
501
334
167
0
165
331
496
662
827
992
1157
1321
1485
1649
1813
1976
2139
2302
2464
2625
2786
2947
3107
3266
3425
3583
3740
3897
4053
4208
4362
4516
4669
4821
4972
5122
5272
5420
5568
5714
5860
6005
6148
6291
6433
6574
6713
6852
6990
7126
7262
7397
7530
7662
7794
7924
8053
8181
8308
8434
8559
8683
8805
8927
9048
9167
9285
9403
9519
9634
9748
9861
9973
10084
10193
10302
10410
10517
10622
10727
10831
10933
11035
11135
11235
11334
11431
11528
11624
11719
11812
11905
11997
12088
12179
12268
12356
12444
12530
12616
12701
12785
12868
12950
13032
13112
13192
13271
13350
13427
13504
13580
13655
13729
13803
13876
13948
14020
14091
14161
14230
14299
14367
14434
14501
14567
14632
14697
14761
14825
14888
14888
14888
14825
14761
14697
14632
14567
14501
14434
14367
14299
14230
14161
14091
14020
13948
13876
13803
13729
13655
13580
13504
13427
13350
13271
13192
13112
13032
12950
12868
12785
12701
12616
12530
12444
12356
12268
12179
12088
11997
11905
11812
11719
11624
11528
11431
11334
11235
11135
11035
10933
10831
10727
10622
10517
10410
10302
10193
10084
9973
9861
9748
9634
9519
9403
9285
9167
9048
8927
8805
8683
8559
8434
8308
8181
8053
7924
7794
7662
7530
7397
7262
7126
6990
6852
6713
6574
6433
6291
6148
6005
5860
5714
5568
5420
5272
5122
4972
4821
4669
4516
4362
4208
4053
3897
3740
3583
3425
3266
3107
2947
2786
2625
2464
2302
2139
1976
1813
1649
1485
1321
1157
992
827
662
496
331
165
0
164
328
491
655
819
982
1145
1308
1471
1633
1795
1957
2118
2279
2439
2599
2759
2918
3076
3234
3391
3548
3704
3859
4014
4168
4321
4473
4625
4775
4925
5074
5222
5370
5516
5662
5806
5950
6092
6234
6375
6515
6654
6791
6928
7064
7198
7332
7465
7596
7727
7856
7985
8112
8239
8364
8488
8611
8733
8854
8974
9093
9211
9328
9443
9558
9672
9784
9896
10006
10116
10224
10331
10438
10543
10647
10751
10853
10955
11055
11154
11253
11350
11447
11542
11637
11731
11824
11915
12006
12097
12186
12274
12361
12448
12534
12618
12702
12786
12868
12949
13030
13110
13189
13267
13345
13422
13498
13573
13648
13721
13794
13867
13938
14009
14079
14149
14218
14286
14353
14420
14486
14552
14617
14681
14745
14808
14808
14808
14745
14681
14617
14552
14486
14420
14353
14286
14218
14149
14079
14009
13938
13867
13794
13721
13648
13573
13498
13422
13345
13267
13189
13110
13030
12949
12868
12786
12702
12618
12534
12448
12361
12274
12186
12097
12006
11915
11824
11731
11637
11542
11447
11350
11253
11154
11055
10955
10853
10751
10647
10543
10438
10331
10224
10116
10006
9896
9784
9672
9558
9443
9328
9211
9093
8974
8854
8733
8611
8488
8364
8239
8112
7985
7856
7727
7596
7465
7332
7198
7064
6928
6791
6654
6515
6375
6234
6092
5950
5806
5662
5516
5370
5222
5074
4925
4775
4625
4473
4321
4168
4014
3859
3704
3548
3391
3234
3076
2918
2759
2599
2439
2279
2118
1957
1795
1633
1471
1308
1145
982
819
655
491
328
164
0
162
324
487
649
810
972
1134
1295
1456
1617
1777
1938
2097
2257
2416
2574
2732
2890
3047
3203
3359
3514
3668
3822
3976
4128
4280
4431
4581
4731
4879
5027
5174
5320
5465
5610
5753
5896
6038
6178
6318
6457
6595
6731
6867
7002
7136
7269
7401
7531
7661
7790
7918
8044
8170
8295
8418
8541
8662
8782
8902
9020
9138
9254
9369
9483
9596
9708
9820
9930
10039
10147
10254
10360
10465
10569
10672
10774
10875
10976
11075
11173
11270
11367
11462
11557
11650
11743
11835
11925
12015
12104
12193
12280
12367
12452
12537
12621
12704
12786
12868
12949
13029
13108
13186
13264
13340
13417
13492
13566
13640
13713
13786
13857
13928
13999
14068
14137
14205
14273
14340
14406
14472
14537
14601
14665
14728
14728
14728
14665
14601
14537
14472
14406
14340
14273
14205
14137
14068
13999
13928
13857
13786
13713
13640
13566
13492
13417
13340
13264
13186
13108
13029
12949
12868
12786
12704
12621
12537
12452
12367
12280
12193
12104
12015
11925
11835
11743
11650
11557
11462
11367
11270
11173
11075
10976
10875
10774
10672
10569
10465
10360
10254
10147
10039
9930
9820
9708
9596
9483
9369
9254
9138
9020
8902
8782
8662
8541
8418
8295
8170
8044
7918
7790
7661
7531
7401
7269
7136
7002
6867
6731
6595
6457
6318
6178
6038
5896
5753
5610
5465
5320
5174
5027
4879
4731
4581
4431
4280
4128
3976
3822
3668
3514
3359
3203
3047
2890
2732
2574
2416
2257
2097
1938
1777
1617
1456
1295
1134
972
810
649
487
324
162
0
161
321
482
642
802
963
1123
1282
1442
1601
1760
1919
2077
2235
2392
2549
2706
2862
3017
3172
3327
3480
3634
3786
3938
4089
4240
4389
4538
4687
4834
4981
5127
5272
5416
5559
5701
5843
5983
6123
6262
6400
6537
6672
6807
6941
7074
7206
7337
7467
7596
7724
7851
7977
8102
8226
8349
8471
8592
8712
8831
8948
9065
9181
9296
9409
9522
9634
9745
9854
9963
10071
10177
10283
10388
10492
10594
10696
10797
10897
10996
11094
11191
11287
11383
11477
11570
11663
11755
11845
11935
12024
12112
12200
12286
12372
12456
12540
12623
12706
12787
12868
12948
13027
13105
13183
13260
13336
13411
13486
13560
13633
13705
13777
13848
13919
13988
14057
14126
14193
14261
14327
14393
14458
14522
14586
14650
14650
14650
14586
14522
14458
14393
14327
14261
14193
14126
14057
13988
13919
13848
13777
13705
13633
13560
13486
13411
13336
13260
13183
13105
13027
12948
12868
12787
12706
12623
12540
12456
12372
12286
12200
12112
12024
11935
11845
11755
11663
11570
11477
11383
11287
11191
11094
10996
10897
10797
10696
10594
10492
10388
10283
10177
10071
9963
9854
9745
9634
9522
9409
9296
9181
9065
8948
8831
8712
8592
8471
8349
8226
8102
7977
7851
7724
7596
7467
7337
7206
7074
6941
6807
6672
6537
6400
6262
6123
5983
5843
5701
5559
5416
5272
5127
4981
4834
4687
4538
4389
4240
4089
3938
3786
3634
3480
3327
3172
3017
2862
2706
2549
2392
2235
2077
1919
1760
1601
1442
1282
1123
963
802
642
482
321
161
0
159
318
477
636
795
953
1112
1270
1428
1586
1743
1900
2057
2213
2369
2525
2680
2835
2989
3142
3295
3448
3600
3751
3901
4051
4200
4349
4497
4644
4790
4935
5080
5224
5367
5509
5650
5791
5930
6069
6207
6344
6480
6615
6749
6882
7014
7145
7275
7404
7533
7660
7786
7911
8036
8159
8281
8403
8523
8642
8760
8878
8994
9109
9223
9337
9449
9560
9670
9780
9888
9995
10102
10207
10312
10415
10518
10619
10720
10820
10918
11016
11113
11209
11304
11398
11492
11584
11675
11766
11856
11945
12033
12120
12206
12292
12377
12460
12544
12626
12707
12788
12868
12947
13025
13103
13180
13256
13332
13406
13480
13553
13626
13698
13769
13839
13909
13978
14047
14115
14182
14248
14314
14379
14444
14508
14571
14571
14571
14508
14444
14379
14314
14248
14182
14115
14047
13978
13909
13839
13769
13698
13626
13553
13480
13406
13332
13256
13180
13103
13025
12947
12868
12788
12707
12626
12544
12460
12377
12292
12206
12120
12033
11945
11856
11766
11675
11584
11492
11398
11304
11209
11113
11016
10918
10820
10720
10619
10518
10415
10312
10207
10102
9995
9888
9780
9670
9560
9449
9337
9223
9109
8994
8878
8760
8642
8523
8403
8281
8159
8036
7911
7786
7660
7533
7404
7275
7145
7014
6882
6749
6615
6480
6344
6207
6069
5930
5791
5650
5509
5367
5224
5080
4935
4790
4644
4497
4349
4200
4051
3901
3751
3600
3448
3295
3142
2989
2835
2680
2525
2369
2213
2057
1900
1743
1586
1428
1270
1112
953
795
636
477
318
159
0
158
315
472
630
787
944
1101
1258
1414
1571
1727
1882
2037
2192
2347
2501
2655
2808
2961
3113
3264
3415
3566
3716
3865
4014
4162
4309
4455
4601
4746
4891
5034
5177
5319
5460
5600
5740
5878
6016
6153
6288
6423
6558
6691
6823
6954
7085
7214
7342
7470
7596
7722
7847
7970
8093
8214
8335
8455
8573
8691
8808
8924
9038
9152
9265
9377
9488
9597
9706
9814
9921
10027
10132
10236
10340
10442
10543
10643
10743
10841
10939
11036
11132
11226
11320
11414
11506
11597
11688
11777
11866
11954
12041
12127
12213
12298
12381
12464
12547
12628
12709
12789
12868
12946
13024
13101
13177
13252
13327
13401
13475
13547
13619
13690
13761
13831
13900
13968
14036
14104
14170
14236
14301
14366
14430
14494
14494
14494
14430
14366
14301
14236
14170
14104
14036
13968
13900
13831
13761
13690
13619
13547
13475
13401
13327
13252
13177
13101
13024
12946
12868
12789
12709
12628
12547
12464
12381
12298
12213
12127
12041
11954
11866
11777
11688
11597
11506
11414
11320
11226
11132
11036
10939
10841
10743
10643
10543
10442
10340
10236
10132
10027
9921
9814
9706
9597
9488
9377
9265
9152
9038
8924
8808
8691
8573
8455
8335
8214
8093
7970
7847
7722
7596
7470
7342
7214
7085
6954
6823
6691
6558
6423
6288
6153
6016
5878
5740
5600
5460
5319
5177
5034
4891
4746
4601
4455
4309
4162
4014
3865
3716
3566
3415
3264
3113
2961
2808
2655
2501
2347
2192
2037
1882
1727
1571
1414
1258
1101
944
787
630
472
315
158
0
156
312
468
624
780
935
1091
1246
1401
1556
1710
1864
2018
2172
2325
2478
2630
2782
2933
3084
3234
3384
3533
3682
3830
3977
4124
4270
4415
4560
4704
4847
4989
5131
5272
5412
5551
5689
5827
5963
6099
6234
6368
6501
6634
6765
6896
7025
7154
7281
7408
7534
7659
7783
7905
8027
8148
8269
8388
8506
8623
8739
8854
8968
9082
9194
9305
9416
9525
9634
9741
9848
9954
10058
10162
10265
10367
10468
10568
10667
10766
10863
10959
11055
11150
11243
11336
11429
11520
11610
11700
11788
11876
11963
12049
12135
12219
12303
12386
12468
12550
12631
12710
12790
12868
12946
13023
13099
13174
13249
13323
13396
13469
13541
13612
13683
13753
13822
13891
13959
14026
14093
14159
14224
14289
14353
14417
14417
14417
14353
14289
14224
14159
14093
14026
13959
13891
13822
13753
13683
13612
13541
13469
13396
13323
13249
13174
13099
13023
12946
12868
12790
12710
12631
12550
12468
12386
12303
12219
12135
12049
11963
11876
11788
11700
11610
11520
11429
11336
11243
11150
11055
10959
10863
10766
10667
10568
10468
10367
10265
10162
10058
9954
9848
9741
9634
9525
9416
9305
9194
9082
8968
8854
8739
8623
8506
8388
8269
8148
8027
7905
7783
7659
7534
7408
7281
7154
7025
6896
6765
6634
6501
6368
6234
6099
5963
5827
5689
5551
5412
5272
5131
4989
4847
4704
4560
4415
4270
4124
3977
3830
3682
3533
3384
3234
3084
2933
2782
2630
2478
2325
2172
2018
1864
1710
1556
1401
1246
1091
935
780
624
468
312
156
0
155
309
464
618
772
926
1080
1234
1388
1541
1694
1847
1999
2151
2303
2455
2605
2756
2906
3055
3204
3353
3501
3648
3795
3941
4086
4231
4375
4519
4662
4804
4945
5085
5225
5364
5502
5640
5776
5912
6047
6181
6314
6446
6578
6708
6838
6967
7094
7221
7347
7472
7596
7720
7842
7963
8084
8203
8321
8439
8556
8671
8786
8900
9012
9124
9235
9345
9454
9562
9669
9776
9881
9985
10089
10191
10293
10394
10494
10592
10691
10788
10884
10979
11074
11167
11260
11352
11443
11533
11623
11711
11799
11886
11972
12058
12142
12226
12309
12391
12472
12553
12633
12712
12790
12868
12945
13021
13097
13171
13245
13319
13391
13463
13535
13605
13675
13745
13814
13882
13949
14016
14082
14148
14213
14277
14341
14341
14341
14277
14213
14148
14082
14016
13949
13882
13814
13745
13675
13605
13535
13463
13391
13319
13245
13171
13097
13021
12945
12868
12790
12712
12633
12553
12472
12391
12309
12226
12142
12058
11972
11886
11799
11711
11623
11533
11443
11352
11260
11167
11074
10979
10884
10788
10691
10592
10494
10394
10293
10191
10089
9985
9881
9776
9669
9562
9454
9345
9235
9124
9012
8900
8786
8671
8556
8439
8321
8203
8084
7963
7842
7720
7596
7472
7347
7221
7094
6967
6838
6708
6578
6446
6314
6181
6047
5912
5776
5640
5502
5364
5225
5085
4945
4804
4662
4519
4375
4231
4086
3941
3795
3648
3501
3353
3204
3055
2906
2756
2605
2455
2303
2151
1999
1847
1694
1541
1388
1234
1080
926
772
618
464
309
155
0
153
306
459
612
765
918
1070
1223
1375
1527
1678
1830
1981
2132
2282
2432
2581
2731
2879
3027
3175
3322
3469
3615
3761
3905
4050
4193
4336
4479
4620
4761
4901
5041
5180
5317
5455
5591
5727
5861
5995
6128
6261
6392
6523
6652
6781
6909
7036
7162
7287
7412
7535
7658
7779
7900
8020
8138
8256
8373
8489
8604
8718
8832
8944
9055
9166
9275
9384
9492
9598
9704
9809
9913
10016
10119
10220
10320
10420
10519
10616
10713
10809
10904
10999
11092
11185
11277
11368
11458
11547
11635
11723
11810
11896
11981
12065
12149
12232
12314
12395
12476
12556
12635
12713
12791
12868
12944
13020
13094
13169
13242
13315
13387
13458
13529
13599
13668
13737
13805
13873
13940
14006
14072
14137
14201
14265
14265
14265
14201
14137
14072
14006
13940
13873
13805
13737
13668
13599
13529
13458
13387
13315
13242
13169
13094
13020
12944
12868
12791
12713
12635
12556
12476
12395
12314
12232
12149
12065
11981
11896
11810
11723
11635
11547
11458
11368
11277
11185
11092
10999
10904
10809
10713
10616
10519
10420
10320
10220
10119
10016
9913
9809
9704
9598
9492
9384
9275
9166
9055
8944
8832
8718
8604
8489
8373
8256
8138
8020
7900
7779
7658
7535
7412
7287
7162
7036
6909
6781
6652
6523
6392
6261
6128
5995
5861
5727
5591
5455
5317
5180
5041
4901
4761
4620
4479
4336
4193
4050
3905
3761
3615
3469
3322
3175
3027
2879
2731
2581
2432
2282
2132
1981
1830
1678
1527
1375
1223
1070
918
765
612
459
306
153
0
152
303
455
607
758
909
1060
1211
1362
1513
1663
1813
1963
2112
2261
2410
2558
2706
2853
3000
3147
3292
3438
3583
3727
3871
4014
4156
4298
4439
4580
4720
4859
4997
5135
5272
5408
5543
5678
5811
5944
6077
6208
6339
6468
6597
6725
6852
6978
7104
7228
7352
7475
7596
7717
7837
7956
8075
8192
8308
8424
8538
8652
8765
8877
8987
9097
9207
9315
9422
9528
9634
9738
9842
9945
10047
10148
10248
10347
10446
10543
10640
10736
10831
10925
11018
11110
11202
11293
11383
11472
11560
11648
11734
11820
11905
11990
12073
12156
12238
12319
12400
12480
12559
12637
12715
12792
12868
12943
13018
13092
13166
13239
13311
13382
13453
13523
13592
13661
13729
13797
13864
13930
13996
14061
14126
14190
14190
14190
14126
14061
13996
13930
13864
13797
13729
13661
13592
13523
13453
13382
13311
13239
13166
13092
13018
12943
12868
12792
12715
12637
12559
12480
12400
12319
12238
12156
12073
11990
11905
11820
11734
11648
11560
11472
11383
11293
11202
11110
11018
10925
10831
10736
10640
10543
10446
10347
10248
10148
10047
9945
9842
9738
9634
9528
9422
9315
9207
9097
8987
8877
8765
8652
8538
8424
8308
8192
8075
7956
7837
7717
7596
7475
7352
7228
7104
6978
6852
6725
6597
6468
6339
6208
6077
5944
5811
5678
5543
5408
5272
5135
4997
4859
4720
4580
4439
4298
4156
4014
3871
3727
3583
3438
3292
3147
3000
2853
2706
2558
2410
2261
2112
1963
1813
1663
1513
1362
1211
1060
909
758
607
455
303
152
0
150
301
451
601
751
901
1051
1200
1350
1499
1648
1797
1945
2093
2241
2388
2535
2681
2828
2973
3118
3263
3407
3551
3694
3836
3978
4120
4260
4400
4540
4679
4817
4954
5091
5226
5362
5496
5630
5762
5895
6026
6156
6286
6415
6543
6670
6796
6922
7046
7170
7293
7415
7536
7656
7776
7894
8012
8129
8244
8359
8473
8586
8699
8810
8920
9030
9139
9246
9353
9459
9564
9668
9772
9874
9976
10077
10176
10275
10373
10471
10567
10663
10757
10851
10944
11037
11128
11219
11308
11397
11486
11573
11660
11745
11830
11915
11998
12081
12163
12244
12325
12404
12483
12562
12639
12716
12792
12868
12943
13017
13090
13163
13235
13307
13378
13448
13517
13586
13654
13722
13789
13855
13921
13986
14051
14115
14115
14115
14051
13986
13921
13855
13789
13722
13654
13586
13517
13448
13378
13307
13235
13163
13090
13017
12943
12868
12792
12716
12639
12562
12483
12404
12325
12244
12163
12081
11998
11915
11830
11745
11660
11573
11486
11397
11308
11219
11128
11037
10944
10851
10757
10663
10567
10471
10373
10275
10176
10077
9976
9874
9772
9668
9564
9459
9353
9246
9139
9030
8920
8810
8699
8586
8473
8359
8244
8129
8012
7894
7776
7656
7536
7415
7293
7170
7046
6922
6796
6670
6543
6415
6286
6156
6026
5895
5762
5630
5496
5362
5226
5091
4954
4817
4679
4540
4400
4260
4120
3978
3836
3694
3551
3407
3263
3118
2973
2828
2681
2535
2388
2241
2093
1945
1797
1648
1499
1350
1200
1051
901
751
601
451
301
150
0
149
298
447
596
744
893
1041
1189
1338
1485
1633
1780
1927
2074
2220
2367
2512
2657
2802
2947
3091
3234
3377
3520
3661
3803
3944
4084
4223
4362
4501
4638
4775
4912
5047
5182
5316
5450
5582
5714
5845
5976
6105
6234
6362
6489
6616
6741
6866
6990
7113
7235
7356
7477
7596
7715
7833
7950
8066
8181
8296
8409
8522
8633
8744
8854
8963
9072
9179
9285
9391
9496
9599
9702
9804
9906
10006
10106
10204
10302
10399
10495
10591
10685
10779
10872
10964
11055
11145
11235
11324
11412
11499
11586
11671
11756
11840
11924
12006
12088
12170
12250
12330
12409
12487
12565
12641
12718
12793
12868
12942
13016
13088
13161
13232
13303
13373
13443
13512
13580
13648
13715
13781
13847
13912
13977
14041
14041
14041
13977
13912
13847
13781
13715
13648
13580
13512
13443
13373
13303
13232
13161
13088
13016
12942
12868
12793
12718
12641
12565
12487
12409
12330
12250
12170
12088
12006
11924
11840
11756
11671
11586
11499
11412
11324
11235
11145
11055
10964
10872
10779
10685
10591
10495
10399
10302
10204
10106
10006
9906
9804
9702
9599
9496
9391
9285
9179
9072
8963
8854
8744
8633
8522
8409
8296
8181
8066
7950
7833
7715
7596
7477
7356
7235
7113
6990
6866
6741
6616
6489
6362
6234
6105
5976
5845
5714
5582
5450
5316
5182
5047
4912
4775
4638
4501
4362
4223
4084
3944
3803
3661
3520
3377
3234
3091
2947
2802
2657
2512
2367
2220
2074
1927
1780
1633
1485
1338
1189
1041
893
744
596
447
298
149
0
148
295
443
590
738
885
1032
1179
1326
1472
1618
1764
1910
2056
2201
2346
2490
2634
2778
2921
3063
3206
3348
3489
3630
3770
3909
4048
4187
4325
4462
4599
4735
4870
5004
5138
5272
5404
5536
5667
5797
5927
6055
6183
6310
6437
6562
6687
6811
6934
7056
7178
7299
7418
7537
7655
7773
7889
8004
8119
8233
8346
8458
8569
8679
8789
8898
9005
9112
9218
9323
9428
9531
9634
9736
9837
9937
10036
10134
10232
10328
10424
10519
10614
10707
10800
10892
10983
11073
11162
11251
11339
11426
11512
11598
11683
11767
11850
11933
12015
12096
12176
12256
12335
12413
12491
12567
12644
12719
12794
12868
12941
13014
13086
13158
13229
13299
13369
13438
13506
13574
13641
13707
13773
13839
13904
13968
13968
13968
13904
13839
13773
13707
13641
13574
13506
13438
13369
13299
13229
13158
13086
13014
12941
12868
12794
12719
12644
12567
12491
12413
12335
12256
12176
12096
12015
11933
11850
11767
11683
11598
11512
11426
11339
11251
11162
11073
10983
10892
10800
10707
10614
10519
10424
10328
10232
10134
10036
9937
9837
9736
9634
9531
9428
9323
9218
9112
9005
8898
8789
8679
8569
8458
8346
8233
8119
8004
7889
7773
7655
7537
7418
7299
7178
7056
6934
6811
6687
6562
6437
6310
6183
6055
5927
5797
5667
5536
5404
5272
5138
5004
4870
4735
4599
4462
4325
4187
4048
3909
3770
3630
3489
3348
3206
3063
2921
2778
2634
2490
2346
2201
2056
1910
1764
1618
1472
1326
1179
1032
885
738
590
443
295
148
0
146
293
439
585
731
877
1023
1168
1314
1459
1604
1749
1893
2037
2181
2325
2468
2611
2753
2895
3037
3178
3318
3459
3598
3737
3876
4014
4151
4288
4424
4560
4695
4829
4962
5095
5228
5359
5490
5620
5749
5878
6006
6133
6259
6385
6510
6634
6757
6879
7001
7122
7242
7361
7479
7596
7713
7829
7944
8058
8171
8283
8395
8506
8616
8725
8833
8940
9046
9152
9257
9361
9464
9566
9668
9768
9868
9967
10065
10162
10259
10354
10449
10543
10636
10729
10820
10911
11001
11091
11179
11267
11354
11440
11525
11610
11694
11777
11860
11942
12023
12103
12183
12261
12340
12417
12494
12570
12646
12720
12794
12868
12941
13013
13084
13155
13226
13295
13364
13433
13501
13568
13634
13700
13766
13831
13895
13895
13895
13831
13766
13700
13634
13568
13501
13433
13364
13295
13226
13155
13084
13013
12941
12868
12794
12720
12646
12570
12494
12417
12340
12261
12183
12103
12023
11942
11860
11777
11694
11610
11525
11440
11354
11267
11179
11091
11001
10911
10820
10729
10636
10543
10449
10354
10259
10162
10065
9967
9868
9768
9668
9566
9464
9361
9257
9152
9046
8940
8833
8725
8616
8506
8395
8283
8171
8058
7944
7829
7713
7596
7479
7361
7242
7122
7001
6879
6757
6634
6510
6385
6259
6133
6006
5878
5749
5620
5490
5359
5228
5095
4962
4829
4695
4560
4424
4288
4151
4014
3876
3737
3598
3459
3318
3178
3037
2895
2753
2611
2468
2325
2181
2037
1893
1749
1604
1459
1314
1168
1023
877
731
585
439
293
146
0
145
290
435
580
724
869
1014
1158
1302
1446
1590
1733
1877
2020
2162
2305
2447
2588
2729
2870
3010
3150
3290
3429
3567
3705
3843
3980
4116
4252
4387
4521
4655
4789
4921
5053
5184
5315
5445
5574
5703
5830
5957
6084
6209
6334
6458
6581
6704
6825
6946
7066
7185
7304
7421
7538
7654
7769
7884
7997
8110
8222
8333
8443
8552
8661
8769
8876
8982
9087
9191
9295
9397
9499
9600
9701
9800
9899
9996
10093
10190
10285
10380
10473
10566
10659
10750
10841
10930
11020
11108
11195
11282
11368
11454
11538
11622
11705
11788
11869
11950
12030
12110
12189
12267
12344
12421
12497
12573
12648
12722
12795
12868
12940
13012
13083
13153
13223
13292
13360
13428
13495
13562
13628
13693
13758
13823
13823
13823
13758
13693
13628
13562
13495
13428
13360
13292
13223
13153
13083
13012
12940
12868
12795
12722
12648
12573
12497
12421
12344
12267
12189
12110
12030
11950
11869
11788
11705
11622
11538
11454
11368
11282
11195
11108
11020
10930
10841
10750
10659
10566
10473
10380
10285
10190
10093
9996
9899
9800
9701
9600
9499
9397
9295
9191
9087
8982
8876
8769
8661
8552
8443
8333
8222
8110
7997
7884
7769
7654
7538
7421
7304
7185
7066
6946
6825
6704
6581
6458
6334
6209
6084
5957
5830
5703
5574
5445
5315
5184
5053
4921
4789
4655
4521
4387
4252
4116
3980
3843
3705
3567
3429
3290
3150
3010
2870
2729
2588
2447
2305
2162
2020
1877
1733
1590
1446
1302
1158
1014
869
724
580
435
290
145
0
144
287
431
575
718
862
1005
1148
1291
1434
1576
1718
1860
2002
2143
2285
2425
2566
2706
2845
2985
3123
3262
3400
3537
3674
3810
3946
4081
4216
4350
4484
4617
4749
4881
5012
5142
5272
5401
5529
5656
5783
5910
6035
6160
6284
6407
6529
6651
6772
6892
7012
7130
7248
7365
7481
7596
7711
7825
7938
8050
8161
8272
8381
8490
8598
8705
8812
8917
9022
9126
9229
9332
9433
9534
9634
9733
9831
9929
10025
10121
10216
10311
10404
10497
10589
10680
10771
10860
10949
11037
11125
11211
11297
11383
11467
11551
11634
11716
11798
11879
11959
12038
12117
12195
12272
12349
12425
12501
12575
12650
12723
12796
12868
12940
13010
13081
13150
13219
13288
13356
13423
13490
13556
13622
13686
13751
13751
13751
13686
13622
13556
13490
13423
13356
13288
13219
13150
13081
13010
12940
12868
12796
12723
12650
12575
12501
12425
12349
12272
12195
12117
12038
11959
11879
11798
11716
11634
11551
11467
11383
11297
11211
11125
11037
10949
10860
10771
10680
10589
10497
10404
10311
10216
10121
10025
9929
9831
9733
9634
9534
9433
9332
9229
9126
9022
8917
8812
8705
8598
8490
8381
8272
8161
8050
7938
7825
7711
7596
7481
7365
7248
7130
7012
6892
6772
6651
6529
6407
6284
6160
6035
5910
5783
5656
5529
5401
5272
5142
5012
4881
4749
4617
4484
4350
4216
4081
3946
3810
3674
3537
3400
3262
3123
2985
2845
2706
2566
2425
2285
2143
2002
1860
1718
1576
1434
1291
1148
1005
862
718
575
431
287
144
0
142
285
427
570
712
854
996
1138
1280
1421
1562
1703
1844
1985
2125
2265
2405
2544
2683
2821
2959
3097
3234
3371
3507
3643
3778
3913
4047
4181
4314
4447
4578
4710
4841
4971
5100
5229
5357
5484
5611
5737
5862
5987
6111
6234
6357
6478
6599
6720
6839
6958
7076
7193
7309
7425
7539
7653
7766
7879
7990
8101
8211
8320
8429
8536
8643
8749
8854
8959
9062
9165
9267
9368
9468
9568
9667
9765
9862
9958
10054
10149
10243
10336
10429
10520
10611
10702
10791
10880
10968
11055
11141
11227
11312
11397
11480
11563
11645
11727
11808
11888
11967
12046
12124
12201
12278
12354
12429
12504
12578
12651
12724
12796
12868
12939
13009
13079
13148
13217
13284
13352
13418
13485
13550
13615
13680
13680
13680
13615
13550
13485
13418
13352
13284
13217
13148
13079
13009
12939
12868
12796
12724
12651
12578
12504
12429
12354
12278
12201
12124
12046
11967
11888
11808
11727
11645
11563
11480
11397
11312
11227
11141
11055
10968
10880
10791
10702
10611
10520
10429
10336
10243
10149
10054
9958
9862
9765
9667
9568
9468
9368
9267
9165
9062
8959
8854
8749
8643
8536
8429
8320
8211
8101
7990
7879
7766
7653
7539
7425
7309
7193
7076
6958
6839
6720
6599
6478
6357
6234
6111
5987
5862
5737
5611
5484
5357
5229
5100
4971
4841
4710
4578
4447
4314
4181
4047
3913
3778
3643
3507
3371
3234
3097
2959
2821
2683
2544
2405
2265
2125
1985
1844
1703
1562
1421
1280
1138
996
854
712
570
427
285
142
0
141
282
424
565
706
847
987
1128
1269
1409
1549
1689
1829
1968
2107
2246
2384
2522
2660
2797
2934
3071
3207
3343
3478
3613
3747
3881
4014
4146
4278
4410
4541
4671
4801
4930
5059
5187
5314
5440
5566
5692
5816
5940
6063
6185
6307
6428
6548
6668
6787
6905
7022
7138
7254
7369
7483
7596
7709
7821
7932
8042
8152
8260
8368
8475
8582
8687
8792
8896
8999
9101
9203
9304
9404
9503
9601
9699
9796
9892
9987
10082
10176
10269
10361
10452
10543
10633
10722
10811
10899
10986
11072
11158
11243
11327
11410
11493
11575
11657
11737
11817
11897
11975
12053
12130
12207
12283
12358
12433
12507
12581
12653
12725
12797
12868
12938
13008
13077
13146
13214
13281
13348
13414
13480
13545
13609
13609
13609
13545
13480
13414
13348
13281
13214
13146
13077
13008
12938
12868
12797
12725
12653
12581
12507
12433
12358
12283
12207
12130
12053
11975
11897
11817
11737
11657
11575
11493
11410
11327
11243
11158
11072
10986
10899
10811
10722
10633
10543
10452
10361
10269
10176
10082
9987
9892
9796
9699
9601
9503
9404
9304
9203
9101
8999
8896
8792
8687
8582
8475
8368
8260
8152
8042
7932
7821
7709
7596
7483
7369
7254
7138
7022
6905
6787
6668
6548
6428
6307
6185
6063
5940
5816
5692
5566
5440
5314
5187
5059
4930
4801
4671
4541
4410
4278
4146
4014
3881
3747
3613
3478
3343
3207
3071
2934
2797
2660
2522
2384
2246
2107
1968
1829
1689
1549
1409
1269
1128
987
847
706
565
424
282
141
0
140
280
420
560
700
839
979
1119
1258
1397
1536
1675
1813
1951
2089
2227
2364
2501
2638
2774
2910
3045
3180
3315
3449
3583
3716
3849
3981
4112
4244
4374
4504
4634
4762
4891
5018
5145
5272
5397
5522
5647
5770
5893
6016
6137
6258
6379
6498
6617
6735
6852
6969
7085
7200
7314
7428
7540
7652
7764
7874
7984
8093
8201
8308
8415
8521
8626
8730
8834
8936
9038
9139
9240
9340
9438
9537
9634
9730
9826
9921
10016
10109
10202
10294
10385
10476
10566
10655
10743
10831
10917
11004
11089
11174
11258
11341
11424
11506
11587
11668
11748
11827
11905
11983
12060
12137
12213
12288
12363
12437
12510
12583
12655
12727
12798
12868
12938
13007
13075
13143
13211
13277
13344
13409
13475
13539
13539
13539
13475
13409
13344
13277
13211
13143
13075
13007
12938
12868
12798
12727
12655
12583
12510
12437
12363
12288
12213
12137
12060
11983
11905
11827
11748
11668
11587
11506
11424
11341
11258
11174
11089
11004
10917
10831
10743
10655
10566
10476
10385
10294
10202
10109
10016
9921
9826
9730
9634
9537
9438
9340
9240
9139
9038
8936
8834
8730
8626
8521
8415
8308
8201
8093
7984
7874
7764
7652
7540
7428
7314
7200
7085
6969
6852
6735
6617
6498
6379
6258
6137
6016
5893
5770
5647
5522
5397
5272
5145
5018
4891
4762
4634
4504
4374
4244
4112
3981
3849
3716
3583
3449
3315
3180
3045
2910
2774
2638
2501
2364
2227
2089
1951
1813
1675
1536
1397
1258
1119
979
839
700
560
420
280
140
0
139
278
416
555
694
832
971
1109
1247
1385
1523
1660
1798
1935
2072
2208
2344
2480
2616
2751
2886
3020
3154
3287
3421
3553
3685
3817
3948
4079
4209
4339
4468
4596
4724
4852
4978
5104
5230
5355
5479
5603
5725
5848
5969
6090
6210
6330
6449
6567
6684
6801
6916
7032
7146
7260
7373
7485
7596
7707
7817
7926
8035
8142
8249
8355
8461
8565
8669
8772
8875
8976
9077
9177
9276
9375
9473
9570
9666
9761
9856
9950
10043
10136
10228
10319
10409
10499
10587
10676
10763
10850
10936
11021
11106
11190
11273
11355
11437
11518
11599
11678
11758
11836
11914
11991
12068
12143
12219
12293
12367
12441
12513
12586
12657
12728
12798
12868
12937
13006
13074
13141
13208
13274
13340
13405
13470
13470
13470
13405
13340
13274
13208
13141
13074
13006
12937
12868
12798
12728
12657
12586
12513
12441
12367
12293
12219
12143
12068
11991
11914
11836
11758
11678
11599
11518
11437
11355
11273
11190
11106
11021
10936
10850
10763
10676
10587
10499
10409
10319
10228
10136
10043
9950
9856
9761
9666
9570
9473
9375
9276
9177
9077
8976
8875
8772
8669
8565
8461
8355
8249
8142
8035
7926
7817
7707
7596
7485
7373
7260
7146
7032
6916
6801
6684
6567
6449
6330
6210
6090
5969
5848
5725
5603
5479
5355
5230
5104
4978
4852
4724
4596
4468
4339
4209
4079
3948
3817
3685
3553
3421
3287
3154
3020
2886
2751
2616
2480
2344
2208
2072
1935
1798
1660
1523
1385
1247
1109
971
832
694
555
416
278
139
0
138
275
413
551
688
825
963
1100
1237
1374
1510
1647
1783
1919
2054
2190
2325
2460
2594
2728
2862
2995
3128
3261
3393
3524
3655
3786
3916
4046
4175
4304
4432
4560
4687
4813
4939
5064
5189
5313
5436
5559
5681
5803
5923
6043
6163
6282
6400
6517
6634
6750
6865
6979
7093
7206
7319
7430
7541
7651
7761
7869
7977
8085
8191
8297
8402
8506
8609
8712
8814
8915
9015
9115
9214
9312
9409
9506
9602
9697
9792
9885
9978
10071
10162
10253
10343
10432
10521
10609
10696
10783
10869
10954
11038
11122
11205
11287
11369
11450
11530
11610
11689
11768
11845
11922
11999
12075
12150
12224
12298
12372
12444
12516
12588
12659
12729
12799
12868
12937
13004
13072
13139
13205
13271
13336
13401
13401
13401
13336
13271
13205
13139
13072
13004
12937
12868
12799
12729
12659
12588
12516
12444
12372
12298
12224
12150
12075
11999
11922
11845
11768
11689
11610
11530
11450
11369
11287
11205
11122
11038
10954
10869
10783
10696
10609
10521
10432
10343
10253
10162
10071
9978
9885
9792
9697
9602
9506
9409
9312
9214
9115
9015
8915
8814
8712
8609
8506
8402
8297
8191
8085
7977
7869
7761
7651
7541
7430
7319
7206
7093
6979
6865
6750
6634
6517
6400
6282
6163
6043
5923
5803
5681
5559
5436
5313
5189
5064
4939
4813
4687
4560
4432
4304
4175
4046
3916
3786
3655
3524
3393
3261
3128
2995
2862
2728
2594
2460
2325
2190
2054
1919
1783
1647
1510
1374
1237
1100
963
825
688
551
413
275
138
0
137
273
410
546
682
819
955
1091
1227
1362
1498
1633
1768
1903
2037
2172
2306
2439
2573
2706
2838
2971
3103
3234
3365
3496
3626
3756
3885
4014
4142
4270
4397
4524
4650
4775
4900
5025
5148
5272
5394
5516
5637
5758
5878
5997
6116
6234
6352
6468
6584
6700
6814
6928
7041
7154
7265
7376
7487
7596
7705
7813
7921
8027
8133
8239
8343
8447
8550
8652
8753
8854
8954
9054
9152
9250
9347
9443
9539
9634
9728
9821
9914
10006
10097
10188
10278
10367
10455
10543
10630
10716
10802
10887
10971
11055
11138
11220
11302
11383
11463
11542
11621
11700
11777
11854
11931
12006
12082
12156
12230
12303
12376
12448
12519
12590
12661
12730
12799
12868
12936
13003
13070
13137
13202
13267
13332
13332
13332
13267
13202
13137
13070
13003
12936
12868
12799
12730
12661
12590
12519
12448
12376
12303
12230
12156
12082
12006
11931
11854
11777
11700
11621
11542
11463
11383
11302
11220
11138
11055
10971
10887
10802
10716
10630
10543
10455
10367
10278
10188
10097
10006
9914
9821
9728
9634
9539
9443
9347
9250
9152
9054
8954
8854
8753
8652
8550
8447
8343
8239
8133
8027
7921
7813
7705
7596
7487
7376
7265
7154
7041
6928
6814
6700
6584
6468
6352
6234
6116
5997
5878
5758
5637
5516
5394
5272
5148
5025
4900
4775
4650
4524
4397
4270
4142
4014
3885
3756
3626
3496
3365
3234
3103
2971
2838
2706
2573
2439
2306
2172
2037
1903
1768
1633
1498
1362
1227
1091
955
819
682
546
410
273
137
0
135
271
406
541
677
812
947
1082
1216
1351
1485
1620
1754
1887
2021
2154
2287
2420
2552
2684
2815
2947
3078
3208
3338
3468
3597
3726
3854
3982
4109
4236
4362
4488
4613
4738
4862
4986
5109
5231
5353
5474
5594
5714
5834
5952
6070
6187
6304
6420
6535
6650
6764
6877
6990
7102
7213
7323
7433
7542
7650
7758
7865
7971
8077
8181
8285
8389
8491
8593
8694
8794
8894
8993
9091
9189
9285
9381
9477
9571
9665
9758
9851
9942
10033
10124
10213
10302
10390
10478
10565
10651
10736
10821
10905
10989
11071
11154
11235
11316
11396
11475
11554
11632
11710
11787
11863
11939
12014
12088
12162
12235
12308
12380
12452
12522
12593
12662
12731
12800
12868
12935
13002
13069
13134
13200
13264
13264
13264
13200
13134
13069
13002
12935
12868
12800
12731
12662
12593
12522
12452
12380
12308
12235
12162
12088
12014
11939
11863
11787
11710
11632
11554
11475
11396
11316
11235
11154
11071
10989
10905
10821
10736
10651
10565
10478
10390
10302
10213
10124
10033
9942
9851
9758
9665
9571
9477
9381
9285
9189
9091
8993
8894
8794
8694
8593
8491
8389
8285
8181
8077
7971
7865
7758
7650
7542
7433
7323
7213
7102
6990
6877
6764
6650
6535
6420
6304
6187
6070
5952
5834
5714
5594
5474
5353
5231
5109
4986
4862
4738
4613
4488
4362
4236
4109
3982
3854
3726
3597
3468
3338
3208
3078
2947
2815
2684
2552
2420
2287
2154
2021
1887
1754
1620
1485
1351
1216
1082
947
812
677
541
406
271
135
0
134
269
403
537
671
805
939
1073
1206
1340
1473
1606
1739
1872
2004
2137
2268
2400
2531
2662
2793
2923
3053
3182
3312
3440
3568
3696
3824
3950
4077
4203
4328
4453
4577
4701
4824
4947
5069
5191
5312
5432
5552
5671
5790
5908
6025
6141
6257
6373
6487
6601
6715
6827
6939
7050
7161
7271
7380
7489
7596
7703
7810
7916
8020
8125
8228
8331
8433
8535
8635
8735
8834
8933
9031
9128
9224
9320
9415
9509
9603
9696
9788
9879
9970
10060
10149
10238
10326
10413
10500
10586
10671
10756
10840
10923
11006
11088
11169
11250
11330
11409
11488
11566
11643
11720
11796
11872
11947
12021
12095
12168
12241
12313
12384
12455
12525
12595
12664
12733
12801
12868
12935
13001
13067
13132
13197
13197
13197
13132
13067
13001
12935
12868
12801
12733
12664
12595
12525
12455
12384
12313
12241
12168
12095
12021
11947
11872
11796
11720
11643
11566
11488
11409
11330
11250
11169
11088
11006
10923
10840
10756
10671
10586
10500
10413
10326
10238
10149
10060
9970
9879
9788
9696
9603
9509
9415
9320
9224
9128
9031
8933
8834
8735
8635
8535
8433
8331
8228
8125
8020
7916
7810
7703
7596
7489
7380
7271
7161
7050
6939
6827
6715
6601
6487
6373
6257
6141
6025
5908
5790
5671
5552
5432
5312
5191
5069
4947
4824
4701
4577
4453
4328
4203
4077
3950
3824
3696
3568
3440
3312
3182
3053
2923
2793
2662
2531
2400
2268
2137
2004
1872
1739
1606
1473
1340
1206
1073
939
805
671
537
403
269
134
0
133
266
400
533
666
799
931
1064
1197
1329
1461
1593
1725
1857
1988
2119
2250
2381
2511
2641
2771
2900
3029
3157
3285
3413
3540
3667
3794
3920
4045
4170
4295
4419
4542
4665
4787
4909
5031
5151
5272
5391
5510
5629
5746
5863
5980
6096
6211
6326
6440
6553
6666
6778
6889
7000
7110
7219
7328
7436
7543
7650
7755
7861
7965
8069
8172
8274
8376
8477
8577
8677
8776
8874
8971
9068
9164
9259
9354
9448
9541
9634
9726
9817
9907
9997
10086
10175
10263
10350
10436
10522
10607
10691
10775
10858
10941
11022
11104
11184
11264
11343
11422
11500
11577
11654
11730
11806
11880
11955
12028
12102
12174
12246
12317
12388
12458
12528
12597
12666
12734
12801
12868
12934
13000
13065
13130
13130
13130
13065
13000
12934
12868
12801
12734
12666
12597
12528
12458
12388
12317
12246
12174
12102
12028
11955
11880
11806
11730
11654
11577
11500
11422
11343
11264
11184
11104
11022
10941
10858
10775
10691
10607
10522
10436
10350
10263
10175
10086
9997
9907
9817
9726
9634
9541
9448
9354
9259
9164
9068
8971
8874
8776
8677
8577
8477
8376
8274
8172
8069
7965
7861
7755
7650
7543
7436
7328
7219
7110
7000
6889
6778
6666
6553
6440
6326
6211
6096
5980
5863
5746
5629
5510
5391
5272
5151
5031
4909
4787
4665
4542
4419
4295
4170
4045
3920
3794
3667
3540
3413
3285
3157
3029
2900
2771
2641
2511
2381
2250
2119
1988
1857
1725
1593
1461
1329
1197
1064
931
799
666
533
400
266
133
0
132
264
396
528
660
792
924
1056
1187
1318
1450
1581
1711
1842
1972
2102
2232
2362
2491
2620
2749
2877
3005
3132
3260
3386
3513
3639
3764
3889
4014
4138
4261
4385
4507
4629
4751
4872
4993
5112
5232
5351
5469
5587
5704
5820
5936
6051
6166
6280
6393
6506
6618
6729
6840
6950
7059
7168
7276
7384
7490
7596
7702
7806
7910
8014
8116
8218
8320
8420
8520
8619
8718
8815
8912
9009
9104
9200
9294
9387
9480
9573
9664
9755
9845
9935
10024
10112
10200
10286
10373
10458
10543
10627
10711
10794
10876
10958
11039
11119
11199
11278
11357
11434
11512
11588
11664
11740
11815
11889
11963
12036
12108
12180
12251
12322
12392
12462
12531
12599
12667
12735
12802
12868
12934
12999
13064
13064
13064
12999
12934
12868
12802
12735
12667
12599
12531
12462
12392
12322
12251
12180
12108
12036
11963
11889
11815
11740
11664
11588
11512
11434
11357
11278
11199
11119
11039
10958
10876
10794
10711
10627
10543
10458
10373
10286
10200
10112
10024
9935
9845
9755
9664
9573
9480
9387
9294
9200
9104
9009
8912
8815
8718
8619
8520
8420
8320
8218
8116
8014
7910
7806
7702
7596
7490
7384
7276
7168
7059
6950
6840
6729
6618
6506
6393
6280
6166
6051
5936
5820
5704
5587
5469
5351
5232
5112
4993
4872
4751
4629
4507
4385
4261
4138
4014
3889
3764
3639
3513
3386
3260
3132
3005
2877
2749
2620
2491
2362
2232
2102
1972
1842
1711
1581
1450
1318
1187
1056
924
792
660
528
396
264
132
0
131
262
393
524
655
786
917
1047
1178
1308
1438
1568
1698
1827
1957
2086
2215
2343
2471
2599
2727
2854
2981
3108
3234
3360
3485
3610
3735
3859
3983
4106
4229
4351
4473
4594
4715
4835
4955
5074
5193
5311
5428
5545
5662
5777
5892
6007
6121
6234
6347
6459
6570
6681
6791
6901
7010
7118
7225
7332
7438
7544
7649
7753
7856
7959
8061
8163
8264
8364
8463
8562
8660
8758
8854
8950
9046
9140
9234
9328
9420
9512
9604
9694
9784
9873
9962
10050
10137
10224
10310
10395
10480
10564
10647
10730
10812
10894
10975
11055
11135
11214
11292
11370
11447
11523
11599
11675
11749
11824
11897
11970
12043
12114
12186
12256
12327
12396
12465
12534
12602
12669
12736
12802
12868
12933
12998
12998
12998
12933
12868
12802
12736
12669
12602
12534
12465
12396
12327
12256
12186
12114
12043
11970
11897
11824
11749
11675
11599
11523
11447
11370
11292
11214
11135
11055
10975
10894
10812
10730
10647
10564
10480
10395
10310
10224
10137
10050
9962
9873
9784
9694
9604
9512
9420
9328
9234
9140
9046
8950
8854
8758
8660
8562
8463
8364
8264
8163
8061
7959
7856
7753
7649
7544
7438
7332
7225
7118
7010
6901
6791
6681
6570
6459
6347
6234
6121
6007
5892
5777
5662
5545
5428
5311
5193
5074
4955
4835
4715
4594
4473
4351
4229
4106
3983
3859
3735
3610
3485
3360
3234
3108
2981
2854
2727
2599
2471
2343
2215
2086
1957
1827
1698
1568
1438
1308
1178
1047
917
786
655
524
393
262
131
0
130
260
390
520
650
780
909
1039
1168
1298
1427
1556
1684
1813
1941
2069
2197
2325
2452
2579
2706
2832
2958
3084
3209
3334
3459
3583
3706
3830
3952
4075
4197
4318
4439
4560
4680
4799
4918
5036
5154
5272
5388
5504
5620
5735
5850
5963
6077
6189
6301
6413
6524
6634
6743
6852
6960
7068
7175
7281
7387
7492
7596
7700
7803
7905
8007
8108
8209
8308
8407
8506
8603
8700
8797
8892
8987
9082
9175
9268
9361
9452
9543
9634
9724
9813
9901
9989
10076
10162
10248
10333
10418
10501
10585
10667
10749
10831
10911
10991
11071
11150
11228
11306
11383
11459
11535
11610
11685
11759
11832
11905
11978
12049
12121
12191
12261
12331
12400
12468
12536
12604
12671
12737
12803
12868
12933
12933
12933
12868
12803
12737
12671
12604
12536
12468
12400
12331
12261
12191
12121
12049
11978
11905
11832
11759
11685
11610
11535
11459
11383
11306
11228
11150
11071
10991
10911
10831
10749
10667
10585
10501
10418
10333
10248
10162
10076
9989
9901
9813
9724
9634
9543
9452
9361
9268
9175
9082
8987
8892
8797
8700
8603
8506
8407
8308
8209
8108
8007
7905
7803
7700
7596
7492
7387
7281
7175
7068
6960
6852
6743
6634
6524
6413
6301
6189
6077
5963
5850
5735
5620
5504
5388
5272
5154
5036
4918
4799
4680
4560
4439
4318
4197
4075
3952
3830
3706
3583
3459
3334
3209
3084
2958
2832
2706
2579
2452
2325
2197
2069
1941
1813
1684
1556
1427
1298
1168
1039
909
780
650
520
390
260
130
0
129
258
387
516
645
773
902
1031
1159
1287
1416
1544
1671
1799
1926
2053
2180
2307
2433
2559
2685
2810
2935
3060
3184
3308
3432
3555
3678
3801
3923
4044
4165
4286
4406
4526
4645
4763
4882
4999
5116
5233
5349
5464
5579
5694
5807
5920
6033
6145
6256
6367
6477
6587
6696
6804
6912
7019
7125
7231
7336
7441
7545
7648
7750
7852
7954
8054
8154
8253
8352
8450
8547
8644
8740
8835
8930
9024
9117
9210
9302
9393
9484
9574
9664
9752
9840
9928
10015
10101
10187
10271
10356
10439
10522
10605
10687
10768
10848
10928
11008
11086
11164
11242
11319
11395
11471
11546
11621
11695
11768
11841
11913
11985
12056
12127
12197
12266
12335
12404
12472
12539
12606
12672
12738
12803
12868
12868
12868
12803
12738
12672
12606
12539
12472
12404
12335
12266
12197
12127
12056
11985
11913
11841
11768
11695
11621
11546
11471
11395
11319
11242
11164
11086
11008
10928
10848
10768
10687
10605
10522
10439
10356
10271
10187
10101
10015
9928
9840
9752
9664
9574
9484
9393
9302
9210
9117
9024
8930
8835
8740
8644
8547
8450
8352
8253
8154
8054
7954
7852
7750
7648
7545
7441
7336
7231
7125
7019
6912
6804
6696
6587
6477
6367
6256
6145
6033
5920
5807
5694
5579
5464
5349
5233
5116
4999
4882
4763
4645
4526
4406
4286
4165
4044
3923
3801
3678
3555
3432
3308
3184
3060
2935
2810
2685
2559
2433
2307
2180
2053
1926
1799
1671
1544
1416
1287
1159
1031
902
773
645
516
387
258
129
0
129
258
387
516
645
773
902
1031
1159
1287
1416
1544
1671
1799
1926
2053
2180
2307
2433
2559
2685
2810
2935
3060
3184
3308
3432
3555
3678
3801
3923
4044
4165
4286
4406
4526
4645
4763
4882
4999
5116
5233
5349
5464
5579
5694
5807
5920
6033
6145
6256
6367
6477
6587
6696
6804
6912
7019
7125
7231
7336
7441
7545
7648
7750
7852
7954
8054
8154
8253
8352
8450
8547
8644
8740
8835
8930
9024
9117
9210
9302
9393
9484
9574
9664
9752
9840
9928
10015
10101
10187
10271
10356
10439
10522
10605
10687
10768
10848
10928
11008
11086
11164
11242
11319
11395
11471
11546
11621
11695
11768
11841
11913
11985
12056
12127
12197
12266
12335
12404
12472
12539
12606
12672
12738
12803
12868
12868
12868
12803
12738
12672
12606
12539
12472
12404
12335
12266
12197
12127
12056
11985
11913
11841
11768
11695
11621
11546
11471
11395
11319
11242
11164
11086
11008
10928
10848
10768
10687
10605
10522
10439
10356
10271
10187
10101
10015
9928
9840
9752
9664
9574
9484
9393
9302
9210
9117
9024
8930
8835
8740
8644
8547
8450
8352
8253
8154
8054
7954
7852
7750
7648
7545
7441
7336
7231
7125
7019
6912
6804
6696
6587
6477
6367
6256
6145
6033
5920
5807
5694
5579
5464
5349
5233
5116
4999
4882
4763
4645
4526
4406
4286
4165
4044
3923
3801
3678
3555
3432
3308
3184
3060
2935
2810
2685
2559
2433
2307
2180
2053
1926
1799
1671
1544
1416
1287
1159
1031
902
773
645
516
387
258
129
0
129
258
387
516
645
773
902
1031
1159
1287
1416
1544
1671
1799
1926
2053
2180
2307
2433
2559
2685
2810
2935
3060
3184
3308
3432
3555
3678
3801
3923
4044
4165
4286
4406
4526
4645
4763
4882
4999
5116
5233
5349
5464
5579
5694
5807
5920
6033
6145
6256
6367
6477
6587
6696
6804
6912
7019
7125
7231
7336
7441
7545
7648
7750
7852
7954
8054
8154
8253
8352
8450
8547
8644
8740
8835
8930
9024
9117
9210
9302
9393
9484
9574
9664
9752
9840
9928
10015
10101
10187
10271
10356
10439
10522
10605
10687
10768
10848
10928
11008
11086
11164
11242
11319
11395
11471
11546
11621
11695
11768
11841
11913
11985
12056
12127
12197
12266
12335
12404
12472
12539
12606
12672
12738
12803
12868
12868
12868
12803
12738
12672
12606
12539
12472
12404
12335
12266
12197
12127
12056
11985
11913
11841
11768
11695
11621
11546
11471
11395
11319
11242
11164
11086
11008
10928
10848
10768
10687
10605
10522
10439
10356
10271
10187
10101
10015
9928
9840
9752
9664
9574
9484
9393
9302
9210
9117
9024
8930
8835
8740
8644
8547
8450
8352
8253
8154
8054
7954
7852
7750
7648
7545
7441
7336
7231
7125
7019
6912
6804
6696
6587
6477
6367
6256
6145
6033
5920
5807
5694
5579
5464
5349
5233
5116
4999
4882
4763
4645
4526
4406
4286
4165
4044
3923
3801
3678
3555
3432
3308
3184
3060
2935
2810
2685
2559
2433
2307
2180
2053
1926
1799
1671
1544
1416
1287
1159
1031
902
773
645
516
387
258
129
0
130
260
390
520
650
780
909
1039
1168
1298
1427
1556
1684
1813
1941
2069
2197
2325
2452
2579
2706
2832
2958
3084
3209
3334
3459
3583
3706
3830
3952
4075
4197
4318
4439
4560
4680
4799
4918
5036
5154
5272
5388
5504
5620
5735
5850
5963
6077
6189
6301
6413
6524
6634
6743
6852
6960
7068
7175
7281
7387
7492
7596
7700
7803
7905
8007
8108
8209
8308
8407
8506
8603
8700
8797
8892
8987
9082
9175
9268
9361
9452
9543
9634
9724
9813
9901
9989
10076
10162
10248
10333
10418
10501
10585
10667
10749
10831
10911
10991
11071
11150
11228
11306
11383
11459
11535
11610
11685
11759
11832
11905
11978
12049
12121
12191
12261
12331
12400
12468
12536
12604
12671
12737
12803
12868
12933
12933
12933
12868
12803
12737
12671
12604
12536
12468
12400
12331
12261
12191
12121
12049
11978
11905
11832
11759
11685
11610
11535
11459
11383
11306
11228
11150
11071
10991
10911
10831
10749
10667
10585
10501
10418
10333
10248
10162
10076
9989
9901
9813
9724
9634
9543
9452
9361
9268
9175
9082
8987
8892
8797
8700
8603
8506
8407
8308
8209
8108
8007
7905
7803
7700
7596
7492
7387
7281
7175
7068
6960
6852
6743
6634
6524
6413
6301
6189
6077
5963
5850
5735
5620
5504
5388
5272
5154
5036
4918
4799
4680
4560
4439
4318
4197
4075
3952
3830
3706
3583
3459
3334
3209
3084
2958
2832
2706
2579
2452
2325
2197
2069
1941
1813
1684
1556
1427
1298
1168
1039
909
780
650
520
390
260
130
0
131
262
393
524
655
786
917
1047
1178
1308
1438
1568
1698
1827
1957
2086
2215
2343
2471
2599
2727
2854
2981
3108
3234
3360
3485
3610
3735
3859
3983
4106
4229
4351
4473
4594
4715
4835
4955
5074
5193
5311
5428
5545
5662
5777
5892
6007
6121
6234
6347
6459
6570
6681
6791
6901
7010
7118
7225
7332
7438
7544
7649
7753
7856
7959
8061
8163
8264
8364
8463
8562
8660
8758
8854
8950
9046
9140
9234
9328
9420
9512
9604
9694
9784
9873
9962
10050
10137
10224
10310
10395
10480
10564
10647
10730
10812
10894
10975
11055
11135
11214
11292
11370
11447
11523
11599
11675
11749
11824
11897
11970
12043
12114
12186
12256
12327
12396
12465
12534
12602
12669
12736
12802
12868
12933
12998
12998
12998
12933
12868
12802
12736
12669
12602
12534
12465
12396
12327
12256
12186
12114
12043
11970
11897
11824
11749
11675
11599
11523
11447
11370
11292
11214
11135
11055
10975
10894
10812
10730
10647
10564
10480
10395
10310
10224
10137
10050
9962
9873
9784
9694
9604
9512
9420
9328
9234
9140
9046
8950
8854
8758
8660
8562
8463
8364
8264
8163
8061
7959
7856
7753
7649
7544
7438
7332
7225
7118
7010
6901
6791
6681
6570
6459
6347
6234
6121
6007
5892
5777
5662
5545
5428
5311
5193
5074
4955
4835
4715
4594
4473
4351
4229
4106
3983
3859
3735
3610
3485
3360
3234
3108
2981
2854
2727
2599
2471
2343
2215
2086
1957
1827
1698
1568
1438
1308
1178
1047
917
786
655
524
393
262
131
0
132
264
396
528
660
792
924
1056
1187
1318
1450
1581
1711
1842
1972
2102
2232
2362
2491
2620
2749
2877
3005
3132
3260
3386
3513
3639
3764
3889
4014
4138
4261
4385
4507
4629
4751
4872
4993
5112
5232
5351
5469
5587
5704
5820
5936
6051
6166
6280
6393
6506
6618
6729
6840
6950
7059
7168
7276
7384
7490
7596
7702
7806
7910
8014
8116
8218
8320
8420
8520
8619
8718
8815
8912
9009
9104
9200
9294
9387
9480
9573
9664
9755
9845
9935
10024
10112
10200
10286
10373
10458
10543
10627
10711
10794
10876
10958
11039
11119
11199
11278
11357
11434
11512
11588
11664
11740
11815
11889
11963
12036
12108
12180
12251
12322
12392
12462
12531
12599
12667
12735
12802
12868
12934
12999
13064
13064
13064
12999
12934
12868
12802
12735
12667
12599
12531
12462
12392
12322
12251
12180
12108
12036
11963
11889
11815
11740
11664
11588
11512
11434
11357
11278
11199
11119
11039
10958
10876
10794
10711
10627
10543
10458
10373
10286
10200
10112
10024
9935
9845
9755
9664
9573
9480
9387
9294
9200
9104
9009
8912
8815
8718
8619
8520
8420
8320
8218
8116
8014
7910
7806
7702
7596
7490
7384
7276
7168
7059
6950
6840
6729
6618
6506
6393
6280
6166
6051
5936
5820
5704
5587
5469
5351
5232
5112
4993
4872
4751
4629
4507
4385
4261
4138
4014
3889
3764
3639
3513
3386
3260
3132
3005
2877
2749
2620
2491
2362
2232
2102
1972
1842
1711
1581
1450
1318
1187
1056
924
792
660
528
396
264
132
0
133
266
400
533
666
799
931
1064
1197
1329
1461
1593
1725
1857
1988
2119
2250
2381
2511
2641
2771
2900
3029
3157
3285
3413
3540
3667
3794
3920
4045
4170
4295
4419
4542
4665
4787
4909
5031
5151
5272
5391
5510
5629
5746
5863
5980
6096
6211
6326
6440
6553
6666
6778
6889
7000
7110
7219
7328
7436
7543
7650
7755
7861
7965
8069
8172
8274
8376
8477
8577
8677
8776
8874
8971
9068
9164
9259
9354
9448
9541
9634
9726
9817
9907
9997
10086
10175
10263
10350
10436
10522
10607
10691
10775
10858
10941
11022
11104
11184
11264
11343
11422
11500
11577
11654
11730
11806
11880
11955
12028
12102
12174
12246
12317
12388
12458
12528
12597
12666
12734
12801
12868
12934
13000
13065
13130
13130
13130
13065
13000
12934
12868
12801
12734
12666
12597
12528
12458
12388
12317
12246
12174
12102
12028
11955
11880
11806
11730
11654
11577
11500
11422
11343
11264
11184
11104
11022
10941
10858
10775
10691
10607
10522
10436
10350
10263
10175
10086
9997
9907
9817
9726
9634
9541
9448
9354
9259
9164
9068
8971
8874
8776
8677
8577
8477
8376
8274
8172
8069
7965
7861
7755
7650
7543
7436
7328
7219
7110
7000
6889
6778
6666
6553
6440
6326
6211
6096
5980
5863
5746
5629
5510
5391
5272
5151
5031
4909
4787
4665
4542
4419
4295
4170
4045
3920
3794
3667
3540
3413
3285
3157
3029
2900
2771
2641
2511
2381
2250
2119
1988
1857
1725
1593
1461
1329
1197
1064
931
799
666
533
400
266
133
0
134
269
403
537
671
805
939
1073
1206
1340
1473
1606
1739
1872
2004
2137
2268
2400
2531
2662
2793
2923
3053
3182
3312
3440
3568
3696
3824
3950
4077
4203
4328
4453
4577
4701
4824
4947
5069
5191
5312
5432
5552
5671
5790
5908
6025
6141
6257
6373
6487
6601
6715
6827
6939
7050
7161
7271
7380
7489
7596
7703
7810
7916
8020
8125
8228
8331
8433
8535
8635
8735
8834
8933
9031
9128
9224
9320
9415
9509
9603
9696
9788
9879
9970
10060
10149
10238
10326
10413
10500
10586
10671
10756
10840
10923
11006
11088
11169
11250
11330
11409
11488
11566
11643
11720
11796
11872
11947
12021
12095
12168
12241
12313
12384
12455
12525
12595
12664
12733
12801
12868
12935
13001
13067
13132
13197
13197
13197
13132
13067
13001
12935
12868
12801
12733
12664
12595
12525
12455
12384
12313
12241
12168
12095
12021
11947
11872
11796
11720
11643
11566
11488
11409
11330
11250
11169
11088
11006
10923
10840
10756
10671
10586
10500
10413
10326
10238
10149
10060
9970
9879
9788
9696
9603
9509
9415
9320
9224
9128
9031
8933
8834
8735
8635
8535
8433
8331
8228
8125
8020
7916
7810
7703
7596
7489
7380
7271
7161
7050
6939
6827
6715
6601
6487
6373
6257
6141
6025
5908
5790
5671
5552
5432
5312
5191
5069
4947
4824
4701
4577
4453
4328
4203
4077
3950
3824
3696
3568
3440
3312
3182
3053
2923
2793
2662
2531
2400
2268
2137
2004
1872
1739
1606
1473
1340
1206
1073
939
805
671
537
403
269
134
0
135
271
406
541
677
812
947
1082
1216
1351
1485
1620
1754
1887
2021
2154
2287
2420
2552
2684
2815
2947
3078
3208
3338
3468
3597
3726
3854
3982
4109
4236
4362
4488
4613
4738
4862
4986
5109
5231
5353
5474
5594
5714
5834
5952
6070
6187
6304
6420
6535
6650
6764
6877
6990
7102
7213
7323
7433
7542
7650
7758
7865
7971
8077
8181
8285
8389
8491
8593
8694
8794
8894
8993
9091
9189
9285
9381
9477
9571
9665
9758
9851
9942
10033
10124
10213
10302
10390
10478
10565
10651
10736
10821
10905
10989
11071
11154
11235
11316
11396
11475
11554
11632
11710
11787
11863
11939
12014
12088
12162
12235
12308
12380
12452
12522
12593
12662
12731
12800
12868
12935
13002
13069
13134
13200
13264
13264
13264
13200
13134
13069
13002
12935
12868
12800
12731
12662
12593
12522
12452
12380
12308
12235
12162
12088
12014
11939
11863
11787
11710
11632
11554
11475
11396
11316
11235
11154
11071
10989
10905
10821
10736
10651
10565
10478
10390
10302
10213
10124
10033
9942
9851
9758
9665
9571
9477
9381
9285
9189
9091
8993
8894
8794
8694
8593
8491
8389
8285
8181
8077
7971
7865
7758
7650
7542
7433
7323
7213
7102
6990
6877
6764
6650
6535
6420
6304
6187
6070
5952
5834
5714
5594
5474
5353
5231
5109
4986
4862
4738
4613
4488
4362
4236
4109
3982
3854
3726
3597
3468
3338
3208
3078
2947
2815
2684
2552
2420
2287
2154
2021
1887
1754
1620
1485
1351
1216
1082
947
812
677
541
406
271
135
0
137
273
410
546
682
819
955
1091
1227
1362
1498
1633
1768
1903
2037
2172
2306
2439
2573
2706
2838
2971
3103
3234
3365
3496
3626
3756
3885
4014
4142
4270
4397
4524
4650
4775
4900
5025
5148
5272
5394
5516
5637
5758
5878
5997
6116
6234
6352
6468
6584
6700
6814
6928
7041
7154
7265
7376
7487
7596
7705
7813
7921
8027
8133
8239
8343
8447
8550
8652
8753
8854
8954
9054
9152
9250
9347
9443
9539
9634
9728
9821
9914
10006
10097
10188
10278
10367
10455
10543
10630
10716
10802
10887
10971
11055
11138
11220
11302
11383
11463
11542
11621
11700
11777
11854
11931
12006
12082
12156
12230
12303
12376
12448
12519
12590
12661
12730
12799
12868
12936
13003
13070
13137
13202
13267
13332
13332
13332
13267
13202
13137
13070
13003
12936
12868
12799
12730
12661
12590
12519
12448
12376
12303
12230
12156
12082
12006
11931
11854
11777
11700
11621
11542
11463
11383
11302
11220
11138
11055
10971
10887
10802
10716
10630
10543
10455
10367
10278
10188
10097
10006
9914
9821
9728
9634
9539
9443
9347
9250
9152
9054
8954
8854
8753
8652
8550
8447
8343
8239
8133
8027
7921
7813
7705
7596
7487
7376
7265
7154
7041
6928
6814
6700
6584
6468
6352
6234
6116
5997
5878
5758
5637
5516
5394
5272
5148
5025
4900
4775
4650
4524
4397
4270
4142
4014
3885
3756
3626
3496
3365
3234
3103
2971
2838
2706
2573
2439
2306
2172
2037
1903
1768
1633
1498
1362
1227
1091
955
819
682
546
410
273
137
0
138
275
413
551
688
825
963
1100
1237
1374
1510
1647
1783
1919
2054
2190
2325
2460
2594
2728
2862
2995
3128
3261
3393
3524
3655
3786
3916
4046
4175
4304
4432
4560
4687
4813
4939
5064
5189
5313
5436
5559
5681
5803
5923
6043
6163
6282
6400
6517
6634
6750
6865
6979
7093
7206
7319
7430
7541
7651
7761
7869
7977
8085
8191
8297
8402
8506
8609
8712
8814
8915
9015
9115
9214
9312
9409
9506
9602
9697
9792
9885
9978
10071
10162
10253
10343
10432
10521
10609
10696
10783
10869
10954
11038
11122
11205
11287
11369
11450
11530
11610
11689
11768
11845
11922
11999
12075
12150
12224
12298
12372
12444
12516
12588
12659
12729
12799
12868
12937
13004
13072
13139
13205
13271
13336
13401
13401
13401
13336
13271
13205
13139
13072
13004
12937
12868
12799
12729
12659
12588
12516
12444
12372
12298
12224
12150
12075
11999
11922
11845
11768
11689
11610
11530
11450
11369
11287
11205
11122
11038
10954
10869
10783
10696
10609
10521
10432
10343
10253
10162
10071
9978
9885
9792
9697
9602
9506
9409
9312
9214
9115
9015
8915
8814
8712
8609
8506
8402
8297
8191
8085
7977
7869
7761
7651
7541
7430
7319
7206
7093
6979
6865
6750
6634
6517
6400
6282
6163
6043
5923
5803
5681
5559
5436
5313
5189
5064
4939
4813
4687
4560
4432
4304
4175
4046
3916
3786
3655
3524
3393
3261
3128
2995
2862
2728
2594
2460
2325
2190
2054
1919
1783
1647
1510
1374
1237
1100
963
825
688
551
413
275
138
0
139
278
416
555
694
832
971
1109
1247
1385
1523
1660
1798
1935
2072
2208
2344
2480
2616
2751
2886
3020
3154
3287
3421
3553
3685
3817
3948
4079
4209
4339
4468
4596
4724
4852
4978
5104
5230
5355
5479
5603
5725
5848
5969
6090
6210
6330
6449
6567
6684
6801
6916
7032
7146
7260
7373
7485
7596
7707
7817
7926
8035
8142
8249
8355
8461
8565
8669
8772
8875
8976
9077
9177
9276
9375
9473
9570
9666
9761
9856
9950
10043
10136
10228
10319
10409
10499
10587
10676
10763
10850
10936
11021
11106
11190
11273
11355
11437
11518
11599
11678
11758
11836
11914
11991
12068
12143
12219
12293
12367
12441
12513
12586
12657
12728
12798
12868
12937
13006
13074
13141
13208
13274
13340
13405
13470
13470
13470
13405
13340
13274
13208
13141
13074
13006
12937
12868
12798
12728
12657
12586
12513
12441
12367
12293
12219
12143
12068
11991
11914
11836
11758
11678
11599
11518
11437
11355
11273
11190
11106
11021
10936
10850
10763
10676
10587
10499
10409
10319
10228
10136
10043
9950
9856
9761
9666
9570
9473
9375
9276
9177
9077
8976
8875
8772
8669
8565
8461
8355
8249
8142
8035
7926
7817
7707
7596
7485
7373
7260
7146
7032
6916
6801
6684
6567
6449
6330
6210
6090
5969
5848
5725
5603
5479
5355
5230
5104
4978
4852
4724
4596
4468
4339
4209
4079
3948
3817
3685
3553
3421
3287
3154
3020
2886
2751
2616
2480
2344
2208
2072
1935
1798
1660
1523
1385
1247
1109
971
832
694
555
416
278
139
0
140
280
420
560
700
839
979
1119
1258
1397
1536
1675
1813
1951
2089
2227
2364
2501
2638
2774
2910
3045
3180
3315
3449
3583
3716
3849
3981
4112
4244
4374
4504
4634
4762
4891
5018
5145
5272
5397
5522
5647
5770
5893
6016
6137
6258
6379
6498
6617
6735
6852
6969
7085
7200
7314
7428
7540
7652
7764
7874
7984
8093
8201
8308
8415
8521
8626
8730
8834
8936
9038
9139
9240
9340
9438
9537
9634
9730
9826
9921
10016
10109
10202
10294
10385
10476
10566
10655
10743
10831
10917
11004
11089
11174
11258
11341
11424
11506
11587
11668
11748
11827
11905
11983
12060
12137
12213
12288
12363
12437
12510
12583
12655
12727
12798
12868
12938
13007
13075
13143
13211
13277
13344
13409
13475
13539
13539
13539
13475
13409
13344
13277
13211
13143
13075
13007
12938
12868
12798
12727
12655
12583
12510
12437
12363
12288
12213
12137
12060
11983
11905
11827
11748
11668
11587
11506
11424
11341
11258
11174
11089
11004
10917
10831
10743
10655
10566
10476
10385
10294
10202
10109
10016
9921
9826
9730
9634
9537
9438
9340
9240
9139
9038
8936
8834
8730
8626
8521
8415
8308
8201
8093
7984
7874
7764
7652
7540
7428
7314
7200
7085
6969
6852
6735
6617
6498
6379
6258
6137
6016
5893
5770
5647
5522
5397
5272
5145
5018
4891
4762
4634
4504
4374
4244
4112
3981
3849
3716
3583
3449
3315
3180
3045
2910
2774
2638
2501
2364
2227
2089
1951
1813
1675
1536
1397
1258
1119
979
839
700
560
420
280
140
0
141
282
424
565
706
847
987
1128
1269
1409
1549
1689
1829
1968
2107
2246
2384
2522
2660
2797
2934
3071
3207
3343
3478
3613
3747
3881
4014
4146
4278
4410
4541
4671
4801
4930
5059
5187
5314
5440
5566
5692
5816
5940
6063
6185
6307
6428
6548
6668
6787
6905
7022
7138
7254
7369
7483
7596
7709
7821
7932
8042
8152
8260
8368
8475
8582
8687
8792
8896
8999
9101
9203
9304
9404
9503
9601
9699
9796
9892
9987
10082
10176
10269
10361
10452
10543
10633
10722
10811
10899
10986
11072
11158
11243
11327
11410
11493
11575
11657
11737
11817
11897
11975
12053
12130
12207
12283
12358
12433
12507
12581
12653
12725
12797
12868
12938
13008
13077
13146
13214
13281
13348
13414
13480
13545
13609
13609
13609
13545
13480
13414
13348
13281
13214
13146
13077
13008
12938
12868
12797
12725
12653
12581
12507
12433
12358
12283
12207
12130
12053
11975
11897
11817
11737
11657
11575
11493
11410
11327
11243
11158
11072
10986
10899
10811
10722
10633
10543
10452
10361
10269
10176
10082
9987
9892
9796
9699
9601
9503
9404
9304
9203
9101
8999
8896
8792
8687
8582
8475
8368
8260
8152
8042
7932
7821
7709
7596
7483
7369
7254
7138
7022
6905
6787
6668
6548
6428
6307
6185
6063
5940
5816
5692
5566
5440
5314
5187
5059
4930
4801
4671
4541
4410
4278
4146
4014
3881
3747
3613
3478
3343
3207
3071
2934
2797
2660
2522
2384
2246
2107
1968
1829
1689
1549
1409
1269
1128
987
847
706
565
424
282
141
0
142
285
427
570
712
854
996
1138
1280
1421
1562
1703
1844
1985
2125
2265
2405
2544
2683
2821
2959
3097
3234
3371
3507
3643
3778
3913
4047
4181
4314
4447
4578
4710
4841
4971
5100
5229
5357
5484
5611
5737
5862
5987
6111
6234
6357
6478
6599
6720
6839
6958
7076
7193
7309
7425
7539
7653
7766
7879
7990
8101
8211
8320
8429
8536
8643
8749
8854
8959
9062
9165
9267
9368
9468
9568
9667
9765
9862
9958
10054
10149
10243
10336
10429
10520
10611
10702
10791
10880
10968
11055
11141
11227
11312
11397
11480
11563
11645
11727
11808
11888
11967
12046
12124
12201
12278
12354
12429
12504
12578
12651
12724
12796
12868
12939
13009
13079
13148
13217
13284
13352
13418
13485
13550
13615
13680
13680
13680
13615
13550
13485
13418
13352
13284
13217
13148
13079
13009
12939
12868
12796
12724
12651
12578
12504
12429
12354
12278
12201
12124
12046
11967
11888
11808
11727
11645
11563
11480
11397
11312
11227
11141
11055
10968
10880
10791
10702
10611
10520
10429
10336
10243
10149
10054
9958
9862
9765
9667
9568
9468
9368
9267
9165
9062
8959
8854
8749
8643
8536
8429
8320
8211
8101
7990
7879
7766
7653
7539
7425
7309
7193
7076
6958
6839
6720
6599
6478
6357
6234
6111
5987
5862
5737
5611
5484
5357
5229
5100
4971
4841
4710
4578
4447
4314
4181
4047
3913
3778
3643
3507
3371
3234
3097
2959
2821
2683
2544
2405
2265
2125
1985
1844
1703
1562
1421
1280
1138
996
854
712
570
427
285
142
0
144
287
431
575
718
862
1005
1148
1291
1434
1576
1718
1860
2002
2143
2285
2425
2566
2706
2845
2985
3123
3262
3400
3537
3674
3810
3946
4081
4216
4350
4484
4617
4749
4881
5012
5142
5272
5401
5529
5656
5783
5910
6035
6160
6284
6407
6529
6651
6772
6892
7012
7130
7248
7365
7481
7596
7711
7825
7938
8050
8161
8272
8381
8490
8598
8705
8812
8917
9022
9126
9229
9332
9433
9534
9634
9733
9831
9929
10025
10121
10216
10311
10404
10497
10589
10680
10771
10860
10949
11037
11125
11211
11297
11383
11467
11551
11634
11716
11798
11879
11959
12038
12117
12195
12272
12349
12425
12501
12575
12650
12723
12796
12868
12940
13010
13081
13150
13219
13288
13356
13423
13490
13556
13622
13686
13751
13751
13751
13686
13622
13556
13490
13423
13356
13288
13219
13150
13081
13010
12940
12868
12796
12723
12650
12575
12501
12425
12349
12272
12195
12117
12038
11959
11879
11798
11716
11634
11551
11467
11383
11297
11211
11125
11037
10949
10860
10771
10680
10589
10497
10404
10311
10216
10121
10025
9929
9831
9733
9634
9534
9433
9332
9229
9126
9022
8917
8812
8705
8598
8490
8381
8272
8161
8050
7938
7825
7711
7596
7481
7365
7248
7130
7012
6892
6772
6651
6529
6407
6284
6160
6035
5910
5783
5656
5529
5401
5272
5142
5012
4881
4749
4617
4484
4350
4216
4081
3946
3810
3674
3537
3400
3262
3123
2985
2845
2706
2566
2425
2285
2143
2002
1860
1718
1576
1434
1291
1148
1005
862
718
575
431
287
144
0
145
290
435
580
724
869
1014
1158
1302
1446
1590
1733
1877
2020
2162
2305
2447
2588
2729
2870
3010
3150
3290
3429
3567
3705
3843
3980
4116
4252
4387
4521
4655
4789
4921
5053
5184
5315
5445
5574
5703
5830
5957
6084
6209
6334
6458
6581
6704
6825
6946
7066
7185
7304
7421
7538
7654
7769
7884
7997
8110
8222
8333
8443
8552
8661
8769
8876
8982
9087
9191
9295
9397
9499
9600
9701
9800
9899
9996
10093
10190
10285
10380
10473
10566
10659
10750
10841
10930
11020
11108
11195
11282
11368
11454
11538
11622
11705
11788
11869
11950
12030
12110
12189
12267
12344
12421
12497
12573
12648
12722
12795
12868
12940
13012
13083
13153
13223
13292
13360
13428
13495
13562
13628
13693
13758
13823
13823
13823
13758
13693
13628
13562
13495
13428
13360
13292
13223
13153
13083
13012
12940
12868
12795
12722
12648
12573
12497
12421
12344
12267
12189
12110
12030
11950
11869
11788
11705
11622
11538
11454
11368
11282
11195
11108
11020
10930
10841
10750
10659
10566
10473
10380
10285
10190
10093
9996
9899
9800
9701
9600
9499
9397
9295
9191
9087
8982
8876
8769
8661
8552
8443
8333
8222
8110
7997
7884
7769
7654
7538
7421
7304
7185
7066
6946
6825
6704
6581
6458
6334
6209
6084
5957
5830
5703
5574
5445
5315
5184
5053
4921
4789
4655
4521
4387
4252
4116
3980
3843
3705
3567
3429
3290
3150
3010
2870
2729
2588
2447
2305
2162
2020
1877
1733
1590
1446
1302
1158
1014
869
724
580
435
290
145
0
146
293
439
585
731
877
1023
1168
1314
1459
1604
1749
1893
2037
2181
2325
2468
2611
2753
2895
3037
3178
3318
3459
3598
3737
3876
4014
4151
4288
4424
4560
4695
4829
4962
5095
5228
5359
5490
5620
5749
5878
6006
6133
6259
6385
6510
6634
6757
6879
7001
7122
7242
7361
7479
7596
7713
7829
7944
8058
8171
8283
8395
8506
8616
8725
8833
8940
9046
9152
9257
9361
9464
9566
9668
9768
9868
9967
10065
10162
10259
10354
10449
10543
10636
10729
10820
10911
11001
11091
11179
11267
11354
11440
11525
11610
11694
11777
11860
11942
12023
12103
12183
12261
12340
12417
12494
12570
12646
12720
12794
12868
12941
13013
13084
13155
13226
13295
13364
13433
13501
13568
13634
13700
13766
13831
13895
13895
13895
13831
13766
13700
13634
13568
13501
13433
13364
13295
13226
13155
13084
13013
12941
12868
12794
12720
12646
12570
12494
12417
12340
12261
12183
12103
12023
11942
11860
11777
11694
11610
11525
11440
11354
11267
11179
11091
11001
10911
10820
10729
10636
10543
10449
10354
10259
10162
10065
9967
9868
9768
9668
9566
9464
9361
9257
9152
9046
8940
8833
8725
8616
8506
8395
8283
8171
8058
7944
7829
7713
7596
7479
7361
7242
7122
7001
6879
6757
6634
6510
6385
6259
6133
6006
5878
5749
5620
5490
5359
5228
5095
4962
4829
4695
4560
4424
4288
4151
4014
3876
3737
3598
3459
3318
3178
3037
2895
2753
2611
2468
2325
2181
2037
1893
1749
1604
1459
1314
1168
1023
877
731
585
439
293
146
0
148
295
443
590
738
885
1032
1179
1326
1472
1618
1764
1910
2056
2201
2346
2490
2634
2778
2921
3063
3206
3348
3489
3630
3770
3909
4048
4187
4325
4462
4599
4735
4870
5004
5138
5272
5404
5536
5667
5797
5927
6055
6183
6310
6437
6562
6687
6811
6934
7056
7178
7299
7418
7537
7655
7773
7889
8004
8119
8233
8346
8458
8569
8679
8789
8898
9005
9112
9218
9323
9428
9531
9634
9736
9837
9937
10036
10134
10232
10328
10424
10519
10614
10707
10800
10892
10983
11073
11162
11251
11339
11426
11512
11598
11683
11767
11850
11933
12015
12096
12176
12256
12335
12413
12491
12567
12644
12719
12794
12868
12941
13014
13086
13158
13229
13299
13369
13438
13506
13574
13641
13707
13773
13839
13904
13968
13968
13968
13904
13839
13773
13707
13641
13574
13506
13438
13369
13299
13229
13158
13086
13014
12941
12868
12794
12719
12644
12567
12491
12413
12335
12256
12176
12096
12015
11933
11850
11767
11683
11598
11512
11426
11339
11251
11162
11073
10983
10892
10800
10707
10614
10519
10424
10328
10232
10134
10036
9937
9837
9736
9634
9531
9428
9323
9218
9112
9005
8898
8789
8679
8569
8458
8346
8233
8119
8004
7889
7773
7655
7537
7418
7299
7178
7056
6934
6811
6687
6562
6437
6310
6183
6055
5927
5797
5667
5536
5404
5272
5138
5004
4870
4735
4599
4462
4325
4187
4048
3909
3770
3630
3489
3348
3206
3063
2921
2778
2634
2490
2346
2201
2056
1910
1764
1618
1472
1326
1179
1032
885
738
590
443
295
148
0
149
298
447
596
744
893
1041
1189
1338
1485
1633
1780
1927
2074
2220
2367
2512
2657
2802
2947
3091
3234
3377
3520
3661
3803
3944
4084
4223
4362
4501
4638
4775
4912
5047
5182
5316
5450
5582
5714
5845
5976
6105
6234
6362
6489
6616
6741
6866
6990
7113
7235
7356
7477
7596
7715
7833
7950
8066
8181
8296
8409
8522
8633
8744
8854
8963
9072
9179
9285
9391
9496
9599
9702
9804
9906
10006
10106
10204
10302
10399
10495
10591
10685
10779
10872
10964
11055
11145
11235
11324
11412
11499
11586
11671
11756
11840
11924
12006
12088
12170
12250
12330
12409
12487
12565
12641
12718
12793
12868
12942
13016
13088
13161
13232
13303
13373
13443
13512
13580
13648
13715
13781
13847
13912
13977
14041
14041
14041
13977
13912
13847
13781
13715
13648
13580
13512
13443
13373
13303
13232
13161
13088
13016
12942
12868
12793
12718
12641
12565
12487
12409
12330
12250
12170
12088
12006
11924
11840
11756
11671
11586
11499
11412
11324
11235
11145
11055
10964
10872
10779
10685
10591
10495
10399
10302
10204
10106
10006
9906
9804
9702
9599
9496
9391
9285
9179
9072
8963
8854
8744
8633
8522
8409
8296
8181
8066
7950
7833
7715
7596
7477
7356
7235
7113
6990
6866
6741
6616
6489
6362
6234
6105
5976
5845
5714
5582
5450
5316
5182
5047
4912
4775
4638
4501
4362
4223
4084
3944
3803
3661
3520
3377
3234
3091
2947
2802
2657
2512
2367
2220
2074
1927
1780
1633
1485
1338
1189
1041
893
744
596
447
298
149
0
150
301
451
601
751
901
1051
1200
1350
1499
1648
1797
1945
2093
2241
2388
2535
2681
2828
2973
3118
3263
3407
3551
3694
3836
3978
4120
4260
4400
4540
4679
4817
4954
5091
5226
5362
5496
5630
5762
5895
6026
6156
6286
6415
6543
6670
6796
6922
7046
7170
7293
7415
7536
7656
7776
7894
8012
8129
8244
8359
8473
8586
8699
8810
8920
9030
9139
9246
9353
9459
9564
9668
9772
9874
9976
10077
10176
10275
10373
10471
10567
10663
10757
10851
10944
11037
11128
11219
11308
11397
11486
11573
11660
11745
11830
11915
11998
12081
12163
12244
12325
12404
12483
12562
12639
12716
12792
12868
12943
13017
13090
13163
13235
13307
13378
13448
13517
13586
13654
13722
13789
13855
13921
13986
14051
14115
14115
14115
14051
13986
13921
13855
13789
13722
13654
13586
13517
13448
13378
13307
13235
13163
13090
13017
12943
12868
12792
12716
12639
12562
12483
12404
12325
12244
12163
12081
11998
11915
11830
11745
11660
11573
11486
11397
11308
11219
11128
11037
10944
10851
10757
10663
10567
10471
10373
10275
10176
10077
9976
9874
9772
9668
9564
9459
9353
9246
9139
9030
8920
8810
8699
8586
8473
8359
8244
8129
8012
7894
7776
7656
7536
7415
7293
7170
7046
6922
6796
6670
6543
6415
6286
6156
6026
5895
5762
5630
5496
5362
5226
5091
4954
4817
4679
4540
4400
4260
4120
3978
3836
3694
3551
3407
3263
3118
2973
2828
2681
2535
2388
2241
2093
1945
1797
1648
1499
1350
1200
1051
901
751
601
451
301
150
0
152
303
455
607
758
909
1060
1211
1362
1513
1663
1813
1963
2112
2261
2410
2558
2706
2853
3000
3147
3292
3438
3583
3727
3871
4014
4156
4298
4439
4580
4720
4859
4997
5135
5272
5408
5543
5678
5811
5944
6077
6208
6339
6468
6597
6725
6852
6978
7104
7228
7352
7475
7596
7717
7837
7956
8075
8192
8308
8424
8538
8652
8765
8877
8987
9097
9207
9315
9422
9528
9634
9738
9842
9945
10047
10148
10248
10347
10446
10543
10640
10736
10831
10925
11018
11110
11202
11293
11383
11472
11560
11648
11734
11820
11905
11990
12073
12156
12238
12319
12400
12480
12559
12637
12715
12792
12868
12943
13018
13092
13166
13239
13311
13382
13453
13523
13592
13661
13729
13797
13864
13930
13996
14061
14126
14190
14190
14190
14126
14061
13996
13930
13864
13797
13729
13661
13592
13523
13453
13382
13311
13239
13166
13092
13018
12943
12868
12792
12715
12637
12559
12480
12400
12319
12238
12156
12073
11990
11905
11820
11734
11648
11560
11472
11383
11293
11202
11110
11018
10925
10831
10736
10640
10543
10446
10347
10248
10148
10047
9945
9842
9738
9634
9528
9422
9315
9207
9097
8987
8877
8765
8652
8538
8424
8308
8192
8075
7956
7837
7717
7596
7475
7352
7228
7104
6978
6852
6725
6597
6468
6339
6208
6077
5944
5811
5678
5543
5408
5272
5135
4997
4859
4720
4580
4439
4298
4156
4014
3871
3727
3583
3438
3292
3147
3000
2853
2706
2558
2410
2261
2112
1963
1813
1663
1513
1362
1211
1060
909
758
607
455
303
152
0
153
306
459
612
765
918
1070
1223
1375
1527
1678
1830
1981
2132
2282
2432
2581
2731
2879
3027
3175
3322
3469
3615
3761
3905
4050
4193
4336
4479
4620
4761
4901
5041
5180
5317
5455
5591
5727
5861
5995
6128
6261
6392
6523
6652
6781
6909
7036
7162
7287
7412
7535
7658
7779
7900
8020
8138
8256
8373
8489
8604
8718
8832
8944
9055
9166
9275
9384
9492
9598
9704
9809
9913
10016
10119
10220
10320
10420
10519
10616
10713
10809
10904
10999
11092
11185
11277
11368
11458
11547
11635
11723
11810
11896
11981
12065
12149
12232
12314
12395
12476
12556
12635
12713
12791
12868
12944
13020
13094
13169
13242
13315
13387
13458
13529
13599
13668
13737
13805
13873
13940
14006
14072
14137
14201
14265
14265
14265
14201
14137
14072
14006
13940
13873
13805
13737
13668
13599
13529
13458
13387
13315
13242
13169
13094
13020
12944
12868
12791
12713
12635
12556
12476
12395
12314
12232
12149
12065
11981
11896
11810
11723
11635
11547
11458
11368
11277
11185
11092
10999
10904
10809
10713
10616
10519
10420
10320
10220
10119
10016
9913
9809
9704
9598
9492
9384
9275
9166
9055
8944
8832
8718
8604
8489
8373
8256
8138
8020
7900
7779
7658
7535
7412
7287
7162
7036
6909
6781
6652
6523
6392
6261
6128
5995
5861
5727
5591
5455
5317
5180
5041
4901
4761
4620
4479
4336
4193
4050
3905
3761
3615
3469
3322
3175
3027
2879
2731
2581
2432
2282
2132
1981
1830
1678
1527
1375
1223
1070
918
765
612
459
306
153
0
155
309
464
618
772
926
1080
1234
1388
1541
1694
1847
1999
2151
2303
2455
2605
2756
2906
3055
3204
3353
3501
3648
3795
3941
4086
4231
4375
4519
4662
4804
4945
5085
5225
5364
5502
5640
5776
5912
6047
6181
6314
6446
6578
6708
6838
6967
7094
7221
7347
7472
7596
7720
7842
7963
8084
8203
8321
8439
8556
8671
8786
8900
9012
9124
9235
9345
9454
9562
9669
9776
9881
9985
10089
10191
10293
10394
10494
10592
10691
10788
10884
10979
11074
11167
11260
11352
11443
11533
11623
11711
11799
11886
11972
12058
12142
12226
12309
12391
12472
12553
12633
12712
12790
12868
12945
13021
13097
13171
13245
13319
13391
13463
13535
13605
13675
13745
13814
13882
13949
14016
14082
14148
14213
14277
14341
14341
14341
14277
14213
14148
14082
14016
13949
13882
13814
13745
13675
13605
13535
13463
13391
13319
13245
13171
13097
13021
12945
12868
12790
12712
12633
12553
12472
12391
12309
12226
12142
12058
11972
11886
11799
11711
11623
11533
11443
11352
11260
11167
11074
10979
10884
10788
10691
10592
10494
10394
10293
10191
10089
9985
9881
9776
9669
9562
9454
9345
9235
9124
9012
8900
8786
8671
8556
8439
8321
8203
8084
7963
7842
7720
7596
7472
7347
7221
7094
6967
6838
6708
6578
6446
6314
6181
6047
5912
5776
5640
5502
5364
5225
5085
4945
4804
4662
4519
4375
4231
4086
3941
3795
3648
3501
3353
3204
3055
2906
2756
2605
2455
2303
2151
1999
1847
1694
1541
1388
1234
1080
926
772
618
464
309
155
0
156
312
468
624
780
935
1091
1246
1401
1556
1710
1864
2018
2172
2325
2478
2630
2782
2933
3084
3234
3384
3533
3682
3830
3977
4124
4270
4415
4560
4704
4847
4989
5131
5272
5412
5551
5689
5827
5963
6099
6234
6368
6501
6634
6765
6896
7025
7154
7281
7408
7534
7659
7783
7905
8027
8148
8269
8388
8506
8623
8739
8854
8968
9082
9194
9305
9416
9525
9634
9741
9848
9954
10058
10162
10265
10367
10468
10568
10667
10766
10863
10959
11055
11150
11243
11336
11429
11520
11610
11700
11788
11876
11963
12049
12135
12219
12303
12386
12468
12550
12631
12710
12790
12868
12946
13023
13099
13174
13249
13323
13396
13469
13541
13612
13683
13753
13822
13891
13959
14026
14093
14159
14224
14289
14353
14417
14417
14417
14353
14289
14224
14159
14093
14026
13959
13891
13822
13753
13683
13612
13541
13469
13396
13323
13249
13174
13099
13023
12946
12868
12790
12710
12631
12550
12468
12386
12303
12219
12135
12049
11963
11876
11788
11700
11610
11520
11429
11336
11243
11150
11055
10959
10863
10766
10667
10568
10468
10367
10265
10162
10058
9954
9848
9741
9634
9525
9416
9305
9194
9082
8968
8854
8739
8623
8506
8388
8269
8148
8027
7905
7783
7659
7534
7408
7281
7154
7025
6896
6765
6634
6501
6368
6234
6099
5963
5827
5689
5551
5412
5272
5131
4989
4847
4704
4560
4415
4270
4124
3977
3830
3682
3533
3384
3234
3084
2933
2782
2630
2478
2325
2172
2018
1864
1710
1556
1401
1246
1091
935
780
624
468
312
156
0
158
315
472
630
787
944
1101
1258
1414
1571
1727
1882
2037
2192
2347
2501
2655
2808
2961
3113
3264
3415
3566
3716
3865
4014
4162
4309
4455
4601
4746
4891
5034
5177
5319
5460
5600
5740
5878
6016
6153
6288
6423
6558
6691
6823
6954
7085
7214
7342
7470
7596
7722
7847
7970
8093
8214
8335
8455
8573
8691
8808
8924
9038
9152
9265
9377
9488
9597
9706
9814
9921
10027
10132
10236
10340
10442
10543
10643
10743
10841
10939
11036
11132
11226
11320
11414
11506
11597
11688
11777
11866
11954
12041
12127
12213
12298
12381
12464
12547
12628
12709
12789
12868
12946
13024
13101
13177
13252
13327
13401
13475
13547
13619
13690
13761
13831
13900
13968
14036
14104
14170
14236
14301
14366
14430
14494
14494
14494
14430
14366
14301
14236
14170
14104
14036
13968
13900
13831
13761
13690
13619
13547
13475
13401
13327
13252
13177
13101
13024
12946
12868
12789
12709
12628
12547
12464
12381
12298
12213
12127
12041
11954
11866
11777
11688
11597
11506
11414
11320
11226
11132
11036
10939
10841
10743
10643
10543
10442
10340
10236
10132
10027
9921
9814
9706
9597
9488
9377
9265
9152
9038
8924
8808
8691
8573
8455
8335
8214
8093
7970
7847
7722
7596
7470
7342
7214
7085
6954
6823
6691
6558
6423
6288
6153
6016
5878
5740
5600
5460
5319
5177
5034
4891
4746
4601
4455
4309
4162
4014
3865
3716
3566
3415
3264
3113
2961
2808
2655
2501
2347
2192
2037
1882
1727
1571
1414
1258
1101
944
787
630
472
315
158
0
159
318
477
636
795
953
1112
1270
1428
1586
1743
1900
2057
2213
2369
2525
2680
2835
2989
3142
3295
3448
3600
3751
3901
4051
4200
4349
4497
4644
4790
4935
5080
5224
5367
5509
5650
5791
5930
6069
6207
6344
6480
6615
6749
6882
7014
7145
7275
7404
7533
7660
7786
7911
8036
8159
8281
8403
8523
8642
8760
8878
8994
9109
9223
9337
9449
9560
9670
9780
9888
9995
10102
10207
10312
10415
10518
10619
10720
10820
10918
11016
11113
11209
11304
11398
11492
11584
11675
11766
11856
11945
12033
12120
12206
12292
12377
12460
12544
12626
12707
12788
12868
12947
13025
13103
13180
13256
13332
13406
13480
13553
13626
13698
13769
13839
13909
13978
14047
14115
14182
14248
14314
14379
14444
14508
14571
14571
14571
14508
14444
14379
14314
14248
14182
14115
14047
13978
13909
13839
13769
13698
13626
13553
13480
13406
13332
13256
13180
13103
13025
12947
12868
12788
12707
12626
12544
12460
12377
12292
12206
12120
12033
11945
11856
11766
11675
11584
11492
11398
11304
11209
11113
11016
10918
10820
10720
10619
10518
10415
10312
10207
10102
9995
9888
9780
9670
9560
9449
9337
9223
9109
8994
8878
8760
8642
8523
8403
8281
8159
8036
7911
7786
7660
7533
7404
7275
7145
7014
6882
6749
6615
6480
6344
6207
6069
5930
5791
5650
5509
5367
5224
5080
4935
4790
4644
4497
4349
4200
4051
3901
3751
3600
3448
3295
3142
2989
2835
2680
2525
2369
2213
2057
1900
1743
1586
1428
1270
1112
953
795
636
477
318
159
0
161
321
482
642
802
963
1123
1282
1442
1601
1760
1919
2077
2235
2392
2549
2706
2862
3017
3172
3327
3480
3634
3786
3938
4089
4240
4389
4538
4687
4834
4981
5127
5272
5416
5559
5701
5843
5983
6123
6262
6400
6537
6672
6807
6941
7074
7206
7337
7467
7596
7724
7851
7977
8102
8226
8349
8471
8592
8712
8831
8948
9065
9181
9296
9409
9522
9634
9745
9854
9963
10071
10177
10283
10388
10492
10594
10696
10797
10897
10996
11094
11191
11287
11383
11477
11570
11663
11755
11845
11935
12024
12112
12200
12286
12372
12456
12540
12623
12706
12787
12868
12948
13027
13105
13183
13260
13336
13411
13486
13560
13633
13705
13777
13848
13919
13988
14057
14126
14193
14261
14327
14393
14458
14522
14586
14650
14650
14650
14586
14522
14458
14393
14327
14261
14193
14126
14057
13988
13919
13848
13777
13705
13633
13560
13486
13411
13336
13260
13183
13105
13027
12948
12868
12787
12706
12623
12540
12456
12372
12286
12200
12112
12024
11935
11845
11755
11663
11570
11477
11383
11287
11191
11094
10996
10897
10797
10696
10594
10492
10388
10283
10177
10071
9963
9854
9745
9634
9522
9409
9296
9181
9065
8948
8831
8712
8592
8471
8349
8226
8102
7977
7851
7724
7596
7467
7337
7206
7074
6941
6807
6672
6537
6400
6262
6123
5983
5843
5701
5559
5416
5272
5127
4981
4834
4687
4538
4389
4240
4089
3938
3786
3634
3480
3327
3172
3017
2862
2706
2549
2392
2235
2077
1919
1760
1601
1442
1282
1123
963
802
642
482
321
161
0
162
324
487
649
810
972
1134
1295
1456
1617
1777
1938
2097
2257
2416
2574
2732
2890
3047
3203
3359
3514
3668
3822
3976
4128
4280
4431
4581
4731
4879
5027
5174
5320
5465
5610
5753
5896
6038
6178
6318
6457
6595
6731
6867
7002
7136
7269
7401
7531
7661
7790
7918
8044
8170
8295
8418
8541
8662
8782
8902
9020
9138
9254
9369
9483
9596
9708
9820
9930
10039
10147
10254
10360
10465
10569
10672
10774
10875
10976
11075
11173
11270
11367
11462
11557
11650
11743
11835
11925
12015
12104
12193
12280
12367
12452
12537
12621
12704
12786
12868
12949
13029
13108
13186
13264
13340
13417
13492
13566
13640
13713
13786
13857
13928
13999
14068
14137
14205
14273
14340
14406
14472
14537
14601
14665
14728
14728
14728
14665
14601
14537
14472
14406
14340
14273
14205
14137
14068
13999
13928
13857
13786
13713
13640
13566
13492
13417
13340
13264
13186
13108
13029
12949
12868
12786
12704
12621
12537
12452
12367
12280
12193
12104
12015
11925
11835
11743
11650
11557
11462
11367
11270
11173
11075
10976
10875
10774
10672
10569
10465
10360
10254
10147
10039
9930
9820
9708
9596
9483
9369
9254
9138
9020
8902
8782
8662
8541
8418
8295
8170
8044
7918
7790
7661
7531
7401
7269
7136
7002
6867
6731
6595
6457
6318
6178
6038
5896
5753
5610
5465
5320
5174
5027
4879
4731
4581
4431
4280
4128
3976
3822
3668
3514
3359
3203
3047
2890
2732
2574
2416
2257
2097
1938
1777
1617
1456
1295
1134
972
810
649
487
324
162
0
164
328
491
655
819
982
1145
1308
1471
1633
1795
1957
2118
2279
2439
2599
2759
2918
3076
3234
3391
3548
3704
3859
4014
4168
4321
4473
4625
4775
4925
5074
5222
5370
5516
5662
5806
5950
6092
6234
6375
6515
6654
6791
6928
7064
7198
7332
7465
7596
7727
7856
7985
8112
8239
8364
8488
8611
8733
8854
8974
9093
9211
9328
9443
9558
9672
9784
9896
10006
10116
10224
10331
10438
10543
10647
10751
10853
10955
11055
11154
11253
11350
11447
11542
11637
11731
11824
11915
12006
12097
12186
12274
12361
12448
12534
12618
12702
12786
12868
12949
13030
13110
13189
13267
13345
13422
13498
13573
13648
13721
13794
13867
13938
14009
14079
14149
14218
14286
14353
14420
14486
14552
14617
14681
14745
14808
14808
14808
14745
14681
14617
14552
14486
14420
14353
14286
14218
14149
14079
14009
13938
13867
13794
13721
13648
13573
13498
13422
13345
13267
13189
13110
13030
12949
12868
12786
12702
12618
12534
12448
12361
12274
12186
12097
12006
11915
11824
11731
11637
11542
11447
11350
11253
11154
11055
10955
10853
10751
10647
10543
10438
10331
10224
10116
10006
9896
9784
9672
9558
9443
9328
9211
9093
8974
8854
8733
8611
8488
8364
8239
8112
7985
7856
7727
7596
7465
7332
7198
7064
6928
6791
6654
6515
6375
6234
6092
5950
5806
5662
5516
5370
5222
5074
4925
4775
4625
4473
4321
4168
4014
3859
3704
3548
3391
3234
3076
2918
2759
2599
2439
2279
2118
1957
1795
1633
1471
1308
1145
982
819
655
491
328
164
0
165
331
496
662
827
992
1157
1321
1485
1649
1813
1976
2139
2302
2464
2625
2786
2947
3107
3266
3425
3583
3740
3897
4053
4208
4362
4516
4669
4821
4972
5122
5272
5420
5568
5714
5860
6005
6148
6291
6433
6574
6713
6852
6990
7126
7262
7397
7530
7662
7794
7924
8053
8181
8308
8434
8559
8683
8805
8927
9048
9167
9285
9403
9519
9634
9748
9861
9973
10084
10193
10302
10410
10517
10622
10727
10831
10933
11035
11135
11235
11334
11431
11528
11624
11719
11812
11905
11997
12088
12179
12268
12356
12444
12530
12616
12701
12785
12868
12950
13032
13112
13192
13271
13350
13427
13504
13580
13655
13729
13803
13876
13948
14020
14091
14161
14230
14299
14367
14434
14501
14567
14632
14697
14761
14825
14888
14888
14888
14825
14761
14697
14632
14567
14501
14434
14367
14299
14230
14161
14091
14020
13948
13876
13803
13729
13655
13580
13504
13427
13350
13271
13192
13112
13032
12950
12868
12785
12701
12616
12530
12444
12356
12268
12179
12088
11997
11905
11812
11719
11624
11528
11431
11334
11235
11135
11035
10933
10831
10727
10622
10517
10410
10302
10193
10084
9973
9861
9748
9634
9519
9403
9285
9167
9048
8927
8805
8683
8559
8434
8308
8181
8053
7924
7794
7662
7530
7397
7262
7126
6990
6852
6713
6574
6433
6291
6148
6005
5860
5714
5568
5420
5272
5122
4972
4821
4669
4516
4362
4208
4053
3897
3740
3583
3425
3266
3107
2947
2786
2625
2464
2302
2139
1976
1813
1649
1485
1321
1157
992
827
662
496
331
165
0
167
334
501
668
835
1002
1168
1335
1500
1666
1831
1996
2161
2325
2488
2652
2814
2976
3138
3298
3459
3618
3777
3935
4092
4249
4405
4560
4714
4867
5020
5171
5322
5471
5620
5768
5915
6061
6205
6349
6492
6634
6774
6914
7053
7190
7327
7462
7596
7730
7862
7993
8123
8251
8379
8506
8631
8756
8879
9001
9122
9242
9361
9479
9595
9711
9825
9939
10051
10162
10272
10381
10489
10596
10702
10807
10911
11014
11116
11217
11317
11415
11513
11610
11706
11801
11895
11988
12080
12171
12261
12351
12439
12527
12613
12699
12784
12868
12951
13033
13115
13196
13275
13354
13433
13510
13587
13663
13738
13812
13886
13959
14031
14102
14173
14243
14312
14381
14449
14516
14582
14648
14714
14778
14842
14905
14968
14968
14968
14905
14842
14778
14714
14648
14582
14516
14449
14381
14312
14243
14173
14102
14031
13959
13886
13812
13738
13663
13587
13510
13433
13354
13275
13196
13115
13033
12951
12868
12784
12699
12613
12527
12439
12351
12261
12171
12080
11988
11895
11801
11706
11610
11513
11415
11317
11217
11116
11014
10911
10807
10702
10596
10489
10381
10272
10162
10051
9939
9825
9711
9595
9479
9361
9242
9122
9001
8879
8756
8631
8506
8379
8251
8123
7993
7862
7730
7596
7462
7327
7190
7053
6914
6774
6634
6492
6349
6205
6061
5915
5768
5620
5471
5322
5171
5020
4867
4714
4560
4405
4249
4092
3935
3777
3618
3459
3298
3138
2976
2814
2652
2488
2325
2161
1996
1831
1666
1500
1335
1168
1002
835
668
501
334
167
0
169
338
507
675
844
1012
1180
1348
1516
1683
1850
2017
2183
2348
2514
2678
2843
3006
3169
3331
3493
3654
3814
3974
4133
4291
4448
4604
4760
4914
5068
5221
5373
5524
5674
5822
5970
6117
6263
6408
6552
6695
6837
6977
7117
7255
7392
7529
7664
7798
7931
8062
8193
8323
8451
8578
8704
8829
8953
9076
9198
9318
9437
9556
9673
9789
9904
10017
10130
10242
10352
10462
10570
10677
10784
10889
10993
11096
11198
11299
11399
11498
11596
11693
11789
11884
11978
12072
12164
12255
12345
12435
12523
12611
12697
12783
12868
12952
13035
13117
13199
13280
13359
13438
13516
13594
13670
13746
13821
13896
13969
14042
14114
14185
14256
14326
14395
14463
14531
14598
14664
14730
14795
14860
14924
14987
15049
15049
15049
14987
14924
14860
14795
14730
14664
14598
14531
14463
14395
14326
14256
14185
14114
14042
13969
13896
13821
13746
13670
13594
13516
13438
13359
13280
13199
13117
13035
12952
12868
12783
12697
12611
12523
12435
12345
12255
12164
12072
11978
11884
11789
11693
11596
11498
11399
11299
11198
11096
10993
10889
10784
10677
10570
10462
10352
10242
10130
10017
9904
9789
9673
9556
9437
9318
9198
9076
8953
8829
8704
8578
8451
8323
8193
8062
7931
7798
7664
7529
7392
7255
7117
6977
6837
6695
6552
6408
6263
6117
5970
5822
5674
5524
5373
5221
5068
4914
4760
4604
4448
4291
4133
3974
3814
3654
3493
3331
3169
3006
2843
2678
2514
2348
2183
2017
1850
1683
1516
1348
1180
1012
844
675
507
338
169
0
171
341
512
682
853
1023
1193
1362
1532
1701
1869
2037
2205
2373
2539
2706
2872
3037
3201
3365
3528
3691
3853
4014
4174
4333
4492
4650
4807
4962
5117
5272
5425
5577
5728
5878
6027
6175
6322
6468
6613
6757
6900
7041
7182
7321
7459
7596
7732
7867
8001
8133
8265
8395
8524
8652
8779
8904
9029
9152
9274
9395
9515
9634
9751
9868
9983
10097
10210
10322
10433
10543
10652
10759
10866
10971
11076
11179
11281
11383
11483
11582
11680
11777
11873
11969
12063
12156
12248
12340
12430
12519
12608
12696
12782
12868
12953
13037
13120
13202
13284
13364
13444
13523
13601
13678
13755
13831
13906
13980
14053
14126
14198
14269
14339
14409
14478
14546
14614
14681
14747
14813
14878
14942
15006
15069
15131
15131
15131
15069
15006
14942
14878
14813
14747
14681
14614
14546
14478
14409
14339
14269
14198
14126
14053
13980
13906
13831
13755
13678
13601
13523
13444
13364
13284
13202
13120
13037
12953
12868
12782
12696
12608
12519
12430
12340
12248
12156
12063
11969
11873
11777
11680
11582
11483
11383
11281
11179
11076
10971
10866
10759
10652
10543
10433
10322
10210
10097
9983
9868
9751
9634
9515
9395
9274
9152
9029
8904
8779
8652
8524
8395
8265
8133
8001
7867
7732
7596
7459
7321
7182
7041
6900
6757
6613
6468
6322
6175
6027
5878
5728
5577
5425
5272
5117
4962
4807
4650
4492
4333
4174
4014
3853
3691
3528
3365
3201
3037
2872
2706
2539
2373
2205
2037
1869
1701
1532
1362
1193
1023
853
682
512
341
171
0
172
345
517
689
862
1033
1205
1376
1548
1718
1889
2059
2228
2397
2566
2734
2901
3068
3234
3400
3564
3728
3892
4054
4216
4377
4537
4696
4854
5012
5168
5323
5478
5631
5783
5935
6085
6234
6382
6529
6675
6820
6964
7106
7248
7388
7527
7665
7802
7938
8072
8205
8338
8468
8598
8727
8854
8980
9106
9229
9352
9474
9594
9713
9831
9948
10064
10178
10292
10404
10515
10626
10735
10842
10949
11055
11160
11263
11366
11467
11567
11667
11765
11862
11959
12054
12148
12242
12334
12425
12516
12605
12694
12781
12868
12954
13039
13123
13206
13288
13369
13450
13530
13608
13686
13764
13840
13916
13991
14065
14138
14210
14282
14353
14424
14493
14562
14630
14698
14765
14831
14896
14961
15025
15088
15151
15213
15213
15213
15151
15088
15025
14961
14896
14831
14765
14698
14630
14562
14493
14424
14353
14282
14210
14138
14065
13991
13916
13840
13764
13686
13608
13530
13450
13369
13288
13206
13123
13039
12954
12868
12781
12694
12605
12516
12425
12334
12242
12148
12054
11959
11862
11765
11667
11567
11467
11366
11263
11160
11055
10949
10842
10735
10626
10515
10404
10292
10178
10064
9948
9831
9713
9594
9474
9352
9229
9106
8980
8854
8727
8598
8468
8338
8205
8072
7938
7802
7665
7527
7388
7248
7106
6964
6820
6675
6529
6382
6234
6085
5935
5783
5631
5478
5323
5168
5012
4854
4696
4537
4377
4216
4054
3892
3728
3564
3400
3234
3068
2901
2734
2566
2397
2228
2059
1889
1718
1548
1376
1205
1033
862
689
517
345
172
0
174
349
523
697
871
1044
1218
1391
1564
1736
1909
2080
2252
2422
2593
2762
2931
3100
3268
3435
3601
3767
3932
4096
4259
4421
4583
4743
4903
5062
5219
5376
5532
5686
5840
5992
6144
6294
6443
6592
6739
6885
7029
7173
7315
7456
7596
7735
7873
8009
8145
8279
8412
8543
8674
8803
8931
9058
9183
9308
9431
9553
9674
9794
9912
10030
10146
10261
10375
10487
10599
10709
10818
10927
11034
11140
11244
11348
11451
11553
11653
11753
11851
11948
12045
12140
12235
12328
12420
12512
12602
12692
12780
12868
12955
13040
13125
13209
13292
13375
13456
13536
13616
13695
13773
13850
13926
14002
14076
14150
14224
14296
14368
14439
14509
14578
14647
14715
14782
14849
14915
14980
15045
15109
15172
15234
15296
15296
15296
15234
15172
15109
15045
14980
14915
14849
14782
14715
14647
14578
14509
14439
14368
14296
14224
14150
14076
14002
13926
13850
13773
13695
13616
13536
13456
13375
13292
13209
13125
13040
12955
12868
12780
12692
12602
12512
12420
12328
12235
12140
12045
11948
11851
11753
11653
11553
11451
11348
11244
11140
11034
10927
10818
10709
10599
10487
10375
10261
10146
10030
9912
9794
9674
9553
9431
9308
9183
9058
8931
8803
8674
8543
8412
8279
8145
8009
7873
7735
7596
7456
7315
7173
7029
6885
6739
6592
6443
6294
6144
5992
5840
5686
5532
5376
5219
5062
4903
4743
4583
4421
4259
4096
3932
3767
3601
3435
3268
3100
2931
2762
2593
2422
2252
2080
1909
1736
1564
1391
1218
1044
871
697
523
349
174
0
176
352
528
704
880
1056
1231
1406
1581
1755
1929
2102
2275
2448
2620
2791
2962
3132
3302
3471
3639
3806
3972
4138
4303
4466
4629
4791
4952
5112
5272
5430
5587
5743
5897
6051
6204
6355
6506
6655
6803
6950
7096
7240
7384
7526
7667
7806
7945
8082
8218
8353
8487
8619
8750
8880
9009
9136
9262
9387
9511
9634
9755
9875
9994
10112
10229
10344
10458
10571
10683
10794
10903
11012
11119
11225
11330
11434
11537
11639
11740
11839
11938
12036
12132
12228
12322
12415
12508
12599
12690
12779
12868
12956
13042
13128
13213
13297
13380
13462
13543
13624
13703
13782
13860
13937
14013
14088
14163
14237
14310
14382
14454
14524
14594
14664
14732
14800
14867
14934
15000
15065
15129
15193
15256
15318
15380
15380
15380
15318
15256
15193
15129
15065
15000
14934
14867
14800
14732
14664
14594
14524
14454
14382
14310
14237
14163
14088
14013
13937
13860
13782
13703
13624
13543
13462
13380
13297
13213
13128
13042
12956
12868
12779
12690
12599
12508
12415
12322
12228
12132
12036
11938
11839
11740
11639
11537
11434
11330
11225
11119
11012
10903
10794
10683
10571
10458
10344
10229
10112
9994
9875
9755
9634
9511
9387
9262
9136
9009
8880
8750
8619
8487
8353
8218
8082
7945
7806
7667
7526
7384
7240
7096
6950
6803
6655
6506
6355
6204
6051
5897
5743
5587
5430
5272
5112
4952
4791
4629
4466
4303
4138
3972
3806
3639
3471
3302
3132
2962
2791
2620
2448
2275
2102
1929
1755
1581
1406
1231
1056
880
704
528
352
176
0
178
356
534
712
890
1067
1244
1421
1598
1774
1950
2125
2300
2474
2648
2821
2994
3166
3337
3507
3677
3846
4014
4181
4347
4513
4677
4841
5003
5164
5325
5484
5643
5800
5956
6111
6265
6418
6569
6720
6869
7017
7163
7309
7453
7596
7738
7879
8018
8156
8293
8429
8563
8696
8828
8959
9088
9216
9343
9468
9593
9716
9838
9958
10078
10196
10313
10429
10543
10657
10769
10880
10990
11098
11206
11312
11418
11522
11625
11727
11828
11927
12026
12124
12220
12316
12410
12504
12596
12688
12778
12868
12957
13044
13131
13217
13301
13385
13468
13550
13631
13712
13791
13870
13948
14025
14101
14176
14250
14324
14397
14469
14540
14611
14681
14750
14819
14886
14953
15019
15085
15150
15214
15278
15341
15403
15464
15464
15464
15403
15341
15278
15214
15150
15085
15019
14953
14886
14819
14750
14681
14611
14540
14469
14397
14324
14250
14176
14101
14025
13948
13870
13791
13712
13631
13550
13468
13385
13301
13217
13131
13044
12957
12868
12778
12688
12596
12504
12410
12316
12220
12124
12026
11927
11828
11727
11625
11522
11418
11312
11206
11098
10990
10880
10769
10657
10543
10429
10313
10196
10078
9958
9838
9716
9593
9468
9343
9216
9088
8959
8828
8696
8563
8429
8293
8156
8018
7879
7738
7596
7453
7309
7163
7017
6869
6720
6569
6418
6265
6111
5956
5800
5643
5484
5325
5164
5003
4841
4677
4513
4347
4181
4014
3846
3677
3507
3337
3166
2994
2821
2648
2474
2300
2125
1950
1774
1598
1421
1244
1067
890
712
534
356
178
0
180
360
540
720
899
1079
1258
1437
1615
1793
1971
2148
2325
2501
2677
2852
3026
3199
3372
3545
3716
3886
4056
4225
4393
4560
4726
4891
5055
5217
5379
5540
5700
5858
6016
6172
6327
6481
6634
6785
6936
7085
7232
7379
7524
7668
7811
7953
8093
8232
8369
8506
8641
8775
8907
9038
9168
9297
9424
9550
9675
9799
9921
10042
10162
10281
10398
10514
10629
10743
10855
10967
11077
11186
11294
11400
11506
11610
11713
11815
11916
12016
12115
12213
12310
12405
12500
12593
12686
12777
12868
12957
13046
13134
13220
13306
13391
13475
13557
13639
13721
13801
13880
13959
14036
14113
14189
14264
14339
14412
14485
14557
14628
14699
14768
14837
14905
14973
15040
15106
15171
15236
15300
15363
15426
15488
15549
15549
15549
15488
15426
15363
15300
15236
15171
15106
15040
14973
14905
14837
14768
14699
14628
14557
14485
14412
14339
14264
14189
14113
14036
13959
13880
13801
13721
13639
13557
13475
13391
13306
13220
13134
13046
12957
12868
12777
12686
12593
12500
12405
12310
12213
12115
12016
11916
11815
11713
11610
11506
11400
11294
11186
11077
10967
10855
10743
10629
10514
10398
10281
10162
10042
9921
9799
9675
9550
9424
9297
9168
9038
8907
8775
8641
8506
8369
8232
8093
7953
7811
7668
7524
7379
7232
7085
6936
6785
6634
6481
6327
6172
6016
5858
5700
5540
5379
5217
5055
4891
4726
4560
4393
4225
4056
3886
3716
3545
3372
3199
3026
2852
2677
2501
2325
2148
1971
1793
1615
1437
1258
1079
899
720
540
360
180
0
182
364
546
728
909
1091
1272
1453
1633
1813
1993
2172
2350
2528
2706
2883
3059
3234
3409
3583
3756
3928
4099
4270
4439
4608
4775
4942
5107
5272
5435
5597
5758
5918
6077
6234
6391
6546
6700
6852
7004
7154
7303
7450
7596
7741
7885
8027
8169
8308
8447
8584
8720
8854
8987
9119
9250
9379
9507
9634
9759
9883
10006
10128
10248
10367
10485
10601
10716
10831
10943
11055
11165
11275
11383
11489
11595
11700
11803
11905
12006
12106
12205
12303
12400
12496
12590
12684
12776
12868
12958
13048
13137
13224
13311
13396
13481
13565
13648
13729
13811
13891
13970
14048
14126
14202
14278
14353
14428
14501
14574
14645
14716
14787
14856
14925
14993
15060
15127
15193
15258
15322
15386
15449
15512
15574
15635
15635
15635
15574
15512
15449
15386
15322
15258
15193
15127
15060
14993
14925
14856
14787
14716
14645
14574
14501
14428
14353
14278
14202
14126
14048
13970
13891
13811
13729
13648
13565
13481
13396
13311
13224
13137
13048
12958
12868
12776
12684
12590
12496
12400
12303
12205
12106
12006
11905
11803
11700
11595
11489
11383
11275
11165
11055
10943
10831
10716
10601
10485
10367
10248
10128
10006
9883
9759
9634
9507
9379
9250
9119
8987
8854
8720
8584
8447
8308
8169
8027
7885
7741
7596
7450
7303
7154
7004
6852
6700
6546
6391
6234
6077
5918
5758
5597
5435
5272
5107
4942
4775
4608
4439
4270
4099
3928
3756
3583
3409
3234
3059
2883
2706
2528
2350
2172
1993
1813
1633
1453
1272
1091
909
728
546
364
182
0
184
368
552
736
919
1103
1286
1469
1651
1833
2015
2196
2376
2556
2736
2914
3092
3270
3446
3622
3796
3970
4143
4316
4487
4657
4826
4994
5161
5327
5491
5655
5817
5979
6139
6298
6455
6612
6767
6920
7073
7224
7374
7523
7670
7816
7960
8104
8246
8386
8526
8663
8800
8935
9069
9202
9333
9463
9591
9719
9844
9969
10092
10214
10335
10454
10573
10689
10805
10919
11032
11144
11255
11364
11473
11580
11686
11790
11894
11996
12098
12198
12297
12395
12491
12587
12682
12775
12868
12959
13050
13139
13228
13316
13402
13488
13572
13656
13739
13820
13901
13981
14061
14139
14216
14293
14368
14443
14517
14591
14663
14735
14805
14876
14945
15014
15081
15148
15215
15281
15346
15410
15473
15536
15599
15660
15721
15721
15721
15660
15599
15536
15473
15410
15346
15281
15215
15148
15081
15014
14945
14876
14805
14735
14663
14591
14517
14443
14368
14293
14216
14139
14061
13981
13901
13820
13739
13656
13572
13488
13402
13316
13228
13139
13050
12959
12868
12775
12682
12587
12491
12395
12297
12198
12098
11996
11894
11790
11686
11580
11473
11364
11255
11144
11032
10919
10805
10689
10573
10454
10335
10214
10092
9969
9844
9719
9591
9463
9333
9202
9069
8935
8800
8663
8526
8386
8246
8104
7960
7816
7670
7523
7374
7224
7073
6920
6767
6612
6455
6298
6139
5979
5817
5655
5491
5327
5161
4994
4826
4657
4487
4316
4143
3970
3796
3622
3446
3270
3092
2914
2736
2556
2376
2196
2015
1833
1651
1469
1286
1103
919
736
552
368
184
0
186
372
558
744
930
1115
1301
1485
1670
1854
2037
2220
2403
2585
2766
2947
3127
3306
3484
3661
3838
4014
4188
4362
4535
4707
4878
5047
5216
5383
5549
5714
5878
6041
6202
6362
6521
6679
6835
6990
7144
7296
7447
7596
7745
7892
8037
8181
8324
8466
8606
8744
8882
9018
9152
9285
9417
9548
9677
9804
9931
10056
10180
10302
10423
10543
10662
10779
10895
11009
11123
11235
11346
11456
11564
11671
11777
11882
11986
12088
12190
12290
12389
12487
12584
12680
12774
12868
12961
13052
13143
13232
13320
13408
13494
13580
13664
13748
13831
13912
13993
14073
14152
14230
14307
14384
14459
14534
14608
14681
14753
14825
14895
14965
15034
15103
15170
15237
15304
15369
15434
15498
15561
15624
15686
15747
15808
15808
15808
15747
15686
15624
15561
15498
15434
15369
15304
15237
15170
15103
15034
14965
14895
14825
14753
14681
14608
14534
14459
14384
14307
14230
14152
14073
13993
13912
13831
13748
13664
13580
13494
13408
13320
13232
13143
13052
12961
12868
12774
12680
12584
12487
12389
12290
12190
12088
11986
11882
11777
11671
11564
11456
11346
11235
11123
11009
10895
10779
10662
10543
10423
10302
10180
10056
9931
9804
9677
9548
9417
9285
9152
9018
8882
8744
8606
8466
8324
8181
8037
7892
7745
7596
7447
7296
7144
6990
6835
6679
6521
6362
6202
6041
5878
5714
5549
5383
5216
5047
4878
4707
4535
4362
4188
4014
3838
3661
3484
3306
3127
2947
2766
2585
2403
2220
2037
1854
1670
1485
1301
1115
930
744
558
372
186
0
188
377
565
753
941
1128
1315
1502
1689
1875
2061
2246
2430
2614
2797
2980
3162
3343
3523
3702
3881
4058
4235
4410
4585
4758
4930
5101
5272
5440
5608
5775
5940
6104
6267
6428
6588
6747
6905
7061
7215
7369
7521
7672
7821
7969
8115
8260
8404
8546
8687
8827
8965
9101
9236
9370
9503
9634
9764
9892
10019
10144
10269
10391
10513
10633
10752
10870
10986
11101
11214
11327
11438
11548
11657
11764
11870
11975
12079
12182
12283
12383
12483
12581
12677
12773
12868
12962
13054
13146
13236
13325
13414
13501
13588
13673
13758
13841
13924
14005
14086
14166
14244
14322
14399
14476
14551
14626
14699
14772
14844
14916
14986
15056
15125
15193
15260
15327
15393
15458
15523
15586
15650
15712
15774
15835
15895
15895
15895
15835
15774
15712
15650
15586
15523
15458
15393
15327
15260
15193
15125
15056
14986
14916
14844
14772
14699
14626
14551
14476
14399
14322
14244
14166
14086
14005
13924
13841
13758
13673
13588
13501
13414
13325
13236
13146
13054
12962
12868
12773
12677
12581
12483
12383
12283
12182
12079
11975
11870
11764
11657
11548
11438
11327
11214
11101
10986
10870
10752
10633
10513
10391
10269
10144
10019
9892
9764
9634
9503
9370
9236
9101
8965
8827
8687
8546
8404
8260
8115
7969
7821
7672
7521
7369
7215
7061
6905
6747
6588
6428
6267
6104
5940
5775
5608
5440
5272
5101
4930
4758
4585
4410
4235
4058
3881
3702
3523
3343
3162
2980
2797
2614
2430
2246
2061
1875
1689
1502
1315
1128
941
753
565
377
188
0
191
381
571
761
951
1141
1331
1520
1708
1897
2084
2271
2458
2644
2829
3014
3197
3380
3562
3744
3924
4103
4282
4459
4635
4810
4984
5157
5329
5499
5668
5836
6003
6168
6333
6495
6657
6817
6976
7133
7289
7443
7596
7748
7898
8047
8195
8341
8485
8628
8770
8910
9049
9186
9322
9457
9590
9721
9852
9981
10108
10234
10359
10482
10604
10724
10844
10962
11078
11193
11307
11420
11531
11641
11750
11858
11964
12069
12173
12276
12378
12478
12577
12675
12772
12868
12963
13056
13149
13240
13331
13420
13508
13596
13682
13767
13852
13935
14017
14099
14179
14259
14338
14416
14492
14568
14644
14718
14792
14864
14936
15007
15077
15147
15216
15284
15351
15417
15483
15548
15612
15676
15739
15801
15862
15923
15984
15984
15984
15923
15862
15801
15739
15676
15612
15548
15483
15417
15351
15284
15216
15147
15077
15007
14936
14864
14792
14718
14644
14568
14492
14416
14338
14259
14179
14099
14017
13935
13852
13767
13682
13596
13508
13420
13331
13240
13149
13056
12963
12868
12772
12675
12577
12478
12378
12276
12173
12069
11964
11858
11750
11641
11531
11420
11307
11193
11078
10962
10844
10724
10604
10482
10359
10234
10108
9981
9852
9721
9590
9457
9322
9186
9049
8910
8770
8628
8485
8341
8195
8047
7898
7748
7596
7443
7289
7133
6976
6817
6657
6495
6333
6168
6003
5836
5668
5499
5329
5157
4984
4810
4635
4459
4282
4103
3924
3744
3562
3380
3197
3014
2829
2644
2458
2271
2084
1897
1708
1520
1331
1141
951
761
571
381
191
0
193
385
578
770
963
1155
1346
1537
1728
1919
2109
2298
2487
2675
2862
3048
3234
3419
3603
3786
3968
4150
4330
4509
4687
4864
5039
5214
5387
5559
5730
5899
6067
6234
6400
6564
6727
6888
7048
7206
7363
7519
7673
7826
7977
8127
8276
8422
8568
8712
8854
8995
9135
9273
9409
9545
9678
9810
9941
10071
10199
10325
10450
10574
10696
10817
10937
11055
11172
11287
11402
11514
11626
11736
11845
11953
12060
12165
12269
12372
12473
12574
12673
12771
12868
12964
13058
13152
13245
13336
13426
13516
13604
13691
13777
13862
13947
14030
14112
14193
14274
14353
14432
14510
14586
14662
14737
14811
14885
14957
15029
15100
15170
15239
15307
15375
15442
15508
15574
15639
15703
15766
15829
15891
15952
16012
16072
16072
16072
16012
15952
15891
15829
15766
15703
15639
15574
15508
15442
15375
15307
15239
15170
15100
15029
14957
14885
14811
14737
14662
14586
14510
14432
14353
14274
14193
14112
14030
13947
13862
13777
13691
13604
13516
13426
13336
13245
13152
13058
12964
12868
12771
12673
12574
12473
12372
12269
12165
12060
11953
11845
11736
11626
11514
11402
11287
11172
11055
10937
10817
10696
10574
10450
10325
10199
10071
9941
9810
9678
9545
9409
9273
9135
8995
8854
8712
8568
8422
8276
8127
7977
7826
7673
7519
7363
7206
7048
6888
6727
6564
6400
6234
6067
5899
5730
5559
5387
5214
5039
4864
4687
4509
4330
4150
3968
3786
3603
3419
3234
3048
2862
2675
2487
2298
2109
1919
1728
1537
1346
1155
963
770
578
385
193
0
195
390
585
780
974
1168
1362
1556
1749
1941
2133
2325
2516
2706
2895
3084
3272
3459
3645
3830
4014
4197
4379
4560
4739
4918
5095
5272
5446
5620
5792
5963
6133
6301
6468
6634
6798
6960
7122
7281
7440
7596
7752
7905
8058
8209
8358
8506
8652
8797
8940
9082
9222
9361
9498
9634
9768
9901
10032
10162
10291
10418
10543
10667
10790
10911
11031
11150
11267
11383
11497
11610
11722
11832
11942
12049
12156
12261
12366
12468
12570
12671
12770
12868
12965
13061
13155
13249
13341
13433
13523
13612
13700
13787
13874
13959
14043
14126
14208
14289
14369
14449
14527
14604
14681
14757
14831
14905
14978
15051
15122
15193
15263
15332
15400
15467
15534
15600
15665
15730
15794
15857
15919
15981
16042
16102
16162
16162
16162
16102
16042
15981
15919
15857
15794
15730
15665
15600
15534
15467
15400
15332
15263
15193
15122
15051
14978
14905
14831
14757
14681
14604
14527
14449
14369
14289
14208
14126
14043
13959
13874
13787
13700
13612
13523
13433
13341
13249
13155
13061
12965
12868
12770
12671
12570
12468
12366
12261
12156
12049
11942
11832
11722
11610
11497
11383
11267
11150
11031
10911
10790
10667
10543
10418
10291
10162
10032
9901
9768
9634
9498
9361
9222
9082
8940
8797
8652
8506
8358
8209
8058
7905
7752
7596
7440
7281
7122
6960
6798
6634
6468
6301
6133
5963
5792
5620
5446
5272
5095
4918
4739
4560
4379
4197
4014
3830
3645
3459
3272
3084
2895
2706
2516
2325
2133
1941
1749
1556
1362
1168
974
780
585
390
195
0
197
395
592
789
986
1182
1379
1574
1770
1965
2159
2352
2545
2738
2929
3120
3310
3499
3687
3874
4060
4245
4429
4612
4793
4974
5153
5331
5507
5683
5856
6029
6200
6370
6538
6705
6870
7034
7197
7358
7517
7675
7832
7986
8140
8292
8442
8590
8738
8883
9027
9170
9311
9450
9588
9725
9859
9993
10125
10255
10384
10511
10637
10762
10885
11007
11127
11246
11363
11479
11594
11707
11819
11930
12039
12147
12254
12359
12464
12566
12668
12769
12868
12966
13063
13159
13253
13347
13439
13531
13621
13710
13798
13885
13971
14056
14140
14223
14305
14386
14466
14545
14623
14700
14777
14852
14927
15000
15073
15145
15216
15287
15356
15425
15493
15560
15627
15693
15758
15822
15885
15948
16010
16072
16132
16192
16252
16252
16252
16192
16132
16072
16010
15948
15885
15822
15758
15693
15627
15560
15493
15425
15356
15287
15216
15145
15073
15000
14927
14852
14777
14700
14623
14545
14466
14386
14305
14223
14140
14056
13971
13885
13798
13710
13621
13531
13439
13347
13253
13159
13063
12966
12868
12769
12668
12566
12464
12359
12254
12147
12039
11930
11819
11707
11594
11479
11363
11246
11127
11007
10885
10762
10637
10511
10384
10255
10125
9993
9859
9725
9588
9450
9311
9170
9027
8883
8738
8590
8442
8292
8140
7986
7832
7675
7517
7358
7197
7034
6870
6705
6538
6370
6200
6029
5856
5683
5507
5331
5153
4974
4793
4612
4429
4245
4060
3874
3687
3499
3310
3120
2929
2738
2545
2352
2159
1965
1770
1574
1379
1182
986
789
592
395
197
0
200
400
599
799
998
1197
1395
1593
1791
1988
2185
2381
2576
2771
2964
3157
3349
3540
3730
3920
4108
4295
4480
4665
4848
5031
5212
5391
5569
5746
5922
6096
6269
6440
6610
6778
6945
7110
7274
7436
7596
7755
7913
8069
8223
8376
8527
8677
8825
8971
9116
9259
9401
9541
9680
9817
9952
10086
10219
10350
10479
10607
10733
10858
10982
11104
11224
11343
11461
11577
11692
11806
11918
12028
12138
12246
12353
12458
12563
12666
12767
12868
12967
13065
13162
13258
13353
13446
13538
13629
13720
13809
13896
13983
14069
14154
14238
14321
14402
14483
14563
14642
14720
14797
14873
14948
15023
15096
15169
15241
15312
15382
15451
15520
15587
15654
15720
15786
15851
15914
15978
16040
16102
16163
16224
16283
16343
16343
16343
16283
16224
16163
16102
16040
15978
15914
15851
15786
15720
15654
15587
15520
15451
15382
15312
15241
15169
15096
15023
14948
14873
14797
14720
14642
14563
14483
14402
14321
14238
14154
14069
13983
13896
13809
13720
13629
13538
13446
13353
13258
13162
13065
12967
12868
12767
12666
12563
12458
12353
12246
12138
12028
11918
11806
11692
11577
11461
11343
11224
11104
10982
10858
10733
10607
10479
10350
10219
10086
9952
9817
9680
9541
9401
9259
9116
8971
8825
8677
8527
8376
8223
8069
7913
7755
7596
7436
7274
7110
6945
6778
6610
6440
6269
6096
5922
5746
5569
5391
5212
5031
4848
4665
4480
4295
4108
3920
3730
3540
3349
3157
2964
2771
2576
2381
2185
1988
1791
1593
1395
1197
998
799
599
400
200
0
202
404
607
808
1010
1211
1412
1613
1813
2013
2211
2410
2607
2804
3000
3195
3389
3583
3775
3966
4156
4345
4533
4720
4905
5089
5272
5453
5633
5811
5989
6164
6339
6511
6683
6852
7020
7187
7352
7515
7677
7837
7996
8153
8308
8462
8614
8765
8914
9061
9207
9351
9493
9634
9773
9911
10047
10181
10314
10446
10575
10704
10831
10956
11080
11202
11323
11442
11560
11677
11792
11905
12018
12129
12238
12346
12453
12559
12663
12766
12868
12968
13068
13166
13263
13358
13453
13546
13638
13729
13819
13908
13996
14083
14168
14253
14337
14419
14501
14582
14661
14740
14818
14894
14970
15045
15120
15193
15265
15337
15407
15477
15546
15615
15682
15749
15815
15880
15944
16008
16071
16133
16195
16255
16316
16375
16434
16434
16434
16375
16316
16255
16195
16133
16071
16008
15944
15880
15815
15749
15682
15615
15546
15477
15407
15337
15265
15193
15120
15045
14970
14894
14818
14740
14661
14582
14501
14419
14337
14253
14168
14083
13996
13908
13819
13729
13638
13546
13453
13358
13263
13166
13068
12968
12868
12766
12663
12559
12453
12346
12238
12129
12018
11905
11792
11677
11560
11442
11323
11202
11080
10956
10831
10704
10575
10446
10314
10181
10047
9911
9773
9634
9493
9351
9207
9061
8914
8765
8614
8462
8308
8153
7996
7837
7677
7515
7352
7187
7020
6852
6683
6511
6339
6164
5989
5811
5633
5453
5272
5089
4905
4720
4533
4345
4156
3966
3775
3583
3389
3195
3000
2804
2607
2410
2211
2013
1813
1613
1412
1211
1010
808
607
404
202
0
205
410
614
819
1023
1227
1430
1633
1835
2037
2239
2439
2639
2838
3037
3234
3431
3626
3820
4014
4206
4397
4587
4775
4962
5148
5333
5516
5698
5878
6057
6234
6410
6584
6757
6928
7098
7265
7432
7596
7759
7921
8081
8239
8395
8550
8703
8854
9004
9152
9299
9443
9586
9728
9868
10006
10143
10278
10411
10543
10673
10802
10929
11055
11179
11302
11423
11542
11661
11777
11893
12006
12119
12230
12340
12448
12555
12661
12765
12868
12970
13070
13169
13267
13364
13460
13554
13648
13740
13831
13920
14009
14097
14183
14269
14353
14437
14519
14601
14681
14760
14839
14916
14993
15069
15143
15217
15290
15362
15434
15504
15574
15643
15711
15778
15844
15910
15975
16039
16102
16165
16227
16288
16348
16408
16467
16526
16526
16526
16467
16408
16348
16288
16227
16165
16102
16039
15975
15910
15844
15778
15711
15643
15574
15504
15434
15362
15290
15217
15143
15069
14993
14916
14839
14760
14681
14601
14519
14437
14353
14269
14183
14097
14009
13920
13831
13740
13648
13554
13460
13364
13267
13169
13070
12970
12868
12765
12661
12555
12448
12340
12230
12119
12006
11893
11777
11661
11542
11423
11302
11179
11055
10929
10802
10673
10543
10411
10278
10143
10006
9868
9728
9586
9443
9299
9152
9004
8854
8703
8550
8395
8239
8081
7921
7759
7596
7432
7265
7098
6928
6757
6584
6410
6234
6057
5878
5698
5516
5333
5148
4962
4775
4587
4397
4206
4014
3820
3626
3431
3234
3037
2838
2639
2439
2239
2037
1835
1633
1430
1227
1023
819
614
410
205
0
207
415
622
829
1036
1242
1448
1654
1859
2063
2267
2470
2672
2874
3074
3274
3473
3670
3867
4062
4257
4450
4642
4832
5021
5209
5396
5581
5764
5946
6127
6306
6483
6659
6833
7005
7176
7346
7513
7679
7843
8006
8167
8326
8483
8639
8793
8945
9096
9245
9392
9538
9682
9824
9964
10103
10240
10376
10510
10642
10773
10902
11030
11156
11280
11403
11524
11644
11763
11880
11995
12109
12222
12333
12443
12551
12658
12764
12868
12971
13073
13173
13272
13370
13467
13563
13657
13750
13842
13933
14023
14111
14199
14285
14370
14455
14538
14620
14701
14781
14861
14939
15016
15092
15168
15242
15316
15389
15461
15532
15602
15671
15740
15807
15874
15940
16006
16070
16134
16197
16259
16321
16382
16442
16502
16560
16619
16619
16619
16560
16502
16442
16382
16321
16259
16197
16134
16070
16006
15940
15874
15807
15740
15671
15602
15532
15461
15389
15316
15242
15168
15092
15016
14939
14861
14781
14701
14620
14538
14455
14370
14285
14199
14111
14023
13933
13842
13750
13657
13563
13467
13370
13272
13173
13073
12971
12868
12764
12658
12551
12443
12333
12222
12109
11995
11880
11763
11644
11524
11403
11280
11156
11030
10902
10773
10642
10510
10376
10240
10103
9964
9824
9682
9538
9392
9245
9096
8945
8793
8639
8483
8326
8167
8006
7843
7679
7513
7346
7176
7005
6833
6659
6483
6306
6127
5946
5764
5581
5396
5209
5021
4832
4642
4450
4257
4062
3867
3670
3473
3274
3074
2874
2672
2470
2267
2063
1859
1654
1448
1242
1036
829
622
415
207
0
210
420
630
839
1049
1258
1466
1675
1882
2089
2295
2501
2706
2910
3113
3315
3516
3716
3915
4112
4309
4504
4698
4891
5082
5272
5460
5647
5832
6016
6198
6379
6558
6735
6911
7085
7257
7428
7596
7764
7929
8093
8255
8415
8573
8730
8885
9038
9190
9340
9488
9634
9778
9921
10062
10202
10340
10476
10610
10743
10874
11004
11132
11258
11383
11506
11627
11748
11866
11983
12099
12213
12326
12437
12547
12655
12762
12868
12972
13075
13177
13277
13377
13475
13571
13667
13761
13854
13946
14036
14126
14214
14301
14388
14473
14557
14640
14722
14803
14883
14962
15040
15117
15193
15268
15342
15416
15488
15560
15630
15700
15769
15837
15905
15971
16037
16102
16166
16230
16293
16355
16416
16477
16536
16596
16654
16712
16712
16712
16654
16596
16536
16477
16416
16355
16293
16230
16166
16102
16037
15971
15905
15837
15769
15700
15630
15560
15488
15416
15342
15268
15193
15117
15040
14962
14883
14803
14722
14640
14557
14473
14388
14301
14214
14126
14036
13946
13854
13761
13667
13571
13475
13377
13277
13177
13075
12972
12868
12762
12655
12547
12437
12326
12213
12099
11983
11866
11748
11627
11506
11383
11258
11132
11004
10874
10743
10610
10476
10340
10202
10062
9921
9778
9634
9488
9340
9190
9038
8885
8730
8573
8415
8255
8093
7929
7764
7596
7428
7257
7085
6911
6735
6558
6379
6198
6016
5832
5647
5460
5272
5082
4891
4698
4504
4309
4112
3915
3716
3516
3315
3113
2910
2706
2501
2295
2089
1882
1675
1466
1258
1049
839
630
420
210
0
213
425
638
850
1062
1274
1485
1696
1906
2116
2325
2533
2740
2947
3152
3357
3560
3762
3964
4164
4362
4560
4756
4950
5144
5335
5526
5714
5901
6087
6271
6453
6634
6813
6990
7165
7339
7511
7681
7850
8016
8181
8344
8506
8665
8823
8979
9133
9285
9436
9585
9732
9877
10020
10162
10302
10441
10577
10712
10845
10977
11107
11235
11362
11487
11610
11732
11852
11971
12088
12204
12318
12431
12542
12652
12761
12868
12974
13078
13181
13283
13383
13482
13580
13676
13772
13866
13959
14050
14141
14230
14318
14405
14491
14576
14660
14743
14825
14905
14985
15064
15142
15218
15294
15369
15443
15516
15588
15659
15730
15799
15868
15936
16003
16069
16135
16199
16263
16327
16389
16451
16512
16572
16631
16690
16748
16806
16806
16806
16748
16690
16631
16572
16512
16451
16389
16327
16263
16199
16135
16069
16003
15936
15868
15799
15730
15659
15588
15516
15443
15369
15294
15218
15142
15064
14985
14905
14825
14743
14660
14576
14491
14405
14318
14230
14141
14050
13959
13866
13772
13676
13580
13482
13383
13283
13181
13078
12974
12868
12761
12652
12542
12431
12318
12204
12088
11971
11852
11732
11610
11487
11362
11235
11107
10977
10845
10712
10577
10441
10302
10162
10020
9877
9732
9585
9436
9285
9133
8979
8823
8665
8506
8344
8181
8016
7850
7681
7511
7339
7165
6990
6813
6634
6453
6271
6087
5901
5714
5526
5335
5144
4950
4756
4560
4362
4164
3964
3762
3560
3357
3152
2947
2740
2533
2325
2116
1906
1696
1485
1274
1062
850
638
425
213
0
216
431
646
862
1076
1291
1505
1718
1931
2143
2355
2566
2776
2985
3193
3400
3605
3810
4014
4216
4417
4617
4815
5012
5207
5401
5593
5783
5972
6160
6345
6529
6712
6892
7071
7248
7423
7596
7768
7938
8106
8272
8436
8598
8759
8917
9074
9229
9383
9534
9683
9831
9977
10121
10264
10404
10543
10680
10816
10949
11081
11211
11340
11467
11592
11716
11838
11959
12078
12195
12311
12425
12538
12650
12759
12868
12975
13081
13185
13288
13390
13490
13589
13686
13783
13878
13972
14065
14156
14246
14336
14424
14511
14596
14681
14765
14847
14929
15009
15088
15167
15244
15321
15396
15471
15545
15617
15689
15760
15830
15899
15968
16035
16102
16168
16233
16298
16361
16424
16486
16547
16608
16668
16727
16786
16844
16901
16901
16901
16844
16786
16727
16668
16608
16547
16486
16424
16361
16298
16233
16168
16102
16035
15968
15899
15830
15760
15689
15617
15545
15471
15396
15321
15244
15167
15088
15009
14929
14847
14765
14681
14596
14511
14424
14336
14246
14156
14065
13972
13878
13783
13686
13589
13490
13390
13288
13185
13081
12975
12868
12759
12650
12538
12425
12311
12195
12078
11959
11838
11716
11592
11467
11340
11211
11081
10949
10816
10680
10543
10404
10264
10121
9977
9831
9683
9534
9383
9229
9074
8917
8759
8598
8436
8272
8106
7938
7768
7596
7423
7248
7071
6892
6712
6529
6345
6160
5972
5783
5593
5401
5207
5012
4815
4617
4417
4216
4014
3810
3605
3400
3193
2985
2776
2566
2355
2143
1931
1718
1505
1291
1076
862
646
431
216
0
218
437
655
873
1091
1308
1525
1741
1957
2172
2386
2599
2812
3024
3234
3444
3652
3859
4065
4270
4473
4675
4875
5074
5272
5467
5662
5854
6045
6234
6422
6607
6791
6973
7154
7332
7509
7684
7856
8027
8197
8364
8529
8693
8854
9014
9172
9328
9482
9634
9784
9933
10079
10224
10367
10508
10647
10785
10921
11055
11187
11318
11447
11574
11700
11824
11946
12067
12186
12303
12419
12534
12647
12758
12868
12976
13084
13189
13293
13396
13498
13598
13697
13794
13891
13986
14079
14172
14263
14353
14442
14530
14617
14702
14787
14870
14952
15033
15114
15193
15271
15348
15424
15499
15574
15647
15720
15791
15862
15931
16000
16068
16136
16202
16268
16332
16396
16460
16522
16584
16645
16705
16765
16824
16882
16939
16996
16996
16996
16939
16882
16824
16765
16705
16645
16584
16522
16460
16396
16332
16268
16202
16136
16068
16000
15931
15862
15791
15720
15647
15574
15499
15424
15348
15271
15193
15114
15033
14952
14870
14787
14702
14617
14530
14442
14353
14263
14172
14079
13986
13891
13794
13697
13598
13498
13396
13293
13189
13084
12976
12868
12758
12647
12534
12419
12303
12186
12067
11946
11824
11700
11574
11447
11318
11187
11055
10921
10785
10647
10508
10367
10224
10079
9933
9784
9634
9482
9328
9172
9014
8854
8693
8529
8364
8197
8027
7856
7684
7509
7332
7154
6973
6791
6607
6422
6234
6045
5854
5662
5467
5272
5074
4875
4675
4473
4270
4065
3859
3652
3444
3234
3024
2812
2599
2386
2172
1957
1741
1525
1308
1091
873
655
437
218
0
221
443
664
885
1105
1326
1545
1764
1983
2201
2418
2634
2849
3063
3277
3489
3700
3909
4118
4325
4530
4735
4937
5138
5338
5536
5732
5927
6119
6310
6500
6687
6873
7056
7238
7418
7596
7773
7947
8119
8289
8458
8624
8789
8952
9112
9271
9428
9583
9736
9887
10036
10183
10328
10472
10614
10754
10892
11028
11162
11295
11426
11555
11683
11809
11933
12055
12176
12295
12413
12529
12644
12757
12868
12978
13086
13193
13299
13403
13506
13607
13707
13806
13904
14000
14094
14188
14280
14371
14461
14550
14638
14724
14809
14893
14977
15059
15139
15219
15298
15376
15453
15529
15604
15678
15751
15823
15894
15964
16034
16102
16170
16237
16303
16368
16432
16496
16559
16621
16682
16743
16803
16862
16921
16978
17036
17092
17092
17092
17036
16978
16921
16862
16803
16743
16682
16621
16559
16496
16432
16368
16303
16237
16170
16102
16034
15964
15894
15823
15751
15678
15604
15529
15453
15376
15298
15219
15139
15059
14977
14893
14809
14724
14638
14550
14461
14371
14280
14188
14094
14000
13904
13806
13707
13607
13506
13403
13299
13193
13086
12978
12868
12757
12644
12529
12413
12295
12176
12055
11933
11809
11683
11555
11426
11295
11162
11028
10892
10754
10614
10472
10328
10183
10036
9887
9736
9583
9428
9271
9112
8952
8789
8624
8458
8289
8119
7947
7773
7596
7418
7238
7056
6873
6687
6500
6310
6119
5927
5732
5536
5338
5138
4937
4735
4530
4325
4118
3909
3700
3489
3277
3063
2849
2634
2418
2201
1983
1764
1545
1326
1105
885
664
443
221
0
224
449
673
897
1120
1344
1566
1788
2010
2231
2450
2669
2887
3104
3320
3535
3749
3961
4172
4381
4589
4796
5001
5204
5406
5606
5804
6001
6195
6388
6579
6769
6956
7141
7325
7506
7686
7864
8039
8213
8384
8554
8722
8887
9051
9212
9372
9530
9686
9839
9991
10141
10289
10435
10579
10721
10862
11000
11137
11272
11405
11536
11665
11793
11919
12044
12166
12287
12407
12524
12640
12755
12868
12979
13089
13198
13305
13410
13514
13617
13718
13818
13917
14014
14110
14205
14298
14390
14481
14571
14659
14746
14832
14917
15001
15084
15166
15246
15326
15405
15482
15559
15634
15709
15782
15855
15927
15998
16067
16137
16205
16272
16339
16404
16469
16533
16596
16659
16721
16782
16842
16901
16960
17018
17076
17133
17189
17189
17189
17133
17076
17018
16960
16901
16842
16782
16721
16659
16596
16533
16469
16404
16339
16272
16205
16137
16067
15998
15927
15855
15782
15709
15634
15559
15482
15405
15326
15246
15166
15084
15001
14917
14832
14746
14659
14571
14481
14390
14298
14205
14110
14014
13917
13818
13718
13617
13514
13410
13305
13198
13089
12979
12868
12755
12640
12524
12407
12287
12166
12044
11919
11793
11665
11536
11405
11272
11137
11000
10862
10721
10579
10435
10289
10141
9991
9839
9686
9530
9372
9212
9051
8887
8722
8554
8384
8213
8039
7864
7686
7506
7325
7141
6956
6769
6579
6388
6195
6001
5804
5606
5406
5204
5001
4796
4589
4381
4172
3961
3749
3535
3320
3104
2887
2669
2450
2231
2010
1788
1566
1344
1120
897
673
449
224
0
228
455
682
909
1136
1362
1588
1813
2037
2261
2484
2706
2927
3147
3365
3583
3799
4014
4227
4439
4650
4859
5066
5272
5476
5678
5878
6077
6273
6468
6661
6852
7041
7228
7413
7596
7777
7956
8133
8308
8481
8652
8821
8987
9152
9315
9475
9634
9790
9945
10097
10248
10397
10543
10688
10831
10971
11110
11247
11383
11516
11648
11777
11905
12032
12156
12279
12400
12519
12637
12753
12868
12981
13092
13202
13311
13418
13523
13627
13729
13831
13930
14029
14126
14222
14316
14409
14501
14592
14681
14769
14856
14942
15027
15110
15193
15274
15354
15434
15512
15589
15665
15740
15815
15888
15960
16032
16102
16172
16240
16308
16375
16441
16507
16571
16635
16698
16760
16821
16882
16942
17001
17059
17117
17174
17230
17286
17286
17286
17230
17174
17117
17059
17001
16942
16882
16821
16760
16698
16635
16571
16507
16441
16375
16308
16240
16172
16102
16032
15960
15888
15815
15740
15665
15589
15512
15434
15354
15274
15193
15110
15027
14942
14856
14769
14681
14592
14501
14409
14316
14222
14126
14029
13930
13831
13729
13627
13523
13418
13311
13202
13092
12981
12868
12753
12637
12519
12400
12279
12156
12032
11905
11777
11648
11516
11383
11247
11110
10971
10831
10688
10543
10397
10248
10097
9945
9790
9634
9475
9315
9152
8987
8821
8652
8481
8308
8133
7956
7777
7596
7413
7228
7041
6852
6661
6468
6273
6077
5878
5678
5476
5272
5066
4859
4650
4439
4227
4014
3799
3583
3365
3147
2927
2706
2484
2261
2037
1813
1588
1362
1136
909
682
455
228
0
231
461
692
922
1152
1381
1610
1838
2066
2293
2518
2743
2967
3190
3411
3632
3850
4068
4284
4499
4712
4923
5133
5341
5547
5751
5954
6154
6353
6550
6745
6938
7128
7317
7504
7688
7871
8051
8230
8406
8580
8752
8922
9090
9255
9419
9580
9740
9897
10053
10206
10357
10506
10653
10799
10942
11083
11222
11360
11495
11629
11761
11891
12019
12146
12270
12393
12514
12634
12752
12868
12983
13096
13207
13317
13425
13532
13637
13741
13843
13944
14044
14142
14239
14334
14429
14521
14613
14703
14793
14880
14967
15053
15137
15220
15303
15384
15464
15542
15620
15697
15773
15848
15922
15995
16066
16137
16208
16277
16345
16412
16479
16545
16610
16674
16737
16800
16861
16922
16982
17042
17101
17159
17216
17273
17329
17384
17384
17384
17329
17273
17216
17159
17101
17042
16982
16922
16861
16800
16737
16674
16610
16545
16479
16412
16345
16277
16208
16137
16066
15995
15922
15848
15773
15697
15620
15542
15464
15384
15303
15220
15137
15053
14967
14880
14793
14703
14613
14521
14429
14334
14239
14142
14044
13944
13843
13741
13637
13532
13425
13317
13207
13096
12983
12868
12752
12634
12514
12393
12270
12146
12019
11891
11761
11629
11495
11360
11222
11083
10942
10799
10653
10506
10357
10206
10053
9897
9740
9580
9419
9255
9090
8922
8752
8580
8406
8230
8051
7871
7688
7504
7317
7128
6938
6745
6550
6353
6154
5954
5751
5547
5341
5133
4923
4712
4499
4284
4068
3850
3632
3411
3190
2967
2743
2518
2293
2066
1838
1610
1381
1152
922
692
461
231
0
234
468
702
935
1168
1401
1633
1864
2095
2325
2554
2782
3008
3234
3459
3682
3903
4124
4342
4560
4775
4989
5201
5412
5620
5827
6031
6234
6435
6634
6830
7025
7218
7408
7596
7783
7967
8148
8328
8506
8681
8854
9025
9194
9361
9525
9688
9848
10006
10162
10316
10468
10618
10766
10911
11055
11197
11336
11474
11610
11744
11876
12006
12135
12261
12386
12509
12631
12750
12868
12984
13099
13212
13323
13433
13541
13648
13753
13856
13959
14059
14159
14257
14353
14449
14543
14635
14726
14817
14905
14993
15079
15165
15249
15332
15413
15494
15574
15652
15730
15806
15882
15956
16030
16102
16174
16244
16314
16383
16451
16518
16584
16649
16714
16777
16840
16902
16964
17024
17084
17143
17201
17259
17316
17372
17428
17482
17482
17482
17428
17372
17316
17259
17201
17143
17084
17024
16964
16902
16840
16777
16714
16649
16584
16518
16451
16383
16314
16244
16174
16102
16030
15956
15882
15806
15730
15652
15574
15494
15413
15332
15249
15165
15079
14993
14905
14817
14726
14635
14543
14449
14353
14257
14159
14059
13959
13856
13753
13648
13541
13433
13323
13212
13099
12984
12868
12750
12631
12509
12386
12261
12135
12006
11876
11744
11610
11474
11336
11197
11055
10911
10766
10618
10468
10316
10162
10006
9848
9688
9525
9361
9194
9025
8854
8681
8506
8328
8148
7967
7783
7596
7408
7218
7025
6830
6634
6435
6234
6031
5827
5620
5412
5201
4989
4775
4560
4342
4124
3903
3682
3459
3234
3008
2782
2554
2325
2095
1864
1633
1401
1168
935
702
468
234
0
237
475
712
949
1185
1421
1656
1891
2125
2358
2590
2821
3051
3280
3507
3733
3958
4181
4402
4622
4841
5057
5272
5484
5695
5904
6111
6316
6519
6720
6918
7115
7309
7501
7691
7879
8064
8248
8429
8608
8784
8959
9131
9301
9468
9634
9797
9958
10117
10274
10429
10581
10731
10880
11026
11170
11312
11452
11591
11727
11861
11993
12124
12252
12379
12504
12627
12748
12868
12986
13102
13217
13329
13441
13550
13658
13765
13870
13973
14075
14176
14275
14373
14469
14564
14658
14750
14841
14931
15019
15107
15193
15278
15361
15444
15525
15606
15685
15763
15840
15916
15991
16065
16139
16211
16282
16352
16421
16490
16557
16624
16689
16754
16818
16882
16944
17006
17067
17127
17186
17245
17303
17360
17416
17472
17527
17582
17582
17582
17527
17472
17416
17360
17303
17245
17186
17127
17067
17006
16944
16882
16818
16754
16689
16624
16557
16490
16421
16352
16282
16211
16139
16065
15991
15916
15840
15763
15685
15606
15525
15444
15361
15278
15193
15107
15019
14931
14841
14750
14658
14564
14469
14373
14275
14176
14075
13973
13870
13765
13658
13550
13441
13329
13217
13102
12986
12868
12748
12627
12504
12379
12252
12124
11993
11861
11727
11591
11452
11312
11170
11026
10880
10731
10581
10429
10274
10117
9958
9797
9634
9468
9301
9131
8959
8784
8608
8429
8248
8064
7879
7691
7501
7309
7115
6918
6720
6519
6316
6111
5904
5695
5484
5272
5057
4841
4622
4402
4181
3958
3733
3507
3280
3051
2821
2590
2358
2125
1891
1656
1421
1185
949
712
475
237
0
241
482
722
963
1203
1442
1681
1919
2156
2392
2628
2862
3095
3327
3557
3786
4014
4240
4464
4687
4908
5127
5344
5559
5772
5983
6193
6400
6605
6807
7008
7206
7403
7596
7788
7977
8164
8349
8532
8712
8890
9065
9238
9409
9578
9745
9909
10071
10230
10388
10543
10696
10847
10996
11143
11287
11430
11570
11709
11845
11980
12112
12243
12372
12498
12623
12747
12868
12988
13105
13222
13336
13449
13560
13669
13777
13884
13988
14092
14193
14294
14393
14490
14586
14681
14774
14866
14957
15047
15135
15222
15307
15392
15475
15557
15639
15718
15797
15875
15952
16027
16102
16176
16248
16320
16391
16461
16529
16597
16664
16731
16796
16860
16924
16987
17049
17110
17171
17230
17289
17347
17405
17462
17518
17573
17628
17682
17682
17682
17628
17573
17518
17462
17405
17347
17289
17230
17171
17110
17049
16987
16924
16860
16796
16731
16664
16597
16529
16461
16391
16320
16248
16176
16102
16027
15952
15875
15797
15718
15639
15557
15475
15392
15307
15222
15135
15047
14957
14866
14774
14681
14586
14490
14393
14294
14193
14092
13988
13884
13777
13669
13560
13449
13336
13222
13105
12988
12868
12747
12623
12498
12372
12243
12112
11980
11845
11709
11570
11430
11287
11143
10996
10847
10696
10543
10388
10230
10071
9909
9745
9578
9409
9238
9065
8890
8712
8532
8349
8164
7977
7788
7596
7403
7206
7008
6807
6605
6400
6193
5983
5772
5559
5344
5127
4908
4687
4464
4240
4014
3786
3557
3327
3095
2862
2628
2392
2156
1919
1681
1442
1203
963
722
482
241
0
245
489
733
977
1220
1463
1706
1947
2188
2427
2666
2904
3140
3375
3609
3841
4071
4300
4527
4753
4976
5198
5418
5636
5851
6065
6276
6486
6693
6898
7100
7300
7498
7694
7887
8078
8267
8453
8637
8818
8997
9174
9348
9520
9690
9857
10023
10185
10346
10504
10660
10814
10965
11114
11262
11407
11550
11690
11829
11966
12101
12233
12364
12493
12620
12745
12868
12989
13109
13227
13343
13457
13570
13681
13790
13898
14004
14109
14212
14313
14413
14512
14609
14705
14799
14892
14984
15074
15163
15251
15338
15423
15507
15590
15672
15753
15832
15911
15988
16064
16140
16214
16287
16359
16430
16501
16570
16638
16706
16773
16838
16903
16967
17030
17093
17154
17215
17275
17334
17393
17451
17508
17564
17620
17674
17729
17782
17782
17782
17729
17674
17620
17564
17508
17451
17393
17334
17275
17215
17154
17093
17030
16967
16903
16838
16773
16706
16638
16570
16501
16430
16359
16287
16214
16140
16064
15988
15911
15832
15753
15672
15590
15507
15423
15338
15251
15163
15074
14984
14892
14799
14705
14609
14512
14413
14313
14212
14109
14004
13898
13790
13681
13570
13457
13343
13227
13109
12989
12868
12745
12620
12493
12364
12233
12101
11966
11829
11690
11550
11407
11262
11114
10965
10814
10660
10504
10346
10185
10023
9857
9690
9520
9348
9174
8997
8818
8637
8453
8267
8078
7887
7694
7498
7300
7100
6898
6693
6486
6276
6065
5851
5636
5418
5198
4976
4753
4527
4300
4071
3841
3609
3375
3140
2904
2666
2427
2188
1947
1706
1463
1220
977
733
489
245
0
248
496
744
992
1239
1485
1731
1976
2220
2464
2706
2947
3186
3425
3661
3897
4130
4362
4592
4821
5047
5272
5494
5714
5932
6148
6362
6574
6783
6990
7194
7397
7596
7794
7989
8181
8371
8559
8744
8927
9107
9285
9461
9634
9804
9973
10139
10302
10463
10622
10779
10933
11085
11235
11383
11528
11671
11812
11951
12088
12223
12356
12487
12616
12743
12868
12991
13112
13232
13350
13466
13580
13692
13803
13912
14020
14126
14230
14333
14434
14534
14632
14729
14825
14919
15011
15103
15193
15282
15369
15455
15540
15624
15706
15788
15868
15947
16025
16102
16178
16253
16327
16399
16471
16542
16612
16681
16748
16816
16882
16947
17011
17075
17138
17200
17261
17321
17381
17439
17497
17555
17611
17667
17722
17777
17830
17884
17884
17884
17830
17777
17722
17667
17611
17555
17497
17439
17381
17321
17261
17200
17138
17075
17011
16947
16882
16816
16748
16681
16612
16542
16471
16399
16327
16253
16178
16102
16025
15947
15868
15788
15706
15624
15540
15455
15369
15282
15193
15103
15011
14919
14825
14729
14632
14534
14434
14333
14230
14126
14020
13912
13803
13692
13580
13466
13350
13232
13112
12991
12868
12743
12616
12487
12356
12223
12088
11951
11812
11671
11528
11383
11235
11085
10933
10779
10622
10463
10302
10139
9973
9804
9634
9461
9285
9107
8927
8744
8559
8371
8181
7989
7794
7596
7397
7194
6990
6783
6574
6362
6148
5932
5714
5494
5272
5047
4821
4592
4362
4130
3897
3661
3425
3186
2947
2706
2464
2220
1976
1731
1485
1239
992
744
496
248
0
252
504
756
1007
1258
1508
1758
2006
2254
2501
2747
2991
3234
3476
3716
3954
4191
4426
4659
4891
5120
5347
5572
5795
6016
6234
6450
6664
6876
7085
7291
7495
7697
7896
8093
8287
8479
8668
8854
9038
9220
9399
9576
9750
9921
10090
10257
10421
10583
10743
10900
11055
11208
11358
11506
11652
11795
11937
12076
12213
12348
12481
12612
12741
12868
12993
13116
13237
13357
13475
13590
13704
13817
13927
14036
14144
14249
14353
14456
14557
14656
14754
14851
14946
15040
15132
15223
15313
15401
15488
15574
15658
15742
15824
15905
15985
16063
16141
16217
16293
16367
16440
16513
16584
16654
16724
16792
16859
16926
16992
17056
17120
17183
17246
17307
17368
17428
17487
17545
17603
17659
17715
17771
17825
17879
17933
17985
17985
17985
17933
17879
17825
17771
17715
17659
17603
17545
17487
17428
17368
17307
17246
17183
17120
17056
16992
16926
16859
16792
16724
16654
16584
16513
16440
16367
16293
16217
16141
16063
15985
15905
15824
15742
15658
15574
15488
15401
15313
15223
15132
15040
14946
14851
14754
14656
14557
14456
14353
14249
14144
14036
13927
13817
13704
13590
13475
13357
13237
13116
12993
12868
12741
12612
12481
12348
12213
12076
11937
11795
11652
11506
11358
11208
11055
10900
10743
10583
10421
10257
10090
9921
9750
9576
9399
9220
9038
8854
8668
8479
8287
8093
7896
7697
7495
7291
7085
6876
6664
6450
6234
6016
5795
5572
5347
5120
4891
4659
4426
4191
3954
3716
3476
3234
2991
2747
2501
2254
2006
1758
1508
1258
1007
756
504
252
0
256
512
767
1023
1277
1532
1785
2037
2289
2539
2789
3037
3283
3528
3772
4014
4254
4492
4728
4962
5195
5425
5653
5878
6101
6322
6541
6757
6971
7182
7390
7596
7800
8001
8199
8395
8588
8779
8967
9152
9335
9515
9693
9868
10040
10210
10378
10543
10706
10866
11024
11179
11332
11483
11631
11777
11921
12063
12202
12340
12475
12608
12739
12868
12995
13120
13243
13364
13484
13601
13717
13831
13943
14053
14162
14269
14374
14478
14580
14681
14780
14878
14974
15069
15162
15254
15345
15434
15522
15608
15694
15778
15861
15942
16023
16102
16180
16257
16333
16408
16482
16555
16627
16698
16767
16836
16904
16971
17037
17102
17167
17230
17293
17355
17416
17476
17535
17594
17651
17708
17765
17820
17875
17929
17983
18036
18088
18088
18088
18036
17983
17929
17875
17820
17765
17708
17651
17594
17535
17476
17416
17355
17293
17230
17167
17102
17037
16971
16904
16836
16767
16698
16627
16555
16482
16408
16333
16257
16180
16102
16023
15942
15861
15778
15694
15608
15522
15434
15345
15254
15162
15069
14974
14878
14780
14681
14580
14478
14374
14269
14162
14053
13943
13831
13717
13601
13484
13364
13243
13120
12995
12868
12739
12608
12475
12340
12202
12063
11921
11777
11631
11483
11332
11179
11024
10866
10706
10543
10378
10210
10040
9868
9693
9515
9335
9152
8967
8779
8588
8395
8199
8001
7800
7596
7390
7182
6971
6757
6541
6322
6101
5878
5653
5425
5195
4962
4728
4492
4254
4014
3772
3528
3283
3037
2789
2539
2289
2037
1785
1532
1277
1023
767
512
256
0
260
520
780
1039
1298
1556
1813
2069
2325
2579
2832
3084
3334
3583
3830
4075
4318
4560
4799
5036
5272
5504
5735
5963
6189
6413
6634
6852
7068
7281
7492
7700
7905
8108
8308
8506
8700
8892
9082
9268
9452
9634
9813
9989
10162
10333
10501
10667
10831
10991
11150
11306
11459
11610
11759
11905
12049
12191
12331
12468
12604
12737
12868
12997
13124
13249
13372
13493
13612
13729
13845
13959
14071
14181
14289
14396
14501
14604
14706
14807
14905
15003
15098
15193
15286
15377
15467
15556
15644
15730
15815
15898
15981
16062
16142
16221
16299
16375
16451
16525
16598
16671
16742
16812
16882
16950
17017
17084
17150
17214
17278
17341
17403
17464
17525
17584
17643
17701
17759
17815
17871
17926
17980
18034
18087
18140
18191
18191
18191
18140
18087
18034
17980
17926
17871
17815
17759
17701
17643
17584
17525
17464
17403
17341
17278
17214
17150
17084
17017
16950
16882
16812
16742
16671
16598
16525
16451
16375
16299
16221
16142
16062
15981
15898
15815
15730
15644
15556
15467
15377
15286
15193
15098
15003
14905
14807
14706
14604
14501
14396
14289
14181
14071
13959
13845
13729
13612
13493
13372
13249
13124
12997
12868
12737
12604
12468
12331
12191
12049
11905
11759
11610
11459
11306
11150
10991
10831
10667
10501
10333
10162
9989
9813
9634
9452
9268
9082
8892
8700
8506
8308
8108
7905
7700
7492
7281
7068
6852
6634
6413
6189
5963
5735
5504
5272
5036
4799
4560
4318
4075
3830
3583
3334
3084
2832
2579
2325
2069
1813
1556
1298
1039
780
520
260
0
264
528
792
1056
1318
1581
1842
2102
2362
2620
2877
3132
3386
3639
3889
4138
4385
4629
4872
5112
5351
5587
5820
6051
6280
6506
6729
6950
7168
7384
7596
7806
8014
8218
8420
8619
8815
9009
9200
9387
9573
9755
9935
10112
10286
10458
10627
10794
10958
11119
11278
11434
11588
11740
11889
12036
12180
12322
12462
12599
12735
12868
12999
13128
13255
13380
13503
13624
13743
13860
13975
14088
14200
14310
14418
14524
14629
14732
14834
14934
15032
15129
15224
15318
15411
15502
15592
15680
15767
15853
15937
16020
16102
16183
16262
16341
16418
16494
16569
16643
16716
16788
16858
16928
16997
17065
17132
17198
17263
17327
17390
17452
17514
17575
17635
17694
17752
17810
17866
17923
17978
18032
18086
18140
18192
18244
18295
18295
18295
18244
18192
18140
18086
18032
17978
17923
17866
17810
17752
17694
17635
17575
17514
17452
17390
17327
17263
17198
17132
17065
16997
16928
16858
16788
16716
16643
16569
16494
16418
16341
16262
16183
16102
16020
15937
15853
15767
15680
15592
15502
15411
15318
15224
15129
15032
14934
14834
14732
14629
14524
14418
14310
14200
14088
13975
13860
13743
13624
13503
13380
13255
13128
12999
12868
12735
12599
12462
12322
12180
12036
11889
11740
11588
11434
11278
11119
10958
10794
10627
10458
10286
10112
9935
9755
9573
9387
9200
9009
8815
8619
8420
8218
8014
7806
7596
7384
7168
6950
6729
6506
6280
6051
5820
5587
5351
5112
4872
4629
4385
4138
3889
3639
3386
3132
2877
2620
2362
2102
1842
1581
1318
1056
792
528
264
0
269
537
805
1073
1340
1606
1872
2137
2400
2662
2923
3182
3440
3696
3950
4203
4453
4701
4947
5191
5432
5671
5908
6141
6373
6601
6827
7050
7271
7489
7703
7916
8125
8331
8535
8735
8933
9128
9320
9509
9696
9879
10060
10238
10413
10586
10756
10923
11088
11250
11409
11566
11720
11872
12021
12168
12313
12455
12595
12733
12868
13001
13132
13261
13388
13513
13635
13756
13875
13992
14107
14220
14331
14441
14549
14655
14759
14862
14963
15063
15160
15257
15352
15445
15537
15628
15717
15805
15892
15977
16061
16143
16225
16305
16384
16462
16538
16614
16688
16762
16834
16905
16976
17045
17113
17180
17247
17312
17377
17440
17503
17565
17626
17686
17745
17804
17862
17919
17975
18031
18085
18140
18193
18246
18298
18349
18400
18400
18400
18349
18298
18246
18193
18140
18085
18031
17975
17919
17862
17804
17745
17686
17626
17565
17503
17440
17377
17312
17247
17180
17113
17045
16976
16905
16834
16762
16688
16614
16538
16462
16384
16305
16225
16143
16061
15977
15892
15805
15717
15628
15537
15445
15352
15257
15160
15063
14963
14862
14759
14655
14549
14441
14331
14220
14107
13992
13875
13756
13635
13513
13388
13261
13132
13001
12868
12733
12595
12455
12313
12168
12021
11872
11720
11566
11409
11250
11088
10923
10756
10586
10413
10238
10060
9879
9696
9509
9320
9128
8933
8735
8535
8331
8125
7916
7703
7489
7271
7050
6827
6601
6373
6141
5908
5671
5432
5191
4947
4701
4453
4203
3950
3696
3440
3182
2923
2662
2400
2137
1872
1606
1340
1073
805
537
269
0
273
546
819
1091
1362
1633
1903
2172
2439
2706
2971
3234
3496
3756
4014
4270
4524
4775
5025
5272
5516
5758
5997
6234
6468
6700
6928
7154
7376
7596
7813
8027
8239
8447
8652
8854
9054
9250
9443
9634
9821
10006
10188
10367
10543
10716
10887
11055
11220
11383
11542
11700
11854
12006
12156
12303
12448
12590
12730
12868
13003
13137
13267
13396
13523
13648
13770
13891
14009
14126
14240
14353
14464
14574
14681
14787
14891
14993
15094
15193
15290
15386
15481
15574
15665
15755
15844
15931
16017
16102
16185
16268
16348
16428
16507
16584
16660
16735
16809
16882
16953
17024
17094
17163
17230
17297
17363
17428
17492
17555
17617
17678
17739
17798
17857
17915
17972
18029
18085
18140
18194
18247
18300
18352
18404
18455
18505
18505
18505
18455
18404
18352
18300
18247
18194
18140
18085
18029
17972
17915
17857
17798
17739
17678
17617
17555
17492
17428
17363
17297
17230
17163
17094
17024
16953
16882
16809
16735
16660
16584
16507
16428
16348
16268
16185
16102
16017
15931
15844
15755
15665
15574
15481
15386
15290
15193
15094
14993
14891
14787
14681
14574
14464
14353
14240
14126
14009
13891
13770
13648
13523
13396
13267
13137
13003
12868
12730
12590
12448
12303
12156
12006
11854
11700
11542
11383
11220
11055
10887
10716
10543
10367
10188
10006
9821
9634
9443
9250
9054
8854
8652
8447
8239
8027
7813
7596
7376
7154
6928
6700
6468
6234
5997
5758
5516
5272
5025
4775
4524
4270
4014
3756
3496
3234
2971
2706
2439
2172
1903
1633
1362
1091
819
546
273
0
278
555
832
1109
1385
1660
1935
2208
2480
2751
3020
3287
3553
3817
4079
4339
4596
4852
5104
5355
5603
5848
6090
6330
6567
6801
7032
7260
7485
7707
7926
8142
8355
8565
8772
8976
9177
9375
9570
9761
9950
10136
10319
10499
10676
10850
11021
11190
11355
11518
11678
11836
11991
12143
12293
12441
12586
12728
12868
13006
13141
13274
13405
13534
13660
13785
13907
14027
14145
14262
14376
14489
14599
14708
14815
14920
15024
15126
15226
15325
15422
15517
15611
15704
15795
15884
15972
16059
16145
16229
16312
16393
16473
16553
16630
16707
16783
16857
16930
17003
17074
17144
17213
17281
17348
17415
17480
17544
17607
17670
17731
17792
17852
17911
17969
18027
18084
18140
18195
18249
18303
18356
18408
18460
18511
18561
18611
18611
18611
18561
18511
18460
18408
18356
18303
18249
18195
18140
18084
18027
17969
17911
17852
17792
17731
17670
17607
17544
17480
17415
17348
17281
17213
17144
17074
17003
16930
16857
16783
16707
16630
16553
16473
16393
16312
16229
16145
16059
15972
15884
15795
15704
15611
15517
15422
15325
15226
15126
15024
14920
14815
14708
14599
14489
14376
14262
14145
14027
13907
13785
13660
13534
13405
13274
13141
13006
12868
12728
12586
12441
12293
12143
11991
11836
11678
11518
11355
11190
11021
10850
10676
10499
10319
10136
9950
9761
9570
9375
9177
8976
8772
8565
8355
8142
7926
7707
7485
7260
7032
6801
6567
6330
6090
5848
5603
5355
5104
4852
4596
4339
4079
3817
3553
3287
3020
2751
2480
2208
1935
1660
1385
1109
832
555
278
0
282
565
847
1128
1409
1689
1968
2246
2522
2797
3071
3343
3613
3881
4146
4410
4671
4930
5187
5440
5692
5940
6185
6428
6668
6905
7138
7369
7596
7821
8042
8260
8475
8687
8896
9101
9304
9503
9699
9892
10082
10269
10452
10633
10811
10986
11158
11327
11493
11657
11817
11975
12130
12283
12433
12581
12725
12868
13008
13146
13281
13414
13545
13673
13799
13924
14046
14166
14284
14399
14514
14626
14736
14844
14951
15056
15159
15260
15360
15458
15555
15650
15743
15835
15925
16014
16102
16188
16273
16357
16439
16520
16600
16678
16755
16832
16907
16980
17053
17125
17195
17265
17333
17401
17467
17533
17598
17661
17724
17786
17847
17907
17966
18025
18083
18140
18196
18251
18306
18359
18413
18465
18517
18568
18618
18668
18717
18717
18717
18668
18618
18568
18517
18465
18413
18359
18306
18251
18196
18140
18083
18025
17966
17907
17847
17786
17724
17661
17598
17533
17467
17401
17333
17265
17195
17125
17053
16980
16907
16832
16755
16678
16600
16520
16439
16357
16273
16188
16102
16014
15925
15835
15743
15650
15555
15458
15360
15260
15159
15056
14951
14844
14736
14626
14514
14399
14284
14166
14046
13924
13799
13673
13545
13414
13281
13146
13008
12868
12725
12581
12433
12283
12130
11975
11817
11657
11493
11327
11158
10986
10811
10633
10452
10269
10082
9892
9699
9503
9304
9101
8896
8687
8475
8260
8042
7821
7596
7369
7138
6905
6668
6428
6185
5940
5692
5440
5187
4930
4671
4410
4146
3881
3613
3343
3071
2797
2522
2246
1968
1689
1409
1128
847
565
282
0
287
575
862
1148
1434
1718
2002
2285
2566
2845
3123
3400
3674
3946
4216
4484
4749
5012
5272
5529
5783
6035
6284
6529
6772
7012
7248
7481
7711
7938
8161
8381
8598
8812
9022
9229
9433
9634
9831
10025
10216
10404
10589
10771
10949
11125
11297
11467
11634
11798
11959
12117
12272
12425
12575
12723
12868
13010
13150
13288
13423
13556
13686
13815
13941
14065
14186
14306
14424
14539
14653
14765
14874
14982
15088
15193
15295
15396
15496
15593
15689
15784
15876
15968
16058
16146
16233
16319
16403
16486
16568
16648
16727
16805
16882
16957
17032
17105
17177
17248
17318
17387
17455
17522
17587
17652
17716
17779
17842
17903
17963
18023
18082
18140
18197
18253
18308
18363
18417
18470
18523
18575
18626
18677
18726
18775
18824
18824
18824
18775
18726
18677
18626
18575
18523
18470
18417
18363
18308
18253
18197
18140
18082
18023
17963
17903
17842
17779
17716
17652
17587
17522
17455
17387
17318
17248
17177
17105
17032
16957
16882
16805
16727
16648
16568
16486
16403
16319
16233
16146
16058
15968
15876
15784
15689
15593
15496
15396
15295
15193
15088
14982
14874
14765
14653
14539
14424
14306
14186
14065
13941
13815
13686
13556
13423
13288
13150
13010
12868
12723
12575
12425
12272
12117
11959
11798
11634
11467
11297
11125
10949
10771
10589
10404
10216
10025
9831
9634
9433
9229
9022
8812
8598
8381
8161
7938
7711
7481
7248
7012
6772
6529
6284
6035
5783
5529
5272
5012
4749
4484
4216
3946
3674
3400
3123
2845
2566
2285
2002
1718
1434
1148
862
575
287
0
293
585
877
1168
1459
1749
2037
2325
2611
2895
3178
3459
3737
4014
4288
4560
4829
5095
5359
5620
5878
6133
6385
6634
6879
7122
7361
7596
7829
8058
8283
8506
8725
8940
9152
9361
9566
9768
9967
10162
10354
10543
10729
10911
11091
11267
11440
11610
11777
11942
12103
12261
12417
12570
12720
12868
13013
13155
13295
13433
13568
13700
13831
13959
14084
14208
14329
14449
14566
14681
14794
14905
15015
15122
15228
15332
15434
15534
15633
15730
15825
15919
16011
16102
16191
16279
16366
16451
16534
16617
16698
16777
16856
16933
17009
17084
17158
17230
17302
17372
17441
17510
17577
17643
17708
17773
17836
17899
17960
18021
18081
18140
18198
18255
18311
18367
18422
18476
18530
18582
18634
18685
18736
18786
18835
18884
18932
18932
18932
18884
18835
18786
18736
18685
18634
18582
18530
18476
18422
18367
18311
18255
18198
18140
18081
18021
17960
17899
17836
17773
17708
17643
17577
17510
17441
17372
17302
17230
17158
17084
17009
16933
16856
16777
16698
16617
16534
16451
16366
16279
16191
16102
16011
15919
15825
15730
15633
15534
15434
15332
15228
15122
15015
14905
14794
14681
14566
14449
14329
14208
14084
13959
13831
13700
13568
13433
13295
13155
13013
12868
12720
12570
12417
12261
12103
11942
11777
11610
11440
11267
11091
10911
10729
10543
10354
10162
9967
9768
9566
9361
9152
8940
8725
8506
8283
8058
7829
7596
7361
7122
6879
6634
6385
6133
5878
5620
5359
5095
4829
4560
4288
4014
3737
3459
3178
2895
2611
2325
2037
1749
1459
1168
877
585
293
0
298
596
893
1189
1485
1780
2074
2367
2657
2947
3234
3520
3803
4084
4362
4638
4912
5182
5450
5714
5976
6234
6489
6741
6990
7235
7477
7715
7950
8181
8409
8633
8854
9072
9285
9496
9702
9906
10106
10302
10495
10685
10872
11055
11235
11412
11586
11756
11924
12088
12250
12409
12565
12718
12868
13016
13161
13303
13443
13580
13715
13847
13977
14105
14230
14353
14474
14593
14710
14825
14937
15048
15157
15264
15369
15472
15574
15674
15772
15868
15963
16056
16148
16238
16327
16414
16499
16584
16667
16748
16829
16908
16986
17062
17138
17212
17285
17357
17428
17497
17566
17634
17700
17766
17830
17894
17957
18019
18080
18140
18199
18257
18314
18371
18427
18482
18536
18590
18643
18695
18746
18797
18847
18896
18945
18993
19040
19040
19040
18993
18945
18896
18847
18797
18746
18695
18643
18590
18536
18482
18427
18371
18314
18257
18199
18140
18080
18019
17957
17894
17830
17766
17700
17634
17566
17497
17428
17357
17285
17212
17138
17062
16986
16908
16829
16748
16667
16584
16499
16414
16327
16238
16148
16056
15963
15868
15772
15674
15574
15472
15369
15264
15157
15048
14937
14825
14710
14593
14474
14353
14230
14105
13977
13847
13715
13580
13443
13303
13161
13016
12868
12718
12565
12409
12250
12088
11924
11756
11586
11412
11235
11055
10872
10685
10495
10302
10106
9906
9702
9496
9285
9072
8854
8633
8409
8181
7950
7715
7477
7235
6990
6741
6489
6234
5976
5714
5450
5182
4912
4638
4362
4084
3803
3520
3234
2947
2657
2367
2074
1780
1485
1189
893
596
298
0
303
607
909
1211
1513
1813
2112
2410
2706
3000
3292
3583
3871
4156
4439
4720
4997
5272
5543
5811
6077
6339
6597
6852
7104
7352
7596
7837
8075
8308
8538
8765
8987
9207
9422
9634
9842
10047
10248
10446
10640
10831
11018
11202
11383
11560
11734
11905
12073
12238
12400
12559
12715
12868
13018
13166
13311
13453
13592
13729
13864
13996
14126
14253
14378
14501
14622
14740
14856
14970
15083
15193
15301
15407
15512
15615
15716
15815
15912
16008
16102
16195
16286
16375
16463
16550
16635
16718
16801
16882
16961
17040
17117
17193
17267
17341
17413
17485
17555
17624
17692
17759
17824
17889
17953
18016
18078
18140
18200
18259
18318
18375
18432
18488
18543
18598
18651
18704
18756
18808
18859
18909
18958
19007
19055
19102
19149
19149
19149
19102
19055
19007
18958
18909
18859
18808
18756
18704
18651
18598
18543
18488
18432
18375
18318
18259
18200
18140
18078
18016
17953
17889
17824
17759
17692
17624
17555
17485
17413
17341
17267
17193
17117
17040
16961
16882
16801
16718
16635
16550
16463
16375
16286
16195
16102
16008
15912
15815
15716
15615
15512
15407
15301
15193
15083
14970
14856
14740
14622
14501
14378
14253
14126
13996
13864
13729
13592
13453
13311
13166
13018
12868
12715
12559
12400
12238
12073
11905
11734
11560
11383
11202
11018
10831
10640
10446
10248
10047
9842
9634
9422
9207
8987
8765
8538
8308
8075
7837
7596
7352
7104
6852
6597
6339
6077
5811
5543
5272
4997
4720
4439
4156
3871
3583
3292
3000
2706
2410
2112
1813
1513
1211
909
607
303
0
309
618
926
1234
1541
1847
2151
2455
2756
3055
3353
3648
3941
4231
4519
4804
5085
5364
5640
5912
6181
6446
6708
6967
7221
7472
7720
7963
8203
8439
8671
8900
9124
9345
9562
9776
9985
10191
10394
10592
10788
10979
11167
11352
11533
11711
11886
12058
12226
12391
12553
12712
12868
13021
13171
13319
13463
13605
13745
13882
14016
14148
14277
14404
14528
14651
14771
14889
15004
15118
15230
15339
15447
15553
15657
15759
15859
15958
16054
16149
16243
16335
16425
16514
16601
16687
16771
16854
16936
17016
17095
17173
17249
17324
17398
17471
17543
17613
17683
17751
17818
17885
17950
18014
18077
18140
18201
18261
18321
18380
18437
18494
18551
18606
18660
18714
18767
18819
18871
18922
18972
19021
19070
19118
19166
19212
19259
19259
19259
19212
19166
19118
19070
19021
18972
18922
18871
18819
18767
18714
18660
18606
18551
18494
18437
18380
18321
18261
18201
18140
18077
18014
17950
17885
17818
17751
17683
17613
17543
17471
17398
17324
17249
17173
17095
17016
16936
16854
16771
16687
16601
16514
16425
16335
16243
16149
16054
15958
15859
15759
15657
15553
15447
15339
15230
15118
15004
14889
14771
14651
14528
14404
14277
14148
14016
13882
13745
13605
13463
13319
13171
13021
12868
12712
12553
12391
12226
12058
11886
11711
11533
11352
11167
10979
10788
10592
10394
10191
9985
9776
9562
9345
9124
8900
8671
8439
8203
7963
7720
7472
7221
6967
6708
6446
6181
5912
5640
5364
5085
4804
4519
4231
3941
3648
3353
3055
2756
2455
2151
1847
1541
1234
926
618
309
0
315
630
944
1258
1571
1882
2192
2501
2808
3113
3415
3716
4014
4309
4601
4891
5177
5460
5740
6016
6288
6558
6823
7085
7342
7596
7847
8093
8335
8573
8808
9038
9265
9488
9706
9921
10132
10340
10543
10743
10939
11132
11320
11506
11688
11866
12041
12213
12381
12547
12709
12868
13024
13177
13327
13475
13619
13761
13900
14036
14170
14301
14430
14557
14681
14803
14922
15040
15155
15268
15379
15488
15595
15700
15803
15905
16004
16102
16198
16293
16385
16477
16566
16654
16741
16826
16909
16992
17073
17152
17230
17307
17383
17457
17530
17603
17673
17743
17812
17879
17946
18012
18076
18140
18202
18264
18324
18384
18443
18501
18558
18614
18670
18724
18778
18831
18884
18935
18986
19036
19086
19135
19183
19230
19277
19323
19369
19369
19369
19323
19277
19230
19183
19135
19086
19036
18986
18935
18884
18831
18778
18724
18670
18614
18558
18501
18443
18384
18324
18264
18202
18140
18076
18012
17946
17879
17812
17743
17673
17603
17530
17457
17383
17307
17230
17152
17073
16992
16909
16826
16741
16654
16566
16477
16385
16293
16198
16102
16004
15905
15803
15700
15595
15488
15379
15268
15155
15040
14922
14803
14681
14557
14430
14301
14170
14036
13900
13761
13619
13475
13327
13177
13024
12868
12709
12547
12381
12213
12041
11866
11688
11506
11320
11132
10939
10743
10543
10340
10132
9921
9706
9488
9265
9038
8808
8573
8335
8093
7847
7596
7342
7085
6823
6558
6288
6016
5740
5460
5177
4891
4601
4309
4014
3716
3415
3113
2808
2501
2192
1882
1571
1258
944
630
315
0
321
642
963
1282
1601
1919
2235
2549
2862
3172
3480
3786
4089
4389
4687
4981
5272
5559
5843
6123
6400
6672
6941
7206
7467
7724
7977
8226
8471
8712
8948
9181
9409
9634
9854
10071
10283
10492
10696
10897
11094
11287
11477
11663
11845
12024
12200
12372
12540
12706
12868
13027
13183
13336
13486
13633
13777
13919
14057
14193
14327
14458
14586
14712
14836
14957
15076
15193
15307
15420
15530
15639
15745
15849
15952
16052
16151
16248
16344
16437
16529
16620
16709
16796
16882
16966
17049
17130
17210
17289
17367
17443
17518
17591
17664
17735
17805
17874
17942
18009
18075
18140
18203
18266
18328
18389
18449
18508
18566
18623
18679
18735
18790
18844
18897
18949
19001
19052
19102
19152
19200
19249
19296
19343
19389
19435
19479
19479
19479
19435
19389
19343
19296
19249
19200
19152
19102
19052
19001
18949
18897
18844
18790
18735
18679
18623
18566
18508
18449
18389
18328
18266
18203
18140
18075
18009
17942
17874
17805
17735
17664
17591
17518
17443
17367
17289
17210
17130
17049
16966
16882
16796
16709
16620
16529
16437
16344
16248
16151
16052
15952
15849
15745
15639
15530
15420
15307
15193
15076
14957
14836
14712
14586
14458
14327
14193
14057
13919
13777
13633
13486
13336
13183
13027
12868
12706
12540
12372
12200
12024
11845
11663
11477
11287
11094
10897
10696
10492
10283
10071
9854
9634
9409
9181
8948
8712
8471
8226
7977
7724
7467
7206
6941
6672
6400
6123
5843
5559
5272
4981
4687
4389
4089
3786
3480
3172
2862
2549
2235
1919
1601
1282
963
642
321
0
328
655
982
1308
1633
1957
2279
2599
2918
3234
3548
3859
4168
4473
4775
5074
5370
5662
5950
6234
6515
6791
7064
7332
7596
7856
8112
8364
8611
8854
9093
9328
9558
9784
10006
10224
10438
10647
10853
11055
11253
11447
11637
11824
12006
12186
12361
12534
12702
12868
13030
13189
13345
13498
13648
13794
13938
14079
14218
14353
14486
14617
14745
14870
14993
15114
15232
15348
15462
15574
15683
15791
15897
16000
16102
16202
16300
16396
16491
16584
16675
16765
16853
16939
17024
17108
17190
17270
17350
17428
17504
17580
17654
17727
17798
17869
17938
18006
18073
18140
18205
18269
18332
18394
18455
18515
18574
18632
18690
18746
18802
18857
18911
18964
19016
19068
19119
19169
19219
19268
19316
19363
19410
19456
19502
19547
19591
19591
19591
19547
19502
19456
19410
19363
19316
19268
19219
19169
19119
19068
19016
18964
18911
18857
18802
18746
18690
18632
18574
18515
18455
18394
18332
18269
18205
18140
18073
18006
17938
17869
17798
17727
17654
17580
17504
17428
17350
17270
17190
17108
17024
16939
16853
16765
16675
16584
16491
16396
16300
16202
16102
16000
15897
15791
15683
15574
15462
15348
15232
15114
14993
14870
14745
14617
14486
14353
14218
14079
13938
13794
13648
13498
13345
13189
13030
12868
12702
12534
12361
12186
12006
11824
11637
11447
11253
11055
10853
10647
10438
10224
10006
9784
9558
9328
9093
8854
8611
8364
8112
7856
7596
7332
7064
6791
6515
6234
5950
5662
5370
5074
4775
4473
4168
3859
3548
3234
2918
2599
2279
1957
1633
1308
982
655
328
0
334
668
1002
1335
1666
1996
2325
2652
2976
3298
3618
3935
4249
4560
4867
5171
5471
5768
6061
6349
6634
6914
7190
7462
7730
7993
8251
8506
8756
9001
9242
9479
9711
9939
10162
10381
10596
10807
11014
11217
11415
11610
11801
11988
12171
12351
12527
12699
12868
13033
13196
13354
13510
13663
13812
13959
14102
14243
14381
14516
14648
14778
14905
15030
15153
15273
15390
15506
15619
15730
15839
15946
16050
16153
16254
16353
16451
16546
16640
16732
16822
16911
16998
17084
17168
17251
17332
17412
17490
17567
17643
17718
17791
17863
17934
18004
18072
18140
18206
18271
18335
18399
18461
18522
18582
18642
18700
18757
18814
18870
18925
18979
19032
19085
19137
19188
19238
19287
19336
19384
19432
19479
19525
19570
19615
19659
19703
19703
19703
19659
19615
19570
19525
19479
19432
19384
19336
19287
19238
19188
19137
19085
19032
18979
18925
18870
18814
18757
18700
18642
18582
18522
18461
18399
18335
18271
18206
18140
18072
18004
17934
17863
17791
17718
17643
17567
17490
17412
17332
17251
17168
17084
16998
16911
16822
16732
16640
16546
16451
16353
16254
16153
16050
15946
15839
15730
15619
15506
15390
15273
15153
15030
14905
14778
14648
14516
14381
14243
14102
13959
13812
13663
13510
13354
13196
13033
12868
12699
12527
12351
12171
11988
11801
11610
11415
11217
11014
10807
10596
10381
10162
9939
9711
9479
9242
9001
8756
8506
8251
7993
7730
7462
7190
6914
6634
6349
6061
5768
5471
5171
4867
4560
4249
3935
3618
3298
2976
2652
2325
1996
1666
1335
1002
668
334
0
341
682
1023
1362
1701
2037
2373
2706
3037
3365
3691
4014
4333
4650
4962
5272
5577
5878
6175
6468
6757
7041
7321
7596
7867
8133
8395
8652
8904
9152
9395
9634
9868
10097
10322
10543
10759
10971
11179
11383
11582
11777
11969
12156
12340
12519
12696
12868
13037
13202
13364
13523
13678
13831
13980
14126
14269
14409
14546
14681
14813
14942
15069
15193
15314
15434
15551
15665
15778
15888
15996
16102
16206
16308
16408
16507
16603
16698
16791
16882
16971
17059
17145
17230
17314
17395
17476
17555
17632
17708
17783
17857
17929
18001
18071
18140
18207
18274
18339
18404
18467
18530
18591
18651
18711
18769
18827
18884
18940
18995
19049
19102
19155
19207
19258
19308
19357
19406
19454
19502
19548
19595
19640
19685
19729
19772
19815
19815
19815
19772
19729
19685
19640
19595
19548
19502
19454
19406
19357
19308
19258
19207
19155
19102
19049
18995
18940
18884
18827
18769
18711
18651
18591
18530
18467
18404
18339
18274
18207
18140
18071
18001
17929
17857
17783
17708
17632
17555
17476
17395
17314
17230
17145
17059
16971
16882
16791
16698
16603
16507
16408
16308
16206
16102
15996
15888
15778
15665
15551
15434
15314
15193
15069
14942
14813
14681
14546
14409
14269
14126
13980
13831
13678
13523
13364
13202
13037
12868
12696
12519
12340
12156
11969
11777
11582
11383
11179
10971
10759
10543
10322
10097
9868
9634
9395
9152
8904
8652
8395
8133
7867
7596
7321
7041
6757
6468
6175
5878
5577
5272
4962
4650
4333
4014
3691
3365
3037
2706
2373
2037
1701
1362
1023
682
341
0
349
697
1044
1391
1736
2080
2422
2762
3100
3435
3767
4096
4421
4743
5062
5376
5686
5992
6294
6592
6885
7173
7456
7735
8009
8279
8543
8803
9058
9308
9553
9794
10030
10261
10487
10709
10927
11140
11348
11553
11753
11948
12140
12328
12512
12692
12868
13040
13209
13375
13536
13695
13850
14002
14150
14296
14439
14578
14715
14849
14980
15109
15234
15358
15479
15597
15713
15827
15939
16048
16155
16261
16364
16465
16564
16662
16757
16851
16943
17033
17122
17209
17294
17378
17460
17541
17621
17699
17775
17851
17925
17998
18069
18140
18209
18277
18343
18409
18474
18537
18600
18662
18722
18782
18840
18898
18955
19011
19066
19120
19174
19226
19278
19329
19379
19429
19478
19526
19573
19620
19666
19711
19756
19800
19843
19886
19929
19929
19929
19886
19843
19800
19756
19711
19666
19620
19573
19526
19478
19429
19379
19329
19278
19226
19174
19120
19066
19011
18955
18898
18840
18782
18722
18662
18600
18537
18474
18409
18343
18277
18209
18140
18069
17998
17925
17851
17775
17699
17621
17541
17460
17378
17294
17209
17122
17033
16943
16851
16757
16662
16564
16465
16364
16261
16155
16048
15939
15827
15713
15597
15479
15358
15234
15109
14980
14849
14715
14578
14439
14296
14150
14002
13850
13695
13536
13375
13209
13040
12868
12692
12512
12328
12140
11948
11753
11553
11348
11140
10927
10709
10487
10261
10030
9794
9553
9308
9058
8803
8543
8279
8009
7735
7456
7173
6885
6592
6294
5992
5686
5376
5062
4743
4421
4096
3767
3435
3100
2762
2422
2080
1736
1391
1044
697
349
0
356
712
1067
1421
1774
2125
2474
2821
3166
3507
3846
4181
4513
4841
5164
5484
5800
6111
6418
6720
7017
7309
7596
7879
8156
8429
8696
8959
9216
9468
9716
9958
10196
10429
10657
10880
11098
11312
11522
11727
11927
12124
12316
12504
12688
12868
13044
13217
13385
13550
13712
13870
14025
14176
14324
14469
14611
14750
14886
15019
15150
15278
15403
15525
15646
15763
15878
15991
16102
16211
16317
16421
16523
16624
16722
16818
16913
17006
17097
17186
17274
17360
17444
17527
17609
17689
17767
17844
17920
17995
18068
18140
18210
18280
18348
18415
18481
18546
18609
18672
18734
18795
18854
18913
18971
19028
19084
19139
19193
19247
19299
19351
19402
19452
19502
19550
19599
19646
19692
19738
19784
19828
19872
19916
19959
20001
20042
20042
20042
20001
19959
19916
19872
19828
19784
19738
19692
19646
19599
19550
19502
19452
19402
19351
19299
19247
19193
19139
19084
19028
18971
18913
18854
18795
18734
18672
18609
18546
18481
18415
18348
18280
18210
18140
18068
17995
17920
17844
17767
17689
17609
17527
17444
17360
17274
17186
17097
17006
16913
16818
16722
16624
16523
16421
16317
16211
16102
15991
15878
15763
15646
15525
15403
15278
15150
15019
14886
14750
14611
14469
14324
14176
14025
13870
13712
13550
13385
13217
13044
12868
12688
12504
12316
12124
11927
11727
11522
11312
11098
10880
10657
10429
10196
9958
9716
9468
9216
8959
8696
8429
8156
7879
7596
7309
7017
6720
6418
6111
5800
5484
5164
4841
4513
4181
3846
3507
3166
2821
2474
2125
1774
1421
1067
712
356
0
364
728
1091
1453
1813
2172
2528
2883
3234
3583
3928
4270
4608
4942
5272
5597
5918
6234
6546
6852
7154
7450
7741
8027
8308
8584
8854
9119
9379
9634
9883
10128
10367
10601
10831
11055
11275
11489
11700
11905
12106
12303
12496
12684
12868
13048
13224
13396
13565
13729
13891
14048
14202
14353
14501
14645
14787
14925
15060
15193
15322
15449
15574
15695
15815
15931
16046
16158
16268
16375
16481
16584
16685
16784
16882
16977
17071
17163
17253
17341
17428
17513
17596
17678
17759
17838
17915
17991
18066
18140
18212
18283
18352
18421
18488
18554
18619
18683
18746
18808
18869
18929
18987
19045
19102
19158
19213
19268
19321
19374
19426
19477
19527
19576
19625
19673
19720
19767
19813
19858
19902
19946
19990
20032
20074
20116
20157
20157
20157
20116
20074
20032
19990
19946
19902
19858
19813
19767
19720
19673
19625
19576
19527
19477
19426
19374
19321
19268
19213
19158
19102
19045
18987
18929
18869
18808
18746
18683
18619
18554
18488
18421
18352
18283
18212
18140
18066
17991
17915
17838
17759
17678
17596
17513
17428
17341
17253
17163
17071
16977
16882
16784
16685
16584
16481
16375
16268
16158
16046
15931
15815
15695
15574
15449
15322
15193
15060
14925
14787
14645
14501
14353
14202
14048
13891
13729
13565
13396
13224
13048
12868
12684
12496
12303
12106
11905
11700
11489
11275
11055
10831
10601
10367
10128
9883
9634
9379
9119
8854
8584
8308
8027
7741
7450
7154
6852
6546
6234
5918
5597
5272
4942
4608
4270
3928
3583
3234
2883
2528
2172
1813
1453
1091
728
364
0
372
744
1115
1485
1854
2220
2585
2947
3306
3661
4014
4362
4707
5047
5383
5714
6041
6362
6679
6990
7296
7596
7892
8181
8466
8744
9018
9285
9548
9804
10056
10302
10543
10779
11009
11235
11456
11671
11882
12088
12290
12487
12680
12868
13052
13232
13408
13580
13748
13912
14073
14230
14384
14534
14681
14825
14965
15103
15237
15369
15498
15624
15747
15868
15986
16102
16215
16327
16435
16542
16646
16748
16849
16947
17043
17138
17230
17321
17410
17497
17583
17667
17750
17830
17910
17988
18064
18140
18213
18286
18357
18427
18496
18563
18629
18695
18759
18822
18884
18945
19005
19063
19121
19178
19234
19290
19344
19397
19450
19502
19553
19603
19652
19701
19749
19796
19842
19888
19933
19978
20022
20065
20107
20149
20191
20231
20272
20272
20272
20231
20191
20149
20107
20065
20022
19978
19933
19888
19842
19796
19749
19701
19652
19603
19553
19502
19450
19397
19344
19290
19234
19178
19121
19063
19005
18945
18884
18822
18759
18695
18629
18563
18496
18427
18357
18286
18213
18140
18064
17988
17910
17830
17750
17667
17583
17497
17410
17321
17230
17138
17043
16947
16849
16748
16646
16542
16435
16327
16215
16102
15986
15868
15747
15624
15498
15369
15237
15103
14965
14825
14681
14534
14384
14230
14073
13912
13748
13580
13408
13232
13052
12868
12680
12487
12290
12088
11882
11671
11456
11235
11009
10779
10543
10302
10056
9804
9548
9285
9018
8744
8466
8181
7892
7596
7296
6990
6679
6362
6041
5714
5383
5047
4707
4362
4014
3661
3306
2947
2585
2220
1854
1485
1115
744
372
0
381
761
1141
1520
1897
2271
2644
3014
3380
3744
4103
4459
4810
5157
5499
5836
6168
6495
6817
7133
7443
7748
8047
8341
8628
8910
9186
9457
9721
9981
10234
10482
10724
10962
11193
11420
11641
11858
12069
12276
12478
12675
12868
13056
13240
13420
13596
13767
13935
14099
14259
14416
14568
14718
14864
15007
15147
15284
15417
15548
15676
15801
15923
16043
16160
16275
16387
16497
16605
16711
16814
16915
17014
17112
17207
17300
17392
17481
17569
17655
17740
17823
17904
17984
18063
18140
18215
18289
18362
18433
18504
18572
18640
18707
18772
18836
18899
18961
19022
19082
19141
19199
19256
19312
19368
19422
19475
19528
19580
19631
19681
19730
19779
19826
19873
19920
19966
20011
20055
20099
20142
20184
20226
20267
20308
20348
20387
20387
20387
20348
20308
20267
20226
20184
20142
20099
20055
20011
19966
19920
19873
19826
19779
19730
19681
19631
19580
19528
19475
19422
19368
19312
19256
19199
19141
19082
19022
18961
18899
18836
18772
18707
18640
18572
18504
18433
18362
18289
18215
18140
18063
17984
17904
17823
17740
17655
17569
17481
17392
17300
17207
17112
17014
16915
16814
16711
16605
16497
16387
16275
16160
16043
15923
15801
15676
15548
15417
15284
15147
15007
14864
14718
14568
14416
14259
14099
13935
13767
13596
13420
13240
13056
12868
12675
12478
12276
12069
11858
11641
11420
11193
10962
10724
10482
10234
9981
9721
9457
9186
8910
8628
8341
8047
7748
7443
7133
6817
6495
6168
5836
5499
5157
4810
4459
4103
3744
3380
3014
2644
2271
1897
1520
1141
761
381
0
390
780
1168
1556
1941
2325
2706
3084
3459
3830
4197
4560
4918
5272
5620
5963
6301
6634
6960
7281
7596
7905
8209
8506
8797
9082
9361
9634
9901
10162
10418
10667
10911
11150
11383
11610
11832
12049
12261
12468
12671
12868
13061
13249
13433
13612
13787
13959
14126
14289
14449
14604
14757
14905
15051
15193
15332
15467
15600
15730
15857
15981
16102
16221
16337
16451
16562
16671
16777
16882
16984
17084
17182
17278
17372
17464
17555
17643
17730
17815
17899
17980
18061
18140
18217
18293
18367
18440
18512
18582
18651
18719
18786
18851
18916
18979
19041
19102
19162
19221
19279
19336
19392
19447
19502
19555
19608
19659
19710
19760
19809
19858
19906
19953
19999
20044
20089
20133
20177
20220
20262
20304
20345
20385
20425
20464
20503
20503
20503
20464
20425
20385
20345
20304
20262
20220
20177
20133
20089
20044
19999
19953
19906
19858
19809
19760
19710
19659
19608
19555
19502
19447
19392
19336
19279
19221
19162
19102
19041
18979
18916
18851
18786
18719
18651
18582
18512
18440
18367
18293
18217
18140
18061
17980
17899
17815
17730
17643
17555
17464
17372
17278
17182
17084
16984
16882
16777
16671
16562
16451
16337
16221
16102
15981
15857
15730
15600
15467
15332
15193
15051
14905
14757
14604
14449
14289
14126
13959
13787
13612
13433
13249
13061
12868
12671
12468
12261
12049
11832
11610
11383
11150
10911
10667
10418
10162
9901
9634
9361
9082
8797
8506
8209
7905
7596
7281
6960
6634
6301
5963
5620
5272
4918
4560
4197
3830
3459
3084
2706
2325
1941
1556
1168
780
390
0
400
799
1197
1593
1988
2381
2771
3157
3540
3920
4295
4665
5031
5391
5746
6096
6440
6778
7110
7436
7755
8069
8376
8677
8971
9259
9541
9817
10086
10350
10607
10858
11104
11343
11577
11806
12028
12246
12458
12666
12868
13065
13258
13446
13629
13809
13983
14154
14321
14483
14642
14797
14948
15096
15241
15382
15520
15654
15786
15914
16040
16163
16283
16401
16516
16629
16739
16846
16952
17055
17156
17255
17352
17446
17539
17630
17720
17807
17893
17977
18059
18140
18219
18296
18372
18447
18520
18592
18663
18732
18800
18867
18933
18997
19061
19123
19184
19244
19303
19361
19418
19474
19529
19583
19637
19689
19741
19791
19841
19890
19939
19986
20033
20079
20125
20170
20214
20257
20300
20342
20383
20424
20464
20504
20543
20582
20620
20620
20620
20582
20543
20504
20464
20424
20383
20342
20300
20257
20214
20170
20125
20079
20033
19986
19939
19890
19841
19791
19741
19689
19637
19583
19529
19474
19418
19361
19303
19244
19184
19123
19061
18997
18933
18867
18800
18732
18663
18592
18520
18447
18372
18296
18219
18140
18059
17977
17893
17807
17720
17630
17539
17446
17352
17255
17156
17055
16952
16846
16739
16629
16516
16401
16283
16163
16040
15914
15786
15654
15520
15382
15241
15096
14948
14797
14642
14483
14321
14154
13983
13809
13629
13446
13258
13065
12868
12666
12458
12246
12028
11806
11577
11343
11104
10858
10607
10350
10086
9817
9541
9259
8971
8677
8376
8069
7755
7436
7110
6778
6440
6096
5746
5391
5031
4665
4295
3920
3540
3157
2771
2381
1988
1593
1197
799
400
0
410
819
1227
1633
2037
2439
2838
3234
3626
4014
4397
4775
5148
5516
5878
6234
6584
6928
7265
7596
7921
8239
8550
8854
9152
9443
9728
10006
10278
10543
10802
11055
11302
11542
11777
12006
12230
12448
12661
12868
13070
13267
13460
13648
13831
14009
14183
14353
14519
14681
14839
14993
15143
15290
15434
15574
15711
15844
15975
16102
16227
16348
16467
16584
16698
16809
16918
17024
17128
17230
17330
17428
17523
17617
17708
17798
17886
17972
18057
18140
18221
18300
18378
18455
18530
18603
18675
18746
18816
18884
18951
19016
19081
19144
19207
19268
19328
19387
19445
19502
19558
19613
19667
19720
19772
19824
19875
19924
19973
20022
20069
20116
20162
20207
20252
20295
20339
20381
20423
20464
20505
20545
20585
20623
20662
20700
20737
20737
20737
20700
20662
20623
20585
20545
20505
20464
20423
20381
20339
20295
20252
20207
20162
20116
20069
20022
19973
19924
19875
19824
19772
19720
19667
19613
19558
19502
19445
19387
19328
19268
19207
19144
19081
19016
18951
18884
18816
18746
18675
18603
18530
18455
18378
18300
18221
18140
18057
17972
17886
17798
17708
17617
17523
17428
17330
17230
17128
17024
16918
16809
16698
16584
16467
16348
16227
16102
15975
15844
15711
15574
15434
15290
15143
14993
14839
14681
14519
14353
14183
14009
13831
13648
13460
13267
13070
12868
12661
12448
12230
12006
11777
11542
11302
11055
10802
10543
10278
10006
9728
9443
9152
8854
8550
8239
7921
7596
7265
6928
6584
6234
5878
5516
5148
4775
4397
4014
3626
3234
2838
2439
2037
1633
1227
819
410
0
420
839
1258
1675
2089
2501
2910
3315
3716
4112
4504
4891
5272
5647
6016
6379
6735
7085
7428
7764
8093
8415
8730
9038
9340
9634
9921
10202
10476
10743
11004
11258
11506
11748
11983
12213
12437
12655
12868
13075
13277
13475
13667
13854
14036
14214
14388
14557
14722
14883
15040
15193
15342
15488
15630
15769
15905
16037
16166
16293
16416
16536
16654
16769
16882
16992
17099
17204
17307
17408
17506
17603
17697
17789
17879
17968
18055
18140
18223
18304
18384
18462
18539
18614
18688
18760
18831
18901
18969
19036
19102
19167
19230
19292
19354
19414
19473
19531
19587
19643
19698
19752
19806
19858
19909
19960
20009
20058
20106
20154
20200
20246
20291
20335
20379
20422
20464
20506
20547
20588
20627
20667
20705
20743
20781
20818
20854
20854
20854
20818
20781
20743
20705
20667
20627
20588
20547
20506
20464
20422
20379
20335
20291
20246
20200
20154
20106
20058
20009
19960
19909
19858
19806
19752
19698
19643
19587
19531
19473
19414
19354
19292
19230
19167
19102
19036
18969
18901
18831
18760
18688
18614
18539
18462
18384
18304
18223
18140
18055
17968
17879
17789
17697
17603
17506
17408
17307
17204
17099
16992
16882
16769
16654
16536
16416
16293
16166
16037
15905
15769
15630
15488
15342
15193
15040
14883
14722
14557
14388
14214
14036
13854
13667
13475
13277
13075
12868
12655
12437
12213
11983
11748
11506
11258
11004
10743
10476
10202
9921
9634
9340
9038
8730
8415
8093
7764
7428
7085
6735
6379
6016
5647
5272
4891
4504
4112
3716
3315
2910
2501
2089
1675
1258
839
420
0
431
862
1291
1718
2143
2566
2985
3400
3810
4216
4617
5012
5401
5783
6160
6529
6892
7248
7596
7938
8272
8598
8917
9229
9534
9831
10121
10404
10680
10949
11211
11467
11716
11959
12195
12425
12650
12868
13081
13288
13490
13686
13878
14065
14246
14424
14596
14765
14929
15088
15244
15396
15545
15689
15830
15968
16102
16233
16361
16486
16608
16727
16844
16957
17068
17177
17283
17387
17488
17587
17685
17779
17872
17963
18052
18140
18225
18308
18390
18470
18549
18626
18702
18775
18848
18919
18989
19057
19124
19190
19255
19318
19381
19442
19502
19561
19619
19675
19731
19786
19840
19893
19945
19996
20047
20096
20145
20193
20240
20286
20332
20377
20421
20464
20507
20549
20591
20632
20672
20711
20750
20789
20827
20864
20901
20937
20973
20973
20973
20937
20901
20864
20827
20789
20750
20711
20672
20632
20591
20549
20507
20464
20421
20377
20332
20286
20240
20193
20145
20096
20047
19996
19945
19893
19840
19786
19731
19675
19619
19561
19502
19442
19381
19318
19255
19190
19124
19057
18989
18919
18848
18775
18702
18626
18549
18470
18390
18308
18225
18140
18052
17963
17872
17779
17685
17587
17488
17387
17283
17177
17068
16957
16844
16727
16608
16486
16361
16233
16102
15968
15830
15689
15545
15396
15244
15088
14929
14765
14596
14424
14246
14065
13878
13686
13490
13288
13081
12868
12650
12425
12195
11959
11716
11467
11211
10949
10680
10404
10121
9831
9534
9229
8917
8598
8272
7938
7596
7248
6892
6529
6160
5783
5401
5012
4617
4216
3810
3400
2985
2566
2143
1718
1291
862
431
0
443
885
1326
1764
2201
2634
3063
3489
3909
4325
4735
5138
5536
5927
6310
6687
7056
7418
7773
8119
8458
8789
9112
9428
9736
10036
10328
10614
10892
11162
11426
11683
11933
12176
12413
12644
12868
13086
13299
13506
13707
13904
14094
14280
14461
14638
14809
14977
15139
15298
15453
15604
15751
15894
16034
16170
16303
16432
16559
16682
16803
16921
17036
17148
17257
17365
17469
17572
17672
17769
17865
17958
18050
18140
18227
18313
18397
18479
18560
18638
18716
18791
18865
18938
19009
19079
19148
19215
19281
19345
19409
19471
19532
19592
19651
19709
19765
19821
19876
19930
19983
20035
20086
20136
20185
20234
20281
20328
20374
20420
20464
20508
20552
20594
20636
20677
20718
20758
20797
20836
20874
20911
20948
20985
21021
21056
21091
21091
21091
21056
21021
20985
20948
20911
20874
20836
20797
20758
20718
20677
20636
20594
20552
20508
20464
20420
20374
20328
20281
20234
20185
20136
20086
20035
19983
19930
19876
19821
19765
19709
19651
19592
19532
19471
19409
19345
19281
19215
19148
19079
19009
18938
18865
18791
18716
18638
18560
18479
18397
18313
18227
18140
18050
17958
17865
17769
17672
17572
17469
17365
17257
17148
17036
16921
16803
16682
16559
16432
16303
16170
16034
15894
15751
15604
15453
15298
15139
14977
14809
14638
14461
14280
14094
13904
13707
13506
13299
13086
12868
12644
12413
12176
11933
11683
11426
11162
10892
10614
10328
10036
9736
9428
9112
8789
8458
8119
7773
7418
7056
6687
6310
5927
5536
5138
4735
4325
3909
3489
3063
2634
2201
1764
1326
885
443
0
455
909
1362
1813
2261
2706
3147
3583
4014
4439
4859
5272
5678
6077
6468
6852
7228
7596
7956
8308
8652
8987
9315
9634
9945
10248
10543
10831
11110
11383
11648
11905
12156
12400
12637
12868
13092
13311
13523
13729
13930
14126
14316
14501
14681
14856
15027
15193
15354
15512
15665
15815
15960
16102
16240
16375
16507
16635
16760
16882
17001
17117
17230
17341
17449
17555
17658
17759
17857
17953
18047
18140
18230
18318
18404
18488
18571
18651
18730
18808
18884
18958
19031
19102
19172
19241
19308
19374
19438
19502
19564
19625
19685
19744
19801
19858
19913
19968
20022
20074
20126
20177
20227
20276
20324
20372
20418
20464
20510
20554
20598
20641
20683
20724
20765
20806
20845
20884
20923
20961
20998
21035
21071
21107
21142
21176
21210
21210
21210
21176
21142
21107
21071
21035
20998
20961
20923
20884
20845
20806
20765
20724
20683
20641
20598
20554
20510
20464
20418
20372
20324
20276
20227
20177
20126
20074
20022
19968
19913
19858
19801
19744
19685
19625
19564
19502
19438
19374
19308
19241
19172
19102
19031
18958
18884
18808
18730
18651
18571
18488
18404
18318
18230
18140
18047
17953
17857
17759
17658
17555
17449
17341
17230
17117
17001
16882
16760
16635
16507
16375
16240
16102
15960
15815
15665
15512
15354
15193
15027
14856
14681
14501
14316
14126
13930
13729
13523
13311
13092
12868
12637
12400
12156
11905
11648
11383
11110
10831
10543
10248
9945
9634
9315
8987
8652
8308
7956
7596
7228
6852
6468
6077
5678
5272
4859
4439
4014
3583
3147
2706
2261
1813
1362
909
455
0
468
935
1401
1864
2325
2782
3234
3682
4124
4560
4989
5412
5827
6234
6634
7025
7408
7783
8148
8506
8854
9194
9525
9848
10162
10468
10766
11055
11336
11610
11876
12135
12386
12631
12868
13099
13323
13541
13753
13959
14159
14353
14543
14726
14905
15079
15249
15413
15574
15730
15882
16030
16174
16314
16451
16584
16714
16840
16964
17084
17201
17316
17428
17537
17643
17747
17849
17948
18045
18140
18232
18323
18411
18498
18582
18665
18746
18825
18903
18979
19053
19126
19198
19268
19336
19403
19469
19534
19597
19659
19720
19780
19839
19896
19953
20008
20062
20116
20168
20220
20270
20320
20369
20417
20464
20511
20556
20601
20645
20689
20731
20773
20815
20855
20895
20935
20974
21012
21049
21086
21123
21159
21194
21229
21263
21297
21330
21330
21330
21297
21263
21229
21194
21159
21123
21086
21049
21012
20974
20935
20895
20855
20815
20773
20731
20689
20645
20601
20556
20511
20464
20417
20369
20320
20270
20220
20168
20116
20062
20008
19953
19896
19839
19780
19720
19659
19597
19534
19469
19403
19336
19268
19198
19126
19053
18979
18903
18825
18746
18665
18582
18498
18411
18323
18232
18140
18045
17948
17849
17747
17643
17537
17428
17316
17201
17084
16964
16840
16714
16584
16451
16314
16174
16030
15882
15730
15574
15413
15249
15079
14905
14726
14543
14353
14159
13959
13753
13541
13323
13099
12868
12631
12386
12135
11876
11610
11336
11055
10766
10468
10162
9848
9525
9194
8854
8506
8148
7783
7408
7025
6634
6234
5827
5412
4989
4560
4124
3682
3234
2782
2325
1864
1401
935
468
0
482
963
1442
1919
2392
2862
3327
3786
4240
4687
5127
5559
5983
6400
6807
7206
7596
7977
8349
8712
9065
9409
9745
10071
10388
10696
10996
11287
11570
11845
12112
12372
12623
12868
13105
13336
13560
13777
13988
14193
14393
14586
14774
14957
15135
15307
15475
15639
15797
15952
16102
16248
16391
16529
16664
16796
16924
17049
17171
17289
17405
17518
17628
17735
17840
17942
18042
18140
18235
18328
18419
18508
18595
18679
18763
18844
18923
19001
19077
19152
19225
19296
19366
19435
19502
19568
19632
19695
19757
19818
19878
19936
19993
20050
20105
20159
20212
20265
20316
20366
20416
20464
20512
20559
20605
20651
20695
20739
20782
20824
20866
20907
20947
20987
21026
21065
21102
21140
21176
21212
21248
21283
21317
21351
21385
21418
21450
21450
21450
21418
21385
21351
21317
21283
21248
21212
21176
21140
21102
21065
21026
20987
20947
20907
20866
20824
20782
20739
20695
20651
20605
20559
20512
20464
20416
20366
20316
20265
20212
20159
20105
20050
19993
19936
19878
19818
19757
19695
19632
19568
19502
19435
19366
19296
19225
19152
19077
19001
18923
18844
18763
18679
18595
18508
18419
18328
18235
18140
18042
17942
17840
17735
17628
17518
17405
17289
17171
17049
16924
16796
16664
16529
16391
16248
16102
15952
15797
15639
15475
15307
15135
14957
14774
14586
14393
14193
13988
13777
13560
13336
13105
12868
12623
12372
12112
11845
11570
11287
10996
10696
10388
10071
9745
9409
9065
8712
8349
7977
7596
7206
6807
6400
5983
5559
5127
4687
4240
3786
3327
2862
2392
1919
1442
963
482
0
496
992
1485
1976
2464
2947
3425
3897
4362
4821
5272
5714
6148
6574
6990
7397
7794
8181
8559
8927
9285
9634
9973
10302
10622
10933
11235
11528
11812
12088
12356
12616
12868
13112
13350
13580
13803
14020
14230
14434
14632
14825
15011
15193
15369
15540
15706
15868
16025
16178
16327
16471
16612
16748
16882
17011
17138
17261
17381
17497
17611
17722
17830
17936
18039
18140
18238
18333
18427
18518
18608
18695
18780
18863
18945
19024
19102
19178
19253
19326
19397
19467
19536
19603
19669
19733
19796
19858
19918
19978
20036
20093
20149
20204
20258
20311
20363
20414
20464
20514
20562
20609
20656
20702
20747
20791
20835
20877
20919
20961
21001
21041
21081
21119
21157
21195
21232
21268
21304
21339
21374
21408
21441
21474
21507
21539
21571
21571
21571
21539
21507
21474
21441
21408
21374
21339
21304
21268
21232
21195
21157
21119
21081
21041
21001
20961
20919
20877
20835
20791
20747
20702
20656
20609
20562
20514
20464
20414
20363
20311
20258
20204
20149
20093
20036
19978
19918
19858
19796
19733
19669
19603
19536
19467
19397
19326
19253
19178
19102
19024
18945
18863
18780
18695
18608
18518
18427
18333
18238
18140
18039
17936
17830
17722
17611
17497
17381
17261
17138
17011
16882
16748
16612
16471
16327
16178
16025
15868
15706
15540
15369
15193
15011
14825
14632
14434
14230
14020
13803
13580
13350
13112
12868
12616
12356
12088
11812
11528
11235
10933
10622
10302
9973
9634
9285
8927
8559
8181
7794
7397
6990
6574
6148
5714
5272
4821
4362
3897
3425
2947
2464
1976
1485
992
496
0
512
1023
1532
2037
2539
3037
3528
4014
4492
4962
5425
5878
6322
6757
7182
7596
8001
8395
8779
9152
9515
9868
10210
10543
10866
11179
11483
11777
12063
12340
12608
12868
13120
13364
13601
13831
14053
14269
14478
14681
14878
15069
15254
15434
15608
15778
15942
16102
16257
16408
16555
16698
16836
16971
17102
17230
17355
17476
17594
17708
17820
17929
18036
18140
18241
18339
18436
18530
18621
18711
18798
18884
18967
19049
19129
19207
19283
19357
19430
19502
19572
19640
19707
19772
19837
19900
19961
20022
20081
20139
20196
20252
20306
20360
20413
20464
20515
20565
20614
20662
20709
20755
20801
20845
20889
20932
20975
21016
21057
21098
21137
21176
21215
21252
21289
21326
21362
21397
21432
21466
21500
21533
21566
21598
21630
21661
21692
21692
21692
21661
21630
21598
21566
21533
21500
21466
21432
21397
21362
21326
21289
21252
21215
21176
21137
21098
21057
21016
20975
20932
20889
20845
20801
20755
20709
20662
20614
20565
20515
20464
20413
20360
20306
20252
20196
20139
20081
20022
19961
19900
19837
19772
19707
19640
19572
19502
19430
19357
19283
19207
19129
19049
18967
18884
18798
18711
18621
18530
18436
18339
18241
18140
18036
17929
17820
17708
17594
17476
17355
17230
17102
16971
16836
16698
16555
16408
16257
16102
15942
15778
15608
15434
15254
15069
14878
14681
14478
14269
14053
13831
13601
13364
13120
12868
12608
12340
12063
11777
11483
11179
10866
10543
10210
9868
9515
9152
8779
8395
8001
7596
7182
6757
6322
5878
5425
4962
4492
4014
3528
3037
2539
2037
1532
1023
512
0
528
1056
1581
2102
2620
3132
3639
4138
4629
5112
5587
6051
6506
6950
7384
7806
8218
8619
9009
9387
9755
10112
10458
10794
11119
11434
11740
12036
12322
12599
12868
13128
13380
13624
13860
14088
14310
14524
14732
14934
15129
15318
15502
15680
15853
16020
16183
16341
16494
16643
16788
16928
17065
17198
17327
17452
17575
17694
17810
17923
18032
18140
18244
18346
18445
18542
18636
18728
18818
18905
18991
19075
19156
19236
19314
19391
19465
19538
19609
19679
19747
19814
19879
19943
20006
20068
20128
20187
20244
20301
20357
20411
20464
20517
20568
20618
20668
20716
20764
20811
20857
20902
20946
20990
21032
21074
21116
21156
21196
21235
21274
21312
21349
21386
21422
21457
21492
21527
21561
21594
21627
21659
21691
21722
21753
21783
21813
21813
21813
21783
21753
21722
21691
21659
21627
21594
21561
21527
21492
21457
21422
21386
21349
21312
21274
21235
21196
21156
21116
21074
21032
20990
20946
20902
20857
20811
20764
20716
20668
20618
20568
20517
20464
20411
20357
20301
20244
20187
20128
20068
20006
19943
19879
19814
19747
19679
19609
19538
19465
19391
19314
19236
19156
19075
18991
18905
18818
18728
18636
18542
18445
18346
18244
18140
18032
17923
17810
17694
17575
17452
17327
17198
17065
16928
16788
16643
16494
16341
16183
16020
15853
15680
15502
15318
15129
14934
14732
14524
14310
14088
13860
13624
13380
13128
12868
12599
12322
12036
11740
11434
11119
10794
10458
10112
9755
9387
9009
8619
8218
7806
7384
6950
6506
6051
5587
5112
4629
4138
3639
3132
2620
2102
1581
1056
528
0
546
1091
1633
2172
2706
3234
3756
4270
4775
5272
5758
6234
6700
7154
7596
8027
8447
8854
9250
9634
10006
10367
10716
11055
11383
11700
12006
12303
12590
12868
13137
13396
13648
13891
14126
14353
14574
14787
14993
15193
15386
15574
15755
15931
16102
16268
16428
16584
16735
16882
17024
17163
17297
17428
17555
17678
17798
17915
18029
18140
18247
18352
18455
18554
18651
18746
18838
18929
19016
19102
19186
19268
19348
19426
19502
19576
19649
19720
19790
19858
19924
19990
20053
20116
20177
20237
20295
20353
20409
20464
20518
20571
20623
20674
20724
20773
20822
20869
20915
20961
21005
21049
21092
21135
21176
21217
21257
21297
21336
21374
21411
21448
21484
21520
21555
21590
21623
21657
21690
21722
21754
21785
21816
21847
21877
21906
21935
21935
21935
21906
21877
21847
21816
21785
21754
21722
21690
21657
21623
21590
21555
21520
21484
21448
21411
21374
21336
21297
21257
21217
21176
21135
21092
21049
21005
20961
20915
20869
20822
20773
20724
20674
20623
20571
20518
20464
20409
20353
20295
20237
20177
20116
20053
19990
19924
19858
19790
19720
19649
19576
19502
19426
19348
19268
19186
19102
19016
18929
18838
18746
18651
18554
18455
18352
18247
18140
18029
17915
17798
17678
17555
17428
17297
17163
17024
16882
16735
16584
16428
16268
16102
15931
15755
15574
15386
15193
14993
14787
14574
14353
14126
13891
13648
13396
13137
12868
12590
12303
12006
11700
11383
11055
10716
10367
10006
9634
9250
8854
8447
8027
7596
7154
6700
6234
5758
5272
4775
4270
3756
3234
2706
2172
1633
1091
546
0
565
1128
1689
2246
2797
3343
3881
4410
4930
5440
5940
6428
6905
7369
7821
8260
8687
9101
9503
9892
10269
10633
10986
11327
11657
11975
12283
12581
12868
13146
13414
13673
13924
14166
14399
14626
14844
15056
15260
15458
15650
15835
16014
16188
16357
16520
16678
16832
16980
17125
17265
17401
17533
17661
17786
17907
18025
18140
18251
18359
18465
18568
18668
18765
18860
18953
19043
19131
19217
19301
19383
19463
19540
19617
19691
19764
19835
19904
19972
20038
20103
20167
20229
20289
20349
20407
20464
20520
20575
20629
20681
20733
20783
20833
20882
20929
20976
21022
21067
21111
21155
21197
21239
21280
21321
21361
21400
21438
21476
21513
21549
21585
21620
21655
21689
21722
21755
21788
21820
21851
21882
21912
21942
21972
22001
22030
22058
22058
22058
22030
22001
21972
21942
21912
21882
21851
21820
21788
21755
21722
21689
21655
21620
21585
21549
21513
21476
21438
21400
21361
21321
21280
21239
21197
21155
21111
21067
21022
20976
20929
20882
20833
20783
20733
20681
20629
20575
20520
20464
20407
20349
20289
20229
20167
20103
20038
19972
19904
19835
19764
19691
19617
19540
19463
19383
19301
19217
19131
19043
18953
18860
18765
18668
18568
18465
18359
18251
18140
18025
17907
17786
17661
17533
17401
17265
17125
16980
16832
16678
16520
16357
16188
16014
15835
15650
15458
15260
15056
14844
14626
14399
14166
13924
13673
13414
13146
12868
12581
12283
11975
11657
11327
10986
10633
10269
9892
9503
9101
8687
8260
7821
7369
6905
6428
5940
5440
4930
4410
3881
3343
2797
2246
1689
1128
565
0
585
1168
1749
2325
2895
3459
4014
4560
5095
5620
6133
6634
7122
7596
8058
8506
8940
9361
9768
10162
10543
10911
11267
11610
11942
12261
12570
12868
13155
13433
13700
13959
14208
14449
14681
14905
15122
15332
15534
15730
15919
16102
16279
16451
16617
16777
16933
17084
17230
17372
17510
17643
17773
17899
18021
18140
18255
18367
18476
18582
18685
18786
18884
18979
19072
19162
19250
19336
19420
19502
19581
19659
19735
19809
19882
19953
20022
20089
20155
20220
20283
20345
20405
20464
20522
20579
20634
20689
20742
20794
20845
20895
20945
20993
21040
21086
21132
21176
21220
21263
21305
21346
21387
21427
21466
21505
21543
21580
21616
21652
21687
21722
21756
21790
21823
21855
21887
21919
21950
21980
22010
22040
22069
22097
22126
22153
22181
22181
22181
22153
22126
22097
22069
22040
22010
21980
21950
21919
21887
21855
21823
21790
21756
21722
21687
21652
21616
21580
21543
21505
21466
21427
21387
21346
21305
21263
21220
21176
21132
21086
21040
20993
20945
20895
20845
20794
20742
20689
20634
20579
20522
20464
20405
20345
20283
20220
20155
20089
20022
19953
19882
19809
19735
19659
19581
19502
19420
19336
19250
19162
19072
18979
18884
18786
18685
18582
18476
18367
18255
18140
18021
17899
17773
17643
17510
17372
17230
17084
16933
16777
16617
16451
16279
16102
15919
15730
15534
15332
15122
14905
14681
14449
14208
13959
13700
13433
13155
12868
12570
12261
11942
11610
11267
10911
10543
10162
9768
9361
8940
8506
8058
7596
7122
6634
6133
5620
5095
4560
4014
3459
2895
2325
1749
1168
585
0
607
1211
1813
2410
3000
3583
4156
4720
5272
5811
6339
6852
7352
7837
8308
8765
9207
9634
10047
10446
10831
11202
11560
11905
12238
12559
12868
13166
13453
13729
13996
14253
14501
14740
14970
15193
15407
15615
15815
16008
16195
16375
16550
16718
16882
17040
17193
17341
17485
17624
17759
17889
18016
18140
18259
18375
18488
18598
18704
18808
18909
19007
19102
19195
19286
19374
19460
19543
19625
19704
19782
19858
19932
20004
20074
20143
20210
20276
20340
20403
20464
20524
20583
20641
20697
20752
20806
20858
20910
20961
21010
21059
21107
21153
21199
21244
21288
21331
21374
21415
21456
21496
21536
21574
21612
21650
21686
21722
21758
21792
21827
21860
21893
21926
21958
21989
22020
22050
22080
22110
22139
22167
22196
22223
22251
22277
22304
22304
22304
22277
22251
22223
22196
22167
22139
22110
22080
22050
22020
21989
21958
21926
21893
21860
21827
21792
21758
21722
21686
21650
21612
21574
21536
21496
21456
21415
21374
21331
21288
21244
21199
21153
21107
21059
21010
20961
20910
20858
20806
20752
20697
20641
20583
20524
20464
20403
20340
20276
20210
20143
20074
20004
19932
19858
19782
19704
19625
19543
19460
19374
19286
19195
19102
19007
18909
18808
18704
18598
18488
18375
18259
18140
18016
17889
17759
17624
17485
17341
17193
17040
16882
16718
16550
16375
16195
16008
15815
15615
15407
15193
14970
14740
14501
14253
13996
13729
13453
13166
12868
12559
12238
11905
11560
11202
10831
10446
10047
9634
9207
8765
8308
7837
7352
6852
6339
5811
5272
4720
4156
3583
3000
2410
1813
1211
607
0
630
1258
1882
2501
3113
3716
4309
4891
5460
6016
6558
7085
7596
8093
8573
9038
9488
9921
10340
10743
11132
11506
11866
12213
12547
12868
13177
13475
13761
14036
14301
14557
14803
15040
15268
15488
15700
15905
16102
16293
16477
16654
16826
16992
17152
17307
17457
17603
17743
17879
18012
18140
18264
18384
18501
18614
18724
18831
18935
19036
19135
19230
19323
19414
19502
19587
19671
19752
19832
19909
19985
20058
20130
20200
20269
20335
20401
20464
20527
20588
20647
20705
20762
20818
20872
20926
20978
21029
21079
21128
21176
21223
21269
21315
21359
21403
21445
21487
21528
21568
21608
21647
21685
21722
21759
21795
21830
21865
21900
21933
21966
21999
22031
22062
22093
22123
22153
22183
22212
22240
22268
22296
22323
22350
22376
22402
22427
22427
22427
22402
22376
22350
22323
22296
22268
22240
22212
22183
22153
22123
22093
22062
22031
21999
21966
21933
21900
21865
21830
21795
21759
21722
21685
21647
21608
21568
21528
21487
21445
21403
21359
21315
21269
21223
21176
21128
21079
21029
20978
20926
20872
20818
20762
20705
20647
20588
20527
20464
20401
20335
20269
20200
20130
20058
19985
19909
19832
19752
19671
19587
19502
19414
19323
19230
19135
19036
18935
18831
18724
18614
18501
18384
18264
18140
18012
17879
17743
17603
17457
17307
17152
16992
16826
16654
16477
16293
16102
15905
15700
15488
15268
15040
14803
14557
14301
14036
13761
13475
13177
12868
12547
12213
11866
11506
11132
10743
10340
9921
9488
9038
8573
8093
7596
7085
6558
6016
5460
4891
4309
3716
3113
2501
1882
1258
630
0
655
1308
1957
2599
3234
3859
4473
5074
5662
6234
6791
7332
7856
8364
8854
9328
9784
10224
10647
11055
11447
11824
12186
12534
12868
13189
13498
13794
14079
14353
14617
14870
15114
15348
15574
15791
16000
16202
16396
16584
16765
16939
17108
17270
17428
17580
17727
17869
18006
18140
18269
18394
18515
18632
18746
18857
18964
19068
19169
19268
19363
19456
19547
19635
19720
19803
19885
19964
20041
20116
20189
20260
20330
20398
20464
20529
20592
20654
20714
20773
20831
20887
20943
20997
21049
21101
21151
21201
21249
21297
21343
21389
21433
21477
21520
21562
21603
21644
21683
21722
21760
21798
21835
21871
21906
21941
21975
22009
22042
22074
22106
22138
22169
22199
22229
22258
22287
22315
22343
22371
22398
22424
22451
22476
22502
22527
22551
22551
22551
22527
22502
22476
22451
22424
22398
22371
22343
22315
22287
22258
22229
22199
22169
22138
22106
22074
22042
22009
21975
21941
21906
21871
21835
21798
21760
21722
21683
21644
21603
21562
21520
21477
21433
21389
21343
21297
21249
21201
21151
21101
21049
20997
20943
20887
20831
20773
20714
20654
20592
20529
20464
20398
20330
20260
20189
20116
20041
19964
19885
19803
19720
19635
19547
19456
19363
19268
19169
19068
18964
18857
18746
18632
18515
18394
18269
18140
18006
17869
17727
17580
17428
17270
17108
16939
16765
16584
16396
16202
16000
15791
15574
15348
15114
14870
14617
14353
14079
13794
13498
13189
12868
12534
12186
11824
11447
11055
10647
10224
9784
9328
8854
8364
7856
7332
6791
6234
5662
5074
4473
3859
3234
2599
1957
1308
655
0
682
1362
2037
2706
3365
4014
4650
5272
5878
6468
7041
7596
8133
8652
9152
9634
10097
10543
10971
11383
11777
12156
12519
12868
13202
13523
13831
14126
14409
14681
14942
15193
15434
15665
15888
16102
16308
16507
16698
16882
17059
17230
17395
17555
17708
17857
18001
18140
18274
18404
18530
18651
18769
18884
18995
19102
19207
19308
19406
19502
19595
19685
19772
19858
19941
20022
20100
20177
20252
20324
20395
20464
20532
20598
20662
20724
20786
20845
20904
20961
21016
21071
21124
21176
21227
21277
21326
21374
21420
21466
21511
21555
21598
21640
21682
21722
21762
21801
21839
21877
21914
21950
21985
22020
22054
22088
22121
22153
22185
22216
22247
22277
22307
22336
22365
22393
22421
22448
22475
22502
22528
22553
22579
22604
22628
22652
22676
22676
22676
22652
22628
22604
22579
22553
22528
22502
22475
22448
22421
22393
22365
22336
22307
22277
22247
22216
22185
22153
22121
22088
22054
22020
21985
21950
21914
21877
21839
21801
21762
21722
21682
21640
21598
21555
21511
21466
21420
21374
21326
21277
21227
21176
21124
21071
21016
20961
20904
20845
20786
20724
20662
20598
20532
20464
20395
20324
20252
20177
20100
20022
19941
19858
19772
19685
19595
19502
19406
19308
19207
19102
18995
18884
18769
18651
18530
18404
18274
18140
18001
17857
17708
17555
17395
17230
17059
16882
16698
16507
16308
16102
15888
15665
15434
15193
14942
14681
14409
14126
13831
13523
13202
12868
12519
12156
11777
11383
10971
10543
10097
9634
9152
8652
8133
7596
7041
6468
5878
5272
4650
4014
3365
2706
2037
1362
682
0
712
1421
2125
2821
3507
4181
4841
5484
6111
6720
7309
7879
8429
8959
9468
9958
10429
10880
11312
11727
12124
12504
12868
13217
13550
13870
14176
14469
14750
15019
15278
15525
15763
15991
16211
16421
16624
16818
17006
17186
17360
17527
17689
17844
17995
18140
18280
18415
18546
18672
18795
18913
19028
19139
19247
19351
19452
19550
19646
19738
19828
19916
20001
20083
20164
20242
20318
20392
20464
20535
20603
20670
20735
20799
20861
20921
20980
21038
21094
21149
21203
21256
21307
21357
21406
21454
21501
21547
21593
21637
21680
21722
21764
21804
21844
21883
21922
21959
21996
22032
22067
22102
22136
22170
22203
22235
22267
22298
22329
22359
22388
22417
22446
22474
22502
22529
22556
22582
22608
22633
22658
22683
22707
22731
22755
22778
22801
22801
22801
22778
22755
22731
22707
22683
22658
22633
22608
22582
22556
22529
22502
22474
22446
22417
22388
22359
22329
22298
22267
22235
22203
22170
22136
22102
22067
22032
21996
21959
21922
21883
21844
21804
21764
21722
21680
21637
21593
21547
21501
21454
21406
21357
21307
21256
21203
21149
21094
21038
20980
20921
20861
20799
20735
20670
20603
20535
20464
20392
20318
20242
20164
20083
20001
19916
19828
19738
19646
19550
19452
19351
19247
19139
19028
18913
18795
18672
18546
18415
18280
18140
17995
17844
17689
17527
17360
17186
17006
16818
16624
16421
16211
15991
15763
15525
15278
15019
14750
14469
14176
13870
13550
13217
12868
12504
12124
11727
11312
10880
10429
9958
9468
8959
8429
7879
7309
6720
6111
5484
4841
4181
3507
2821
2125
1421
712
0
744
1485
2220
2947
3661
4362
5047
5714
6362
6990
7596
8181
8744
9285
9804
10302
10779
11235
11671
12088
12487
12868
13232
13580
13912
14230
14534
14825
15103
15369
15624
15868
16102
16327
16542
16748
16947
17138
17321
17497
17667
17830
17988
18140
18286
18427
18563
18695
18822
18945
19063
19178
19290
19397
19502
19603
19701
19796
19888
19978
20065
20149
20231
20311
20389
20464
20538
20609
20679
20747
20813
20877
20940
21001
21061
21119
21176
21232
21286
21339
21391
21441
21491
21539
21586
21633
21678
21722
21766
21808
21850
21890
21930
21969
22007
22045
22082
22118
22153
22188
22222
22255
22288
22320
22352
22383
22414
22443
22473
22502
22530
22558
22586
22612
22639
22665
22691
22716
22741
22765
22789
22813
22836
22859
22882
22904
22926
22926
22926
22904
22882
22859
22836
22813
22789
22765
22741
22716
22691
22665
22639
22612
22586
22558
22530
22502
22473
22443
22414
22383
22352
22320
22288
22255
22222
22188
22153
22118
22082
22045
22007
21969
21930
21890
21850
21808
21766
21722
21678
21633
21586
21539
21491
21441
21391
21339
21286
21232
21176
21119
21061
21001
20940
20877
20813
20747
20679
20609
20538
20464
20389
20311
20231
20149
20065
19978
19888
19796
19701
19603
19502
19397
19290
19178
19063
18945
18822
18695
18563
18427
18286
18140
17988
17830
17667
17497
17321
17138
16947
16748
16542
16327
16102
15868
15624
15369
15103
14825
14534
14230
13912
13580
13232
12868
12487
12088
11671
11235
10779
10302
9804
9285
8744
8181
7596
6990
6362
5714
5047
4362
3661
2947
2220
1485
744
0
780
1556
2325
3084
3830
4560
5272
5963
6634
7281
7905
8506
9082
9634
10162
10667
11150
11610
12049
12468
12868
13249
13612
13959
14289
14604
14905
15193
15467
15730
15981
16221
16451
16671
16882
17084
17278
17464
17643
17815
17980
18140
18293
18440
18582
18719
18851
18979
19102
19221
19336
19447
19555
19659
19760
19858
19953
20044
20133
20220
20304
20385
20464
20541
20616
20689
20760
20828
20895
20961
21024
21086
21147
21206
21263
21319
21374
21427
21479
21530
21580
21628
21676
21722
21768
21812
21855
21898
21939
21980
22020
22059
22097
22135
22172
22208
22243
22277
22311
22345
22377
22409
22441
22472
22502
22532
22561
22589
22618
22645
22672
22699
22725
22751
22777
22802
22826
22850
22874
22897
22920
22943
22965
22987
23009
23030
23051
23051
23051
23030
23009
22987
22965
22943
22920
22897
22874
22850
22826
22802
22777
22751
22725
22699
22672
22645
22618
22589
22561
22532
22502
22472
22441
22409
22377
22345
22311
22277
22243
22208
22172
22135
22097
22059
22020
21980
21939
21898
21855
21812
21768
21722
21676
21628
21580
21530
21479
21427
21374
21319
21263
21206
21147
21086
21024
20961
20895
20828
20760
20689
20616
20541
20464
20385
20304
20220
20133
20044
19953
19858
19760
19659
19555
19447
19336
19221
19102
18979
18851
18719
18582
18440
18293
18140
17980
17815
17643
17464
17278
17084
16882
16671
16451
16221
15981
15730
15467
15193
14905
14604
14289
13959
13612
13249
12868
12468
12049
11610
11150
10667
10162
9634
9082
8506
7905
7281
6634
5963
5272
4560
3830
3084
2325
1556
780
0
819
1633
2439
3234
4014
4775
5516
6234
6928
7596
8239
8854
9443
10006
10543
11055
11542
12006
12448
12868
13267
13648
14009
14353
14681
14993
15290
15574
15844
16102
16348
16584
16809
17024
17230
17428
17617
17798
17972
18140
18300
18455
18603
18746
18884
19016
19144
19268
19387
19502
19613
19720
19824
19924
20022
20116
20207
20295
20381
20464
20545
20623
20700
20773
20845
20915
20983
21049
21114
21176
21237
21297
21355
21411
21466
21520
21572
21623
21673
21722
21770
21816
21862
21906
21950
21992
22034
22074
22114
22153
22191
22229
22265
22301
22336
22371
22404
22438
22470
22502
22533
22564
22594
22623
22652
22681
22708
22736
22763
22789
22815
22841
22866
22890
22915
22939
22962
22985
23008
23030
23052
23074
23095
23116
23137
23157
23177
23177
23177
23157
23137
23116
23095
23074
23052
23030
23008
22985
22962
22939
22915
22890
22866
22841
22815
22789
22763
22736
22708
22681
22652
22623
22594
22564
22533
22502
22470
22438
22404
22371
22336
22301
22265
22229
22191
22153
22114
22074
22034
21992
21950
21906
21862
21816
21770
21722
21673
21623
21572
21520
21466
21411
21355
21297
21237
21176
21114
21049
20983
20915
20845
20773
20700
20623
20545
20464
20381
20295
20207
20116
20022
19924
19824
19720
19613
19502
19387
19268
19144
19016
18884
18746
18603
18455
18300
18140
17972
17798
17617
17428
17230
17024
16809
16584
16348
16102
15844
15574
15290
14993
14681
14353
14009
13648
13267
12868
12448
12006
11542
11055
10543
10006
9443
8854
8239
7596
6928
6234
5516
4775
4014
3234
2439
1633
819
0
862
1718
2566
3400
4216
5012
5783
6529
7248
7938
8598
9229
9831
10404
10949
11467
11959
12425
12868
13288
13686
14065
14424
14765
15088
15396
15689
15968
16233
16486
16727
16957
17177
17387
17587
17779
17963
18140
18308
18470
18626
18775
18919
19057
19190
19318
19442
19561
19675
19786
19893
19996
20096
20193
20286
20377
20464
20549
20632
20711
20789
20864
20937
21008
21077
21143
21209
21272
21333
21393
21452
21509
21564
21618
21671
21722
21772
21821
21869
21916
21961
22005
22049
22091
22133
22173
22213
22252
22290
22327
22364
22399
22434
22468
22502
22535
22567
22598
22629
22660
22689
22719
22747
22775
22803
22830
22857
22883
22908
22934
22958
22983
23007
23030
23053
23076
23098
23120
23142
23163
23184
23205
23225
23245
23264
23284
23303
23303
23303
23284
23264
23245
23225
23205
23184
23163
23142
23120
23098
23076
23053
23030
23007
22983
22958
22934
22908
22883
22857
22830
22803
22775
22747
22719
22689
22660
22629
22598
22567
22535
22502
22468
22434
22399
22364
22327
22290
22252
22213
22173
22133
22091
22049
22005
21961
21916
21869
21821
21772
21722
21671
21618
21564
21509
21452
21393
21333
21272
21209
21143
21077
21008
20937
20864
20789
20711
20632
20549
20464
20377
20286
20193
20096
19996
19893
19786
19675
19561
19442
19318
19190
19057
18919
18775
18626
18470
18308
18140
17963
17779
17587
17387
17177
16957
16727
16486
16233
15968
15689
15396
15088
14765
14424
14065
13686
13288
12868
12425
11959
11467
10949
10404
9831
9229
8598
7938
7248
6529
5783
5012
4216
3400
2566
1718
862
0
909
1813
2706
3583
4439
5272
6077
6852
7596
8308
8987
9634
10248
10831
11383
11905
12400
12868
13311
13729
14126
14501
14856
15193
15512
15815
16102
16375
16635
16882
17117
17341
17555
17759
17953
18140
18318
18488
18651
18808
18958
19102
19241
19374
19502
19625
19744
19858
19968
20074
20177
20276
20372
20464
20554
20641
20724
20806
20884
20961
21035
21107
21176
21244
21310
21374
21436
21496
21555
21612
21668
21722
21775
21827
21877
21926
21973
22020
22066
22110
22153
22196
22237
22277
22317
22356
22393
22430
22466
22502
22536
22570
22604
22636
22668
22699
22730
22760
22789
22818
22846
22874
22901
22928
22954
22980
23005
23030
23055
23078
23102
23125
23148
23170
23192
23214
23235
23256
23276
23297
23316
23336
23355
23374
23393
23411
23429
23429
23429
23411
23393
23374
23355
23336
23316
23297
23276
23256
23235
23214
23192
23170
23148
23125
23102
23078
23055
23030
23005
22980
22954
22928
22901
22874
22846
22818
22789
22760
22730
22699
22668
22636
22604
22570
22536
22502
22466
22430
22393
22356
22317
22277
22237
22196
22153
22110
22066
22020
21973
21926
21877
21827
21775
21722
21668
21612
21555
21496
21436
21374
21310
21244
21176
21107
21035
20961
20884
20806
20724
20641
20554
20464
20372
20276
20177
20074
19968
19858
19744
19625
19502
19374
19241
19102
18958
18808
18651
18488
18318
18140
17953
17759
17555
17341
17117
16882
16635
16375
16102
15815
15512
15193
14856
14501
14126
13729
13311
12868
12400
11905
11383
10831
10248
9634
8987
8308
7596
6852
6077
5272
4439
3583
2706
1813
909
0
963
1919
2862
3786
4687
5559
6400
7206
7977
8712
9409
10071
10696
11287
11845
12372
12868
13336
13777
14193
14586
14957
15307
15639
15952
16248
16529
16796
17049
17289
17518
17735
17942
18140
18328
18508
18679
18844
19001
19152
19296
19435
19568
19695
19818
19936
20050
20159
20265
20366
20464
20559
20651
20739
20824
20907
20987
21065
21140
21212
21283
21351
21418
21482
21545
21606
21665
21722
21778
21833
21885
21937
21987
22036
22084
22130
22176
22220
22263
22305
22347
22387
22426
22464
22502
22538
22574
22609
22644
22677
22710
22742
22774
22805
22835
22864
22893
22922
22950
22977
23004
23030
23056
23081
23106
23130
23154
23178
23201
23224
23246
23268
23289
23311
23331
23352
23372
23392
23411
23430
23449
23468
23486
23504
23521
23539
23556
23556
23556
23539
23521
23504
23486
23468
23449
23430
23411
23392
23372
23352
23331
23311
23289
23268
23246
23224
23201
23178
23154
23130
23106
23081
23056
23030
23004
22977
22950
22922
22893
22864
22835
22805
22774
22742
22710
22677
22644
22609
22574
22538
22502
22464
22426
22387
22347
22305
22263
22220
22176
22130
22084
22036
21987
21937
21885
21833
21778
21722
21665
21606
21545
21482
21418
21351
21283
21212
21140
21065
20987
20907
20824
20739
20651
20559
20464
20366
20265
20159
20050
19936
19818
19695
19568
19435
19296
19152
19001
18844
18679
18508
18328
18140
17942
17735
17518
17289
17049
16796
16529
16248
15952
15639
15307
14957
14586
14193
13777
13336
12868
12372
11845
11287
10696
10071
9409
8712
7977
7206
6400
5559
4687
3786
2862
1919
963
0
1023
2037
3037
4014
4962
5878
6757
7596
8395
9152
9868
10543
11179
11777
12340
12868
13364
13831
14269
14681
15069
15434
15778
16102
16408
16698
16971
17230
17476
17708
17929
18140
18339
18530
18711
18884
19049
19207
19357
19502
19640
19772
19900
20022
20139
20252
20360
20464
20565
20662
20755
20845
20932
21016
21098
21176
21252
21326
21397
21466
21533
21598
21661
21722
21782
21839
21895
21950
22003
22054
22104
22153
22201
22247
22292
22336
22379
22421
22462
22502
22541
22579
22616
22652
22688
22722
22756
22789
22822
22853
22884
22915
22945
22974
23002
23030
23058
23084
23111
23137
23162
23187
23211
23235
23258
23281
23304
23326
23348
23369
23390
23411
23431
23451
23471
23490
23509
23528
23546
23564
23582
23599
23617
23633
23650
23666
23683
23683
23683
23666
23650
23633
23617
23599
23582
23564
23546
23528
23509
23490
23471
23451
23431
23411
23390
23369
23348
23326
23304
23281
23258
23235
23211
23187
23162
23137
23111
23084
23058
23030
23002
22974
22945
22915
22884
22853
22822
22789
22756
22722
22688
22652
22616
22579
22541
22502
22462
22421
22379
22336
22292
22247
22201
22153
22104
22054
22003
21950
21895
21839
21782
21722
21661
21598
21533
21466
21397
21326
21252
21176
21098
21016
20932
20845
20755
20662
20565
20464
20360
20252
20139
20022
19900
19772
19640
19502
19357
19207
19049
18884
18711
18530
18339
18140
17929
17708
17476
17230
16971
16698
16408
16102
15778
15434
15069
14681
14269
13831
13364
12868
12340
11777
11179
10543
9868
9152
8395
7596
6757
5878
4962
4014
3037
2037
1023
0
1091
2172
3234
4270
5272
6234
7154
8027
8854
9634
10367
11055
11700
12303
12868
13396
13891
14353
14787
15193
15574
15931
16268
16584
16882
17163
17428
17678
17915
18140
18352
18554
18746
18929
19102
19268
19426
19576
19720
19858
19990
20116
20237
20353
20464
20571
20674
20773
20869
20961
21049
21135
21217
21297
21374
21448
21520
21590
21657
21722
21785
21847
21906
21964
22020
22074
22127
22179
22229
22277
22325
22371
22416
22459
22502
22543
22584
22623
22662
22699
22736
22772
22807
22841
22874
22907
22939
22970
23000
23030
23059
23088
23116
23143
23170
23196
23222
23247
23272
23297
23320
23344
23367
23389
23411
23433
23454
23475
23495
23515
23535
23555
23574
23592
23611
23629
23647
23664
23682
23698
23715
23732
23748
23764
23779
23795
23810
23810
23810
23795
23779
23764
23748
23732
23715
23698
23682
23664
23647
23629
23611
23592
23574
23555
23535
23515
23495
23475
23454
23433
23411
23389
23367
23344
23320
23297
23272
23247
23222
23196
23170
23143
23116
23088
23059
23030
23000
22970
22939
22907
22874
22841
22807
22772
22736
22699
22662
22623
22584
22543
22502
22459
22416
22371
22325
22277
22229
22179
22127
22074
22020
21964
21906
21847
21785
21722
21657
21590
21520
21448
21374
21297
21217
21135
21049
20961
20869
20773
20674
20571
20464
20353
20237
20116
19990
19858
19720
19576
19426
19268
19102
18929
18746
18554
18352
18140
17915
17678
17428
17163
16882
16584
16268
15931
15574
15193
14787
14353
13891
13396
12868
12303
11700
11055
10367
9634
8854
8027
7154
6234
5272
4270
3234
2172
1091
0
1168
2325
3459
4560
5620
6634
7596
8506
9361
10162
10911
11610
12261
12868
13433
13959
14449
14905
15332
15730
16102
16451
16777
17084
17372
17643
17899
18140
18367
18582
18786
18979
19162
19336
19502
19659
19809
19953
20089
20220
20345
20464
20579
20689
20794
20895
20993
21086
21176
21263
21346
21427
21505
21580
21652
21722
21790
21855
21919
21980
22040
22097
22153
22208
22260
22311
22361
22409
22456
22502
22546
22589
22631
22672
22712
22751
22789
22826
22862
22897
22932
22965
22998
23030
23061
23092
23122
23151
23180
23208
23235
23262
23288
23314
23339
23363
23387
23411
23434
23457
23479
23501
23523
23544
23564
23584
23604
23624
23643
23662
23680
23698
23716
23734
23751
23768
23785
23801
23817
23833
23849
23864
23879
23894
23909
23923
23937
23937
23937
23923
23909
23894
23879
23864
23849
23833
23817
23801
23785
23768
23751
23734
23716
23698
23680
23662
23643
23624
23604
23584
23564
23544
23523
23501
23479
23457
23434
23411
23387
23363
23339
23314
23288
23262
23235
23208
23180
23151
23122
23092
23061
23030
22998
22965
22932
22897
22862
22826
22789
22751
22712
22672
22631
22589
22546
22502
22456
22409
22361
22311
22260
22208
22153
22097
22040
21980
21919
21855
21790
21722
21652
21580
21505
21427
21346
21263
21176
21086
20993
20895
20794
20689
20579
20464
20345
20220
20089
19953
19809
19659
19502
19336
19162
18979
18786
18582
18367
18140
17899
17643
17372
17084
16777
16451
16102
15730
15332
14905
14449
13959
13433
12868
12261
11610
10911
10162
9361
8506
7596
6634
5620
4560
3459
2325
1168
0
1258
2501
3716
4891
6016
7085
8093
9038
9921
10743
11506
12213
12868
13475
14036
14557
15040
15488
15905
16293
16654
16992
17307
17603
17879
18140
18384
18614
18831
19036
19230
19414
19587
19752
19909
20058
20200
20335
20464
20588
20705
20818
20926
21029
21128
21223
21315
21403
21487
21568
21647
21722
21795
21865
21933
21999
22062
22123
22183
22240
22296
22350
22402
22453
22502
22550
22596
22641
22685
22727
22769
22809
22848
22887
22924
22960
22996
23030
23064
23097
23129
23160
23190
23220
23249
23278
23306
23333
23360
23386
23411
23436
23460
23484
23508
23531
23553
23575
23597
23618
23639
23659
23679
23698
23718
23737
23755
23773
23791
23809
23826
23843
23859
23876
23892
23907
23923
23938
23953
23968
23982
23997
24011
24025
24038
24051
24065
24065
24065
24051
24038
24025
24011
23997
23982
23968
23953
23938
23923
23907
23892
23876
23859
23843
23826
23809
23791
23773
23755
23737
23718
23698
23679
23659
23639
23618
23597
23575
23553
23531
23508
23484
23460
23436
23411
23386
23360
23333
23306
23278
23249
23220
23190
23160
23129
23097
23064
23030
22996
22960
22924
22887
22848
22809
22769
22727
22685
22641
22596
22550
22502
22453
22402
22350
22296
22240
22183
22123
22062
21999
21933
21865
21795
21722
21647
21568
21487
21403
21315
21223
21128
21029
20926
20818
20705
20588
20464
20335
20200
20058
19909
19752
19587
19414
19230
19036
18831
18614
18384
18140
17879
17603
17307
16992
16654
16293
15905
15488
15040
14557
14036
13475
12868
12213
11506
10743
9921
9038
8093
7085
6016
4891
3716
2501
1258
0
1362
2706
4014
5272
6468
7596
8652
9634
10543
11383
12156
12868
13523
14126
14681
15193
15665
16102
16507
16882
17230
17555
17857
18140
18404
18651
18884
19102
19308
19502
19685
19858
20022
20177
20324
20464
20598
20724
20845
20961
21071
21176
21277
21374
21466
21555
21640
21722
21801
21877
21950
22020
22088
22153
22216
22277
22336
22393
22448
22502
22553
22604
22652
22699
22745
22789
22832
22874
22915
22954
22993
23030
23067
23102
23137
23170
23203
23235
23266
23297
23326
23355
23383
23411
23438
23464
23490
23515
23540
23564
23588
23611
23633
23656
23677
23698
23719
23740
23760
23779
23798
23817
23836
23854
23872
23889
23906
23923
23939
23956
23972
23987
24003
24018
24032
24047
24061
24075
24089
24103
24116
24130
24143
24155
24168
24180
24192
24192
24192
24180
24168
24155
24143
24130
24116
24103
24089
24075
24061
24047
24032
24018
24003
23987
23972
23956
23939
23923
23906
23889
23872
23854
23836
23817
23798
23779
23760
23740
23719
23698
23677
23656
23633
23611
23588
23564
23540
23515
23490
23464
23438
23411
23383
23355
23326
23297
23266
23235
23203
23170
23137
23102
23067
23030
22993
22954
22915
22874
22832
22789
22745
22699
22652
22604
22553
22502
22448
22393
22336
22277
22216
22153
22088
22020
21950
21877
21801
21722
21640
21555
21466
21374
21277
21176
21071
20961
20845
20724
20598
20464
20324
20177
20022
19858
19685
19502
19308
19102
18884
18651
18404
18140
17857
17555
17230
16882
16507
16102
15665
15193
14681
14126
13523
12868
12156
11383
10543
9634
8652
7596
6468
5272
4014
2706
1362
0
1485
2947
4362
5714
6990
8181
9285
10302
11235
12088
12868
13580
14230
14825
15369
15868
16327
16748
17138
17497
17830
18140
18427
18695
18945
19178
19397
19603
19796
19978
20149
20311
20464
20609
20747
20877
21001
21119
21232
21339
21441
21539
21633
21722
21808
21890
21969
22045
22118
22188
22255
22320
22383
22443
22502
22558
22612
22665
22716
22765
22813
22859
22904
22947
22989
23030
23070
23108
23146
23182
23218
23252
23286
23318
23350
23381
23411
23441
23469
23497
23524
23551
23577
23603
23627
23652
23675
23698
23721
23743
23765
23786
23807
23827
23847
23867
23886
23905
23923
23941
23959
23976
23993
24009
24026
24042
24057
24073
24088
24103
24118
24132
24146
24160
24174
24187
24200
24213
24226
24238
24251
24263
24275
24286
24298
24309
24320
24320
24320
24309
24298
24286
24275
24263
24251
24238
24226
24213
24200
24187
24174
24160
24146
24132
24118
24103
24088
24073
24057
24042
24026
24009
23993
23976
23959
23941
23923
23905
23886
23867
23847
23827
23807
23786
23765
23743
23721
23698
23675
23652
23627
23603
23577
23551
23524
23497
23469
23441
23411
23381
23350
23318
23286
23252
23218
23182
23146
23108
23070
23030
22989
22947
22904
22859
22813
22765
22716
22665
22612
22558
22502
22443
22383
22320
22255
22188
22118
22045
21969
21890
21808
21722
21633
21539
21441
21339
21232
21119
21001
20877
20747
20609
20464
20311
20149
19978
19796
19603
19397
19178
18945
18695
18427
18140
17830
17497
17138
16748
16327
15868
15369
14825
14230
13580
12868
12088
11235
10302
9285
8181
6990
5714
4362
2947
1485
0
1633
3234
4775
6234
7596
8854
10006
11055
12006
12868
13648
14353
14993
15574
16102
16584
17024
17428
17798
18140
18455
18746
19016
19268
19502
19720
19924
20116
20295
20464
20623
20773
20915
21049
21176
21297
21411
21520
21623
21722
21816
21906
21992
22074
22153
22229
22301
22371
22438
22502
22564
22623
22681
22736
22789
22841
22890
22939
22985
23030
23074
23116
23157
23196
23235
23272
23308
23344
23378
23411
23443
23475
23505
23535
23564
23592
23620
23647
23673
23698
23723
23748
23771
23795
23817
23839
23861
23882
23903
23923
23943
23962
23981
23999
24018
24035
24053
24070
24087
24103
24119
24135
24150
24165
24180
24195
24209
24223
24237
24251
24264
24277
24290
24302
24315
24327
24339
24351
24362
24374
24385
24396
24407
24417
24428
24438
24449
24449
24449
24438
24428
24417
24407
24396
24385
24374
24362
24351
24339
24327
24315
24302
24290
24277
24264
24251
24237
24223
24209
24195
24180
24165
24150
24135
24119
24103
24087
24070
24053
24035
24018
23999
23981
23962
23943
23923
23903
23882
23861
23839
23817
23795
23771
23748
23723
23698
23673
23647
23620
23592
23564
23535
23505
23475
23443
23411
23378
23344
23308
23272
23235
23196
23157
23116
23074
23030
22985
22939
22890
22841
22789
22736
22681
22623
22564
22502
22438
22371
22301
22229
22153
22074
21992
21906
21816
21722
21623
21520
21411
21297
21176
21049
20915
20773
20623
20464
20295
20116
19924
19720
19502
19268
19016
18746
18455
18140
17798
17428
17024
16584
16102
15574
14993
14353
13648
12868
12006
11055
10006
8854
7596
6234
4775
3234
1633
0
1813
3583
5272
6852
8308
9634
10831
11905
12868
13729
14501
15193
15815
16375
16882
17341
17759
18140
18488
18808
19102
19374
19625
19858
20074
20276
20464
20641
20806
20961
21107
21244
21374
21496
21612
21722
21827
21926
22020
22110
22196
22277
22356
22430
22502
22570
22636
22699
22760
22818
22874
22928
22980
23030
23078
23125
23170
23214
23256
23297
23336
23374
23411
23447
23482
23515
23548
23580
23611
23641
23670
23698
23726
23753
23779
23805
23830
23854
23877
23900
23923
23945
23966
23987
24008
24028
24047
24066
24085
24103
24121
24138
24155
24172
24188
24204
24220
24235
24251
24265
24280
24294
24308
24322
24335
24348
24361
24374
24386
24398
24410
24422
24434
24445
24456
24467
24478
24489
24499
24509
24520
24529
24539
24549
24558
24568
24577
24577
24577
24568
24558
24549
24539
24529
24520
24509
24499
24489
24478
24467
24456
24445
24434
24422
24410
24398
24386
24374
24361
24348
24335
24322
24308
24294
24280
24265
24251
24235
24220
24204
24188
24172
24155
24138
24121
24103
24085
24066
24047
24028
24008
23987
23966
23945
23923
23900
23877
23854
23830
23805
23779
23753
23726
23698
23670
23641
23611
23580
23548
23515
23482
23447
23411
23374
23336
23297
23256
23214
23170
23125
23078
23030
22980
22928
22874
22818
22760
22699
22636
22570
22502
22430
22356
22277
22196
22110
22020
21926
21827
21722
21612
21496
21374
21244
21107
20961
20806
20641
20464
20276
20074
19858
19625
19374
19102
18808
18488
18140
17759
17341
16882
16375
15815
15193
14501
13729
12868
11905
10831
9634
8308
6852
5272
3583
1813
0
2037
4014
5878
7596
9152
10543
11777
12868
13831
14681
15434
16102
16698
17230
17708
18140
18530
18884
19207
19502
19772
20022
20252
20464
20662
20845
21016
21176
21326
21466
21598
21722
21839
21950
22054
22153
22247
22336
22421
22502
22579
22652
22722
22789
22853
22915
22974
23030
23084
23137
23187
23235
23281
23326
23369
23411
23451
23490
23528
23564
23599
23633
23666
23698
23730
23760
23789
23817
23845
23872
23898
23923
23948
23972
23995
24018
24040
24061
24082
24103
24123
24143
24162
24180
24198
24216
24234
24251
24267
24283
24299
24315
24330
24345
24359
24374
24388
24401
24415
24428
24441
24454
24466
24478
24490
24502
24513
24525
24536
24546
24557
24568
24578
24588
24598
24608
24617
24627
24636
24645
24654
24663
24672
24680
24689
24697
24705
24705
24705
24697
24689
24680
24672
24663
24654
24645
24636
24627
24617
24608
24598
24588
24578
24568
24557
24546
24536
24525
24513
24502
24490
24478
24466
24454
24441
24428
24415
24401
24388
24374
24359
24345
24330
24315
24299
24283
24267
24251
24234
24216
24198
24180
24162
24143
24123
24103
24082
24061
24040
24018
23995
23972
23948
23923
23898
23872
23845
23817
23789
23760
23730
23698
23666
23633
23599
23564
23528
23490
23451
23411
23369
23326
23281
23235
23187
23137
23084
23030
22974
22915
22853
22789
22722
22652
22579
22502
22421
22336
22247
22153
22054
21950
21839
21722
21598
21466
21326
21176
21016
20845
20662
20464
20252
20022
19772
19502
19207
18884
18530
18140
17708
17230
16698
16102
15434
14681
13831
12868
11777
10543
9152
7596
5878
4014
2037
0
2325
4560
6634
8506
10162
11610
12868
13959
14905
15730
16451
17084
17643
18140
18582
18979
19336
19659
19953
20220
20464
20689
20895
21086
21263
21427
21580
21722
21855
21980
22097
22208
22311
22409
22502
22589
22672
22751
22826
22897
22965
23030
23092
23151
23208
23262
23314
23363
23411
23457
23501
23544
23584
23624
23662
23698
23734
23768
23801
23833
23864
23894
23923
23951
23978
24005
24030
24055
24079
24103
24126
24148
24170
24191
24211
24231
24251
24269
24288
24306
24324
24341
24357
24374
24390
24405
24421
24435
24450
24464
24478
24492
24505
24518
24531
24543
24556
24568
24579
24591
24602
24613
24624
24635
24645
24656
24666
24675
24685
24695
24704
24713
24722
24731
24740
24748
24757
24765
24773
24781
24789
24797
24805
24812
24819
24827
24834
24834
24834
24827
24819
24812
24805
24797
24789
24781
24773
24765
24757
24748
24740
24731
24722
24713
24704
24695
24685
24675
24666
24656
24645
24635
24624
24613
24602
24591
24579
24568
24556
24543
24531
24518
24505
24492
24478
24464
24450
24435
24421
24405
24390
24374
24357
24341
24324
24306
24288
24269
24251
24231
24211
24191
24170
24148
24126
24103
24079
24055
24030
24005
23978
23951
23923
23894
23864
23833
23801
23768
23734
23698
23662
23624
23584
23544
23501
23457
23411
23363
23314
23262
23208
23151
23092
23030
22965
22897
22826
22751
22672
22589
22502
22409
22311
22208
22097
21980
21855
21722
21580
21427
21263
21086
20895
20689
20464
20220
19953
19659
19336
18979
18582
18140
17643
17084
16451
15730
14905
13959
12868
11610
10162
8506
6634
4560
2325
0
2706
5272
7596
9634
11383
12868
14126
15193
16102
16882
17555
18140
18651
19102
19502
19858
20177
20464
20724
20961
21176
21374
21555
21722
21877
22020
22153
22277
22393
22502
22604
22699
22789
22874
22954
23030
23102
23170
23235
23297
23355
23411
23464
23515
23564
23611
23656
23698
23740
23779
23817
23854
23889
23923
23956
23987
24018
24047
24075
24103
24130
24155
24180
24204
24228
24251
24273
24294
24315
24335
24355
24374
24392
24410
24428
24445
24462
24478
24494
24509
24525
24539
24554
24568
24581
24595
24608
24621
24633
24645
24657
24669
24680
24692
24703
24713
24724
24734
24744
24754
24764
24773
24783
24792
24801
24810
24818
24827
24835
24843
24851
24859
24867
24874
24882
24889
24896
24904
24911
24917
24924
24931
24937
24944
24950
24956
24962
24962
24962
24956
24950
24944
24937
24931
24924
24917
24911
24904
24896
24889
24882
24874
24867
24859
24851
24843
24835
24827
24818
24810
24801
24792
24783
24773
24764
24754
24744
24734
24724
24713
24703
24692
24680
24669
24657
24645
24633
24621
24608
24595
24581
24568
24554
24539
24525
24509
24494
24478
24462
24445
24428
24410
24392
24374
24355
24335
24315
24294
24273
24251
24228
24204
24180
24155
24130
24103
24075
24047
24018
23987
23956
23923
23889
23854
23817
23779
23740
23698
23656
23611
23564
23515
23464
23411
23355
23297
23235
23170
23102
23030
22954
22874
22789
22699
22604
22502
22393
22277
22153
22020
21877
21722
21555
21374
21176
20961
20724
20464
20177
19858
19502
19102
18651
18140
17555
16882
16102
15193
14126
12868
11383
9634
7596
5272
2706
0
3234
6234
8854
11055
12868
14353
15574
16584
17428
18140
18746
19268
19720
20116
20464
20773
21049
21297
21520
21722
21906
22074
22229
22371
22502
22623
22736
22841
22939
23030
23116
23196
23272
23344
23411
23475
23535
23592
23647
23698
23748
23795
23839
23882
23923
23962
23999
24035
24070
24103
24135
24165
24195
24223
24251
24277
24302
24327
24351
24374
24396
24417
24438
24459
24478
24497
24516
24533
24551
24568
24584
24600
24615
24631
24645
24660
24674
24687
24700
24713
24726
24738
24750
24762
24773
24784
24795
24806
24816
24827
24837
24846
24856
24865
24874
24883
24892
24901
24909
24917
24925
24933
24941
24949
24956
24964
24971
24978
24985
24992
24998
25005
25011
25018
25024
25030
25036
25042
25048
25054
25059
25065
25070
25076
25081
25086
25091
25091
25091
25086
25081
25076
25070
25065
25059
25054
25048
25042
25036
25030
25024
25018
25011
25005
24998
24992
24985
24978
24971
24964
24956
24949
24941
24933
24925
24917
24909
24901
24892
24883
24874
24865
24856
24846
24837
24827
24816
24806
24795
24784
24773
24762
24750
24738
24726
24713
24700
24687
24674
24660
24645
24631
24615
24600
24584
24568
24551
24533
24516
24497
24478
24459
24438
24417
24396
24374
24351
24327
24302
24277
24251
24223
24195
24165
24135
24103
24070
24035
23999
23962
23923
23882
23839
23795
23748
23698
23647
23592
23535
23475
23411
23344
23272
23196
23116
23030
22939
22841
22736
22623
22502
22371
22229
22074
21906
21722
21520
21297
21049
20773
20464
20116
19720
19268
18746
18140
17428
16584
15574
14353
12868
11055
8854
6234
3234
0
4014
7596
10543
12868
14681
16102
17230
18140
18884
19502
20022
20464
20845
21176
21466
21722
21950
22153
22336
22502
22652
22789
22915
23030
23137
23235
23326
23411
23490
23564
23633
23698
23760
23817
23872
23923
23972
24018
24061
24103
24143
24180
24216
24251
24283
24315
24345
24374
24401
24428
24454
24478
24502
24525
24546
24568
24588
24608
24627
24645
24663
24680
24697
24713
24729
24744
24759
24773
24787
24801
24814
24827
24839
24851
24863
24874
24886
24896
24907
24917
24927
24937
24947
24956
24965
24974
24983
24992
25000
25008
25016
25024
25032
25039
25046
25054
25061
25068
25074
25081
25087
25094
25100
25106
25112
25118
25124
25129
25135
25140
25146
25151
25156
25161
25166
25171
25176
25181
25185
25190
25195
25199
25203
25208
25212
25216
25220
25220
25220
25216
25212
25208
25203
25199
25195
25190
25185
25181
25176
25171
25166
25161
25156
25151
25146
25140
25135
25129
25124
25118
25112
25106
25100
25094
25087
25081
25074
25068
25061
25054
25046
25039
25032
25024
25016
25008
25000
24992
24983
24974
24965
24956
24947
24937
24927
24917
24907
24896
24886
24874
24863
24851
24839
24827
24814
24801
24787
24773
24759
24744
24729
24713
24697
24680
24663
24645
24627
24608
24588
24568
24546
24525
24502
24478
24454
24428
24401
24374
24345
24315
24283
24251
24216
24180
24143
24103
24061
24018
23972
23923
23872
23817
23760
23698
23633
23564
23490
23411
23326
23235
23137
23030
22915
22789
22652
22502
22336
22153
21950
21722
21466
21176
20845
20464
20022
19502
18884
18140
17230
16102
14681
12868
10543
7596
4014
0
5272
9634
12868
15193
16882
18140
19102
19858
20464
20961
21374
21722
22020
22277
22502
22699
22874
23030
23170
23297
23411
23515
23611
23698
23779
23854
23923
23987
24047
24103
24155
24204
24251
24294
24335
24374
24410
24445
24478
24509
24539
24568
24595
24621
24645
24669
24692
24713
24734
24754
24773
24792
24810
24827
24843
24859
24874
24889
24904
24917
24931
24944
24956
24968
24980
24992
25003
25014
25024
25034
25044
25054
25063
25072
25081
25090
25098
25106
25114
25122
25129
25137
25144
25151
25158
25165
25171
25178
25184
25190
25196
25202
25208
25213
25219
25224
25229
25235
25240
25245
25249
25254
25259
25263
25268
25272
25277
25281
25285
25289
25293
25297
25301
25305
25309
25312
25316
25319
25323
25326
25330
25333
25336
25340
25343
25346
25349
25349
25349
25346
25343
25340
25336
25333
25330
25326
25323
25319
25316
25312
25309
25305
25301
25297
25293
25289
25285
25281
25277
25272
25268
25263
25259
25254
25249
25245
25240
25235
25229
25224
25219
25213
25208
25202
25196
25190
25184
25178
25171
25165
25158
25151
25144
25137
25129
25122
25114
25106
25098
25090
25081
25072
25063
25054
25044
25034
25024
25014
25003
24992
24980
24968
24956
24944
24931
24917
24904
24889
24874
24859
24843
24827
24810
24792
24773
24754
24734
24713
24692
24669
24645
24621
24595
24568
24539
24509
24478
24445
24410
24374
24335
24294
24251
24204
24155
24103
24047
23987
23923
23854
23779
23698
23611
23515
23411
23297
23170
23030
22874
22699
22502
22277
22020
21722
21374
20961
20464
19858
19102
18140
16882
15193
12868
9634
5272
0
7596
12868
16102
18140
19502
20464
21176
21722
22153
22502
22789
23030
23235
23411
23564
23698
23817
23923
24018
24103
24180
24251
24315
24374
24428
24478
24525
24568
24608
24645
24680
24713
24744
24773
24801
24827
24851
24874
24896
24917
24937
24956
24974
24992
25008
25024
25039
25054
25068
25081
25094
25106
25118
25129
25140
25151
25161
25171
25181
25190
25199
25208
25216
25224
25232
25240
25247
25254
25261
25268
25275
25281
25287
25293
25299
25305
25310
25316
25321
25326
25331
25336
25341
25346
25350
25355
25359
25364
25368
25372
25376
25380
25384
25387
25391
25395
25398
25402
25405
25408
25412
25415
25418
25421
25424
25427
25430
25433
25435
25438
25441
25443
25446
25449
25451
25453
25456
25458
25461
25463
25465
25467
25470
25472
25474
25476
25478
25478
25478
25476
25474
25472
25470
25467
25465
25463
25461
25458
25456
25453
25451
25449
25446
25443
25441
25438
25435
25433
25430
25427
25424
25421
25418
25415
25412
25408
25405
25402
25398
25395
25391
25387
25384
25380
25376
25372
25368
25364
25359
25355
25350
25346
25341
25336
25331
25326
25321
25316
25310
25305
25299
25293
25287
25281
25275
25268
25261
25254
25247
25240
25232
25224
25216
25208
25199
25190
25181
25171
25161
25151
25140
25129
25118
25106
25094
25081
25068
25054
25039
25024
25008
24992
24974
24956
24937
24917
24896
24874
24851
24827
24801
24773
24744
24713
24680
24645
24608
24568
24525
24478
24428
24374
24315
24251
24180
24103
24018
23923
23817
23698
23564
23411
23235
23030
22789
22502
22153
21722
21176
20464
19502
18140
16102
12868
7596
0
12868
18140
20464
21722
22502
23030
23411
23698
23923
24103
24251
24374
24478
24568
24645
24713
24773
24827
24874
24917
24956
24992
25024
25054
25081
25106
25129
25151
25171
25190
25208
25224
25240
25254
25268
25281
25293
25305
25316
25326
25336
25346
25355
25364
25372
25380
25387
25395
25402
25408
25415
25421
25427
25433
25438
25443
25449
25453
25458
25463
25467
25472
25476
25480
25484
25488
25491
25495
25498
25502
25505
25508
25512
25515
25517
25520
25523
25526
25529
25531
25534
25536
25539
25541
25543
25545
25548
25550
25552
25554
25556
25558
25560
25562
25563
25565
25567
25569
25570
25572
25574
25575
25577
25578
25580
25581
25583
25584
25586
25587
25588
25590
25591
25592
25593
25595
25596
25597
25598
25599
25601
25602
25603
25604
25605
25606
25607
25607
25607
25606
25605
25604
25603
25602
25601
25599
25598
25597
25596
25595
25593
25592
25591
25590
25588
25587
25586
25584
25583
25581
25580
25578
25577
25575
25574
25572
25570
25569
25567
25565
25563
25562
25560
25558
25556
25554
25552
25550
25548
25545
25543
25541
25539
25536
25534
25531
25529
25526
25523
25520
25517
25515
25512
25508
25505
25502
25498
25495
25491
25488
25484
25480
25476
25472
25467
25463
25458
25453
25449
25443
25438
25433
25427
25421
25415
25408
25402
25395
25387
25380
25372
25364
25355
25346
25336
25326
25316
25305
25293
25281
25268
25254
25240
25224
25208
25190
25171
25151
25129
25106
25081
25054
25024
24992
24956
24917
24874
24827
24773
24713
24645
24568
24478
24374
24251
24103
23923
23698
23411
23030
22502
21722
20464
18140
12868
