$date
        2025-May-29 14:25:40
$end
$version
        Vivado v2023.1 (64-bit)
$end
$timescale
        1ps
$end
$scope module dut $end
$var reg 8 " w_data_i [7:0] $end
$var reg 8 * w_data_q [7:0] $end
$var reg 8 2 w_data_out_i [7:0] $end
$var reg 8 : w_data_out_q [7:0] $end
$var reg 11 B w_data_phase_error [10:0] $end
$var reg 1 M _TRIGGER $end
$var reg 1 N _WINDOW $end
$var reg 1 O _GAP $end
$upscope $end
$enddefinitions $end
#0
$dumpvars
b100011 "
b11000 *
b11111 2
b11100011 :
b0 B
0M
1N
0O
$end
#16384
1M
#16385
b1001000 "
b1100111 *
b1001000 2
b1100111 :
b10 B
#16386
b11110 "
b10100111 *
b11101 2
b10100111 :
b101 B
#16387
b11111110 "
b1011110 *
b1 2
b1011110 :
b10110 B
#16388
b11001111 "
b10110000 *
b11000101 2
b10110111 :
b11111111111 B
#16389
b101001 "
b1011 *
b101010 2
b110 :
b101000 B
#16390
b1010010 "
b11010011 *
b1000000 2
b10111100 :
b11111010010 B
#16391
b1110 "
b1011101 *
b11011 2
b1011010 :
b11110101101 B
#16392
b100001 "
b1111010 *
b111 2
b1111110 :
b11111111101 B
#16393
b1011 "
b10000011 *
b101000 2
b10001010 :
b100 B
#16394
b11000101 "
b10110111 *
b11011001 2
b10101011 :
b100010 B
#16395
b11110 "
b1011001 *
b10100 2
b1011100 :
b1 B
#16396
b100110 "
b11101110 *
b101000 2
b11110010 :
b11111110010 B
#16397
b1011 "
b1111101 *
b11110100 2
b1111101 :
b1110 B
#16398
b1111010 "
b100001 *
b1110100 2
b110010 :
b111010 B
#16399
b11000 "
b11011101 *
b10100 2
b11011011 :
b11111100011 B
#16400
b11010011 "
b1010010 *
b11010011 2
b1010010 :
b1011 B
#16401
b10111010 "
b111110 *
b10111110 2
b1000010 :
b11111011011 B
#16402
b10000011 "
b11110101 *
b10000100 2
b11101011 :
b10111 B
#16403
b1110010 "
b110101 *
b1110011 2
b110010 :
b0 B
#16404
b11100010 "
b11100010 *
b11100001 2
b11100011 :
b11111101100 B
#16405
b1001001 "
b111011 *
b1000110 2
b111110 :
b1011 B
#16406
b110001 "
b1010000 *
b110010 2
b1010000 :
b11111111011 B
#16407
b11000010 "
b1000110 *
b11000010 2
b1000110 :
b110100 B
#16408
b1011101 "
b1110 *
b1011110 2
b11111001 :
b11111100010 B
#16409
b1010010 "
b101101 *
b1010111 2
b100011 :
b110100 B
#16410
b11101101 "
b1011100 *
b1110 2
b1011101 :
b11111 B
#16411
b1010000 "
b110001 *
b1011110 2
b10 :
b1000 B
#16412
b1011110 "
b11111110 *
b1001101 2
b11001001 :
b10110 B
#16413
b11110 "
b10100111 *
b11011100 2
b10101001 :
b11111011010 B
#16414
b1001001 "
b111011 *
b1011110 2
b110 :
#16415
b1111101 "
b11110101 *
b1101010 2
b10111100 :
b11111110111 B
#16416
b1011100 "
b11101101 *
b1001011 2
b11000110 :
b11111011111 B
#16417
b10101110 "
b101101 *
b11000001 2
b1000110 :
b11100 B
#16418
b11000 "
b100011 *
b100101 2
b10100 :
b11111010101 B
#16419
b10100100 "
b11101101 *
b10100011 2
b1000 :
b110101 B
#16420
b100010 "
b1010111 *
b1000111 2
b111100 :
b11111011010 B
#16421
b10100010 "
b10 *
b10101000 2
b100010 :
b11110 B
#16422
b11110 "
b1011001 *
b1000011 2
b1000011 :
b110001 B
#16423
b111011 "
b10110111 *
b0 2
b10100010 :
b11111111010 B
#16424
b101010 "
b11111100 *
b11111 2
b11100011 :
b0 B
#16425
b1011100 "
b11101101 *
b111100 2
b10110111 :
b10100000 B
#16426
b10101110 "
b101101 *
b11101 2
b1011001 :
b101 B
#16427
b101101 "
b10101110 *
b10110010 2
b11001100 :
b101111 B
#16428
b1000110 "
b11000010 *
b10110101 2
b11000111 :
b1 B
#16429
b11001111 "
b1010000 *
b1011010 2
b11000 :
b100010 B
#16430
b1110010 "
b110101 *
b11110011 2
b10000011 :
b101010 B
#16431
b11110 "
b11100010 *
b11010110 2
b10 :
b11111111000 B
#16432
b110101 "
b1110010 *
b11011 2
b10000101 :
b11100 B
#16433
b100010 "
b10101001 *
b10111110 2
b1000010 :
b1011111 B
#16434
b101001 "
b1011 *
b11010110 2
b11111010 :
b11111110011 B
#16435
b1100111 "
b1001000 *
b10001011 2
b11010011 :
b0 B
#16436
b11110010 "
b10100011 *
b110001 2
b1010001 :
b11110101101 B
#16437
b11011111 "
b10000110 *
b111001 2
b1110000 :
b110 B
#16438
b11110101 "
b1111101 *
b11011111 2
b10000111 :
b11111100011 B
#16439
b11000101 "
b10110111 *
b1010001 2
b101111 :
b11111101101 B
#16440
b10100111 "
b1011001 *
b101111 2
b10001011 :
b111 B
#16441
b11000101 "
b1001001 *
b1101 2
b10100011 :
b11010 B
#16442
b10110000 "
b110001 *
b11000 2
b10100101 :
b1000 B
#16443
b10111010 "
b11000010 *
b1011100 2
b11101111 :
b11111101001 B
#16444
b11010011 "
b10101110 *
b1011101 2
b1101 :
b11111111000 B
#16445
b1010010 "
b101101 *
b10101110 2
b101101 :
b10010 B
#16446
b111110 "
b1000110 *
b10101000 2
b100000 :
b11111101001 B
#16447
b110001 "
b10110000 *
b111010 2
b1001010 :
#16448
b10001110 "
b11001011 *
b1010111 2
b10100101 :
b11111111100 B
#16449
b11100010 "
b11110 *
b11101011 2
b11011100 :
b11111010100 B
#16450
b10 "
b10100010 *
b1011000 2
b100001 :
b11111111110 B
#16451
b1010000 "
b11001111 *
b11010 2
b1011010 :
b100000 B
#16452
b10011 "
b1011100 *
b10100011 2
b10000 :
b101 B
#16453
b11000 "
b11011101 *
b100101 2
b10101 :
#16454
b1010010 "
b101101 *
b11100110 2
b1011010 :
b10011 B
#16455
b111110 "
b1000110 *
b11011000 2
b1010101 :
b11111011101 B
#16456
b11111100 "
b101010 *
b1011 :
b11111111011 B
#16457
b11011010 "
b11101110 *
b0 2
b11010110 :
b1111 B
#16458
b1011001 "
b11100010 *
b1001100 2
b111000 :
b1000011 B
#16459
b10001110 "
b110101 *
b10000011 2
b11110000 :
b1100101 B
#16460
b101010 "
b11111100 *
b101010 2
b11111100 :
b101000 B
#16461
b1000110 "
b111110 *
b1010110 2
b100101 :
b11111100111 B
#16462
b11011101 "
b11101000 *
b11010110 2
b11111000 :
b1011001 B
#16463
b11000 *
b0 2
b101011 :
b1011 B
#16464
b1111010 "
b11011111 *
b1011 2
b10000011 :
b11110110011 B
#16465
b10000011 "
b11110101 *
b10111101 2
b1101010 :
b11110011011 B
#16466
b111011 "
b1001001 *
b1011110 2
b100 :
b11111100010 B
#16467
b11110 "
b11100010 *
b11111100 2
b11010110 :
b11111100100 B
#16468
b11000101 "
b1001001 *
b10011 2
b1011100 :
b11111011100 B
#16469
b11011110 "
b1010111 *
b101011 2
b1010010 :
b1011000 B
#16470
b1111010 "
b100001 *
b111101 2
b10010010 :
b1111 B
#16471
b11000 "
b11011101 *
b11011110 2
b11100111 :
b11111101011 B
#16472
b11010011 "
b1010010 *
b1010100 2
b101010 :
b11000 B
#16473
b1111010 "
b11011111 *
b10111111 2
b10010100 :
b11111101100 B
#16474
b100010 "
b1010111 *
b1000111 2
b11000011 :
b10010 B
#16475
b11111110 "
b10100010 *
b10110010 2
b110100 :
b11111 B
#16476
b11110 "
b1011001 *
b100101 2
b10101001 :
b11111001110 B
#16477
b10010 "
b100110 *
b1110 2
b11011000 :
b11111011110 B
#16478
b10110000 "
b110001 *
b1011011 2
b10111 :
b1010 B
#16479
b11011111 "
b1111010 *
b1100010 2
b10110000 :
b11111000111 B
#16480
b1001000 "
b10011001 *
b10000101 2
b11011 :
b11111110111 B
#16481
b10101110 "
b11010011 *
b100100 2
b1010110 :
b1101 B
#16482
b11010111 "
b1011 *
b101001 2
b1010 :
#16483
b100 "
b11010110 *
b11101110 2
b100111 :
b11111110110 B
#16484
b10010 "
b11011010 *
b11100101 2
b100000 :
b11110111010 B
#16485
b11110 "
b11110 *
b11110010 2
b11011000 :
b11111010011 B
#16486
b10001110 "
b110101 *
b1111101 2
b1100 :
b11111110110 B
#16487
b10101001 "
b11011110 *
b111101 2
b1000111 :
b111001 B
#16488
b10100100 "
b10011 *
b1011110 2
b11111100 :
b11111100011 B
#16489
b10100011 "
b11110010 *
b1011001 2
b11111 :
b11111001110 B
#16490
b11010011 "
b1010010 *
b1000011 2
b10111111 :
b100100 B
#16491
b11010111 "
b1011 *
b101010 2
b11111000 :
b10 B
#16492
b11111100 "
b101010 *
b10 2
b11010110 :
#16493
b1110010 "
b110101 *
b10001000 2
b11011011 :
b1001101 B
#16494
b11100010 "
b10100111 *
b1001001 2
b111011 :
b11110100010 B
#16495
b10001110 "
b110101 *
b1011110 2
b10101100 :
b11111111101 B
#16496
b110001 "
b1010000 *
b10110100 2
b11001000 :
b101110 B
#16497
b1011 "
b11010111 *
b10001 2
b100111 :
b1000 B
#16498
b10111000 "
b1100111 *
b11100111 2
b10000101 :
b101000 B
#16499
b1100111 "
b10111000 *
b10001 2
b1111101 :
b101111 B
#16500
b1011100 "
b10011 *
b11011111 2
b1011000 :
b1111 B
#16501
b101010 "
b100 *
b11111111 2
b101010 :
b11000 B
#16502
b11000101 "
b10110111 *
b110100 2
b10110010 :
b101 B
#16503
b11100010 "
b10100111 *
b1000001 2
b10111100 :
b11110011111 B
#16504
b11000101 "
b1001001 *
b10101011 2
b11010111 :
b100010 B
#16505
b10110000 "
b110001 *
b10101111 2
b11010001 :
b11111111110 B
#16506
b11010111 "
b11110101 *
b11110001 2
b11011001 :
b10001 B
#16507
b1001000 "
b10011001 *
b1111010 2
b11100100 :
b11010 B
#16508
b10011001 "
b1001000 *
b10000011 2
b10000 :
b110101 B
#16509
b1011 "
b101001 *
b111 2
b101010 :
b1100 B
#16510
b10000011 *
b11111101 2
b10000011 :
b11001 B
#16511
b10 "
b1011110 *
b100110 2
b1010110 :
b1001111 B
#16512
b10100111 "
b11110 *
b11100010 2
b1011000 :
b100110 B
#16513
b1001001 "
b111011 *
b1001110 2
b11001011 :
b11111110100 B
#16514
b1111101 "
b11110101 *
b11 2
b10000011 :
b1 B
#16515
b100001 "
b10000110 *
b10000011 2
b11101101 :
b11111011101 B
#16516
b1110 "
b10100011 *
b10100001 2
b11 :
b11111011010 B
#16517
b11011101 "
b11000 *
b11111 2
b11101 :
b11111101010 B
#16518
b11011111 "
b10000110 *
b10010110 2
b1000101 :
b100101 B
#16519
b1010111 "
b11011110 *
b10101111 2
b11010000 :
b11111111011 B
#16520
b10100010 "
b10 *
b1001000 2
b111101 :
b11011 B
#16521
b1011001 "
b1011001 *
b11010011 2
b10001011 :
#16522
b11111110 "
b1011110 *
b1011 2
b10100011 :
b110001 B
#16523
b110001 "
b1010000 *
b10111000 2
b11000100 :
b11111111010 B
#16524
b1011100 "
b11101101 *
b10111011 2
b111111 :
b11111100110 B
#16525
b10101110 "
b101101 *
b100110 2
b10101011 :
b110000 B
#16526
b10111000 "
b10011001 *
b1111101 2
b11110011 :
b11111001010 B
#16527
b11101101 "
b1011100 *
b10111001 2
b11000010 :
b1101 B
#16528
b1010111 "
b11011110 *
b1101 2
b1011101 :
b11100 B
#16529
b11000101 "
b10110111 *
b1000010 2
b10111101 :
b110011 B
#16530
b1011001 "
b11110 *
b10101 2
b1011100 :
b10111 B
#16531
b11111110 "
b1011110 *
b11000011 2
b1001000 :
b0 B
#16532
b1010000 "
b11001111 *
b1011101 2
b11110100 :
b1100 B
#16533
b1111010 "
b100001 *
b1110101 2
b101111 :
b110001 B
#16534
b11000 "
b11011101 *
b1011 2
b11010111 :
b11001 B
#16535
b11110010 "
b10100011 *
b10111000 2
b11000100 :
b1000 B
#16536
b1111010 "
b11011111 *
b100000 2
b10000110 :
b11110111101 B
#16537
b1111101 "
b1011 *
b1001001 2
b10011010 :
b110000 B
#16538
b1001001 "
b11000101 *
b11001010 2
b10110011 :
b11111111000 B
#16539
b11110 "
b10100111 *
b10100011 2
b11110010 :
b11111101011 B
#16540
b10100010 "
b11111110 *
b100000 2
b1011000 :
b11111011011 B
#16541
b1111101 "
b11110101 *
b10111100 2
b10010110 :
b11111101010 B
#16542
b10000110 "
b11011111 *
b101101 2
b1110110 :
b11111111100 B
#16543
b11011101 "
b11101000 *
b1011 2
b101001 :
b11011 B
#16544
b1110 "
b1011101 *
b10011 2
b10100100 :
b11111111010 B
#16545
b111110 "
b1000110 *
b11001011 2
b10110011 :
b1000011 B
#16546
b100010 "
b1010111 *
b10111110 2
b10111110 :
b11111110001 B
#16547
b11111110 "
b10100010 *
b111001 2
b1001011 :
b11111011100 B
#16548
b10100111 "
b11100010 *
b1010110 2
b11011010 :
b0 B
#16549
b111011 "
b10110111 *
b11100 2
b1011001 :
b11111010110 B
#16550
b100010 "
b10101001 *
b111010 2
b1001000 :
b11111110100 B
#16551
b10111010 "
b11000010 *
b1010010 2
b11010010 :
b10 B
#16552
b11011101 "
b11101000 *
b11100 2
b11011111 :
b11111010010 B
#16553
b1011101 "
b11110010 *
b111 2
b1011110 :
b11111101000 B
#16554
b10100100 "
b11101101 *
b1111 2
b10100011 :
b11111110110 B
#16555
b10000011 "
b11110101 *
b11110010 2
b10000100 :
b100000 B
#16556
b1110010 "
b110101 *
b1111 2
b1111101 :
b11111101011 B
#16557
b11110 "
b11110 *
b11111100 2
b101010 :
b11011 B
#16558
b1001001 "
b111011 *
b11111 2
b1011001 :
b11010 B
#16559
b11111100 "
b11010110 *
b110 2
b11010110 :
b11110101000 B
#16560
b11011111 "
b1111010 *
b10110011 2
b1100101 :
b11111111110 B
#16561
b11011101 "
b11101000 *
b11100011 2
b11100001 :
b11110101110 B
#16562
b11110010 "
b10100011 *
b10011 2
b10100100 :
b11111101111 B
#16563
b11110101 "
b11010111 *
b0 2
b11010101 :
b100 B
#16564
b10110000 "
b11001111 *
b10110100 2
b11001000 :
b11111110001 B
#16565
b111011 "
b1001001 *
b111100 2
b1001001 :
b1100101 B
#16566
b11110 "
b11100010 *
b1000 2
b11010110 :
b101000 B
#16567
b10010 "
b100110 *
b101001 2
b111 :
b11111010001 B
#16568
b11011110 "
b1010111 *
b110100 2
b1001110 :
b11110110100 B
#16569
b100001 "
b10000110 *
b10111100 2
b10010101 :
b11110110001 B
#16570
b1100111 "
b1001000 *
b1111110 2
b11111100 :
b11111011110 B
#16571
b100011 "
b11101000 *
b1110 2
b11011001 :
b11100 B
#16572
b10000110 "
b100001 *
b11001000 2
b1110001 :
b100101 B
#16573
b110001 "
b10110000 *
b11001101 2
b10110010 :
b11111001000 B
#16574
b100110 "
b10010 *
b100011 2
b11101010 :
b10010 B
#16575
b10100111 "
b10100111 *
b10001101 2
b110011 :
b11111011111 B
#16576
b1001001 "
b111011 *
b1010010 2
b11010100 :
b11101 B
#16577
b100 "
b101010 *
b101010 2
b11 :
b11111110100 B
#16578
b100001 "
b10000110 *
b10001011 2
b11010010 :
b11111101010 B
#16579
b10111000 "
b1100111 *
b1011111 2
b1010001 :
b11110100100 B
#16580
b10011001 "
b1001000 *
b11010 2
b1111011 :
b111 B
#16581
b100001 "
b1111010 *
b1111110 2
b110 :
b11111110101 B
#16582
b1011 "
b10000011 *
b10001011 2
b11010001 :
b1110 B
#16583
b11001011 "
b1110010 *
b1100111 2
b1001000 :
b11111011101 B
#16584
b1011001 "
b10100111 *
b11000001 2
b10010011 :
b1000 B
#16585
b10010 "
b100110 *
b101000 2
b11110101 :
b11111101001 B
#16586
b100 "
b101010 *
b101010 2
b110 :
b11111100110 B
#16587
b10011 "
b1011100 *
b1011110 2
b1001 :
b1000011 B
#16588
b10100011 "
b11110010 *
b11110100 2
b1011101 :
b11110101101 B
#16589
b11010011 "
b1010010 *
b1000011 2
b1000001 :
b11111100011 B
#16590
b11110101 "
b11010111 *
b11010110 2
b11111011 :
b11111100111 B
#16591
b100010 "
b1010111 *
b1011101 2
b111 :
b11111111110 B
#16592
b11101110 "
b100110 *
b11010 2
b100001 :
b11110101010 B
#16593
b11100010 "
b1011001 *
b100111 2
b1010110 :
b11111100001 B
#16594
b11011010 "
b10010 *
b11101011 2
b100101 :
b1111 B
#16595
b11011110 "
b1010111 *
b11001 2
b1011001 :
b11111110011 B
#16596
b101001 "
b1011 *
b101001 2
b11110011 :
b11111011110 B
#16597
b11000 "
b11011101 *
b1001 2
b11010111 :
b110 B
#16598
b101101 "
b10101110 *
b1101 2
b10100100 :
b111110 B
#16599
b111110 "
b1000110 *
b1011011 2
b11001 :
b11110111000 B
#16600
b101010 "
b100 *
b101010 2
b11111001 :
b11111101001 B
#16601
b100110 "
b10010 *
b101000 2
b1110 :
b11111111001 B
#16602
b10100111 "
b1011001 *
b10101010 2
b1011100 :
b1010000 B
#16603
b11011010 "
b10010 *
b11100010 2
b11101 :
b11111000110 B
#16604
b1011 "
b1111101 *
b10010 2
b1111100 :
b11111111100 B
#16605
b11010111 *
b1011 2
b11010111 :
b11 B
#16606
b1110 "
b10100011 *
b10010 2
b10100100 :
b10111 B
#16607
b1011101 *
b1111 2
b1011101 :
b11110111101 B
#16608
b11101101 "
b1011100 *
b11010011 2
b1010010 :
b11111110000 B
#16609
b1011 "
b10000011 *
b111111 2
b10010100 :
b10101 B
#16610
b111011 "
b1001001 *
b11001 2
b1011011 :
b10111 B
#16611
b11100010 "
b1011001 *
b11000011 2
b1001000 :
b11011 B
#16612
b100110 "
b11101110 *
b101001 2
b11111011 :
b111 B
#16613
b100 "
b101010 *
b11110111 2
b101001 :
b110001 B
#16614
b10111010 "
b11000010 *
b11000101 2
b10111000 :
b1010101 B
#16615
b10100011 "
b11110010 *
b10100010 2
b10 :
b11110111000 B
#16616
b11010011 "
b1010010 *
b11001000 2
b1001011 :
b11111010001 B
#16617
b101001 "
b11110101 *
b101010 2
b100 :
b100110 B
#16618
b11010110 "
b11111100 *
b11011000 2
b11110010 :
b101001 B
#16619
b10 "
b1011110 *
b11111011 2
b1011110 :
b11110100111 B
#16620
b11110 "
b11110 *
b1110 2
b101000 :
b11111000110 B
#16621
b11011010 "
b10010 *
b11011000 2
b11110011 :
b11111011110 B
#16622
b10101001 "
b11011110 *
b11101010 2
b10100101 :
b111001 B
#16623
b11000010 "
b1000110 *
b10100011 2
b110 :
b11111000011 B
#16624
b1110 "
b10100011 *
b1011001 2
b11100001 :
b1011 B
#16625
b1100111 "
b10111000 *
b1101110 2
b111110 :
b100001 B
#16626
b10111010 "
b111110 *
b10100111 2
b11100011 :
b11111111110 B
#16627
b11111100 "
b101010 *
b11011001 2
b1111 :
b11001 B
#16628
b110101 "
b10001110 *
b1111110 2
b11110101 :
b11111111111 B
#16629
b1011001 "
b1011001 *
b11011010 2
b1111000 :
b110110 B
#16630
b10010 "
b100110 *
b11101101 2
b100101 :
b11110 B
#16631
b11111100 "
b11010110 *
b11011 2
b11100000 :
b11111111110 B
#16632
b1000110 "
b111110 *
b10 2
b1011101 :
b11111011001 B
#16633
b10111000 "
b1100111 *
b10000011 2
b11111010 :
b11111110110 B
#16634
b11101000 "
b11011101 *
b10100 2
b11011011 :
b100110 B
#16635
b10100100 "
b11101101 *
b11011001 2
b10101010 :
b11111011101 B
#16636
b10000011 "
b11110101 *
b11010010 2
b10001011 :
b11111011011 B
#16637
b10110111 "
b111011 *
b10110011 2
b11001010 :
b11111110011 B
#16638
b11110 "
b1011001 *
b10101101 2
b101101 :
b11111111001 B
#16639
b11001011 "
b10001110 *
b1101100 2
b11000000 :
b100101 B
#16640
b100 "
b101010 *
b11011000 2
b1101 :
b11111101001 B
#16641
b1011100 "
b11101101 *
b11001 2
b1011011 :
b11111100101 B
#16642
b11000 "
b11011101 *
b100001 2
b11011 :
b111101 B
#16643
b1100111 "
b10111000 *
b1010100 2
b1011101 :
b111 B
#16644
b100001 "
b1111010 *
b10001011 2
b110000 :
b11111110011 B
#16645
b1111101 "
b1011 *
b11111010 2
b1111101 :
b110 B
#16646
b11000101 "
b10110111 *
b1001000 2
b11000011 :
b11111110111 B
#16647
b10100111 "
b11110 *
b11100110 2
b10100110 :
b11111011101 B
#16648
b10010 "
b100110 *
b11010111 2
b1001 :
b11111001111 B
#16649
b10000011 "
b1011 *
b110001 2
b10001101 :
b101 B
#16650
b100001 "
b10000110 *
b1011000 2
b1011011 :
b1001001 B
#16651
b100011 "
b11000 *
b11011111 2
b11010 :
b1010 B
#16652
b1001000 "
b1100111 *
b10001001 2
b100110 :
b10 B
#16653
b111110 "
b1000110 *
b10101001 2
b100011 :
b10000 B
#16654
b1111101 "
b1011 *
b11001111 2
b1110100 :
b1 B
#16655
b1110010 "
b110101 *
b10100111 2
b1011001 :
b11111111000 B
#16656
b11100010 "
b11100010 *
b100111 2
b11110001 :
b1010 B
#16657
b1110010 "
b11001011 *
b10 2
b1111110 :
b0 B
#16658
b11011110 "
b1010111 *
b11000001 2
b10111010 :
b110110 B
#16659
b11110101 "
b101001 *
b11011011 2
b11101010 :
b100111 B
#16660
b11010011 "
b10101110 *
b1010110 2
b11011100 :
b11111001011 B
#16661
b11101000 "
b11011101 *
b101001 2
b11110100 :
b11111100000 B
#16662
b1011100 "
b10011 *
b11000101 2
b1001001 :
b11111110110 B
#16663
b11111100 "
b101010 *
b11011110 2
b11100111 :
b1000001 B
#16664
b10 "
b1011110 *
b10100101 2
b11101000 :
b101110 B
#16665
b1011001 "
b1011001 *
b10011111 2
b1010001 :
b11111101100 B
#16666
b10001110 "
b110101 *
b11011110 2
b10001000 :
b11111111000 B
#16667
b1010000 "
b11001111 *
b100010 2
b1011000 :
b1100 B
#16668
b10100100 "
b10011 *
b11111000 2
b10100011 :
b110 B
#16669
b101101 "
b1010010 *
b10101010 2
b100111 :
b11111111010 B
#16670
b11101000 "
b11011101 *
b100101 2
b11101011 :
b11110 B
#16671
b11110101 "
b11010111 *
b101000 2
b11110011 :
b11111110011 B
#16672
b101010 "
b100 *
b11111101 2
b101010 :
b100011 B
#16673
b10 "
b1011110 *
b10100011 2
b10100 :
b111101 B
#16674
b10100111 "
b1011001 *
b10000111 2
b11011011 :
b11110100101 B
#16675
b10 "
b10100010 *
b1011101 2
b11110011 :
b1110 B
#16676
b1010000 "
b11001111 *
b1000011 2
b1000001 :
b11111111101 B
#16677
b11010111 "
b11110101 *
b0 2
b11010110 :
b10111 B
#16678
b11110010 "
b1011101 *
b10100100 2
b11000 :
b11111111110 B
#16679
b11000 "
b100011 *
b11101010 2
b100101 :
b1100101 B
#16680
b10011 "
b10100100 *
b1000111 2
b11000011 :
b1000 B
#16681
b110001 "
b10110000 *
b1010100 2
b11010110 :
b11111100001 B
#16682
b11011010 "
b11101110 *
b11101011 2
b11011100 :
b11111001110 B
#16683
b10100111 "
b10100111 *
b11111010 2
b10000010 :
b11111101110 B
#16684
b11001011 "
b10001110 *
b100111 2
b10001001 :
b100000 B
#16685
b10101001 "
b11011110 *
b11001001 2
b10110100 :
b100011 B
#16686
b101001 "
b1011 *
b100010 2
b11000 :
b11111111111 B
#16687
b10101110 "
b101101 *
b10100101 2
b10101 :
b11111011001 B
#16688
b1001000 "
b1100111 *
b100000 2
b1111010 :
b11111101010 B
#16689
b11101101 "
b1011100 *
b11001011 2
b1001110 :
b1100 B
#16690
b10110000 "
b11001111 *
b11000001 2
b10111010 :
b1000 B
#16691
b11111110 "
b10100010 *
b10000 2
b10100011 :
b100011 B
#16692
b1011001 "
b11100010 *
b1011000 2
b11011111 :
b11111001011 B
#16693
b11101110 "
b11011010 *
b11110010 2
b11011000 :
b11111101101 B
#16694
b1011 "
b1111101 *
b11111011 2
b1111101 :
b11111111011 B
#16695
b1000110 "
b111110 *
b1000001 2
b1000100 :
b111001 B
#16696
b10100011 "
b11110010 *
b10100010 2
b110 :
b11111011100 B
#16697
b1100111 "
b10111000 *
b1011100 2
b10101011 :
b10 B
#16698
b11110101 "
b11010111 *
b11101100 2
b11011010 :
b100001 B
#16699
b101010 "
b100 *
b101000 2
b11110011 :
b110 B
#16700
b1001001 "
b11000101 *
b100010 2
b10101000 :
b100110 B
#16701
b11100010 "
b11110 *
b11111111 2
b101011 :
b111101 B
#16702
b1011110 "
b10 *
b101010 2
b10101101 :
b110 B
#16703
b11001111 "
b10110000 *
b10100101 2
b10111 :
b11110011111 B
#16704
b10000110 "
b11011111 *
b10011111 2
b1010001 :
b10011 B
#16705
b11000 "
b11011101 *
b11101010 2
b11011011 :
b1001 B
#16706
b10101110 "
b11010011 *
b10111100 2
b1000000 :
b1100 B
#16707
b11011111 "
b10000110 *
b10000010 2
b1011 :
b11111 B
#16708
b10110000 "
b11001111 *
b11010011 2
b1010011 :
b100 B
#16709
b1001001 "
b11000101 *
b10111001 2
b11000010 :
b11110 B
#16710
b1011001 "
b11110 *
b11111001 2
b10100010 :
b10111 B
#16711
b1011110 "
b10 *
b11001100 2
b10110010 :
b110011 B
#16712
b10110000 "
b110001 *
b1011110 2
b111 :
b100000 B
#16713
b10111010 "
b11000010 *
b101101 2
b1010010 :
b11111011110 B
#16714
b100011 "
b11000 *
b11100111 2
b11011110 :
b11111100001 B
#16715
b10101110 "
b11010011 *
b111110 2
b1000110 :
b11111101001 B
#16716
b1111010 "
b11011111 *
b10000010 2
b11111010 :
b10011 B
#16717
b11001111 "
b1010000 *
b111010 2
b10110110 :
b11111001100 B
#16718
b11011010 "
b11101110 *
b100001 2
b11010 :
b11111011101 B
#16719
b11100010 "
b11100010 *
b10110 2
b100100 :
b101100 B
#16720
b11011010 "
b10010 *
b100101 2
b11101101 :
b11111110000 B
#16721
b11110101 "
b10000011 *
b10101 2
b1111100 :
b11110 B
#16722
b1011100 "
b11101101 *
b10101110 2
b101101 :
b101000 B
#16723
b11110010 "
b1011101 *
b11011000 2
b10101010 :
b10100 B
#16724
b11101000 "
b11011101 *
b101010 2
b1000 :
b11111101001 B
#16725
b11011111 "
b10000110 *
b1110001 2
b111010 :
b11111110001 B
#16726
b10101001 "
b100010 *
b11011 2
b10100111 :
b11110110011 B
#16727
b10110111 "
b111011 *
b10011 2
b10100100 :
b10100 B
#16728
b10100111 "
b11100010 *
b1010001 2
b11010001 :
b11111111101 B
#16729
b11001011 "
b10001110 *
b1111100 2
b11000 :
b11111110001 B
#16730
b10101001 "
b11011110 *
b1001101 2
b11001011 :
b11111100110 B
#16731
b11101101 "
b10100100 *
b1010110 2
b100110 :
b11111101111 B
#16732
b10111000 "
b1100111 *
b11010101 2
b10001010 :
b11111011100 B
#16733
b11101000 "
b11011101 *
b101010 2
b100 :
b1100 B
#16734
b10000110 "
b100001 *
b101000 2
b10001000 :
b11111111100 B
#16735
b101010 "
b100 *
b11100111 2
b100010 :
b11110100111 B
#16736
b10110111 "
b111011 *
b10000 2
b10100100 :
b0 B
#16737
b10100111 "
b11110 *
b101101 2
b10101110 :
b11111101101 B
#16738
b10110111 "
b11000101 *
b1011110 2
b11111110 :
#16739
b10101001 "
b11011110 *
b1011001 2
b11100111 :
b10111 B
#16740
b11000010 "
b1000110 *
b11111100 2
b10100011 :
b100110 B
#16741
b1001000 "
b10011001 *
b101010 2
b1110110 :
b110 B
#16742
b11010011 "
b1010010 *
b11010010 2
b10101110 :
b100100 B
#16743
b1000110 "
b11000010 *
b100001 2
b1011000 :
b11111111101 B
#16744
b1111101 "
b1011 *
b11001111 2
b1110100 :
b11111101000 B
#16745
b111011 "
b1001001 *
b10100111 2
b11101 :
b11111111011 B
#16746
b11110 "
b11100010 *
b10010 2
b100110 :
b1010 B
#16747
b11111110 "
b1011110 *
b10100101 2
b11100111 :
b1 B
#16748
b10101001 "
b11011110 *
b110001 2
b10110000 :
b101011 B
#16749
b100001 "
b10000110 *
b1111100 2
b11011 :
b11111111001 B
#16750
b10101110 "
b101101 *
b11001100 2
b10110010 :
b11101 B
#16751
b11010011 "
b1010010 *
b10100101 2
b11101011 :
b11111110010 B
#16752
b100001 "
b1111010 *
b10010100 2
b1000010 :
b11111011110 B
#16753
b1010111 "
b11011110 *
b110010 2
b1001111 :
b11111110100 B
#16754
b11011010 "
b11101110 *
b1011 2
b11011000 :
b11111 B
#16755
b11110 "
b11110 *
b11101111 2
b100111 :
b11111100001 B
#16756
b10010 "
b100110 *
b11100000 2
b11100 :
b11110111110 B
#16757
b101010 "
b11111100 *
b110 2
b101010 :
b11111010001 B
#16758
b11101101 "
b10100100 *
b1011110 2
b11111010 :
b1001 B
#16759
b11011101 "
b11101000 *
b11100 2
b11011111 :
b1010010 B
#16760
b10111000 "
b10011001 *
b1010010 2
b10100000 :
b100001 B
#16761
b1011 "
b101001 *
b11100000 2
b11011 :
b11111110110 B
#16762
b11111100 "
b101010 *
b11011000 2
b1110 :
#16763
b11111110 "
b10100010 *
b1010100 2
b11010110 :
b1011 B
#16764
b10100111 "
b10100111 *
b11101 2
b10000101 :
b111010 B
#16765
b111011 "
b10110111 *
b1011100 2
b11110000 :
b11111101110 B
#16766
b1011 "
b1111101 *
b10110110 2
b1100101 :
b11111110101 B
#16767
b11010111 *
b100010 2
b11101000 :
b10011 B
#16768
b10101110 "
b101101 *
b10100010 2
b11111011 :
b11111101101 B
#16769
b1011101 "
b11110010 *
b1010110 2
b100101 :
b10110 B
#16770
b1000110 "
b11000010 *
b1011001 2
b11100010 :
b11111011110 B
#16771
b1010111 "
b11011110 *
b1011101 2
b1010 :
b1011 B
#16772
b1001001 "
b11000101 *
b1011001 2
b11100011 :
b11111111111 B
#16773
b11110 "
b1011001 *
b10 2
b1011110 :
b11111100101 B
#16774
b111011 "
b10110111 *
b1010000 2
b11010000 :
b1 B
#16775
b1010111 "
b100010 *
b1001010 2
b111010 :
b100110 B
#16776
b11010111 "
b11110101 *
b11011000 2
b11110010 :
b11111100100 B
#16777
b1011101 "
b1110 *
b1011010 2
b11001 :
b101100 B
#16778
b11110010 "
b10100011 *
b11100110 2
b10100110 :
b11111000110 B
#16779
b1111010 "
b11011111 *
b1111011 2
b11100100 :
b11111111010 B
#16780
b11111100 "
b101010 *
b11111100 2
b101010 :
b101 B
#16781
b10 "
b1011110 *
b1001 2
b1011110 :
b1100 B
#16782
b10100111 "
b11110 *
b10101101 2
b101110 :
b11110101000 B
#16783
b1011110 "
b10 *
b1011101 2
b1110 :
b11101 B
#16784
b1011 "
b1111101 *
b1110 2
b1111101 :
b11111101000 B
#16785
b11101101 "
b10100100 *
b11110001 2
b10100011 :
b11111101010 B
#16786
b10101110 "
b101101 *
b10101010 2
b100101 :
b11011 B
#16787
b11010011 "
b1010010 *
b11010110 2
b1010100 :
b10101 B
#16788
b11000010 "
b10111010 *
b10111000 2
b11000101 :
b11111110101 B
#16789
b10101001 "
b100010 *
b10101111 2
b101111 :
b10010 B
#16790
b100110 "
b10010 *
b101010 2
b111 :
b101111 B
#16791
b11110 "
b11110 *
b101001 2
b1011 :
b11111100110 B
#16792
b111011 "
b10110111 *
b10101 2
b10100100 :
b11110110000 B
#16793
b1010000 "
b11001111 *
b1000111 2
b11000011 :
b11110111101 B
#16794
b10011 "
b1011100 *
b1001 2
b1011101 :
b11111110100 B
#16795
b10011001 "
b10111000 *
b10100111 2
b10100111 :
b11111001110 B
#16796
b11011101 "
b11000 *
b11010111 2
b1000 :
b11101 B
#16797
b1011100 "
b10011 *
b1010010 2
b101101 :
b0 B
#16798
b11111100 "
b101010 *
b11101111 2
b100111 :
b1001100 B
#16799
b100110 "
b10010 *
b100110 2
b10011 :
b10111 B
#16800
b11110 "
b10100111 *
b10110 2
b10100100 :
b11111010001 B
#16801
b10 "
b10100010 *
b1011 2
b10100011 :
b11111010110 B
#16802
b11111100 "
b11010110 *
b111 2
b11010111 :
b11111110101 B
#16803
b101001 "
b1011 *
b100011 2
b10111 :
b11111100110 B
#16804
b1001000 "
b10011001 *
b1101111 2
b11000101 :
b11110110010 B
#16805
b101101 "
b10101110 *
b1011011 2
b11101010 :
b11111100101 B
#16806
b1111010 "
b11011111 *
b1011101 2
b1010101 :
b11111101010 B
#16807
b11011110 "
b10101001 *
b1000011 2
b10111111 :
b1011 B
#16808
b11000101 "
b10110111 *
b101110 2
b10101110 :
b11111111010 B
#16809
b1011001 "
b11110 *
b11111100 2
b1011110 :
b10 B
#16810
b11000101 "
b1001001 *
b10101100 2
b11010110 :
b11000 B
#16811
b1010111 "
b100010 *
b11110101 2
b1011101 :
b11111011100 B
#16812
b11000010 "
b1000110 *
b10111000 2
b11000100 :
b10010 B
#16813
b101101 "
b1010010 *
b10101111 2
b110000 :
b11111100110 B
#16814
b10100011 "
b1110 *
b0 2
b10100010 :
b110000 B
#16815
b10000110 "
b100001 *
b11100010 2
b10000101 :
b11111100101 B
#16816
b1111101 "
b1011 *
b11011101 2
b1111001 :
b10100000 B
#16817
b1110010 "
b110101 *
b11111110 2
b1111110 :
b1010 B
#16818
b11110 "
b11110 *
b11110010 2
b101000 :
b11111111011 B
#16819
b110101 "
b1110010 *
b10101111 2
b1011111 :
b11111011001 B
#16820
b1010111 "
b100010 *
b11110101 2
b1011101 :
b11111000111 B
#16821
b10100100 "
b10011 *
b11101110 2
b10100100 :
b11111110110 B
#16822
b11110010 "
b1011101 *
b10100101 2
b11101001 :
b11111100110 B
#16823
b1110 "
b10100011 2
b11110111 :
b10000 B
#16824
b11101101 "
b1011100 *
b10101010 2
b11010111 :
b11111110111 B
#16825
b1010111 "
b11011110 *
b101 2
b1011101 :
b11111100011 B
#16826
b100110 "
b10010 *
b11011110 2
b11010 :
b10000 B
#16827
b11110 "
b11110 *
b11011000 2
b1110 :
b100010 B
#16828
b100110 "
b11101110 *
b100 2
b101010 :
b10001 B
#16829
b1111101 "
b11110101 *
b11100100 2
b1111010 :
b111010 B
#16830
b1000110 "
b111110 *
b10111100 2
b1000001 :
b1011000 B
#16831
b1110 "
b10100011 *
b1011101 2
b11110011 :
b11111110100 B
#16832
b10101110 "
b11010011 *
b10101 2
b10100101 :
b11 B
#16833
b10000110 "
b100001 *
b10111101 2
b10010110 :
b10111 B
#16834
b1011 "
b10000011 *
b1110110 2
b11010110 :
b11111110100 B
#16835
b100110 "
b10010 *
b11111110 2
b101010 :
b11100 B
#16836
b1011001 "
b11100010 *
b1001001 2
b111100 :
b11111111101 B
#16837
b10 "
b10100010 *
b1010000 2
b11001111 :
b11110100010 B
#16838
b11110101 "
b10000011 *
b1111000 2
b11011100 :
b101111 B
#16839
b10111010 "
b11000010 *
b11101 2
b10100110 :
b11111100011 B
#16840
b1010010 "
b11010011 *
b1000011 2
b1000001 :
b100 B
#16841
b10011001 "
b1001000 *
b10011011 2
b10110110 :
b11111111111 B
#16842
b1000110 "
b11000010 *
b1010010 2
b101110 :
b11111111110 B
#16843
b1010000 "
b110001 *
b11101100 2
b1011100 :
b11111101100 B
#16844
b11111110 "
b10100010 *
b1011010 2
b11100110 :
b11000 B
#16845
b1011001 "
b1011001 *
b11001100 2
b1110010 :
b11111110010 B
#16846
b1110010 "
b11001011 *
b1010101 2
b1011101 :
b101 B
#16847
b11001111 "
b10110000 *
b111100 2
b10111000 :
b1110 B
#16848
b11110101 "
b101001 *
b11010110 2
b110 :
b101 B
#16849
b11110010 "
b1011101 *
b10100101 2
b11001 :
b110000 B
#16850
b1011101 "
b11110010 *
b1000010 2
b1000011 :
b1010011 B
#16851
b101001 "
b11110101 *
b101001 2
b1100 :
b111 B
#16852
b11001111 "
b1010000 *
b10110000 2
b110001 :
b0 B
#16853
b1001001 "
b11000101 *
b1011011 2
b11100111 :
b11110111111 B
#16854
b10100111 "
b1011001 *
b10000011 2
b10011 :
b11111100011 B
#16855
b11101110 "
b11011010 *
b1100 2
b11011000 :
b111 B
#16856
b1010111 "
b100010 *
b110000 2
b1010001 :
b10110 B
#16857
b1000110 "
b111110 *
b11100 2
b1011010 :
b11111000001 B
#16858
b11011101 "
b11101000 *
b11111000 2
b11010110 :
b11111100101 B
#16859
b100011 "
b101001 2
b1100 :
b10 B
#16860
b10111010 "
b111110 *
b10100100 2
b11110010 :
b1001100 B
#16861
b100010 "
b1010111 *
b11101111 2
b1011100 :
b11110111111 B
#16862
b11101110 "
b100110 *
b11011000 2
b1110 :
b11111101010 B
#16863
b10100111 "
b10100111 *
b1011 2
b10000011 :
b11111101110 B
#16864
b10010 "
b100110 *
b11101011 2
b100101 :
b111010 B
#16865
b1010111 "
b100010 *
b101100 2
b1010011 :
b11111100010 B
#16866
b1111010 "
b100001 *
b111011 2
b1110000 :
b11111011110 B
#16867
b10011001 "
b10111000 *
b0 2
b10000011 :
b11111101011 B
#16868
b1010010 "
b101101 *
b1 2
b1011101 :
#16869
b101001 "
b11110101 *
b11010 2
b100001 :
b10100000 B
#16870
b1010000 "
b110001 *
b110000 2
b1010000 :
b101000 B
#16871
b10100010 "
b10 *
b10100101 2
b11101000 :
b1111 B
#16872
b11100010 "
b1011001 *
b11010100 2
b1010011 :
b11111100100 B
#16873
b1001001 "
b111011 *
b111011 2
b1001001 :
b11111111000 B
#16874
b1010111 "
b100010 *
b1010000 2
b110001 :
b10101 B
#16875
b11101101 "
b10100100 *
b11110001 2
b10100011 :
b11111010010 B
#16876
b1100111 "
b1001000 *
b1011001 2
b1011001 :
b11101 B
#16877
b1010010 "
b101101 *
b1010010 2
b101101 :
b10101 B
#16878
b1111010 "
b11011111 *
b1110100 2
b11001101 :
b0 B
#16879
b11010110 "
b11111100 *
b11010110 2
b101 :
b10111 B
#16880
b111011 "
b1001001 *
b1010010 2
b101110 :
b11111110100 B
#16881
b1011001 "
b11100010 *
b1000111 2
b11000010 :
b1010110 B
#16882
b11001011 "
b10001110 *
b10001000 2
b11011010 :
b11000 B
#16883
b110001 "
b1010000 *
b1011110 2
b1 :
b11111001101 B
#16884
b10100100 "
b10011 *
b11010110 2
b1010101 :
b11111111110 B
#16885
b101101 "
b1010010 *
b1011110 2
b111 :
b11111011000 B
#16886
b1001000 "
b1100111 *
b1111101 2
b1000 :
b10010 B
#16887
b1011100 "
b10011 *
b111110 2
b10111010 :
b11111100001 B
#16888
b10110000 "
b11001111 *
b10101100 2
b101001 :
b11111011111 B
#16889
b1001001 "
b11000101 *
b11111101 2
b10100010 :
b110100 B
#16890
b10100111 "
b11110 *
b11111100 2
b1011110 :
b11111101111 B
#16891
b11011010 "
b10010 *
b11 2
b101001 :
b100101 B
#16892
b1011 "
b1111101 *
b1111110 2
b111 :
b11111011100 B
#16893
b10000110 "
b11011111 *
b11000101 2
b1110000 :
b1011011 B
#16894
b10100011 "
b11110010 *
b1000 2
b1011110 :
b11111011110 B
#16895
b11011101 "
b11000 *
b11110 2
b11110 :
b10101 B
#16896
b10100100 "
b11101101 *
b1110 2
b1011101 :
b11110 B
#16897
b11011110 "
b10101001 *
b11001001 2
b1001011 :
b0 B
#16898
b1011110 "
b11111110 *
b11000101 2
b10110111 :
b10110 B
#16899
b10100111 "
b10100111 *
b1000 2
b1111110 :
b101000 B
#16900
b11101110 "
b11011010 *
b11111111 2
b101010 :
b11111010010 B
#16901
b101010 "
b11111100 *
b11011010 2
b11101110 :
b100001 B
#16902
b10111010 "
b11000010 *
b110010 2
b1010000 :
b11110011111 B
#16903
b1100111 "
b1001000 *
b11010001 2
b10001100 :
b11111010100 B
#16904
b10011001 "
b1111110 2
b1001 :
b11111100010 B
#16905
b100001 "
b1111010 *
b111011 2
b10010000 :
b11111111000 B
#16906
b100010 "
b1010111 *
b100001 2
b10101000 :
b11111100000 B
#16907
b1110010 "
b110101 *
b11010111 2
b10001001 :
b10101 B
#16908
b11100010 "
b11110 *
b101011 2
b11111011 :
b101 B
#16909
b11011010 "
b10010 *
b101010 2
b110 :
b11111111111 B
#16910
b1010111 "
b100010 *
b11000110 2
b10110111 :
b1010110 B
#16911
b11011111 "
b1111010 *
b101110 2
b10001011 :
b11110101101 B
#16912
b100011 "
b11000 *
b11101000 2
b11011101 :
b11111010011 B
#16913
b1110 "
b1011101 *
b100001 2
b10101000 :
b111 B
#16914
b10011 "
b10100100 *
b11001000 2
b1001011 :
b10111 B
#16915
b110001 "
b10110000 *
b10111001 2
b111101 :
b101 B
#16916
b1011110 "
b11111110 *
b10100100 2
b11101101 :
b101001 B
#16917
b11110 "
b11110 *
b11100010 2
b11100010 :
b11111001110 B
#16918
b10001110 "
b110101 *
b1111001 2
b11011100 :
b11111110001 B
#16919
b11001111 "
b10110000 *
b100011 2
b1010111 :
b0 B
#16920
b1011 "
b11010111 *
b11110000 2
b101000 :
b100 B
#16921
b101101 "
b1010010 *
b11011001 2
b10101011 :
b11111111000 B
#16922
b1011101 "
b11110010 *
b10100010 2
b1000 :
b11111001101 B
#16923
b10011 "
b10100100 *
b11011000 2
b1010101 :
b11111110010 B
#16924
b11011110 "
b10101001 *
b1001 2
b1011101 :
b11110 B
#16925
b100110 "
b10010 *
b11011100 2
b11101001 :
b1111 B
#16926
b1011001 "
b1011001 *
b10101010 2
b10100100 :
b11101 B
#16927
b10001110 "
b110101 *
b1101011 2
b10111110 :
b11111100100 B
#16928
b1010000 "
b11001111 *
b10110010 2
b110100 :
b100 B
#16929
b10111010 "
b11000010 *
b1001011 2
b111000 :
b11110 B
#16930
b11011101 "
b11101000 *
b101000 2
b1111 :
b11111011110 B
#16931
b11000 *
b100000 2
b11100011 :
b101001 B
#16932
b100001 "
b1111010 *
b10111001 2
b10011000 :
b11111001001 B
#16933
b10110000 "
b11001111 *
b1010110 2
b100110 :
b111 B
#16934
b10 "
b1011110 *
b11101100 2
b10100011 :
b10111 B
#16935
b11100010 "
b1011001 *
b11 2
b10100010 :
b1100 B
#16936
b100110 "
b11101110 *
b11100100 2
b11111 :
b1110 B
#16937
b11010110 "
b100 *
b100011 2
b11101001 :
b11111011011 B
#16938
b11000010 "
b1000110 *
b100001 2
b10101000 :
b11111111010 B
#16939
b10111000 "
b1100111 *
b100000 2
b10000110 :
b11011 B
#16940
b1100111 "
b10111000 *
b11001000 2
b1110000 :
b101 B
#16941
b1011100 "
b10011 *
b10101000 2
b100000 :
b11111111000 B
#16942
b1111101 "
b1011 *
b10010000 2
b111000 :
b10010 B
#16943
b10001110 "
b11001011 *
b1111011 2
b11100100 :
b11111111100 B
#16944
b11100010 "
b11110 *
b100 2
b11010110 :
b11111101110 B
#16945
b100110 "
b11101110 *
b11101101 2
b100101 :
b1100 B
#16946
b11001111 "
b10110000 *
b1011010 2
b11010 :
b11110101000 B
#16947
b1011 "
b11010111 *
b110 2
b101010 :
b11111011001 B
#16948
b1100111 "
b1001000 *
b10001011 2
b11010011 :
b11111111011 B
#16949
b10100011 "
b1110 *
b1011000 2
b11011110 :
b1010010 B
#16950
b11011111 "
b10000110 *
b1011101 2
b1010101 :
b110 B
#16951
b100 "
b11010110 *
b10101 2
b100100 :
b11111111010 B
#16952
b1110010 "
b110101 *
b10000100 2
b10110 :
#16953
b10100111 "
b1011001 *
b10110 2
b10000100 :
b100000 B
#16954
b10110111 "
b11000101 *
b1011101 2
b11110111 :
b10011 B
#16955
b10000011 "
b1011 *
b1000101 2
b10010111 :
b11111101101 B
#16956
b10011 "
b1011100 *
b10101110 2
b11010011 :
b11101 B
#16957
b11000 "
b11011101 *
b10010 2
b100111 :
b11111100110 B
#16958
b1001000 "
b1100111 *
b10000011 2
b0 :
b10111 B
#16959
b10011 "
b10100100 *
b1001011 2
b111010 :
b101101 B
#16960
b1010000 "
b110001 *
b10111111 2
b1000011 :
b101001 B
#16961
b110101 "
b10001110 *
b1110011 2
b110010 :
b101011 B
#16962
b10100111 "
b10100111 *
b111101 2
b10010001 :
b11111111111 B
#16963
b10110111 "
b11000101 *
b11100 2
b10100110 :
b1011 B
#16964
b11010110 "
b100 *
b11101000 2
b11011110 :
b10111 B
#16965
b11101101 "
b10100100 *
b110111 2
b10110100 :
b11111111110 B
#16966
b10111000 "
b1100111 *
b10000110 2
b11100 :
b10101 B
#16967
b11010011 "
b1010010 *
b10101111 2
b101111 :
b100111 B
#16968
b10000110 "
b100001 *
b10000010 2
b10 :
b1100 B
#16969
b101010 "
b100 *
b101010 2
b110 :
b11111100110 B
#16970
b11111110 "
b10100010 *
b0 2
b10100010 :
b100111 B
#16971
b11110 "
b10100111 *
b100 2
b11110101101 B
#16972
b1110010 "
b11001011 *
b1101110 2
b11000010 :
b10100000 B
#16973
b11011110 "
b1010111 *
b101101 2
b1010001 :
b11111011100 B
#16974
b100001 "
b10000110 *
b10110100 2
b10011011 :
b11111100111 B
#16975
b1011101 "
b1110 *
b1000000 2
b10111100 :
b11111101000 B
#16976
b1010010 "
b101101 *
b1010001 2
b11010010 :
b10001 B
#16977
b11101101 "
b1011100 *
b101111 :
b11111111101 B
#16978
b101010 "
b100 *
b1011 2
b11011000 :
b11111100111 B
#16979
b11000101 "
b10110111 *
b10110001 2
b110010 :
b11010 B
#16980
b1011001 "
b11110 *
b10001 2
b10100100 :
b11110111110 B
#16981
b11001011 "
b10001110 *
b10001111 2
b110111 :
b11111100001 B
#16982
b101010 "
b11111100 *
b11111011 2
b11010110 :
b11111101110 B
#16983
b101001 "
b1011 *
b1000 2
b11111101111 B
#16984
b11000 "
b11011101 *
b11011010 2
b11101100 :
b1010101 B
#16985
b11010011 "
b1010010 *
b1011101 2
b11110111 :
b11110110100 B
#16986
b100001 "
b1111010 *
b1100011 2
b10110010 :
b11111011001 B
#16987
b11010110 "
b11111100 *
b1010 2
b101000 :
b11101 B
#16988
b100110 "
b10010 *
b11111011 2
b11010110 :
b10000 B
#16989
b10100111 "
b1011001 *
b1111101 2
b101 :
b1000101 B
#16990
b11101110 "
b11011010 *
b0 2
b101010 :
b1010101 B
#16991
b10110000 "
b110001 *
b1001100 2
b11001001 :
b11111011100 B
#16992
b111110 "
b10111010 *
b11001000 2
b1001011 :
b11110011011 B
#16993
b1100111 "
b1001000 *
b10101001 2
b10100101 :
b11111011001 B
#16994
b11101000 "
b11011101 *
b1110 2
b101000 :
b101001 B
#16995
b10100100 "
b11101101 *
b1011100 2
b10001 :
b10 B
#16996
b1011 "
b10000011 *
b111 2
b1111110 :
b111001 B
#16997
b11011010 "
b11101110 *
b101010 2
b11111110 :
b11111101110 B
#16998
b10100111 "
b11100010 *
b1011100 2
b11101011 :
b100010 B
#16999
b11111110 "
b1011110 *
b10111100 2
b10111111 :
b1011111 B
#17000
b1011 "
b1111101 *
b10000011 2
b11110011 :
b1100 B
#17001
b11101101 "
b10100100 *
b1011011 2
b11101010 :
b11111111101 B
#17002
b1010010 "
b11010011 *
b111101 2
b1000111 :
b11111100100 B
#17003
b11000 "
b100011 *
b11100100 2
b100000 :
b1011 B
#17004
b11110101 "
b11010111 *
b11111 2
b11100011 :
b11111001110 B
#17005
b1010111 "
b11011110 *
b1000110 2
b111111 :
b11111111000 B
#17006
b1001001 "
b11000101 *
b1011010 2
b11011 :
b101 B
#17007
b11100010 "
b11100010 *
b0 2
b11010110 :
b110101 B
#17008
b1001001 "
b111011 *
b101100 2
b1010011 :
b11111111100 B
#17009
b101010 "
b11111100 *
b101010 2
b110 :
b1100101 B
#17010
b11101101 "
b10100100 *
b11001100 2
b10110001 :
b11111101011 B
#17011
b10100011 "
b11110010 *
b10101000 2
b100010 :
b11110101101 B
#17012
b1010010 "
b101101 *
b1011101 2
b1100 :
b11111011111 B
#17013
b1000110 "
b11000010 *
b100111 2
b10101011 :
b11111111010 B
#17014
b1111101 "
b1011 *
b1110000 2
b11001000 :
b11111100111 B
#17015
b10 "
b1011110 *
b111000 2
b1001011 :
b1110 B
#17016
b10100111 "
b11110 *
b11011010 2
b1010110 :
b11111101110 B
#17017
b11011010 "
b10010 *
b11110111 2
b101001 :
b11111010111 B
#17018
b1111101 "
b11110101 *
b1000100 2
b10010110 :
b1100 B
#17019
b11101101 "
b10100100 *
b10100101 2
b11100111 :
b11110111000 B
#17020
b101101 "
b1010010 *
b1011101 2
b1011 :
b11111100101 B
#17021
b11110010 "
b10100011 *
b10101100 2
b11010110 :
b11111111001 B
#17022
b1000110 "
b11000010 *
b11101100 2
b10100100 :
b11111100110 B
#17023
b11001111 "
b1010000 *
b101110 2
b1010010 :
b10010 B
#17024
b10110111 "
b111011 *
b100001 2
b1010111 :
b1110 B
#17025
b10100111 "
b11100010 *
b11010101 2
b1010100 :
b11111101000 B
#17026
b1001001 "
b111011 *
b1000100 2
b10111111 :
b11111111011 B
#17027
b10000011 "
b1011 *
b1001 2
b1111101 :
b10011 B
#17028
b11000010 "
b1000110 *
b1010001 2
b110000 :
b11 B
#17029
b10011001 "
b10111000 *
b11011101 2
b1111000 :
b100000 B
#17030
b101101 "
b10101110 *
b10100011 2
b1001 :
b11011 B
#17031
b11110101 "
b11010111 *
b11101101 2
b100110 :
b11111111011 B
#17032
b11010110 "
b11111100 *
b100001 2
b11010 :
b11101 B
#17033
b10001110 "
b11001011 *
b1011101 2
b1010110 :
b11111010111 B
#17034
b10100111 "
b11100010 *
b1001010 2
b111001 :
b11111110000 B
#17035
b1110010 "
b11001011 *
b10000100 2
b10110 :
b11111111011 B
#17036
b1010111 "
b100010 *
b10101111 2
b11010010 :
b101011 B
#17037
b1011100 "
b11101101 *
b10101000 2
b100100 :
b10011 B
#17038
b11110010 "
b1011101 *
b11101000 2
b10100101 :
b11001 B
#17039
b1001000 "
b1100111 *
b10001000 2
b11011101 :
b11111110111 B
#17040
b101001 "
b11110101 *
b11101100 2
b100110 :
b1000 B
#17041
b11110101 "
b1111101 *
b10011101 2
b10110101 :
b11111111011 B
#17042
b10100010 "
b10 *
b100100 2
b10101001 :
b11111011010 B
#17043
b1011001 "
b10100111 *
b101101 2
b1110101 :
b11111101110 B
#17044
b111011 "
b10110111 *
b110000 2
b1010000 :
b1001 B
#17045
b11111100 "
b11010110 *
b101010 2
b11 :
b11111111010 B
#17046
b1111010 "
b100001 *
b11011001 2
b1111000 :
b11111100100 B
#17047
b1100111 "
b1001000 *
b10110110 2
b1100101 :
b11110100100 B
#17048
b10100011 "
b1110 *
b1101 2
b10100011 :
b11111111111 B
#17049
b11011111 "
b10000110 *
b1111110 2
b11110110 :
b11111101101 B
#17050
b1010111 "
b11011110 *
b10011 2
b1011011 :
b11111101001 B
#17051
b11001011 "
b1110010 *
b10011000 2
b10111010 :
b11111 B
#17052
b11100010 "
b11110 *
b11100000 2
b11100100 :
b1111 B
#17053
b11111110 "
b1011110 *
b10100100 2
b10011 :
b11111100111 B
#17054
b100 "
b101010 *
b11011000 2
b1110 :
b11111110111 B
#17055
b101001 "
b1011 *
b1 2
b101010 :
b1111 B
#17056
b100011 "
b11000 *
b11111001 2
b111010 B
#17057
b11101000 *
b101010 2
b111 :
b1100001 B
#17058
b11010111 "
b1011 *
b11010110 2
b10 :
b11110110001 B
#17059
b11001111 "
b1010000 *
b10110100 2
b110111 :
b11110110000 B
#17060
b10010 "
b11011010 *
b100101 2
b11101011 :
b1011111 B
#17061
b11110 "
b1011001 *
b10110 2
b1011011 :
b11111011001 B
#17062
b10100010 "
b11111110 *
b10100011 2
b11110010 :
b100011 B
#17063
b100010 "
b10101001 *
b10101 2
b10100101 :
b1011 B
#17064
b11101101 "
b10100100 *
b11010000 2
b10101111 :
b11111101010 B
#17065
b1100111 "
b1001000 *
b1111011 2
b11100 :
b11111110100 B
#17066
b101101 "
b10101110 *
b11 2
b10100010 :
b11111100101 B
#17067
b111110 "
b1000110 *
b1010111 2
b100001 :
b11111110100 B
#17068
b11011110 "
b10101001 *
b10110110 2
b11000111 :
b11111011011 B
#17069
b11101110 "
b100110 *
b10 2
b101010 :
b101 B
#17070
b11110 "
b1011001 *
b1001100 2
b111000 :
b101011 B
#17071
b11111110 "
b1011110 *
b1001000 2
b111101 :
b1011110 B
#17072
b100010 "
b10101001 *
b10110000 2
b11010000 :
b101000 B
#17073
b11110101 "
b101001 *
b101011 2
b101 :
b110001 B
#17074
b100011 "
b11000 *
b100 2
b11010101 :
b11100 B
#17075
b11010011 "
b1010010 *
b1011010 2
b11100110 :
b11110101010 B
#17076
b11000010 "
b10111010 *
b11101010 2
b1011011 :
b11110101000 B
#17077
b11010110 "
b11111100 *
b1100 2
b101001 :
b101 B
#17078
b1110010 "
b110101 *
b11110101 2
b10000011 :
b11111110101 B
#17079
b11100010 "
b1011001 *
b1011011 2
b11100111 :
b1000000 B
#17080
b10100010 "
b11111110 *
b1001101 2
b110111 :
b11110 B
#17081
b110001 "
b1010000 *
b11101100 2
b10100100 :
b111 B
#17082
b1011 "
b11010111 *
b11101110 2
b100110 :
b100110 B
#17083
b1100111 "
b1001000 *
b10010000 2
b11000111 :
b1110 B
#17084
b1110 "
b1011101 *
b11010010 2
b10101110 :
b11111010101 B
#17085
b10111010 "
b111110 *
b101101 2
b10101101 :
b10011 B
#17086
b100010 "
b1010111 *
b10110100 2
b11001010 :
b11111101000 B
#17087
b110101 "
b10001110 *
b11001 2
b1111011 :
b10111 B
#17088
b11110 "
b11110 *
b11010110 2
b100 :
b100110 B
#17089
b11101110 "
b11011010 *
b101001 2
b11111101 :
b1111 B
#17090
b100 "
b101010 *
b11010110 2
b11111111 :
b1011001 B
#17091
b10100100 "
b10011 *
b11001000 2
b10110101 :
b1011100 B
#17092
b11010011 "
b10101110 *
b11 2
b10100011 :
b11110011110 B
#17093
b1110 "
b1011101 *
b11001110 2
b1001111 :
b11111010111 B
#17094
b11011111 "
b10000110 *
b110011 2
b10001100 :
b11111011011 B
#17095
b11001111 "
b1010000 *
b10101000 2
b100010 :
b11111 B
#17096
b11111110 "
b10100010 *
b11110 2
b10100111 :
b1100 B
#17097
b11100010 "
b1011001 *
b11011000 2
b1010101 :
b11111111010 B
#17098
b10110111 "
b11000101 *
b10110100 2
b11001001 :
b1 B
#17099
b1010000 "
b11001111 *
b1000010 2
b10111101 :
b1111 B
#17100
b10000110 "
b11011111 *
b10000101 2
b11110 :
b100111 B
#17101
b10111000 "
b1100111 *
b100001 2
b1111001 :
b0 B
#17102
b101101 "
b10101110 *
b11001101 2
b10110010 :
b1010 B
#17103
b10100100 "
b11101101 *
b11011000 2
b1010101 :
b111 B
#17104
b10000011 "
b11110101 *
b11110110 2
b1111101 :
b11111011111 B
#17105
b100110 "
b10010 *
b1111 2
b11011001 :
b1111 B
#17106
b11110 "
b11100010 *
b11011010 2
b11101110 :
b11111100001 B
#17107
b1011110 "
b10 *
b11011100 2
b10101001 :
b11111001011 B
#17108
b11110101 "
b10000011 *
b10010001 2
b111011 :
b11111010100 B
#17109
b1111010 "
b100001 *
b11101111 2
b10000011 :
b11111110111 B
#17110
b1011101 "
b1110 *
b11011110 2
b10101000 :
b11111101010 B
#17111
b1110 "
b1011101 *
b1000101 2
b11000000 :
b11000 B
#17112
b11000010 "
b10111010 *
b1 2
b1011110 :
b11111111010 B
#17113
b10101001 "
b100010 *
b1011100 2
b10100 :
b11111001001 B
#17114
b10100010 "
b10 *
b1001100 2
b110111 :
b101000 B
#17115
b1011001 "
b10100111 *
b10001111 2
b11111110010 B
#17116
b1011110 "
b10 *
b10100101 2
b11100111 :
b100111 B
#17117
b110001 "
b1010000 *
b11001001 2
b10110100 :
b11111101111 B
#17118
b111110 "
b10111010 *
b11001111 2
b1010000 :
b11111111001 B
#17119
b11000 "
b11011101 *
b11110011 2
b101000 :
b11111011001 B
#17120
b1110 "
b1011101 *
b11011000 2
b10101011 :
b11101 B
#17121
b11011111 "
b10000110 *
b1011101 2
b1010101 :
b11111000100 B
#17122
b11010110 "
b11111100 *
b101000 2
b11110010 :
b11111110001 B
#17123
b100110 "
b10010 *
b11010110 2
b11 :
b11111111010 B
#17124
b1011001 "
b11100010 *
b11001000 2
b1001100 :
b111010 B
#17125
b100110 "
b11101110 *
b11111010 2
b101001 :
b1011100 B
#17126
b1010000 "
b11001111 *
b101100 2
b1010011 :
b101000 B
#17127
b10000110 "
b11011111 *
b11111110 2
b10000010 :
b11110101111 B
#17128
b1110 "
b10100011 *
b1011110 2
b10 :
b11111101011 B
#17129
b10100011 "
b1110 *
b11100000 2
b10100111 :
b100111 B
#17130
b11000010 "
b10111010 *
b11110 2
b10101000 :
b11111011010 B
#17131
b100 "
b11010110 *
b100110 2
b11101110 :
b11111111101 B
#17132
b11111110 "
b10100010 *
b1001010 2
b11000101 :
b1 B
#17133
b10100111 "
b11110 *
b10101010 2
b11011001 :
b101100 B
#17134
b11001011 "
b10001110 *
b11111111 2
b10000010 :
b11111010011 B
#17135
b1011 "
b1111101 *
b11010100 2
b1110101 :
b1101 B
#17136
b1111010 "
b100001 *
b1101110 2
b111101 :
b101000 B
#17137
b1011101 "
b1110 *
b1011101 2
b101 :
b101 B
#17138
b1010010 "
b101101 *
b1011100 2
b10100 :
b11000 B
#17139
b10000110 "
b100001 *
b10101011 2
b1011101 :
b11111011110 B
#17140
b11001111 "
b1010000 *
b100 2
b1011110 :
b11111110010 B
#17141
b10 "
b1011110 *
b111110 2
b1000111 :
b11111111011 B
#17142
b1011001 "
b11100010 *
b100110 2
b10101010 :
b100100 B
#17143
b100110 "
b11101110 *
b0 2
b11010110 :
b11111001101 B
#17144
b11111100 "
b11010110 *
b11011000 2
b11110001 :
b1100 B
#17145
b11011111 "
b1111010 *
b1101110 2
b111111 :
b1100101 B
#17146
b11000 "
b11011101 *
b11010111 2
b11110101 :
b11111001001 B
#17147
b1100111 "
b10111000 *
b10011011 2
b10110101 :
b11010 B
#17148
b100001 "
b1111010 *
b1010001 2
b10011111 :
b11110111101 B
#17149
b11111100 "
b101010 *
b100110 2
b11101110 :
b11111101101 B
#17150
b11111110 "
b10100010 *
b10110011 2
b110111 :
b11111110101 B
#17151
b11110 "
b10100111 *
b10101010 2
b100011 :
b101100 B
#17152
b100110 "
b11101110 *
b11010110 2
b11111101 :
b11111011010 B
#17153
b100 "
b101010 *
b10010 2
b11011010 :
b11111111000 B
#17154
b10000110 "
b11011111 *
b1100011 2
b1001111 :
b11110100100 B
#17155
b1001000 "
b10011001 *
b10001001 2
b100111 :
b11111010101 B
#17156
b100011 "
b11101000 *
b11010101 2
b11111011 :
b11111110001 B
#17157
b10111010 "
b111110 *
b1011110 2
b11111100 :
b0 B
#17158
b10110000 "
b11001111 *
b101000 2
b1010101 :
b11110101010 B
#17159
b1011110 "
b11111110 *
b11000001 2
b10111010 :
b100100 B
#17160
b11110 "
b10100111 *
b10110011 2
b110110 :
b11111110001 B
#17161
b10001110 "
b110101 *
b1111100 2
b10111 :
b11111001011 B
#17162
b10101001 "
b11011110 *
b100111 2
b1010100 :
b11111011011 B
#17163
b10111010 "
b11000010 *
b11111110 2
b1011110 :
b11111101110 B
#17164
b100011 "
b11000 *
b11111101 2
b11010101 :
b11111110001 B
#17165
b10011001 "
b1001000 *
b1110111 2
b101000 :
b11111011010 B
#17166
b100001 "
b1111010 *
b1011101 2
b10101010 :
b1011011 B
#17167
b11001111 "
b1010000 *
b1011001 2
b11100001 :
b1 B
#17168
b11101110 "
b100110 *
b100101 2
b11101100 :
b101 B
#17169
b1011001 "
b11110 *
b11000101 2
b10110111 :
b11111111110 B
#17170
b1110010 "
b11001011 *
b10000011 2
b11110011 :
b100110 B
#17171
b11111100 "
b11010110 *
b11110110 2
b101001 :
b11111010010 B
#17172
b11000010 "
b1000110 *
b1010111 2
b11011111 :
b11111100100 B
#17173
b1011101 "
b1110 *
b10111000 2
b11000011 :
b11110111011 B
#17174
b1100111 "
b10111000 *
b10000101 2
b11100111 :
b11111111011 B
#17175
b111110 "
b1000110 *
b1001 2
b10100010 :
b110001 B
#17176
b100010 "
b1010111 *
b10110 2
b10100110 :
b11111110001 B
#17177
b11111110 "
b10100010 *
b11001001 2
b1001101 :
b11111100011 B
#17178
b10100111 "
b11100010 *
b101101 2
b1010010 :
b11111110110 B
#17179
b1011110 "
b10 *
b10111110 2
b10111101 :
b100110 B
#17180
b1010000 "
b11001111 *
b10100010 2
b11111010 :
b11111101001 B
#17181
b10111010 "
b11000010 *
b10000 2
b1011100 :
b0 B
#17182
b10101110 "
b101101 *
b1011100 2
b1110 :
b11111011111 B
#17183
b11010011 "
b1010010 *
b1011010 2
b11100110 :
b10011 B
#17184
b10000110 "
b100001 *
b1110010 2
b110101 :
b11111101010 B
#17185
b10101001 "
b100010 *
b1010110 2
b100101 :
b101 B
#17186
b11001011 "
b1110010 *
b1110101 2
b11010001 :
b1111 B
#17187
b10100111 "
b11110 *
b1011000 2
b100001 :
b1011 B
#17188
b10110111 "
b11000101 *
b11000 2
b1011011 :
b11111111000 B
#17189
b11110101 "
b10000011 *
b10111110 2
b1101100 :
b101 B
#17190
b1111010 "
b100001 *
b10101111 2
b10011111 :
b1000 B
#17191
b1011101 "
b1110 *
b10111000 2
b11000011 :
b11111100010 B
#17192
b1010010 "
b101101 *
b11011011 2
b10101001 :
b1011 B
#17193
b1000110 "
b11000010 *
b10100100 2
b1011 :
b110001 B
#17194
b11011110 "
b10101001 *
b0 2
b1011101 :
b11111110110 B
#17195
b11111110 "
b10100010 *
b11011111 2
b1011000 :
b11010 B
#17196
b11100010 "
b1011001 *
b110011 2
b10110001 :
b11101100000 B
#17197
b11011010 "
b10010 *
b100110 2
b10010 :
b101 B
#17198
b10000011 "
b1011 *
b1011000 2
b1011001 :
b100000 B
#17199
b10111010 "
b11000010 *
b1001 2
b1011110 :
b11111010100 B
#17200
b11011101 "
b11101000 *
b10 2
b101010 :
b0 B
#17201
b11110010 "
b10100011 *
b10111100 2
b1000001 :
b11101 B
#17202
b1011100 "
b10011 *
b11010001 2
b10101110 :
b1011110 B
#17203
b11110101 "
b1111101 *
b1000001 2
b10010101 :
b11 B
#17204
b10 "
b1011110 *
b100100 2
b10101001 :
b11111100110 B
#17205
b10100111 "
b1011001 *
b1111000 2
b11011100 :
b11111100010 B
#17206
b1001001 "
b111011 *
b11100110 2
b10100110 :
b1001 B
#17207
b1011 "
b1111101 *
b111001 2
b10010001 :
b100 B
#17208
b11000010 "
b1000110 *
b1011001 2
b11100100 :
b101 B
#17209
b100011 "
b11000 *
b11101101 2
b11011010 :
b10100 B
#17210
b11000 "
b100011 *
b11111000 2
b11010110 :
b10 B
#17211
b11011111 "
b10000110 *
b11101111 2
b1111101 :
b101001 B
#17212
b100010 "
b1010111 *
b11110000 2
b10100011 :
b1001100 B
#17213
b11011010 "
b11101110 *
b101000 2
b1100 :
b11111101000 B
#17214
b11110 "
b1011001 *
b11010111 2
b10101100 :
b10011 B
#17215
b11111110 "
b1011110 *
b11101010 2
b10100100 :
b11111000000 B
#17216
b11010110 "
b100 *
b101010 2
b11111010 :
b11111101111 B
#17217
b11101101 "
b10100100 *
b10101 2
b1011100 :
b1011 B
#17218
b11101000 "
b100011 *
b10100 2
b11011010 :
b1010011 B
#17219
b1100111 "
b10111000 *
b11001001 2
b1110001 :
b1100 B
#17220
b101001 "
b11110101 *
b11100110 2
b100001 :
b11111011010 B
#17221
b11110101 "
b1111101 *
b11001001 2
b10010000 :
b10001 B
#17222
b10001110 "
b11001011 *
b1111010 2
b11100001 :
b11111110001 B
#17223
b11100010 "
b10100111 *
b1010000 2
b110001 :
b11111101111 B
#17224
b10010 "
b100110 *
b11011010 2
b11101110 :
b1001 B
#17225
b11110101 "
b10000011 *
b1100000 2
b1010001 :
b11101 B
#17226
b1011100 "
b11101101 *
b11011100 2
b1010110 :
b11111010100 B
#17227
b11000 "
b11011101 *
b1010 2
b101010 :
b11111110101 B
#17228
b10101110 "
b11010011 *
b1011000 2
b11100001 :
b1010 B
#17229
b1000110 "
b11000010 *
b110 2
b1011101 :
b1000110 B
#17230
b11010110 "
b11111100 *
b10001 2
b11011001 :
b11111111110 B
#17231
b11111110 "
b10100010 *
b1011011 2
b10111 :
b100001 B
#17232
b1011001 "
b11100010 *
b11001 2
b1011011 :
b11111010001 B
#17233
b100110 "
b11101110 *
b1011 2
b101000 :
b11111110111 B
#17234
b1010000 "
b11001111 *
b100110 2
b1010110 :
b111 B
#17235
b111110 "
b10111010 *
b1000011 2
b1000001 :
b1000010 B
#17236
b10111000 "
b1100111 *
b10001001 2
b11011001 :
b11111110100 B
#17237
b11000 "
b100011 *
b11100111 2
b100010 :
b11111111110 B
#17238
b10000110 "
b100001 *
b10110010 2
b10011101 :
b0 B
#17239
b10110000 "
b11001111 *
b111 2
b10100010 :
b11111101101 B
#17240
b1110010 "
b110101 *
b110 2
b1111110 :
b1111 B
#17241
b1011001 "
b11110 *
b11011 2
b1011001 :
b11111100000 B
#17242
b111011 "
b10110111 *
b1011101 2
b1011 :
b100011 B
#17243
b100010 "
b10101001 *
b1010101 2
b11011010 :
b11 B
#17244
b11000010 "
b1000110 *
b10100100 2
b10000 :
b11111100110 B
#17245
b10111000 "
b1100111 *
b10000110 2
b100000 :
b11111110011 B
#17246
b1010010 "
b101101 *
b100100 2
b1010111 :
b10011 B
#17247
b1000110 "
b11000010 *
b1011100 2
b11101101 :
b1000 B
#17248
b1111101 "
b1011 *
b1101110 2
b111101 :
b11111110111 B
#17249
b10001110 "
b11001011 *
b10101001 2
b10100110 :
b1111 B
#17250
b11100010 "
b1011001 *
b11010000 2
b1010000 :
b11000 B
#17251
b110101 "
b1110010 *
b110001 2
b1110100 :
b10 B
#17252
b11110101 "
b10000011 *
b11101100 2
b10000100 :
b11100 B
#17253
b100001 "
b10000110 *
b11111110 2
b10000010 :
b11111110110 B
#17254
b1011101 "
b1110 *
b1011101 2
b11101110 :
b10101 B
#17255
b10111000 "
b10011001 *
b10001101 2
b11001100 :
b100111 B
#17256
b1011100 "
b10011 *
b1001101 2
b11001001 :
b10001 B
#17257
b1010111 "
b11011110 *
b10001 2
b10100100 :
b1101 B
#17258
b11111110 "
b10100010 *
b10100111 2
b11100010 :
b11111011010 B
#17259
b11110 "
b11100010 *
b11101111 2
b11011001 :
b11111101110 B
#17260
b10 "
b10100010 *
b10101000 2
b11100000 :
b1 B
#17261
b110001 "
b1010000 *
b1011000 2
b101111 B
#17262
b10100100 "
b10011 *
b11110 2
b1011001 :
b100 B
#17263
b1011101 "
b1110 *
b11110110 2
b10100010 :
b11111111100 B
#17264
b11110010 *
b11010000 2
b10101111 :
b11111111111 B
#17265
b11000010 "
b10111010 *
b11100010 2
b1011000 :
b11011 B
#17266
b10000011 "
b11110101 *
b1001111 2
b1100010 :
b11111100101 B
#17267
b1110010 "
b110101 *
b11010100 2
b10001010 :
b1 B
#17268
b11100010 "
b11110 *
b101010 2
b11111010 :
b1101 B
#17269
b11000101 "
b1001001 *
b1010100 2
b11010111 :
b11111111011 B
#17270
b10101001 "
b11011110 *
b1001001 2
b111011 :
b1010011 B
#17271
b1111010 "
b100001 *
b10000010 2
b11110111 :
b11111101111 B
#17272
b11010011 "
b10101110 *
b1000010 2
b1000010 :
b101110 B
#17273
b10101110 "
b11010011 *
b1011100 2
b11110011 :
b11111100000 B
#17274
b10111010 "
b111110 *
b1110 2
b10100100 :
b0 B
#17275
b110001 "
b10110000 *
b11101 2
b1011010 :
b10111 B
#17276
b111011 "
b1001001 *
b10100101 2
b10110 :
b11111101010 B
#17277
b1011001 "
b11110 *
b11000110 2
b1001001 :
b1 B
#17278
b100110 "
b11101110 *
b1100 2
b101000 :
b1011 B
#17279
b11011110 "
b1010111 *
b10100111 2
b11100011 :
b101101 B
#17280
b11101101 "
b10100100 *
b1001011 2
b11001000 :
b111111 B
#17281
b11011101 "
b11101000 *
b11110011 2
b11010111 :
b11111111111 B
#17282
b11000 "
b100011 *
b111 2
b101001 :
b11111010111 B
#17283
b1011100 "
b10011 *
b1001110 2
b110110 :
b111101 B
#17284
b100010 "
b1010111 *
b101000 2
b1010101 :
b1001110 B
#17285
b11011010 "
b11101110 *
b11010110 2
b1001 :
b100101 B
#17286
b1011001 "
b10100111 *
b11011111 2
b10000111 :
b11111110001 B
#17287
b10100010 "
b11111110 *
b11100001 2
b1011001 :
b1001010 B
#17288
b110001 "
b1010000 *
b1000000 2
b10111100 :
b111 B
#17289
b10011 "
b1011100 *
b1000001 2
b10 B
#17290
b100011 "
b11000 *
b11110100 2
b11010111 :
b11111111101 B
#17291
b11011101 "
b101001 2
b11111000 :
b11111111110 B
#17292
b10100100 "
b11101101 *
b1011001 2
b11110 :
b1000000 B
#17293
b10110000 "
b11001111 *
b1011110 2
b1010 :
b1001100 B
#17294
b10001110 "
b11001011 *
b1100100 2
b10110100 :
b1 B
#17295
b11110 "
b1011001 *
b10100100 2
b10010 :
b11111100101 B
#17296
b1001001 "
b111011 *
b11001100 2
b1001110 :
b10010 B
#17297
b11011110 "
b1010111 *
b10100100 2
b1110 :
b10000 B
#17298
b11101101 "
b10100100 *
b101000 2
b10101011 :
b100010 B
#17299
b1010010 "
b11010011 *
b1010111 2
b11011111 :
b10110 B
#17300
b11101000 "
b11011101 *
b11011110 2
b11100110 :
b1111 B
#17301
b111110 "
b1000110 *
b1011110 2
b111 :
b11111111011 B
#17302
b1010000 "
b110001 *
b1001110 2
b11001100 :
b11111101111 B
#17303
b1001001 "
b11000101 *
b11001110 2
b10110001 :
b11111100001 B
#17304
b1011001 "
b11110 *
b10011 2
b10100100 :
b11111011110 B
#17305
b11011010 "
b10010 *
b11110 2
b11110 :
b11111100001 B
#17306
b11010110 "
b100 *
b11010 2
b100001 :
b11111110001 B
#17307
b11110101 "
b101001 *
b100011 2
b11101000 :
b0 B
#17308
b1001000 "
b10011001 *
b10010110 2
b1000101 :
b1111 B
#17309
b11011101 "
b11000 *
b100010 2
b11100111 :
b11000 B
#17310
b11000010 "
b10111010 *
b1010111 2
b100010 :
b11011 B
#17311
b100 "
b11010110 *
b100000 2
b11100 :
b10100 B
#17312
b11101110 "
b100110 *
b11011110 2
b11100111 :
b111 B
#17313
b10100111 "
b11100010 *
b1010 2
b10100011 :
b11111110111 B
#17314
b10010 "
b100110 *
b11101001 2
b100011 :
b11111101100 B
#17315
b11110101 "
b10000011 *
b1001101 2
b10011101 :
b11111100101 B
#17316
b1011 "
b11010111 *
b11110 2
b11100001 :
b11111100110 B
#17317
b10100011 "
b11110010 *
b10101010 2
b11011011 :
b11111110001 B
#17318
b100011 "
b11101000 *
b100010 2
b11100111 :
b11111111110 B
#17319
b10100100 "
b11101101 *
b10100011 2
b1110 :
b1011 B
#17320
b100010 "
b1010111 *
b1010100 2
b101001 :
b10100 B
#17321
b10100010 "
b10 *
b11011110 2
b1011000 :
b10110 B
#17322
b11100010 "
b11100010 *
b11100100 2
b100000 :
b10001 B
#17323
b1001001 "
b111011 *
b10010 2
b10100100 :
b110 B
#17324
b1111101 "
b11110101 *
b10011000 2
b10111010 :
b11111111000 B
#17325
b1111010 "
b100001 *
b10011001 2
b10110111 :
b11111110000 B
#17326
b11110010 "
b1011101 *
b10011 2
b10100100 :
b11111100111 B
#17327
b101101 "
b10101110 *
b11100101 2
b1011001 :
b11111101010 B
#17328
b10011 "
b10100100 *
b11000 2
b1011011 :
b11111110001 B
#17329
b101010 "
b100 *
b11011110 2
b11001 :
b11111111101 B
#17330
b10100010 "
b10 *
b101100 2
b10101101 :
b1000 B
#17331
b10100111 "
b10100111 *
b1100100 2
b10110100 :
b10100 B
#17332
b11101110 "
b11011010 *
b100000 2
b11100100 :
b10101 B
#17333
b110001 "
b1010000 *
b11100101 2
b1011010 :
b10010 B
#17334
b10100100 "
b10011 *
b10100100 2
b11101100 :
b1001 B
#17335
b10100011 "
b11110010 *
b10100011 2
b11110001 :
b11111111100 B
#17336
b11011101 "
b11000 *
b11100111 2
b100010 :
b11111110010 B
#17337
b10111010 "
b111110 *
b11101011 2
b1011011 :
b11111101011 B
#17338
b11110101 "
b1111101 *
b1011011 2
b1011000 :
b11111101101 B
#17339
b1001001 "
b11000101 *
b11101000 2
b10100101 :
b11111110100 B
#17340
b1011001 "
b11110 *
b101010 2
b10101100 :
b11111111101 B
#17341
b1001001 "
b111011 *
b101100 2
b10101101 :
b1000 B
#17342
b11111100 "
b11010110 *
b11011110 2
b11001 :
b10010 B
#17343
b10100100 "
b10011 *
b1010110 2
b100110 :
b10101 B
#17344
b10101110 "
b101101 *
b1011001 2
b11100011 :
b10100 B
#17345
b11101000 "
b11011101 *
b11111 2
b11100 :
b1100 B
#17346
b11110101 "
b11010111 *
b100010 2
b11010 :
b1 B
#17347
b1011 "
b10000011 *
b1100100 2
b1001011 :
b11111111001 B
#17348
b10010 "
b11011010 *
b100001 2
b11010 :
b11111101111 B
#17349
b11110 "
b10100111 *
b1011011 2
b11000 :
b11111101101 B
#17350
b11101110 "
b11011010 *
b11110 2
b11100010 :
b11111110000 B
#17351
b1011 "
b1111101 *
b10100000 2
b1010001 :
b11111111000 B
#17352
b11011111 "
b1111010 *
b10011100 2
b1001101 :
b0 B
#17353
b11000 "
b11011101 *
b100010 2
b11100110 :
b1011 B
#17354
b101101 "
b10101110 *
b100111 2
b10101010 :
b10001 B
#17355
b11011111 "
b10000110 *
b10101001 2
b10100101 :
#17356
b1010000 "
b110001 *
b1010111 2
b11011101 :
b1101 B
#17357
b1011110 "
b11111110 *
b10011 2
b10100100 :
b10 B
#17358
b11100010 "
b11110 *
b100011 2
b11001 :
b11111111000 B
#17359
b1011110 "
b10 *
b11010110 2
b10101100 :
b11111110001 B
#17360
b11010110 "
b100 *
b100001 2
b11011 :
b11111101010 B
#17361
b11110101 "
b101001 *
b11110 2
b11100001 :
b11111101110 B
#17362
b101101 "
b1010010 *
b11100111 2
b10100110 :
b11111110011 B
#17363
b10101110 "
b11010011 *
b1010100 2
b101001 :
b11111111110 B
#17364
b1000110 "
b11000010 *
b11010110 2
b1010100 :
b110 B
#17365
b1010111 "
b11011110 *
b11010111 2
b1010011 :
b10001 B
#17366
b1011110 "
b11111110 *
b11011100 2
b1010111 :
b10010 B
#17367
b11100010 "
b11100010 *
b11110 2
b11100010 :
#17368
b111011 "
b10110111 *
b1011011 2
b10110 :
b1001 B
#17369
b11001111 "
b10110000 *
b10010 2
b10100100 :
b0 B
#17370
b11000010 "
b1000110 *
b10101100 2
b101010 :
b11111110101 B
#17371
b11010011 "
b10101110 *
b11011000 2
b10101011 :
b11111110000 B
#17372
b1100111 "
b10111000 *
b1010101 2
b10100011 :
b11111101110 B
#17373
b1111010 "
b11011111 *
b1011101 2
b10101010 :
b11111110001 B
#17374
b1010000 "
b110001 *
b1011100 2
b11101101 :
b11111111011 B
#17375
b111011 "
b1001001 *
b11101111 :
b101 B
#17376
b1011001 "
b10100111 *
b10110101 2
b10011011 :
b1111 B
#17377
b11001011 "
b10001110 *
b10011111 2
b1010000 :
b10010 B
#17378
b11001111 "
b10110000 *
b11011111 2
b1011000 :
#17379
b10000110 "
b11011111 *
b1011101 2
b1010110 :
b1101 B
#17380
b1110 "
b10100011 *
b11101011 2
b1011100 :
b101 B
#17381
b11010011 "
b1010010 *
b10010 2
b10100100 :
b11111111011 B
#17382
b10111010 "
b111110 *
b11111110100 B
#17383
b1010111 "
b11011110 *
b11101010 2
b1011010 :
b11111110000 B
#17384
b10110111 "
b111011 *
b11011111 2
b10101000 :
#17385
b11100010 "
b10100111 *
b1011011 2
b11100111 :
b11111110110 B
#17386
b11011010 "
b10010 *
b11100110 2
b11011111 :
b11111111011 B
#17387
b11010110 "
b100 *
b11100111 2
b111 B
#17388
b10011 "
b1011100 *
b11011000 2
b1010101 :
b1111 B
#17389
b10111000 "
b1100111 *
b10100010 2
b1010011 :
b10001 B
#17390
b1100111 "
b10111000 *
b1011000 2
b10100110 :
b1111 B
#17391
b11000010 "
b10111010 *
b10100101 2
b11101010 :
b1000 B
#17392
b1011 "
b10000011 *
b10011101 2
b10110100 :
b11111111111 B
#17393
b10001110 "
b11001011 *
b10110100 2
b1100100 :
b11111110101 B
#17394
b11100010 "
b11100010 *
b11100101 2
b100001 :
b11111101111 B
#17395
b11011010 "
b10010 *
b11111 2
b11100 :
#17396
b100 "
b101010 *
b11100011 :
b11111110100 B
#17397
b11011111 "
b1111010 *
b1100011 2
b10110010 :
b11111111001 B
#17398
b10101110 "
b101101 *
b1011100 2
b11101111 :
b101 B
#17399
b1100111 "
b10111000 *
b10011011 2
b1001010 :
b10000 B
#17400
b11000010 "
b10111010 *
b1010101 2
b100111 :
b10010 B
#17401
b10101001 "
b100010 *
b100001 2
b10101000 :
b10100 B
#17402
b1001001 "
b11000101 *
b100010 2
b1011000 :
b1110 B
#17403
b1011001 "
b11100010 *
b101000 2
b1010101 :
b101 B
#17404
b100110 "
b11101110 *
b100010 2
b11010 :
b11111111010 B
#17405
b100 "
b101010 *
b11100110 2
b100010 :
b11111110001 B
#17406
b10011 "
b1011100 *
b11101001 2
b1011011 :
b11111101111 B
#17407
b1010010 "
b11010011 *
b1011000 2
b11100001 :
b11111110000 B
#17408
b1001000 "
b1100111 *
b1010010 2
b1011110 :
b11111110111 B
#17409
b11000010 "
b10111010 *
b10101011 2
b11011001 :
b11111111110 B
#17410
b11011110 "
b10101001 *
b10101100 2
b11010111 :
b1000 B
#17411
b1110010 "
b110101 *
b1100011 2
b10110010 :
b1110 B
#17412
b10100111 "
b1011001 *
b1010011 2
b1011111 :
b10001 B
#17413
b10100010 "
b11111110 *
b11111 2
b1011001 :
b10000 B
#17414
b100010 "
b10101001 *
b10101010 2
b100101 :
b1000 B
#17415
b10000110 "
b11011111 *
b1100011 2
b1001110 :
b11111111110 B
#17416
b11110010 "
b1011101 *
b10010 2
b10100100 :
b11111110101 B
#17417
b100011 "
b11101000 *
b11100100 2
b100000 :
b11111110000 B
#17418
b101001 "
b11110101 *
b11100011 2
b11110 :
#17419
b11001111 "
b1010000 *
b11100110 2
b10100110 :
b11111111000 B
#17420
b11011010 "
b11101110 *
b100000 2
b11100110 :
b11111111110 B
#17421
b11100010 "
b1011001 *
b10101100 2
b11011000 :
b101 B
#17422
b111011 "
b10110111 *
b1010101 2
b100111 :
b1110 B
#17423
b11110101 "
b10000011 *
b1011110 2
b10101100 :
b10000 B
#17424
b10000110 "
b11011111 *
b10100110 2
b10100111 :
b1110 B
#17425
b11000 "
b11011101 *
b11100 2
b11011111 :
b1000 B
#17426
b11011101 "
b11000 *
b11100101 2
b100001 :
b11111111111 B
#17427
b11110101 "
b11010111 *
b11011110 2
b11100110 :
b11111110110 B
#17428
b10000011 "
b11110101 *
b10110000 2
b1100001 :
b11111110100 B
#17429
b11101110 "
b100110 *
b11111 2
b11100 :
b11111101111 B
#17430
b11100010 "
b1011001 *
b1011001 2
b11111 :
b11111110100 B
#17431
b10 "
b10100010 *
b10100101 2
b10111 :
b11111111001 B
#17432
b11001111 "
b10110000 *
b11011000 2
b1010101 :
b10 B
#17433
b111110 "
b10111010 *
b10100100 2
b10011 :
b1001 B
#17434
b100011 "
b11000 *
b11100100 2
b11100000 :
b1111 B
#17435
b11110010 "
b10100011 *
b11011 2
b1011010 :
#17436
b100001 "
b1111010 *
b10100100 2
b10101001 :
b1000 B
#17437
b110001 "
b10110000 *
b100011 2
b1010111 :
b100 B
#17438
b10100010 "
b10 *
b10111 2
b10100101 :
b11111111100 B
#17439
b1011001 "
b10100111 *
b1011111 2
b1010011 :
b11111111000 B
#17440
b10100010 "
b11111110 *
b11011110 2
b10101000 :
b11111110111 B
#17441
b10110000 "
b110001 *
b10100111 2
b11100011 :
#17442
b10111010 "
b11000010 *
b11100100 2
b10100111 :
b11111111010 B
#17443
b11000 "
b11011101 *
b11110 2
b11100011 :
b11111111111 B
#17444
b101101 "
b10101110 *
b100001 2
b10101001 :
b10 B
#17445
b11101101 "
b1011100 *
b11011 2
b1011010 :
b11 B
#17446
b10110000 "
b11001111 *
b10100110 2
b11101 :
b101 B
#17447
b11000101 "
b10110111 *
b10101000 2
b100001 :
b100 B
#17448
b11110 "
b11110 *
b11101 2
b11100001 :
b1 B
#17449
b11001011 "
b10001110 *
b10101100 2
b1011110 :
b11111111011 B
#17450
b11010110 "
b100 *
b11111 2
b11100 :
b11111111100 B
#17451
b11010111 "
b11110101 *
b11110 :
b11111111001 B
#17452
b10011001 "
b10111000 *
b1011001 2
b1011001 :
#17453
b10111000 "
b10011001 *
b1010111 2
b1011010 :
b11111111101 B
#17454
b11101101 "
b1011100 *
b11100101 2
b10100111 :
b0 B
#17455
b10000011 "
b11110101 *
b1011010 2
b10101001 :
b10 B
#17456
b11000101 "
b10110111 *
b1011001 2
b11100011 :
b11 B
#17457
b10100111 "
b11110 *
b11100001 2
b10100111 :
#17458
b11000101 "
b1001001 *
b10100110 2
b11100100 :
b1 B
#17459
b10000011 "
b1011 *
b10100100 2
b10101010 :
b11111111110 B
#17460
b10111010 "
b11000010 *
b11100000 2
b10101000 :
#17461
b11110010 "
b1011101 *
b11100100 2
b1011010 :
b11111111011 B
#17462
b10100011 "
b1110 *
b10100111 2
b11111 :
b11111111100 B
#17463
b1000110 "
b11000010 *
b11110 2
b10100111 :
b11111111110 B
#17464
b1111101 "
b1011 *
b1011001 2
#17465
b1110010 "
b110101 *
b1011010 2
b10101000 :
b1 B
#17466
b11100010 "
b1011001 *
b1011001 2
b11110 :
b0 B
#17467
b11111110 "
b1011110 *
b11100010 :
b10 B
#17468
b1011 "
b1111101 *
b1011000 2
b10100111 :
b1 B
#17469
b11010111 *
b11100010 2
b11111 :
b11111111111 B
#17470
b10111000 "
b1100111 *
b1010110 2
b10100101 :
b0 B
#17471
b1010010 "
b101101 *
b10100111 2
b11100101 :
b11111111110 B
#17472
b1011100 "
b10011 *
b10101000 2
b11111 :
b11111111101 B
#17473
b100010 "
b1010111 *
b10100111 2
b11100011 :
#17474
b1011110 "
b11111110 *
b11100011 2
b1011010 :
b11111111110 B
#17475
b11110 "
b1011001 *
b10100111 2
b11111 :
b11111111111 B
#17476
b10100010 "
b11111110 *
b11100001 2
b10100111 :
#17477
b110001 "
b1010000 *
b11100011 2
b1011010 :
b11111111110 B
#17478
b1111010 "
b100001 *
b1011010 2
b1011001 :
#17479
b11010011 "
b10101110 *
b11100010 2
b10100111 :
b11111111111 B
#17480
b10111000 "
b10011001 *
b10100110 2
b10101000 :
#17481
b11110101 "
b11010111 *
b11100010 2
b11100011 :
#17482
b11001111 "
b1010000 *
b11111 2
b1011001 :
b11111111110 B
#17483
b10001110 "
b11001011 *
b10101000 2
b11111111101 B
#17484
b10100111 "
b10100111 *
b10100111 2
b11111111110 B
#17485
b1011110 "
b10 *
b11100010 2
b10100110 :
b0 B
#17486
b1010000 "
b11001111 *
b10100111 2
b11100010 :
#17487
b10111010 "
b11000010 *
b11110 2
b1011001 :
#17488
b10100011 "
b11110010 *
b1011010 2
b11110 :
b1 B
#17489
b1110 *
b1011001 2
b11100001 :
b11111111111 B
#17490
b10100100 "
b11101101 *
b0 B
#17491
b110001 "
b10110000 *
b11111 2
b1011001 :
b11111111110 B
#17492
b11001011 "
b1110010 *
b10100101 2
b10101001 :
#17493
b10100111 "
b10100111 *
b1011000 2
b10100110 :
#17494
b100110 "
b11101110 *
b11110 2
b11110 :
b11111111101 B
#17495
b11010110 "
b100 *
b11100010 2
b11100011 :
b11111111111 B
#17496
b100001 "
b10000110 *
b1011010 2
b10100110 :
b0 B
#17497
b1100111 "
b1001000 *
b1011001 2
b1011001 :
b11111111101 B
#17498
b100011 "
b11101000 *
b11110 2
b11100010 :
b0 B
#17499
b1000110 "
b11000010 *
b10100111 :
#17500
b11001111 "
b1010000 *
b1011001 :
#17501
b11001011 "
b1110010 *
b1011001 2
b1011000 :
b1 B
#17502
b10100111 "
b10100111 *
b10101000 2
b1011010 :
b11111111111 B
#17503
b10010 "
b100110 *
b11101 2
b11100001 :
#17504
b100 "
b101010 *
#17505
b100001 "
b10000110 *
b10101001 2
b1011011 :
b11111111100 B
#17506
b10011001 "
b10111000 *
b1011001 2
b1011000 :
#17507
b1010010 "
b101101 *
b10100111 2
b11100010 :
b11111111110 B
#17508
b11011111 "
b10000110 *
b1011001 2
b1011010 :
b11111111111 B
#17509
b100010 "
b1010111 *
b10100111 2
b11100010 :
b1 B
#17510
b11000101 "
b10110111 *
b1011000 2
b0 B
#17511
b11110 "
b10100111 *
b1011001 2
b11101 :
b1 B
#17512
b11001011 "
b10001110 *
b1011000 2
b10100101 :
b11111111111 B
#17513
b11111100 "
b11010110 *
b11101 2
b11100001 :
#17514
b10011 "
b1011100 *
b11100100 2
b1011010 :
b11111111110 B
#17515
b101101 "
b1010010 *
b11111 2
b1011000 :
b11111111100 B
#17516
b11000 "
b100011 *
b11110 2
b11110 :
b11111111110 B
#17517
b11110101 "
b11010111 *
b11100010 2
b11100001 :
#17518
b1011 "
b10000011 *
b10100111 2
b10100111 :
b0 B
#17519
b111011 "
b1001001 *
b1011000 2
b11100010 :
b10 B
#17520
b1011001 "
b1011001 *
b10100110 :
b0 B
#17521
b110101 "
b1110010 *
b11111111111 B
#17522
b11110101 "
b10000011 *
b10101000 2
b1011001 :
#17523
b1111010 "
b100001 *
b10100101 2
b10101000 :
#17524
b101101 "
b1010010 *
b11100001 2
b0 B
#17525
b1011101 "
b11110010 *
b10100111 2
b100000 :
b11111111101 B
#17526
b11110101 "
b11010111 *
b11110 2
b11101 :
b11111111110 B
#17527
b10101001 "
b100010 *
b11101 2
b10100111 :
b11111111101 B
#17528
b1110010 "
b110101 *
b10101000 2
b1011001 :
#17529
b11100010 "
b10100111 *
b1011001 2
b11100010 :
b11111111111 B
#17530
b10110111 "
b11000101 *
b11110 2
b10101000 :
b0 B
#17531
b11011110 "
b1010111 *
b10100111 2
b11110 :
b11111111111 B
#17532
b100001 "
b10000110 *
b1011001 2
b10100110 :
b1 B
#17533
b1010010 "
b11010011 *
b1011000 2
b11100001 :
b11111111111 B
#17534
b1011101 "
b11110010 *
b1011001 2
b11100000 :
b0 B
#17535
b11110101 "
b11010111 *
b11100010 2
b11100011 :
b11111111110 B
#17536
b1011 "
b10000011 *
b10100101 2
b10101000 :
b11111111101 B
#17537
b10 "
b1011110 *
b1011010 2
b11101 :
#17538
b1011001 "
b11100010 *
b11100001 2
b10100111 :
#17539
b10001110 "
b110101 *
b1011001 2
b1011001 :
b11111111111 B
#17540
b11001111 "
b10110000 *
b11100011 2
b1011010 :
b11111111110 B
#17541
b11101101 "
b10100100 *
b11100010 2
b1011001 :
b0 B
#17542
b11011101 "
b11101000 *
b11110 2
b11110 :
b11111111111 B
#17543
b11010011 "
b1010010 *
b11101 2
b10100111 :
b1 B
#17544
b1111010 "
b11011111 *
b10101000 2
b1011011 :
b0 B
#17545
b1010111 "
b11011110 *
b11100011 2
b1011001 :
b11111111111 B
#17546
b11111110 "
b10100010 *
b1011010 2
b11100 :
b11111111110 B
#17547
b11100010 "
b11100010 *
b11110 2
b11100010 :
b11111111111 B
#17548
b1110010 "
b11001011 *
b1011011 2
b1011000 :
b11111111110 B
#17549
b100010 "
b10101001 *
b1011000 2
b11100001 :
b0 B
#17550
b10011 "
b1011100 *
b11100100 2
b1011010 :
b11111111101 B
#17551
b101101 "
b1010010 *
b11111 2
b1011000 :
b11111111110 B
#17552
b1001000 "
b1100111 *
b1011010 2
#17553
b10111010 "
b111110 *
b11100010 2
b1011001 :
#17554
b1010111 "
b11011110 *
b11110 2
b10100111 :
#17555
b11101110 "
b100110 *
b11110 :
b1 B
#17556
b11110 "
b1011001 *
b1011001 2
b11100010 :
#17557
b111011 "
b10110111 *
b10100111 2
b11100011 :
b0 B
#17558
b10000011 "
b1011 *
b1011001 2
b1011000 :
b11111111111 B
#17559
b11101101 "
b10100100 *
b11100100 2
b1011010 :
#17560
b1001000 "
b10011001 *
b10101001 2
#17561
b11000 "
b100011 *
b11100001 2
b11100011 :
b11111111110 B
#17562
b1011100 "
b10011 *
b10100111 2
b11111 :
#17563
b10000011 "
b11110101 *
b1011000 2
b10100110 :
b11111111011 B
#17564
b11101110 "
b100110 *
b11100010 2
b11100010 :
b11111111110 B
#17565
b1011001 "
b1011001 *
b10100110 2
b1011000 :
b11111111111 B
#17566
b10110111 "
b11000101 *
b11111 2
b10100111 :
b0 B
#17567
b10101001 "
b11011110 *
b11100010 2
b10 B
#17568
b10011 "
b1011100 *
b11100011 2
b1011001 :
#17569
b10100011 "
b11110010 *
b10100110 2
b11100011 :
b11111111111 B
#17570
b1110 *
b10100111 2
b100000 :
#17571
b111110 "
b1000110 *
b1011010 2
b11100 :
#17572
b1011 "
b10000011 *
b10100101 2
b10101001 :
b11111111101 B
#17573
b11111110 "
b10100010 *
b10100110 2
b11100100 :
b11111111110 B
#17574
b1011001 "
b11110 *
b11101 2
b10100111 :
b11111111101 B
#17575
b1110010 "
b11001011 *
b10100110 2
b10101000 :
b11111111110 B
#17576
b100 "
b101010 *
b11101 2
b11100010 :
b11111111111 B
#17577
b11101101 "
b10100100 *
b11100011 2
b1011001 :
b11111111110 B
#17578
b10101110 "
b101101 *
b1011001 2
b11100010 :
#17579
b1011101 "
b11110010 *
b10100110 2
b11110 :
b11111111111 B
#17580
b11101101 "
b1011100 *
b11100010 2
b10100110 :
#17581
b1011 "
b10000011 *
b1011001 2
b1011000 :
b0 B
#17582
b11001011 "
b1110010 *
b10100111 2
b10101000 :
#17583
b11100010 "
b1011001 *
b11100011 :
b11111111111 B
#17584
b10100010 "
b11111110 *
b11100001 2
b10100111 :
#17585
b100010 "
b10101001 *
b1011000 2
b11100001 :
#17586
b1011 "
b11010111 *
b11110 2
b11111111110 B
#17587
b1011101 "
b1110 *
b1011010 2
b11101 :
#17588
b11110010 *
b1011001 2
b11100001 :
#17589
b10000110 "
b100001 *
b10100111 2
b1011010 :
b11111111111 B
#17590
b100 "
b11010110 *
b11100011 2
b11100010 :
b11111111110 B
#17591
b11011010 "
b11101110 *
b11100010 2
b11110 :
b0 B
#17592
b1011001 "
b11110 *
b11110 2
b10100111 :
b10 B
#17593
b1001001 "
b111011 *
b11101 2
b0 B
#17594
b10101001 "
b11011110 *
b11110 2
b1011000 :
b1 B
#17595
b10111010 "
b11000010 *
b11111 2
b1010111 :
b11111111111 B
#17596
b1010010 "
b11010011 *
b10101000 2
b100001 :
#17597
b1100111 "
b10111000 *
b10101010 2
b1011011 :
b11111111101 B
#17598
b11101101 "
b1011100 *
b11100001 2
b10101000 :
b11111111011 B
#17599
b10110000 "
b11001111 *
b1011001 2
b11100001 :
b11111111101 B
#17600
b11011010 "
b11101110 *
b11110 2
b11100010 :
b11111111110 B
#17601
b1011001 "
b11110 *
b11100010 2
b1011001 :
#17602
b11111110 "
b1011110 *
b10100110 2
b11110 :
b0 B
#17603
b10000011 "
b1011 *
b10101000 2
b10100111 :
b1 B
#17604
b11101101 "
b10100100 *
b11101 2
b0 B
#17605
b10101110 "
b101101 *
b10101000 2
b11111 :
#17606
b10100011 "
b1110 *
b10100111 2
b11111111111 B
#17607
b10111010 "
b111110 *
b11100100 2
b1011001 :
b11111111110 B
#17608
b101010 "
b100 *
b11110 2
b11100011 :
#17609
b10001110 "
b11001011 *
b10101000 2
b1011001 :
#17610
b11100010 "
b1011001 *
b1011001 2
b11110 :
b11 B
#17611
b11101110 "
b11011010 *
b11100011 2
b11111 :
b0 B
#17612
b1111101 "
b11110101 *
b10100110 2
b10101001 :
b1 B
#17613
b1011100 "
b11101101 *
b11100101 :
b11111111100 B
#17614
b101101 "
b1010010 *
b11100001 2
b10101000 :
b11111111101 B
#17615
b1110 "
b1011101 *
b10100111 :
b11111111100 B
#17616
b11000010 "
b10111010 *
b1011001 2
b11110 :
b11111111110 B
#17617
b11010110 "
b11111100 *
b11110 2
b11100011 :
#17618
b10 "
b1011110 *
b10100111 2
b11100001 :
b1 B
#17619
b1011001 "
b10100111 *
b1011001 2
b1011001 :
b11 B
#17620
b11111110 "
b1011110 *
b10100111 2
b100000 :
b10 B
#17621
b10000011 "
b1011 *
b10100101 2
b10101001 :
b0 B
#17622
b11010111 "
b11110101 *
b11100001 2
b11100010 :
b11111111101 B
#17623
b1100111 "
b1001000 *
b1011011 2
b1010110 :
#17624
b11000 "
b100011 *
b11111 2
b11101 :
#17625
b1000110 "
b11000010 *
b11100 2
b10100111 :
b11111111100 B
#17626
b110001 "
b10110000 *
b11100010 2
b11111111011 B
#17627
b111011 "
b1001001 *
b1011001 2
b11100011 :
b11111111110 B
#17628
b11110 "
b1011001 *
b11111111111 B
#17629
b11011010 "
b10010 *
b11101 2
b11110 :
b1 B
#17630
b1111101 "
b11110101 *
b10101000 2
b10100111 :
#17631
b11010111 "
b11111 2
b11110 :
b10 B
#17632
b11000 "
b11011101 *
b11100011 2
b0 B
#17633
b11101000 "
b11111 2
b11101 :
b11111111101 B
#17634
b11010111 "
b1011 *
b11101 2
b11100010 :
b11111111110 B
#17635
b110001 "
b10110000 *
b11111 2
b1011001 :
b11111111011 B
#17636
b11011010 "
b11101110 *
b11110 2
b11100010 :
b11111111110 B
#17637
b11100010 "
b10100111 *
b1011001 2
b11100011 :
#17638
b100110 "
b11101110 *
b11101 2
b11110 :
b0 B
#17639
b1010111 "
b100010 *
b1011001 :
b1 B
#17640
b10000110 "
b11011111 *
b10100111 2
b10100110 :
b10 B
#17641
b11010011 "
b10101110 *
b11100001 2
b10101000 :
b1 B
#17642
b1010010 "
b101101 *
b1011010 2
b11100 :
b0 B
#17643
b111110 "
b1000110 *
b11111111110 B
#17644
b10101001 "
b100010 *
b11100100 2
b1011010 :
#17645
b1110010 "
b110101 *
b1010111 2
b10100101 :
#17646
b10100111 "
b10100111 *
b10101000 2
b1011010 :
#17647
b11101110 "
b11011010 *
b11100010 2
b11110 :
#17648
b110001 "
b1010000 *
b11110 2
b10100111 :
b11111111111 B
#17649
b11000010 "
b1000110 *
b1011001 2
b11100010 :
b0 B
#17650
b10100011 "
b11110010 *
b1011010 2
b11110 :
b1 B
#17651
b11011101 "
b11000 *
b11110 2
b11100001 :
b11111111111 B
#17652
b10000110 "
b100001 *
b1011000 2
b10100101 :
b0 B
#17653
b11010110 "
b11111100 *
b11110 2
b11100011 :
b11111111110 B
#17654
b10001110 "
b11001011 *
b1010111 2
b10100101 :
#17655
b1011001 "
b10100111 *
b1011010 2
b1011000 :
b11 B
#17656
b110101 "
b1110010 *
b10101001 2
b1011011 :
b11111111110 B
#17657
b11001111 "
b10110000 *
b11100 2
b10100111 :
#17658
b111110 "
b10111010 *
b1011000 2
b11100001 :
#17659
b1001000 "
b10011001 *
b10100111 :
#17660
b11010011 "
b1010010 *
b11100011 2
b1011001 :
#17661
b100001 "
b1111010 *
b1011010 2
b0 B
#17662
b11010110 "
b11111100 *
b11100010 2
b11101 :
b11111111111 B
#17663
b100110 "
b10010 *
b11110 2
b11100010 :
#17664
b11100010 "
b1011001 *
b1011001 2
b11101 :
b11 B
#17665
b111011 "
b10110111 *
b10100110 2
b11100100 :
b0 B
#17666
b11111100 "
b11010110 *
b11100100 2
b11111 :
b11111111111 B
#17667
b11010111 "
b11110101 *
b11111 2
b11110 :
b11111111110 B
#17668
b1100111 "
b1001000 *
b10100101 2
b10101010 :
b11111111010 B
#17669
b1011101 "
b11110010 *
b10100111 2
b11111 :
b11111111101 B
#17670
b1000110 "
b11000010 *
b11100010 2
b1011001 :
b11111111100 B
#17671
b11010110 "
b11111100 *
b11111 2
b11100011 :
b11111111110 B
#17672
b110101 "
b10001110 *
b1010111 2
b1011010 :
b1 B
#17673
b11100010 "
b11110 *
b11100010 2
b11100010 :
b101 B
#17674
b11011010 "
b10010 *
b11100001 2
b10 B
#17675
b1010000 "
b11001111 *
b1011010 2
b11011 :
b0 B
#17676
b11101101 "
b10100100 *
b11011 2
b10100110 :
b11111111101 B
#17677
b1011101 "
b1110 *
b1011010 2
b11100 :
b11111111100 B
#17678
b11101000 "
b11011101 *
b11100001 2
b11100010 :
#17679
b111110 "
b1000110 *
b1011001 2
b11110 :
b11111111110 B
#17680
b10110000 "
b11001111 *
b10100110 2
b11101 :
b11111111101 B
#17681
b100110 "
b10010 *
b11110 2
b11100010 :
b1 B
#17682
b10100111 "
b1011001 *
b1011001 2
b1011001 :
#17683
b10 "
b10100010 *
b10100111 2
b11111 :
b0 B
#17684
b10000011 "
b1011 *
b1011001 2
b1011000 :
#17685
b100001 "
b10000110 *
b10101000 2
b1011011 :
b11111111110 B
#17686
b1010010 "
b11010011 *
b11111 :
b11111111111 B
#17687
b11101000 "
b11011101 *
b11111 2
b11101 :
b11111111110 B
#17688
b10100100 "
b11101101 *
b1011001 2
b11100001 :
#17689
b110001 "
b10110000 *
b11110 2
b1011001 :
b11111111011 B
#17690
b1110010 "
b110101 *
b10100110 2
b1011000 :
b11111111110 B
#17691
b1011001 "
b11100010 *
b11101 2
b1011001 :
b11111111111 B
#17692
b10001110 "
b110101 *
b10101001 2
b10100101 :
b10 B
#17693
b1010111 "
b100010 *
b11110 2
b1011001 :
b1 B
#17694
b100001 "
b10000110 *
b1011001 2
b10100110 :
b10 B
#17695
b1011101 "
b1110 *
b1011010 2
b11101 :
b11111111111 B
#17696
b11011101 "
b11000 *
b11100011 2
b11111 :
b0 B
#17697
b10000110 "
b100001 *
b10101001 2
b1011100 :
b11111111111 B
#17698
b1010000 "
b110001 *
b1011000 2
b11100000 :
b11111111100 B
#17699
b1110010 "
b110101 *
b1010111 2
b10100101 :
b11111111101 B
#17700
b1011001 "
b1011001 *
b1011000 2
b10100110 :
b11111111100 B
#17701
b11011010 "
b10010 *
b11110 2
b11110 :
b11111111110 B
#17702
b1010111 "
b100010 *
b11100011 2
b10100111 :
b11111111111 B
#17703
b1000110 "
b111110 *
b0 B
#17704
b1011101 "
b1110 *
b10100111 2
b11100001 :
b1 B
#17705
b11010011 "
b1010010 *
b11101 2
b10100111 :
#17706
b1000110 "
b11000010 *
b11100100 2
b1011001 :
b10 B
#17707
b1011 "
b10000011 *
b1011011 2
b1010111 :
b11111111111 B
#17708
b11101110 "
b100110 *
b11100010 2
b11100011 :
b11111111110 B
#17709
b11100010 "
b11100010 *
b11101 2
b11100001 :
b11111111101 B
#17710
b11101110 "
b11011010 *
b11110 2
#17711
b11111100 "
b11010110 *
b11101 2
b11111111100 B
#17712
b111110 "
b10111010 *
b1011001 2
b11100010 :
b11111111110 B
#17713
b10111000 "
b1100111 *
b10100110 2
b1011000 :
b11111111100 B
#17714
b11110010 "
b10100011 *
b11100011 2
b10100110 :
b11111111111 B
#17715
b11011111 "
b10000110 *
b10101000 2
b10100101 :
b10 B
#17716
b10101001 "
b100010 *
b11100010 2
b1011001 :
b1 B
#17717
b1011110 "
b11111110 *
b11110 2
b10100111 :
b10 B
#17718
b10100111 "
b11110 *
b11111 2
b1011001 :
b1 B
#17719
b11000101 "
b1001001 *
b1011010 2
b11100 :
#17720
b110001 "
b1010000 *
b11010 2
b10100110 :
b11111111110 B
#17721
b11010111 "
b11110101 *
b11111 2
b11110 :
#17722
b1011101 "
b1110 *
b10100110 2
b11100100 :
b11111111011 B
#17723
b11110010 *
b10100111 2
b11111 :
b11111111101 B
#17724
b1000110 "
b11000010 *
b11100011 2
b1011001 :
b11111111110 B
#17725
b1111101 "
b1011 *
b10101000 2
#17726
b111011 "
b1001001 *
b11110 :
b11111111111 B
#17727
b10100111 "
b11110 *
b11100010 2
b10100111 :
b0 B
#17728
b10110111 "
b11000101 *
b11110 2
b10101000 :
b11111111111 B
#17729
b10101001 "
b11011110 *
b11100010 2
b10100111 :
#17730
b11000010 "
b1000110 *
b10101000 2
b11110 :
b1 B
#17731
b10011001 "
b10111000 *
b10100110 2
b10101001 :
b11111111111 B
#17732
b1010010 "
b101101 *
b1011010 2
b11100 :
#17733
b100001 "
b1111010 *
b1011100 2
b1010111 :
b11111111101 B
#17734
b10110000 "
b11001111 *
b10100111 2
b11111 :
b11111111110 B
#17735
b1001001 "
b11000101 *
b11100000 2
b10101000 :
b11111111100 B
#17736
b1011001 "
b11110 *
b11110 2
b10100111 :
b11111111110 B
#17737
b10110111 "
b11000101 *
b11100001 2
b1011001 :
b11111111100 B
#17738
b10000011 "
b1011 *
b1010111 2
b1011011 :
b1 B
#17739
b11010111 "
b11110101 *
b11101 2
b11110 :
b10 B
#17740
b100011 "
b11000 *
b11100010 2
b11100010 :
#17741
b1011101 "
b11110010 *
b10100111 2
b11111 :
#17742
b11010111 "
b1011 *
b11101 2
b11100010 :
b0 B
#17743
b1010000 "
b110001 *
b10101000 2
b11111 :
b11111111110 B
#17744
b10001110 "
b11001011 *
b1010111 2
b10100101 :
#17745
b11110 "
b11110 *
b11100010 2
b11110 :
#17746
b11111110 "
b1011110 *
b10100111 2
b11111 :
#17747
b10101001 "
b11011110 *
b11100010 2
b10100111 :
b0 B
#17748
b1011 "
b11010111 *
b11110 2
b11100001 :
b11111111110 B
#17749
b11110010 "
b1011101 *
b11100010 2
b1011010 :
b11111111111 B
#17750
b11011101 "
b11000 *
b11110 :
b11111111110 B
#17751
b111110 "
b1000110 *
b1011001 2
b0 B
#17752
b11110101 "
b1111101 *
b1011000 :
#17753
b1011110 "
b11111110 *
b11110 2
b10100111 :
b1 B
#17754
b11110 "
b11100010 *
b11100010 2
b11100010 :
b11111111111 B
#17755
b11000101 "
b1001001 *
b1011001 2
b11101 :
b1 B
#17756
b1010000 "
b11001111 *
b10100110 2
b11100101 :
b0 B
#17757
b11010111 "
b11110101 *
b11111 2
b11110 :
b11111111111 B
#17758
b1001000 "
b10011001 *
b10101011 2
b1011100 :
b11111111100 B
#17759
b1100111 "
b10111000 *
b10101001 2
b1011011 :
b11111111101 B
#17760
b10000110 "
b100001 *
b1011000 2
b10100101 :
b11111111011 B
#17761
b11001111 "
b1010000 *
b11100010 2
b10100111 :
b11111111110 B
#17762
b10010 "
b11011010 *
b11110 2
b11110 :
#17763
b1011001 "
b10100111 *
b1011000 2
b1011010 :
b11111111111 B
#17764
b111011 "
b10110111 *
b1011001 2
b11111 :
b0 B
#17765
b11010110 "
b100 *
b11100010 2
b11100011 :
b1 B
#17766
b111110 "
b10111010 *
b1011000 2
b11100010 :
b10 B
#17767
b1010010 "
b11010011 *
b11100001 :
b11111111101 B
#17768
b100011 "
b11101000 *
b11110 2
b11111111111 B
#17769
b100001 "
b1111010 *
b1011011 2
b1011000 :
b11111111110 B
#17770
b100010 "
b1010111 *
b1011001 2
b11101 :
#17771
b11111110 "
b10100010 *
b10100111 2
b11100010 :
b11111111101 B
#17772
b11110 "
b10100111 *
b11111111111 B
#17773
b10010 "
b100110 *
b11110 2
b1 B
#17774
b110001 "
b1010000 *
b11101 2
b10100111 :
#17775
b10000110 "
b11011111 *
b1011011 2
b1010111 :
b0 B
#17776
b11010011 "
b10101110 *
b100001 2
b1011000 :
b11111111111 B
#17777
b11000 "
b100011 *
b11100010 2
b11100011 :
b11111111101 B
#17778
b1011 "
b101001 *
b11111111011 B
#17779
b11111100 "
b101010 *
b11100011 2
b11100010 :
b11111111101 B
#17780
b11001011 "
b1110010 *
b10100111 2
b10101000 :
#17781
b11100010 "
b1011001 *
b11100010 :
b10 B
#17782
b11011010 "
b10010 *
b11100010 2
b11111111111 B
#17783
b11011110 "
b1010111 *
b10101000 2
b11111 :
b1 B
#17784
b10011 "
b1011100 *
b11100100 2
b1011010 :
b0 B
#17785
b1100111 "
b1001000 *
b1011011 2
b1010110 :
b11111111110 B
#17786
b10101110 "
b11010011 *
b10100110 2
b11100100 :
#17787
b10100100 "
b11101101 *
b10100111 2
b11111 :
b11111111100 B
#17788
b11111100 "
b101010 *
b11101 2
b11110 :
b11111111110 B
#17789
b11011010 "
b11101110 *
b11100010 2
#17790
b11110 "
b10100111 *
b10100111 2
b11100001 :
b10 B
#17791
b1110010 "
b11001011 *
b10100111 :
b0 B
#17792
b11011110 "
b1010111 *
b1011001 2
b11100010 :
b10 B
#17793
b1111010 "
b100001 *
b10100101 2
b10101000 :
b0 B
#17794
b10011001 "
b10111000 *
b1011010 2
b1010111 :
b11111111111 B
#17795
b10101110 "
b11010011 *
b11100 :
b11111111101 B
#17796
b10000110 "
b100001 *
b1011000 2
b10100101 :
#17797
b110001 "
b10110000 *
b11111 2
b1011001 :
b11111111110 B
#17798
b1001001 "
b11000101 *
b11110 2
b1011000 :
#17799
b10100111 "
b10100111 *
b1011001 2
b10100111 :
#17800
b11011010 "
b10010 *
b11100010 2
b11100010 :
b11111111111 B
#17801
b10000011 "
b1011 *
b10101000 2
b10100111 :
b0 B
#17802
b11010111 "
b11110101 *
b11100010 2
b11100001 :
#17803
b11011101 "
b11101000 *
b11100010 :
#17804
b11101000 "
b11011101 *
b10 B
#17805
b11000010 "
b10111010 *
b10100111 2
b11100100 :
b0 B
#17806
b100 "
b11010110 *
b11100010 2
b11100010 :
#17807
b110101 "
b10001110 *
b10100101 2
b10101001 :
b11111111110 B
#17808
b11110 "
b1011001 *
b1011001 2
b11100001 :
b0 B
#17809
b11011010 "
b10010 *
b11111 2
b11101 :
b11111111101 B
#17810
b101010 "
b11111100 *
b11100010 2
b11100011 :
b11111111110 B
#17811
b101001 "
b1011 *
b11100001 2
b11100010 :
b11111111011 B
#17812
b11011101 "
b11101000 *
b11110 2
b11110 :
b11111111101 B
#17813
b10100011 "
b1110 *
b1011010 2
b11100011 :
#17814
b11011111 "
b10000110 *
b1011000 2
b1011011 :
b0 B
#17815
b1010000 "
b110001 *
b10100111 2
b11101 :
b1 B
#17816
b10 "
b1011110 *
b11100010 :
b10 B
#17817
b1011001 "
b10100111 *
b1011010 2
b1011000 :
b1 B
#17818
b11111110 "
b1011110 *
b10100111 2
b100000 :
#17819
b11001111 "
b10110000 *
b11011 2
b10100110 :
b11111111110 B
#17820
b11000010 "
b1000110 *
b10101000 2
b11111 :
b11111111101 B
#17821
b1100111 "
b1001000 *
b1011010 2
b1010111 :
b11111111100 B
#17822
b100011 "
b11101000 *
b11110 2
b11100010 :
b11111111110 B
#17823
b11000010 "
b10111010 *
b10100111 2
b11111111101 B
#17824
b11011110 "
b10101001 *
b0 B
#17825
b11111110 "
b10100010 *
b1 B
#17826
b11100010 "
b10100111 *
b11111 :
#17827
b11111110 "
b1011110 *
b1011000 2
b11100000 :
#17828
b100 "
b101010 *
b11101 2
b11100001 :
b11111111110 B
#17829
b10011 "
b1011100 *
b11011 2
b10100111 :
b11111111100 B
#17830
b1001000 "
b10011001 *
b10101000 2
b1011001 :
#17831
b1110 "
b1011101 *
b11100010 2
b10100110 :
b11111111101 B
#17832
b1000110 "
b11000010 *
b1011000 :
b0 B
#17833
b1010111 "
b11011110 *
b1011001 :
#17834
b100110 "
b10010 *
b11110 :
b1 B
#17835
b11110 "
b11100010 *
b11110 2
#17836
b10001110 "
b110101 *
b10100101 2
b10101000 :
b0 B
#17837
b11011110 "
b1010111 *
b10101001 2
b11111 :
#17838
b111110 "
b10111010 *
b1011000 2
b11100001 :
b11111111101 B
#17839
b1011101 "
b1110 *
b1011010 2
b11101 :
#17840
b11101000 "
b11011101 *
b11100001 2
b11100010 :
b11111111110 B
#17841
b10100100 "
b11101101 *
b10100111 2
b11111 :
b11111111111 B
#17842
b110001 "
b10110000 *
b11100001 2
b10100111 :
b11111111101 B
#17843
b10 "
b1011110 *
b1011001 2
b11110 :
b11111111110 B
#17844
b1011001 "
b10100111 *
b10100111 2
b10100111 :
#17845
b10110111 "
b11000101 *
b11100001 2
b1011001 :
b1 B
#17846
b11110101 "
b10000011 *
b10100111 2
b0 B
#17847
b10011 "
b1011100 *
b11101 2
b10100111 :
b10 B
#17848
b1010010 "
b11010011 *
b10101000 2
b11111 :
b0 B
#17849
b1001000 "
b1100111 *
b10100101 2
b10101001 :
b11111111111 B
#17850
b10111010 "
b111110 *
b11100 2
b10100111 :
b11111111110 B
#17851
b11110101 "
b1111101 *
b10100110 2
b10101000 :
b11111111101 B
#17852
b11000101 "
b10110111 *
b1011000 2
b11100000 :
b11111111110 B
#17853
b1011001 "
b10100111 *
b1011010 2
b1011000 :
#17854
b10001110 "
b110101 *
b10100111 2
b10100111 :
b11111111100 B
#17855
b100 "
b101010 *
b11100011 2
b11110 :
b11111111110 B
#17856
b1111010 "
b100001 *
b1011000 2
b1011011 :
b0 B
#17857
b11011101 "
b11101000 *
b11100011 2
b11100001 :
b11111111110 B
#17858
b11000 *
b11100010 2
b11101 :
b10 B
#17859
b1011100 "
b10011 *
b1011001 2
b11100011 :
b100 B
#17860
b100010 "
b1010111 *
b11101 :
b11 B
#17861
b10100010 "
b10 *
b11100101 2
b1011010 :
b1 B
#17862
b11100010 "
b1011001 *
b1011010 2
b11011 :
b11111111111 B
#17863
b1011110 "
b10 *
b11011110 2
b10101000 :
b11111111100 B
#17864
b10110000 "
b110001 *
b1011010 2
b11011 :
#17865
b1011100 "
b11101101 *
b10100111 2
b11100100 :
b11111111010 B
#17866
b1100111 "
b1001000 *
b10101000 2
b10100110 :
b11111111100 B
#17867
b10111000 *
b10100110 2
b1010111 :
b11111111110 B
#17868
b10000110 "
b100001 *
b1011011 2
b10101001 :
b1 B
#17869
b11010110 "
b11111100 *
b11111 2
b11100011 :
b11 B
#17870
b11001011 "
b1110010 *
b10100111 2
b10101000 :
#17871
b11110 "
b1011001 *
b10101000 2
b100000 :
b101 B
#17872
b11111110 "
b1011110 *
b100011 :
b11111111111 B
#17873
b10110000 "
b110001 *
b10100110 2
b11100110 :
b11111111100 B
#17874
b10100100 "
b10011 *
b11111111001 B
#17875
b10011001 "
b10111000 *
b10101001 :
b11111111011 B
#17876
b11011101 "
b11000 *
b11100010 2
b11110 :
#17877
b1011 "
b101001 *
b11110 2
b11111 :
b11111111101 B
#17878
b11111100 "
b101010 *
b11101 2
b0 B
#17879
b111011 "
b1001001 *
b1011001 2
b11100011 :
b10 B
#17880
b10100111 "
b11110 *
b11110 2
b1011001 :
b100 B
#17881
b11111110 "
b1011110 *
b1011000 2
b11100000 :
b1 B
#17882
b11110101 "
b10000011 *
b10101001 2
b1011011 :
b11111111111 B
#17883
b101001 "
b1011 *
b11100001 2
b11100010 :
b11111111100 B
#17884
b11000 "
b11011101 *
b11100011 2
b11110 :
b11111111110 B
#17885
b11110010 "
b10100011 *
b11111 2
b1011001 :
b11111111101 B
#17886
b100001 "
b1111010 *
b10100110 2
b10101000 :
b11111111110 B
#17887
b110001 "
b10110000 *
b11110 2
b1011001 :
#17888
b1011110 "
b11111110 *
b11100010 2
#17889
b10100111 "
b10100111 *
b1011010 2
b10101000 :
b11111111111 B
#17890
b11011010 "
b10010 *
b11100010 2
b11100010 :
b1 B
#17891
b11111100 "
b11010110 *
b11101 2
b10 B
#17892
b1111010 "
b100001 *
b1011011 2
b1011000 :
b0 B
#17893
b1010010 "
b11010011 *
b1011000 2
b11100001 :
b11111111110 B
#17894
b1011101 "
b11110010 *
b1011001 2
b11111111101 B
#17895
b11000010 "
b10111010 *
b10100111 2
b11100011 :
b11111111110 B
#17896
b11111100 "
b101010 *
b11101 2
b11110 :
#17897
b10 "
b1011110 *
b1011001 2
b11111111111 B
#17898
b11100010 "
b10100111 *
b10100111 2
b10 B
#17899
b10001110 "
b110101 *
b1011010 2
b1011000 :
b1 B
#17900
b110001 "
b1010000 *
b11100 2
b10100111 :
b11111111111 B
#17901
b1011 "
b11010111 *
b11100010 2
b11111 :
b11111111110 B
#17902
b10101110 "
b101101 *
b1011000 2
b11100001 :
#17903
b11000 "
b100011 *
b11100001 2
b11100010 :
#17904
b11101101 "
b1011100 *
b10100111 :
#17905
b100010 "
b1010111 *
b10100111 2
b11100010 :
b11111111101 B
#17906
b10110111 "
b111011 *
b11100010 2
b10101000 :
b11111111110 B
#17907
b10100111 "
b11100010 *
b11111 2
b10100111 :
b1 B
#17908
b111011 "
b10110111 *
b1011000 2
b11110 :
b11111111111 B
#17909
b1011 "
b1111101 *
b10100111 2
b1011001 :
b10 B
#17910
b111110 "
b10111010 *
b1011000 2
b11100001 :
b1 B
#17911
b11110010 "
b1011101 *
b11100100 2
b1011010 :
b0 B
#17912
b1001000 "
b1100111 *
b1011011 2
b1010110 :
b11111111110 B
#17913
b11101101 "
b1011100 *
b100000 2
b1011000 :
#17914
b101010 "
b100 *
b11110 2
b11100010 :
b11111111100 B
#17915
b11111110 "
b10100010 *
b10100111 2
#17916
b10100111 "
b11110 *
b11101 2
b1011001 :
b0 B
#17917
b10010 "
b100110 *
b11110 2
b11100010 :
b1 B
#17918
b1011 "
b1111101 *
b1011001 2
b10100111 :
#17919
b1111010 "
b100001 *
b10100101 2
b10101000 :
b0 B
#17920
b10101110 "
b101101 *
b1011000 2
b11100001 :
#17921
b10011001 "
b1001000 *
b1010111 2
b10100101 :
b11111111101 B
#17922
b10000110 "
b100001 *
b1011000 2
b11111111110 B
#17923
b1010111 "
b11011110 *
b11100011 2
b1011001 :
#17924
b1011110 "
b11111110 *
b11100010 2
#17925
b10100111 "
b11110 *
b10100111 :
b11111111111 B
#17926
b111011 "
b10110111 *
b1011000 2
b11110 :
b1 B
#17927
b100 "
b101010 *
b11100011 2
b11111 :
b11111111111 B
#17928
b11101101 "
b10100100 *
b11100 2
b10100111 :
b1 B
#17929
b1100111 "
b1001000 *
b1011011 2
b1010110 :
b11111111100 B
#17930
b1010010 "
b101101 *
b1011001 2
b11101 :
b11111111110 B
#17931
b111110 "
b1000110 *
b11111111100 B
#17932
b1010000 "
b110001 *
b1011010 2
b11100011 :
b11111111111 B
#17933
b1001001 "
b11000101 *
b11100010 2
b10101000 :
#17934
b10100111 "
b10100111 *
b10100111 2
b1011001 :
b1 B
#17935
b110101 "
b1110010 *
b1011000 2
b10100110 :
b11111111111 B
#17936
b11011110 "
b1010111 *
b11100010 :
b0 B
#17937
b11011111 "
b1111010 *
b10100101 :
b11111111111 B
#17938
b10101110 "
b101101 *
b11100001 :
#17939
b100011 "
b11101000 *
b11100011 2
b11111 :
b11111111110 B
#17940
b10111010 "
b111110 *
b11100 2
b10100111 :
#17941
b10101001 "
b100010 *
b11101 2
b11111111100 B
#17942
b1001001 "
b11000101 *
b11110 2
b1011000 :
b11111111110 B
#17943
b11100010 "
b10100111 *
b1011001 2
b11100011 :
b11111111111 B
#17944
b1001001 "
b111011 *
b11100001 2
b1011001 :
#17945
b10101001 "
b11011110 *
b11100010 2
b10100111 :
b1 B
#17946
b10111010 "
b11000010 *
b10101000 :
b10 B
#17947
b10011001 "
b10111000 *
b10100110 2
b10101001 :
b11111111111 B
#17948
b10101110 "
b11010011 *
b11100100 :
#17949
b10100100 "
b11101101 *
b10101000 2
b100000 :
b11111111101 B
#17950
b1010000 "
b110001 *
b1011001 2
b11100000 :
b11111111110 B
#17951
b10010 "
b11011010 *
b11100010 2
b11100011 :
b11111111100 B
#17952
b11100010 "
b10100111 *
b10100111 2
b11110 :
b11111111101 B
#17953
b10100010 "
b11111110 *
b11110 2
b1011010 :
#17954
b100 "
b101010 *
b11101 2
b11100010 :
b11111111111 B
#17955
b11011111 "
b1111010 *
b1011010 2
b10101000 :
b0 B
#17956
b10111000 "
b1100111 *
b11111111110 B
#17957
b101101 "
b10101110 *
b11100001 2
b1011000 :
b10 B
#17958
b11010111 "
b1011 *
b11111 2
b11100001 :
#17959
b10000011 "
b11110101 *
b1011000 2
b10100110 :
#17960
b10110111 "
b111011 *
b11011111 2
b10101000 :
b0 B
#17961
b11100010 "
b10100111 *
b1011000 2
b11100000 :
b11111111111 B
#17962
b10001110 "
b110101 *
b10100101 2
b10101001 :
b11111111011 B
#17963
b11110101 "
b10000011 *
b1011000 2
b10100110 :
b11111111100 B
#17964
b1111010 "
b100001 *
b1011010 2
b1011010 :
b11111111101 B
#17965
b1100111 "
b1001000 *
b1011000 2
b11111111111 B
#17966
b11101000 "
b11011101 *
b11100010 2
b11100010 :
b0 B
#17967
b10000110 "
b100001 *
b10100111 2
b1011010 :
b1 B
#17968
b100010 "
b1010111 *
b1011001 2
b11101 :
b0 B
#17969
b110101 "
b10001110 *
b10100101 2
b10101001 :
#17970
b1011001 "
b1011001 *
b1011000 2
b10100110 :
b11111111111 B
#17971
b100110 "
b11101110 *
b11100001 2
b11100011 :
b11111111101 B
#17972
b101010 "
b11111100 *
b11100010 2
b11111111111 B
#17973
b1011 "
b11010111 *
b11111 :
b11111111011 B
#17974
b11011101 "
b11101000 *
b11110 2
b11110 :
b11111111101 B
#17975
b11000 *
b11100010 :
b11111111110 B
#17976
b11000010 "
b10111010 *
b1011000 2
b11110 :
b0 B
#17977
b11001111 "
b1010000 *
b11100011 2
b10100110 :
#17978
b110101 "
b10001110 *
b1011001 2
b1011001 :
b1 B
#17979
b1011001 "
b10100111 *
b1011010 2
b1011000 :
#17980
b11001011 "
b10001110 *
b1011000 2
b10100101 :
b0 B
#17981
b11110101 "
b10000011 *
b1010111 2
b10100110 :
b11111111110 B
#17982
b100001 "
b10000110 *
b1011000 2
b10100101 :
#17983
b11000 "
b11011101 *
b11110 2
b11100010 :
#17984
b10111000 "
b10011001 *
b10100110 2
b10101000 :
#17985
b10011 "
b10100100 *
b11100010 2
b10100110 :
b0 B
#17986
b11010110 "
b11111100 *
b11101 :
b11111111110 B
#17987
b110101 "
b10001110 *
b10100111 2
b10100111 :
b0 B
#17988
b1011001 "
b10100111 *
b11 B
#17989
b100110 "
b11101110 *
b11100001 2
b11100011 :
b0 B
#17990
b11111100 "
b11010110 *
b11100100 2
b11111 :
#17991
b11010111 "
b11110101 *
b11111 2
b11110 :
b11111111011 B
#17992
b1011101 "
b1110 *
b10100110 2
b11100011 :
b11111111010 B
#17993
b11110010 *
b11101 :
b11111111101 B
#17994
b10011 "
b10100100 *
b11100 2
b1011010 :
b11111111111 B
#17995
b11110101 "
b1111101 *
b10101000 2
b10100110 :
b1 B
#17996
b11000101 "
b10110111 *
b1011000 2
b11100010 :
b10 B
#17997
b1011001 "
b1011001 *
b10101000 2
b1011010 :
b1 B
#17998
b1011110 "
b10 *
b100000 2
b1011001 :
b11111111111 B
#17999
b11110101 "
b10000011 *
b1010111 2
b10100110 :
#18000
b1011100 "
b11101101 *
b1011010 2
b11100 :
b11111111101 B
#18001
b11010011 "
b10101110 *
b11100001 2
b10101000 :
b11111111110 B
#18002
b10011001 "
b1001000 *
b10101001 2
b1011010 :
#18003
b10111010 "
b111110 *
b11100011 2
b1011001 :
#18004
b1111101 "
b1011 *
b1011000 2
b10100111 :
#18005
b11001011 "
b1110010 *
b1011001 2
b1011001 :
b11111111111 B
#18006
b11100010 "
b10100111 *
b10100111 2
b11110 :
b0 B
#18007
b1110010 "
b11001011 *
b10100111 :
#18008
b11010110 "
b100 *
b11110 2
b11101 :
b11111111111 B
#18009
b10000110 "
b11011111 *
b1011010 2
b1011001 :
b0 B
#18010
b10111000 "
b1100111 *
b1011000 2
b10100111 :
b11111111101 B
#18011
b11101000 "
b11011101 *
b11110 2
b11110 :
b11111111111 B
#18012
b10111010 "
b111110 *
b11101 2
b10100111 :
b0 B
#18013
b11111100 "
b101010 *
b11100011 2
b11100010 :
#18014
b110101 "
b10001110 *
b1011011 2
b1010111 :
b11111111111 B
#18015
b10100111 "
b11100010 *
b11101 2
b10100111 :
b10 B
#18016
b11000101 "
b1001001 *
b10100110 2
b11100100 :
b11111111101 B
#18017
b11010110 "
b100 *
b11100001 2
b11100011 :
b11111111111 B
#18018
b11000010 "
b1000110 *
b10101000 2
b11111 :
b11111111110 B
#18019
b10011001 "
b10111000 *
b10100110 2
b10101001 :
b11111111011 B
#18020
b11110010 "
b10100011 *
b11100001 2
b10100111 :
b11111111110 B
#18021
b11110101 "
b11010111 *
b11100010 2
b11100001 :
b11111111101 B
#18022
b1011 "
b10000011 *
b10100111 2
b10100111 :
b11111111110 B
#18023
b100110 "
b10010 *
b11110 2
b11100010 :
b10 B
#18024
b10100111 "
b11110 *
b1011001 :
b0 B
#18025
b111011 "
b10110111 *
b10101000 2
b11100010 :
#18026
b11011110 "
b1010111 *
b1011001 2
b11111111111 B
#18027
b10000110 "
b11011111 *
b1011010 2
b1011001 :
b1 B
#18028
b1110 "
b10100011 *
b11100011 2
b1011010 :
b11111111111 B
#18029
b10100011 "
b1110 *
b1011001 2
b11100000 :
#18030
b1111010 "
b11011111 *
b10101001 2
b1011011 :
#18031
b11111100 "
b101010 *
b11100010 2
b11100011 :
b11111111101 B
#18032
b10100010 "
b10 *
b11100 2
b10100110 :
b11111111110 B
#18033
b11100010 "
b1011001 *
b10100111 2
b11100011 :
b11111111101 B
#18034
b10110111 "
b11000101 *
b11101 2
b10100111 :
b11111111110 B
#18035
b1111101 "
b11110101 *
b1011001 2
b1011001 :
b11111111111 B
#18036
b10011 "
b1011100 *
b11100011 2
#18037
b10111000 "
b1100111 *
b10101000 2
b0 B
#18038
b11110010 "
b10100011 *
b11100001 2
b10100111 :
b11111111111 B
#18039
b10000110 "
b100001 *
b10101000 2
b1011011 :
b0 B
#18040
b110001 "
b10110000 *
b11100001 2
b10100111 :
b11111111110 B
#18041
b111011 "
b1001001 *
b1011000 2
b11100000 :
#18042
b10100111 "
b11110 *
b11111 2
b1011001 :
#18043
b11111110 "
b1011110 *
b1011001 2
b11100010 :
b11111111100 B
#18044
b1010111 "
b100010 *
b11100011 2
b10100111 :
b11111111110 B
#18045
b11010111 "
b11110101 *
b11101 2
b11110 :
b11111111111 B
#18046
b11011101 "
b11101000 *
b11110 2
b11111 :
b1 B
#18047
b11000 "
b100011 *
b11100010 2
b11100010 :
b10 B
#18048
b11010111 "
b1011 *
b11101 2
#18049
b11001111 "
b1010000 *
b11100001 2
b10100111 :
b0 B
#18050
b10001110 "
b11001011 *
b1010111 2
b10100101 :
b11111111110 B
#18051
b10100111 "
b1011001 *
b10100110 2
b10101000 :
#18052
b11101110 "
b11011010 *
b11110 2
b11100010 :
#18053
b1011 "
b1111101 *
b10100111 2
b1011001 :
#18054
b11101101 "
b10100100 *
b11110 2
b10100110 :
b0 B
#18055
b1010010 "
b11010011 *
b1011001 2
b11100010 :
#18056
b100011 "
b11101000 *
b11110 2
#18057
b1000110 "
b11000010 *
b11101 2
b10100111 :
b11111111111 B
#18058
b10101001 "
b100010 *
b11100011 2
b1011001 :
b0 B
#18059
b100110 "
b10010 *
b11101 2
b11100010 :
b11111111111 B
#18060
b11110 "
b11100010 *
b11100010 2
#18061
b11000101 "
b1001001 *
b1011001 2
b11101 :
b11111111110 B
#18062
b1011 "
b1111101 *
b1011000 2
b10100111 :
b0 B
#18063
b100001 "
b10000110 *
b10101000 2
b1011011 :
b11111111111 B
#18064
b11011101 "
b11101000 *
b11110 2
b11101 :
b0 B
#18065
b1001000 "
b1100111 *
b10100101 2
b10101001 :
b11111111110 B
#18066
b10111010 "
b111110 *
b11100 2
b10100111 :
b11111111101 B
#18067
b11110101 "
b1111101 *
b10100110 2
b10101000 :
#18068
b1011110 "
b11111110 *
b11100010 2
b1011001 :
b11111111110 B
#18069
b11110 "
b11110 *
b11110 :
#18070
b100110 "
b11101110 *
b11110 2
b1 B
#18071
b1011 "
b1111101 *
b10100111 2
b1011001 :
b0 B
#18072
b101001 "
b1011 *
b11111 2
b11110 :
#18073
b11011101 "
b11101000 *
b11100010 2
b11100010 :
#18074
b1100111 "
b10111000 *
b1011000 2
b10100110 :
b11111111101 B
#18075
b10111010 "
b111110 *
b11100011 2
b1011001 :
b0 B
#18076
b100010 "
b1010111 *
b1011001 2
b11101 :
b11111111111 B
#18077
b10100010 "
b10 *
b11100011 2
b1011010 :
#18078
b1011001 "
b11110 *
b11101 2
b10100111 :
#18079
b1011110 "
b10 *
b11100000 2
b10101000 :
#18080
b100 "
b101010 *
b11101 2
b11100001 :
#18081
b10100100 "
b10011 *
b1011010 2
b11011 :
b11111111100 B
#18082
b1110 "
b10100011 *
b11100011 2
b1011010 :
#18083
b11101000 "
b11011101 *
b11110 2
b11110 :
#18084
b10000110 "
b100001 *
b1011011 2
b10101000 :
b11111111111 B
#18085
b11011110 "
b10101001 *
b1011000 2
b11111 :
b0 B
#18086
b10100010 "
b10 *
b11111 2
b10100111 :
b11 B
#18087
b1011001 "
b11110 *
b11100011 2
b1011001 :
b10 B
#18088
b10100010 "
b11111110 *
b11100000 2
b10100111 :
#18089
b1010111 "
b100010 *
b100001 2
b1011000 :
b11111111111 B
#18090
b11101101 "
b10100100 *
b11011 2
b10100110 :
b11111111101 B
#18091
b11110010 "
b1011101 *
b11100100 2
b1011010 :
b11111111011 B
#18092
b11010011 "
b1010010 *
b11100011 2
b1011001 :
b11111111100 B
#18093
b1000110 "
b11000010 *
b11110 2
b10100111 :
b11111111110 B
#18094
b100 "
b11010110 *
b11100011 2
b11100010 :
b11111111111 B
#18095
b11011010 "
b11101110 *
b11100010 2
b11110 :
b1 B
#18096
b11110 "
b1011001 *
b1011001 2
b11100001 :
b10 B
#18097
b11001011 "
b10001110 *
b10101001 2
b1011010 :
b0 B
#18098
b1011 "
b1111101 *
b1010111 2
b10100110 :
b11111111110 B
#18099
b1000110 "
b111110 *
b11100001 2
b10101000 :
#18100
b10011001 "
b10111000 *
b1011001 2
b1011000 :
#18101
b1011101 "
b11110010 *
b10100111 2
b11111 :
#18102
b111110 "
b1000110 *
b11100010 :
b11111111111 B
#18103
b1011 "
b10000011 *
b1011001 2
b1011000 :
b11111111110 B
#18104
b110101 "
b10001110 *
b1011001 :
b1 B
#18105
b1011001 "
b10100111 *
b1011010 2
b1011000 :
b11111111111 B
#18106
b10010 "
b100110 *
b11100010 2
b11110 :
b0 B
#18107
b11001111 "
b10110000 *
b11101 2
b10100111 :
b11111111110 B
#18108
b11011111 "
b1111010 *
b10100111 2
b1011010 :
b0 B
#18109
b11101000 "
b100011 *
b11100010 2
b11110 :
b11111111111 B
#18110
b10011001 "
b1001000 *
b10101001 2
b1011010 :
b0 B
#18111
b100001 "
b1111010 *
b1011011 2
b1011000 :
#18112
b11001111 "
b1010000 *
b100000 2
b1011001 :
b11111111110 B
#18113
b10 "
b1011110 *
b1011010 2
b11101 :
b11111111101 B
#18114
b1011001 "
b11100010 *
b11100001 2
b10100111 :
#18115
b1011110 "
b10 *
b11100010 2
b11111111111 B
#18116
b100010 "
b10101001 *
b10100111 2
b11110 :
b11111111110 B
#18117
b10100100 "
b10011 *
b1011010 2
b11111111111 B
#18118
b1100111 "
b1001000 *
b10100111 2
b10100111 :
#18119
b11101000 "
b11011101 *
b11110 2
b11110 :
b0 B
#18120
b11110101 "
b11010111 *
b11101 :
#18121
b1010111 "
b11011110 *
b11100011 2
b1011001 :
#18122
b10010 "
b11011010 *
b11110 2
b11101 :
b11111111101 B
#18123
b1011001 "
b11110 *
b11100011 2
b1011001 :
b11111111111 B
#18124
b11011010 "
b10010 *
b11100010 2
b11100010 :
b11111111101 B
#18125
b100010 "
b10101001 *
b1011001 2
b11111111111 B
#18126
b11011111 "
b1111010 *
b10100111 2
b1011010 :
b0 B
#18127
b11101000 "
b100011 *
b11100010 2
b11110 :
b11111111111 B
#18128
b10011001 "
b1001000 *
b10101001 2
b1011010 :
b0 B
#18129
b100001 "
b1111010 *
b1011011 2
b1011000 :
#18130
b100 "
b11010110 *
b11100010 2
b11100010 :
b11111111110 B
#18131
b11101110 "
b100110 *
b11110 2
b11101 :
b11111111101 B
#18132
b1011001 "
b10100111 *
b10100110 2
b10101000 :
b0 B
#18133
b10001110 "
b110101 *
b1011010 2
b1011000 :
b11111111101 B
#18134
b11001111 "
b10110000 *
b11100011 2
b1011010 :
b11111111110 B
#18135
b10100100 "
b10011 *
b1011010 2
b11110 :
#18136
b10100011 "
b11110010 *
b1011001 2
b11111 :
b11111111111 B
#18137
b1110 *
b1011010 2
b11100010 :
b0 B
#18138
b10100100 "
b11101101 *
b10 B
#18139
b110001 "
b10110000 *
b11111 2
b1011001 :
b0 B
#18140
b10 "
b1011110 *
b10100110 2
b11100011 :
#18141
b1011001 "
b10100111 *
b1011010 2
b1011000 :
b11111111110 B
#18142
b10010 "
b100110 *
b11100010 2
b11110 :
b11111111111 B
#18143
b11110101 "
b10000011 *
b1011000 2
b10100110 :
b11111111110 B
#18144
b10111010 "
b11000010 *
b11100010 2
b10101000 :
b0 B
#18145
b10011001 "
b10111000 *
b10100111 2
b11111111111 B
#18146
b101101 "
b10101110 *
b11101 2
b10100111 :
#18147
b1011100 "
b10011 *
b1011001 2
b11100001 :
#18148
b11110101 "
b1111101 *
b1011011 2
b1011000 :
#18149
b10010 "
b11011010 *
b11100010 2
b11100011 :
b11111111110 B
#18150
b10100111 "
b11110 *
b11111 2
b1011001 :
b11111111101 B
#18151
b1011110 "
b10 *
b11100001 2
b10100111 :
#18152
b1010000 "
b11001111 *
b10100110 2
b11100011 :
b11111111110 B
#18153
b10011 "
b1011100 *
b11110 2
b10100110 :
#18154
b1010010 "
b11010011 *
b10100111 2
b11101 :
b11111111111 B
#18155
b100011 "
b11101000 *
b11100010 2
b11110 :
b0 B
#18156
b11011111 "
b10000110 *
b1011010 2
b1011001 :
b1 B
#18157
b11111100 "
b101010 *
b11100011 2
b11100010 :
b0 B
#18158
b10110111 "
b111011 *
b11100000 2
b10101000 :
b11111111111 B
#18159
b10100111 "
b11110 *
b11100001 2
b10100111 :
b10 B
#18160
b111011 "
b10110111 *
b1011010 2
b11100 :
b11111111100 B
#18161
b1010111 "
b100010 *
b11111 2
b1011000 :
b11111111110 B
#18162
b1111010 "
b100001 *
b1011010 2
b1011001 :
#18163
b11000 "
b11011101 *
b11110 2
b11100010 :
#18164
b100011 "
b11101000 *
b11111111111 B
#18165
b11101101 "
b1011100 *
b1011001 :
b0 B
#18166
b110001 "
b10110000 *
b11100010 2
b10100111 :
#18167
b1001001 "
b11000101 *
b10101000 :
b11111111111 B
#18168
b10100111 "
b11100010 *
b11100011 2
b1011001 :
#18169
b1001001 "
b111011 *
b11101 2
b10100111 :
#18170
b100 "
b101010 *
b11100010 :
#18171
b1011 "
b11010111 *
b11100010 2
b11111 :
#18172
b11110010 "
b1011101 *
b11101 2
b10100110 :
b11111111110 B
#18173
b10101110 "
b11010011 *
b1011001 2
b11101 :
#18174
b11000010 "
b10111010 *
b11111111111 B
#18175
b100 "
b11010110 *
b11101 2
b11110 :
#18176
b111011 "
b1001001 *
b10101000 2
b100000 :
#18177
b11110 "
b11110 *
b11100010 2
b11110 :
b10 B
#18178
b1110010 "
b11001011 *
b1011011 2
b1010111 :
b11111111100 B
#18179
b1010111 "
b100010 *
b11111 2
b1011000 :
b0 B
#18180
b100001 "
b10000110 *
b1011000 2
b10100101 :
b11111111101 B
#18181
b10101110 "
b101101 *
b10101000 2
b11111 :
b11111111110 B
#18182
b11011101 "
b11000 *
b11100010 2
b11110 :
#18183
b100001 "
b1111010 *
b1011010 2
b1011001 :
#18184
b1011 "
b10000011 *
b10100111 2
b10100111 :
b0 B
#18185
b110101 "
b10001110 *
b11111111111 B
#18186
b1011001 "
b10100111 *
b0 B
#18187
b10 "
b10100010 *
b11110 :
#18188
b1010111 "
b100010 *
b11100010 2
b10100111 :
#18189
b10100100 "
b10011 *
b1011001 2
b11101 :
b11111111111 B
#18190
b1100111 "
b1001000 *
b10100111 2
b10101000 :
#18191
b1110 "
b1011101 *
b11100001 2
b10100111 :
#18192
b1000110 "
b11000010 *
b11100100 2
b1011001 :
#18193
b1011 "
b10000011 *
b1011010 2
b1011000 :
b11111111110 B
#18194
b11001011 "
b1110010 *
b10100101 2
b10101001 :
#18195
b1011001 "
b11100010 *
b11111 2
b1011001 :
#18196
b10100010 "
b11111110 *
b11100010 2
b10100111 :
b11111111101 B
#18197
b10110000 "
b110001 *
b10100111 2
b11100010 :
b11111111110 B
#18198
b11000010 "
b1000110 *
b11101 :
b11111111111 B
#18199
b11110010 "
b1011101 *
b11100001 2
b1011001 :
b1 B
#18200
b1110 "
b11111 2
#18201
b11110101 "
b11010111 *
b11100010 2
b11100011 :
b10 B
#18202
b101010 "
b100 *
b11101 2
b11100010 :
b11111111110 B
#18203
b111011 "
b1001001 *
b1011000 2
b11011111 :
b11111111101 B
#18204
b1011001 "
b10100111 *
b10100110 2
b10101000 :
b11111111110 B
#18205
b10001110 "
b110101 *
b1011010 2
b1011000 :
b11111111011 B
#18206
b101010 "
b11111100 *
b11100010 2
b11100011 :
b11111111110 B
#18207
b11101101 "
b10100100 *
b11100001 2
b1011001 :
#18208
b100011 "
b11000 *
b11100011 2
b11100001 :
b11111111101 B
#18209
b11010011 "
b1010010 *
b11111 2
b10101000 :
b10 B
#18210
b11101101 "
b1011100 *
b11100011 2
b10100111 :
b100 B
#18211
b11010110 "
b11111100 *
b11110 2
b11100011 :
b10 B
#18212
b10110111 "
b111011 *
b11011111 2
b10101000 :
b1 B
#18213
b11110 "
b10100111 *
b1011010 2
b11011 :
b11 B
#18214
b1110010 "
b11001011 *
b1011110 2
b1010100 :
b11111111011 B
#18215
b11110101 "
b10000011 *
b1010110 2
b10100100 :
b11111111100 B
#18216
b100001 "
b10000110 *
b1011000 2
b10100101 :
b11111111000 B
#18217
b11011101 "
b11101000 *
b11100010 2
b11100010 :
b11111111100 B
#18218
b10100011 "
b1110 *
b10100110 2
b11101 :
b11111111110 B
#18219
b10111010 "
b111110 *
b11100001 2
b1010111 :
b0 B
#18220
b1111101 "
b1011 *
b1011010 2
b10101001 :
b1 B
#18221
b110101 "
b10001110 *
b10101000 2
b10100110 :
b11 B
#18222
b11100010 "
b11100010 *
b11100010 2
b11110 :
#18223
b11011010 "
b10010 *
b11111 2
b11100 :
b1 B
#18224
b1010000 "
b11001111 *
b10100110 2
b11100110 :
b0 B
#18225
b100001 "
b10000110 *
b10101010 2
b1011101 :
b11111111001 B
#18226
b10111000 "
b1100111 *
b1010111 2
b10100110 :
b11111111011 B
#18227
b11000 "
b100011 *
b11100010 2
b11100010 :
#18228
b10111010 "
b111110 *
b11110 2
b10101000 :
b11111111110 B
#18229
b100010 "
b1010111 *
b10101000 2
b11100001 :
b0 B
#18230
b10100010 "
b10 *
b11111 2
b10100111 :
b1 B
#18231
b11100010 "
b1011001 *
b10100111 2
b11100010 :
b10 B
#18232
b1001001 "
b111011 *
b11100011 2
b1011001 :
#18233
b11010110 "
b100 *
b11100001 2
b11100011 :
b1 B
#18234
b111110 "
b10111010 *
b1011000 2
b11100000 :
b11111111111 B
#18235
b11110010 "
b1011101 *
b11100101 2
b1011010 :
b11111111011 B
#18236
b101101 "
b10101110 *
b11100 2
b10100110 :
b11111111100 B
#18237
b10011 "
b10100100 *
b11100001 2
b10100111 :
#18238
b100 "
b11010110 *
b11100011 2
b11100010 :
b11111111110 B
#18239
b11101110 "
b100110 *
b11110 2
b11110 :
#18240
b11100010 "
b10100111 *
b10100111 2
b11101 :
b10 B
#18241
b1001001 "
b111011 *
b11111 2
b10100111 :
b0 B
#18242
b10101001 "
b11011110 *
b11110 2
b1011001 :
b1 B
#18243
b11000010 "
b1000110 *
b1011000 2
b11100010 :
b10 B
#18244
b10101110 "
b101101 *
b11100001 :
b11111111111 B
#18245
b100011 "
b11101000 *
b11100011 2
b11111 :
#18246
b11101101 "
b1011100 *
b11100001 2
b10101000 :
b11111111110 B
#18247
b1111101 "
b1011 *
b10101000 2
b1011010 :
b11111111100 B
#18248
b10010 "
b11011010 *
b11110 2
b11110 :
b11111111110 B
#18249
b11100010 "
b11110 *
b11100010 2
b11100010 :
b11111111111 B
#18250
b11011010 "
b10010 *
b0 B
#18251
b11001111 "
b10110000 *
b11101 2
b10100110 :
#18252
b11010111 "
b11110101 *
b11100001 2
b11100010 :
#18253
b11010011 "
b10101110 *
b10101000 :
b11111111111 B
#18254
b10100011 "
b1110 *
b10100111 2
b11111 :
b11111111101 B
#18255
b10111010 "
b111110 *
b11100011 2
b1011001 :
b11111111110 B
#18256
b1010000 "
b110001 *
b1011001 2
b11100010 :
#18257
b11001011 "
b1110010 *
b1011001 :
b11111111111 B
#18258
b1011001 "
b1011001 *
b10100111 :
#18259
b10110111 "
b11000101 *
b11100010 2
b1011000 :
b0 B
#18260
b1010000 "
b11001111 *
b10100110 2
b11100011 :
#18261
b10011 "
b1011100 *
b11101 2
b10100111 :
b1 B
#18262
b1010010 "
b11010011 *
b10101000 2
b11111 :
b11111111111 B
#18263
b1100111 "
b10111000 *
b10101001 2
b1011011 :
#18264
b100001 "
b1111010 *
b10100101 2
b10101001 :
b11111111110 B
#18265
b10000011 "
b11110101 *
b1011000 2
b10100110 :
#18266
b10010 "
b11011010 *
b11110 2
b11101 :
b11111111101 B
#18267
b11100010 "
b1011001 *
b10100111 2
b11100011 :
b11111111111 B
#18268
b110101 "
b1110010 *
b10101000 2
b1011010 :
b11111111101 B
#18269
b1011 "
b1111101 *
b10100111 2
b1011001 :
b11111111111 B
#18270
b100001 "
b10000110 *
b1011001 2
b10100110 :
#18271
b10111000 "
b1100111 *
b10101000 2
b1011001 :
b0 B
#18272
b11101000 "
b11011101 *
b11100001 2
b11100010 :
#18273
b11110101 "
b11010111 *
b11100010 2
b11100011 :
#18274
b1111101 *
b1011011 2
b1011000 :
b11111111101 B
#18275
b1001001 "
b11000101 *
b11100000 2
b10101000 :
#18276
b1011001 "
b10100111 *
b10100110 2
#18277
b10100010 "
b11111110 *
b11110 2
b1011001 :
b11111111100 B
#18278
b101010 "
b11111100 *
b11100010 2
b11100011 :
b11111111110 B
#18279
b11011111 "
b1111010 *
b1011011 2
b10101000 :
b11111111111 B
#18280
b1011101 "
b1110 *
b10100111 2
b11100001 :
b11111111101 B
#18281
b10011001 "
b1001000 *
b1011010 2
b10101001 :
b11 B
#18282
b11110101 "
b11010111 *
b11111 2
b11110 :
b10 B
#18283
b10110000 "
b11001111 *
b1011001 2
b11100001 :
b11 B
#18284
b1011110 "
b11111110 *
b11100100 2
b1011010 :
b11111111101 B
#18285
b11100010 "
b10100111 *
b1011000 2
b11100000 :
b11111111110 B
#18286
b10 "
b10100010 *
b1011001 2
#18287
b11111100 "
b11010110 *
b11101 2
b11100001 :
b11111111100 B
#18288
b111110 "
b10111010 *
b1011001 2
b11100010 :
b11111111101 B
#18289
b11110010 "
b1011101 *
b11100001 2
b1011001 :
b11111111100 B
#18290
b101101 "
b10101110 *
b11111 2
b10101000 :
b11111111111 B
#18291
b111110 "
b1000110 *
b1011000 2
b11111 :
b10 B
#18292
b11011110 "
b10101001 *
b10100111 2
b11100010 :
#18293
b10001110 "
b11001011 *
b10101000 2
b1011001 :
#18294
b11100010 "
b11100010 *
b11100010 2
b11110 :
b1 B
#18295
b1110010 "
b11001011 *
b10100101 2
b10101001 :
b0 B
#18296
b101010 "
b11111100 *
b11100001 2
b11100011 :
#18297
b10111010 "
b11000010 *
b100000 2
b1011000 :
b11111111101 B
#18298
b11110010 "
b1011101 *
b11100 2
b10100110 :
b11111111011 B
#18299
b11011101 "
b11000 *
b11110 2
b11100001 :
b11111111100 B
#18300
b10000110 "
b100001 *
b1011010 2
b10100110 :
b11111111110 B
#18301
b1010000 "
b110001 *
b10100110 2
b11101 :
#18302
b1110010 "
b110101 *
b1011000 :
b0 B
#18303
b11110 "
b1011001 *
b10100111 2
b11101 :
b1 B
#18304
b11001011 "
b10001110 *
b1011001 2
b10100111 :
b10 B
#18305
b11110101 "
b10000011 *
b1011000 2
b10100110 :
b1 B
#18306
b11000010 "
b1000110 *
b10101000 2
b11111 :
b0 B
#18307
b100011 "
b11000 *
b11111 2
b11101 :
b11111111111 B
#18308
b1001000 "
b1100111 *
b1011011 2
b1010110 :
b11111111110 B
#18309
b10000110 "
b100001 *
b10101001 2
b1011100 :
b11111111011 B
#18310
b11001111 "
b1010000 *
b11111 2
b1011001 :
b11111111100 B
#18311
b11111110 "
b10100010 *
b10100111 2
b11100010 :
b11111111101 B
#18312
b1011001 "
b10100111 *
b10101000 2
b10100110 :
b11111111110 B
#18313
b1001001 "
b111011 *
b100000 2
b10101000 :
b1 B
#18314
b11011110 "
b1010111 *
b1011001 2
b11100010 :
#18315
b11101101 "
b10100100 *
b11100011 2
b1011001 :
b100 B
#18316
b11000 "
b11011101 *
b11111 :
b11111111111 B
#18317
b11110010 "
b10100011 *
b100001 2
b1011000 :
#18318
b11110101 "
b11010111 *
b11110 2
b11101 :
b11111111100 B
#18319
b1010111 "
b11011110 *
b11100011 2
b1011001 :
b11111111011 B
#18320
b10001110 "
b11001011 *
b1011000 2
b10100111 :
b11111111101 B
#18321
b11100010 "
b1011001 *
b10100111 2
b11100010 :
b11111111111 B
#18322
b10110111 "
b11000101 *
b11110 2
b10101000 :
b0 B
#18323
b1010000 "
b11001111 *
b1011010 2
b11101 :
b1 B
#18324
b10011 "
b1011100 *
b11100100 2
b1011010 :
#18325
b1001000 "
b10011001 *
b1010110 2
b10100101 :
b11111111111 B
#18326
b11000 "
b100011 *
b11110 2
b11101 :
b11111111110 B
#18327
b1000110 "
b11000010 *
b11100 2
b10100110 :
b11111111101 B
#18328
b1010000 "
b110001 *
b1011001 2
b11100000 :
#18329
b111011 "
b1001001 *
b1011000 2
b11111111110 B
#18330
b11110 "
b10100111 *
b10100111 2
b11100011 :
b11111111101 B
#18331
b110101 "
b1110010 *
b1011001 2
b10100111 :
b11111111100 B
#18332
b10110000 "
b110001 *
b11111 :
b11111111111 B
#18333
b10011 "
b1011100 *
b11111 2
b10100111 :
b0 B
#18334
b100011 "
b11000 *
b11100010 2
b11100010 :
b10 B
#18335
b1010010 "
b101101 *
b10100111 2
b11100011 :
#18336
b10100100 "
b11101101 *
b1011001 2
b11100001 :
b0 B
#18337
b100 "
b11010110 *
b11101 2
b11110 :
b11111111111 B
#18338
b10001110 "
b11001011 *
b1010111 2
b10100101 :
b11111111110 B
#18339
b10100111 "
b10100111 *
b1011000 2
b10100110 :
b10 B
#18340
b11011010 "
b10010 *
b11100001 2
b11100100 :
b11111111110 B
#18341
b101010 "
b11111100 *
b11111 2
b11100 :
b11111111111 B
#18342
b11011111 "
b1111010 *
b10101000 2
b1011011 :
b11111111001 B
#18343
b11011101 "
b11101000 *
b11100010 2
b11100010 :
#18344
b1100111 "
b10111000 *
b1011010 2
b10101001 :
b11111111110 B
#18345
b11000010 "
b10111010 *
b10101001 2
b11100001 :
b0 B
#18346
b1010000 "
b110001 *
b1011010 2
b11100100 :
b11 B
#18347
b1011110 "
b11111110 *
b11110 2
b10100111 :
#18348
b11100010 "
b11110 *
b11110 :
b10 B
#18349
b111011 "
b10110111 *
b10100110 2
b11100100 :
b1 B
#18350
b10110000 "
b110001 *
b1011010 2
b11010 :
b0 B
#18351
b101001 "
b1011 *
b11100001 2
b11100011 :
b11111111110 B
#18352
b1001000 "
b10011001 *
b10101011 2
b1011100 :
b11111111011 B
#18353
b11101000 "
b11011101 *
b11111 2
b11101 :
#18354
b10111010 "
b111110 *
b11101 2
b10100111 :
#18355
b100 "
b11010110 *
b11110 :
#18356
b111011 "
b1001001 *
b10100111 2
b11101 :
b11111111111 B
#18357
b11100010 "
b10100111 *
b1011001 2
b11100011 :
b10 B
#18358
b10110111 "
b11000101 *
b11111 2
b10100111 :
b1 B
#18359
b1010000 "
b11001111 *
b1011010 2
b11101 :
#18360
b1000110 "
b111110 *
b11111 2
b1011000 :
b10 B
#18361
b11110010 "
b1011101 *
b11100100 2
b1011010 :
b11111111111 B
#18362
b11011101 "
b11000 *
b11100011 2
b11110 :
b11111111110 B
#18363
b10111010 "
b111110 *
b11100100 2
b1011010 :
#18364
b10110000 "
b11001111 *
b10100111 2
b11111 :
#18365
b10 "
b1011110 *
b1011010 2
b11101 :
#18366
b11110 "
b11100010 *
b11100010 2
b11100010 :
#18367
b110101 "
b1110010 *
b1011001 2
b10100111 :
b11111111111 B
#18368
b110001 "
b1010000 *
b11101 2
b10100110 :
b0 B
#18369
b11110101 "
b101001 *
b11110 2
b11100001 :
#18370
b1100111 "
b1001000 *
b10100111 2
b10101000 :
b11111111111 B
#18371
b11011101 "
b11000 *
b11110 2
b11100001 :
b11111111110 B
#18372
b10111010 "
b111110 *
b11101 2
b10100111 :
b11111111111 B
#18373
b1111101 "
b1011 *
b10101000 2
b1011010 :
b11111111110 B
#18374
b11011010 "
b11101110 *
b11110 2
b11100010 :
b11111111111 B
#18375
b11100010 "
b10100111 *
b1011001 2
b11100001 :
#18376
b100110 "
b11101110 *
b11110 2
b11110 :
b0 B
#18377
b11111100 "
b11010110 *
b11101 2
b11100001 :
b11111111110 B
#18378
b10100100 "
b10011 *
b10100111 2
b11100011 :
b0 B
#18379
b1110 "
b10100011 *
b11101 2
b10100110 :
b11111111100 B
#18380
b101101 "
b10101110 *
b11110 2
b10100111 :
b11111111111 B
#18381
b11010111 "
b1011 *
b11100010 2
b11110 :
#18382
b11011110 "
b10101001 *
b10100111 2
b11100010 :
b1 B
#18383
b110101 "
b10001110 *
b10100101 2
b10101001 :
b0 B
#18384
b11100010 "
b1011001 *
b1011001 2
b11101 :
b1 B
#18385
b11101110 "
b11011010 *
b11100100 2
b11111 :
b11111111101 B
#18386
b10101001 "
b11011110 *
b100000 2
b1010111 :
b11111111111 B
#18387
b11110101 "
b101001 *
b11110 2
b11100001 :
b11111111010 B
#18388
b10011001 "
b10111000 *
b1011001 2
b1011001 :
b11111111100 B
#18389
b1010010 "
b101101 *
b10101000 2
b11100001 :
b11111111110 B
#18390
b1011 "
b101001 *
b11100010 2
b0 B
#18391
b11011110 "
b10101001 *
b1011000 2
b11111 :
b10 B
#18392
b1011110 "
b11111110 *
b11100010 2
b1011001 :
#18393
b1011001 "
b1011001 *
b10101000 2
b1011010 :
#18394
b11101110 "
b11011010 *
b11110 2
b11100001 :
b1 B
#18395
b11011110 "
b1010111 *
b10101000 2
b100000 :
b11111111111 B
#18396
b11101101 "
b10100100 *
b11011 2
b10100110 :
b11111111110 B
#18397
b11010011 "
b10101110 *
b11011111 2
b10101000 :
b11111111100 B
#18398
b11000 "
b100011 *
b11111 2
b11101 :
#18399
b10011 "
b10100100 *
b11100010 2
b10100110 :
b11111111011 B
#18400
b11001111 "
b1010000 *
b11101 2
b1011010 :
#18401
b11101110 "
b100110 *
b11100 2
b11111 :
b0 B
#18402
b10100111 "
b11100010 *
b11100000 2
b1011000 :
b1 B
#18403
b1011110 "
b10 *
b11100011 2
b10100110 :
b110 B
#18404
b1111101 "
b11110101 *
b10100111 2
b10101000 :
b100 B
#18405
b1011100 "
b11101101 *
b10100110 2
b11100101 :
b1 B
#18406
b11010011 "
b10101110 *
b100010 2
b1010111 :
b11111111111 B
#18407
b1010010 *
b11010 2
b10100110 :
b11111111100 B
#18408
b10000110 "
b100001 *
b1010111 2
b10100100 :
b11111111001 B
#18409
b101010 "
b100 *
b11100010 2
b11101 :
b11111111011 B
#18410
b10110111 "
b111011 *
b10101000 :
b11111111101 B
#18411
b11100010 "
b11110 *
b11100010 :
b11 B
#18412
b11101110 "
b11011010 *
b11110 2
b11111111111 B
#18413
b10110000 "
b110001 *
b10100111 2
b11100011 :
b0 B
#18414
b10000110 "
b11011111 *
b10100101 2
b10101000 :
#18415
b1110 "
b10100011 *
b11101 2
b10100110 :
b11111111111 B
#18416
b10101110 "
b11010011 *
b10100110 2
b11100100 :
b11111111101 B
#18417
b11000010 "
b10111010 *
b10100111 2
b11111111111 B
#18418
b1010000 "
b110001 *
b1011001 2
b11100000 :
b11111111110 B
#18419
b10100010 "
b10 *
b11100011 2
b1011010 :
#18420
b1011001 "
b11110 *
b11101 2
b10100111 :
b11111111101 B
#18421
b10 "
b10100010 *
b10100111 2
b11110 :
b11111111111 B
#18422
b11011110 "
b1010111 *
b1011001 2
b11100010 :
#18423
b11110101 "
b101001 *
b11110 2
b11100001 :
#18424
b1011101 "
b1110 *
b10100110 2
b11100011 :
#18425
b1001000 "
b1100111 *
b10101000 :
b11111111110 B
#18426
b11101101 "
b1011100 *
b11100001 2
b10100111 :
b11111111111 B
#18427
b101010 "
b100 *
b11100010 2
b11101 :
b11111111110 B
#18428
b10010 "
b11011010 *
b11110 2
b11110 :
#18429
b10100111 "
b11100010 *
b10100111 :
b11 B
#18430
b11101110 "
b11011010 *
b11100001 :
b0 B
#18431
b100 "
b101010 *
b11100100 2
b11111 :
b1 B
#18432
b10111010 "
b11000010 *
b11100000 2
b10101000 :
b11111111110 B
#18433
b11011101 "
b11101000 *
b11100001 2
b11100011 :
b11111111010 B
#18434
b10111000 "
b10011001 *
b10100110 2
b10101000 :
b11111111100 B
#18435
b1111010 "
b11011111 *
b1011010 2
b10100111 :
b11111111011 B
#18436
b10101001 "
b100010 *
b11100001 2
b1010111 :
b11111111110 B
#18437
b10001110 "
b11001011 *
b10100101 2
b1 B
#18438
b11110 "
b10100111 *
b10100111 2
b11100001 :
b11 B
#18439
b11000101 "
b1001001 *
b1011000 2
b11110 :
#18440
b10101001 "
b11011110 *
b100000 2
b1010111 :
b10 B
#18441
b1011 "
b11010111 *
b11100010 2
b11111 :
b1 B
#18442
b1001000 "
b10011001 *
b10101011 2
b1011100 :
b11111111100 B
#18443
b1110 "
b1011101 *
b11011111 2
b10101000 :
b11111111110 B
#18444
b111110 "
b1000110 *
b10100111 2
b11100100 :
b11111111011 B
#18445
b1010111 "
b11011110 *
b11100011 2
b1011001 :
#18446
b10110111 "
b111011 *
b11100010 2
b10101000 :
b11111111110 B
#18447
b11110 "
b1011001 *
b10100111 2
b11101 :
b11111111111 B
#18448
b11001011 "
b10001110 *
b1011010 2
b10101000 :
#18449
b110001 "
b1010000 *
b11100010 2
b1011001 :
b1 B
#18450
b11011111 "
b1111010 *
b10100111 2
b1011010 :
b10 B
#18451
b100011 "
b11000 *
b11110 2
b11101 :
b1 B
#18452
b101101 "
b10101110 *
b11011 2
b10100111 :
b0 B
#18453
b1011 "
b101001 *
b11110 2
b11101 :
b11111111101 B
#18454
b11110101 "
b1111101 *
b1011011 2
b1010111 :
#18455
b1011110 "
b11111110 *
b11100 2
b10100110 :
#18456
b11100010 "
b10100111 *
b10100111 2
b11111 :
#18457
b110101 "
b1110010 *
b1011000 2
b10100110 :
b11111111110 B
#18458
b11011110 "
b1010111 *
b1011001 2
b11100010 :
#18459
b1011 "
b11010111 *
b11100010 2
b11110 :
b11111111111 B
#18460
b10111000 "
b1100111 *
b1011001 2
b10100111 :
#18461
b11011101 "
b11000 *
b11110 2
b11100010 :
b0 B
#18462
b11011111 "
b10000110 *
b1011010 2
b1011000 :
#18463
b1111101 "
b1011 *
b10101000 2
b1011010 :
#18464
b111011 "
b1001001 *
b100000 :
b11111111110 B
#18465
b11100010 "
b1011001 *
b10100111 2
b11100011 :
b11111111111 B
#18466
b10110111 "
b11000101 *
b11101 2
b10100111 :
b11111111100 B
#18467
b1010000 "
b11001111 *
b1011001 2
b11110 :
b11111111111 B
#18468
b101001 "
b1011 *
b11111 2
#18469
b11110010 "
b1011101 *
b11100010 2
b1011010 :
b1 B
#18470
b10101110 "
b11010011 *
b10100111 2
b11100011 :
b11111111101 B
#18471
b1011 "
b101001 *
b11110 2
b11101 :
b0 B
#18472
b1111101 "
b1011 *
b1011000 2
b10100110 :
b11111111111 B
#18473
b111011 "
b1001001 *
b11100000 :
b11111111101 B
#18474
b10100111 "
b1011001 *
b1011010 2
b1011000 :
b11111111111 B
#18475
b11111110 "
b1011110 *
b1011001 2
b11100001 :
b11111111100 B
#18476
b1010000 "
b11001111 *
b10100111 2
b11100010 :
b11111111110 B
#18477
b11011111 "
b1111010 *
b1011010 2
b10101000 :
#18478
b11011101 "
b11101000 *
b11110 2
b11111 :
b1 B
#18479
b11000 "
b100011 *
b11100010 2
b11100010 :
b10 B
#18480
b101001 "
b11110101 *
b11100011 2
b11110 :
#18481
b10000011 "
b1011000 2
b10100110 :
b0 B
#18482
b1001001 "
b11000101 *
b100001 2
b1011000 :
b11111111110 B
#18483
b11110 "
b11100010 *
b11110 2
b11110 :
b11111111111 B
#18484
b10010 "
b100110 *
b11100010 2
b11111 :
b11111111011 B
#18485
b101010 "
b11111100 *
b11110 2
b11101 :
b0 B
#18486
b11110101 "
b101001 *
b11100010 2
b11111 :
b11111111110 B
#18487
b11000 "
b11011101 *
b11110 2
b11100010 :
b11111111101 B
#18488
b11101000 "
b11100010 2
b11111111110 B
#18489
b11000010 "
b10111010 *
b10101000 2
b0 B
#18490
b10101001 "
b100010 *
b11100010 2
b1011001 :
#18491
b1110010 "
b110101 *
b1011001 2
b10100111 :
b1 B
#18492
b1011001 "
b11100010 *
b11100001 2
#18493
b10 "
b10100010 *
b10101000 2
b100000 :
b0 B
#18494
b100 "
b101010 *
b11101 2
b11100001 :
b11111111110 B
#18495
b1000110 "
b111110 *
b11100001 2
b10101000 :
b11111111100 B
#18496
b11110010 "
b1011101 *
b11110 2
b10100110 :
#18497
b10011001 "
b1001000 *
b1011001 2
b10101000 :
b11111111110 B
#18498
b101001 "
b11110101 *
b11100001 2
b11110 :
b0 B
#18499
b100010 "
b1010111 *
b10101000 2
b11100001 :
b1 B
#18500
b10110111 "
b111011 *
b11100010 2
b10101000 :
b11 B
#18501
b10100111 "
b1011001 *
b10100110 2
b10 B
#18502
b1110010 "
b11001011 *
b1011011 2
b1010111 :
b11111111111 B
#18503
b110001 "
b1010000 *
b11100101 2
b1011010 :
b11111111110 B
#18504
b11101101 "
b10100100 *
b11100 2
b10100111 :
b11111111101 B
#18505
b1100111 "
b1001000 *
b1011010 2
b1010111 :
b11111111100 B
#18506
b11101000 "
b11011101 *
b11100010 2
b11100010 :
b11111111110 B
#18507
b10000110 "
b100001 *
b10100111 2
b1011010 :
b11111111101 B
#18508
b110001 "
b10110000 *
b11100011 2
b10100110 :
b0 B
#18509
b111011 "
b1001001 *
b1011000 2
b11100010 :
#18510
b11100010 "
b1011001 *
b1011001 2
b11110 :
b1 B
#18511
b10 "
b10100010 *
b10100111 2
b11111 :
b11111111111 B
#18512
b1010111 "
b100010 *
b11100010 2
b10101000 :
b1 B
#18513
b1011100 "
b11101101 *
b10100111 2
b11100101 :
b11111111110 B
#18514
b11110010 "
b1011101 *
b11101 2
b10100110 :
b11111111111 B
#18515
b10100011 "
b1110 *
b1011001 2
b11100000 :
b11111111101 B
#18516
b11011111 "
b10000110 *
b1011011 2
b1011000 :
b11111111111 B
#18517
b1010000 "
b110001 *
b10100111 2
b11111 :
b11111111101 B
#18518
b111011 "
b1001001 *
b10101000 2
b100000 :
#18519
b10100111 "
b11110 *
b11100001 2
b10100111 :
b11111111110 B
#18520
b10100010 "
b11111110 *
b11100010 2
b11111111100 B
#18521
b10101001 "
b11011110 *
b11100011 2
b11111111110 B
#18522
b10111010 "
b11000010 *
b11100100 2
b11111111111 B
#18523
b11011101 "
b11101000 *
b11100011 2
b11100001 :
b1 B
#18524
b11010011 "
b1010010 *
b11100010 2
b1011001 :
b10 B
#18525
b11010111 "
b1011 *
b11100011 2
b11110 :
b100 B
#18526
b10000011 "
b11110101 *
b10101001 2
b1011011 :
b1 B
#18527
b1001001 "
b11000101 *
b11011110 2
b10101000 :
b11111111110 B
#18528
b11100010 "
b1011001 *
b1011010 2
b11011 :
#18529
b11011010 "
b10010 *
b11111 2
b11100 :
b11111111010 B
#18530
b110001 "
b1010000 *
b11101 2
b10100110 :
b11111111100 B
#18531
b11110101 "
b101001 *
b11110 2
b11100011 :
b11111111001 B
#18532
b11110010 "
b1011101 *
b100001 2
b10101000 :
b11111111111 B
#18533
b1011101 "
b11110010 *
b10100110 2
b11100 :
b11 B
#18534
b111110 "
b1000110 *
b10101000 2
b11100010 :
b101 B
#18535
b110001 "
b10110000 *
b11111 2
b1011001 :
b10 B
#18536
b10 "
b1011110 *
b10100110 2
b11100100 :
b1 B
#18537
b1011001 "
b11110 *
b11100101 2
b1011010 :
b11111111110 B
#18538
b11000101 "
b1001001 *
b10100110 2
b11100100 :
#18539
b101010 "
b11111100 *
b11111 2
b11100 :
b11111111100 B
#18540
b10000110 "
b11011111 *
b10100101 2
b10101000 :
b11111111110 B
#18541
b1100111 "
b1001000 *
b1011001 2
b1011000 :
b11111111001 B
#18542
b10111000 "
b10011001 *
b10101000 2
b10100111 :
b11111111101 B
#18543
b100001 "
b1111010 *
b1011000 2
b1011011 :
b11111111111 B
#18544
b10101001 "
b100010 *
b11100001 2
b1011000 :
b0 B
#18545
b1110010 "
b110101 *
b1011010 2
b10101000 :
b10 B
#18546
b11110 "
b10100111 *
b10100111 2
b11100010 :
#18547
b10100010 "
b11111110 *
b11111 2
b1011001 :
#18548
b1111101 "
b11110101 *
b10100110 2
b10101001 :
b1 B
#18549
b10011 "
b1011100 *
b11011 2
b10100110 :
b11111111110 B
#18550
b1100111 "
b1001000 *
b10100101 2
b10101010 :
b11111111101 B
#18551
b10100011 "
b1110 *
b1011001 2
b11100000 :
b11111111100 B
#18552
b1011 "
b101001 *
b11100010 2
b11100011 :
#18553
b110001 "
b10110000 *
b11101 2
b1011010 :
b11111111101 B
#18554
b11001011 "
b1110010 *
b10101000 2
b10100110 :
#18555
b11110 "
b11100010 *
b11110 2
b11110 :
b1 B
#18556
b110101 "
b1110010 *
b10100110 2
b1011000 :
#18557
b10000011 "
b1011 *
b10100111 2
b10100111 :
b0 B
#18558
b1000110 "
b111110 *
b11110 2
b1011000 :
b10 B
#18559
b10011001 "
b10111000 *
b10100110 2
b10101001 :
b0 B
#18560
b100011 "
b11101000 *
b11101 2
b11100001 :
b11111111111 B
#18561
b101001 "
b11110101 *
b11100010 :
b11111111101 B
#18562
b10000011 "
b10101000 2
b1011011 :
b11111111100 B
#18563
b100110 "
b10010 *
b11110 2
b11100010 :
b11111111110 B
#18564
b10100111 "
b10100111 *
b10100111 2
b1011001 :
#18565
b1110010 "
b11001011 *
b10101000 2
b10100110 :
b0 B
#18566
b100010 "
b10101001 *
b10100111 2
b11110 :
#18567
b11000010 "
b1000110 *
b1011001 2
b11100010 :
b1 B
#18568
b101101 "
b1010010 *
b11100001 2
b10101000 :
b11111111111 B
#18569
b10101110 *
b11100011 2
b1011001 :
#18570
b11101101 "
b1011100 *
b11100001 2
b10100111 :
b11111111110 B
#18571
b110001 "
b10110000 *
b11111 2
b1011001 :
b11111111111 B
#18572
b10010 "
b11011010 *
b11110 2
b11101 :
b11111111110 B
#18573
b10100111 "
b1011001 *
b10100110 2
b10101000 :
#18574
b110101 "
b1110010 *
b10100111 2
b1011001 :
b11111111101 B
#18575
b10110000 "
b110001 *
b11100010 :
b11111111110 B
#18576
b11101101 "
b10100100 *
b11111 2
b10100111 :
b0 B
#18577
b10101110 "
b101101 *
b10100111 2
b11101 :
b1 B
#18578
b10011001 "
b1001000 *
b10101000 2
b1011010 :
b10 B
#18579
b1111010 "
b11011111 *
b1011000 2
b10100101 :
b1 B
#18580
b110001 "
b10110000 *
b11100001 2
b10101000 :
b11111111111 B
#18581
b1001001 "
b11000101 *
b11011111 2
b10101001 :
b11111111110 B
#18582
b11100010 "
b11110 *
b11111 2
b11101 :
#18583
b11101110 "
b11011010 *
b11100011 2
b11111 :
b11111111011 B
#18584
b110001 "
b1010000 *
b11101 2
b10100110 :
#18585
b10011 "
b1011100 *
b11111 2
b10100111 :
b11111111100 B
#18586
b1100111 "
b1001000 *
b10101001 2
b10100101 :
b11111111111 B
#18587
b11010011 "
b1010010 *
b11111 2
b10101000 :
b10 B
#18588
b10011 "
b10100100 *
b11101 2
b1011001 :
#18589
b11111100 "
b101010 *
b11100011 2
b11100010 :
#18590
b10100010 "
b10 *
b11101 2
b10100110 :
b1 B
#18591
b10100111 "
b1011001 *
b10100101 2
b10101001 :
b10 B
#18592
b11011010 "
b10010 *
b11100001 2
b11100100 :
b11111111111 B
#18593
b10101001 "
b11011110 *
b11011111 2
b10101000 :
b11111111101 B
#18594
b11000010 "
b1000110 *
b10101000 2
b100000 :
b11111111001 B
#18595
b11000 "
b11011101 *
b11110 2
b11100010 :
b11111111011 B
#18596
b100011 *
b11110 :
b11111111100 B
#18597
b10100100 "
b11101101 *
b10100111 2
b11100 :
b0 B
#18598
b10101001 "
b100010 *
b11100001 2
b1011000 :
#18599
b11111110 "
b10100010 *
b10100111 2
b11100001 :
b10 B
#18600
b10100111 "
b10100111 *
b1011001 :
#18601
b10100010 "
b11111110 *
b11111 2
#18602
b1010111 "
b100010 *
b11100001 2
b10101001 :
b0 B
#18603
b11011111 "
b1111010 *
b1010111 2
b10100101 :
b11111111110 B
#18604
b10111000 "
b1100111 *
b10100110 :
b11111111101 B
#18605
b11000 "
b100011 *
b11100001 2
b11100010 :
b11111111110 B
#18606
b11010111 "
b1011 *
b11101 2
#18607
b100010 "
b1010111 *
b10100111 2
b11111111101 B
#18608
b10001110 "
b11001011 *
b1011001 2
b10100111 :
b11111111110 B
#18609
b11110 "
b11100010 *
b11110 2
b11110 :
b1 B
#18610
b1011110 "
b10 *
b1011001 :
b0 B
#18611
b11110101 "
b10000011 *
b1011001 2
b10100111 :
#18612
b11000010 "
b1000110 *
b10101000 2
b11110 :
b11111111111 B
#18613
b1100111 "
b1001000 *
b1011001 2
b1011000 :
b0 B
#18614
b11010011 "
b1010010 *
b11100011 2
b1011001 :
b11111111111 B
#18615
b10100100 "
b11101101 *
b10100111 2
b11111 :
#18616
b1010111 "
b11011110 *
b11100 2
b10100110 :
#18617
b110101 "
b10001110 *
b10100101 2
b10101001 :
b11111111110 B
#18618
b1011001 "
b11100010 *
b11100001 2
b10100111 :
#18619
b1001001 "
b111011 *
b11101 2
b11111111101 B
#18620
b11111100 "
b11010110 *
b11100011 2
b11110 :
b11111111110 B
#18621
b101001 "
b1011 *
b11100010 2
b11100001 :
b11111111111 B
#18622
b100011 "
b11000 *
b11100010 :
b11111111110 B
#18623
b10111000 "
b10011001 *
b1011001 2
b1011001 :
b10 B
#18624
b10000110 "
b100001 *
b1011000 2
b10100110 :
b0 B
#18625
b11111100 "
b101010 *
b11100011 2
b11100010 :
#18626
b10010 "
b11011010 *
b11110 2
b11101 :
b11111111111 B
#18627
b10100111 "
b1011001 *
b10100110 2
b10101000 :
b10 B
#18628
b111011 "
b10110111 *
b1011010 2
b11100 :
b11111111101 B
#18629
b11110101 "
b10000011 *
b1010111 2
b10100110 :
b11111111110 B
#18630
b10100100 "
b10011 *
b10100111 2
b11100100 :
#18631
b11101000 "
b100011 *
b11100010 2
b11110 :
#18632
b100011 "
b11101000 *
b11110 2
b11100010 :
#18633
b10111010 "
b111110 *
b11100010 2
b1011001 :
b0 B
#18634
b11110101 "
b1111101 *
b1011001 2
b1011000 :
#18635
b11001011 "
b1110010 *
b1 B
#18636
b1011001 "
b1011001 *
b1011000 2
b10100110 :
b11111111111 B
#18637
b10 "
b10100010 *
b10101000 2
b100000 :
#18638
b100010 "
b10101001 *
b10101001 2
b11111 :
#18639
b100001 "
b10000110 *
b1011011 :
b11111111100 B
#18640
b11010011 "
b10101110 *
b11111 2
b1011000 :
b11111111101 B
#18641
b1110 "
b1011101 *
b11100001 2
b10100111 :
b11111111110 B
#18642
b10011 "
b10100100 *
b11110 2
b1011001 :
#18643
b100010 "
b1010111 *
b10100111 2
b11100010 :
#18644
b10100010 "
b10 *
b11111 2
b10100111 :
b11111111111 B
#18645
b10100111 "
b10100111 *
b1011010 2
b10101000 :
b1 B
#18646
b11000101 "
b1001001 *
b10101000 2
b11100010 :
b10 B
#18647
b10101001 "
b11011110 *
b11100001 2
b10101000 :
#18648
b11110101 "
b101001 *
b11100010 2
b11111 :
b1 B
#18649
b11110010 "
b1011101 *
b11100101 2
b1011010 :
b11111111110 B
#18650
b101101 "
b10101110 *
b11011 2
b10100111 :
#18651
b1011100 "
b10011 *
b1011000 2
b11100000 :
b11111111100 B
#18652
b110001 "
b10110000 *
b11100001 2
b10100111 :
b11111111101 B
#18653
b1001001 "
b11000101 *
b11100010 2
b10101000 :
b11111111100 B
#18654
b11100010 "
b1011001 *
b1011001 2
b11111 :
b11111111110 B
#18655
b10010 "
b100110 *
b11110 2
b11100011 :
b11111111111 B
#18656
b10101001 "
b11011110 *
b11101 2
b1011001 :
b10 B
#18657
b11110101 "
b101001 *
b11111 2
b11100001 :
b11 B
#18658
b101101 "
b1010010 *
b11100001 2
b10101000 :
b1 B
#18659
b11011101 "
b11000 *
b11101 2
b11100010 :
b0 B
#18660
b1011100 "
b10011 *
b10101000 2
b100000 :
b11111111110 B
#18661
b11010110 "
b11111100 *
b11101 2
b11100010 :
#18662
b10010 "
b11011010 *
b11110 2
b11101 :
b11111111100 B
#18663
b11110 "
b1011001 *
b10100111 2
b11111 :
b11111111110 B
#18664
b1110010 "
b11001011 *
b1011001 2
b1011001 :
b11111111101 B
#18665
b10000011 "
b1011 *
b10101000 2
b10100111 :
b11111111110 B
#18666
b10000110 "
b11011111 *
b10100110 :
b0 B
#18667
b1100111 "
b1001000 *
b1011000 2
b1011010 :
#18668
b11101000 "
b11011101 *
b11100010 2
b11100010 :
b1 B
#18669
b10000110 "
b100001 *
b10101000 2
b1011010 :
#18670
b11010110 "
b11111100 *
b11100010 2
b11110 :
b0 B
#18671
b10100010 "
b10 *
b11100100 2
b1011010 :
b11111111111 B
#18672
b11100010 "
b10100111 *
b10101000 2
b100000 :
b0 B
#18673
b1110010 "
b11001011 *
b10100101 2
b10101001 :
b11111111110 B
#18674
b11111100 "
b11010110 *
b11100100 2
b11111 :
b11111111100 B
#18675
b1011 "
b11010111 *
b11100010 2
b11111111101 B
#18676
b1011101 "
b1110 *
b10100110 2
b11100010 :
b11111111010 B
#18677
b10011001 "
b1001000 *
b1011010 2
b10101001 :
b11111111110 B
#18678
b1111010 "
b11011111 *
b10100101 2
b1010111 :
b0 B
#18679
b100 "
b11010110 *
b11101 2
b11111 :
b11 B
#18680
b11101110 "
b100110 *
b11100010 2
b11100010 :
#18681
b11100010 "
b11110 *
b100 B
#18682
b100110 "
b11101110 *
b11111 2
b11100 :
b0 B
#18683
b100 "
b101010 *
b11100100 2
b11111 :
#18684
b11010111 "
b11110101 *
b11100001 2
b11100011 :
b11111111001 B
#18685
b100011 "
b11000 *
b11110 2
b11101 :
b11111111010 B
#18686
b1001000 "
b1100111 *
b1011001 2
b1011001 :
b11111111011 B
#18687
b10111010 "
b111110 *
b11100001 2
b1011000 :
b11111111101 B
#18688
b10101001 "
b100010 *
b1010111 :
b0 B
#18689
b10110111 "
b111011 *
b11101 2
b1011001 :
b10 B
#18690
b11100010 "
b11110 *
b11110 2
b11110 :
b11 B
#18691
b1011110 "
b10 *
b11100001 2
b10100111 :
b1 B
#18692
b100 "
b101010 *
b11101 2
b11100001 :
b0 B
#18693
b10011 "
b1011100 *
b11011 2
b10100111 :
b11111111110 B
#18694
b1011101 "
b1110 *
b10100110 2
b11100011 :
b11111111100 B
#18695
b10011001 "
b1001000 *
b1011000 2
b10100110 :
b11111111101 B
#18696
b1000110 "
b11000010 *
b11100010 2
b1011001 :
b11111111111 B
#18697
b11001111 "
b1010000 *
b10100111 :
#18698
b10100010 "
b10 *
b11110 2
b1 B
#18699
b1011001 "
b11110 *
b11100011 2
b1011001 :
b11111111111 B
#18700
b11111110 "
b1011110 *
b10100111 2
b100000 :
b1 B
#18701
b1111101 "
b11110101 *
b1011011 2
b1010111 :
b11111111111 B
#18702
b11010111 "
b11100001 2
b11100010 :
b11111111101 B
#18703
b100011 "
b11000 *
b11111 2
b11101 :
#18704
b11110010 "
b10100011 *
b11100000 2
b10100111 :
#18705
b10011 "
b10100100 *
b11100001 2
b11111111011 B
#18706
b101010 "
b100 *
b11110 2
b11100011 :
b11111111101 B
#18707
b11101110 "
b100110 *
b11110 :
b11111111110 B
#18708
b1011001 "
b1011001 *
b1011010 2
b10101000 :
b11 B
#18709
b11000101 "
b1001001 *
b1011001 2
b11101 :
b0 B
#18710
b11011110 "
b1010111 *
b1011000 2
b11100010 :
b10 B
#18711
b101001 "
b1011 *
b11100001 2
b11111111111 B
#18712
b11011101 "
b11101000 *
b11111 2
b11101 :
#18713
b11110010 "
b10100011 *
b100001 2
b1011000 :
b11111111101 B
#18714
b10111010 "
b111110 *
b11100 2
b10100111 :
b11111111011 B
#18715
b11010110 "
b11111100 *
b11110 2
b11100011 :
#18716
b1001001 "
b11000101 *
b1011000 :
b11111111110 B
#18717
b1011001 "
b11100010 *
b11101 2
b1011001 :
b11 B
#18718
b10110111 "
b11000101 *
b10100111 :
b11111111111 B
#18719
b1111101 "
b11110101 *
b1011010 2
b1011000 :
b1 B
#18720
b111110 "
b10111010 *
b1011000 2
b11100001 :
b11111111111 B
#18721
b1110 "
b10100011 *
b11100 2
b10100110 :
b11111111110 B
#18722
b1100111 "
b10111000 *
b1010111 2
b10100101 :
#18723
b111110 "
b1000110 *
b1011001 2
b11100 :
#18724
b100 "
b11010110 *
b11100011 2
b11100010 :
#18725
b11101110 "
b100110 *
b11110 2
b11110 :
#18726
b1011001 "
b1011001 *
b1011001 2
b10100111 :
b10 B
#18727
b10 "
b10100010 *
b10100111 2
b11111 :
b0 B
#18728
b11011110 "
b1010111 *
b1011000 2
b11100010 :
#18729
b1000110 "
b111110 *
b11100001 2
b10101000 :
b11111111110 B
#18730
b100011 "
b11000 *
b11100010 2
b11100010 :
b11111111111 B
#18731
b1110 "
b1011101 *
b11100001 2
b10100111 :
b11111111110 B
#18732
b11010111 "
b1011 *
b11101 2
b11100010 :
b0 B
#18733
b101010 "
b100 *
b11100010 2
b11101 :
b11111111110 B
#18734
b11000101 "
b10110111 *
b1011000 2
b11100010 :
#18735
b11100010 "
b11110 *
b11100010 2
b11 B
#18736
b11101110 "
b11011010 *
b11110 2
b11100001 :
b11111111111 B
#18737
b10101001 "
b11011110 *
b11100001 2
b10101001 :
b0 B
#18738
b100001 "
b10000110 *
b1011000 2
b10100101 :
b11111111110 B
#18739
b10011001 "
b10111000 *
b10100110 2
b10101001 :
b11111111101 B
#18740
b11011101 "
b11000 *
b11100011 2
b11111 :
b11111111110 B
#18741
b1011 "
b101001 *
b11110 2
b11101 :
b11111111101 B
#18742
b10000011 "
b11110101 *
b10101000 2
b1011001 :
b11111111100 B
#18743
b11011010 "
b11101110 *
b11100010 2
b11110 :
b11111111101 B
#18744
b11100010 "
b11110 *
b11110 2
b0 B
#18745
b11011010 "
b10010 *
b11101 2
#18746
b1111101 "
b11110101 *
b10101000 2
b10100110 :
#18747
b11000010 "
b1000110 *
b1011001 2
b11100011 :
b10 B
#18748
b11110010 "
b1011101 *
b11110 2
b10100110 :
b1 B
#18749
b11000 "
b100011 *
b11100001 2
b11100010 :
#18750
b11101101 "
b1011100 *
b10101000 :
b0 B
#18751
b10101001 "
b100010 *
b11011 2
b10100111 :
b11111111101 B
#18752
b1110010 "
b110101 *
b10101001 2
b1011011 :
b11111111110 B
#18753
b1011001 "
b1011001 *
b10101000 2
b1011010 :
b11111111101 B
#18754
b10010 "
b100110 *
b11100010 2
b11110 :
b11111111110 B
#18755
b101010 "
b11111100 *
b11110 2
b11101 :
b11111111111 B
#18756
b1111010 "
b100001 *
b1011010 2
b1011001 :
b0 B
#18757
b1110 "
b10100011 *
b11101 2
b10100110 :
b11111111101 B
#18758
b11101000 "
b11011101 *
b11100010 2
b11100010 :
b11111111111 B
#18759
b111110 "
b1000110 *
b1011001 2
b11101 :
#18760
b100010 "
b1010111 *
b0 B
#18761
b11011010 "
b11101110 *
b11100011 2
b11110 :
b11111111111 B
#18762
b11100010 "
b1011001 *
b1011001 2
b11101 :
#18763
b1110010 "
b11001011 *
b10100110 2
b10101001 :
b11111111110 B
#18764
b1010000 "
b11001111 *
b10100111 2
b11100011 :
b11111111111 B
#18765
b10100100 "
b10011 *
b1011010 2
b11100 :
b11111111101 B
#18766
b11110010 "
b1011101 *
b11101 2
b10100110 :
b11111111111 B
#18767
b11000 "
b100011 *
b11100001 2
b11100010 :
b11111111110 B
#18768
b1011100 "
b10011 *
b10100111 2
b11111 :
b11111111111 B
#18769
b1111101 "
b1011 *
b10101000 2
b1011010 :
b11111111101 B
#18770
b1011110 "
b11111110 *
b11100010 2
b1011001 :
b11111111110 B
#18771
b10100111 "
b11100010 *
b11110 2
b10100111 :
b11111111111 B
#18772
b1011110 "
b10 *
b1011001 :
b1 B
#18773
b1011 "
b1111101 *
b10101000 2
b1011010 :
#18774
b10100100 "
b10011 *
b10100111 2
b11100100 :
b11111111111 B
#18775
b101101 "
b1010010 *
b100001 2
b1011000 :
#18776
b11010011 "
b11100101 2
b1011001 :
b11111111110 B
#18777
b111110 "
b1000110 *
b1011010 2
b11100 :
b11111111011 B
#18778
b10110000 "
b11001111 *
b10100111 2
b11111 :
b11111111101 B
#18779
b11101110 "
b100110 *
b11110 2
b11110 :
b11111111110 B
#18780
b1011001 "
b11100010 *
b11100010 2
b10100111 :
#18781
b11001011 "
b10001110 *
b10100110 2
b1011000 :
b0 B
#18782
b11001111 "
b10110000 *
b11100010 2
b1011001 :
b11111111111 B
#18783
b11000010 "
b1000110 *
b1011001 2
b11100010 :
b10 B
#18784
b1011101 "
b1110 *
b10100110 2
b11100011 :
b1 B
#18785
b11110010 *
b10100111 2
b100000 :
b11111111111 B
#18786
b10011 "
b10100100 *
b11111 2
b1011000 :
#18787
b100010 "
b1010111 *
b10100111 2
b11100101 :
b11111111101 B
#18788
b110101 "
b10001110 *
b1011011 2
b1010111 :
b11111111110 B
#18789
b11100010 "
b1011001 *
b10100111 2
b11100011 :
b11111111101 B
#18790
b11111110 "
b1011110 *
b11111 :
#18791
b1011 "
b1111101 *
b1011001 :
b11111111111 B
#18792
b10000110 "
b11011111 *
b10100110 2
b10100111 :
b11111111110 B
#18793
b100011 "
b11000 *
b11110 2
b11110 :
b0 B
#18794
b11101000 *
b11100010 :
b11111111111 B
#18795
b1011 "
b101001 *
b11101 :
b0 B
#18796
b100 "
b11010110 *
b11100011 2
b11100010 :
#18797
b11101110 "
b100110 *
b11110 2
b11101 :
b11111111101 B
#18798
b11100010 "
b11100010 *
b11100010 2
b11110 :
b10 B
#18799
b10100010 "
b11111110 *
b100000 2
b1011000 :
b11111111101 B
#18800
b11111100 "
b11010110 *
b11100011 2
b11110 :
b0 B
#18801
b10100100 "
b10011 *
b1011010 2
b11100 :
b11111111100 B
#18802
b1010010 "
b11010011 *
b10100111 2
b11110 :
b11111111110 B
#18803
b11010011 "
b1010010 *
b11110 2
b10100111 :
#18804
b1011100 "
b10011 *
b10100111 2
b11101 :
b11111111111 B
#18805
b1010111 "
b11011110 *
b11100010 2
b1011001 :
b1 B
#18806
b1011110 "
b11111110 *
#18807
b1011001 "
b11100010 *
b11111 2
#18808
b11111110 "
b1011110 *
b10101000 2
b100001 :
#18809
b11001111 "
b10110000 *
b11010 2
b10100110 :
b11111111110 B
#18810
b11101101 "
b10100100 *
b11011 2
b11111111011 B
#18811
b1001000 "
b10011001 *
b1010111 2
#18812
b11010011 "
b1010010 *
b11100011 2
b1011001 :
b11111111100 B
#18813
b1011 "
b101001 *
b11110 2
b11111 :
b11111111110 B
#18814
b10000011 "
b11110101 *
b10100110 2
b1011000 :
b11111111111 B
#18815
b10001110 "
b11001011 *
b10 B
#18816
b11100010 "
b10100111 *
b10100111 2
b11110 :
#18817
b10110111 "
b11000101 *
b11100011 2
b1011001 :
#18818
b10110000 "
b110001 *
b1011010 2
b11100 :
b11111111111 B
#18819
b10111010 "
b11000010 *
b11111 2
b1010111 :
#18820
b11000 "
b11011101 *
b11100011 2
b11111 :
b11111111110 B
#18821
b11011101 "
b11000 *
b11101 2
b11100001 :
b11111111101 B
#18822
b1000110 "
b11000010 *
b11100100 2
b1011001 :
b11111111100 B
#18823
b1011 "
b10000011 *
b1011001 2
b1011000 :
#18824
b10001110 "
b11001011 *
b1011010 2
b10101000 :
b11111111110 B
#18825
b10100111 "
b1011001 *
b10101000 2
b10100110 :
b11111111111 B
#18826
b1011110 "
b10 *
b11101 2
b1011010 :
b10 B
#18827
b1111101 "
b11110101 *
b1011000 2
b1011001 :
b1 B
#18828
b11110101 "
b101001 *
b11100010 2
b11111 :
#18829
b11110010 "
b1011101 *
b11100011 2
b1011010 :
b0 B
#18830
b10111000 "
b10011001 *
b10100101 2
b10101001 :
b11111111110 B
#18831
b10100100 "
b11101101 *
b10100111 2
b11111 :
b11111111111 B
#18832
b1010000 "
b110001 *
b1011001 2
b11100000 :
b11111111101 B
#18833
b11000101 "
b10110111 *
b10101000 2
b100000 :
b11111111110 B
#18834
b10100111 "
b1011001 *
b1011010 2
b1011000 :
b11111111101 B
#18835
b1011110 "
b10 *
b11100010 2
b10100111 :
b11111111100 B
#18836
b100010 "
b10101001 *
b10100111 2
b11101 :
b11111111110 B
#18837
b100001 "
b10000110 *
b10100101 2
b1011000 :
b11111111111 B
#18838
b1110 "
b10100011 *
b11100001 2
b1011001 :
b1 B
#18839
b100011 "
b11101000 *
b11100010 2
b11110 :
b11 B
#18840
b11110101 "
b11010111 *
b11110 2
b11101 :
b10 B
#18841
b100 "
b11010110 *
b11111 2
b0 B
#18842
b1001001 "
b11000101 *
b100001 2
b1011000 :
b11111111101 B
#18843
b1011001 "
b11110 *
b11100100 2
b1011010 :
b11111111011 B
#18844
b10010 "
b100110 *
b11100010 2
b11110 :
#18845
b11001111 "
b10110000 *
b11110 2
b10100111 :
b11111111110 B
#18846
b100001 "
b10000110 *
b1011010 2
b10101000 :
b0 B
#18847
b101101 "
b1010010 *
b11101 2
b1011001 :
b1 B
#18848
b10011001 "
b1001000 *
b10101000 2
b1011010 :
b10 B
#18849
b1000110 "
b11000010 *
b11100 2
b10100111 :
b1 B
#18850
b100 "
b11010110 *
b11100010 2
b11100011 :
b11111111111 B
#18851
b11111110 "
b10100010 *
b10100110 2
b11100101 :
b11111111110 B
#18852
b10100111 "
b10100111 *
b10101001 2
b1011011 :
b11111111101 B
#18853
b10001110 "
b110101 *
b1011010 2
b1010111 :
b11111111100 B
#18854
b110001 "
b1010000 *
b11101 2
b10100110 :
b11111111110 B
#18855
b11011111 "
b1111010 *
b1011010 2
b11111111101 B
#18856
b10011001 "
b10111000 *
b1011000 2
b1011010 :
b11111111111 B
#18857
b1010010 "
b101101 *
b10100111 2
b11100010 :
b0 B
#18858
b10011 "
b10100100 *
b11110 2
b1011001 :
b1 B
#18859
b11111100 "
b101010 *
b11100011 2
b11100010 :
#18860
b1110010 "
b110101 *
b10101001 2
b1011011 :
b11111111111 B
#18861
b11100010 "
b10100111 *
b1011000 2
b11100000 :
b10 B
#18862
b10001110 "
b110101 *
b10100100 2
b10101010 :
b11111111110 B
#18863
b11011110 "
b1010111 *
b10101000 2
b100000 :
b11111111100 B
#18864
b100001 "
b10000110 *
b1011000 2
b10100101 :
b11111111011 B
#18865
b11110010 "
b1011101 *
b11100010 2
b1011010 :
b11111111100 B
#18866
b1001000 "
b1100111 *
b1011000 2
b1011001 :
b11111111110 B
#18867
b100001 "
b1111010 *
b1011011 :
b0 B
#18868
b110001 "
b10110000 *
b11100011 2
b10100111 :
#18869
b111011 "
b1001001 *
b1011001 2
b11100011 :
b10 B
#18870
b10100111 "
b11100010 *
b11100010 2
b1011001 :
b1 B
#18871
b111011 "
b10110111 *
b10100111 2
b11100011 :
#18872
b1111101 "
b11110101 *
b10100110 2
b10101001 :
#18873
b1011 "
b11010111 *
b11100010 2
b11111 :
b11111111111 B
#18874
b11000 "
b11011101 *
b11100011 2
b100000 :
b11111111101 B
#18875
b11010011 "
b1010010 *
b11011 2
b10100111 :
b11111111110 B
#18876
b11011111 "
b10000110 *
b1011011 2
b1010111 :
b11111111010 B
#18877
b1111101 "
b1011 *
b10101000 2
b1011001 :
b11111111101 B
#18878
b1001001 "
b11000101 *
b11110 2
b1011000 :
#18879
b11110 "
b11100010 *
b11110 :
b0 B
#18880
b1011110 "
b10 *
b1011010 :
b11111111111 B
#18881
b1010000 "
b11001111 *
b1011001 2
b11110 :
b0 B
#18882
b101001 "
b1011 *
b11111 2
#18883
b1110 "
b10100011 *
b11110 2
b10100110 :
b1 B
#18884
b1011101 *
b11111 2
b1011001 :
b11111111101 B
#18885
b10000110 "
b100001 *
b10101000 2
b1011010 :
b0 B
#18886
b11010110 "
b11111100 *
b11100010 2
b11101 :
b11111111110 B
#18887
b10100010 "
b10 *
b1011001 :
b11111111111 B
#18888
b11100010 "
b1011001 *
b1011001 2
b11101 :
b11 B
#18889
b10010 "
b100110 *
b11100 2
b11100001 :
b1 B
#18890
b11111100 "
b11010110 *
b11100100 2
b11111 :
b11111111111 B
#18891
b1011100 "
b11101101 *
b10100110 2
b11100110 :
b11111111010 B
#18892
b11101000 "
b100011 *
b11101 2
b11100010 :
#18893
b1011101 "
b11110010 *
b10100110 2
b11110 :
b11111111011 B
#18894
b11011111 "
b10000110 *
b1011000 2
b1011011 :
b11111111110 B
#18895
b100010 "
b1010111 *
b10101001 2
b11100000 :
b0 B
#18896
b11000101 "
b10110111 *
b1011001 2
b11100011 :
b10 B
#18897
b1011001 "
b10100111 *
b1011000 2
b1011010 :
b100 B
#18898
b10100010 "
b11111110 *
b11100001 2
b10100111 :
b1 B
#18899
b11010110 "
b100 *
b11100011 :
#18900
b10100100 "
b10011 *
b10100110 2
b11100101 :
b11111111110 B
#18901
b1001000 "
b10011001 *
b1010110 2
b10100101 :
b11111111011 B
#18902
b11000 "
b100011 *
b11111 2
b11101 :
b11111111100 B
#18903
b111110 "
b1000110 *
b1011001 2
b11110 :
b11111111101 B
#18904
b11110101 "
b1111101 *
b1011001 :
b11111111011 B
#18905
b11011010 "
b11101110 *
b11100001 2
b11101 :
b1 B
#18906
b1011001 "
b1011001 *
b1011010 2
b10101000 :
b0 B
#18907
b1110010 "
b11001011 *
b10101000 2
b10100110 :
b101 B
#18908
b11111100 "
b11010110 *
b11100100 2
b11111 :
b10 B
#18909
b10000110 "
b11011111 *
b1011100 2
b1010111 :
b1 B
#18910
b11000 "
b11011101 *
b11100011 2
b100000 :
b11111111010 B
#18911
b10111000 "
b10011001 *
b1011011 2
b1010111 :
b11111111100 B
#18912
b1011100 "
b10011 *
b10100111 2
b11111 :
b11111111010 B
#18913
b100 "
b11010110 *
b11101 2
b11111111101 B
#18914
b10100010 "
b10 *
b100000 2
b10101000 :
b11111111110 B
#18915
b1011001 "
b11100010 *
b11100 2
b1011010 :
b100 B
#18916
b11001011 "
b10001110 *
b1011010 2
b10101000 :
#18917
b1111101 "
b11110101 *
b1011000 :
b10 B
#18918
b10000110 "
b11011111 *
b10100101 2
b10101000 :
#18919
b1110 "
b10100011 *
b11011 2
b10100110 :
b11111111110 B
#18920
b11000 "
b100011 *
b11110 2
b11101 :
b11111111101 B
#18921
b100001 "
b1111010 *
b1011100 2
b1010111 :
b11111111100 B
#18922
b101010 "
b100 *
b11110 2
b11100011 :
b11111111101 B
#18923
b111011 "
b1001001 *
b1011000 2
b11100010 :
b11111111100 B
#18924
b11100010 "
b11100010 *
b11100010 2
b11110 :
b11 B
#18925
b10100010 "
b11111110 *
b11111 2
b1011001 :
b11111111111 B
#18926
b110001 "
b1010000 *
b11101 2
b10100111 :
b0 B
#18927
b11010111 "
b11110101 *
b11111 2
b11110 :
b11111111110 B
#18928
b1100111 "
b1001000 *
b10100111 2
b10101000 :
b11111111111 B
#18929
b11101000 "
b11011101 *
b11111 2
b11101 :
b11111111101 B
#18930
b1011 "
b101001 *
b11100010 2
b11100011 :
b11111111111 B
#18931
b10000011 *
b1011010 2
b1011000 :
b11111111011 B
#18932
b1011110 "
b11111110 *
b11100010 2
b1011001 :
b11111111101 B
#18933
b11110 "
b11110 *
b11110 :
b11111111110 B
#18934
b10110111 "
b11000101 *
b100000 2
b10101000 :
b1 B
#18935
b10000011 "
b1011 *
b10101000 2
b10100111 :
b0 B
#18936
b111110 "
b10111010 *
b1011001 2
b11100010 :
b100 B
#18937
b11110010 "
b1011101 *
b11100011 2
b1011010 :
b0 B
#18938
b10100011 "
b1110 *
b10100111 2
b100000 :
b11111111111 B
#18939
b11110101 "
b11010111 *
b11100010 2
b11100011 :
#18940
b1111101 "
b1011 *
b1010111 2
b10100101 :
b11111111101 B
#18941
b1110010 "
b110101 *
#18942
b11110 "
b10100111 *
b10100111 2
b11100011 :
b11111111110 B
#18943
b1110010 "
b11001011 *
b10100110 2
b10101000 :
#18944
b100010 "
b10101001 *
b10100111 2
b11110 :
b11111111111 B
#18945
b111110 "
b10111010 *
b10101000 2
b11111111110 B
#18946
b10011001 "
b10111000 *
b1011001 2
b1011001 :
b11111111111 B
#18947
b10100011 "
b1110 *
b11100001 :
#18948
b11000010 "
b10111010 *
b11101 :
b0 B
#18949
b110001 "
b10110000 *
b11111 2
b1011001 :
b11111111110 B
#18950
b1011110 "
b11111110 *
b11100010 2
b11111111111 B
#18951
b11110 "
b11100010 *
b11110 2
b11110 :
b11111111110 B
#18952
b10100010 "
b11111110 *
b11100010 2
b10100111 :
b1 B
#18953
b11110101 "
b10000011 *
b1011000 2
b10100110 :
b0 B
#18954
b1111010 "
b100001 *
b1011011 2
b1011000 :
b11111111111 B
#18955
b10011001 "
b10111000 *
b10100110 2
b10101001 :
#18956
b1011101 "
b11110010 *
b1011001 2
b11100000 :
b11111111101 B
#18957
b11011111 "
b10000110 *
b10100101 2
b10101000 :
#18958
b10110000 "
b11001111 *
b10100111 2
b11111 :
#18959
b11101110 "
b100110 *
b11110 2
b11110 :
#18960
b11110 "
b10100111 *
b10100111 2
b11100010 :
b11111111110 B
#18961
b10010 "
b100110 *
b11110 2
b0 B
#18962
b11111100 "
b11010110 *
b11100011 2
b11110 :
b1 B
#18963
b11101101 "
b10100100 *
b1011001 :
b0 B
#18964
b10101110 "
b101101 *
b1011000 2
b11100001 :
b11111111110 B
#18965
b11010011 *
b1011001 2
b11101 :
b11111111111 B
#18966
b1111010 "
b11011111 *
b10101000 2
b1011010 :
b11111111110 B
#18967
b11010110 "
b11111100 *
b11110 2
b11100011 :
b11111111111 B
#18968
b110101 "
b10001110 *
b1011001 2
b1011000 :
#18969
b1011001 "
b1011001 *
b10101000 2
b1011010 :
b11 B
#18970
b10110111 "
b11000101 *
b11100 2
b10100110 :
b11111111111 B
#18971
b10000011 "
b1011 *
b10100101 2
b10101001 :
#18972
b10100100 "
b10011 *
b10100110 2
b11100101 :
b11111111110 B
#18973
b10100011 "
b11110010 *
b11100100 :
b11111111101 B
#18974
b1011101 "
b1011001 2
b11100000 :
b11111111100 B
#18975
b10011 "
b10100100 *
b11100001 2
b10100111 :
b11111111110 B
#18976
b100 "
b11010110 *
b11100011 2
b11100010 :
b11111111101 B
#18977
b10001110 "
b11001011 *
b10100111 2
b1011001 :
b11111111110 B
#18978
b10100111 "
b1011001 *
b1011000 2
b1011010 :
b10 B
#18979
b11101110 "
b11011010 *
b11100010 2
b11110 :
b0 B
#18980
b101010 "
b11111100 *
b11100011 :
b1 B
#18981
b11101101 "
b10100100 *
b11100100 2
b1011010 :
b0 B
#18982
b1100111 "
b1001000 *
b10100110 2
b10101001 :
b11111111101 B
#18983
b1011101 "
b11110010 *
b10100111 2
b11111 :
b11111111110 B
#18984
b10000110 "
b100001 *
b1011000 2
b10100110 :
b11111111101 B
#18985
b10101001 "
b100010 *
b11110 2
b10100111 :
b11111111110 B
#18986
b11000101 "
b10110111 *
b1011000 2
b11100010 :
b11111111111 B
#18987
b11100010 "
b10100111 *
b1011001 2
b1 B
#18988
b10001110 "
b110101 *
b10100110 2
b10101000 :
b11111111111 B
#18989
b1010111 "
b100010 *
b11111 2
b1011000 :
#18990
b1011 "
b11010111 *
b11110 2
b11100001 :
b11111111110 B
#18991
b11000 "
b11011101 *
b11100010 :
#18992
b1110 "
b1011101 *
b11111 2
b1011001 :
#18993
b100001 "
b1111010 *
b1011010 2
b0 B
#18994
b10110000 "
b11001111 *
b10100111 2
b11110 :
b11111111110 B
#18995
b111011 "
b1001001 *
b1011000 2
b11100010 :
b11111111111 B
#18996
b11100010 "
b11110 *
b11110 2
b11110 :
#18997
b1001001 "
b111011 *
b10101000 :
#18998
b10101001 "
b11011110 *
b1011001 :
b0 B
#18999
b11110101 "
b101001 *
b11100001 :
b1 B
#19000
b10101110 "
b101101 *
b1011000 2
b11111111111 B
#19001
b10011001 "
b1001000 *
b1010111 2
b10100101 :
b11111111110 B
#19002
b1000110 "
b11000010 *
b11100100 2
b1011001 :
#19003
b1111101 "
b1011 *
b10101000 2
b1011010 :
#19004
b111011 "
b1001001 *
b11110 :
#19005
b11110 "
b1011001 *
b10100111 2
b11111111111 B
#19006
b10100010 "
b11111110 *
b11100010 2
b10100111 :
#19007
b1010000 "
b11001111 *
b1011010 2
b11101 :
#19008
b10011 "
b1011100 *
b11100011 2
b1011001 :
#19009
b10100011 "
b11110010 *
b10100110 2
b11100011 :
#19010
b100011 "
b11101000 *
b11110 2
b11100001 :
#19011
b11000010 "
b10111010 *
b10100111 2
b11100100 :
#19012
b10110000 "
b11001111 *
b11111 :
b11111111110 B
#19013
b110101 "
b10001110 *
b10100101 2
b10101001 :
#19014
b11100010 "
b11100010 *
b11100010 2
b11110 :
#19015
b11101110 "
b11011010 *
b11111111101 B
#19016
b11111100 "
b11010110 *
b11100011 2
b0 B
#19017
b11101101 "
b10100100 *
b11100010 2
b1011001 :
#19018
b101101 "
b1010010 *
b10100111 :
b11111111110 B
#19019
b1010010 "
b101101 *
b10100111 2
b11100010 :
b1 B
#19020
b101001 "
b11110101 *
b11100011 2
b11110 :
b11111111111 B
#19021
b10101001 "
b100010 *
b11101 2
b10100111 :
b1 B
#19022
b11001011 "
b1110010 *
b10100101 2
b10101001 :
b11111111110 B
#19023
b10100111 "
b11110 *
b11100001 2
b10100111 :
b11111111111 B
#19024
b100110 "
b11101110 *
b11111 2
b11110 :
b11111111101 B
#19025
b11001111 "
b10110000 *
b11101 2
b10100111 :
b11111111110 B
#19026
b1000110 "
b111110 *
b11110 2
b1011000 :
b11111111101 B
#19027
b10111000 "
b1100111 *
b10100111 2
b1011001 :
b11111111111 B
#19028
b101101 "
b10101110 *
b11101 2
b10100111 :
#19029
b10011 "
b10100100 *
b11100001 2
b0 B
#19030
b101010 "
b100 *
b11110 2
b11100011 :
b11111111111 B
#19031
b1001001 "
b11000101 *
b11100000 2
b10101000 :
b11111111110 B
#19032
b11100010 "
b1011001 *
b1011001 2
b11101 :
b11 B
#19033
b11111110 "
b1011110 *
b1011000 2
b11011111 :
b11111111100 B
#19034
b1011 "
b1111101 *
b10100111 :
b11111111111 B
#19035
b11101101 "
b10100100 *
b11100100 2
b1011010 :
b11111111011 B
#19036
b11110010 "
b1011101 *
b11110 2
b10100110 :
b0 B
#19037
b1110 "
b11100001 2
b10100111 :
b11111111110 B
#19038
b1011 "
b101001 *
b11100010 2
b11100001 :
b0 B
#19039
b11111100 "
b101010 *
b11100011 2
b11100010 :
b11111111110 B
#19040
b10 "
b1011110 *
b10100111 2
b10 B
#19041
b1011001 "
b1011001 *
b10101000 2
b1011010 :
#19042
b100110 "
b11101110 *
b11111 2
b11110 :
b1 B
#19043
b11001111 "
b10110000 *
b11011 2
b10100110 :
b11111111111 B
#19044
b11110101 "
b101001 *
b11100010 2
b11111 :
b11111111101 B
#19045
b1011101 "
b1110 *
b1011010 2
b11100 :
b11111111100 B
#19046
b11110010 "
b10100011 *
b11100001 2
b10100111 :
b11111111110 B
#19047
b1000110 "
b11000010 *
b11101 2
#19048
b11010110 "
b11111100 *
b11100010 2
b11101 :
#19049
b1001001 "
b11000101 *
b10101000 :
b11111111111 B
#19050
b11100010 "
b10100111 *
b10100111 2
b11110 :
b11 B
#19051
b1110010 "
b11001011 *
b10100110 2
b10101001 :
b11111111111 B
#19052
b100 "
b101010 *
b11101 2
b11100001 :
#19053
b111110 "
b10111010 *
b10101001 2
b11111 :
b11111111101 B
#19054
b10100011 "
b11110010 *
b1011010 2
b11101 :
b11111111100 B
#19055
b1110 *
b1011001 2
b11100001 :
b11111111101 B
#19056
b1011 "
b101001 *
b11100010 2
b11111111111 B
#19057
b1010111 "
b11011110 *
b1011001 :
b11111111110 B
#19058
b100110 "
b10010 *
b11110 :
b10 B
#19059
b11110 "
b10100111 *
b1011001 2
b11101 :
b1 B
#19060
b11000101 "
b1001001 *
b10100111 2
b11100011 :
b0 B
#19061
b1011 "
b1111101 *
b10101001 2
b1011010 :
b11111111111 B
#19062
b111110 "
b10111010 *
b1011000 2
b11100001 :
#19063
b1010010 "
b11010011 *
b11011111 :
b11111111110 B
#19064
b10011001 "
b1001000 *
b10101001 2
b1011011 :
#19065
b11011111 "
b10000110 *
b10100101 2
b10101000 :
b11111111011 B
#19066
b1111101 "
b1011 *
b1011000 2
b10100111 :
b11111111110 B
#19067
b11011010 "
b11101110 *
b11100010 2
b11110 :
b11111111101 B
#19068
b11100010 "
b10100111 *
b10100111 2
b11101 :
b0 B
#19069
b10010 "
b100110 *
b11110 2
b11100010 :
#19070
b11110101 "
b10000011 *
b10100111 2
b1011000 :
b1 B
#19071
b11010111 "
b11110101 *
b11111 2
b11110 :
b0 B
#19072
b1110 "
b10100011 *
b11100011 2
b1011010 :
b1 B
#19073
b10011001 "
b1001000 *
b1010111 2
b10100101 :
b11111111101 B
#19074
b11101101 "
b1011100 *
b11100001 2
b10100111 :
b11111111111 B
#19075
b10101001 "
b100010 *
b11101 2
b11111111110 B
#19076
b111011 "
b1001001 *
b10101000 2
b100000 :
#19077
b11100010 "
b11110 *
b11100010 2
b11100010 :
b11111111111 B
#19078
b1011110 "
b10 *
b11111 2
b1011001 :
b11111111100 B
#19079
b1011 "
b1111101 *
b10100111 2
b1011000 :
b0 B
#19080
b1111010 "
b100001 *
b1011010 2
b1011010 :
b11111111110 B
#19081
b10101110 "
b101101 *
b10100111 2
b11101 :
b1 B
#19082
b11011101 "
b11000 *
b11100010 2
b11110 :
b0 B
#19083
b100001 "
b1111010 *
b1011010 2
b1011000 :
b1 B
#19084
b10101001 "
b100010 *
b11100100 2
b1011010 :
b0 B
#19085
b10001110 "
b11001011 *
b10101001 2
b1011011 :
b11111111110 B
#19086
b11100010 "
b1011001 *
b1011001 2
b11101 :
#19087
b11001011 "
b10001110 *
b10101000 2
b1011010 :
#19088
b11011110 "
b1010111 *
b1011001 2
b11100010 :
b11111111111 B
#19089
b10011 "
b1011100 *
b11101 2
b10100111 :
#19090
b101101 "
b1010010 *
b11100001 2
b10101000 :
#19091
b1011101 "
b11110010 *
b10100111 2
b11111 :
#19092
b11101101 "
b1011100 *
b11100001 2
b10100111 :
b11111111110 B
#19093
b100 "
b11010110 *
b11101 2
b11110 :
#19094
b10001110 "
b11001011 *
b1011000 2
b10100111 :
#19095
b11100010 "
b11100010 *
b11110 2
b11100010 :
b10 B
#19096
b11011010 "
b10010 *
b11100010 2
b0 B
#19097
b1010111 "
b100010 *
b11111 2
b1011000 :
#19098
b1111010 "
b100001 *
b1011011 2
#19099
b11010011 "
b10101110 *
b11100001 2
b10101000 :
b11111111110 B
#19100
b1011101 "
b11110010 *
b1011001 2
b11100001 :
b11111111101 B
#19101
b1011100 "
b10011 *
b11111111110 B
#19102
b100010 "
b1010111 *
b11110 :
#19103
b10 "
b1011110 *
#19104
b11110 "
b11110 *
b11110 2
b11100010 :
b1 B
#19105
b11001011 "
b10001110 *
b10100111 2
b1011001 :
#19106
b11111100 "
b11010110 *
b11100011 2
b11110 :
b0 B
#19107
b11000010 "
b1000110 *
b1011000 2
b11100001 :
#19108
b10011001 "
b10111000 *
b1011010 2
b1010111 :
b11111111110 B
#19109
b1010010 "
b101101 *
b10100111 2
b11100011 :
#19110
b11000010 "
b10111010 *
b1011001 2
b11101 :
b11111111101 B
#19111
b11111100 "
b101010 *
b11100011 2
b11100010 :
b11111111111 B
#19112
b1110010 "
b110101 *
b10101000 2
b1011001 :
#19113
b11110 "
b10100111 *
b1011001 2
b11101 :
b10 B
#19114
b110101 "
b1110010 *
b10101000 2
b1011011 :
b0 B
#19115
b100010 "
b10101001 *
b1010111 2
b11100000 :
b11111111111 B
#19116
b10100100 "
b10011 *
b10100111 2
b11100100 :
b11111111110 B
#19117
b1110 "
b10100011 *
b11101 2
b10100110 :
b11111111100 B
#19118
b1011101 "
b11110010 *
b1011001 2
b11100001 :
b11111111110 B
#19119
b11010111 "
b1011 *
b11100010 2
b11110 :
b11111111111 B
#19120
b101010 "
b100 *
b11110 2
b11100011 :
b11111111110 B
#19121
b11001011 "
b1110010 *
b1011001 2
b1011001 :
b0 B
#19122
b11100010 "
b11110 *
b11110 2
b11110 :
b11 B
#19123
b11111110 "
b1011110 *
b1011000 2
b11100000 :
b0 B
#19124
b101010 "
b11111100 *
b11100001 2
b11100011 :
#19125
b1011 "
b11010111 *
b11100010 2
b11111 :
b11111111100 B
#19126
b100011 "
b11000 *
b11100010 :
b11111111011 B
#19127
b1100111 "
b10111000 *
b10100111 2
b1011001 :
b11111111110 B
#19128
b1000110 "
b11000010 *
b11100010 2
b1011000 :
b0 B
#19129
b10110000 "
b11001111 *
b1011010 2
b11100011 :
#19130
b10100010 "
b10 *
b11110 2
b10100111 :
b1 B
#19131
b11110 "
b11100010 *
b11110 :
#19132
b11001011 "
b10001110 *
b1011000 2
b10100101 :
#19133
b1011 "
b1111101 *
b10101001 2
b1011011 :
b0 B
#19134
b10100100 "
b10011 *
b10100110 2
b11100101 :
b11111111110 B
#19135
b11010011 "
b10101110 *
b11011111 2
b10101000 :
#19136
b1100111 "
b10111000 *
b1010111 2
b10100101 :
b11111111100 B
#19137
b11011111 "
b10000110 *
b10100110 2
b10101000 :
b11111111011 B
#19138
b100 "
b11010110 *
b11100011 2
b11100010 :
b11111111110 B
#19139
b1011110 "
b11111110 *
b11111 2
b10100111 :
#19140
b1011001 "
b11100010 *
b11100011 2
b10 B
#19141
b11001011 "
b10001110 *
b10100110 2
b1011000 :
#19142
b1010111 "
b100010 *
b11100010 2
b10100111 :
b1 B
#19143
b1011 "
b11010111 *
b11111 :
b10 B
#19144
b1110 "
b10100011 *
b11100100 2
b1011010 :
b11111111111 B
#19145
b10101110 "
b11010011 *
b1011001 2
b11011 :
b11111111110 B
#19146
b1011 "
b101001 *
b11100010 2
b11100011 :
#19147
b10000011 *
b1011010 2
b1011000 :
b11111111101 B
#19148
b10010 "
b11011010 *
b11110 2
b11101 :
#19149
b11100010 "
b11100010 *
b11100010 :
b11111111110 B
#19150
b10110111 "
b11000101 *
b10101000 :
b11111111101 B
#19151
b1111101 "
b11110101 *
b1011000 2
b1011001 :
b0 B
#19152
b10100100 "
b10011 *
b10100111 2
b11100010 :
b1 B
#19153
b1110 "
b10100011 *
b11101 2
b10100110 :
b0 B
#19154
b10100011 "
b1110 *
b10100111 2
b11111 :
b1 B
#19155
b1111010 "
b11011111 *
b1010111 2
b10100100 :
b11111111111 B
#19156
b10101001 "
b100010 *
b11100101 2
b1011001 :
b11111111110 B
#19157
b10100010 "
b10 *
b11100100 2
b1011010 :
b11111111101 B
#19158
b10100111 "
b11100010 *
b11100011 2
b1011001 :
#19159
b111011 "
b10110111 *
b10100111 2
b11100011 :
b11111111110 B
#19160
b11011110 "
b1010111 *
b1011001 2
b11100010 :
b11111111111 B
#19161
b11011111 "
b1111010 *
b10100110 :
#19162
b10011001 "
b10111000 *
b1011000 :
#19163
b100011 "
b11101000 *
b11100011 2
b11111 :
b0 B
#19164
b1011100 "
b10011 *
b10100111 2
b11111111111 B
#19165
b11110101 "
b1111101 *
b10100110 2
b10101000 :
b11111111100 B
#19166
b1001001 "
b11000101 *
b11110 2
b1011000 :
b11111111110 B
#19167
b11100010 "
b11110 *
b11100010 2
b11100010 :
#19168
b11000101 "
b1001001 *
b10100111 2
b11100001 :
b11111111111 B
#19169
b1011 "
b1111101 *
b1011000 :
b0 B
#19170
b10100100 "
b10011 *
b11100010 :
b10 B
#19171
b10011001 "
b10111000 *
b10101000 :
b1 B
#19172
b11110010 "
b10100011 *
b11100000 2
b10100111 :
#19173
b11011111 "
b10000110 *
b10100100 2
b10101001 :
b11111111111 B
#19174
b110001 "
b10110000 *
b11011111 2
b10101000 :
b11111111101 B
#19175
b11000101 "
b10110111 *
b10101001 2
b100001 :
b11111111100 B
#19176
b10100111 "
b1011001 *
b1011010 2
b1011000 :
b11111111011 B
#19177
b10100010 "
b11111110 *
b11110 2
b1011001 :
#19178
b101010 "
b11111100 *
b11100010 2
b11100011 :
b11111111110 B
#19179
b11101101 "
b10100100 *
b11100001 2
b1011001 :
b11111111111 B
#19180
b1010010 "
b11010011 *
b10100111 2
b11101 :
b11111111101 B
#19181
b1011101 "
b11110010 *
b10100110 2
b10 B
#19182
b11011111 "
b10000110 *
b1011001 2
b1011010 :
b1 B
#19183
b11011110 "
b10101001 *
b11110 :
#19184
b11000101 "
b10110111 *
b1011000 2
b11100000 :
b0 B
#19185
b11100010 "
b10100111 *
b1011001 2
b11100001 :
b1 B
#19186
b110101 "
b1110010 *
b10101001 2
b1011011 :
b11111111100 B
#19187
b11011110 "
b1010111 *
b10101000 2
b11111 :
b11111111110 B
#19188
b1011 "
b11010111 *
b11110 2
b11100001 :
#19189
b1011101 "
b1110 *
b1011010 2
b11110 :
#19190
b10011001 "
b1001000 *
b10100111 2
b1011001 :
#19191
b10111010 "
b111110 *
b11100010 2
b1011000 :
b0 B
#19192
b110001 "
b10110000 *
b11100011 2
b10100110 :
#19193
b11001011 "
b1110010 *
b1011001 2
b1011001 :
b1 B
#19194
b10100111 "
b10100111 *
b10101000 2
b1011010 :
#19195
b10010 "
b100110 *
b11101 2
b11100001 :
b0 B
#19196
b101010 "
b11111100 *
b11100001 2
b11100011 :
b11111111111 B
#19197
b1011 "
b11010111 *
b11100010 2
b11111 :
b11111111100 B
#19198
b11110010 "
b1011101 *
b11101 2
b10100110 :
b11111111011 B
#19199
b1110 "
b11100010 2
b11111111110 B
#19200
b1111010 "
b11011111 *
b10100110 2
b1011001 :
b11111111111 B
#19201
b11011110 "
b10101001 *
b1011001 2
b11110 :
b0 B
#19202
b111011 "
b1001001 *
b10101000 2
b1 B
#19203
b10100111 "
b10100111 *
b1011000 2
b10100110 :
#19204
b111011 "
b10110111 *
b1011001 2
b11101 :
b11111111111 B
#19205
b11011110 "
b1010111 *
b10101001 2
b11111 :
#19206
b11010111 "
b11110101 *
b11100001 2
b11100010 :
#19207
b100011 "
b11000 *
b11111 2
b11101 :
b11111111101 B
#19208
b10101110 "
b11010011 *
b10100110 2
b11100100 :
#19209
b11000010 "
b10111010 *
b10100111 2
b11111111011 B
#19210
b10101001 "
b100010 *
b11100010 2
b1011001 :
b11111111110 B
#19211
b11000101 "
b10110111 *
b10101000 2
b11110 :
#19212
b11110 "
b1011001 *
b1011001 2
b11100011 :
b1 B
#19213
b100110 "
b11101110 *
b11100010 2
b11100010 :
b11111111111 B
#19214
b10101001 "
b11011110 *
b11110 2
b1011001 :
b1 B
#19215
b1111010 "
b100001 *
b10100101 2
b10101000 :
b0 B
#19216
b10011001 "
b10111000 *
b1011010 2
b1010111 :
b11111111111 B
#19217
b10101110 "
b11010011 *
b11100 :
b11111111101 B
#19218
b11101101 "
b1011100 *
b11100001 2
b10100111 :
#19219
b110001 "
b10110000 *
b11111 2
b1011001 :
b11111111110 B
#19220
b10100010 "
b10 *
b11110 2
b10100111 :
#19221
b11100010 "
b1011001 *
b10100111 2
b11100010 :
#19222
b110101 "
b1110010 *
b10100110 2
b1011000 :
b1 B
#19223
b101010 "
b11111100 *
b11110 2
b11101 :
#19224
b10111010 "
b11000010 *
b11100001 2
b10101000 :
b10 B
#19225
b10100011 "
b11110010 *
b10100110 2
b11100100 :
b11111111101 B
#19226
b1100111 "
b10111000 *
b1010111 2
b10100101 :
b11111111110 B
#19227
b11110101 "
b11010111 *
b11100010 2
b11100011 :
#19228
b11001111 "
b1010000 *
b11111 2
b1011001 :
#19229
b11111110 "
b10100010 *
b10100111 2
b11100010 :
b11111111101 B
#19230
b10100111 "
b11110 *
b11110 2
b1011001 :
b11111111110 B
#19231
b10 "
b10100010 *
b10100110 2
b11110 :
b1 B
#19232
b1111101 "
b11110101 *
b10100111 2
b10100111 :
b11111111111 B
#19233
b11101101 "
b10100100 *
b11100011 2
b1011001 :
b0 B
#19234
b11110010 "
b1011101 *
b11101 2
b10100110 :
#19235
b11010011 "
b1010010 *
b10100111 :
b11111111111 B
#19236
b10100100 "
b11101101 *
b1011001 2
b11100001 :
#19237
b11010110 "
b11111100 *
b11110 2
b11100011 :
#19238
b110101 "
b10001110 *
b1011011 2
b1010111 :
b11111111110 B
#19239
b10100111 "
b10100111 *
b1011000 2
b10100110 :
b11 B
#19240
b1001001 "
b111011 *
b11100100 2
b1011010 :
b11111111101 B
#19241
b10000011 "
b1011 *
b10100101 2
b10101001 :
b11111111111 B
#19242
b11000010 "
b1000110 *
b10101000 2
b100000 :
b11111111110 B
#19243
b1110 "
b10100011 *
b11100 2
b10100110 :
b11111111101 B
#19244
b11110010 "
b11100000 2
b10100111 :
b11111111100 B
#19245
b111110 "
b1000110 *
b1011001 2
b11101 :
b11111111110 B
#19246
b1010111 "
b11011110 *
b11110 2
b10100111 :
b11111111101 B
#19247
b11001011 "
b1110010 *
b1011001 2
b1011001 :
b11111111111 B
#19248
b11100010 "
b10100111 *
b10100111 2
b11110 :
b1 B
#19249
b10 "
b10100010 *
b11111 :
b0 B
#19250
b10101001 "
b11011110 *
b11110 2
b1011000 :
b11111111111 B
#19251
b11101101 "
b10100100 *
b11100100 2
b1011010 :
b11111111110 B
#19252
b101101 "
b1010010 *
b11100001 2
b10101000 :
b11111111111 B
#19253
b10100011 "
b1110 *
b1011001 2
b11100001 :
b11111111110 B
#19254
b1011100 "
b10011 *
b10100111 2
b11111 :
#19255
b101010 "
b100 *
b11100010 2
b11101 :
#19256
b10010 "
b11011010 *
b11110 2
b11110 :
#19257
b10100111 "
b11110 *
b11100011 2
b10100111 :
b11 B
#19258
b11101110 "
b11011010 *
b11110 2
b11100010 :
b0 B
#19259
b1111101 "
b11110101 *
b1011010 2
b1011000 :
b1 B
#19260
b101001 "
b1011 *
b11111 2
b11110 :
b0 B
#19261
b11110010 "
b1011101 *
b11100100 2
b1011010 :
b11111111110 B
#19262
b10111000 "
b10011001 *
b10100101 2
b10101001 :
b11111111101 B
#19263
b101001 "
b11110101 *
b11101 2
b11100010 :
b11111111110 B
#19264
b100 "
b11010110 *
b11100011 2
b11111111101 B
#19265
b10 "
b1011110 *
b1011001 2
b11110 :
b11111111110 B
#19266
b11100010 "
b11100010 *
b11100010 2
b10 B
#19267
b10110111 "
b11000101 *
b11100011 2
b1011001 :
b1 B
#19268
b1011 "
b1111101 *
b1010111 2
b10100110 :
b0 B
#19269
b1000110 "
b111110 *
b11100001 2
b10101001 :
b11111111111 B
#19270
b10100011 "
b11110010 *
b1011010 2
b11100 :
b11111111110 B
#19271
b1110 "
b1011101 *
b11100000 2
b10100111 :
b11111111101 B
#19272
b10011 "
b10100100 *
b11111 2
b1011001 :
b11111111110 B
#19273
b1010000 "
b110001 *
b10100111 2
b11111 :
b11111111101 B
#19274
b1110010 "
b110101 *
b10101000 2
b1011001 :
b11111111110 B
#19275
b1011001 "
b11100010 *
b11110 2
#19276
b111011 "
b10110111 *
b1011001 2
b11111 :
b0 B
#19277
b100010 "
b10101001 *
b11100010 :
b11111111111 B
#19278
b11101101 "
b10100100 *
b11110 2
b10100110 :
b10 B
#19279
b10011001 "
b10111000 *
b10100111 2
b10101000 :
b11111111111 B
#19280
b1100111 "
b1011000 2
b10100110 :
b0 B
#19281
b1011100 "
b10011 *
b1011001 2
b11100001 :
b11111111111 B
#19282
b10101001 "
b100010 *
b11100100 2
b1011010 :
#19283
b10001110 "
b11001011 *
b10101001 2
b1011011 :
b11111111110 B
#19284
b10100111 "
b11100010 *
b11100011 2
b1011001 :
#19285
b1110010 "
b11001011 *
b10100110 2
b10101000 :
#19286
b11110101 "
b10000011 *
b10100111 2
b1011001 :
b11111111111 B
#19287
b1111010 "
b100001 *
b10100110 2
b10100111 :
b11111111110 B
#19288
b1010010 "
b11010011 *
b10100111 2
b11110 :
b0 B
#19289
b11010011 "
b1010010 *
b11101 2
b10100111 :
b11111111111 B
#19290
b1011100 "
b10011 *
b10100111 2
b11111 :
#19291
b10110000 "
b11001111 *
b1011001 2
b11100001 :
#19292
b100110 "
b10010 *
b11100011 2
b11110 :
b11111111110 B
#19293
b1011001 "
b1011001 *
b10101000 2
b1011010 :
#19294
b10001110 "
b110101 *
b10100111 2
b10100111 :
#19295
b11011110 "
b1010111 *
b11110 :
b11111111111 B
#19296
b101001 "
b1011 *
b11111 2
b0 B
#19297
b11011101 "
b11101000 *
b11100010 2
b11100010 :
b11111111111 B
#19298
b1011101 "
b11110010 *
b1011001 2
b11100001 :
b11111111101 B
#19299
b10011 "
b10100100 *
b11100010 2
b10100110 :
b0 B
#19300
b1011 "
b10000011 *
b10100111 2
b10101000 :
b11111111110 B
#19301
b10100010 "
b10 *
b11100010 2
b1011001 :
b0 B
#19302
b10100111 "
b11110 *
b11110 2
b11111111111 B
#19303
b10110111 "
b11000101 *
b11100010 2
b1011000 :
b1 B
#19304
b1010000 "
b11001111 *
b10100111 2
b11100011 :
b11111111111 B
#19305
b11101101 "
b10100100 *
b11100100 2
b1011010 :
b1 B
#19306
b100011 "
b11000 *
b11100001 2
b11100011 :
b11111111111 B
#19307
b1110 "
b1011101 *
b11011111 2
b10101000 :
b11111111110 B
#19308
b100001 "
b1111010 *
b10100101 2
b10101001 :
b11111111011 B
#19309
b100 "
b11010110 *
b11101 2
b11110 :
#19310
b1011110 "
b11111110 *
b11100010 2
b1011001 :
b11111111101 B
#19311
b11110 "
b1011001 *
b10100111 2
b11101 :
b10 B
#19312
b10001110 "
b110101 *
b10100111 :
b1 B
#19313
b100 "
b101010 *
b11100011 2
b11111 :
#19314
b11011111 "
b1111010 *
b10101000 2
b1011011 :
b0 B
#19315
b101101 "
b1010010 *
b100001 2
b1011000 :
b11111111100 B
#19316
b1011101 "
b11110010 *
b1011001 2
b11100001 :
b11111111110 B
#19317
b100001 "
b1111010 *
b1011010 2
b1011000 :
b11111111011 B
#19318
b1010111 "
b11011110 *
b11110 2
b10100111 :
b11111111110 B
#19319
b11101110 "
b100110 *
b11110 :
#19320
b11100010 "
b11110 *
b1 B
#19321
b11000101 "
b1001001 *
b1011001 2
b11111 :
b0 B
#19322
b1010111 "
b100010 *
b11100010 2
b10100111 :
#19323
b11010111 "
b11110101 *
b11111 2
b11110 :
b10 B
#19324
b10101110 "
b101101 *
b1011000 2
b11100001 :
b11111111111 B
#19325
b11010011 "
b1010010 *
b11101 2
b10100111 :
b11111111101 B
#19326
b11000010 "
b10111010 *
b1011001 2
b11101 :
b11111111110 B
#19327
b11010110 "
b11111100 *
b11110 2
b11100011 :
b11111111111 B
#19328
b1001001 "
b11000101 *
b1011000 :
#19329
b11100010 "
b11100010 *
b11100010 :
b11 B
#19330
b10100010 "
b11111110 *
b11011111 2
b10101000 :
b11111111111 B
#19331
b1111101 "
b11110101 *
b1011011 2
b1010111 :
b0 B
#19332
b1000110 "
b111110 *
b100000 2
b1011000 :
b11111111011 B
#19333
b11101000 "
b100011 *
b11100011 2
b11110 :
b11111111101 B
#19334
b1001000 "
b1100111 *
b1011010 2
b1010111 :
b11111111100 B
#19335
b1111010 "
b11011111 *
b10100110 :
b11111111110 B
#19336
b101010 "
b100 *
b11110 2
b11100011 :
b11111111101 B
#19337
b11001011 "
b1110010 *
b1011000 2
b1011010 :
b0 B
#19338
b11100010 "
b1011001 *
b1011001 2
b11111 :
b11 B
#19339
b1110010 "
b11001011 *
b10100110 2
b10101000 :
b1 B
#19340
b10101001 "
b11011110 *
b100000 2
b1010111 :
b10 B
#19341
b11110101 "
b101001 *
b11110 2
b11100001 :
b11111111110 B
#19342
b11011101 "
b11101000 *
b11111 2
b11101 :
b11111111100 B
#19343
b1110 "
b1011101 *
b11100001 2
b10100111 :
b11111111110 B
#19344
b11011111 "
b10000110 *
b1011010 2
b1011000 :
b11111111011 B
#19345
b11110101 "
b1111101 *
b10100111 2
b10100111 :
b11111111110 B
#19346
b10100010 "
b10 *
b11111 2
#19347
b10100111 "
b10100111 *
b1011010 2
b10101000 :
b0 B
#19348
b10110111 "
b11000101 *
b100000 2
b10 B
#19349
b100 "
b101010 *
b11100011 2
b11110 :
#19350
b11011111 "
b1111010 *
b10100111 2
b1011010 :
b100 B
#19351
b11011101 "
b11101000 *
b11100001 2
b11100011 :
b11111111110 B
#19352
b11110010 "
b10100011 *
b11100000 2
b10100111 :
b0 B
#19353
b1011100 "
b10011 *
b1011000 2
b11100000 :
b11111111011 B
#19354
b101010 "
b100 *
b11110 2
b11100011 :
b11111111101 B
#19355
b10001110 "
b11001011 *
b10101000 2
b1011001 :
b11111111100 B
#19356
b10100111 "
b11100010 *
b11100001 2
b11 B
#19357
b10010 "
b100110 *
b11110 2
b11100010 :
b0 B
#19358
b1011 "
b1111101 *
b1011000 2
b10100111 :
b10 B
#19359
b11000010 "
b1000110 *
b1010111 2
b11100001 :
b0 B
#19360
b10111000 "
b1100111 *
b1010110 2
b10100101 :
#19361
b1100111 "
b10111000 *
b10101010 2
b1011011 :
b11111111101 B
#19362
b10011 "
b10100100 *
b11111 2
b1011000 :
#19363
b110001 "
b10110000 *
b1011001 :
#19364
b100110 "
b10010 *
b11100011 2
b11110 :
b11111111110 B
#19365
b1011001 "
b11100010 *
b11111 2
b1011001 :
#19366
b10010 "
b100110 *
b11100010 2
b11110 :
#19367
b10101001 "
b11011110 *
b10100111 :
#19368
b1011 "
b11010111 *
b11110 2
b11100011 :
b0 B
#19369
b1001000 "
b10011001 *
b1011010 2
b10101000 :
b11111111111 B
#19370
b11110010 "
b10100011 *
b11100010 2
b10100110 :
b11 B
#19371
b11101101 "
b1011100 *
b11111 2
b1011001 :
b10 B
#19372
b11111100 "
b101010 *
b11101 :
b0 B
#19373
b1011110 "
b11111110 *
b11011 2
b10100110 :
b11111111110 B
#19374
b1011001 "
b10100111 *
b10100101 2
b10101001 :
b11111111011 B
#19375
b11011010 "
b10010 *
b11110 2
b11110 :
b11111111100 B
#19376
b1010000 "
b11001111 *
b10100111 2
b11100010 :
b11111111101 B
#19377
b1111010 "
b100001 *
b10101000 2
b10100110 :
b0 B
#19378
b101101 "
b1010010 *
b11100011 2
b10100111 :
b1 B
#19379
b10111000 "
b10011001 *
b1011010 2
b1011000 :
#19380
b111110 "
b1000110 *
b10100111 2
b11100100 :
#19381
b100010 "
b1010111 *
b11100101 :
b11111111110 B
#19382
b110101 "
b10001110 *
b1011011 2
b1010111 :
#19383
b11110 "
b11110 *
b11100010 2
b11110 :
b11111111101 B
#19384
b11011010 "
b10010 *
b11100010 :
#19385
b1011 "
b1111101 *
b10100111 2
b1011001 :
b0 B
#19386
b11110101 "
b101001 *
b11100010 2
b11111 :
#19387
b11011101 "
b11101000 *
b11100010 :
#19388
b10011001 "
b1001000 *
b10101001 2
b1011010 :
b11111111110 B
#19389
b10111010 "
b111110 *
b11100011 2
b1011001 :
b0 B
#19390
b10110000 "
b11001111 *
b10100111 2
b11111 :
b11111111110 B
#19391
b1001001 "
b11000101 *
b11100010 2
b10101000 :
b11111111111 B
#19392
b11110 "
b11100010 *
b11100010 :
b11111111110 B
#19393
b110101 "
b1110010 *
b1011001 2
b10100111 :
b11111111111 B
#19394
b11001111 "
b10110000 *
b11100011 2
b1011010 :
b0 B
#19395
b11101101 "
b10100100 *
b1011001 :
#19396
b11010011 "
b10101110 *
b11111 2
b1011000 :
b11111111111 B
#19397
b10011001 "
b1001000 *
b1011000 2
b10100110 :
#19398
b1111010 "
b11011111 *
b10101000 2
b1011011 :
b11111111110 B
#19399
b100 "
b11010110 *
b11101 2
b11110 :
b11111111111 B
#19400
b10110111 "
b111011 *
b11100000 2
b10101000 :
b11111111110 B
#19401
b10100111 "
b11100010 *
b11101 2
b10100111 :
b10 B
#19402
b111011 "
b10110111 *
b1011001 2
b11101 :
b11111111100 B
#19403
b101010 "
b11111100 *
b11110 2
b11111111111 B
#19404
b1111010 "
b100001 *
b1011010 2
b1011001 :
#19405
b11101000 "
b100011 *
b11100010 2
b11110 :
b11111111101 B
#19406
b100011 "
b11101000 *
b11110 2
b11100010 :
b11111111111 B
#19407
b10100100 "
b11101101 *
b10100111 2
b11111 :
b0 B
#19408
b1111101 "
b1011 *
b1011000 2
b10100110 :
#19409
b110101 "
b10001110 *
b10100101 2
b10101001 :
b11111111110 B
#19410
b10100111 "
b11100010 *
b11100011 2
b1011001 :
b11111111111 B
#19411
b10001110 "
b110101 *
b1011010 2
b1011000 :
b11111111101 B
#19412
b1010111 "
b100010 *
b11100010 2
b10100111 :
b11111111111 B
#19413
b10011 "
b1011100 *
b11101 2
b11111111110 B
#19414
b10101110 "
b101101 *
b1011001 2
b11100010 :
b11111111111 B
#19415
b11011101 "
b11000 *
b11110 2
#19416
b11010111 "
b1011 *
b11101 2
#19417
b10110000 "
b11001111 *
b1011001 2
b11100001 :
b0 B
#19418
b11011010 "
b11101110 *
b11101 2
b11100010 :
b11111111110 B
#19419
b11110 "
b11100010 *
b11110 2
b11110 :
#19420
b11000101 "
b1001001 *
b10101000 2
b11100010 :
#19421
b10101001 "
b11011110 *
b11100010 2
b10100111 :
b0 B
#19422
b101001 "
b1011 *
b11111 2
b11110 :
b1 B
#19423
b11000 "
b11011101 *
b11110 2
b11100010 :
b11111111111 B
#19424
b100011 *
b11111 2
b11101 :
b11111111101 B
#19425
b11110101 "
b11010111 *
b11100010 2
b11100011 :
b0 B
#19426
b11010110 "
b11111100 *
b11101 :
b11111111011 B
#19427
b10001110 "
b11001011 *
b10100111 2
b1011001 :
b11111111101 B
#19428
b10100111 "
b10100111 *
b10100110 2
b1011000 :
b11 B
#19429
b11111110 "
b1011110 *
b1011001 2
b11100001 :
b0 B
#19430
b10000011 "
b1011 *
b1011000 :
b10 B
#19431
b11000010 "
b1000110 *
b1010111 2
b11100001 :
b11111111110 B
#19432
b1010010 "
b11010011 *
b10101000 2
b11111 :
b11111111111 B
#19433
b11101000 "
b11011101 *
b11111 2
b11101 :
b11111111101 B
#19434
b11110101 "
b11010111 *
b11110 2
b11111111110 B
#19435
b10110000 "
b11001111 *
b1011001 2
b11100001 :
b11111111011 B
#19436
b100110 "
b10010 *
b11100010 2
b11110 :
b11111111101 B
#19437
b11110 "
b1011001 *
b10100111 2
b11101 :
b11111111110 B
#19438
b10100010 "
b11111110 *
b11100011 2
b10100110 :
b0 B
#19439
b11010110 "
b100 *
b11100010 2
b11100011 :
b1 B
#19440
b1111010 "
b100001 *
b1011010 2
b1011010 :
#19441
b1010010 "
b11010011 *
b1011000 2
b11100001 :
b11111111101 B
#19442
b1100111 "
b10111000 *
b10100110 :
b0 B
#19443
b1011100 "
b10011 *
b1011001 2
b11100001 :
b11111111110 B
#19444
b101010 "
b100 *
b11110 2
b11100011 :
b11111111111 B
#19445
b1110010 "
b110101 *
b1011000 2
b10100111 :
b11111111110 B
#19446
b11110 "
b10100111 *
b10100111 2
b11100010 :
b11 B
#19447
b10100010 "
b11111110 *
b100000 2
b1011000 :
b0 B
#19448
b101010 "
b11111100 *
b11100001 2
b11100011 :
b1 B
#19449
b11000010 "
b1000110 *
b1011000 2
b11100000 :
b11111111100 B
#19450
b100011 "
b11000 *
b11100010 2
b11100011 :
b11111111011 B
#19451
b1001000 "
b1100111 *
b10100110 2
b10101000 :
b11111111100 B
#19452
b1000110 "
b11000010 *
b11100010 2
b1011000 :
b11111111101 B
#19453
b100010 "
b1010111 *
b10101000 2
b11100001 :
b11111111110 B
#19454
b10 "
b1011110 *
b11100000 :
b1 B
#19455
b1011001 "
b11100010 *
b11101 2
b1011001 :
b10 B
#19456
b10001110 "
b110101 *
b10100111 2
b10100111 :
b100 B
#19457
b11001111 "
b10110000 *
b11100 2
b1 B
#19458
b11010111 "
b11110101 *
b11100001 2
b11100010 :
b0 B
#19459
b1100111 "
b1001000 *
b1011100 2
b1010101 :
b11111111110 B
#19460
b10100011 "
b1110 *
b10101000 2
b100001 :
b11111111101 B
#19461
b1011100 "
b10011 *
b1011000 2
b11100000 :
b11111111010 B
#19462
b100010 "
b1010111 *
b1011001 2
b11110 :
b11111111011 B
#19463
b1001001 "
b11000101 *
b11100011 2
b10100111 :
b11111111100 B
#19464
b10100111 "
b11100010 *
b11100000 2
b1011000 :
b1 B
#19465
b11001011 "
b10001110 *
b10100101 2
b1010111 :
#19466
b11011110 "
b1010111 *
b1011001 2
b11100010 :
b100 B
#19467
b10111010 "
b11000010 *
b11111 2
b1011000 :
b11 B
#19468
b1011101 "
b1110 *
b10100110 2
b11100101 :
b11111111111 B
#19469
b11110010 *
b10101000 2
b100010 :
b11111111110 B
#19470
b10000110 "
b100001 *
b1010111 2
b10100100 :
b11111111100 B
#19471
b11011110 "
b10101001 *
b1011001 2
b11101 :
b11111111010 B
#19472
b10001110 "
b11001011 *
b10100111 :
b11111111101 B
#19473
b11110 "
b11110 *
b11100010 2
b11110 :
b11111111111 B
#19474
b111011 "
b10110111 *
b1011001 2
b11111 :
b0 B
#19475
b1010111 "
b100010 *
b11110 2
b1011001 :
#19476
b100001 "
b10000110 *
b1011010 2
b10100110 :
b10 B
#19477
b10111000 "
b1100111 *
b10101000 2
b1011001 :
b11111111111 B
#19478
b101101 "
b10101110 *
b11101 2
b10100111 :
b0 B
#19479
b11011111 "
b10000110 *
b10100101 2
b10101000 :
#19480
b1011 "
b10000011 *
b11111111111 B
#19481
b1011110 "
b11111110 *
b11100 2
b10100110 :
b11111111101 B
#19482
b10100111 "
b10100111 *
b10101000 2
b1011010 :
#19483
b11111110 "
b1011110 *
b1011001 2
b11100001 :
b11111111110 B
#19484
b110001 "
b1010000 *
b11101 2
b10100110 :
b11111111111 B
#19485
b1000110 "
b111110 *
b11100010 2
b10101000 :
b11111111110 B
#19486
b10111000 "
b1100111 *
b1011001 2
b10100111 :
b11111111111 B
#19487
b1001000 "
b10100110 2
b10101000 :
#19488
b1111010 "
b11011111 *
b10101000 2
b1011010 :
b0 B
#19489
b10110000 "
b11001111 *
b1011001 2
b11100001 :
b11111111110 B
#19490
b10100010 "
b10 *
b11110 2
b10100111 :
b11111111111 B
#19491
b10100111 "
b10100111 *
b1011000 2
b10100110 :
b11111111110 B
#19492
b1001001 "
b111011 *
b11100010 2
b1011000 :
b1 B
#19493
b11110101 "
b10000011 *
b1011000 2
b10100110 :
b11111111111 B
#19494
b100001 "
b10000110 *
b10100101 :
b1 B
#19495
b10011001 "
b10111000 *
b10100101 2
b10101010 :
b11111111111 B
#19496
b11011101 "
b11000 *
b11100011 2
b11110 :
b11111111110 B
#19497
b11010111 "
b1011 *
b11111111100 B
#19498
b11111100 "
b101010 *
b11101 2
b11111111110 B
#19499
b11011010 "
b11101110 *
b11100010 2
#19500
b10100111 "
b11110 *
b11110 2
b1011001 :
b10 B
#19501
b10110111 "
b11000101 *
b11100011 2
b0 B
#19502
b101010 "
b11111100 *
b11100010 2
b11100011 :
b11111111111 B
#19503
b11101101 "
b10100100 *
b11100100 2
b1011010 :
#19504
b11010011 "
b10101110 *
b11111 2
b1011000 :
b11111111101 B
#19505
b1010010 *
b11101 2
b10100111 :
b11111111110 B
#19506
b10000110 "
b100001 *
b1011000 2
b10100110 :
#19507
b11111100 "
b101010 *
b11100011 2
b11100010 :
b11111111111 B
#19508
b11101110 "
b100110 *
b11100010 2
#19509
b10100111 "
b10100111 *
b1011000 2
b10100110 :
b10 B
#19510
b111011 "
b10110111 *
b1011001 2
b11101 :
b0 B
#19511
b110001 "
b1010000 *
b11100100 2
b1011010 :
b11111111111 B
#19512
b11110101 "
b101001 *
b11100010 2
b11111 :
#19513
b10100011 "
b11110010 *
b10100110 2
b11100100 :
b11111111110 B
#19514
b11101000 "
b11011101 *
b11100001 2
b11100011 :
#19515
b11101101 "
b1011100 *
b11111 2
b1011001 :
#19516
b1111101 "
b1011 *
b1011000 2
b10100110 :
b11111111011 B
#19517
b10 "
b1011110 *
b1011001 2
b11110 :
b11111111110 B
#19518
b11110 "
b10100111 *
b10100111 2
b11100001 :
b11111111111 B
#19519
b10 "
b10100010 *
b10100110 2
b11110 :
b1 B
#19520
b100010 "
b10101001 *
b10100111 2
b10 B
#19521
b10111010 "
b11000010 *
b11111 2
b1011000 :
b0 B
#19522
b1001000 "
b10011001 *
b10101001 2
b1011010 :
b11111111111 B
#19523
b1100111 *
b10100101 2
b10101001 :
b11111111110 B
#19524
b100001 "
b1111010 *
b10101000 :
#19525
b11010110 "
b11111100 *
b11110 2
b11100011 :
b11111111101 B
#19526
b11101110 "
b100110 *
b11100010 2
b11100010 :
#19527
b11110 "
b1011001 *
b10100111 2
b11110 :
b11 B
#19528
b11000101 "
b1001001 *
b11100011 :
b0 B
#19529
b11110101 "
b10000011 *
b1010111 2
b10100110 :
b11111111111 B
#19530
b10100100 "
b10011 *
b10100111 2
b11100100 :
#19531
b1010010 "
b11010011 *
b1011000 2
b11011111 :
b11111111110 B
#19532
b1110 "
b1011101 *
b100000 2
b1011001 :
#19533
b1011100 "
b10011 *
b1011001 2
b11100001 :
b11111111011 B
#19534
b1010111 "
b11011110 *
b11110 2
b10100111 :
b11111111101 B
#19535
b1110010 "
b110101 *
b1011001 2
b11111111110 B
#19536
b10100111 "
b10100111 *
b10100110 2
b1011000 :
b1 B
#19537
b10010 "
b100110 *
b11110 2
b11100010 :
b0 B
#19538
b100 "
b101010 *
b11101 2
b10 B
#19539
b1011100 "
b11101101 *
b10100111 2
b11100100 :
b0 B
#19540
b1010010 "
b11010011 *
b10101000 2
b11111 :
b11111111110 B
#19541
b10100011 "
b1110 *
b1011001 2
b11100001 :
#19542
b11011111 "
b10000110 *
b1011010 2
b1011000 :
#19543
b11010110 "
b11111100 *
b11110 2
b11100011 :
#19544
b11000101 "
b10110111 *
b1011000 2
b11100010 :
#19545
b11110 "
b11100010 *
b11110 2
b11110 :
b11 B
#19546
b1011110 "
b10 *
b11111 2
b1011001 :
b11111111111 B
#19547
b10000011 "
b1011 *
b10100110 2
b10101000 :
b0 B
#19548
b101001 "
b11111 2
b11110 :
b11111111110 B
#19549
b1110 "
b10100011 *
b11101 2
b10100110 :
#19550
b10101110 "
b11010011 *
b10100111 2
b11100011 :
b11111111101 B
#19551
b11101101 "
b1011100 *
b11110 2
b1011001 :
b11111111111 B
#19552
b10000011 "
b11110101 *
b10101000 2
#19553
b10001110 "
b11001011 *
#19554
b11100010 "
b11100010 *
b11100010 2
b11110 :
b0 B
#19555
b11001011 "
b10001110 *
b10101000 2
b1011010 :
#19556
b11011110 "
b1010111 *
b1011000 2
b11100010 :
#19557
b11101101 "
b10100100 *
b11100100 2
b1011010 :
b11111111111 B
#19558
b10101110 "
b101101 *
b1011000 2
b11100001 :
#19559
b11010011 "
b1010010 *
b11100 2
b10100110 :
b11111111110 B
#19560
b11110101 "
b11010111 *
b11110 2
b11101 :
#19561
b11111100 "
b101010 *
b11100011 2
b11100010 :
#19562
b10 "
b1011110 *
b10100111 2
b11111111101 B
#19563
b11100010 "
b11110 *
b11100010 2
b10 B
#19564
b10001110 "
b110101 *
b10100110 2
b10101000 :
b1 B
#19565
b10110000 "
b110001 *
b10100111 2
b11100100 :
b0 B
#19566
b111110 "
b10111010 *
b1011000 2
b11100001 :
b11111111110 B
#19567
b11010011 "
b10101110 *
b11100001 2
b10101000 :
#19568
b11101000 "
b11011101 *
b11100010 :
#19569
b1011100 "
b10011 *
b1011001 2
b11100001 :
#19570
b110001 "
b10110000 *
b11100010 2
b10100111 :
b11111111101 B
#19571
b11111110 "
b10100010 *
b10100111 2
b11100010 :
b11111111110 B
#19572
b1011001 "
b11100010 *
b11100011 2
b10100111 :
b11111111111 B
#19573
b1011110 "
b10 *
b11100010 2
b10100110 :
b1 B
#19574
b11011110 "
b1010111 *
b1011001 2
b11100010 :
#19575
b11101101 "
b10100100 *
b11100100 2
b1011010 :
b0 B
#19576
b1011101 "
b1110 *
b10100110 2
b11100011 :
b11111111111 B
#19577
b101101 "
b10101110 *
b11100100 2
b1011010 :
b11111111110 B
#19578
b10100100 "
b11101101 *
b1011001 2
b11100001 :
b11111111111 B
#19579
b11001111 "
b1010000 *
b11100001 2
b10100111 :
b11111111110 B
#19580
b10110111 "
b111011 *
b11100000 2
b10101000 :
#19581
b11100010 "
b1011001 *
b10100111 2
b11100011 :
#19582
b11011010 "
b10010 *
b11100010 2
b11100010 :
b11111111100 B
#19583
b1011 "
b1111101 *
b10100110 2
b1011000 :
b11111111111 B
#19584
b11110101 "
b101001 *
b11100010 2
b11101 :
b0 B
#19585
b1110 "
b10100011 *
b11111 2
b10100111 :
b10 B
#19586
b1010010 "
b101101 *
b1011001 2
b11101 :
b11 B
#19587
b111110 "
b1000110 *
b1011010 2
b11100 :
b10 B
#19588
b100 "
b11010110 *
b11100001 2
b11100011 :
b11111111111 B
#19589
b11000101 "
b10110111 *
b10101000 2
b100010 :
b11111111110 B
#19590
b10100111 "
b1011001 *
b1011100 2
b1010110 :
b11111111011 B
#19591
b1110010 "
b11001011 *
b10100110 2
b10101001 :
b11111111010 B
#19592
b10101001 "
b11011110 *
b11110 2
b1011001 :
b11111111011 B
#19593
b111110 "
b10111010 *
b10100111 2
b11100 :
b11111111101 B
#19594
b11110010 "
b1011101 *
b100000 2
b10100111 :
b11111111111 B
#19595
b10100011 *
b11101 2
b1011010 :
b10 B
#19596
b10000110 "
b100001 *
b1011010 2
b10100111 :
b11 B
#19597
b11011110 "
b10101001 *
b1011001 2
b11101 :
b1 B
#19598
b11001011 "
b1110010 *
b10100101 2
b10101001 :
#19599
b11110 "
b11100010 *
b11111 2
b11101 :
b11111111111 B
#19600
b11000101 "
b1001001 *
b10100110 2
b11100100 :
b11111111101 B
#19601
b11011110 "
b1010111 *
b10101000 2
b100000 :
b11111111011 B
#19602
b100001 "
b10000110 *
b1011000 2
b10100101 :
b11111111110 B
#19603
b1010010 "
b11010011 *
b11100001 :
b11111111100 B
#19604
b10101110 "
b10100111 2
b11100010 :
b11111111110 B
#19605
b10111010 "
b111110 *
b11100010 2
b1011000 :
#19606
b11110101 "
b1111101 *
b1011000 2
b1011010 :
b1 B
#19607
b10110111 "
b111011 *
b11110 2
b1011000 :
#19608
b1011001 "
b11110 *
b11101 2
b10100111 :
#19609
b11000101 "
b1001001 *
b1011001 2
b11101 :
b11111111111 B
#19610
b101010 "
b11111100 *
b11100001 2
b11100011 :
#19611
b11000010 "
b1000110 *
b1010111 2
b11100001 :
#19612
b100011 "
b11000 *
b11100001 2
b11100011 :
b11111111011 B
#19613
b11010011 "
b1010010 *
b11101 2
b10100111 :
b11111111101 B
#19614
b111110 "
b1000110 *
b10100111 2
b11100011 :
b11111111011 B
#19615
b101010 "
b100 *
b11100010 2
b11101 :
b11111111111 B
#19616
b110101 "
b10001110 *
b1011001 2
b1011001 :
#19617
b10100111 "
b1011001 *
b10100111 2
b10100111 :
b11 B
#19618
b111011 "
b10110111 *
b1011001 2
b11101 :
b0 B
#19619
b11010110 "
b100 *
b11100001 2
b11100011 :
#19620
b11010111 "
b11110101 *
b11100010 :
b11111111111 B
#19621
b1010010 "
b11010011 *
b1011000 2
b11011111 :
b11111111011 B
#19622
b10011001 "
b1001000 *
b10101001 2
b1011010 :
b11111111101 B
#19623
b1111010 "
b11011111 *
b1011000 2
b10100110 :
b11111111011 B
#19624
b10110000 "
b11001111 *
b10100110 2
b11101 :
b11111111110 B
#19625
b11011010 "
b11101110 *
b11100010 2
b11110 :
b11111111111 B
#19626
b10100111 "
b11110 *
b11101 2
b1011001 :
b1 B
#19627
b11111110 "
b1011110 *
b1011001 2
b11100010 :
b0 B
#19628
b1010111 "
b100010 *
b11100010 2
b10100111 :
b1 B
#19629
b11000010 "
b1000110 *
b1011000 2
b11100001 :
b11111111111 B
#19630
b1010010 "
b11010011 *
b10101000 2
b11111 :
#19631
b11011101 "
b11000 *
b11101 2
b11100001 :
b11111111110 B
#19632
b10000110 "
b100001 *
b1011000 2
b10100101 :
#19633
b10110000 "
b11001111 *
b1011001 2
b11100001 :
b11111111100 B
#19634
b11000101 "
b10110111 *
b1011000 2
b11100010 :
b11111111110 B
#19635
b10100111 "
b11110 *
b11100011 2
b10100111 :
#19636
b11011010 "
b10010 *
b11100010 :
b11111111111 B
#19637
b10101001 "
b11011110 *
b10100111 :
b1 B
#19638
b101001 "
b1011 *
b11111 2
b11110 :
b10 B
#19639
b11000 "
b11011101 *
b11110 2
b11100010 :
b1 B
#19640
b1010010 "
b101101 *
b1011010 2
b11100 :
b11111111101 B
#19641
b111110 "
b1000110 *
b1011001 2
b0 B
#19642
b1010000 "
b110001 *
b11100000 :
b11111111110 B
#19643
b1011110 "
b11111110 *
b11101 2
b10100110 :
#19644
b11110 "
b10100111 *
b10100111 2
b11100011 :
b11111111101 B
#19645
b11000101 "
b1001001 *
b1011000 2
b11110 :
b11111111111 B
#19646
b11111100 "
b11010110 *
b11100011 2
#19647
b10011 "
b1011100 *
b11101 2
b10100111 :
b1 B
#19648
b1001000 "
b10011001 *
b10101001 2
b1011010 :
b11111111110 B
#19649
b1010010 "
b101101 *
b10100111 2
b11100011 :
b11111111111 B
#19650
b11010111 "
b1011 *
b11101 2
b11100010 :
b11111111110 B
#19651
b11001111 "
b1010000 *
b11100001 2
b10100111 :
b11111111111 B
#19652
b110101 "
b10001110 *
b1011011 2
b1010111 :
b11111111110 B
#19653
b11110 "
b11100010 *
b11110 2
b11110 :
#19654
b110101 "
b1110010 *
b10100111 2
b1011001 :
b11111111101 B
#19655
b1010000 "
b11001111 *
b1011001 2
b11110 :
b0 B
#19656
b10111010 "
b11000010 *
b11100010 2
b10100111 :
#19657
b1110 "
b10100011 *
b11110 2
b10100110 :
b1 B
#19658
b100011 "
b11101000 *
b11100001 :
b11111111111 B
#19659
b11000010 "
b10111010 *
b10100111 2
b11100100 :
b0 B
#19660
b1011 "
b10000011 *
b10100101 2
b10101000 :
b11111111110 B
#19661
b11000101 "
b10110111 *
b10101000 2
b100000 :
#19662
b11110 "
b11110 *
b11110 2
b11100010 :
b11111111101 B
#19663
b11001011 "
b10001110 *
b10100111 2
b1011001 :
b11111111100 B
#19664
b10101001 "
b11011110 *
b11101 2
b0 B
#19665
b1000110 "
b111110 *
b11100011 2
b10100111 :
#19666
b11110010 "
b1011101 *
b11111 2
b1 B
#19667
b11011101 "
b11000 *
b11110 2
b11100010 :
#19668
b111110 "
b1000110 *
b10100111 2
b11100100 :
b10 B
#19669
b1010111 "
b11011110 *
b11100101 2
b1011001 :
b0 B
#19670
b11000101 "
b10110111 *
b1011000 2
b11011111 :
b11111111110 B
#19671
b11100010 "
b11110 *
b11100001 2
b11100011 :
b11111111101 B
#19672
b10100010 "
b11111110 *
b11100000 2
b10100111 :
b11111111011 B
#19673
b11011110 "
b1010111 *
b10100111 2
b11110 :
#19674
b1011100 "
b11101101 *
b1011001 2
b11111 :
b11111111101 B
#19675
b11101000 "
b100011 *
b11100001 2
b11101 :
b11111111111 B
#19676
b11110010 "
b10100011 *
b11100011 2
b10100110 :
b10 B
#19677
b10100100 "
b11101101 *
b10100111 2
b11110 :
b101 B
#19678
b101010 "
b100 *
b11101 2
b11100010 :
b1 B
#19679
b11111110 "
b10100010 *
b10100101 2
b11100101 :
b11111111111 B
#19680
b1011001 "
b1011001 *
b1010110 2
b10100100 :
b11111111110 B
#19681
b1110010 "
b11001011 *
b10100100 2
b10101010 :
b11111111100 B
#19682
b110001 "
b1010000 *
b11100 2
b10100111 :
#19683
b1000110 "
b111110 *
b11100010 2
b10101000 :
b11111111011 B
#19684
b11000 "
b11011101 *
b11110 :
b11111111110 B
#19685
b11101000 "
b11110 2
b11111111111 B
#19686
b101001 "
b11110101 *
b11100001 2
b0 B
#19687
b100010 "
b1010111 *
b10100111 2
b11100010 :
#19688
b10 "
b1011110 *
b11 B
#19689
b11110 "
b11100010 *
b11110 2
b11110 :
b1 B
#19690
b10110111 "
b11000101 *
b11100 2
b10100110 :
#19691
b11011110 "
b1010111 *
b10101000 2
b100001 :
b0 B
#19692
b11101101 "
b10100100 *
b11010 2
b10100110 :
b11111111110 B
#19693
b11110010 "
b1011101 *
b11100101 2
b1011010 :
b11111111011 B
#19694
b1001000 "
b1100111 *
b1011011 2
b1010111 :
#19695
b10000110 "
b100001 *
b10101000 2
b1011010 :
b11111111100 B
#19696
b100 "
b11010110 *
b11100011 2
b11100010 :
b11111111101 B
#19697
b10001110 "
b11001011 *
b10100110 2
b1011000 :
b11111111111 B
#19698
b11110 "
b1011001 *
b1011001 2
b11100011 :
b10 B
#19699
b10 "
b10100010 *
b10100111 2
b11110 :
#19700
b1010000 "
b11001111 *
b11100011 :
b1 B
#19701
b11000010 "
b1000110 *
b1010111 2
b11100001 :
b11111111111 B
#19702
b10011001 "
b10111000 *
b1011011 2
b1010110 :
#19703
b11011101 "
b11000 *
b11101 2
b11100010 :
b11111111101 B
#19704
b1011 "
b101001 *
b11100010 2
b11100011 :
b11111111100 B
#19705
b100010 "
b1010111 *
b10100111 2
b11111111110 B
#19706
b10100010 "
b10 *
b11110 2
b10100111 :
b11111111101 B
#19707
b11100010 "
b11100010 *
b11100010 :
b11111111111 B
#19708
b10001110 "
b110101 *
b10100111 2
b10100111 :
b1 B
#19709
b100 "
b101010 *
b11100011 2
b11111 :
b0 B
#19710
b11010111 "
b11110101 *
b11100001 2
b11100010 :
#19711
b10011001 "
b10111000 *
b10100110 2
b10101001 :
b11111111100 B
#19712
b11010011 "
b1010010 *
b11100011 2
b1011001 :
b11111111101 B
#19713
b100001 "
b1111010 *
b1011010 2
#19714
b100010 "
b1010111 *
b1011001 2
b11110 :
b11111111111 B
#19715
b11001011 "
b1110010 *
b1011001 :
#19716
b1011001 "
b11100010 *
b11100010 2
b10100111 :
b1 B
#19717
b10010 "
b100110 *
b11110 2
b11100010 :
b0 B
#19718
b10101001 "
b11011110 *
b1011000 :
b11111111111 B
#19719
b111110 "
b10111010 *
b10101000 2
b11111 :
b0 B
#19720
b11011101 "
b11101000 *
b11110 2
b11101 :
b11111111111 B
#19721
b1001000 "
b1100111 *
b10100101 2
b10101001 :
b11111111110 B
#19722
b10100100 "
b11101101 *
b1011001 2
b11100001 :
b11111111101 B
#19723
b100 "
b11010110 *
b11101 2
b11110 :
#19724
b111011 "
b1001001 *
b10101000 2
b11111111110 B
#19725
b1011001 "
b1011001 *
b10100111 2
b1011001 :
b10 B
#19726
b10010 "
b100110 *
b11100010 2
b11110 :
b11111111111 B
#19727
b10101001 "
b11011110 *
b11100001 2
b10101000 :
b0 B
#19728
b101001 "
b1011 *
b11111 2
b11110 :
#19729
b1100111 "
b1001000 *
b1011010 2
b1010111 :
b11111111110 B
#19730
b11011101 "
b11000 *
b11100011 2
b11111 :
b11111111101 B
#19731
b10111010 "
b111110 *
b1011001 :
#19732
b11001111 "
b1010000 *
b11110 2
b11111111100 B
#19733
b100110 "
b10010 *
b11100010 :
b11111111111 B
#19734
b11100010 "
b11110 *
b11110 :
#19735
b10100010 "
b11111110 *
b1011010 :
b0 B
#19736
b1010111 "
b100010 *
b11100010 2
b10100111 :
#19737
b11011111 "
b1111010 *
b1011010 2
b10100110 :
#19738
b10101110 "
b101101 *
b1011001 2
b11100010 :
b11111111111 B
#19739
b1100111 "
b10111000 *
b10101000 2
b1011010 :
b0 B
#19740
b1111010 "
b11011111 *
b11111111111 B
#19741
b11111100 "
b101010 *
b11100011 2
b11100010 :
#19742
b1110010 "
b110101 *
b10101001 2
b1011011 :
#19743
b11110 "
b11100010 *
b11110 2
b11110 :
b10 B
#19744
b11111110 "
b1011110 *
b10101000 2
b100001 :
b11111111110 B
#19745
b110001 "
b1010000 *
b11100100 2
b1011010 :
b0 B
#19746
b1011 "
b11010111 *
b11110 2
b11100001 :
b11111111011 B
#19747
b10101110 "
b101101 *
b10101000 2
b11111 :
b11111111110 B
#19748
b11110010 "
b10100011 *
b11100001 2
b10100111 :
#19749
b10011 "
b10100100 *
b11100010 2
b10100110 :
#19750
b10000011 "
b11110101 *
b10100111 2
b1011001 :
#19751
b11011010 "
b11101110 *
b11100010 2
b11110 :
b0 B
#19752
b11110 "
b10100111 *
b10100111 2
b11100001 :
#19753
b10010 "
b100110 *
b11110 2
b11100010 :
#19754
b100 "
b101010 *
b11101 2
b10 B
#19755
b11011111 "
b1111010 *
b1011001 2
b10100110 :
b0 B
#19756
b10100011 "
b11110010 *
b1011010 2
b11101 :
b11111111110 B
#19757
b10101110 "
b11010011 *
b1011001 2
b0 B
#19758
b1011 "
b101001 *
b11100010 2
b11100011 :
b11111111111 B
#19759
b100 "
b11010110 *
b11101 2
b11110 :
#19760
b11011010 "
b11101110 *
b11100010 :
b11111111101 B
#19761
b11100010 "
b1011001 *
b10100111 2
b11100011 :
b10 B
#19762
b100110 "
b11101110 *
b11111 2
b11110 :
b11111111110 B
#19763
b101010 "
b11111100 *
b11101 :
b11111111111 B
#19764
b10000110 "
b11011111 *
b10100101 2
b10101000 :
b11111111101 B
#19765
b100011 "
b11000 *
b11110 2
b11110 :
b11111111011 B
#19766
b10101110 "
b11010011 *
b10100111 2
b11100010 :
b11111111101 B
#19767
b11010111 "
b1011 *
b11100001 2
b11110 :
b0 B
#19768
b11001111 "
b1010000 *
b11101 2
b1011010 :
b1 B
#19769
b10 "
b1011110 *
b1011001 2
b11110 :
b11 B
#19770
b1011001 "
b11100010 *
b11100000 2
b10101000 :
b1 B
#19771
b11101110 "
b11011010 *
b11100100 2
b11111 :
#19772
b11010110 "
b100 *
b11111 2
b11100 :
b11111111100 B
#19773
b11101101 "
b10100100 *
b11100101 2
b1011010 :
b11111111010 B
#19774
b10101110 "
b101101 *
b1011000 2
b11100001 :
b11111111001 B
#19775
b1110 "
b1011101 *
b11100011 2
b10100110 :
b11111111100 B
#19776
b1011100 "
b10011 *
b10100111 2
b11011 :
b11111111110 B
#19777
b11001111 "
b1010000 *
b11100101 2
b10100110 :
b1 B
#19778
b11111110 "
b10100010 *
b1011000 2
b100000 :
b11 B
#19779
b10100111 "
b11100010 *
b11110 2
b10100111 :
b100 B
#19780
b10100010 "
b11111110 *
b11100000 2
#19781
b10101001 "
b11011110 *
b11011111 2
b10101000 :
b1 B
#19782
b11011111 "
b1111010 *
b10101011 2
b1011110 :
b11111111101 B
#19783
b1010010 "
b11010011 *
b1010111 2
b11011110 :
b11111111011 B
#19784
b1100111 "
b10111000 *
b1010110 2
b10100101 :
b11111111010 B
#19785
b11101101 "
b1011100 *
b11111 2
b1011001 :
b11111111001 B
#19786
b100010 "
b1010111 *
b1011000 2
b11111 :
b11111111101 B
#19787
b11000101 "
b10110111 *
b10100111 2
b11101 :
b11111111110 B
#19788
b11110 "
b11110 *
b11111 2
b11100011 :
b10 B
#19789
b11000101 "
b1001001 *
b1011000 2
b100000 :
b1 B
#19790
b100 "
b101010 *
b11101 2
b11100010 :
b101 B
#19791
b11101101 "
b10100100 *
b11100101 2
b1011010 :
b100 B
#19792
b11110010 "
b1011101 *
b11010 2
b10100110 :
b11111111110 B
#19793
b10100011 "
b1110 *
b1011000 2
b11011110 :
b11111111100 B
#19794
b10000110 "
b100001 *
b1010111 2
b10100101 :
b11111111011 B
#19795
b110001 "
b10110000 *
b11111 2
b1011001 :
b11111111010 B
#19796
b100110 "
b10010 *
b11100010 2
b11110 :
b11111111110 B
#19797
b10100111 "
b11110 *
b11100011 2
b10100111 :
#19798
b111011 "
b10110111 *
b1011000 2
b100001 :
b0 B
#19799
b1010000 "
b11001111 *
b11111 :
b1 B
#19800
b10000110 "
b11011111 *
b10101000 2
b10100110 :
b101 B
#19801
b101101 "
b1010010 *
b11111 2
b1011000 :
b10 B
#19802
b11011101 "
b11000 *
b11100011 2
b11110 :
b1 B
#19803
b1000110 "
b11000010 *
b11010 2
b10100111 :
b11111111110 B
#19804
b10110000 "
b11001111 *
b10101000 2
b100001 :
#19805
b11000101 "
b10110111 *
b10101001 2
b11111111011 B
#19806
b11100010 "
b11110 *
b11110 2
b11110 :
#19807
b1001001 "
b111011 *
b10101000 :
#19808
b1011 "
b1111101 *
b1011010 2
b0 B
#19809
b10111010 "
b11000010 *
b11101 2
b1011001 :
b1 B
#19810
b11000 "
b11011101 *
b11100010 2
b11110 :
b10 B
#19811
b11101000 "
b11111 2
b11101 :
b1 B
#19812
b11101101 "
b1011100 *
b11100001 2
b10101000 :
b0 B
#19813
b1111101 "
b1011 *
b10101001 2
b1011011 :
b11111111011 B
#19814
b1001001 "
b11000101 *
b100000 2
b1011000 :
b11111111110 B
#19815
b11100010 "
b11100010 *
b11110 2
b11100010 :
#19816
b11000101 "
b1001001 *
b10101000 2
b11111111100 B
#19817
b101010 "
b11111100 *
b11110 2
b11101 :
b0 B
#19818
b11010111 "
b11110101 *
b11100011 2
b11100010 :
b1 B
#19819
b10101110 "
b101101 *
b10100111 2
b11110 :
b11111111101 B
#19820
b10100011 "
b1110 *
b10100110 2
b10 B
#19821
b11010111 "
b1011 *
b11100011 2
b11111111111 B
#19822
b11110101 "
b1111101 *
b1011010 2
b1011000 :
b0 B
#19823
b1011110 "
b11111110 *
b11101 2
b10100110 :
b11111111110 B
#19824
b11100010 "
b11100010 *
b11100010 2
b11110 :
#19825
b11101110 "
b11011010 *
b11111111111 B
#19826
b11001111 "
b10110000 *
b11100011 2
b1011010 :
b0 B
#19827
b1011100 "
b11101101 *
b10100111 2
b11100011 :
#19828
b11110010 "
b1011101 *
b11101 2
b10100110 :
b11111111111 B
#19829
b10011001 "
b1001000 *
b1011000 2
#19830
b11010111 "
b1011 *
b11101 2
b11100010 :
#19831
b101010 "
b100 *
b11100010 2
b11101 :
#19832
b111011 "
b1001001 *
b10101000 2
b100001 :
b11111111110 B
#19833
b11110 "
b1011001 *
b10100111 2
b11111 :
b11 B
#19834
b1110010 "
b11001011 *
b1011100 2
b1010110 :
b11111111011 B
#19835
b1011 "
b1111101 *
b10101001 2
b1011010 :
b11111111110 B
#19836
b10011 "
b1011100 *
b11100100 2
b11111111011 B
#19837
b10111000 "
b1100111 *
b10100111 2
b1011001 :
b11111111110 B
#19838
b11011101 "
b11000 *
b11100010 2
b11110 :
#19839
b11010111 "
b1011 *
b11100001 2
b0 B
#19840
b11111100 "
b101010 *
b11101 2
#19841
b10010 "
b11011010 *
b11100010 2
b11100010 :
b11 B
#19842
b1011001 "
b11100010 *
b11100001 2
b10100111 :
b10 B
#19843
b11001011 "
b10001110 *
b10101001 2
b1011011 :
b0 B
#19844
b110001 "
b1010000 *
b11011 2
b10100110 :
b11111111110 B
#19845
b11000010 "
b1000110 *
b1010111 2
b11100001 :
#19846
b10011001 "
b10111000 *
b1011010 2
b1010111 :
b11111111100 B
#19847
b1001000 *
b1011000 2
b10100110 :
b11111111101 B
#19848
b11101101 "
b1011100 *
b11100010 2
#19849
b10101001 "
b100010 *
b11110 2
b10100111 :
b11111111111 B
#19850
b100110 "
b10010 *
b11100010 2
b11110 :
b0 B
#19851
b11110 "
b11100010 *
b11110 2
b1 B
#19852
b1001001 "
b111011 *
b11100011 2
b1011001 :
b0 B
#19853
b10000011 "
b1011 *
b10100110 2
b10101000 :
#19854
b1011100 "
b11101101 *
b1011010 2
b11100 :
b11111111111 B
#19855
b10101110 "
b101101 *
b10101000 2
b11111 :
b11111111110 B
#19856
b11010011 *
b10100111 2
b11100011 :
#19857
b10000110 "
b100001 *
b10101000 2
b1011010 :
#19858
b1011 "
b10000011 *
b10100111 2
b10101000 :
b11111111111 B
#19859
b100110 "
b10010 *
b11110 2
b11100010 :
#19860
b11110 "
b1011001 *
b1011001 2
b11100001 :
#19861
b110101 "
b1110010 *
b1011000 2
b10100110 :
b0 B
#19862
b11010110 "
b100 *
b11110 2
b11101 :
b11111111110 B
#19863
b1111010 "
b100001 *
b10100110 2
b10100111 :
b11111111111 B
#19864
b11101000 "
b100011 *
b11110 2
b11100010 :
b11111111101 B
#19865
b11011101 *
b11110 :
b11111111111 B
#19866
b1011100 "
b10011 *
b10100111 2
b11111 :
b0 B
#19867
b100 "
b11010110 *
b11101 2
b11110 :
#19868
b100110 "
b10010 *
b11100011 2
b11111111110 B
#19869
b1011001 "
b11110 *
b1011001 :
b10 B
#19870
b10001110 "
b110101 *
b10100101 2
b10101000 :
b11111111110 B
#19871
b100 "
b101010 *
b11100011 2
b11111 :
b11111111111 B
#19872
b11000010 "
b1000110 *
b10101000 2
b11111111101 B
#19873
b100011 "
b11000 *
b11110 2
b11110 :
b11111111100 B
#19874
b10111000 "
b10011001 *
b10100111 2
b10100111 :
b11111111110 B
#19875
b1111010 "
b11011111 *
b1011010 2
b0 B
#19876
b1011 "
b10000011 *
b10100111 2
#19877
b11011010 "
b11101110 *
b11100010 2
b11110 :
b1 B
#19878
b10100111 "
b1011001 *
b1011010 2
b1011000 :
b0 B
#19879
b11111110 "
b1011110 *
b1011001 2
b11100001 :
#19880
b11011110 "
b1010111 *
b1011000 2
b11100010 :
b11111111110 B
#19881
b11110101 "
b101001 *
b11110 2
b11100001 :
#19882
b11110010 "
b1011101 *
b10100110 :
b11111111111 B
#19883
b1100111 "
b10111000 *
b10101000 2
b1011010 :
b11111111110 B
#19884
b10011 "
b10100100 *
b11110 2
b1011001 :
b0 B
#19885
b100010 "
b1010111 *
b10100111 2
b11100010 :
b11111111111 B
#19886
b1110010 "
b110101 *
b10101000 2
b1011001 :
#19887
b1011001 "
b1011001 *
b1011010 :
b1 B
#19888
b10110111 "
b11000101 *
b11101 2
b10100111 :
b0 B
#19889
b10110000 "
b110001 *
b10100111 2
b11100100 :
b11111111111 B
#19890
b111110 "
b10111010 *
b1011000 2
b11100001 :
#19891
b1011101 "
b1110 *
b1011010 2
b11100 :
b11111111110 B
#19892
b10100011 "
b10100111 2
b100000 :
#19893
b11101101 "
b1011100 *
b11111 2
b1011001 :
#19894
b11010110 "
b11111100 *
b11100010 2
b11101 :
b11111111101 B
#19895
b1011110 "
b11111110 *
b11110 2
b10100111 :
b11111111110 B
#19896
b11100010 "
b1011001 *
b1011001 2
b11110 :
b11 B
#19897
b11011010 "
b10010 *
b11111 2
b11101 :
b1 B
#19898
b10000011 "
b1011 *
b1011011 2
b1010111 :
#19899
b1011100 "
b11101101 *
b10100110 2
b11100110 :
b11111111011 B
#19900
b101101 "
b1010010 *
b11011111 2
b10101000 :
b11111111101 B
#19901
b1011101 "
b11110010 *
b10100111 2
b100000 :
b11111111011 B
#19902
b11011111 "
b10000110 *
b1011010 2
b1011000 :
#19903
b1011 "
b10000011 *
b1011001 2
b1011001 :
b11111111101 B
#19904
b10100010 "
b10 *
b11111 2
b10100111 :
b11111111110 B
#19905
b10100111 "
b1011001 *
b10101000 2
b10100110 :
b0 B
#19906
b1001001 "
b111011 *
b11100000 2
b1011000 :
b10 B
#19907
b100010 "
b10101001 *
b1011001 2
b11100010 :
b1 B
#19908
b11110101 "
b101001 *
b11100010 2
b11111 :
b100 B
#19909
b101101 "
b1010010 *
b100001 2
b1011000 :
b11111111111 B
#19910
b1010010 "
b101101 *
b1011001 2
b11011 :
b11111111110 B
#19911
b10100100 "
b11101101 *
b10101000 2
b100000 :
b11111111011 B
#19912
b11011110 "
b10101001 *
b10100111 2
b11100011 :
b11111111101 B
#19913
b10 "
b1011110 *
b1011001 2
b11110 :
b11111111100 B
#19914
b10100111 "
b10100111 *
b10100110 2
b1011000 :
b11111111111 B
#19915
b1011110 "
b10 *
b11100010 2
b10100110 :
b1 B
#19916
b1011 "
b1111101 *
b1011001 2
b10100111 :
b10 B
#19917
b10000110 "
b11011111 *
b1011011 2
b1011000 :
b0 B
#19918
b10111000 "
b1100111 *
b1010111 2
b10100110 :
#19919
b1011101 "
b11110010 *
b10100111 2
b100000 :
b11111111101 B
#19920
b10000110 "
b100001 *
b1011000 2
b10100101 :
b11111111110 B
#19921
b11010110 "
b11111100 *
b11110 2
b11100011 :
b11111111101 B
#19922
b11111110 "
b10100010 *
b1011001 2
b11110 :
b11111111110 B
#19923
b1011001 "
b11110 *
b11100010 2
b1011001 :
b11 B
#19924
b100110 "
b11101110 *
b11111 2
b11110 :
b1 B
#19925
b110001 "
b1010000 *
b11100101 2
b1011010 :
#19926
b10100100 "
b10011 *
b10100110 2
b11100110 :
b11111111101 B
#19927
b1100111 "
b1001000 *
b1011100 2
b1010101 :
b11111111100 B
#19928
b1011101 "
b11110010 *
b1011001 2
b11100000 :
b11111111011 B
#19929
b11101101 "
b1011100 *
b11111 2
b1011001 :
b11111111010 B
#19930
b11010110 "
b11111100 *
b11100001 2
b11101 :
b11111111101 B
#19931
b1011110 "
b11111110 *
b100000 2
b10101000 :
b11111111110 B
#19932
b11110 "
b10100111 *
b10101000 2
b11100000 :
b101 B
#19933
b1001001 "
b111011 *
b11110 2
b10101000 :
b100 B
#19934
b10101001 "
b11011110 *
b100000 2
b1010111 :
#19935
b111110 "
b10111010 *
b10101000 2
b100001 :
b1 B
#19936
b1100111 "
b1001000 *
b10100011 2
b10101100 :
b11111111100 B
#19937
b11000 "
b100011 *
b11100010 2
b11100011 :
b11111111011 B
#19938
b1011100 "
b10011 *
b10101000 2
b11111 :
b11111111001 B
#19939
b101010 "
b100 *
b11100010 2
b11101 :
b11111111101 B
#19940
b11001011 "
b1110010 *
b10100111 2
b10100111 :
b11111111110 B
#19941
b1011001 "
b11100010 *
b11101 2
b1011001 :
b11 B
#19942
b100110 "
b11101110 *
b11110 2
b11110 :
b0 B
#19943
b1111101 "
b11110101 *
b1011010 2
b1011000 :
b1 B
#19944
b11000010 "
b1000110 *
b10101000 2
b11111 :
b0 B
#19945
b11110010 "
b1011101 *
b11100100 2
b1011010 :
b11111111110 B
#19946
b1010010 "
b101101 *
b1011010 2
b11100 :
#19947
b11110101 "
b11010111 *
b11100010 2
b11100011 :
#19948
b1111101 "
b1011 *
b1011000 2
b10100110 :
#19949
b10 "
b1011110 *
b1011001 2
b11110 :
b11111111101 B
#19950
b11110 "
b11110 *
b11110 2
b11100010 :
b11111111111 B
#19951
b10100010 "
b11111110 *
b1011001 :
b1 B
#19952
b100010 "
b10101001 *
b10101000 2
b11110 :
b0 B
#19953
b100001 "
b10000110 *
b1011011 :
b11111111111 B
#19954
b10101110 "
b101101 *
b1011000 2
b11100001 :
#19955
b10100011 "
b1110 *
b1011001 2
b11100000 :
b11111111110 B
#19956
b11101101 "
b1011100 *
b11100001 2
b10100111 :
#19957
b101010 "
b100 *
b11100010 2
b11101 :
b11111111101 B
#19958
b11011010 "
b11101110 *
b11110 2
b11100010 :
b11111111110 B
#19959
b11100010 "
b10100111 *
b1011001 2
b11 B
#19960
b11111110 "
b1011110 *
b10100111 2
b100000 :
b0 B
#19961
b100010 "
b10101001 *
b1010111 2
b11100000 :
b11111111111 B
#19962
b10011 "
b1011100 *
b11100100 2
b1011010 :
b11111111101 B
#19963
b11000 "
b11011101 *
b11101 2
b11100010 :
b11111111100 B
#19964
b11011101 "
b11000 *
b11100010 2
b11110 :
b11111111110 B
#19965
b1000110 "
b11000010 *
b11110 2
b10100111 :
#19966
b101010 "
b100 *
b11100011 :
b0 B
#19967
b10110111 "
b111011 *
b1011000 :
b1 B
#19968
b11110 "
b11100010 *
b11100010 2
b11100010 :
b11 B
#19969
b10 "
b10100010 *
b10101000 2
b100001 :
b11111111111 B
#19970
b10101001 "
b11011110 *
b100001 2
b1011000 :
b0 B
#19971
b1111010 "
b100001 *
b10100100 2
b10101001 :
b11111111011 B
#19972
b1010010 "
b11010011 *
b10101000 2
b11111 :
#19973
b1001000 "
b1100111 *
b10100110 2
b10101000 :
b11111111100 B
#19974
b101001 "
b11110101 *
b11100001 2
b11110 :
b11111111110 B
#19975
b1010000 "
b110001 *
b10100111 2
b11101 :
#19976
b11111110 "
b10100010 *
b1011000 2
b100000 :
b11 B
#19977
b11110 "
b11110 *
b11100010 2
b11110 :
b1 B
#19978
b10001110 "
b110101 *
b10100110 2
b10101000 :
b100 B
#19979
b1111101 "
b11110101 *
b1011011 2
b1010111 :
b0 B
#19980
b1111010 "
b100001 *
b1011100 2
b11111111110 B
#19981
b10011001 "
b10111000 *
b10100101 2
b10101010 :
b11111111101 B
#19982
b101101 "
b10101110 *
b11100 2
b10100110 :
b11111111100 B
#19983
b11000010 "
b10111010 *
b10100111 2
b11100011 :
#19984
b11011110 "
b10101001 *
b11100010 :
b11111111110 B
#19985
b11001011 "
b1110010 *
b1011000 2
b1011010 :
b11111111111 B
#19986
b10100111 "
b1011001 *
b1 B
#19987
b10 "
b10100010 *
b10100111 2
b11110 :
#19988
b10110000 "
b110001 *
b1011001 2
b11101 :
#19989
b1000110 "
b111110 *
b11100001 2
b10101001 :
b11111111111 B
#19990
b100011 "
b11000 *
b11100011 :
#19991
b1100111 "
b10111000 *
b10101010 2
b1011011 :
b11111111101 B
#19992
b11101101 "
b1011100 *
b11100001 2
b10101000 :
b11111111011 B
#19993
b11011110 "
b10101001 *
b1011001 2
b11101 :
b11111111101 B
#19994
b10010 "
b11011010 *
b11110 2
b11110 :
b11111111110 B
#19995
b10100111 "
b10100111 *
b1011001 2
b10100111 :
b11111111111 B
#19996
b100110 "
b11101110 *
b11110 2
b11110 :
b0 B
#19997
b10000011 "
b1011 *
b10100111 2
b10100111 :
#19998
b1011 "
b11010111 *
b11110 2
b11100001 :
#19999
b11000 "
b11011101 *
b11100010 :
#20000
b11101000 "
b11100001 2
b11111111110 B
#20001
b1000110 "
b11000010 *
b11101 2
b10100111 :
b0 B
#20002
b1111101 "
b1011 *
b1011000 2
b10100110 :
b11111111101 B
#20003
b10001110 "
b11001011 *
b10101000 2
b1011001 :
b11111111111 B
#20004
b10100111 "
b11110 *
b11111 2
#20005
b11111110 "
b1011110 *
b1011001 2
b11100001 :
b0 B
#20006
b100 "
b101010 *
b11101 2
b11100010 :
b11111111110 B
#20007
b10000110 "
b11011111 *
b1011010 2
b1011001 :
#20008
b11110010 "
b1011101 *
b11110 2
b10100110 :
#20009
b11000 "
b100011 *
b11100010 2
b11100010 :
b11111111111 B
#20010
b1000110 "
b11000010 *
b1011001 :
b0 B
#20011
b11110101 "
b1111101 *
b10100111 2
b10101000 :
#20012
b10001110 "
b11001011 *
b1011000 2
b10100111 :
b1 B
#20013
b11100010 "
b11100010 *
b11110 2
b11100010 :
b11111111111 B
#20014
b11111110 "
b1011110 *
b10100111 2
b100000 :
b0 B
#20015
b11110101 "
b10000011 *
b1010111 2
b10100110 :
#20016
b100001 "
b10000110 *
b1011000 2
b10100101 :
b11111111101 B
#20017
b1110 "
b10100011 *
b11101 2
b10100110 :
b11111111110 B
#20018
b1011101 "
b11110010 *
b1011001 2
b11100001 :
#20019
b1011100 "
b10011 *
b11111111111 B
#20020
b10101001 "
b100010 *
b11100011 2
b1011001 :
b11111111110 B
#20021
b1110010 "
b110101 *
b1011000 2
b10100111 :
#20022
b11110 "
b11100010 *
b11100010 2
b11100010 :
b11111111111 B
#20023
b10010 "
b100110 *
b11110 2
b0 B
#20024
b100010 "
b10101001 *
b10100111 2
b11110 :
#20025
b111110 "
b10111010 *
b10101000 2
#20026
b1010010 "
b11010011 *
b11111 :
b11111111111 B
#20027
b10011001 "
b1001000 *
b1011000 2
b10100110 :
#20028
b111110 "
b1000110 *
b10100111 2
b11100100 :
b11111111110 B
#20029
b101010 "
b100 *
b11100010 2
b11101 :
b11111111111 B
#20030
b10 "
b1011110 *
b10100110 2
b11100011 :
b11111111110 B
#20031
b10100111 "
b11100010 *
b11101 2
b10100111 :
b11 B
#20032
b10010 "
b100110 *
b11100100 2
b11111 :
b11111111111 B
#20033
b1010111 "
b100010 *
b100001 2
b1011000 :
#20034
b100001 "
b10000110 *
b1010111 2
b10100100 :
b11111111010 B
#20035
b1010010 "
b11010011 *
b1011000 2
b11100001 :
b11111111011 B
#20036
b11000 "
b100011 *
b11110 2
b11110 :
b11111111101 B
#20037
b10100100 "
b11101101 *
b10100111 2
b11101 :
b11111111110 B
#20038
b110001 "
b10110000 *
b11100011 2
b10100111 :
b0 B
#20039
b11011010 "
b11101110 *
b11100010 2
b11110 :
b1 B
#20040
b11110 "
b10100111 *
b10100111 2
b11100010 :
#20041
b100110 "
b11101110 *
b11100010 2
b0 B
#20042
b100 "
b101010 *
b11101 2
b1 B
#20043
b11000010 "
b1000110 *
b1010111 2
b11100001 :
b0 B
#20044
b101101 "
b1010010 *
b11011111 2
b10101000 :
b11111111110 B
#20045
b1110 "
b1011101 *
b11100000 2
b10100111 :
b11111111101 B
#20046
b10000110 "
b100001 *
b1011000 2
b10100101 :
b11111111011 B
#20047
b11111100 "
b101010 *
b11100011 2
b11100010 :
b11111111101 B
#20048
b1001001 "
b11000101 *
b11110 2
b1011000 :
b11111111110 B
#20049
b1011001 "
b11100010 *
b11101 2
b1011001 :
b10 B
#20050
b1001001 "
b111011 *
b11100010 2
b1011000 :
b11111111111 B
#20051
b100010 "
b10101001 *
b1011001 2
b11100010 :
b1 B
#20052
b11110101 "
b101001 *
b11100010 2
b11111 :
#20053
b1010010 "
b11010011 *
b1011000 2
b11011111 :
b11111111111 B
#20054
b10111000 "
b10011001 *
b10100101 2
b10101010 :
b11111111110 B
#20055
b11000010 "
b10111010 *
b10100110 2
b11100100 :
b11111111011 B
#20056
b100 "
b11010110 *
b11100011 2
b11100010 :
b11111111100 B
#20057
b1011110 "
b11111110 *
b11110 2
b10100111 :
b11111111110 B
#20058
b1011001 "
b11110 *
b11111 2
b10 B
#20059
b111011 "
b10110111 *
b10101000 2
b11100010 :
b1 B
#20060
b101010 "
b11111100 *
b11100010 2
b11100011 :
b10 B
#20061
b1011 "
b11010111 *
b11111 :
b1 B
#20062
b100011 "
b11000 *
b11100000 2
b11100011 :
b11111111101 B
#20063
b1110 "
b1011101 *
b11011111 2
b10101000 :
b11111111110 B
#20064
b11010111 "
b1011 *
b11101 2
b11100010 :
b11111111001 B
#20065
b11011110 "
b10101001 *
b1011001 2
b11110 :
b11111111011 B
#20066
b10010 "
b11011010 *
b11110 2
b11111111110 B
#20067
b10100111 "
b11100010 *
b11111 2
b10100111 :
b1 B
#20068
b110101 "
b1110010 *
b10100110 2
b1011000 :
b0 B
#20069
b100 "
b101010 *
b11100011 2
b11110 :
b10 B
#20070
b1000110 "
b111110 *
b11110 2
b1011000 :
#20071
b10011001 "
b10111000 *
b10100110 2
b10101001 :
b11111111110 B
#20072
b11110010 "
b10100011 *
b11100001 2
b10100111 :
b11111111111 B
#20073
b111110 "
b1000110 *
b1011001 2
b11100 :
b11111111101 B
#20074
b10110000 "
b11001111 *
b10100111 2
b11111 :
b11111111110 B
#20075
b11001011 "
b1110010 *
b1011001 2
b1011000 :
#20076
b10100111 "
b10100111 *
b10100111 2
b1011001 :
#20077
b11101110 "
b11011010 *
b11100010 2
b11110 :
b11111111111 B
#20078
b1010111 "
b100010 *
b10100111 :
b0 B
#20079
b101001 "
b1011 *
b11100001 :
#20080
b101101 "
b1010010 *
b10100111 :
b11111111111 B
#20081
b11011101 "
b11000 *
b11110 2
b11100010 :
b10 B
#20082
b10000110 "
b100001 *
b1011000 2
b10100101 :
b11111111111 B
#20083
b100 "
b11010110 *
b11101 2
b11110 :
b0 B
#20084
b111011 "
b1001001 *
b10101000 2
b100001 :
b11111111110 B
#20085
b11110 "
b11110 *
b11100010 2
b11110 :
b10 B
#20086
b10010 "
b100110 *
b11100100 2
b11111 :
b11111111011 B
#20087
b101010 "
b11111100 *
b11111 2
b11101 :
b0 B
#20088
b1111010 "
b100001 *
b1011011 2
b1011000 :
b11111111010 B
#20089
b11011101 "
b11101000 *
b11100010 2
b11100010 :
b11111111011 B
#20090
b11000 "
b100011 *
b11101 2
b11110 :
b11111111101 B
#20091
b100001 "
b1111010 *
b1010111 2
b1011011 :
b0 B
#20092
b11010110 "
b11111100 *
b11100001 2
b11100 :
b10 B
#20093
b11101110 "
b100110 *
b11110 2
b11110 :
#20094
b10100111 "
b1011001 *
b1011001 2
b1011001 :
b111 B
#20095
b111011 "
b10110111 *
b10100110 2
b11100100 :
b0 B
#20096
b1111101 "
b11110101 *
b10100100 2
b10101010 :
#20097
b1000110 "
b111110 *
b11011111 2
b10101000 :
b11111111110 B
#20098
b1100111 "
b1001000 *
b10100100 2
b10101011 :
b11111111011 B
#20099
b10111000 *
b10101001 2
b1011011 :
#20100
b11000010 "
b10111010 *
b1011001 2
b11101 :
b11111111010 B
#20101
b11111100 "
b101010 *
b11100011 2
b11100001 :
b11111111110 B
#20102
b111011 "
b1001001 *
b10100111 2
b11101 :
b11111111111 B
#20103
b10100111 "
b1011001 *
b10101000 2
b10100110 :
b100 B
#20104
b10100010 "
b11111110 *
b11100010 2
b10100111 :
b1 B
#20105
b100010 "
b10101001 *
b1011000 2
b11100001 :
#20106
b1111010 "
b100001 *
b1011011 2
b1011000 :
b11111111111 B
#20107
b11011101 "
b11101000 *
b11100001 2
b11100011 :
b11111111110 B
#20108
b11000 *
b11100011 2
b11111 :
b11111111101 B
#20109
b100001 "
b1111010 *
b1011011 2
b1011000 :
b11111111011 B
#20110
b1010000 "
b110001 *
b1011001 2
b11100010 :
b11111111100 B
#20111
b111011 "
b1001001 *
b11100011 :
b11111111101 B
#20112
b1011001 "
b10100111 *
b10101000 2
b10100110 :
b11111111111 B
#20113
b11000101 "
b1001001 *
b1011000 2
b100000 :
b1 B
#20114
b1010000 "
b11001111 *
b10100111 2
b11100010 :
#20115
b11010111 "
b11110101 *
b11111 2
b11110 :
b100 B
#20116
b100011 "
b11000 *
b11100001 2
b11100011 :
b1 B
#20117
b11000 "
b100011 *
b11100010 2
b11111111101 B
#20118
b10011 "
b10100100 *
b100000 2
b1011000 :
b11111111011 B
#20119
b1010111 "
b11011110 *
b11100011 2
b1011001 :
b11111111101 B
#20120
b1011110 "
b11111110 *
b1011010 :
b11111111100 B
#20121
b11100010 "
b11110 *
b11100010 2
b11100010 :
b11111111111 B
#20122
b10001110 "
b110101 *
b10100111 2
b10100111 :
#20123
b10000011 "
b1011 *
b0 B
#20124
b10000110 "
b11011111 *
b10100110 2
#20125
b11110010 "
b1011101 *
b11100011 2
b1011010 :
#20126
b11000 "
b100011 *
b11111 2
b11101 :
b11111111111 B
#20127
b100001 "
b1111010 *
b1011011 2
b1011000 :
#20128
b100 "
b11010110 *
b11100010 2
b11100010 :
b11111111011 B
#20129
b10010 "
b11011010 *
b11111111101 B
#20130
b11110 "
b1011001 *
b1011001 2
b0 B
#20131
b11101110 "
b11011010 *
b11100010 2
b11110 :
#20132
b11010110 "
b100 *
b11110 2
b11101 :
b11111111111 B
#20133
b10100100 "
b10011 *
b1011001 2
b0 B
#20134
b10111000 "
b1100111 *
b1011000 2
b10100111 :
b11111111101 B
#20135
b10011001 "
b1001000 *
b10100110 :
b11111111111 B
#20136
b100001 "
b1111010 *
b10100110 2
b10101000 :
b0 B
#20137
b1011 "
b10000011 *
b1011010 2
b1011000 :
b11111111111 B
#20138
b100110 "
b10010 *
b11100011 2
b11110 :
b11111111110 B
#20139
b11100010 "
b11110 *
b11100010 2
b11100010 :
#20140
b111011 "
b10110111 *
b1011000 2
b11110 :
#20141
b10000011 "
b1011 *
b10101000 2
b10100111 :
b0 B
#20142
b1111010 "
b100001 *
b1011010 2
b1011010 :
b1 B
#20143
b1110 "
b10100011 *
b11101 2
b10100110 :
b0 B
#20144
b1010010 "
b101101 *
b1011001 2
b11101 :
#20145
b10111010 "
b111110 *
b11100100 2
b1011001 :
b11111111111 B
#20146
b10000011 "
b11110101 *
b10101000 2
b1011011 :
#20147
b11011010 "
b11101110 *
b11100011 2
b11110 :
b11111111110 B
#20148
b11100010 "
b11110 *
b11110 2
#20149
b111011 "
b10110111 *
b10100111 2
b11100011 :
#20150
b1010111 "
b100010 *
b11100010 2
b10100111 :
b0 B
#20151
b111110 "
b10111010 *
b10101000 2
b11110 :
b11111111111 B
#20152
b1011101 "
b1110 *
b10100110 2
b11100011 :
#20153
b10011001 "
b1001000 *
b1011000 2
b10100110 :
#20154
b10011 "
b10100100 *
b11111 2
b1011001 :
#20155
b11111100 "
b101010 *
b11100011 2
b11100010 :
#20156
b10010 "
b11011010 *
b11110 2
b11101 :
b11111111110 B
#20157
b11100010 "
b1011001 *
b10100111 2
b11100011 :
b10 B
#20158
b11001011 "
b10001110 *
b1010111 2
b10100101 :
b11111111101 B
#20159
b11011110 "
b1010111 *
b10101001 2
b11111 :
b11111111111 B
#20160
b11011111 "
b1111010 *
b10101000 2
b1011011 :
b11111111110 B
#20161
b1010010 "
b11010011 *
b1011000 2
b11100001 :
b11111111101 B
#20162
b10100011 "
b1110 *
b10100111 2
b11111 :
b11111111110 B
#20163
b11000010 "
b10111010 *
b11100011 :
#20164
b110001 "
b10110000 *
b11100010 2
b10100111 :
#20165
b1011110 "
b11111110 *
b11110 2
b11111111111 B
#20166
b11110 "
b1011001 *
b1011001 2
b11100010 :
#20167
b11000101 "
b1001001 *
b1011000 2
b11110 :
b1 B
#20168
b10110000 "
b110001 *
b1011001 2
b11101 :
b11111111111 B
#20169
b101001 "
b1011 *
b11100001 2
b11100010 :
b1 B
#20170
b11010011 "
b10101110 *
b100001 2
b1011000 :
b11111111111 B
#20171
b1001000 "
b1100111 *
b10100101 2
b10101010 :
b11111111101 B
#20172
b11110101 "
b11010111 *
b11110 2
b11101 :
b11111111011 B
#20173
b1010000 "
b110001 *
b10100111 2
b11111 :
b11111111100 B
#20174
b100110 "
b10010 *
b11100010 2
b11110 :
b11111111101 B
#20175
b10100111 "
b1011001 *
b10101000 2
b10100110 :
b11111111110 B
#20176
b100110 "
b11101110 *
b11101 2
b11110 :
b0 B
#20177
b101010 "
b11111100 *
b11110 2
b11101 :
b1 B
#20178
b1011100 "
b11101101 *
b1011010 2
b11110 :
b10 B
#20179
b1011101 "
b1110 *
b11101 :
b11111111101 B
#20180
b101101 "
b10101110 *
b11101 2
b10100111 :
b0 B
#20181
b1011100 "
b10011 *
b1011001 2
b11100001 :
b11111111111 B
#20182
b110001 "
b10110000 *
b11100001 2
b10100111 :
#20183
b11101110 "
b100110 *
b11110 2
b11101 :
b11111111110 B
#20184
b10100111 "
b11100010 *
b11100011 2
b1011001 :
#20185
b10100010 "
b11111110 *
b11110 2
b11111111101 B
#20186
b101010 "
b11111100 *
b11100010 2
b11100011 :
b11111111111 B
#20187
b10000110 "
b11011111 *
b1011010 2
b1011010 :
#20188
b10111000 "
b1100111 *
b1011001 2
b10100111 :
b11111111101 B
#20189
b10101110 "
b11010011 *
b11110 :
b0 B
#20190
b10000110 "
b100001 *
b1011010 2
b10100110 :
#20191
b110001 "
b10110000 *
b11110 2
b1011001 :
b1 B
#20192
b10100010 "
b10 *
b11101 2
b10100110 :
b0 B
#20193
b10100111 "
b11100010 *
b10100111 :
b11111111111 B
#20194
b11101110 "
b11011010 *
b11110 2
b11100001 :
#20195
b110001 "
b1010000 *
b11100100 2
b1011010 :
#20196
b11000010 "
b1000110 *
b10101000 2
b11111 :
b11111111110 B
#20197
b1110 "
b10100011 *
b11101 2
b10100110 :
#20198
b10101110 "
b11010011 *
b10100111 2
b11100011 :
#20199
b11101101 "
b1011100 *
b11111 2
b1011001 :
b11111111111 B
#20200
b10101001 "
b100010 *
b11100011 2
#20201
b11101110 "
b100110 *
b11110 2
b11101 :
b11111111110 B
#20202
b11100010 "
b11100010 *
b11100010 2
b11110 :
b11111111111 B
#20203
b10 "
b10100010 *
b10100111 2
b11111 :
b11111111101 B
#20204
b11010110 "
b100 *
b11110 2
b11101 :
b0 B
#20205
b1011100 "
b11101101 *
b10100111 2
b11100011 :
b11111111110 B
#20206
b10100011 "
b11110010 *
b1011010 2
b11110 :
b11111111101 B
#20207
b10011001 "
b1001000 *
b1011001 2
b10100111 :
b11111111111 B
#20208
b10011 "
b10100100 *
b11110 2
b1011001 :
b0 B
#20209
b100010 "
b1010111 *
b10100111 2
b11100010 :
#20210
b11111110 "
b10100010 *
b1011001 2
b11110 :
b11111111111 B
#20211
b11110 "
b10100111 *
b11101 :
b1 B
#20212
b10100010 "
b11111110 *
b11100000 2
b10100111 :
#20213
b10101001 "
b11011110 *
b10101000 :
b11111111111 B
#20214
b11110101 "
b101001 *
b11100010 2
b11111 :
b11111111101 B
#20215
b1011101 "
b1110 *
b1011010 2
b11100 :
b11111111100 B
#20216
b1110 "
b1011101 *
b11111 2
b1011001 :
b11111111110 B
#20217
b10011 "
b10100100 *
b11100001 2
b10100111 :
#20218
b10101001 "
b100010 *
b11100010 2
b1011001 :
#20219
b10100010 "
b10 *
#20220
b11110 "
b10100111 *
b10100111 2
b11100001 :
b1 B
#20221
b10110111 "
b11000101 *
b11100010 2
b1011000 :
#20222
b101010 "
b11111100 *
b11100011 :
b10 B
#20223
b11000010 "
b1000110 *
b1010111 2
b11100001 :
b1 B
#20224
b11101000 "
b100011 *
b11101 2
b11100000 :
b11111111101 B
#20225
b10100011 "
b1110 *
b1011000 2
b11011111 :
#20226
b101001 "
b11110101 *
b11100011 2
b11110 :
b11111111010 B
#20227
b11010110 "
b11111100 *
b11110 2
b11100011 :
b11111111011 B
#20228
b11111110 "
b10100010 *
b1011001 2
b11111 :
b11111111110 B
#20229
b11100010 "
b1011001 *
b10100111 2
b11100001 :
b11 B
#20230
b1110010 "
b11001011 *
b1011001 2
b1011001 :
b10 B
#20231
b1010000 "
b11001111 *
b1011010 2
b11101 :
#20232
b11101101 "
b10100100 *
b11100 2
b10100111 :
b0 B
#20233
b11110010 "
b1011101 *
b11100100 2
b1011010 :
b11111111111 B
#20234
b1100111 "
b10111000 *
b1010110 2
b10100101 :
b11111111110 B
#20235
b1011 "
b101001 *
b11110 2
b11101 :
#20236
b1010000 "
b110001 *
b1011001 2
b11100000 :
b11111111101 B
#20237
b111011 "
b1001001 *
b1011000 2
#20238
b11110 "
b1011001 *
b1011001 2
b11100001 :
#20239
b10 "
b10100010 *
b10100111 2
b11110 :
b11111111100 B
#20240
b11110101 "
b10000011 *
b10100110 2
b1011000 :
b11111111110 B
#20241
b10111010 "
b11000010 *
b11100 2
b1011001 :
b11111111111 B
#20242
b11110010 "
b1011101 *
b11111 2
b10100111 :
b10 B
#20243
b1010010 "
b101101 *
b10100111 2
b11100010 :
#20244
b101001 "
b11110101 *
b11100011 2
b11110 :
#20245
b100 "
b11010110 *
b11101 2
b1 B
#20246
b10110111 "
b111011 *
b11011111 2
b10101000 :
b11111111110 B
#20247
b11110 "
b11110 *
b11100011 2
b11111 :
b10 B
#20248
b1110010 "
b11001011 *
b1011100 2
b1010110 :
b11111111011 B
#20249
b10110000 "
b110001 *
b10100111 2
b11100100 :
b11111111100 B
#20250
b11010111 "
b11110101 *
b11100001 2
b11100010 :
b11111111011 B
#20251
b1110 "
b10100011 *
b11111 2
b10100111 :
b11111111110 B
#20252
b11000 "
b100011 *
b11110 2
b11110 :
b11111111101 B
#20253
b11110101 "
b11010111 *
b11100010 2
b11100001 :
b10 B
#20254
b10101001 "
b100010 *
b1011001 :
b0 B
#20255
b111011 "
b1001001 *
b1011000 2
b11100010 :
b10 B
#20256
b11100010 "
b1011001 *
b1011001 2
b11101 :
b1 B
#20257
b110101 "
b1110010 *
b1010111 2
b10100110 :
b11111111111 B
#20258
b10101001 "
b11011110 *
b100000 2
b1010111 :
#20259
b11000010 "
b1000110 *
b1010111 2
b11100001 :
b11111111110 B
#20260
b1010010 "
b11010011 *
b10101000 2
b11111 :
b11111111100 B
#20261
b11110010 "
b10100011 *
b11111 2
b1011001 :
b11111111101 B
#20262
b100001 "
b1111010 *
b10100110 2
b10100110 :
b11111111110 B
#20263
b11111100 "
b101010 *
b11100011 2
b11100010 :
#20264
b100110 "
b10010 *
b11100010 2
b11110 :
b0 B
#20265
b10100111 "
b1011001 *
b10101000 2
b10100110 :
b10 B
#20266
b11001011 "
b10001110 *
b1011001 2
b10100111 :
b0 B
#20267
b100010 "
b10101001 *
b11100010 :
b1 B
#20268
b11101101 "
b10100100 *
b11100 2
b10100111 :
b0 B
#20269
b10100011 "
b11110010 *
b10100110 2
b11100011 :
b11111111111 B
#20270
b11000 "
b100011 *
b11111 2
b11101 :
b11111111110 B
#20271
b11101101 "
b1011100 *
b1011001 :
b11111111111 B
#20272
b110001 "
b10110000 *
b11100001 2
b10100111 :
b11111111011 B
#20273
b10010 "
b11011010 *
b11100010 2
b11100010 :
b11111111110 B
#20274
b1011001 "
b10100111 *
b10100111 2
b10100111 :
#20275
b100110 "
b11101110 *
b11100010 2
b11100010 :
b0 B
#20276
b1010111 "
b100010 *
b10100111 :
#20277
b101001 "
b1011 *
b11100001 :
#20278
b10100011 "
b11110010 *
b1011010 2
b11110 :
b11111111111 B
#20279
b11110010 "
b10100011 *
b11111 2
b1011001 :
b10 B
#20280
b100001 "
b1111010 *
b10100101 2
b10101000 :
b0 B
#20281
b110001 "
b10110000 *
b11111 2
b1011001 :
b11111111110 B
#20282
b11101110 "
b100110 *
b11100010 2
b11100011 :
b11111111101 B
#20283
b11110 "
b1011001 *
b10100111 2
b11111 :
b11111111110 B
#20284
b11101110 "
b11011010 *
b11110 2
b11100010 :
b11111111101 B
#20285
b10110000 "
b110001 *
b10100111 2
b11111111110 B
#20286
b11110101 "
b101001 *
b11100010 2
b11101 :
b0 B
#20287
b10100011 "
b11110010 *
b10100111 2
b11100001 :
b1 B
#20288
b1110 *
b11111 :
b11 B
#20289
b1111010 "
b11011111 *
b1010111 2
b10100100 :
b10 B
#20290
b100010 "
b1010111 *
b1011010 2
b11011 :
b11111111110 B
#20291
b1011110 "
b11111110 *
b11011 2
b10100110 :
b11111111101 B
#20292
b11110 "
b11100010 *
b11100001 2
b11100011 :
b11111111100 B
#20293
b1001001 "
b111011 *
b11101 2
b10100111 :
#20294
b11001111 "
b10110000 *
b11100010 2
b1011001 :
b11111111011 B
#20295
b111110 "
b10111010 *
b10100111 2
b11100 :
b11111111111 B
#20296
b10011001 "
b10111000 *
b1011000 2
b1011010 :
b1 B
#20297
b11101000 "
b11011101 *
b11110 2
b11110 :
b10 B
#20298
b11011111 "
b10000110 *
b1011010 2
b1011000 :
b1 B
#20299
b100 "
b11010110 *
b11101 2
b11110 :
b0 B
#20300
b10010 "
b11011010 *
b11110 2
b11101 :
b11111111110 B
#20301
b11100010 "
b11100010 *
b11100010 :
b10 B
#20302
b11101110 "
b11011010 *
b11100 2
b11100001 :
b11111111101 B
#20303
b11011110 "
b1010111 *
b10101001 2
b11111 :
b0 B
#20304
b100001 "
b10000110 *
b1011000 2
b10100101 :
b11111111010 B
#20305
b11000 "
b11011101 *
b11110 2
b11100010 :
b11111111101 B
#20306
b10100011 "
b1110 *
b10100110 2
b11110 :
b11111111110 B
#20307
b1011 "
b101001 *
b11110 2
b11111 :
b0 B
#20308
b11001111 "
b1010000 *
b11101 2
b1011010 :
#20309
b1011110 "
b11111110 *
b11110 2
b10100111 :
b10 B
#20310
b11110 "
b11100010 *
b11100010 2
b11100010 :
b1 B
#20311
b110101 "
b1110010 *
b1010111 2
b10100110 :
#20312
b10101001 "
b11011110 *
b100001 2
b1011000 :
b0 B
#20313
b1011 "
b11010111 *
b11100010 2
b11111 :
b11111111110 B
#20314
b10011001 "
b10111000 *
b1011011 2
b1010110 :
b11111111011 B
#20315
b1100111 "
b10101001 2
b1011010 :
b11111111110 B
#20316
b101001 "
b11110101 *
b11100011 2
b11110 :
b11111111100 B
#20317
b100010 "
b1010111 *
b10100111 2
b11100010 :
b11111111110 B
#20318
b10100010 "
b10 *
b11111 2
b10100111 :
#20319
b11110 "
b1011001 *
b10100111 2
b11101 :
b1 B
#20320
b100110 "
b11101110 *
b11110 2
b11110 :
b10 B
#20321
b1011 "
b1111101 *
b10100111 2
b1011001 :
b1 B
#20322
b10111010 "
b11000010 *
b11100001 2
b10101000 :
b0 B
#20323
b11000 "
b11011101 *
b11101 2
b11100010 :
#20324
b11101000 "
b11100001 2
b11100011 :
b11111111110 B
#20325
b111110 "
b1000110 *
b1011001 2
b11100 :
#20326
b10101001 "
b100010 *
b11100011 2
b1011001 :
b11111111011 B
#20327
b11111110 "
b10100010 *
b10100111 2
b11100010 :
b11111111110 B
#20328
b1011001 "
b10100111 *
b10101000 2
b10100110 :
b11111111111 B
#20329
b111011 "
b10110111 *
b10100111 2
b11100001 :
b1 B
#20330
b11011110 "
b1010111 *
b1011001 2
b11100010 :
#20331
b10011 "
b1011100 *
b11100 2
b10100111 :
b10 B
#20332
b1001000 "
b10011001 *
b10101010 2
b1011011 :
b11111111111 B
#20333
b11010011 "
b1010010 *
b11011 2
b10100111 :
b11111111110 B
#20334
b10000110 "
b100001 *
b1010111 2
b10100101 :
b11111111101 B
#20335
b1111101 "
b1011 *
b10101000 2
b1011010 :
#20336
b10110111 "
b111011 *
b11100000 2
b10101000 :
b11111111110 B
#20337
b10100111 "
b10100111 *
b1011000 2
b10100110 :
b11111111111 B
#20338
b10110111 "
b11000101 *
b11101 2
b10100111 :
b11111111100 B
#20339
b1010111 "
b100010 *
b11110 2
b1011001 :
b11111111111 B
#20340
b11011111 "
b1111010 *
b10100110 2
#20341
b11000 "
b11011101 *
b11110 2
b11100010 :
#20342
b1011101 "
b11110010 *
b1011001 2
b11100001 :
b1 B
#20343
b11110101 "
b11010111 *
b11100010 2
b11100011 :
b0 B
#20344
b1111101 "
b1011 *
b1011000 2
b10100101 :
b11111111110 B
#20345
b100110 "
b10010 *
b11101 2
b11100010 :
b11111111101 B
#20346
b10100111 "
b11100010 *
b11100011 2
b1011001 :
b11111111110 B
#20347
b10010 "
b100110 *
b11110 2
b11100010 :
#20348
b10000011 "
b1011 *
b1011000 2
b1011001 :
b11111111111 B
#20349
b1011 "
b11010111 *
b11100010 2
b11110 :
b0 B
#20350
b10111000 "
b1100111 *
b1011001 2
b10100111 :
#20351
b1001000 "
b10100110 2
b10101000 :
#20352
b1011 "
b101001 *
b11100010 2
b11100011 :
#20353
b10000011 *
b1011010 2
b1011000 :
b11111111110 B
#20354
b1001001 "
b11000101 *
b11110 2
b11111111101 B
#20355
b11110 "
b10100111 *
b1011001 2
b11110 :
b11111111110 B
#20356
b11011010 "
b10010 *
b11100010 2
b11100010 :
b11111111111 B
#20357
b110001 "
b1010000 *
b1011001 :
b1 B
#20358
b111110 "
b10111010 *
b1011000 2
b11100010 :
b0 B
#20359
b11110010 "
b1011101 *
b11100011 2
b1011010 :
b1 B
#20360
b1010010 "
b101101 *
b1011010 2
b11100 :
b11111111111 B
#20361
b11101101 "
b1011100 *
b100000 2
b1011000 :
#20362
b110001 "
b10110000 *
b11100001 2
b10101000 :
b11111111110 B
#20363
b10001110 "
b11001011 *
b10101001 2
b1011011 :
b11111111100 B
#20364
b11110 "
b11110 *
b11110 2
b11100010 :
b11111111110 B
#20365
b11001011 "
b10001110 *
b10100111 2
b1011001 :
#20366
b11010110 "
b100 *
b11110 2
b11101 :
b0 B
#20367
b1111010 "
b100001 *
b10100111 2
b10100110 :
#20368
b11110010 "
b1011101 *
b11110 2
b11111111101 B
#20369
b1010010 "
b101101 *
b10100111 2
b11100010 :
b0 B
#20370
b1011100 "
b10011 *
b11110 :
#20371
b101010 "
b100 *
b11100010 2
b11101 :
b1 B
#20372
b1001001 "
b11000101 *
b100000 2
b1011000 :
b11111111111 B
#20373
b11100010 "
b11110 *
b11100010 2
b11100010 :
b11 B
#20374
b110101 "
b1110010 *
b10101010 2
b1011100 :
b11111111100 B
#20375
b1111101 "
b11110101 *
b1011010 2
b1010111 :
b0 B
#20376
b100001 "
b10000110 *
b1011000 2
b10100101 :
b11111111100 B
#20377
b1110 "
b10100011 *
b11101 2
b10100110 :
b11111111101 B
#20378
b11101000 "
b11011101 *
b11100010 2
b11100010 :
b11111111110 B
#20379
b11010111 "
b1011 *
b11110 :
b11111111111 B
#20380
b10101001 "
b100010 *
b1011001 :
b0 B
#20381
b10110111 "
b111011 *
b11110 2
b1011000 :
#20382
b1011001 "
b11110 *
b11101 2
b10100111 :
b1 B
#20383
b1001001 "
b111011 *
b11111111111 B
#20384
b11011110 "
b1010111 *
b1010111 2
b11100000 :
#20385
b11010111 "
b11110101 *
b11111 2
b11110 :
#20386
b1100111 "
b1001000 *
b10100101 2
b10101010 :
b11111111100 B
#20387
b1010010 "
b101101 *
b10100111 2
b11100011 :
b11111111101 B
#20388
b10011 "
b10100100 *
b11111 2
b1011001 :
b11111111100 B
#20389
b1010000 "
b110001 *
b10100110 2
b11101 :
b11111111111 B
#20390
b10010 "
b11011010 *
b11110 2
b11110 :
b11111111110 B
#20391
b11100010 "
b11100010 *
b11100010 :
b1 B
#20392
b10100010 "
b11111110 *
b11100010 2
b10100111 :
b0 B
#20393
b11001111 "
b10110000 *
b11101 2
b10100110 :
#20394
b10100100 "
b10011 *
b10100111 2
b11100011 :
b11111111111 B
#20395
b11000 "
b11011101 *
b11110 2
b11100010 :
#20396
b11110010 "
b10100011 *
b11100001 2
b10100111 :
#20397
b101001 "
b11110101 *
b11101 2
b11100010 :
b0 B
#20398
b11010110 "
b11111100 *
b11100010 2
b11110 :
b11111111110 B
#20399
b1001001 "
b11000101 *
b11100000 2
b10101000 :
#20400
b11100010 "
b10100111 *
b10100111 2
b11111 :
b0 B
#20401
b11101110 "
b11011010 *
b11100010 2
b11110 :
b11111111100 B
#20402
b1010111 "
b100010 *
b10100111 :
b11111111110 B
#20403
b11101101 "
b10100100 *
b11100001 2
b1011001 :
b0 B
#20404
b11010011 "
b10101110 *
b11101 2
b11111111111 B
#20405
b10101110 "
b11010011 *
b1011001 2
b11110 :
b10 B
#20406
b11000010 "
b10111010 *
b11101 :
b1 B
#20407
b11011110 "
b10101001 *
#20408
b110101 "
b10001110 *
b1011011 2
b1010111 :
b11111111111 B
#20409
b1011001 "
b1011001 *
b10101010 2
b1011100 :
#20410
b10010 "
b100110 *
b11100100 2
b11111 :
b11111111101 B
#20411
b11001111 "
b10110000 *
b11011 2
b10100110 :
b11111111100 B
#20412
b10111010 "
b11000010 *
b11100001 2
b10101000 :
b11111111010 B
#20413
b100011 "
b11000 *
b11110 2
b11110 :
b11111111100 B
#20414
b10011001 "
b1001000 *
b10100110 2
b1010111 :
b11111111110 B
#20415
b101001 "
b11110101 *
b11111 2
b11100010 :
b0 B
#20416
b1111101 "
b1011 *
b1011010 2
b10101001 :
b11 B
#20417
b100110 "
b10010 *
b11110 2
b11100010 :
#20418
b1011001 "
b11110 *
b11101 2
b10100111 :
#20419
b110101 "
b1110010 *
b1010110 2
b10100100 :
b0 B
#20420
b10000011 "
b1011 *
b1011100 2
b1010110 :
b11111111111 B
#20421
b1011 "
b11010111 *
b11100011 2
b11111 :
b11111111100 B
#20422
b1100111 "
b1001000 *
b10100101 2
b10101010 :
b11111111011 B
#20423
b10101110 "
b11010011 *
b1011001 2
b11101 :
b11111111100 B
#20424
b10011 "
b10100100 *
b11110 2
b1011001 :
#20425
b11010110 "
b11111100 *
b11111 2
b11100011 :
b11111111111 B
#20426
b11101110 "
b100110 *
b11100010 2
b11100010 :
#20427
b11110 "
b1011001 *
b10100111 2
b11101 :
b101 B
#20428
b1011110 "
b10 *
b100000 2
b1011001 :
b0 B
#20429
b100 "
b101010 *
b11100100 2
b11111 :
b1 B
#20430
b10100100 "
b10011 *
b10100110 2
b11100101 :
b11111111101 B
#20431
b11010011 "
b10101110 *
b11011111 2
b10101000 :
b11111111010 B
#20432
b11110010 "
b10100011 *
b11100001 2
b10100111 :
b11111111100 B
#20433
b1111010 "
b11011111 *
b1011010 2
b11111111011 B
#20434
b101010 "
b100 *
b11111 2
b11100011 :
b11111111110 B
#20435
b11011010 "
b11101110 *
b11100001 2
b11100 :
b1 B
#20436
b11110 "
b10100111 *
b10100111 2
b11100001 :
b101 B
#20437
b110101 "
b1110010 *
b1011000 2
b10100110 :
b111 B
#20438
b11010110 "
b100 *
b11111 2
b11100 :
b10 B
#20439
b11110101 "
b101001 *
b11101 2
b11100000 :
b11111111111 B
#20440
b11000 "
b11011101 *
b11100100 2
b100000 :
b11111111001 B
#20441
b10011001 "
b1001000 *
b1010110 2
b10100100 :
b11111111010 B
#20442
b10100100 "
b11101101 *
b1011001 2
b11100001 :
b11111111000 B
#20443
b100 "
b11010110 *
b11101 2
b11111 :
b11111111100 B
#20444
b11111110 "
b10100010 *
b1011000 2
b100001 :
b11111111110 B
#20445
b1011001 "
b10100111 *
b1010110 2
b1011100 :
b100 B
#20446
b110101 "
b1110010 *
b10100101 2
b1010111 :
b101 B
#20447
b100 "
b101010 *
b11100011 2
b11111 :
b100 B
#20448
b111110 "
b10111010 *
b1011000 2
b11100000 :
b11 B
#20449
b10100011 "
b11110010 *
b10100110 2
b11100110 :
b11111111100 B
#20450
b11011101 "
b11000 *
b11100011 2
b11110 :
#20451
b10011 "
b10100100 *
b11100000 2
b10101000 :
b11111111011 B
#20452
b110001 "
b10110000 *
b11100001 2
b10100111 :
b11111111110 B
#20453
b10110111 "
b111011 *
b11110 2
b1011000 :
b11111111100 B
#20454
b11100010 "
b1011001 *
b1011001 2
b11111 :
b11111111110 B
#20455
b100110 "
b11101110 *
b11100011 2
b11100010 :
b11111111111 B
#20456
b1010111 "
b100010 *
b10100111 :
b10 B
#20457
b11101101 "
b10100100 *
b11100010 2
b1011001 :
#20458
b10100011 "
b11110010 *
b1011010 2
b11101 :
b1 B
#20459
b100011 "
b11101000 *
b11100011 2
b11111 :
#20460
b11011111 "
b10000110 *
b1011100 2
b1010111 :
b11111111111 B
#20461
b1011 "
b10000011 *
b1010110 :
b11111111100 B
#20462
b10100010 "
b10 *
b11100 2
b10100110 :
#20463
b11100010 "
b11110 *
b11100010 2
b11100010 :
b11111111011 B
#20464
b10110111 "
b11000101 *
b11111 2
b10100111 :
b11111111110 B
#20465
b101010 "
b11111100 *
b11110 2
b11101 :
b0 B
#20466
b10011 "
b1011100 *
b11100001 2
b1011001 :
b10 B
#20467
b10011001 "
b10111000 *
b10100111 2
b10100111 :
b11111111101 B
#20468
b1001000 "
b1100111 *
b1011001 2
b1011001 :
b10 B
#20469
b10000110 "
b100001 *
b10101000 2
b1011010 :
b0 B
#20470
b10000011 "
b11110101 *
#20471
b10100010 "
b10 *
b11100011 2
b11111111111 B
#20472
b11100010 "
b1011001 *
b1011001 2
b11101 :
#20473
b1011110 "
b10 *
b11100000 2
b10101000 :
#20474
b1010111 "
b100010 *
b11100001 2
b10101001 :
#20475
b10000110 "
b11011111 *
b1011011 2
b1010111 :
b11111111100 B
#20476
b10100011 "
b11110010 *
b1011010 2
b11101 :
b11111111101 B
#20477
b11101000 "
b11011101 *
b11110 2
b11110 :
#20478
b10011 "
b10100100 *
b1011001 :
b11111111111 B
#20479
b101010 "
b100 *
b11100010 2
b11101 :
b0 B
#20480
b10110111 "
b111011 *
b10101000 :
b11111111111 B
#20481
b11100010 "
b11100010 *
b11110 2
b11100010 :
b11 B
#20482
b11001011 "
b10001110 *
b1010111 2
b10100101 :
b11111111111 B
#20483
b10101001 "
b11011110 *
b11100000 2
b10101000 :
b0 B
#20484
b100001 "
b10000110 *
b1010111 2
b10100100 :
b11111111110 B
#20485
b10011001 "
b10111000 *
b10100101 2
b10101010 :
b11111111100 B
#20486
b11011101 "
b11000 *
b11100011 2
b11111 :
b11111111101 B
#20487
b11011111 "
b10000110 *
b10100110 2
b10101000 :
b11111111100 B
#20488
b1010000 "
b110001 *
b1011010 2
b11100011 :
#20489
b10100010 "
b10 *
b11100000 2
b1011000 :
b11111111110 B
#20490
b10100111 "
b11110 *
b11100 2
b1011010 :
b1 B
#20491
b10 "
b10100010 *
b10100110 2
b11101 :
b100 B
#20492
b10000011 "
b1011 *
b1011001 2
b1011001 :
b10 B
#20493
b1011 "
b11010111 *
b11100010 2
b11111 :
b1 B
#20494
b101101 "
b1010010 *
b11011111 2
b10101000 :
b0 B
#20495
b1110 "
b1011101 *
b11111111110 B
#20496
b1011 "
b101001 *
b11100010 2
b11100011 :
b11111111011 B
#20497
b11001111 "
b1010000 *
b11100001 2
b10100111 :
#20498
b10 "
b1011110 *
b10100111 2
b11100010 :
b11111111101 B
#20499
b11110 "
b10100111 *
b1011001 2
b11111 :
b11111111110 B
#20500
b11001011 "
b10001110 *
b1011011 2
b10101001 :
b1 B
#20501
b11001111 "
b10110000 *
b11110 2
b10100111 :
b10 B
#20502
b10100100 "
b10011 *
b10100111 2
b11100011 :
b11 B
#20503
b1110 "
b10100011 *
b11100 2
b10100110 :
b1 B
#20504
b1010010 "
b101101 *
b1011001 2
b11011 :
b11111111111 B
#20505
b1111010 "
b11011111 *
b1010101 2
b10100011 :
b11111111110 B
#20506
b100010 "
b1010111 *
b1011010 2
b11011 :
b11111111101 B
#20507
b11000101 "
b10110111 *
b10101001 2
b100001 :
b11111111011 B
#20508
b1011001 "
b1011001 *
b1011000 2
b10100110 :
b11111111100 B
#20509
b11111110 "
b1011110 *
b1011001 2
b11100010 :
b11111111011 B
#20510
b110001 "
b1010000 *
b11111 2
b10100111 :
b11111111111 B
#20511
b1011100 "
b11101101 *
b10100111 2
b11100001 :
#20512
b11101000 "
b100011 *
b11110 2
b11100010 :
b10 B
#20513
b10011001 "
b1001000 *
b1011000 2
b10100110 :
#20514
b111110 "
b1000110 *
b10100111 2
b11100100 :
b0 B
#20515
b1011 "
b10000011 *
b1011010 2
b1011000 :
b11111111111 B
#20516
b11101110 "
b100110 *
b11100010 2
b11100011 :
b11111111110 B
#20517
b10100111 "
b11110 *
b11100001 2
b10100111 :
#20518
b11101110 "
b11011010 *
b11110 2
b11100010 :
b11111111101 B
#20519
b1011 "
b1111101 *
b10100111 2
b1011001 :
b11111111110 B
#20520
b111110 "
b10111010 *
b1011001 2
b11100010 :
b0 B
#20521
b1110 "
b10100011 *
b11110 2
b10100110 :
#20522
b1100111 "
b10111000 *
b1011000 2
b11111111111 B
#20523
b11101101 "
b1011100 *
b11111 2
b1011001 :
b0 B
#20524
b11011110 "
b10101001 *
b10100111 2
b11100011 :
b11111111111 B
#20525
b10010 "
b11011010 *
b11100010 2
b11111111110 B
#20526
b1011001 "
b11110 *
b11101 2
b10100111 :
b11111111111 B
#20527
b1110010 "
b11001011 *
b10100110 2
b10101000 :
b11111111101 B
#20528
b11010110 "
b100 *
b11110 2
b11101 :
b11111111111 B
#20529
b10000110 "
b11011111 *
b1011010 2
b1011001 :
b11111111110 B
#20530
b11011101 "
b11101000 *
b11110 2
b11110 :
b11111111101 B
#20531
b1010010 "
b101101 *
b10100111 2
b11100010 :
b11111111111 B
#20532
b11000010 "
b10111010 *
b1011001 2
b11110 :
b0 B
#20533
b10110000 "
b11001111 *
b11100010 :
b1 B
#20534
b11111110 "
b10100010 *
b1011010 2
b11101 :
#20535
b11100010 "
b11100010 *
b11101 2
b11100001 :
b11111111111 B
#20536
b11001011 "
b10001110 *
b1010111 2
b10100101 :
#20537
b100010 "
b10101001 *
b1011000 2
b11011111 :
b11111111100 B
#20538
b11110101 "
b101001 *
b11100010 2
b11111 :
b11111111110 B
#20539
b11010011 "
b10101110 *
b11100001 2
b10101000 :
b11111111011 B
#20540
b10100011 "
b1110 *
b10100110 2
b11110 :
b11111111110 B
#20541
b10011 "
b10100100 *
b11100011 2
b10100111 :
#20542
b11001111 "
b1010000 *
b11101 2
b1011010 :
b0 B
#20543
b100110 "
b10010 *
b11110 2
b11100010 :
b1 B
#20544
b11100010 "
b11110 *
b11110 :
#20545
b111011 "
b10110111 *
b10100111 2
b11100011 :
b0 B
#20546
b1111101 "
b11110101 *
b10101000 :
#20547
b1011 "
b11010111 *
b11100010 2
b11111 :
b11111111111 B
#20548
b10111000 "
b1100111 *
b1010111 2
b10100110 :
#20549
b1001000 "
b10100101 2
b10101001 :
b11111111110 B
#20550
b10100100 "
b11101101 *
b1011001 2
b11100001 :
#20551
b110001 "
b10110000 *
b11111 2
b1011001 :
b11111111101 B
#20552
b11001011 "
b1110010 *
b10100111 2
b10101000 :
b11111111110 B
#20553
b10100111 "
b11110 *
b11100010 2
b10100111 :
#20554
b11000101 "
b1001001 *
b10100111 2
b11100001 :
b11111111111 B
#20555
b11110101 "
b10000011 *
b1011001 2
b10101000 :
#20556
b1000110 "
b111110 *
b11110 2
b1011001 :
b10 B
#20557
b10111000 "
b1100111 *
b10101000 2
b1 B
#20558
b1100111 "
b10111000 *
b1010111 2
b10100101 :
b11111111111 B
#20559
b11110101 "
b11010111 *
b11100010 2
b11100011 :
b0 B
#20560
b10110000 "
b11001111 *
b10101000 2
b11111 :
b11111111110 B
#20561
b1011110 "
b11111110 *
b11100 2
b10100110 :
b11111111101 B
#20562
b10100111 "
b1011001 *
b1011010 2
b1011000 :
b11111111110 B
#20563
b10110111 "
b11000101 *
b11100011 2
b1011001 :
#20564
b110001 "
b1010000 *
b11101 2
b10100110 :
#20565
b101001 "
b1011 *
b11100010 2
b11100001 :
b11111111111 B
#20566
b1100111 "
b1001000 *
b10100111 2
b10100111 :
#20567
b1010010 "
b101101 *
b11100011 :
b10 B
#20568
b11010111 "
b1011 *
b11101 2
b11100010 :
b0 B
#20569
b11001111 "
b1010000 *
b11100001 2
b10100111 :
b11111111111 B
#20570
b110101 "
b10001110 *
b1011011 2
b1010111 :
b11111111110 B
#20571
b10100111 "
b1011001 *
b10100110 2
b10101000 :
#20572
b10100010 "
b11111110 *
b11100001 2
b10100111 :
b11111111101 B
#20573
b1011 "
b1111101 *
b10100111 2
b1011001 :
b11111111110 B
#20574
b11110101 "
b101001 *
b11100010 2
b11110 :
#20575
b100011 "
b11000 *
b11110 2
b0 B
#20576
b1001000 "
b1100111 *
b1011001 2
b1011001 :
#20577
b101001 "
b11110101 *
b11111 2
b11100001 :
#20578
b1011 "
b10000011 *
b10100111 2
b10101000 :
#20579
b100110 "
b10010 *
b11110 2
b11100010 :
#20580
b1011001 "
b11110 *
b11101 2
b10100111 :
b11111111111 B
#20581
b11011010 "
b10010 *
b11110 2
b11110 :
b0 B
#20582
b11010110 "
b100 *
b11101 :
b11111111111 B
#20583
b1011100 "
b11101101 *
b10100111 2
b11100100 :
b0 B
#20584
b11000 "
b11011101 *
b11100011 2
b11110 :
b11111111101 B
#20585
b10111000 "
b10011001 *
b1011010 2
b1010111 :
b11111111110 B
#20586
b101001 "
b11110101 *
b11100011 2
b11110 :
#20587
b10000011 "
b1011000 2
b10100111 :
b11111111101 B
#20588
b111011 "
b1001001 *
b10101000 2
b11110 :
b11111111110 B
#20589
b11100010 "
b11110 *
b11100010 2
b11100010 :
b0 B
#20590
b1110010 "
b11001011 *
b1011000 2
b1011010 :
b11111111111 B
#20591
b11111100 "
b11010110 *
b11101 2
b11100010 :
b0 B
#20592
b1000110 "
b111110 *
b11110 2
b1011001 :
b1 B
#20593
b10111000 "
b1100111 *
b10101000 2
b11111111110 B
#20594
b11101000 "
b11011101 *
b11100010 2
b11100010 :
b11111111111 B
#20595
b10111010 "
b111110 *
b11100011 2
b1011001 :
b0 B
#20596
b11010110 "
b11111100 *
b11100010 2
b11101 :
#20597
b1001001 "
b11000101 *
b11100000 2
b10101000 :
b11111111111 B
#20598
b11110 "
b11100010 *
b11100010 2
b11100010 :
b11 B
#20599
b110101 "
b1110010 *
b1010110 2
b10100100 :
b11111111100 B
#20600
b1010111 "
b100010 *
b11100001 2
b10101001 :
b0 B
#20601
b10111010 "
b11000010 *
b11111 2
b1010111 :
b11111111100 B
#20602
b1100111 "
b1001000 *
b10100111 2
b10101000 :
b11111111101 B
#20603
b1010010 "
b101101 *
b11100011 :
#20604
b1111010 "
b11011111 *
b1011010 :
b11111111111 B
#20605
b100 "
b11010110 *
b11101 2
b11110 :
#20606
b10 "
b1011110 *
b10100111 2
b11100010 :
b0 B
#20607
b1011001 "
b10100111 *
b1011010 2
b1011000 :
b10 B
#20608
b10010 "
b100110 *
b11100010 2
b11111 :
b1 B
#20609
b100010 "
b10101001 *
b1011000 2
b11011111 :
b11111111110 B
#20610
b10011 "
b1011100 *
b11100100 2
b1011010 :
#20611
b11000 "
b11011101 *
b11101 2
b11100010 :
b11111111011 B
#20612
b10011001 "
b1001000 *
b10101000 2
b1011010 :
b11111111110 B
#20613
b100001 "
b1111010 *
b1011010 2
b1011001 :
#20614
b1010000 "
b110001 *
b11100011 :
b11111111111 B
#20615
b11011010 "
b11101110 *
b11100010 2
b11110 :
#20616
b10100111 "
b11110 *
b11110 2
b1011001 :
b1 B
#20617
b111011 "
b10110111 *
b10100111 2
b11100011 :
b0 B
#20618
b11110101 "
b10000011 *
b10101000 2
b1011001 :
b11111111111 B
#20619
b1000110 "
b111110 *
b11100001 2
b10101000 :
#20620
b11010011 "
b10101110 *
b11111 2
b1011000 :
b0 B
#20621
b1001000 "
b1100111 *
b10100101 2
b10101001 :
b11111111110 B
#20622
b10000110 "
b100001 *
b1011000 2
b10100101 :
#20623
b1111101 "
b1011 *
b10101000 2
b1011010 :
b11111111101 B
#20624
b11101110 "
b100110 *
b11100010 2
b11100010 :
b11111111110 B
#20625
b11100010 "
b11100010 *
b11110 2
b11111111111 B
#20626
b10001110 "
b110101 *
b10100111 2
b10100111 :
b0 B
#20627
b1111101 "
b11110101 *
b1011001 2
b1011001 :
#20628
b1011 "
b11010111 *
b11110 2
b11100001 :
#20629
b11000 "
b11011101 *
b11100010 :
#20630
b1001000 "
b1100111 *
b1011010 2
b1010111 :
b11111111110 B
#20631
b1111010 "
b11011111 *
b1011000 2
b10100110 :
b0 B
#20632
b100 "
b11010110 *
b11100011 2
b11100010 :
b11111111101 B
#20633
b110101 "
b10001110 *
b10100111 2
b10101000 :
b11111111111 B
#20634
b1011001 "
b10100111 *
b10100110 2
b10 B
#20635
b11011010 "
b10010 *
b11111 2
b11101 :
b11111111111 B
#20636
b1011 "
b1111101 *
b1010111 2
b10100110 :
b11111111110 B
#20637
b11000010 "
b1000110 *
b1011000 2
b11100001 :
b11111111011 B
#20638
b10100011 "
b11110010 *
b1011010 2
b11110 :
b11111111110 B
#20639
b10011001 "
b1001000 *
b1011001 2
b10100111 :
#20640
b101001 "
b11110101 *
b11100001 2
b11110 :
b0 B
#20641
b11111100 "
b101010 *
b11100011 2
b11100010 :
#20642
b1011110 "
b11111110 *
b11100010 2
b1011001 :
b11 B
#20643
b11100010 "
b10100111 *
b1011001 2
b11100001 :
b10 B
#20644
b1110010 "
b11001011 *
b1011011 2
b1010111 :
b1 B
#20645
b101010 "
b11111100 *
b11111 2
b11100 :
b11111111110 B
#20646
b100001 "
b10000110 *
b1010111 2
b10100100 :
b11111111101 B
#20647
b1110 "
b10100011 *
b11100 2
b10100110 :
b11111111001 B
#20648
b1100111 "
b10111000 *
b1011000 2
b11111111101 B
#20649
b100001 "
b1111010 *
b1011010 2
b1011001 :
b11111111110 B
#20650
b10000011 "
b11110101 *
b10100111 2
b11111111111 B
#20651
b100110 "
b10010 *
b11110 2
b11100010 :
#20652
b11110 "
b11100010 *
b11100010 2
b0 B
#20653
b10110111 "
b11000101 *
b1011000 :
#20654
b100010 "
b10101001 *
b10100111 2
b11110 :
#20655
b11000010 "
b1000110 *
b1011000 2
b11100010 :
b1 B
#20656
b10111000 "
b1100111 *
b1010111 2
b10100110 :
b11111111111 B
#20657
b1011101 "
b11110010 *
b10100111 2
b100000 :
#20658
b1111010 "
b11011111 *
b10101001 2
b1011011 :
b11111111110 B
#20659
b1010000 "
b110001 *
b10100111 2
b11111 :
b11111111101 B
#20660
b11000101 "
b10110111 *
b1011000 2
b11100000 :
b11111111110 B
#20661
b1011001 "
b10100111 *
b1011010 2
b1011000 :
#20662
b11001011 "
b10001110 *
b1011001 2
b10100111 :
b11111111100 B
#20663
b1010111 "
b100010 *
b11101 2
b1011001 :
b11111111110 B
#20664
b100001 "
b10000110 *
b1011011 2
b10101000 :
b0 B
#20665
b101101 "
b1010010 *
b11101 2
b1011001 :
b1 B
#20666
b1110 "
b1011101 *
b11110 2
b1011010 :
b11 B
#20667
b11000010 "
b10111010 *
b10100111 2
b11100100 :
b1 B
#20668
b1010111 "
b11011110 *
b11011 2
b10100111 :
b0 B
#20669
b1001001 "
b11000101 *
b11011111 2
b10101001 :
b11111111110 B
#20670
b1011001 "
b11110 *
b11100 2
b10100110 :
b11111111101 B
#20671
b10110111 "
b11000101 *
b11100011 2
b1011001 :
b11111111011 B
#20672
b100010 "
b10101001 *
b10100111 2
b11110 :
b11111111110 B
#20673
b11101101 "
b10100100 *
b11100010 2
b1011001 :
b11111111111 B
#20674
b11110010 "
b1011101 *
b11110 2
b10100110 :
#20675
b10100011 "
b1110 *
b1011001 2
b11100001 :
b1 B
#20676
b10000110 "
b100001 *
b1011000 2
b10100101 :
b0 B
#20677
b10000011 "
b11110101 *
b10100110 :
b11111111110 B
#20678
b110101 "
b10001110 *
b1011011 2
b1010111 :
#20679
b11110 "
b11100010 *
b11110 2
b11110 :
b11111111111 B
#20680
b11000101 "
b1001001 *
b10100111 2
b11100011 :
b11111111101 B
#20681
b110001 "
b1010000 *
b11100011 2
b1011010 :
b0 B
#20682
b11010111 "
b11110101 *
b11100001 2
b11100010 :
b11111111111 B
#20683
b11110010 "
b1011101 *
b11100011 2
b1011010 :
#20684
b100011 "
b11101000 *
b11110 2
b11100001 :
b11111111101 B
#20685
b11000010 "
b10111010 *
b10100111 2
b11100011 :
b11111111111 B
#20686
b1111101 "
b1011 *
b1011000 2
b10100110 :
b11111111110 B
#20687
b11001011 "
b1110010 *
b1011001 2
b1011000 :
b11111111111 B
#20688
b1011001 "
b11110 *
b11101 2
b10100111 :
#20689
b100110 "
b11101110 *
b11100010 2
b11100010 :
#20690
b11001111 "
b10110000 *
b11100011 2
b1011001 :
#20691
b10000110 "
b11011111 *
b1011011 2
b1011000 :
b0 B
#20692
b1001000 "
b10011001 *
b10101001 2
b1011010 :
b11111111111 B
#20693
b11010011 "
b1010010 *
b11100 2
b10100110 :
b11111111101 B
#20694
b1011100 "
b10011 *
b10100111 2
b11111 :
b11111111110 B
#20695
b1011 "
b10000011 *
b1011010 2
b1011000 :
#20696
b10001110 "
b11001011 *
b1011000 2
b10100111 :
#20697
b1011001 "
b1011001 *
b10100111 2
b1011001 :
#20698
b1001001 "
b111011 *
b11100001 2
b0 B
#20699
b1111101 "
b11110101 *
b1011000 2
#20700
b11000010 "
b1000110 *
b10100111 2
b11110 :
b10 B
#20701
b101101 "
b1010010 *
b11111 2
b1011000 :
b0 B
#20702
b100011 "
b11101000 *
b11110 2
b11100001 :
b11111111111 B
#20703
b111110 "
b1000110 *
b1011001 2
b11100 :
b11111111110 B
#20704
b100010 "
b1010111 *
b11101 :
#20705
b1110010 "
b110101 *
b1011000 2
b10100111 :
#20706
b11110 "
b11100010 *
b11100010 2
b11100010 :
b11111111111 B
#20707
b10001110 "
b110101 *
b1011001 2
b1011001 :
b0 B
#20708
b11011110 "
b1010111 *
b11100010 :
#20709
b11110101 "
b101001 *
b11110 2
b11100001 :
#20710
b100011 "
b11000 *
b11100010 2
b11100010 :
b11111111111 B
#20711
b11101000 *
b11100011 2
b11111 :
b11111111110 B
#20712
b11110101 "
b11010111 *
b11110 2
b11101 :
b0 B
#20713
b110001 "
b10110000 *
b11111 2
b1011001 :
b11111111100 B
#20714
b1001001 "
b11000101 *
b11110 2
b1011000 :
b11111111101 B
#20715
b1011001 "
b11100010 *
b11101 2
b1011001 :
b11111111110 B
#20716
b1011110 "
b10 *
b1011010 :
b11111111111 B
#20717
b11011110 "
b1010111 *
b10100111 2
b11101 :
b1 B
#20718
b10100100 "
b10011 *
b11100010 :
#20719
b10011001 "
b10111000 *
b10101000 :
#20720
b1100111 "
b1010111 2
b10100101 :
#20721
b1011 "
b101001 *
b11110 2
b11101 :
b11111111111 B
#20722
b11010110 "
b11111100 *
b11100011 2
b11111 :
b11111111110 B
#20723
b10010 "
b11011010 *
b11100010 2
b11100011 :
b11111111101 B
#20724
b11110 "
b10100111 *
b10100110 2
b11100100 :
b11111111100 B
#20725
b11101110 "
b11011010 *
b11100010 2
b11110 :
b11111111101 B
#20726
b10110000 "
b110001 *
b1011010 2
b11101 :
b11111111110 B
#20727
b11110101 "
b101001 *
b11111 2
b11100001 :
b0 B
#20728
b10111000 "
b1100111 *
b1011001 2
b10100111 :
b11111111111 B
#20729
b10101110 "
b11010011 *
b11101 :
b0 B
#20730
b10100100 "
b11101101 *
b11100001 :
#20731
b11010110 "
b11111100 *
b11110 2
b11100011 :
b11111111111 B
#20732
b10010 "
b11011010 *
b11101 :
b11111111110 B
#20733
b1011001 "
b11110 *
b11100011 2
b1011001 :
b11 B
#20734
b10010 "
b100110 *
b11100100 2
b11111 :
b11111111101 B
#20735
b1010111 "
b100010 *
b100000 2
b1010111 :
b11111111111 B
#20736
b11110101 "
b101001 *
b11100010 2
b11111 :
b11111111010 B
#20737
b1010010 "
b11010011 *
b1011001 2
b11100010 :
b11111111100 B
#20738
b1011101 "
b11110010 *
b1011010 2
b11100011 :
b11111111110 B
#20739
b1111010 "
b11011111 *
b1011011 2
b10101000 :
b11111111111 B
#20740
b1011 "
b10000011 *
b10101000 2
b10100110 :
b1 B
#20741
b1110010 "
b110101 *
b1011001 2
b10100111 :
b11 B
#20742
b1011001 "
b11100010 *
b11100001 2
b1 B
#20743
b10001110 "
b110101 *
b1011011 2
b1010111 :
b0 B
#20744
b10101001 "
b11011110 *
b100001 2
b1011000 :
b11111111110 B
#20745
b11110101 "
b101001 *
b11110 2
b11100001 :
b11111111101 B
#20746
b10100011 "
b11110010 *
b1011010 2
b11101 :
b11111111011 B
#20747
b1110 "
b1011101 *
b11100001 2
b10100111 :
b11111111110 B
#20748
b1111010 "
b11011111 *
b10100111 2
b1011010 :
b11111111111 B
#20749
b11001111 "
b1010000 *
b11100010 2
b10100111 :
b11111111110 B
#20750
b1110010 "
b110101 *
b10100111 2
b1011001 :
b0 B
#20751
b11100010 "
b11110 *
b11100010 2
b11100010 :
b11111111111 B
#20752
b11101110 "
b11011010 *
b11110 2
b0 B
#20753
b100010 "
b10101001 *
b1011001 2
#20754
b11011111 "
b1111010 *
b10100111 2
b1011010 :
#20755
b10111000 "
b1100111 *
b10101000 2
b1011001 :
b11111111111 B
#20756
b11011101 "
b11000 *
b11100011 2
b11111 :
b0 B
#20757
b101001 "
b11110101 *
b11101 2
b11100010 :
#20758
b11110101 "
b1111101 *
b1011011 2
b1011000 :
b11111111100 B
#20759
b11011010 "
b11101110 *
b11100010 2
b11110 :
b11111111110 B
#20760
b1011001 "
b11110 *
b11110 2
b10100111 :
b11111111101 B
#20761
b10110111 "
b11000101 *
b11100001 2
b1011001 :
b0 B
#20762
b10110000 "
b110001 *
b1011001 2
b11110 :
b1 B
#20763
b10111010 "
b11000010 *
b11110 2
b1011000 :
b10 B
#20764
b1100111 "
b1001000 *
b10100110 2
b10101001 :
b1 B
#20765
b11010011 "
b1010010 *
b11011 2
b10100111 :
b11111111111 B
#20766
b10100100 "
b11101101 *
b1011000 2
b11100000 :
b11111111101 B
#20767
b10000011 "
b11110101 *
b1010111 2
b10100101 :
#20768
b11101110 "
b100110 *
b11100010 2
b11100011 :
b11111111100 B
#20769
b10100111 "
b11100010 *
b11101 2
b10100111 :
b11111111110 B
#20770
b1110010 "
b11001011 *
b1011001 2
b1011001 :
b11111111101 B
#20771
b1010111 "
b100010 *
b11110 2
b11111111111 B
#20772
b111110 "
b10111010 *
b1011001 2
b11100010 :
b0 B
#20773
b10101110 "
b101101 *
b10100111 2
b11110 :
b11111111111 B
#20774
b11010011 *
b11100011 :
#20775
b1011100 "
b10011 *
b1011001 2
b11100001 :
#20776
b110001 "
b10110000 *
b11100001 2
b10100111 :
#20777
b10001110 "
b11001011 *
b10101001 2
b1011011 :
b11111111110 B
#20778
b11100010 "
b1011001 *
b1011001 2
b11101 :
#20779
b100110 "
b11101110 *
b11100010 2
b11100010 :
#20780
b11010110 "
b100 *
b11110 2
b11101 :
b11111111111 B
#20781
b11011111 "
b1111010 *
b1011010 2
b10100110 :
b0 B
#20782
b1010010 "
b11010011 *
b10100111 2
b11110 :
b11111111101 B
#20783
b1001000 "
b1100111 *
b10100111 :
b0 B
#20784
b10100100 "
b11101101 *
b1011010 2
b11100010 :
b11111111111 B
#20785
b1010000 "
b110001 *
b10100111 2
b11110 :
b0 B
#20786
b11011010 "
b11101110 *
b11110 2
b11100010 :
#20787
b1011001 "
b11110 *
b11100011 2
b1011001 :
b11111111111 B
#20788
b10010 "
b100110 *
b11100010 2
b11110 :
b0 B
#20789
b11010110 "
b100 *
b11100001 2
b11100011 :
b11111111111 B
#20790
b10100100 "
b10011 *
b10100111 2
b11100100 :
b0 B
#20791
b10111000 "
b1100111 *
b10101001 2
b1011010 :
b11111111011 B
#20792
b10100011 "
b1110 *
b10100111 2
b11111 :
b11111111110 B
#20793
b100001 "
b1111010 *
b1011010 2
b1011001 :
#20794
b10101001 "
b100010 *
b11100010 2
#20795
b1011110 "
b11111110 *
b11111 2
b10100111 :
b11111111111 B
#20796
b11110 "
b1011001 *
b1011001 2
b11100011 :
b1 B
#20797
b10010 "
b100110 *
b11110 2
b11100010 :
b10 B
#20798
b1011 "
b1111101 *
b1011000 2
b10100111 :
b1 B
#20799
b100001 "
b10000110 *
b10101001 2
b1011011 :
b0 B
#20800
b10101110 "
b101101 *
b1011000 2
b11011111 :
#20801
b1100111 "
b10111000 *
b10101010 2
b1011011 :
b11111111110 B
#20802
b111110 "
b1000110 *
b10100111 2
b11100100 :
b11111111011 B
#20803
b11110101 "
b1111101 *
b10100110 2
b10101000 :
b11111111101 B
#20804
b10 "
b1011110 *
b10100111 2
b11100010 :
b11111111110 B
#20805
b1011001 "
b10100111 *
b1011001 2
b1011001 :
#20806
b10110111 "
b11000101 *
b11111 2
b10100111 :
b1 B
#20807
b11011110 "
b1010111 *
b10100111 2
b11110 :
b0 B
#20808
b11011111 "
b1111010 *
b1011010 :
b10 B
#20809
b1011101 "
b1110 *
b1011010 2
b11101 :
b11111111111 B
#20810
b1010010 "
b101101 *
b11100 :
b0 B
#20811
b10011 "
b10100100 *
b11100000 2
b10101000 :
b11111111111 B
#20812
b1111101 "
b1011 *
b1010111 2
b10100101 :
b11111111110 B
#20813
b1001001 "
b11000101 *
b11011111 2
b10101000 :
b11111111100 B
#20814
b11110 "
b11110 *
b11110 2
b11100010 :
b11111111110 B
#20815
b10110111 "
b11000101 *
b11100010 2
b1011000 :
b11111111011 B
#20816
b11011110 "
b1010111 *
b1011001 2
b11100011 :
b0 B
#20817
b11010111 "
b11110101 *
b11101 2
b11110 :
b1 B
#20818
b11010011 "
b10101110 *
b11110 2
b1011001 :
#20819
b1010010 *
b11101 2
b10100111 :
b10 B
#20820
b10011 "
b10100100 *
b11111 2
b1011000 :
b11111111111 B
#20821
b10101001 "
b100010 *
b11011 2
b10100111 :
#20822
b10110111 "
b111011 *
b11011111 2
b10101000 :
b11111111110 B
#20823
b11110 "
b10100111 *
b1011010 2
b11100 :
b11111111101 B
#20824
b10100010 "
b11111110 *
b11100000 2
b10100111 :
b11111111011 B
#20825
b11110101 "
b10000011 *
b1011001 2
b11111111110 B
#20826
b11010111 "
b11110101 *
b11100010 2
b11100001 :
b11111111101 B
#20827
b101101 "
b1010010 *
b11101 2
b1011001 :
b0 B
#20828
b10100011 "
b1110 *
b10100110 2
b11110 :
b10 B
#20829
b1111010 "
b11011111 *
b1011000 2
b10100110 :
b1 B
#20830
b1010111 "
b11011110 *
b11100 2
b0 B
#20831
b10110111 "
b111011 *
b100001 2
b1011000 :
b11111111111 B
#20832
b1011001 "
b11100010 *
b11100000 2
b10101000 :
b11111111110 B
#20833
b11001011 "
b10001110 *
b10101001 2
b1011010 :
b11111111011 B
#20834
b100010 "
b10101001 *
b10100111 2
b11110 :
b11111111100 B
#20835
b11000010 "
b1000110 *
b1011001 2
b11100011 :
b11111111110 B
#20836
b1110 "
b10100011 *
b11100001 2
b1011001 :
b11111111111 B
#20837
b1011101 "
b11110010 *
b10100110 2
b11101 :
b1 B
#20838
b11011111 "
b10000110 *
b1011010 2
b1011001 :
b10 B
#20839
b1010111 "
b11011110 *
b11100011 2
b1 B
#20840
b10100010 "
b10 *
b11100 2
b10100110 :
b11111111111 B
#20841
b1011001 "
b1011001 *
b10101001 2
b1011011 :
#20842
b11111110 "
b1011110 *
b10101000 2
b100001 :
b11111111110 B
#20843
b11010110 "
b100 *
b11100001 2
b11100011 :
#20844
b11110101 "
b101001 *
b11100010 2
b11111 :
b11111111011 B
#20845
b1110 "
b10100011 *
b11110 2
b10100110 :
#20846
b11011101 "
b11000 *
b11100010 2
b11110 :
b11111111110 B
#20847
b10100100 "
b11101101 *
b10100111 2
b11100 :
b0 B
#20848
b1010000 "
b110001 *
b1011010 2
b11100011 :
#20849
b1011110 "
b11111110 *
b11111 2
b10100111 :
b10 B
#20850
b11110 "
b11100010 *
b11100010 2
b11100010 :
b1 B
#20851
b11011010 "
b10010 *
b11110 2
b11110 :
b10 B
#20852
b100 "
b101010 *
b11101 2
b11100001 :
b0 B
#20853
b100001 "
b10000110 *
b10101001 2
b1011011 :
#20854
b11000 "
b11011101 *
b11100011 2
b11111 :
b11111111100 B
#20855
b11010011 "
b1010010 *
b11101 2
b10100111 :
b11111111110 B
#20856
b1111010 "
b11011111 *
b10101000 2
b1011010 :
b11111111100 B
#20857
b100 "
b11010110 *
b11101 2
b11110 :
b11111111111 B
#20858
b111011 "
b1001001 *
b10101000 2
#20859
b11110 "
b10100111 *
b1011001 2
b10 B
#20860
b10110111 "
b11000101 *
b11101 2
b10100111 :
b11111111111 B
#20861
b1010111 "
b100010 *
b11111 2
b1011000 :
b1 B
#20862
b100001 "
b10000110 *
b1011000 2
b10100101 :
b11111111111 B
#20863
b100011 "
b11000 *
b11111 2
b11101 :
b11111111110 B
#20864
b11101000 *
b11101 2
b11100001 :
#20865
b101001 "
b11110101 *
b11100010 :
b11111111011 B
#20866
b110001 "
b10110000 *
b11100010 2
b10100111 :
b11111111100 B
#20867
b100110 "
b10010 *
b11110 2
b11100010 :
b11111111110 B
#20868
b11100010 "
b10100111 *
b10100111 2
b11101 :
b11111111111 B
#20869
b11011010 "
b10010 *
b11101 2
b11110 :
b0 B
#20870
b11010110 "
b100 *
b11110 2
b11101 :
b1 B
#20871
b11010111 "
b11110101 *
b11111 2
b11110 :
b10 B
#20872
b10101110 "
b101101 *
b1011000 2
b11100001 :
b11111111101 B
#20873
b11010011 "
b1010010 *
b11101 2
b10100111 :
#20874
b10011 "
b10100100 *
b11110 2
b1011001 :
b11111111110 B
#20875
b101010 "
b100 *
b11100010 2
b11101 :
b11111111111 B
#20876
b10100010 "
b10 *
b11110 2
b10100111 :
#20877
b1011001 "
b10100111 *
b1011001 2
b1011001 :
b11 B
#20878
b111011 "
b10110111 *
b11101 :
b1 B
#20879
b1010000 "
b11001111 *
b1011010 2
b11011 :
b0 B
#20880
b10000110 "
b11011111 *
b10100100 2
b10101001 :
b11111111111 B
#20881
b1100111 "
b1001000 *
b1011100 2
b1010101 :
b11111111100 B
#20882
b1001000 "
b1100111 *
b1011011 2
b1010111 :
#20883
b1000110 "
b11000010 *
b11101 2
b10100111 :
b11111111010 B
#20884
b10000011 "
b11110101 *
b10100110 2
b1011000 :
b11111111101 B
#20885
b100110 "
b10010 *
b11111 2
b11100011 :
b11111111111 B
#20886
b11100010 "
b1011001 *
b1011001 2
b11111 :
b10 B
#20887
b11111110 "
b1011110 *
b1011010 2
b11100010 :
b101 B
#20888
b11111100 "
b11010110 *
b11100100 2
b11111 :
b10 B
#20889
b11011111 "
b1111010 *
b1010111 2
b10100100 :
b0 B
#20890
b1100111 "
b1001000 *
b10100100 2
b10101011 :
b11111111010 B
#20891
b11011101 "
b11000 *
b11110 2
b11100001 :
b11111111101 B
#20892
b11010111 "
b1011 *
b11101 2
b11100010 :
b11111111010 B
#20893
b1011 "
b10000011 *
b1011000 2
b1011010 :
b11111111110 B
#20894
b1110010 "
b110101 *
b10100110 2
b1010111 :
#20895
b10100111 "
b11110 *
b11100100 2
b10100110 :
b1 B
#20896
b11101110 "
b11011010 *
b11110 2
b11100011 :
b11 B
#20897
b10000011 "
b1011 *
b10100111 2
b10100111 :
b10 B
#20898
b101001 "
b11111 2
b11110 :
b11 B
#20899
b10100011 "
b11110010 *
b10100110 2
b11100101 :
b0 B
#20900
b11010011 "
b1010010 *
b11100101 2
b1011001 :
b11111111101 B
#20901
b1011 "
b101001 *
b11110 2
b11101 :
b11111111100 B
#20902
b100 "
b11010110 *
b11100010 2
b11100010 :
b11111111101 B
#20903
b11111110 "
b10100010 *
b10100110 2
b11100011 :
#20904
b11100010 "
b1011001 *
b1011001 2
b11101 :
b0 B
#20905
b110101 "
b1110010 *
b1011000 2
b10100110 :
b11111111111 B
#20906
b11010110 "
b100 *
b11110 2
b11101 :
#20907
b101001 "
b1011 *
b11100001 2
b11100010 :
#20908
b10100011 "
b11110010 *
b1011010 2
b11101 :
b11111111101 B
#20909
b11101000 "
b11011101 *
b11111 2
#20910
b11101101 "
b1011100 *
b11100001 2
b10100111 :
b11111111111 B
#20911
b10101001 "
b100010 *
b11101 2
b11111111011 B
#20912
b11011010 "
b11101110 *
b11110 2
b11100010 :
b11111111110 B
#20913
b11110 "
b11110 *
b11100010 2
b11110 :
b11111111111 B
#20914
b1110010 "
b11001011 *
b1011000 2
b1011010 :
b0 B
#20915
b1010000 "
b11001111 *
b1011001 2
b11110 :
#20916
b10000110 "
b11011111 *
b10100111 2
b10100110 :
b1 B
#20917
b10101110 "
b101101 *
b10101000 2
b11111 :
#20918
b1001000 "
b1100111 *
b1011011 2
b1010111 :
b0 B
#20919
b11011111 "
b10000110 *
b10100100 2
b10101001 :
b11111111110 B
#20920
b11110101 "
b1111101 *
b1011011 2
b1011000 :
b11111111101 B
#20921
b10001110 "
b11001011 *
b10101001 2
b1011011 :
b11111111100 B
#20922
b11100010 "
b11110 *
b11110 2
b11110 :
b11111111101 B
#20923
b10 "
b10100010 *
b10100110 2
b11111111110 B
#20924
b1010111 "
b100010 *
b11100011 2
b10100111 :
b0 B
#20925
b11010111 "
b11110101 *
b11101 2
b11110 :
#20926
b11011101 "
b11101000 *
b11110 2
b1 B
#20927
b1011101 "
b11110010 *
b10100111 2
b11111 :
b10 B
#20928
b11010111 "
b1011 *
b11101 2
b11100010 :
b0 B
#20929
b100 "
b11010110 *
b11110 :
b11111111110 B
#20930
b100110 "
b10010 *
b11100011 2
#20931
b1011001 "
b11110 *
b1011001 :
b10 B
#20932
b10001110 "
b110101 *
b10100101 2
b10101000 :
b11111111110 B
#20933
b10000011 "
b1011 *
b10100110 2
b11111111111 B
#20934
b10011 "
b1011100 *
b11100100 2
b1011010 :
b11111111101 B
#20935
b100011 "
b11000 *
b11110 2
b11110 :
b11111111110 B
#20936
b10011001 "
b1001000 *
b10101000 2
b1011010 :
#20937
b11000010 "
b10111010 *
b10100111 2
b11100010 :
b0 B
#20938
b11001111 "
b1010000 *
b11110 2
b1011001 :
b11111111111 B
#20939
b10100010 "
b10 *
b11100010 2
b1 B
#20940
b1011001 "
b1011001 *
b1011000 2
b10100110 :
b11111111111 B
#20941
b1110010 "
b11001011 *
b10100110 2
b10101001 :
b1 B
#20942
b100 "
b101010 *
b11101 2
b11100001 :
b11111111111 B
#20943
b11110101 "
b101001 *
b11110 2
b11111111101 B
#20944
b1110 "
b10100011 *
b11100100 2
b1011010 :
b11111111100 B
#20945
b1011101 "
b11110010 *
b10100111 2
b11111 :
b11111111110 B
#20946
b11010111 "
b1011 *
b11101 2
b11100010 :
#20947
b11010110 "
b11111100 *
b11110 2
b11100011 :
#20948
b10110111 "
b111011 *
b11100010 2
b10101000 :
#20949
b10100111 "
b10100111 *
b1011010 2
b11 B
#20950
b1011110 "
b10 *
b11111 2
b1011001 :
b11111111111 B
#20951
b1010000 "
b11001111 *
b1011010 2
b11101 :
b10 B
#20952
b11000010 "
b1000110 *
b10101000 2
b11111 :
b11111111110 B
#20953
b101101 "
b1010010 *
b11111 2
b1011000 :
b11111111111 B
#20954
b1010010 "
b101101 *
b1011010 2
b11100 :
b11111111110 B
#20955
b11000010 "
b10111010 *
b10100111 2
b11100100 :
#20956
b110001 "
b10110000 *
b11100001 2
b10100111 :
#20957
b11111110 "
b10100010 *
b10100111 2
b11100010 :
#20958
b11100010 "
b11110 *
b11110 2
b11110 :
#20959
b111011 "
b10110111 *
b10100111 2
b11100001 :
b1 B
#20960
b1011 "
b1111101 *
b1011001 2
b10100111 :
b0 B
#20961
b11010111 "
b11110101 *
b11111 2
b11110 :
b10 B
#20962
b100011 "
b11000 *
b11100010 2
b11100011 :
b0 B
#20963
b11101000 *
b11100011 2
b11111 :
b11111111101 B
#20964
b11011111 "
b10000110 *
b1011011 2
b1011000 :
#20965
b110001 "
b10110000 *
b11111 2
b1011001 :
b11111111100 B
#20966
b11101110 "
b100110 *
b11100010 2
b11100010 :
b11111111101 B
#20967
b10100111 "
b10100111 *
b1011010 2
b10101000 :
b11111111110 B
#20968
b100110 "
b11101110 *
b11101 2
b11110 :
b0 B
#20969
b10000011 "
b1011 *
b10101000 2
b10100110 :
b10 B
#20970
b11011111 "
b1111010 *
b10100110 2
b1011001 :
#20971
b11110010 "
b1011101 *
b11100011 2
b1011010 :
b1 B
#20972
b1100111 "
b10111000 *
b1010111 2
b10100101 :
#20973
b10011 "
b10100100 *
b11100000 2
b10101000 :
b11111111111 B
#20974
b11110101 "
b1111101 *
b1011100 2
b1010110 :
b11111111110 B
#20975
b10100010 "
b10 *
b11100101 2
b1011010 :
b11111111100 B
#20976
b11100010 "
b11110 *
b11110 2
b11110 :
b11111111011 B
#20977
b10100010 "
b11111110 *
b1011001 :
b11111111100 B
#20978
b11001111 "
b10110000 *
b11100001 2
b0 B
#20979
b1111010 "
b100001 *
b10101000 2
b10100110 :
b11111111111 B
#20980
b1011101 "
b1110 *
b10100111 2
b11100001 :
b10 B
#20981
b1110 "
b1011101 *
b11100001 2
b10100111 :
b1 B
#20982
b11101101 "
b1011100 *
b10 B
#20983
b1010111 "
b11011110 *
b11100101 2
b1011001 :
b11111111110 B
#20984
b1001001 "
b11000101 *
b100001 2
b1011000 :
#20985
b11110 "
b1011001 *
b10100111 2
b11111 :
b11111111101 B
#20986
b110101 "
b1110010 *
b10101000 2
b1011010 :
b11111111011 B
#20987
b11110101 "
b10000011 *
b1011001 2
b10101000 :
b11111111110 B
#20988
b11010111 "
b11110101 *
b11100011 2
b11100010 :
b11111111111 B
#20989
b1110 "
b10100011 *
b11111 2
b10100111 :
b1 B
#20990
b1001000 "
b1100111 *
b1011010 2
b1011000 :
b10 B
#20991
b10000110 "
b100001 *
b10101000 2
b1011011 :
#20992
b1111101 "
b1011 *
b1010111 2
b10100101 :
b11111111110 B
#20993
b111011 "
b1001001 *
b1011000 2
b11011111 :
#20994
b10100111 "
b10100111 *
b10101000 2
b1011010 :
#20995
b11000101 "
b1001001 *
b1011001 2
b11101 :
b11111111011 B
#20996
b10000011 "
b1011 *
b1011000 2
b1011001 :
b11111111111 B
#20997
b100001 "
b10000110 *
b10100110 2
#20998
b10011001 "
b10111000 *
b1011001 2
b0 B
#20999
b11110010 "
b10100011 *
b11111 2
b1 B
#21000
b101001 "
b11110101 *
b11100011 2
b11110 :
b0 B
#21001
b10101001 "
b100010 *
b11101 2
b10100111 :
b11111111110 B
#21002
b10110111 "
b111011 *
b11100000 2
b10101000 :
#21003
b11100010 "
b11110 *
b11100010 2
b11100010 :
b11111111111 B
#21004
b10100010 "
b11111110 *
b11100001 2
b10100111 :
b11111111100 B
#21005
b11001111 "
b10110000 *
b11110 2
b0 B
#21006
b10100100 "
b10011 *
b10100111 2
b11100010 :
b11111111110 B
#21007
b11011101 "
b11101000 *
b11100010 2
b1 B
#21008
b10111000 "
b10011001 *
b10100110 2
b10101000 :
#21009
b1011100 "
b10011 *
b1011001 2
b11100001 :
b0 B
#21010
b1011 "
b10000011 *
b10100101 2
b10101000 :
b11111111110 B
#21011
b10110111 "
b111011 *
b100000 2
b1011000 :
#21012
b11100010 "
b10100111 *
b10100111 2
b11111 :
b11111111101 B
#21013
b10001110 "
b110101 *
b1011001 2
b1011001 :
b11111111100 B
#21014
b11110101 "
b10000011 *
b10100110 2
b1011000 :
b11111111110 B
#21015
b100001 "
b10000110 *
b10100101 2
b0 B
#21016
b10011001 "
b10111000 *
b1011000 2
b1011010 :
b10 B
#21017
b10101110 "
b11010011 *
b1011001 2
b11110 :
b11 B
#21018
b1011 "
b101001 *
b11100010 2
b11100011 :
b1 B
#21019
b1111101 "
b1011 *
b10101001 2
b1011011 :
#21020
b1110010 "
b110101 *
b1011100 :
b11111111101 B
#21021
b11110 "
b10100111 *
b1011010 2
b11011 :
b11111111110 B
#21022
b11001011 "
b10001110 *
b1010111 2
b10100101 :
b11111111101 B
#21023
b1010111 "
b100010 *
b100000 2
b1010111 :
b11111111100 B
#21024
b11011111 "
b1111010 *
b10100111 2
b1011010 :
b11111111110 B
#21025
b11101000 "
b100011 *
b11100010 2
b11110 :
b11111111100 B
#21026
b11000 "
b11110 2
b0 B
#21027
b11011111 "
b10000110 *
b10100111 2
b10100110 :
#21028
b10101001 "
b100010 *
b11100010 2
b1011001 :
#21029
b10010 "
b11011010 *
b11100010 :
#21030
b11100010 "
b1011001 *
b1011001 2
b11110 :
b1 B
#21031
b11111110 "
b1011110 *
b11100001 :
b0 B
#21032
b1010111 "
b100010 *
b11100010 2
b10101000 :
b1 B
#21033
b10100100 "
b10011 *
b1011010 2
b11011 :
b11111111110 B
#21034
b11000 "
b11011101 *
b11100011 2
b11110 :
b11111111111 B
#21035
b1010010 "
b101101 *
b10100110 2
b11100100 :
b11111111100 B
#21036
b111110 "
b1000110 *
b10100111 2
b11100011 :
b11111111110 B
#21037
b11001111 "
b1010000 *
b11100010 2
b10100111 :
#21038
b10010 "
b11011010 *
b11110 2
b11110 :
b11111111111 B
#21039
b11110 "
b11110 *
b11100010 2
#21040
b111011 "
b10110111 *
b1011000 2
b0 B
#21041
b10101001 "
b11011110 *
b11100010 2
b10100111 :
#21042
b11000010 "
b1000110 *
b10101000 2
b11110 :
b1 B
#21043
b11101000 "
b100011 *
b11100011 2
b11111111111 B
#21044
b11011101 "
b11000 *
b11111 :
#21045
b1111010 "
b11011111 *
b1010111 2
b10100100 :
b11111111110 B
#21046
b1010111 "
b11011110 *
b11100 2
b10100110 :
b11111111100 B
#21047
b10110111 "
b111011 *
b11110 2
b1011000 :
b11111111101 B
#21048
b1011001 "
b10100111 *
b10100111 2
b10100111 :
b11111111110 B
#21049
b10110111 "
b11000101 *
b11100001 2
b1011001 :
b11111111111 B
#21050
b11111100 "
b11010110 *
b11100011 2
b11110 :
b0 B
#21051
b1000110 "
b111110 *
b11100010 2
b10100111 :
b10 B
#21052
b1110 "
b10100011 *
b11100011 2
b1011010 :
b11111111110 B
#21053
b11011101 "
b11000 *
b11110 2
b11100010 :
b11111111111 B
#21054
b1011100 "
b10011 *
b10100111 2
b11111 :
#21055
b110001 "
b10110000 *
b11111 2
b1011001 :
b0 B
#21056
b10100010 "
b10 *
b11101 2
b10100110 :
b11111111110 B
#21057
b10100111 "
b11100010 *
b10100111 :
#21058
b11111110 "
b1011110 *
b10100111 2
b11110 :
b11111111111 B
#21059
b10101001 "
b11011110 *
b11100010 2
b10100111 :
#21060
b1011 "
b11010111 *
b11110 2
b11100001 :
#21061
b11010011 "
b10101110 *
b11100001 2
b10101000 :
#21062
b1100111 "
b10111000 *
b1011000 2
b10100110 :
b11111111110 B
#21063
b101001 "
b11110101 *
b11101 2
b11100010 :
#21064
b1010111 "
b11011110 *
b11110 2
b10100111 :
b11111111111 B
#21065
b11001011 "
b1110010 *
b1011001 2
b1011000 :
b11111111110 B
#21066
b10100111 "
b10100111 *
b10100111 2
b1011001 :
b1 B
#21067
b100110 "
b11101110 *
b11100010 2
b11100010 :
b11111111111 B
#21068
b100 "
b101010 *
b11101 2
b0 B
#21069
b1011100 "
b11101101 *
b10100111 2
b11100100 :
#21070
b11110010 "
b1011101 *
b11101 2
b10100110 :
b11111111110 B
#21071
b10100011 *
b11111 2
b1011001 :
#21072
b11011111 "
b10000110 *
b1011010 2
b1011000 :
b11111111111 B
#21073
b1010000 "
b110001 *
b10100111 2
b11111 :
b11111111110 B
#21074
b110101 "
b10001110 *
b1011001 2
b1011000 :
#21075
b11100010 "
b1011001 *
b10100111 2
b11100010 :
#21076
b11101110 "
b11011010 *
b11110 2
b11111111111 B
#21077
b1010111 "
b100010 *
b1011001 :
b1 B
#21078
b11011111 "
b1111010 *
b10100111 2
b1011010 :
b0 B
#21079
b11110010 "
b1011101 *
b11100011 2
b11111111111 B
#21080
b1100111 "
b10111000 *
b1011000 2
b10100110 :
b0 B
#21081
b1011100 "
b10011 *
b1011001 2
b11100001 :
b11111111111 B
#21082
b10000011 "
b11110101 *
b10101000 2
b1011011 :
#21083
b11101110 "
b100110 *
b11110 2
b11101 :
b11111111110 B
#21084
b1011001 "
b10100111 *
b10100110 2
b10101000 :
#21085
b1001001 "
b111011 *
b11101 2
b10100111 :
b11111111101 B
#21086
b100 "
b101010 *
b11100010 :
b11111111110 B
#21087
b1011100 "
b11101101 *
b10100111 2
b11111111111 B
#21088
b1110 "
b10100011 *
b11100010 2
b1011010 :
b11111111110 B
#21089
b10101110 "
b11010011 *
b1011001 2
b11110 :
b1 B
#21090
b11010111 "
b1011 *
b11101 2
b11100010 :
b0 B
#21091
b10000011 "
b11110101 *
b1011000 2
b10100110 :
b1 B
#21092
b1001001 "
b11000101 *
b100001 2
b1011000 :
b11111111110 B
#21093
b11100010 "
b11100010 *
b11110 2
b11100010 :
b11111111111 B
#21094
b11001011 "
b10001110 *
b1011000 2
b10100101 :
b11111111011 B
#21095
b1010111 "
b100010 *
b11110 2
b1011001 :
b0 B
#21096
b11010111 "
b11110101 *
b11100001 2
b11100010 :
b11111111110 B
#21097
b11110010 "
b1011101 *
b11100010 2
b1011010 :
b11111111111 B
#21098
b10111000 "
b10011001 *
b10100110 2
b10101000 :
b11111111101 B
#21099
b111110 "
b1000110 *
b1011001 2
b11110 :
b0 B
#21100
b11011110 "
b10101001 *
b10100111 2
b11100010 :
b11111111110 B
#21101
b10100010 "
b10 *
b11100010 2
b1011001 :
b1 B
#21102
b11110 "
b1011001 *
b1011001 2
b11100001 :
#21103
b11011010 "
b10010 *
b11111 2
b11101 :
#21104
b11011110 "
b1010111 *
b1011000 2
b11011111 :
b11111111110 B
#21105
b1011100 "
b11101101 *
b10100111 2
b11100101 :
b11111111011 B
#21106
b11110010 "
b1011101 *
b11101 2
b10100110 :
#21107
b10111000 "
b10011001 *
b1011001 2
b1011001 :
b11111111101 B
#21108
b10100100 "
b11101101 *
b11100011 :
b11111111111 B
#21109
b100010 "
b1010111 *
b10100111 2
b11100010 :
b0 B
#21110
b11101110 "
b100110 *
b11100010 2
b1 B
#21111
b10100111 "
b11100010 *
b11101 2
b10100111 :
#21112
b11001011 "
b10001110 *
b1011000 2
b10100101 :
b0 B
#21113
b1010111 "
b100010 *
b100000 2
b1010111 :
b11111111111 B
#21114
b1000110 "
b111110 *
b11111 2
b1011000 :
b11111111110 B
#21115
b1010010 "
b11010011 *
b1011000 2
b11100001 :
b11111111100 B
#21116
b11110010 "
b10100011 *
b11100001 2
b10100111 :
b11111111110 B
#21117
b10100100 "
b11101101 *
b10100111 2
b11110 :
#21118
b100 "
b11010110 *
b11100011 2
b11100010 :
#21119
b10010 "
b11011010 *
b11100010 2
b11111111111 B
#21120
b1011001 "
b10100111 *
b10101000 2
b10100110 :
b10 B
#21121
b11011010 "
b10010 *
b11110 2
b11110 :
b0 B
#21122
b1011 "
b1111101 *
b1011001 2
b10100111 :
b1 B
#21123
b111110 "
b10111010 *
b10101000 2
b11111 :
b0 B
#21124
b11110010 "
b1011101 *
b11101 2
b10100110 :
#21125
b10100011 *
b100000 2
b1011001 :
b11111111110 B
#21126
b100001 "
b1111010 *
b10100101 2
b10101000 :
b11111111111 B
#21127
b1111101 "
b1011 *
b10101000 2
b1011010 :
b11111111101 B
#21128
b111011 "
b1001001 *
b100000 :
#21129
b1011001 "
b10100111 *
b1011010 2
b1011000 :
b11111111111 B
#21130
b11101110 "
b11011010 *
b11110 2
b11100010 :
b11111111100 B
#21131
b10101001 "
b11011110 *
b11100010 2
b10100111 :
b11111111110 B
#21132
b100001 "
b10000110 *
b1011010 2
b10101000 :
b0 B
#21133
b1001000 "
b10011001 *
b11111111111 B
#21134
b1100111 *
b1011001 2
b1011001 :
b10 B
#21135
b100001 "
b1111010 *
b1011010 2
b1011000 :
#21136
b10101001 "
b100010 *
b11100100 2
b1011010 :
b0 B
#21137
b100110 "
b10010 *
b11101 2
b11100010 :
b11111111110 B
#21138
b1011001 "
b11110 *
b10100111 :
#21139
b10001110 "
b110101 *
b1011010 2
b1011000 :
#21140
b11111100 "
b11010110 *
b11100011 2
b11110 :
b11111111111 B
#21141
b11000010 "
b1000110 *
b1011000 2
b11100010 :
b11111111110 B
#21142
b10111000 "
b1100111 *
b1011001 2
b10100111 :
#21143
b10101110 "
b11010011 *
b11110 :
b11111111111 B
#21144
b11011111 "
b10000110 *
b1011010 2
b1011001 :
b0 B
#21145
b1010111 "
b11011110 *
b11100010 2
b1 B
#21146
b110101 "
b10001110 *
b1011011 2
b1010111 :
b11111111111 B
#21147
b11100010 "
b1011001 *
b10100111 2
b11100011 :
b1 B
#21148
b1011110 "
b10 *
b100001 2
b1011000 :
b11111111101 B
#21149
b1011 "
b1111101 *
b10101001 2
b1011010 :
b11111111111 B
#21150
b111110 "
b10111010 *
b1011000 2
b11100001 :
b11111111011 B
#21151
b11010011 "
b10101110 *
b11100001 2
b10101000 :
b11111111110 B
#21152
b1001000 "
b1100111 *
b1011010 2
b1011000 :
#21153
b1011 "
b101001 *
b11111 2
b11110 :
#21154
b101010 "
b100 *
b11110 2
b11100011 :
#21155
b110101 "
b10001110 *
b10101000 2
b10100110 :
b11111111101 B
#21156
b1011001 "
b11110 *
b11111 2
b10100111 :
b11 B
#21157
b1110010 "
b11001011 *
b10100111 2
b1 B
#21158
b11111100 "
b11010110 *
b11100011 2
b11110 :
b10 B
#21159
b11011111 "
b1111010 *
b1010111 2
b10100101 :
b0 B
#21160
b100011 "
b11000 *
b11100001 2
b11100011 :
b11111111110 B
#21161
b101101 "
b10101110 *
b11100100 2
b1011010 :
#21162
b11011111 "
b10000110 *
b1011011 2
b1011000 :
b11111111011 B
#21163
b101010 "
b100 *
b11100010 2
b11101 :
b11111111110 B
#21164
b1011110 "
b11111110 *
b1011001 :
b11111111101 B
#21165
b11100010 "
b11100010 *
b11110 2
b11100010 :
b11 B
#21166
b1011110 "
b10 *
b11111 2
b1011001 :
b1 B
#21167
b110001 "
b1010000 *
b11100100 2
b1011010 :
b0 B
#21168
b10000110 "
b11011111 *
b10100101 2
b10101000 :
b11111111110 B
#21169
b11000 "
b11011101 *
b11101 2
b11100010 :
#21170
b100011 *
b11111 2
b11101 :
b11111111101 B
#21171
b1111010 "
b11011111 *
b1011000 2
b10100110 :
b11111111110 B
#21172
b1111101 "
b1011 *
b10100111 :
b11111111011 B
#21173
b10110111 "
b111011 *
b11101 2
b1011001 :
b11111111111 B
#21174
b10100111 "
b10100111 *
b10100110 2
b1011000 :
b0 B
#21175
b11011010 "
b10010 *
b11110 2
b11110 :
b1 B
#21176
b10110000 "
b110001 *
b1011010 2
b11101 :
b10 B
#21177
b1000110 "
b111110 *
b11100001 2
b10101000 :
b0 B
#21178
b1100111 "
b1001000 *
b10100110 2
b10101001 :
b11111111111 B
#21179
b10011001 "
b1010111 2
b10100101 :
b11111111110 B
#21180
b10011 "
b10100100 *
b11111 2
b1011001 :
b11111111101 B
#21181
b1010000 "
b110001 *
b10100111 2
b11111 :
b11111111110 B
#21182
b10001110 "
b11001011 *
b1011000 2
b10100111 :
#21183
b1011001 "
b11110 *
b11100010 2
b1011001 :
#21184
b11111110 "
b1011110 *
b10100110 2
b11110 :
b0 B
#21185
b11001111 "
b10110000 *
b11110 2
b10100111 :
b1 B
#21186
b1011100 "
b11101101 *
b1011001 2
b11101 :
b0 B
#21187
b1011101 "
b1110 *
b1011010 2
b1 B
#21188
b1110 "
b1011101 *
b100000 2
b1011001 :
b11111111111 B
#21189
b100001 "
b1111010 *
b1011100 2
b1010111 :
#21190
b100010 "
b1010111 *
b1011001 2
b11011 :
b11111111101 B
#21191
b1110010 "
b110101 *
b1010111 2
b10100101 :
b11111111100 B
#21192
b11110 "
b11110 *
b11110 2
b11100010 :
b11111111101 B
#21193
b11000101 "
b1001001 *
b1011000 2
b11110 :
b11111111110 B
#21194
b110001 "
b1010000 *
b11110 2
b10100111 :
b0 B
#21195
b10000110 "
b11011111 *
b1011010 2
b1011010 :
b1 B
#21196
b10011001 "
b10111000 *
b1011001 2
b1011000 :
#21197
b10111000 "
b10011001 *
b1011011 2
b1010111 :
b0 B
#21198
b1111010 "
b11011111 *
b10101001 2
b1011011 :
b11111111111 B
#21199
b1010111 "
b11011110 *
b11100101 2
b1011001 :
b11111111101 B
#21200
b111011 "
b1001001 *
b10101000 2
b100001 :
b11111111110 B
#21201
b1011001 "
b1011001 *
b1011010 :
b11111111101 B
#21202
b11101110 "
b11011010 *
b11110 2
b11100010 :
b11111111011 B
#21203
b1010111 "
b100010 *
b1011001 :
b11111111111 B
#21204
b1000110 "
b111110 *
b0 B
#21205
b1110 "
b10100011 *
b10100110 :
b11111111111 B
#21206
b10100011 "
b1110 *
b10100111 2
b11111 :
#21207
b111110 "
b1000110 *
b1011001 2
b11101 :
b0 B
#21208
b110001 "
b10110000 *
b11100001 2
b10100111 :
b11111111110 B
#21209
b10110111 "
b111011 *
b11110 2
b1011000 :
b11111111111 B
#21210
b10100111 "
b11110 *
b11111 2
b1011001 :
b11111111110 B
#21211
b10010 "
b100110 *
b11110 2
b11100010 :
b11111111111 B
#21212
b11010110 "
b100 *
b11101 :
b11111111110 B
#21213
b11110101 "
b101001 *
b11111 2
b11100001 :
b0 B
#21214
b11101000 "
b100011 *
b11110 2
b11100010 :
b11111111101 B
#21215
b10100011 "
b1110 *
b1011010 2
b0 B
#21216
b11011111 "
b10000110 *
b1011001 :
#21217
b100010 "
b1010111 *
b10100111 2
b11100010 :
#21218
b11101110 "
b100110 *
b11100010 2
b11111111111 B
#21219
b1011001 "
b11100010 *
b11111 2
b1011001 :
b1 B
#21220
b10100010 "
b11111110 *
b11100000 2
b10100111 :
b0 B
#21221
b1111101 "
b11110101 *
b1011010 2
b1010111 :
b11111111110 B
#21222
b11000010 "
b1000110 *
b10101000 2
b11111 :
b11111111101 B
#21223
b101101 "
b1010010 *
b11111 2
b1011000 :
#21224
b10011001 "
b1001000 *
b10101000 2
b1011010 :
b11111111110 B
#21225
b100001 "
b1111010 *
b1011010 2
b1011001 :
#21226
b11010110 "
b11111100 *
b11100010 2
b11101 :
b11111111111 B
#21227
b10110111 "
b111011 *
b11110 2
b1011000 :
#21228
b10100111 "
b1011001 *
b1011001 2
b1011001 :
b11 B
#21229
b11011010 "
b10010 *
b11111 2
b11101 :
b11111111111 B
#21230
b10000011 "
b1011 *
b1011010 2
b1010111 :
b0 B
#21231
b1011100 "
b11101101 *
b10100111 2
b11100101 :
b11111111011 B
#21232
b1010010 "
b11010011 *
b10101000 2
b11111 :
b11111111101 B
#21233
b1011101 "
b11110010 *
b10100111 2
#21234
b1011 "
b101001 *
b11100010 2
b11100001 :
b11111111110 B
#21235
b100010 "
b1010111 *
b10100111 2
b11100010 :
#21236
b10010 "
b11011010 *
b11110 2
b11110 :
b10 B
#21237
b11100010 "
b11100010 *
b11100010 :
b1 B
#21238
b10010 "
b100110 *
b11100010 2
b11110 :
b0 B
#21239
b11111100 "
b11010110 *
b11101 2
b11100001 :
#21240
b10011 "
b1011100 *
b11100100 2
b1011010 :
#21241
b10100011 "
b11110010 *
b10100110 2
b11100011 :
b11111111100 B
#21242
b11000 "
b100011 *
b11110 2
b11110 :
b11111111110 B
#21243
b111110 "
b1000110 *
b1011001 2
b11111111111 B
#21244
b10101001 "
b100010 *
b11100010 2
b1011001 :
b0 B
#21245
b10010 "
b11011010 *
b11100010 :
b1 B
#21246
b11100010 "
b11100010 *
b11110 :
#21247
b11101110 "
b11011010 *
b11100100 2
b11111 :
b0 B
#21248
b11111100 "
b11010110 *
#21249
b11101101 "
b10100100 *
b11100101 2
b1011010 :
b11111111010 B
#21250
b1100111 "
b1001000 *
b10100111 2
b10101000 :
#21251
b10100011 "
b1110 *
b1011010 2
b11100011 :
b11111111100 B
#21252
b111110 "
b1000110 *
b10101001 2
b11100001 :
b11111111111 B
#21253
b11011110 "
b10101001 *
b1010111 2
b11111 :
b1 B
#21254
b1110010 "
b110101 *
b10100110 2
b1011000 :
b11 B
#21255
b11110 "
b11110 *
b11100010 2
b11110 :
#21256
b10110111 "
b11000101 *
b11100 2
b10100110 :
b10 B
#21257
b10101001 "
b11011110 *
b11011111 2
b10101000 :
b0 B
#21258
b10000110 "
b11011111 *
b10100011 2
b10101010 :
b11111111110 B
#21259
b10111000 "
b1100111 *
b10101011 2
b1011100 :
b11111111011 B
#21260
b11011101 "
b11000 *
b11100011 2
b11111 :
#21261
b10011 "
b10100100 *
b11100001 2
b10100111 :
#21262
b100 "
b11010110 *
b11100011 2
b11100010 :
b11111111100 B
#21263
b10001110 "
b11001011 *
b10100110 2
b1010111 :
b11111111110 B
#21264
b1011001 "
b11110 *
b100000 2
b10101000 :
b10 B
#21265
b11000101 "
b1001001 *
b1011000 2
b100000 :
b11 B
#21266
b1010000 "
b11001111 *
b10100110 2
b11100011 :
b100 B
#21267
b1011 "
b11010111 *
b11100010 2
b11111 :
#21268
b100011 "
b11000 *
b11100000 2
b11100011 :
b11111111111 B
#21269
b10101110 "
b11010011 *
b1011010 2
b11010 :
b11111111110 B
#21270
b1011100 "
b10011 *
b10101000 2
b100001 :
b11111111001 B
#21271
b11011110 "
b10101001 *
b1011001 2
b11101 :
b11111111011 B
#21272
b1011110 "
b11111110 *
b11100010 2
b1011001 :
#21273
b10100111 "
b11100010 *
b11111 2
b10100111 :
b11111111111 B
#21274
b11001011 "
b10001110 *
b1011010 2
b10101000 :
b1 B
#21275
b1011 "
b1111101 *
b10100111 2
b1011001 :
b10 B
#21276
b11000010 "
b1000110 *
b10101000 2
b11111 :
#21277
b1110 "
b10100011 *
b11100 2
b10100110 :
b0 B
#21278
b10100011 "
b1110 *
b10101000 2
b100001 :
b11111111110 B
#21279
b100001 "
b1111010 *
b1011100 2
b1010111 :
#21280
b1010000 "
b110001 *
b1011001 2
b11100000 :
b11111111011 B
#21281
b10110111 "
b111011 *
b11110 2
b1011000 :
b11111111100 B
#21282
b1011001 "
b10100111 *
b10101000 2
b10100110 :
b11111111101 B
#21283
b11111110 "
b1011110 *
b1011010 2
b11100011 :
b11111111111 B
#21284
b11010110 "
b100 *
b11110 2
b11101 :
b1 B
#21285
b1111010 "
b100001 *
b10100111 2
b10100110 :
#21286
b1010010 "
b11010011 *
b10101000 2
b11111 :
b11111111101 B
#21287
b11010011 "
b1010010 *
b11101 2
b10100111 :
b0 B
#21288
b111110 "
b1000110 *
b10100111 2
b11100011 :
b11111111110 B
#21289
b110001 "
b10110000 *
b11110 2
b1011001 :
b11111111111 B
#21290
b1011110 "
b11111110 *
b11100010 2
#21291
b11110 "
b1011001 *
b10100111 2
b11111 :
#21292
b10001110 "
b110101 *
b10100110 2
b10101000 :
b1 B
#21293
b101010 "
b11111100 *
b11111 2
b11100 :
b11111111110 B
#21294
b10100100 "
b10011 *
b10100111 2
b11100100 :
#21295
b11011101 "
b11101000 *
b11100010 2
b11100010 :
b11111111001 B
#21296
b101101 "
b10101110 *
b11111 2
b10101000 :
b11111111110 B
#21297
b11110101 "
b11010111 *
b11100010 2
b11100001 :
b0 B
#21298
b1011 "
b10000011 *
b10101000 2
b10100110 :
b10 B
#21299
b111011 "
b1001001 *
b1011000 2
b11100010 :
#21300
b11110 "
b11110 *
b11110 2
b1 B
#21301
b11001011 "
b10001110 *
b10101001 2
b1011010 :
b11111111111 B
#21302
b10000011 "
b1011 *
b1011010 2
b1010111 :
b0 B
#21303
b1111010 "
b100001 *
b10100101 2
b10101001 :
b11111111110 B
#21304
b10101110 "
b101101 *
b1011000 2
b11100001 :
b11111111101 B
#21305
b10111000 "
b10011001 *
b1011010 2
b1010111 :
#21306
b11000010 "
b10111010 *
b1011001 2
b11101 :
b11111111110 B
#21307
b11011110 "
b10101001 *
b11110 :
b11111111101 B
#21308
b10001110 "
b11001011 *
b10100111 :
b11111111111 B
#21309
b1011001 "
b10100111 *
b1011001 :
b1 B
#21310
b11111110 "
b1011110 *
b10100111 2
b11111 :
b0 B
#21311
b10101001 "
b11011110 *
b11100001 2
b10101000 :
#21312
b1111010 "
b100001 *
b1011011 2
b1011000 :
b11111111110 B
#21313
b1011101 "
b1110 *
b1011010 2
b11101 :
#21314
b11000 "
b100011 *
b11110 2
b11110 :
b11111111101 B
#21315
b10011 "
b10100100 *
b11100010 2
b10100110 :
b11111111111 B
#21316
b11111100 "
b101010 *
b11101 2
b11110 :
b0 B
#21317
b11011010 "
b11101110 *
b11100010 2
#21318
b11100010 "
b10100111 *
b10100111 2
b11111 :
b10 B
#21319
b11111110 "
b1011110 *
b1011000 2
b11100000 :
b0 B
#21320
b11110101 "
b10000011 *
b10101001 2
b1011010 :
b11111111110 B
#21321
b10000110 "
b11011111 *
b1011011 2
b1011000 :
b11111111100 B
#21322
b1001000 "
b10011001 *
b10100111 2
b1011001 :
b11111111110 B
#21323
b10100011 "
b1110 *
b1011010 2
b11100010 :
b11111111101 B
#21324
b11110101 "
b11010111 *
b11110 2
b11111 :
b0 B
#21325
b1010000 "
b110001 *
b10100110 2
b11101 :
#21326
b11001011 "
b1110010 *
b10100111 2
b10100111 :
b10 B
#21327
b10100111 "
b1011001 *
b10100110 2
b10101000 :
b1 B
#21328
b11000101 "
b1001001 *
b10100111 2
b11100011 :
b0 B
#21329
b10101001 "
b11011110 *
b11100001 2
b10101001 :
b11111111110 B
#21330
b10011 "
b1011100 *
b11100100 2
b1011010 :
b11111111111 B
#21331
b11010011 "
b10101110 *
b11100001 2
b10101000 :
b11111111101 B
#21332
b1010010 *
b11100011 2
b1011001 :
b11111111110 B
#21333
b11010111 "
b1011 *
b11110 :
#21334
b1011 "
b10000011 *
b10100111 2
b10101000 :
b11111111111 B
#21335
b111011 "
b1001001 *
b1011000 2
b11100010 :
b11111111110 B
#21336
b1011001 "
b10100111 *
b10100111 2
b10100111 :
b11111111111 B
#21337
b10110111 "
b11000101 *
b11100010 2
b1011000 :
#21338
b11010110 "
b100 *
b11110 2
b11101 :
b0 B
#21339
b100001 "
b10000110 *
b10100111 2
b1011010 :
b1 B
#21340
b1001000 "
b10011001 *
b10101001 2
b11111111101 B
#21341
b1100111 *
b10100110 2
b10101000 :
b0 B
#21342
b10000110 "
b100001 *
b1011000 2
b10100101 :
b11111111110 B
#21343
b100010 "
b1010111 *
b10100111 2
b11100011 :
#21344
b100110 "
b10010 *
b11100010 2
b11110 :
#21345
b11100010 "
b11110 *
b11100010 :
b11111111111 B
#21346
b110101 "
b1110010 *
b10100111 2
b1011001 :
b0 B
#21347
b11010110 "
b100 *
b11100010 2
b11100011 :
#21348
b11011111 "
b1111010 *
b10100111 2
b1011010 :
#21349
b10111000 "
b1100111 *
b10101000 2
b1011001 :
b11111111101 B
#21350
b11010011 "
b1010010 *
b11100011 2
b0 B
#21351
b1011 "
b101001 *
b11110 2
b11101 :
#21352
b1111101 "
b1011 *
b1011000 2
b10100110 :
b11111111111 B
#21353
b10100010 "
b10 *
b11100011 2
b1011010 :
b11111111101 B
#21354
b1011001 "
b10100111 *
b10100110 2
b10101000 :
b11111111111 B
#21355
b11001011 "
b10001110 *
b10101000 2
b1011010 :
#21356
b1010000 "
b11001111 *
b10100111 2
b11100011 :
b11111111110 B
#21357
b100001 "
b10000110 *
b1011010 :
b11111111111 B
#21358
b100011 "
b11000 *
b11100010 2
b11100010 :
#21359
b101101 "
b10101110 *
b11100011 2
b1011001 :
b0 B
#21360
b11011111 "
b10000110 *
b1011011 2
b1011000 :
#21361
b101010 "
b100 *
b11100010 2
b11101 :
b11111111111 B
#21362
b10 "
b1011110 *
b10100110 2
b11100100 :
b11111111101 B
#21363
b11100010 "
b10100111 *
b1011001 2
b11100001 :
b11 B
#21364
b11000101 "
b1001001 *
b10100110 2
b11100100 :
b11111111110 B
#21365
b11010110 "
b100 *
b11100001 2
b11100011 :
#21366
b111110 "
b10111010 *
b1011000 2
b11100001 :
#21367
b11011101 "
b11101000 *
b11100010 2
b11100011 :
b11111111011 B
#21368
b1011101 "
b11110010 *
b1011001 2
b11100001 :
b11111111110 B
#21369
b10011 "
b10100100 *
b11100010 2
b10100110 :
b11111111101 B
#21370
b1010000 "
b110001 *
b1011010 2
b11100011 :
b11111111110 B
#21371
b11001011 "
b1110010 *
b1011000 2
b1011010 :
b0 B
#21372
b1011001 "
b10100111 *
b10101000 2
b10100110 :
b1 B
#21373
b10100010 "
b11111110 *
b11110 2
b1011001 :
#21374
b11111100 "
b11010110 *
b11100011 2
b11110 :
#21375
b100001 "
b10000110 *
b10101001 2
b1011011 :
b11111111111 B
#21376
b11101000 "
b100011 *
b11101 2
b11100001 :
b11111111110 B
#21377
b11011101 "
b11000 *
#21378
b1111010 "
b11011111 *
b10101000 2
b1011011 :
b11111111100 B
#21379
b11111100 "
b101010 *
b11100011 2
b11100010 :
#21380
b11101110 "
b100110 *
b11100010 2
b11111111110 B
#21381
b10100111 "
b11110 *
b11100011 2
b10100111 :
b10 B
#21382
b10010 "
b100110 *
b11100010 2
b11110 :
b0 B
#21383
b1111101 "
b11110101 *
b1011000 2
b1011001 :
b1 B
#21384
b10111010 "
b11000010 *
b11100010 2
b10101000 :
b0 B
#21385
b101101 "
b1010010 *
b11111 2
b1011000 :
#21386
b10111000 "
b10011001 *
b10100110 2
b10101000 :
b11111111111 B
#21387
b10011 "
b10100100 *
b11100001 2
b10100111 :
b11111111110 B
#21388
b10110000 "
b11001111 *
b10100111 2
b11111 :
#21389
b10110111 "
b111011 *
b11110 2
b1011000 :
#21390
b11100010 "
b11110 *
b11110 :
#21391
b10100010 "
b11111110 *
b1011010 :
b11111111111 B
#21392
b110001 "
b1010000 *
b10100111 :
b0 B
#21393
b10111010 "
b11000010 *
b1011001 :
#21394
b11011101 "
b11101000 *
b11110 :
b1 B
#21395
b11101000 "
b11011101 *
b11111 2
b11101 :
b11111111111 B
#21396
b10000110 "
b100001 *
b1011000 2
b10100101 :
b0 B
#21397
b10110000 "
b11001111 *
b1011001 2
b11100001 :
b11111111011 B
#21398
b10100010 "
b10 *
b11110 2
b10100111 :
b11111111110 B
#21399
b11100010 "
b10100111 *
b1011001 2
b11100010 :
#21400
b11000101 "
b1001001 *
b10100111 2
b11100001 :
b1 B
#21401
b10110000 "
b110001 *
b10100110 2
b11100011 :
b11111111111 B
#21402
b11000010 "
b1000110 *
b10101000 2
b11110 :
b10 B
#21403
b1010010 "
b11010011 *
b1011000 2
b11100001 :
b11111111111 B
#21404
b11011101 "
b11000 *
b11100011 2
b11111 :
#21405
b10000110 "
b100001 *
b10101001 2
b1011100 :
b11111111110 B
#21406
b11110101 "
b1111101 *
b1011011 2
b1011000 :
b11111111100 B
#21407
b10 "
b1011110 *
b1011001 2
b11110 :
b11111111101 B
#21408
b10100111 "
b10100111 *
b10100111 2
b1011001 :
#21409
b100110 "
b11101110 *
b11100010 2
b11100010 :
b1 B
#21410
b100010 "
b10101001 *
b10100111 2
b11110 :
b0 B
#21411
b11110101 "
b101001 *
b11110 2
b11100001 :
#21412
b10101110 "
b101101 *
b1011000 2
b11111111111 B
#21413
b10100011 "
b1110 *
b1011001 2
b11111111110 B
#21414
b11110101 "
b11010111 *
b11110 2
b11101 :
#21415
b1111101 *
b10100111 2
b10101000 :
#21416
b100110 "
b10010 *
b11100010 2
b11110 :
b11111111101 B
#21417
b10100111 "
b11100010 *
b11111 2
b10100111 :
b11111111111 B
#21418
b10100010 "
b11111110 *
b11100010 2
b10100110 :
b0 B
#21419
b110001 "
b1010000 *
b1011001 :
b10 B
#21420
b101001 "
b1011 *
b11111 2
b11110 :
b0 B
#21421
b11011101 "
b11101000 *
b11100010 2
b11100010 :
b1 B
#21422
b11000 "
b100011 *
b11111 2
b11101 :
b11111111101 B
#21423
b11010111 "
b1011 *
b11100011 2
b11110 :
b0 B
#21424
b11111100 "
b101010 *
b11110 2
b11111111011 B
#21425
b110101 "
b10001110 *
b10100111 2
b10101000 :
b11111111110 B
#21426
b1011001 "
b11100010 *
b11100010 2
b10100111 :
b0 B
#21427
b11001011 "
b10001110 *
b10100111 2
b1011001 :
b11111111111 B
#21428
b100 "
b101010 *
b11101 2
b11100010 :
#21429
b11010111 "
b11110101 *
b11111 2
b11110 :
b0 B
#21430
b1011101 "
b1110 *
b10100110 2
b11100011 :
b11111111110 B
#21431
b10011001 "
b1001000 *
b1011000 2
b10100110 :
b11111111101 B
#21432
b11110101 "
b11010111 *
b11111 2
b11110 :
b11111111111 B
#21433
b1111101 "
b1011 *
b10101000 2
b1011001 :
#21434
b111011 "
b1001001 *
b11110 :
b11111111101 B
#21435
b11110 "
b1011001 *
b10100111 2
b0 B
#21436
b111011 "
b10110111 *
b1011000 2
b11111111111 B
#21437
b100010 "
b10101001 *
b1011001 2
b11100010 :
#21438
b10100100 "
b10011 *
b10100111 2
b11100011 :
b1 B
#21439
b10101110 "
b101101 *
b10101000 2
b11111 :
b11111111111 B
#21440
b10100011 "
b1110 *
b10100111 2
b100000 :
#21441
b10000110 "
b100001 *
b10101001 2
b1011100 :
b11111111110 B
#21442
b1111101 "
b1011 *
b1011000 2
b10100101 :
b11111111101 B
#21443
b1001001 "
b11000101 *
b11100000 2
b10101000 :
#21444
b1011001 "
b10100111 *
b10100110 2
b11111111110 B
#21445
b110101 "
b1110010 *
b1011001 2
b10100111 :
b11111111100 B
#21446
b1111101 "
b11110101 *
b10101000 2
b10100110 :
b11111111110 B
#21447
b11011111 "
b1111010 *
b1011011 2
b10101000 :
b0 B
#21448
b1110 "
b10100011 *
b11100001 2
b1011001 :
b1 B
#21449
b10111000 "
b10011001 *
b1011001 2
b11 B
#21450
b11110101 "
b11010111 *
b11110 2
b11101 :
b10 B
#21451
b100 "
b11010110 *
b11111 2
b0 B
#21452
b11001011 "
b1110010 *
b10100101 2
b10101001 :
b11111111101 B
#21453
b10100111 "
b10100111 *
b1010111 2
b10100101 :
b11111111011 B
#21454
b10010 "
b100110 *
b11100010 2
b11110 :
b11111111101 B
#21455
b11110101 "
b10000011 *
b1011001 2
b10100111 :
b11111111110 B
#21456
b11000010 "
b1000110 *
b10100111 2
b11110 :
b0 B
#21457
b11000 "
b11011101 *
b11110 2
b11100010 :
#21458
b101101 "
b10101110 *
b11101 2
b10100111 :
b11111111111 B
#21459
b11101101 "
b1011100 *
b11111 2
b1011001 :
b0 B
#21460
b110001 "
b10110000 *
b11100001 2
b10100111 :
b11111111111 B
#21461
b11101110 "
b100110 *
b11110 2
b11101 :
b11111111110 B
#21462
b11100010 "
b1011001 *
b1011001 2
#21463
b100110 "
b11101110 *
b11100010 2
b11100010 :
b11111111101 B
#21464
b11111100 "
b11010110 *
b11100011 2
b11110 :
b11111111111 B
#21465
b11011111 "
b1111010 *
b1011010 2
b10100110 :
b0 B
#21466
b11011101 "
b11101000 *
b11110 2
b11110 :
b11111111110 B
#21467
b10111000 "
b10011001 *
b1011001 2
b1011001 :
b0 B
#21468
b10111010 "
b111110 *
b11110 2
b10100111 :
#21469
b1111101 "
b1011 *
b10101000 2
b1011001 :
#21470
b10010 "
b11011010 *
b11110 2
b11110 :
b1 B
#21471
b11110 "
b1011001 *
b10100111 2
b11111 :
b0 B
#21472
b11111110 "
b1011110 *
b100000 :
#21473
b11110101 "
b10000011 *
b1010111 2
b10100110 :
b11111111110 B
#21474
b11101101 "
b10100100 *
b11100 2
b10100111 :
b11111111101 B
#21475
b10111000 "
b1100111 *
b10101000 2
b1011001 :
b11111111110 B
#21476
b11011101 "
b11000 *
b11100010 2
b11110 :
#21477
b10011 "
b10100100 *
b10100110 :
b0 B
#21478
b11011110 "
b10101001 *
b10100111 2
b11100010 :
#21479
b10001110 "
b11001011 *
b10101000 2
b1011001 :
#21480
b10100111 "
b10100111 *
b1011010 :
b1 B
#21481
b11101110 "
b11011010 *
b11100011 2
b11111 :
b0 B
#21482
b11010110 "
b100 *
b11111 2
b11100 :
b11111111111 B
#21483
b1011100 "
b11101101 *
b10100111 2
b11100101 :
b11111111100 B
#21484
b11010011 "
b10101110 *
b11111 2
b1011000 :
b11111111001 B
#21485
b100011 "
b11101000 *
b11100010 2
b11110 :
b11111111101 B
#21486
b11110101 "
b11010111 *
b11110 2
b11111 :
b11111111110 B
#21487
b100010 "
b1010111 *
b10101001 2
b11100000 :
b0 B
#21488
b10001110 "
b11001011 *
b1011010 2
b10101001 :
b10 B
#21489
b1011001 "
b10100111 *
b1011000 2
b1011010 :
b100 B
#21490
b10001110 "
b110101 *
b10100110 2
b10101000 :
b11 B
#21491
b1010111 "
b100010 *
b100001 2
b1011000 :
b1 B
#21492
b100001 "
b10000110 *
b1010110 2
b10100011 :
b11111111110 B
#21493
b10111000 "
b1100111 *
b10101011 2
b1011100 :
b11111111011 B
#21494
b11011101 "
b11000 *
b11100011 2
b11111 :
#21495
b11010111 "
b1011 *
b11110 :
#21496
b11001111 "
b1010000 *
b11101 2
b1011010 :
b11111111100 B
#21497
b1001001 "
b11000101 *
b11100011 2
b10100111 :
b11111111110 B
#21498
b10100111 "
b10100111 *
b10100101 2
b1010111 :
b1 B
#21499
b111011 "
b10110111 *
b10101000 2
b11100000 :
#21500
b11011110 "
b1010111 *
b1011001 2
b11100010 :
b11 B
#21501
b10100100 "
b10011 *
b1011010 2
b11100 :
b100 B
#21502
b11000 "
b11011101 *
b11100011 2
b100000 :
b11111111111 B
#21503
b11110010 "
b10100011 *
b100010 2
b1011000 :
b11111111110 B
#21504
b100001 "
b1111010 *
b10100100 2
b10101001 :
b11111111010 B
#21505
b1011 "
b10000011 *
b1011010 2
b1011000 :
#21506
b111011 "
b1001001 *
b10100111 2
b11101 :
b11111111100 B
#21507
b10100111 "
b11110 *
b11100100 2
b10100110 :
b11111111110 B
#21508
b10110111 "
b11000101 *
b100001 2
b10101000 :
b1 B
#21509
b101010 "
b11111100 *
b11101 2
b11111 :
b10 B
#21510
b1011 "
b11010111 *
b11110 2
b11100011 :
b101 B
#21511
b1011101 "
b1110 *
b1011010 2
b11101 :
b100 B
#21512
b10011001 "
b1001000 *
b10101010 2
b1011100 :
b11 B
#21513
b11011111 "
b10000110 *
b10100001 2
b10101100 :
b11111111111 B
#21514
b1010111 "
b11011110 *
b11001 2
b10100110 :
b11111111100 B
#21515
b11111110 "
b10100010 *
b10100101 2
b11100101 :
b11111111000 B
#21516
b11110 "
b11100010 *
b11100010 2
b11100010 :
b11111111010 B
#21517
b11011010 "
b10010 *
b11110 2
b11110 :
b11111111100 B
#21518
b110001 "
b1010000 *
b100000 2
b10101000 :
b0 B
#21519
b10100100 "
b10011 *
b1011001 2
b11111 :
#21520
b1110 "
b10100011 *
b11100001 2
b1011001 :
b100 B
#21521
b11010011 "
b1010010 *
b11101 2
b10100111 :
b10 B
#21522
b100001 "
b1111010 *
b10100101 2
b10101000 :
#21523
b100 "
b11010110 *
b11111 2
b11101 :
b11111111111 B
#21524
b111011 "
b1001001 *
b10101000 2
b100001 :
b11111111101 B
#21525
b1011001 "
b11100010 *
b100000 2
b1011000 :
b11111111011 B
#21526
b1011110 "
b10 *
b11111 2
b1011001 :
#21527
b1010000 "
b11001111 *
b1011001 2
b11110 :
b11111111100 B
#21528
b1111010 "
b100001 *
b1011000 2
b1011011 :
b11111111110 B
#21529
b11110010 "
b1011101 *
b11100000 2
b1011001 :
b1 B
#21530
b11000 "
b100011 *
b11110 2
b11110 :
b10 B
#21531
b100001 "
b1111010 *
b1011010 2
b1011001 :
b11 B
#21532
b1010111 "
b11011110 *
b11100 2
b10100110 :
b0 B
#21533
b111011 "
b1001001 *
b1011000 2
b11011111 :
b11111111111 B
#21534
b1011001 "
b10100111 *
b10100101 2
b10101001 :
b11111111110 B
#21535
b10 "
b10100010 *
b10101000 2
b100000 :
b11111111011 B
#21536
b1111101 "
b11110101 *
b10100111 2
b10100111 :
b11111111101 B
#21537
b10100100 "
b10011 *
b1011010 2
b11110 :
b11111111100 B
#21538
b11101000 "
b100011 *
b11111 2
b11100010 :
b0 B
#21539
b11010011 "
b1010010 *
b10101000 :
#21540
b1011 "
b101001 *
b11100010 2
b11100001 :
b11 B
#21541
b1010111 "
b11011110 *
b11100011 2
b1011001 :
b10 B
#21542
b11111110 "
b10100010 *
b1011010 2
b11100 :
#21543
b11110 "
b11110 *
b11100011 2
b11111 :
b11111111111 B
#21544
b110101 "
b1110010 *
b10101010 2
b1011100 :
b11111111110 B
#21545
b11111100 "
b11010110 *
b11101 2
b11100001 :
b11111111100 B
#21546
b11011111 "
b1111010 *
b10101000 2
b1011011 :
#21547
b1011101 "
b1110 *
b1011010 2
b11110 :
#21548
b11110010 *
b11100011 :
b11111111110 B
#21549
b10111010 "
b111110 *
b11100001 2
b1011000 :
b0 B
#21550
b1111101 "
b1011 *
b1011010 2
b10101000 :
b1 B
#21551
b10010 "
b11011010 *
b11100010 2
b11100010 :
b10 B
#21552
b10100111 "
b11100010 *
b11100011 2
b1011001 :
#21553
b1011110 "
b10 *
b11100000 2
b10101000 :
b0 B
#21554
b110001 "
b1010000 *
b11100 2
b10100111 :
b11111111111 B
#21555
b10111010 "
b11000010 *
b11111 2
b1010111 :
b11111111100 B
#21556
b11110010 "
b1011101 *
b11101 2
b10100110 :
b11111111110 B
#21557
b11101000 "
b11011101 *
b11110 2
b11110 :
b11111111101 B
#21558
b11000010 "
b10111010 *
b1011001 2
b11111111111 B
#21559
b11001111 "
b1010000 *
b11100010 2
b10100111 :
b0 B
#21560
b11001011 "
b1110010 *
b10100111 2
b10101000 :
b1 B
#21561
b11100010 "
b11100010 *
b11110 2
b11100010 :
b11111111111 B
#21562
b10001110 "
b110101 *
b10100101 2
b10101000 :
#21563
b101010 "
b11111100 *
b11111 2
b11100 :
b0 B
#21564
b100001 "
b10000110 *
b1011000 2
b10100101 :
b11111111101 B
#21565
b1010010 "
b11010011 *
b11100001 :
b11111111001 B
#21566
b11101000 "
b11011101 *
b11100010 2
b11100010 :
b11111111110 B
#21567
b11110101 "
b11010111 *
b11100001 :
#21568
b10110000 "
b11001111 *
b10100111 2
b11101 :
b0 B
#21569
b11011010 "
b11101110 *
b11100010 2
b11110 :
b10 B
#21570
b11100010 "
b10100111 *
b10100111 2
b1 B
#21571
b111011 "
b10110111 *
b11100011 :
b0 B
#21572
b10110000 "
b110001 *
b1011001 2
b11101 :
b11111111111 B
#21573
b10100100 "
b10011 *
b1011010 2
b11100 :
#21574
b11000 "
b11011101 *
b11100011 2
b11110 :
#21575
b100011 *
b11100001 2
b11100011 :
b11111111110 B
#21576
b10000110 "
b100001 *
b1011000 2
b10100101 :
#21577
b101010 "
b100 *
b11100010 2
b11101 :
b11111111011 B
#21578
b11101110 "
b100110 *
b11100010 :
b11111111110 B
#21579
b1011001 "
b10100111 *
b1011000 2
b1011010 :
b11 B
#21580
b10100010 "
b11111110 *
b11100001 2
b10100111 :
b0 B
#21581
b1111101 "
b11110101 *
b1011010 2
b1011000 :
b1 B
#21582
b1011 "
b11010111 *
b11110 2
b11100001 :
b11111111110 B
#21583
b101101 "
b1010010 *
b11111 2
b1011000 :
#21584
b1011101 "
b11110010 *
b1011001 2
b11100001 :
#21585
b11101101 "
b1011100 *
b11111 2
b1011001 :
#21586
b1010000 "
b110001 *
b1011001 2
b11100010 :
#21587
b11000101 "
b10110111 *
b10101000 2
b11110 :
#21588
b11110 "
b1011001 *
b1011001 2
b11100011 :
b11111111111 B
#21589
b10110111 "
b11000101 *
b11100001 2
b1011001 :
#21590
b10101001 "
b11011110 *
b11110 2
b1 B
#21591
b11110101 "
b101001 *
b11100001 :
b10 B
#21592
b10100011 "
b11110010 *
b1011010 2
b11101 :
b11111111111 B
#21593
b1010010 "
b101101 *
b10100110 2
b11100100 :
b11111111110 B
#21594
b10000110 "
b100001 *
b1011000 2
b10100101 :
b11111111111 B
#21595
b100010 "
b1010111 *
b10100111 2
b11100011 :
b11111111110 B
#21596
b10 "
b1011110 *
b10100110 2
#21597
b10100111 "
b11100010 *
b11101 2
b10100111 :
b11111111111 B
#21598
b11000101 "
b1001001 *
b10100111 2
b11100011 :
#21599
b11011110 "
b1010111 *
b10101000 2
b11111 :
#21600
b11110101 "
b101001 *
b11100010 2
#21601
b10111000 "
b1100111 *
b10101001 2
b1011010 :
b11111111110 B
#21602
b10011001 "
b1001000 *
#21603
b11101101 "
b1011100 *
b11111 2
b1011001 :
#21604
b11110101 "
b1111101 *
b1011001 2
b1011000 :
#21605
b1110010 "
b110101 *
b10100111 :
#21606
b1011001 "
b11100010 *
b11100011 2
b11111111111 B
#21607
b10010 "
b100110 *
b11110 2
b11100010 :
b0 B
#21608
b100010 "
b10101001 *
b10100111 2
b11110 :
b1 B
#21609
b1111010 "
b100001 *
b10100110 2
b10100111 :
b0 B
#21610
b10111000 "
b1100111 *
b1011000 2
b11111111111 B
#21611
b1110 "
b1011101 *
b11100001 2
#21612
b10111010 "
b111110 *
b11100 2
b0 B
#21613
b10101001 "
b100010 *
b11101 2
b11111111110 B
#21614
b10010 "
b11011010 *
b11110 2
b11101 :
#21615
b1011001 "
b11100010 *
b11111 2
b1011001 :
b11111111111 B
#21616
b11101110 "
b11011010 *
b11110 2
b11100010 :
b11111111101 B
#21617
b10110000 "
b110001 *
b10100110 2
b11100011 :
b11111111110 B
#21618
b10100100 "
b10011 *
b10100111 2
b11100010 :
b0 B
#21619
b1100111 "
b1001000 *
b1011001 2
b1011001 :
b11111111111 B
#21620
b1011101 "
b11110010 *
b11100001 :
b1 B
#21621
b10111010 "
b111110 *
b11100100 2
b1011001 :
b0 B
#21622
b11010110 "
b11111100 *
b11100010 2
b11110 :
b11111111110 B
#21623
b100110 "
b10010 *
b11101 2
b11100010 :
#21624
b1011001 "
b10100111 *
b10100110 2
b10101000 :
b0 B
#21625
b100110 "
b11101110 *
b11100010 2
b11100010 :
b11111111110 B
#21626
b100010 "
b10101001 *
b10100111 2
b11110 :
#21627
b111110 "
b10111010 *
b0 B
#21628
b11000 "
b11011101 *
b11100010 2
b11111111111 B
#21629
b100011 "
b11101000 *
#21630
b1011 "
b101001 *
b11100011 :
b0 B
#21631
b11111100 "
b101010 *
b11100011 2
b11100010 :
#21632
b11101110 "
b100110 *
b11100010 2
b11100011 :
b11111111101 B
#21633
b1011001 "
b1011001 *
b10101000 2
b1011010 :
b10 B
#21634
b111011 "
b10110111 *
b1011001 2
b11101 :
b11111111101 B
#21635
b1011 "
b1111101 *
b10101000 2
b1011010 :
b11111111111 B
#21636
b100001 "
b10000110 *
b1011000 2
b10100101 :
#21637
b11000 "
b11011101 *
b11101 2
b11100010 :
#21638
b11011101 "
b11000 *
b11100011 2
b11111 :
b11111111110 B
#21639
b10111010 "
b111110 *
b11100100 2
b1011001 :
#21640
b10000011 "
b11110101 *
b10101000 2
b1011010 :
b11111111100 B
#21641
b11000101 "
b10110111 *
b11110 :
b11111111110 B
#21642
b1011001 "
b11110 *
b11111 2
b10100111 :
b11111111111 B
#21643
b1011110 "
b10 *
b11100010 2
b10100110 :
#21644
b1010000 "
b11001111 *
b10100111 2
b11100010 :
b10 B
#21645
b111110 "
b10111010 *
b10101000 2
b11110 :
b0 B
#21646
b1011101 "
b1110 *
b10100110 2
b11100011 :
b1 B
#21647
b101101 "
b10101110 *
b11100100 2
b1011010 :
b11111111111 B
#21648
b1111010 "
b11011111 *
b10101001 2
b1011011 :
#21649
b11001111 "
b1010000 *
b11100001 2
b10101000 :
b11111111110 B
#21650
b10100010 "
b10 *
b11100 2
b10100110 :
#21651
b11100010 "
b10100111 *
b1011001 2
b11100001 :
#21652
b11011010 "
b10010 *
b11100010 2
b11100010 :
#21653
b100010 "
b10101001 *
b1011001 2
#21654
b11101101 "
b10100100 *
b11110 2
b10100110 :
b0 B
#21655
b10101110 "
b101101 *
b10100111 2
b11110 :
b11111111111 B
#21656
b11010011 "
b1010010 *
b11100011 2
b1011001 :
b0 B
#21657
b10111010 "
b111110 *
b11111111111 B
#21658
b10101001 "
b100010 *
#21659
b100110 "
b10010 *
b11101 2
b11100010 :
#21660
b11110 "
b11110 *
b11110 2
#21661
b10010 "
b100110 *
b11101 2
b11100001 :
b11111111110 B
#21662
b11110101 "
b10000011 *
b10101000 2
b1011001 :
b0 B
#21663
b11000010 "
b1000110 *
b1011000 2
b11100001 :
b11111111100 B
#21664
b1110 "
b10100011 *
b11100010 2
b1011010 :
b0 B
#21665
b101101 "
b10101110 *
b11100011 2
b1011001 :
b11111111110 B
#21666
b11010111 "
b1011 *
b11111 2
b11100001 :
b0 B
#21667
b100010 "
b1010111 *
b10100111 2
b11100010 :
b11111111111 B
#21668
b10100010 "
b10 *
b11110 2
b10100111 :
b0 B
#21669
b10100111 "
b11110 *
b11100001 2
b1 B
#21670
b10 "
b10100010 *
b1011001 2
b11100000 :
#21671
b1111101 "
b11110101 *
b1011011 2
b1010111 :
b11111111110 B
#21672
b11101101 "
b10100100 *
b11100 2
b10100111 :
b11111111101 B
#21673
b11000 "
b11011101 *
b11101 2
b11100010 :
#21674
b10111000 "
b10011001 *
b10100110 2
b10101000 :
b11111111110 B
#21675
b11011111 "
b10000110 *
#21676
b10101001 "
b100010 *
b11100010 2
b1011001 :
#21677
b10001110 "
b11001011 *
b10100111 2
#21678
b11100010 "
b11100010 *
b11100010 2
b11110 :
b1 B
#21679
b10001110 "
b110101 *
b1011001 2
b1011001 :
b0 B
#21680
b10101001 "
b11011110 *
b11110 2
#21681
b11000010 "
b1000110 *
b1011000 2
b11100010 :
#21682
b11010011 "
b10101110 *
b11111 2
b1011000 :
b11111111111 B
#21683
b11000 "
b100011 *
b11100001 2
b11100010 :
#21684
b100001 "
b1111010 *
b10100101 2
b10101000 :
b11111111110 B
#21685
b1011 "
b10000011 *
b1011010 2
b1011000 :
b11111111101 B
#21686
b10100010 "
b10 *
b11110 2
b10100111 :
#21687
b11110 "
b11100010 *
b11110 :
b11111111110 B
#21688
b111011 "
b10110111 *
b1011001 2
b11111 :
b1 B
#21689
b11111100 "
b11010110 *
b11101 2
b11100010 :
b0 B
#21690
b101001 "
b1011 *
b11111 2
b11110 :
b10 B
#21691
b11110010 "
b1011101 *
b11100011 2
b1011010 :
b11111111110 B
#21692
b100011 "
b11101000 *
b11110 2
b11100001 :
b11111111101 B
#21693
b101001 "
b11110101 *
b11101 2
b11100010 :
b11111111111 B
#21694
b10110000 "
b11001111 *
b10100111 2
b11111 :
b11111111110 B
#21695
b1001001 "
b11000101 *
b11100010 2
b10101000 :
#21696
b1011001 "
b10100111 *
b10100111 2
b10100111 :
#21697
b1011110 "
b10 *
b11100010 2
b10100110 :
b11111111111 B
#21698
b10110000 "
b110001 *
b1011001 2
b11110 :
b0 B
#21699
b11000010 "
b1000110 *
b11100010 :
#21700
b10011001 "
b10111000 *
b1011001 :
b1 B
#21701
b11011101 "
b11000 *
b11110 2
b11100001 :
b11111111111 B
#21702
b100001 "
b1111010 *
b10100101 2
b10101000 :
b0 B
#21703
b110001 "
b10110000 *
b11111 2
b1011001 :
b11111111110 B
#21704
b10100010 "
b10 *
b11101 2
b10100110 :
b11111111101 B
#21705
b1011001 "
b1011001 *
b10101000 2
b1011010 :
b11111111110 B
#21706
b1001001 "
b111011 *
b11100010 2
b1011000 :
b11111111111 B
#21707
b11110101 "
b10000011 *
b1011001 2
b10100111 :
#21708
b11010111 "
b11110101 *
b11100001 2
b11100010 :
b1 B
#21709
b11000 "
b11011101 *
b11101 2
b0 B
#21710
b11101000 "
b11100001 2
b11100011 :
b11111111101 B
#21711
b10000110 "
b100001 *
b10101000 2
b1011011 :
b11111111110 B
#21712
b10000011 "
b11110101 *
b1011010 :
b11111111011 B
#21713
b11000101 "
b10110111 *
b11110 :
b11111111110 B
#21714
b11100010 "
b1011001 *
b1011001 2
b11111 :
b11111111111 B
#21715
b11011010 "
b10010 *
b11110 2
b11110 :
#21716
b110001 "
b1010000 *
b10100111 :
b10 B
#21717
b11110101 "
b101001 *
b11100001 :
b0 B
#21718
b101101 "
b1010010 *
b11100001 2
b10101000 :
b1 B
#21719
b1011101 "
b11110010 *
b10100111 2
b100000 :
b11111111110 B
#21720
b11101101 "
b1011100 *
b11100001 2
b10100111 :
#21721
b11010110 "
b11111100 *
b11110 2
b11100011 :
b11111111101 B
#21722
b11101110 "
b100110 *
b11100010 2
b11100010 :
b11111111110 B
#21723
b11110 "
b11100010 *
b11110 2
b11110 :
b11 B
#21724
b110101 "
b1110010 *
b10101000 2
b1011011 :
b0 B
#21725
b1111101 "
b11110101 *
b1011010 2
b1010111 :
#21726
b1011100 "
b11101101 *
b11100 :
b11111111110 B
#21727
b10100011 "
b11110010 *
b10100110 2
b11100011 :
b11111111101 B
#21728
b1110 "
b1011101 *
b11111 2
b1011001 :
b11111111110 B
#21729
b10111010 "
b111110 *
b11100011 2
b11111111111 B
#21730
b110001 "
b10110000 *
b11100001 2
b10100111 :
b11111111110 B
#21731
b11000101 "
b10110111 *
b10101000 2
b11110 :
b11111111111 B
#21732
b1011001 "
b11100010 *
b11100001 2
b10100111 :
b11111111110 B
#21733
b10001110 "
b110101 *
b1011001 2
b1011001 :
b11111111111 B
#21734
b11001111 "
b10110000 *
b11100011 2
b1011010 :
b11111111110 B
#21735
b11110101 "
b101001 *
b11111 2
b11100001 :
b0 B
#21736
b1010010 "
b11010011 *
b10100111 2
b11110 :
b11111111111 B
#21737
b11101000 "
b11011101 *
b11110 2
b0 B
#21738
b11000010 "
b10111010 *
b1011001 2
b11101 :
b11111111111 B
#21739
b10000011 "
b11110101 *
b1011000 2
b10100110 :
b0 B
#21740
b10100010 "
b10 *
b11101 2
b11111111111 B
#21741
b11110 "
b11100010 *
b11110 2
b11110 :
#21742
b10 "
b10100010 *
b1011001 2
b11100000 :
#21743
b100 "
b101010 *
b11100100 2
b11111 :
b0 B
#21744
b101001 "
b1011 *
b11111 2
b11110 :
b11111111101 B
#21745
b1001000 "
b10011001 *
b1010111 2
b10100110 :
b11111111010 B
#21746
b100011 "
b11101000 *
b11110 2
b11100010 :
b11111111101 B
#21747
b101001 "
b11110101 *
b11111 2
b11111111110 B
#21748
b11010110 "
b11111100 *
b11100001 2
b11101 :
b0 B
#21749
b110101 "
b10001110 *
b10101000 2
b10100110 :
b11 B
#21750
b1011001 "
b1011001 *
b1011000 2
b101 B
#21751
b110101 "
b1110010 *
b1010110 2
b10100100 :
b1 B
#21752
b100010 "
b10101001 *
b10101001 2
b100001 :
b11111111111 B
#21753
b1000110 "
b111110 *
b11011111 2
b10101001 :
b11111111100 B
#21754
b101101 "
b1010010 *
b11111111011 B
#21755
b1001000 "
b1100111 *
b10100101 2
#21756
b10011 "
b10100100 *
b11111 2
b1011001 :
#21757
b101010 "
b100 *
b11100010 2
b11101 :
b11111111101 B
#21758
b110101 "
b10001110 *
b1011000 2
b1011010 :
b11111111110 B
#21759
b11100010 "
b1011001 *
b10100111 2
b11100001 :
b11 B
#21760
b1110010 "
b11001011 *
b1011001 2
b1011001 :
b1 B
#21761
b11111100 "
b11010110 *
b11101 2
b11100001 :
b10 B
#21762
b10100100 "
b10011 *
b10100111 2
b11100100 :
b0 B
#21763
b101101 "
b1010010 *
b100001 2
b1011000 :
b11111111100 B
#21764
b11110010 "
b10100011 *
b11100001 2
b10100111 :
b11111111110 B
#21765
b11010111 "
b1011 *
b11100011 2
b11110 :
b11111111011 B
#21766
b11010110 "
b11111100 *
b11100010 2
b11101 :
b11111111110 B
#21767
b10001110 "
b11001011 *
b10100110 2
b1011000 :
#21768
b11110 "
b11100010 *
b11100010 2
b11100010 :
b11 B
#21769
b11101110 "
b11011010 *
b11110 :
b10 B
#21770
b11011110 "
b1010111 *
b1011000 2
b11100010 :
b0 B
#21771
b1000110 "
b111110 *
b11100001 2
b10101000 :
#21772
b10011001 "
b10111000 *
b1011010 2
b1010111 :
b11111111111 B
#21773
b1110 "
b1011101 *
b11100000 2
b10100111 :
b11111111110 B
#21774
b11000010 "
b10111010 *
b1011001 2
b11100 :
b11111111101 B
#21775
b11111100 "
b101010 *
b11100011 2
b11100010 :
#21776
b11001011 "
b1110010 *
b10100111 2
b10101000 :
b11111111110 B
#21777
b11100010 "
b1011001 *
b11100010 :
b10 B
#21778
b11011010 "
b10010 *
b11100010 2
b11111111111 B
#21779
b110001 "
b1010000 *
b11100011 2
b1011010 :
b1 B
#21780
b10111010 "
b11000010 *
b11100001 2
b10101000 :
b0 B
#21781
b1110 "
b10100011 *
b11100 2
b10100110 :
b11111111111 B
#21782
b11000 "
b100011 *
b11110 2
b11101 :
b11111111110 B
#21783
b10011 "
b10100100 *
b11100000 2
b10101000 :
#21784
b10110000 "
b11001111 *
b10100111 2
b11111 :
b11111111101 B
#21785
b10 "
b1011110 *
b1011010 2
b11101 :
b11111111100 B
#21786
b11110 "
b11110 *
b11110 2
b11100010 :
b11111111110 B
#21787
b100110 "
b11101110 *
b11100010 2
b11111111111 B
#21788
b11110101 "
b10000011 *
b10100111 2
b1011000 :
b0 B
#21789
b1011100 "
b11101101 *
b11100010 :
#21790
b10101110 "
b101101 *
b1011001 2
b1 B
#21791
b11011101 "
b11000 *
b11110 2
b11100001 :
#21792
b11101101 "
b1011100 *
b11100001 2
b10101000 :
b11111111111 B
#21793
b101010 "
b100 *
b11100011 2
b11111 :
b11111111110 B
#21794
b11011010 "
b11101110 *
b11101 2
b11100010 :
#21795
b10100111 "
b10100111 *
b1011000 2
b10100110 :
b11111111100 B
#21796
b1110010 "
b11001011 *
b1011001 2
b1011001 :
b11111111110 B
#21797
b11110101 "
b10000011 *
b10101000 :
b11111111111 B
#21798
b1111010 "
b100001 *
b1011010 2
b1011010 :
b0 B
#21799
b11110010 "
b1011101 *
b11100010 2
b1 B
#21800
b11010011 "
b1010010 *
b11100011 2
b1011001 :
b0 B
#21801
b11010111 "
b1011 *
b11110 :
#21802
b1111101 "
b1011000 2
b10100101 :
b11111111111 B
#21803
b10 "
b1011110 *
b1011010 2
b11100 :
b11111111110 B
#21804
b1011001 "
b10100111 *
b10100110 2
b10101000 :
#21805
b10001110 "
b110101 *
b1011010 2
b1011000 :
#21806
b1111101 "
b11110101 *
b10100111 2
b10100111 :
#21807
b10000110 "
b11011111 *
b1011010 2
b1011010 :
#21808
b10101110 "
b101101 *
b1011001 2
b11100011 :
b0 B
#21809
b11110010 "
b10100011 *
b11110 2
b1011010 :
#21810
b1111010 "
b11011111 *
b10100111 2
b1 B
#21811
b110001 "
b10110000 *
b11111 2
b1011001 :
b0 B
#21812
b11001011 "
b1110010 *
b10100101 2
b10101001 :
#21813
b11110 "
b1011001 *
b10100111 2
b11111 :
b11111111110 B
#21814
b11111110 "
b1011110 *
b11111111101 B
#21815
b1111101 "
b11110101 *
b1011001 2
b1011001 :
b11111111110 B
#21816
b111110 "
b10111010 *
b11100010 :
#21817
b10011001 "
b10111000 *
b10101000 2
b10100110 :
b0 B
#21818
b1011101 "
b11110010 *
b1011010 2
b11100010 :
b11111111111 B
#21819
b1011 "
b101001 *
b11111 2
b11110 :
b1 B
#21820
b10000011 *
b10100110 2
b10101000 :
b0 B
#21821
b11011010 "
b11101110 *
b11100011 2
b11110 :
b11111111101 B
#21822
b10100111 "
b11110 *
b11111 2
b1011001 :
b11111111110 B
#21823
b1110010 "
b11001011 *
b10100111 2
b10100111 :
#21824
b11001111 "
b10110000 *
b11100010 2
b1011001 :
#21825
b1111010 "
b100001 *
b10101000 2
b10100110 :
b0 B
#21826
b10101110 "
b101101 *
b1011001 2
b11100011 :
b1 B
#21827
b11011101 "
b11000 *
b11110 2
b11100010 :
#21828
b10100100 "
b11101101 *
b1011001 2
b11100001 :
#21829
b10000011 "
b11110101 *
b1010111 2
b10100101 :
b0 B
#21830
b10110111 "
b111011 *
b11011111 2
b10101000 :
b11111111110 B
#21831
b11110 "
b11110 *
b11100011 2
b11111 :
#21832
b11001011 "
b10001110 *
b1011000 2
b10100101 :
b11111111011 B
#21833
b101010 "
b11111100 *
b11110 2
b11101 :
b11111111100 B
#21834
b1000110 "
b111110 *
b11101 2
b1011001 :
b11111111110 B
#21835
b1100111 "
b1001000 *
b1011000 2
b1011010 :
b11111111101 B
#21836
b11000 "
b100011 *
b11101 2
b11110 :
b1 B
#21837
b11010111 "
b1011 *
b11100001 2
#21838
b10101001 "
b100010 *
b11100010 2
b1011001 :
b10 B
#21839
b11111110 "
b10100010 *
b10100110 2
b11100011 :
b11 B
#21840
b1011001 "
b11100010 *
b11011111 2
b10101000 :
b1 B
#21841
b1001001 "
b111011 *
b11010 2
b10100110 :
b11111111111 B
#21842
b11011110 "
b1010111 *
b1010111 2
b11011111 :
b11111111011 B
#21843
b101001 "
b1011 *
b11100001 2
b11100010 :
#21844
b1001000 "
b10011001 *
b10101001 2
b1011010 :
#21845
b10011001 "
b1001000 *
b1011000 2
b10100110 :
b11111111101 B
#21846
b11110101 "
b11010111 *
b11111 2
b11110 :
b11111111110 B
#21847
b11001111 "
b1010000 *
b11100011 2
b10100110 :
b11111111111 B
#21848
b10100010 "
b10 *
b11110 2
b10100111 :
b11111111101 B
#21849
b10100111 "
b1011001 *
b10101000 2
b10100110 :
b1 B
#21850
b1001001 "
b111011 *
b11100010 2
b1011000 :
#21851
b11111100 "
b11010110 *
b11101 2
b11100001 :
#21852
b10011 "
b1011100 *
b11100100 2
b1011010 :
#21853
b10101110 "
b101101 *
b10101001 2
b100001 :
b11111111100 B
#21854
b11011101 "
b11000 *
b11100011 2
b11111 :
b11111111110 B
#21855
b1011100 "
b10011 *
b1011001 2
b11100001 :
b11111111011 B
#21856
b11110101 "
b1111101 *
b1011000 :
b11111111100 B
#21857
b1110010 "
b110101 *
b1011010 2
b10101000 :
b11111111110 B
#21858
b1011001 "
b1011001 *
b11111111111 B
#21859
b10100010 "
b11111110 *
b11101 2
b1011010 :
b10 B
#21860
b11010110 "
b100 *
b11110 2
b11101 :
#21861
b101001 "
b1011 *
b11100001 2
b11100010 :
b1 B
#21862
b10111000 "
b1100111 *
b1010111 2
b10100110 :
b11111111101 B
#21863
b1110 "
b1011101 *
b11100001 2
b10100111 :
#21864
b1011100 "
b10011 *
b10100111 2
b11111 :
b11111111110 B
#21865
b11110101 "
b1111101 *
b10101000 :
#21866
b10100010 "
b10 *
b11110 2
b10100111 :
#21867
b10100111 "
b1011001 *
b10101000 2
b10100110 :
b11111111111 B
#21868
b110101 "
b1110010 *
b10100110 2
b1011000 :
b1 B
#21869
b101010 "
b11111100 *
b11110 2
b11101 :
#21870
b111110 "
b10111010 *
b1011000 2
b11100001 :
b10 B
#21871
b101101 "
b1010010 *
b100001 2
b1011000 :
b11111111101 B
#21872
b10101110 "
b11010011 *
b10100110 2
b11100100 :
b11111111110 B
#21873
b1011 "
b101001 *
b11110 2
b11101 :
b11111111011 B
#21874
b1010000 "
b110001 *
b1011001 2
b11100010 :
b11111111110 B
#21875
b110101 "
b10001110 *
b10100111 2
b10100111 :
b11111111101 B
#21876
b11110 "
b10100111 *
b11100001 :
b11111111111 B
#21877
b10100010 "
b11111110 *
b11110 2
b1011010 :
b0 B
#21878
b11010110 "
b100 *
b11101 :
b10 B
#21879
b1011 "
b11010111 *
b11100010 2
b11111 :
b0 B
#21880
b11011101 "
b11101000 *
b11110 2
b11110 :
b11111111101 B
#21881
b10100011 "
b1110 *
b1011001 2
b11100001 :
b11111111110 B
#21882
b10111010 "
b111110 *
b11110 2
b10100111 :
b0 B
#21883
b11111100 "
b101010 *
b11100011 2
b11100010 :
b11111111110 B
#21884
b10110111 "
b111011 *
b11100010 2
b10101000 :
b1 B
#21885
b1011001 "
b11110 *
b11100011 2
b1011001 :
b10 B
#21886
b10001110 "
b110101 *
b10100101 2
b10101000 :
b11111111111 B
#21887
b11010110 "
b100 *
b11100001 2
b11100011 :
#21888
b1000110 "
b111110 *
b11111 2
b1011000 :
b11111111101 B
#21889
b1100111 "
b1001000 *
b1011010 2
b1010111 :
b11111111011 B
#21890
b100011 "
b11101000 *
b11110 2
b11100010 :
b11111111110 B
#21891
b11110101 "
b11010111 *
b11100010 2
b11100001 :
b11111111101 B
#21892
b101010 "
b100 *
b11110 2
b11100011 :
b0 B
#21893
b11011010 "
b11101110 *
b11100010 2
b11110 :
b10 B
#21894
b1011001 "
b11100010 *
b11100001 2
b10100111 :
b11 B
#21895
b11000101 "
b1001001 *
b1011010 2
b11100 :
b0 B
#21896
b11010110 "
b100 *
b11111 2
b11111111110 B
#21897
b11101101 "
b10100100 *
b11100101 2
b1011010 :
#21898
b10111000 "
b1100111 *
b1010111 2
b10100110 :
b11111111001 B
#21899
b11101000 "
b11011101 *
b11110 2
b11110 :
b11111111100 B
#21900
b1011 "
b101001 *
b11100010 2
b11100001 :
b11111111110 B
#21901
b10101001 "
b100010 *
b100000 2
b10101001 :
b0 B
#21902
b10100010 "
b10 *
b10101000 :
b10 B
#21903
b11110 "
b11110 *
b11100010 2
b11110 :
b100 B
#21904
b10010 "
b100110 *
#21905
b10110000 "
b110001 *
b10100110 2
b11100101 :
b0 B
#21906
b11110101 "
b101001 *
b11100010 2
b11111 :
#21907
b1100111 "
b1001000 *
b1011100 2
b1010101 :
b11111111100 B
#21908
b10111000 "
b10011001 *
b10100101 2
b10101001 :
b11111111110 B
#21909
b1111010 "
b11011111 *
b1011000 2
b10100101 :
b11111111010 B
#21910
b10000011 "
b11110101 *
b10100111 2
b1011001 :
b11111111101 B
#21911
b11000101 "
b10110111 *
b11101 :
b11111111110 B
#21912
b10100111 "
b1011001 *
b1011000 2
b1011010 :
b0 B
#21913
b11001011 "
b10001110 *
b10100101 2
b1010111 :
b1 B
#21914
b100010 "
b10101001 *
b10100111 2
b11110 :
#21915
b1000110 "
b111110 *
b11100010 2
b10101000 :
b11 B
#21916
b10111000 "
b1100111 *
b1010110 2
b10100101 :
b11111111111 B
#21917
b11011101 "
b11000 *
b11101 2
b11100010 :
#21918
b10011 "
b10100100 *
b100000 2
b1011000 :
b11111111101 B
#21919
b11001111 "
b1010000 *
b11100001 2
b10101000 :
b11111111110 B
#21920
b100110 "
b10010 *
b11100011 2
b11110 :
b11111111100 B
#21921
b11100010 "
b1011001 *
b10100111 2
b11100011 :
b11111111110 B
#21922
b10110111 "
b11000101 *
b11110 2
b10101000 :
#21923
b1010111 "
b100010 *
b1011001 :
b11111111111 B
#21924
b10111010 "
b11000010 *
b11100010 2
b10100111 :
b1 B
#21925
b11101000 "
b100011 *
b11110 :
b11111111111 B
#21926
b101101 "
b10101110 *
b11101 2
b10100111 :
#21927
b101001 "
b11110101 *
b11100010 :
b0 B
#21928
b11110101 "
b1111101 *
b1011011 2
b1011000 :
b11111111111 B
#21929
b111011 "
b1001001 *
b1011000 2
b11011111 :
b11111111110 B
#21930
b11100010 "
b1011001 *
b1011001 2
b11101 :
b11111111101 B
#21931
b1001001 "
b111011 *
b11101 2
b10100111 :
b11111111011 B
#21932
b10110000 "
b110001 *
b1011001 2
b11110 :
b11111111111 B
#21933
b11010111 "
b11110101 *
b11111 2
#21934
b10101110 "
b101101 *
b1011001 2
b11100010 :
b1 B
#21935
b11010011 *
b11101 :
b11111111101 B
#21936
b10111010 "
b111110 *
b11101 2
b10100111 :
b11111111111 B
#21937
b11001111 "
b1010000 *
b11100001 2
#21938
b10100010 "
b10 *
b11101 2
b10100110 :
#21939
b11110 "
b11100010 *
b11110 2
b11110 :
b11111111110 B
#21940
b11101110 "
b11011010 *
b11100010 :
b11111111111 B
#21941
b11010110 "
b100 *
b11100001 2
b11100011 :
b0 B
#21942
b1111010 "
b100001 *
b1011011 2
b1011000 :
#21943
b1011101 "
b1110 *
b1011010 2
b11101 :
b11111111011 B
#21944
b1001000 "
b1100111 *
b1011000 :
b11111111101 B
#21945
b10011 "
b10100100 *
b11100010 2
b10100110 :
b11111111111 B
#21946
b10101001 "
b100010 *
b1011001 :
b11111111110 B
#21947
b10010 "
b11011010 *
b11100010 :
b0 B
#21948
b10100111 "
b1011001 *
b1011001 2
b1011001 :
b1 B
#21949
b110101 "
b1110010 *
b1011000 2
b10100110 :
b0 B
#21950
b101010 "
b11111100 *
b11100010 2
b11100011 :
#21951
b10000110 "
b11011111 *
b1011011 2
b1011000 :
b11111111111 B
#21952
b10101110 "
b101101 *
b1011000 2
b11100001 :
b11111111101 B
#21953
b1100111 "
b10111000 *
b10101001 2
b1011010 :
#21954
b1000110 "
b11000010 *
b11100011 2
b1011001 :
b11111111110 B
#21955
b10101001 "
b100010 *
b11110 2
b10100111 :
#21956
b110101 "
b10001110 *
b1011001 2
b1011001 :
b11111111111 B
#21957
b11110 "
b11110 *
b11100010 2
b11110 :
b1 B
#21958
b10001110 "
b110101 *
b10100110 2
b10101000 :
b0 B
#21959
b100010 "
b10101001 *
b1011000 2
b11100001 :
#21960
b101001 "
b1011 *
b11111 2
b11110 :
b11111111110 B
#21961
b100011 "
b11000 *
b11110 2
#21962
b10100011 "
b1110 *
b10100111 2
b11111 :
b11111111101 B
#21963
b11000010 "
b10111010 *
b11100010 :
b0 B
#21964
b11001111 "
b1010000 *
b11110 2
b1011001 :
b11111111110 B
#21965
b11011010 "
b11101110 *
b11100010 2
b11110 :
b1 B
#21966
b10100111 "
b11100010 *
b11100011 2
b1011001 :
b11111111111 B
#21967
b110101 "
b1110010 *
b1011000 2
b10100110 :
b0 B
#21968
b100 "
b101010 *
b11101 2
b11100010 :
b11111111111 B
#21969
b1011100 "
b11101101 *
b10100111 2
b11100100 :
#21970
b11110010 "
b1011101 *
b11101 2
b10100110 :
b11111111110 B
#21971
b1001000 "
b1100111 *
b10100110 2
b10101000 :
#21972
b1111010 "
b11011111 *
b10101000 2
b1011010 :
b11111111111 B
#21973
b110001 "
b10110000 *
b11111 2
b1011001 :
b11111111110 B
#21974
b10100010 "
b10 *
b11110 2
b10100111 :
b11111111111 B
#21975
b11100010 "
b11100010 *
b11100010 :
b11111111110 B
#21976
b1001001 "
b111011 *
b11100010 2
b1011000 :
b1 B
#21977
b11010110 "
b100 *
b11100001 2
b11100011 :
b0 B
#21978
b11101101 "
b10100100 *
b11100 2
b10100111 :
b1 B
#21979
b10011001 "
b10111000 *
b10100101 2
b10101010 :
b11111111011 B
#21980
b11110010 "
b10100011 *
b11100001 2
b10100111 :
b11111111110 B
#21981
b1000110 "
b11000010 *
b11101 2
b11111111100 B
#21982
b10000011 "
b11110101 *
b10100111 2
b1011001 :
b11111111110 B
#21983
b110101 "
b10001110 *
b10101000 2
b10100110 :
b11111111111 B
#21984
b1011001 "
b10100111 *
b0 B
#21985
b10110111 "
b11000101 *
b11100001 2
b1011001 :
b1 B
#21986
b101010 "
b11111100 *
b11100010 2
b11100011 :
#21987
b1011100 "
b11101101 *
b10100111 2
b11100100 :
b10 B
#21988
b1100111 "
b1001000 *
b10100101 2
b10101010 :
b11111111101 B
#21989
b11000 "
b100011 *
b11100001 2
b11100011 :
b11111111110 B
#21990
b10011 "
b10100100 *
b11111 2
b1011001 :
b11111111100 B
#21991
b10110000 "
b11001111 *
b1011001 2
b11100010 :
b11111111011 B
#21992
b1001001 "
b11000101 *
b11101 2
b1011001 :
b11111111110 B
#21993
b11100010 "
b10100111 *
b1011001 2
b11100011 :
b11111111111 B
#21994
b11011010 "
b10010 *
b11100011 2
b11100010 :
b1 B
#21995
b101010 "
b11111100 *
b11110 2
b11101 :
#21996
b101001 "
b1011 *
b11111 2
b11110 :
b10 B
#21997
b101101 "
b1010010 *
b1011000 :
b11111111101 B
#21998
b10101110 "
b11010011 *
b10100111 2
b11100011 :
#21999
b1011 "
b101001 *
b11110 2
b11101 :
b11111111110 B
#22000
b11111100 "
b101010 *
b11101 2
b11110 :
b11111111111 B
#22001
b111011 "
b1001001 *
b1011000 2
b11100010 :
b11111111101 B
#22002
b1011001 "
b11110 *
b11110 2
b10100111 :
b10 B
#22003
b10100010 "
b11111110 *
b11111 2
b1011001 :
b11111111111 B
#22004
b10101001 "
b11011110 *
b11110 2
b1011000 :
b1 B
#22005
b111110 "
b10111010 *
b10101001 2
b11111 :
b11111111110 B
#22006
b11110010 "
b1011101 *
b11101 2
b10100110 :
b11111111111 B
#22007
b1001000 "
b1100111 *
b10100101 2
b10101001 :
b11111111101 B
#22008
b10100100 "
b11101101 *
b1011001 2
b11100001 :
b11111111111 B
#22009
b11010110 "
b11111100 *
b11110 2
b11100011 :
b11111111101 B
#22010
b10 "
b1011110 *
b10100110 2
b11111111110 B
#22011
b11110 "
b1011001 *
b10100111 2
b11111 :
b11 B
#22012
b1001001 "
b111011 *
b11100100 2
b1011010 :
b11111111111 B
#22013
b11001111 "
b10110000 *
b11011 2
b10100110 :
b11111111110 B
#22014
b11010111 "
b11110101 *
b11100001 2
b11100010 :
#22015
b10011001 "
b10111000 *
b10100110 2
b10101001 :
b11111111100 B
#22016
b10111000 "
b10011001 *
b10101000 :
b11111111101 B
#22017
b11101101 "
b1011100 *
b11110 2
b1011001 :
#22018
b10110000 "
b11001111 *
b10100110 2
b11101 :
b11111111110 B
#22019
b11101110 "
b100110 *
b11110 2
b11110 :
b11111111111 B
#22020
b1011001 "
b10100111 *
b10101000 2
b10100110 :
b1 B
#22021
b11111110 "
b1011110 *
b1011001 2
b11100010 :
b0 B
#22022
b11001111 "
b10110000 *
b11100011 2
b1011010 :
b1 B
#22023
b11011111 "
b1111010 *
b1011000 2
b10100101 :
b11111111111 B
#22024
b100011 "
b11000 *
b11100010 2
b11100011 :
#22025
b11101000 *
b11100011 2
b11111 :
b11111111110 B
#22026
b11011111 "
b10000110 *
b1011011 2
b1011000 :
b11111111101 B
#22027
b11001111 "
b1010000 *
b11100001 2
b10100111 :
b11111111100 B
#22028
b10110111 "
b111011 *
b11100010 2
b10101000 :
b11111111101 B
#22029
b10100111 "
b1011001 *
b10101000 2
b10100110 :
b11111111110 B
#22030
b111011 "
b10110111 *
b1011000 2
b100000 :
b11111111111 B
#22031
b1010000 "
b11001111 *
b1011001 2
b11111 :
b1 B
#22032
b11110101 "
b101001 *
b11100010 2
b11110 :
b100 B
#22033
b10011001 "
b10111000 *
b10100110 2
b10101001 :
b10 B
#22034
b11101000 "
b11011101 *
b11100010 2
b11100011 :
b0 B
#22035
b111110 "
b1000110 *
b1011010 2
b11100 :
b11111111101 B
#22036
b1010111 "
b11011110 *
b11011 2
b10100111 :
#22037
b100110 "
b10010 *
b11101 2
b11100010 :
b11111111110 B
#22038
b10100111 "
b11110 *
b11111 2
b1011001 :
b11111111101 B
#22039
b10001110 "
b110101 *
b1011010 2
b1011000 :
b11111111110 B
#22040
b100010 "
b10101001 *
b10100111 2
b11110 :
#22041
b10100100 "
b10011 *
b1011010 2
#22042
b101101 "
b1010010 *
b11100011 2
b10100111 :
b11111111111 B
#22043
b11101000 "
b11011101 *
b11110 2
b11110 :
b0 B
#22044
b1111010 "
b11011111 *
b10100111 2
b1011010 :
b1 B
#22045
b10000011 "
b11110101 *
b1011000 2
b10100110 :
b0 B
#22046
b1011110 "
b11111110 *
b11100011 2
b1011010 :
#22047
b10100111 "
b1011001 *
b10100110 2
b10101000 :
b11111111111 B
#22048
b1110010 "
b11001011 *
b1011011 2
b1011000 :
#22049
b110001 "
b1010000 *
b11100100 2
b1011010 :
b11111111110 B
#22050
b1111010 "
b100001 *
b1011011 2
b1011000 :
b11111111101 B
#22051
b10111000 "
b1100111 *
b10101000 2
b1011001 :
b11111111110 B
#22052
b1110 "
b1011101 *
b11111 2
b11111111101 B
#22053
b10111010 "
b111110 *
b11100010 2
b0 B
#22054
b11011110 "
b10101001 *
b10100111 2
b11100010 :
b11111111110 B
#22055
b10010 "
b11011010 *
b11100010 2
b1 B
#22056
b1011001 "
b11110 *
b11101 2
b10100111 :
#22057
b1001001 "
b111011 *
b0 B
#22058
b10110000 "
b110001 *
b1011010 2
b11100 :
b11111111111 B
#22059
b10011 "
b1011100 *
b11011 2
b10100111 :
#22060
b1011101 "
b1110 *
b10100110 2
b11100100 :
b11111111110 B
#22061
b10011001 "
b1001000 *
b1010111 2
b10100101 :
b11111111101 B
#22062
b1000110 "
b11000010 *
b11100100 2
b1011001 :
b11111111110 B
#22063
b10000011 "
b11110101 *
b1011000 2
b10100110 :
#22064
b11101110 "
b100110 *
b11100010 2
b11100010 :
#22065
b11110 "
b1011001 *
b10100111 2
b11110 :
b11111111111 B
#22066
b11101110 "
b11011010 *
b11110 2
b11100010 :
b0 B
#22067
b100 "
b101010 *
b11100011 2
b11110 :
b11111111111 B
#22068
b10100100 "
b10011 *
b10100111 2
b11100011 :
b0 B
#22069
b10100011 "
b11110010 *
b10100110 2
b11111111110 B
#22070
b1011101 "
b1011001 2
b11100001 :
b11111111111 B
#22071
b1011 "
b101001 *
b11110 2
b11101 :
#22072
b10000011 "
b11110101 *
b10101000 2
b1011010 :
b11111111110 B
#22073
b10 "
b1011110 *
b1011001 2
b11110 :
b11111111101 B
#22074
b1011001 "
b11110 *
b11110 2
b10100111 :
b11111111111 B
#22075
b11011010 "
b10010 *
b11110 :
b1 B
#22076
b11010110 "
b100 *
b11101 :
#22077
b10000110 "
b11011111 *
b1011011 2
b1010111 :
b0 B
#22078
b1010010 "
b11010011 *
b10101000 2
b100001 :
b11111111101 B
#22079
b1011101 "
b11110010 *
b10100111 2
b100000 :
#22080
b11000010 "
b10111010 *
b1011001 2
b11100 :
b11111111011 B
#22081
b1111101 "
b1011 *
b10101000 2
b1011001 :
b11111111101 B
#22082
b11001011 "
b1110010 *
b10100111 2
b10100111 :
b11111111110 B
#22083
b11100010 "
b10100111 *
b1011001 2
b11100011 :
b0 B
#22084
b111011 "
b10110111 *
b11111 :
#22085
b11001111 "
b10110000 *
b11110 2
b10100111 :
b1 B
#22086
b10100100 "
b10011 *
b10100111 2
b11100011 :
b10 B
#22087
b10011001 "
b10111000 *
b10100110 2
b10101001 :
b1 B
#22088
b11010011 "
b1010010 *
b11100101 2
b1011001 :
b11111111111 B
#22089
b11101101 "
b1011100 *
b100000 2
b1011000 :
b11111111101 B
#22090
b1011 "
b10000011 *
b10100101 2
b10101001 :
#22091
b10100010 "
b10 *
b11100100 2
b1011010 :
b11111111100 B
#22092
b11110 "
b11110 *
b11110 2
b11100010 :
b11111111101 B
#22093
b1011110 "
b10 *
b11100010 2
b10100111 :
b11111111110 B
#22094
b110001 "
b1010000 *
b11110 2
b0 B
#22095
b11011111 "
b1111010 *
b1011010 2
b10100110 :
b11111111111 B
#22096
b11101000 "
b100011 *
b11110 2
b11100010 :
b1 B
#22097
b10111000 "
b10011001 *
b1011010 2
b1010111 :
b0 B
#22098
b11010111 "
b1011 *
b11101 2
b11100010 :
#22099
b11011110 "
b10101001 *
b1011001 2
b11101 :
b11111111101 B
#22100
b11011010 "
b11101110 *
b11101 2
b11100010 :
b11111111110 B
#22101
b11110 "
b10100111 *
b1011001 2
b11101 :
b11111111111 B
#22102
b10001110 "
b110101 *
b10100110 2
b10101000 :
b11111111110 B
#22103
b11010110 "
b100 *
b11100010 2
b11100011 :
b11111111111 B
#22104
b10111010 "
b11000010 *
b10101000 :
b11111111110 B
#22105
b11010011 "
b10101110 *
b10100111 :
b11111111101 B
#22106
b11000 "
b100011 *
b11110 2
b11110 :
b11111111111 B
#22107
b11000010 "
b10111010 *
b10100111 2
b11100010 :
#22108
b100 "
b11010110 *
b11100011 2
b0 B
#22109
b10010 "
b11011010 *
b11100010 2
b1 B
#22110
b11100010 "
b10100111 *
b10100111 2
b11111 :
b10 B
#22111
b10100010 "
b11111110 *
b100001 2
b1011000 :
b0 B
#22112
b11001111 "
b10110000 *
b11100101 2
b1011010 :
b11111111110 B
#22113
b1111010 "
b100001 *
b10100101 2
b10101001 :
b11111111011 B
#22114
b11101000 "
b100011 *
b11110 2
b11100010 :
b11111111100 B
#22115
b10100011 "
b1110 *
b1011010 2
b11111111101 B
#22116
b10000110 "
b100001 *
b10100111 :
b0 B
#22117
b101010 "
b100 *
b11100010 2
b11101 :
#22118
b10010 "
b11011010 *
b11110 2
b11110 :
b1 B
#22119
b11110 "
b11110 *
b11100010 2
b11 B
#22120
b111011 "
b10110111 *
b1011010 2
b11100 :
b0 B
#22121
b10110000 "
b110001 *
b10100110 2
b11100101 :
#22122
b11000010 "
b1000110 *
b10101000 2
b100000 :
b11111111110 B
#22123
b10111000 "
b1100111 *
b10101010 2
b1011011 :
b11111111100 B
#22124
b10011001 *
b10100110 2
b10101000 :
#22125
b11010111 "
b1011 *
b11100010 2
b11110 :
b11111111101 B
#22126
b11001111 "
b1010000 *
b11101 2
b1011010 :
b11111111110 B
#22127
b10010 "
b11011010 *
b11100010 2
b11100010 :
b0 B
#22128
b11110 "
b11100010 *
b1 B
#22129
b1001001 "
b111011 *
b11110 2
b10101000 :
b0 B
#22130
b10101001 "
b11011110 *
b1011001 :
#22131
b10000110 "
b11011111 *
b1011010 2
b1 B
#22132
b10111000 "
b1100111 *
b1010111 2
b10100110 :
b11111111111 B
#22133
b100011 "
b11101000 *
b11100011 2
b11111 :
#22134
b11110101 "
b11010111 *
b11110 2
b11101 :
b11111111110 B
#22135
b11010110 "
b11111100 *
b11100011 :
b11111111100 B
#22136
b10 "
b1011110 *
b10100111 2
b11100010 :
b11111111101 B
#22137
b1011001 "
b1011001 *
b1011001 :
b11 B
#22138
b111011 "
b10110111 *
b1011001 2
b11101 :
b1 B
#22139
b110001 "
b1010000 *
b11100101 2
b1011010 :
b0 B
#22140
b1011 "
b11010111 *
b11110 2
b11100001 :
b11111111111 B
#22141
b1010010 "
b11010011 *
b1010111 2
b11011111 :
b11111111100 B
#22142
b10111000 "
b10011001 *
b10100101 2
b10101001 :
b11111111110 B
#22143
b11011111 "
b10000110 *
b10101000 :
b11111111011 B
#22144
b1011 "
b10000011 *
b10100111 2
b11111111101 B
#22145
b10001110 "
b11001011 *
b1011001 :
#22146
b10100111 "
b11100010 *
b11100001 2
b11111111111 B
#22147
b11000101 "
b1001001 *
b1011001 2
b11111 :
b0 B
#22148
b11111100 "
b11010110 *
b11100011 2
b11110 :
b10 B
#22149
b11000010 "
b1000110 *
b1011000 2
b11100010 :
#22150
b1110 "
b10100011 *
b11100011 2
b1011010 :
b11111111110 B
#22151
b11110010 "
b11111 2
b1011001 :
b11111111111 B
#22152
b111110 "
b1000110 *
b10100111 2
b11100100 :
#22153
b11010110 "
b11111100 *
b11110 2
b11100011 :
b11111111110 B
#22154
b10100010 "
b10 *
b11101 2
b10100110 :
#22155
b1011001 "
b11100010 *
b11111 2
b1011001 :
b11 B
#22156
b11001011 "
b10001110 *
b1010111 2
b10100101 :
b11111111111 B
#22157
b10000011 "
b1011 *
b10100101 2
b10101001 :
b11111111110 B
#22158
b111110 "
b10111010 *
b1011000 2
b11100001 :
#22159
b10101110 "
b101101 *
b10101000 2
b11111 :
b11111111101 B
#22160
b11000 "
b100011 *
b11111 2
b11101 :
b11111111110 B
#22161
b11101101 "
b1011100 *
b1011001 :
#22162
b11111100 "
b101010 *
b11101 2
b11110 :
b11111111011 B
#22163
b10 "
b1011110 *
b1011001 2
b11111 :
b11111111110 B
#22164
b11110 "
b11110 *
b11110 2
b11100010 :
b10 B
#22165
b10 "
b10100010 *
b10100110 2
b11110 :
#22166
b1010111 "
b100010 *
b11100010 2
b10100111 :
b0 B
#22167
b1000110 "
b111110 *
b10101000 :
#22168
b1100111 "
b1001000 *
b10100111 2
b11111111111 B
#22169
b11101000 "
b11011101 *
b11111 2
b11101 :
#22170
b111110 "
b1000110 *
b10100111 2
b11100100 :
#22171
b10000011 "
b11110101 *
b1011000 2
b10100110 :
b11111111011 B
#22172
b11000101 "
b10110111 *
b11100010 :
b11111111110 B
#22173
b10100111 "
b1011001 *
b10100111 2
b10100111 :
b11111111111 B
#22174
b100110 "
b11101110 *
b11110 2
b11110 :
#22175
b1011 "
b1111101 *
b10100111 2
b1011001 :
b0 B
#22176
b1111010 "
b100001 *
b1011010 2
#22177
b1011101 "
b1110 *
b11101 :
#22178
b10011001 "
b1001000 *
b10101001 2
b1011010 :
b11111111111 B
#22179
b11101101 "
b1011100 *
b11111 2
b1011001 :
#22180
b110001 "
b10110000 *
b11100001 2
b10100111 :
b11111111110 B
#22181
b100110 "
b10010 *
b11101 2
b11100010 :
#22182
b10100111 "
b11110 *
b11111 2
b1011001 :
#22183
b10110111 "
b11000101 *
b11100010 2
b1011000 :
#22184
b10101001 "
b11011110 *
b11110 2
b1011001 :
#22185
b11000010 "
b1000110 *
b1011001 2
b11100011 :
b1 B
#22186
b1010010 "
b11010011 *
b10100111 2
b11110 :
b11111111111 B
#22187
b10011001 "
b1001000 *
b1011000 2
b10100110 :
b1 B
#22188
b10100100 "
b11101101 *
b1011001 2
b11100001 :
b11111111111 B
#22189
b10000011 "
b11110101 *
b1011000 2
b10100110 :
#22190
b11001011 "
b1110010 *
b10100101 2
b10101001 :
b11111111110 B
#22191
b1011001 "
b1011001 *
b10101000 2
b1011010 :
b11111111111 B
#22192
b10110111 "
b11000101 *
b11101 2
b10100111 :
b11111111101 B
#22193
b11110101 "
b10000011 *
b1011000 2
b10100110 :
b11111111111 B
#22194
b10100100 "
b10011 *
b10100111 2
b11100100 :
#22195
b10100011 "
b11110010 *
b10100110 2
b11100011 :
#22196
b10011001 "
b1001000 *
b10101001 2
b1011011 :
b11111111110 B
#22197
b1011 "
b101001 *
b11110 2
b11101 :
b11111111111 B
#22198
b100 "
b11010110 *
b11100010 2
b11100010 :
b11111111110 B
#22199
b10010 "
b11011010 *
b11100011 :
b11111111101 B
#22200
b11110 "
b11110 *
b11110 2
b11100010 :
b0 B
#22201
b110101 "
b1110010 *
b1011000 2
b10100110 :
b11111111101 B
#22202
b1011 "
b1111101 *
b1011001 2
b10100111 :
b0 B
#22203
b11000010 "
b1000110 *
b1011000 2
b11100010 :
b11111111111 B
#22204
b11011101 "
b11101000 *
b11110 2
b11110 :
b0 B
#22205
b11101000 "
b11011101 *
b11111 2
b11101 :
b11111111111 B
#22206
b10100100 "
b11101101 *
b1011001 2
b11100001 :
b0 B
#22207
b1010111 "
b11011110 *
b11100011 2
b1011001 :
b11111111011 B
#22208
b1110010 "
b110101 *
b10101000 2
b11111111110 B
#22209
b10100111 "
b1011001 *
b10100111 2
b10100111 :
b11111111111 B
#22210
b11101110 "
b11011010 *
b11110 2
b11100010 :
b0 B
#22211
b1111101 "
b11110101 *
b1011001 2
b1011001 :
#22212
b11000010 "
b1000110 *
b10101000 2
b11110 :
#22213
b11110010 "
b1011101 *
b11100011 2
b1011010 :
#22214
b1110 "
b11111 2
b1011001 :
b11111111111 B
#22215
b10100100 "
b11101101 *
b10100111 2
b11111 :
#22216
b100 "
b11010110 *
b11100010 2
b11100010 :
b11111111110 B
#22217
b11011010 "
b11101110 *
b11100011 2
b11110 :
#22218
b11110 "
b11100010 *
b11100010 2
b11100010 :
b0 B
#22219
b11000101 "
b1001001 *
b1011001 2
b11101 :
b11111111110 B
#22220
b10101001 "
b11011110 *
b11110 2
b1011001 :
b0 B
#22221
b10000110 "
b11011111 *
b1011010 2
b11111111111 B
#22222
b1010010 "
b11010011 *
b10101000 2
b11111 :
#22223
b11000 "
b100011 *
b11100001 2
b11100010 :
#22224
b1011 "
b101001 *
b11100010 2
b11100011 :
b11111111110 B
#22225
b11110101 "
b1111101 *
b10100110 2
b10101000 :
b11111111101 B
#22226
b100110 "
b10010 *
b11100010 2
b11110 :
#22227
b11100010 "
b11110 *
b11100010 :
b11111111110 B
#22228
b10001110 "
b110101 *
b10101000 2
b10100110 :
b0 B
#22229
b1010111 "
b100010 *
b11110 2
b1011001 :
#22230
b101001 "
b1011 *
b11111 2
b11110 :
b1 B
#22231
b1010010 "
b11010011 *
b1011000 2
b11100001 :
b11111111111 B
#22232
b1011101 "
b11110010 *
b1011001 2
b11111111101 B
#22233
b11101101 "
b1011100 *
b11111 2
b1011001 :
b11111111110 B
#22234
b101010 "
b100 *
b11110 2
b11100011 :
#22235
b10110111 "
b111011 *
b1011000 :
#22236
b1011001 "
b1011001 *
b1011010 2
b10101000 :
b11 B
#22237
b100110 "
b11101110 *
b11100010 2
b11100010 :
b11111111111 B
#22238
b11010110 "
b100 *
b11110 2
b11101 :
b10 B
#22239
b11011111 "
b1111010 *
b1010111 2
b10100101 :
b0 B
#22240
b10111000 "
b1100111 *
b1010110 2
b11111111101 B
#22241
b11110010 "
b10100011 *
b100000 2
b1011001 :
b11111111110 B
#22242
b111110 "
b1000110 *
b10100111 2
b11100100 :
b11111111101 B
#22243
b11001111 "
b1010000 *
b11100001 2
b10100111 :
#22244
b111011 "
b1001001 *
b10101000 2
b11110 :
b11111111110 B
#22245
b10100111 "
b10100111 *
b1011001 2
b10100111 :
#22246
b11000101 "
b1001001 *
b10100111 2
b11100001 :
b11111111111 B
#22247
b1111101 "
b11110101 *
b1011000 2
b1011001 :
b0 B
#22248
b1011100 "
b11101101 *
b1011010 2
b11110 :
b10 B
#22249
b11000 "
b11011101 *
b11110 2
b11100010 :
b0 B
#22250
b10100011 "
b1110 *
b10100111 2
b11111 :
#22251
b1111010 "
b11011111 *
b1011000 2
b10100101 :
#22252
b110001 "
b10110000 *
b11100001 2
b10100111 :
b11111111110 B
#22253
b111011 "
b1001001 *
b1011000 2
b11100000 :
#22254
b11110 "
b11100010 *
b11100010 2
b11100010 :
#22255
b1011110 "
b10 *
b10100111 :
b11111111100 B
#22256
b10110000 "
b110001 *
b1011001 2
b11111 :
b0 B
#22257
b10011 "
b1011100 *
b11111 2
b10100111 :
b11111111111 B
#22258
b11011101 "
b11101000 *
b11110 2
b11110 :
b10 B
#22259
b100011 "
b11100010 2
#22260
b1011 "
b101001 *
b11100011 :
b0 B
#22261
b100010 "
b1010111 *
b10100111 2
#22262
b10 "
b1011110 *
b10100110 2
b11100100 :
b11111111101 B
#22263
b11100010 "
b11110 *
b11100010 2
b11100010 :
b11111111111 B
#22264
b10001110 "
b110101 *
b10100101 2
b10101000 :
b11111111110 B
#22265
b11111100 "
b11010110 *
b11101 2
b11100001 :
b0 B
#22266
b11000010 "
b1000110 *
b10101000 2
b11111 :
b11111111101 B
#22267
b11010011 "
b10101110 *
b11100001 2
b10101000 :
b11111111100 B
#22268
b100011 "
b11101000 *
b11110 2
b11100010 :
b11111111110 B
#22269
b1011100 "
b10011 *
b1011001 2
b11100011 :
#22270
b1011 "
b10000011 *
b10101000 2
b10100110 :
b0 B
#22271
b10001110 "
b11001011 *
b10100110 2
b1011000 :
b1 B
#22272
b11110 "
b1011001 *
b1011001 2
b11100010 :
#22273
b10110111 "
b11000101 *
b11100011 2
b1011001 :
b10 B
#22274
b101010 "
b11111100 *
b11100001 2
b11100011 :
b11111111111 B
#22275
b10000110 "
b11011111 *
b1011011 2
b1010111 :
#22276
b10011001 "
b10111000 *
b1010110 :
b11111111011 B
#22277
b100011 "
b11101000 *
b11100011 2
b11111 :
b11111111101 B
#22278
b11110101 "
b11010111 *
b11110 2
b11101 :
b11111111100 B
#22279
b1111101 "
b1011 *
b10100111 2
b1011001 :
#22280
b11001011 "
b1110010 *
b10101001 2
b10100110 :
b11111111101 B
#22281
b11110 "
b1011001 *
b10100110 2
b11100 :
b0 B
#22282
b10100010 "
b11111110 *
b11100100 2
b10100110 :
b10 B
#22283
b11010110 "
b100 *
b11100010 2
b11100011 :
#22284
b100001 "
b10000110 *
b1011010 2
b10100110 :
#22285
b10101110 "
b101101 *
b10101000 2
b11111 :
b11111111101 B
#22286
b1001000 "
b1100111 *
b1011010 2
b1011000 :
b0 B
#22287
b1011 "
b101001 *
b11110 2
b11101 :
b11111111110 B
#22288
b10101001 "
b100010 *
b11100010 2
b1011001 :
#22289
b11011010 "
b11101110 *
b11110 :
b11111111101 B
#22290
b11100010 "
b11100010 *
b1 B
#22291
b10010 "
b100110 *
b11110 2
b11100010 :
b0 B
#22292
b10110000 "
b110001 *
b1011010 2
b11101 :
#22293
b1011100 "
b11101101 *
b10100111 2
b11100011 :
#22294
b11011101 "
b11101000 *
b11110 2
b11110 :
b11111111111 B
#22295
b1011101 "
b11110010 *
b10100111 2
b11111 :
#22296
b1000110 "
b11000010 *
b11100100 2
b1011001 :
b0 B
#22297
b100 "
b11010110 *
b11101 2
b11110 :
b11111111110 B
#22298
b11111110 "
b10100010 *
b1011010 2
b11101 :
#22299
b11100010 "
b11110 *
b11100010 2
b11100010 :
b10 B
#22300
b1001001 "
b111011 *
b11100011 2
b1011001 :
b11111111111 B
#22301
b1011 "
b1111101 *
b10101001 2
b1011010 :
b0 B
#22302
b11101101 "
b10100100 *
b11100 2
b10100111 :
b11111111111 B
#22303
b1100111 "
b1001000 *
b1011011 2
b1010110 :
b11111111110 B
#22304
b10101110 "
b11010011 *
b10100110 2
b11100100 :
#22305
b1111010 "
b11011111 *
b1011000 2
b10100101 :
b11111111100 B
#22306
b1010111 "
b11011110 *
b11110 2
b10100111 :
b11111111110 B
#22307
b111011 "
b1001001 *
b1011000 2
b11100010 :
#22308
b11100010 "
b11110 *
b11110 2
b11110 :
b1 B
#22309
b10110111 "
b11000101 *
b11100010 2
b1011000 :
b11111111111 B
#22310
b10000011 "
b1011 *
b1011001 2
b1011001 :
b0 B
#22311
b1111010 "
b100001 *
b10100110 2
b10100111 :
b1 B
#22312
b1010010 "
b11010011 *
b10101000 2
b11111 :
b0 B
#22313
b10111000 "
b10011001 *
b1011011 2
b1010111 :
b11111111111 B
#22314
b101001 "
b11110101 *
b11100011 2
b11110 :
b11111111110 B
#22315
b10110000 "
b11001111 *
b1011001 2
b11100001 :
b11111111101 B
#22316
b1110010 "
b110101 *
b10101001 2
b1011011 :
b11111111110 B
#22317
b11110 "
b1011001 *
b10100111 2
b11111 :
#22318
b10110111 "
b11000101 *
b11110 2
b10101000 :
#22319
b1111101 "
b11110101 *
b1011000 2
b1011001 :
#22320
b10100100 "
b10011 *
b10100111 2
b11100001 :
b1 B
#22321
b100011 "
b11000 *
b11110 2
b11110 :
b0 B
#22322
b101101 "
b10101110 *
b11101 2
b10100111 :
b10 B
#22323
b11010111 "
b1011 *
b11100011 2
b11110 :
b0 B
#22324
b11110101 "
b1111101 *
b1011011 2
b1011000 :
b11111111111 B
#22325
b1110010 "
b110101 *
b1010111 2
b10100101 :
b11111111110 B
#22326
b10100111 "
b11110 *
b11111 2
b1011001 :
b11111111101 B
#22327
b10001110 "
b110101 *
b1011010 2
b1011000 :
b11111111110 B
#22328
b10110000 "
b110001 *
b11101 :
#22329
b10011 "
b1011100 *
b11110 2
b10100110 :
#22330
b11000 "
b11011101 *
b11100010 2
b11110 :
b11111111111 B
#22331
b1100111 "
b10111000 *
b10100111 2
b1011001 :
b0 B
#22332
b11110101 "
b11010111 *
b11111 2
b11110 :
#22333
b10000011 "
b11110101 *
b1011000 2
b10100111 :
#22334
b10010 "
b11011010 *
b11110 2
b11110 :
b11111111101 B
#22335
b11100010 "
b11100010 *
b11100010 :
b0 B
#22336
b11011010 "
b10010 *
b11100010 2
#22337
b10101001 "
b11011110 *
b10100111 :
#22338
b1000110 "
b111110 *
b11110 2
b1011000 :
#22339
b1110 "
b10100011 *
b11101 2
b10100110 :
b11111111111 B
#22340
b10011001 "
b1001000 *
b10101001 2
b1011010 :
#22341
b1111010 "
b11011111 *
b1011000 2
b10100101 :
#22342
b1010111 "
b11011110 *
b11100 2
b10100110 :
b11111111110 B
#22343
b110101 "
b10001110 *
b10100101 2
b10101001 :
#22344
b10100111 "
b11110 *
b11111 2
b1011001 :
#22345
b10001110 "
b110101 *
b1011001 2
b11111111101 B
#22346
b101010 "
b11111100 *
b11100010 2
b11100011 :
b11111111110 B
#22347
b11010111 "
b11110101 *
b11101 2
b11110 :
b0 B
#22348
b1100111 "
b1001000 *
b10101000 2
b10100110 :
b11111111101 B
#22349
b1011101 "
b11110010 *
b10100110 2
b11101 :
b10 B
#22350
b11010111 "
b1011 *
b11111 2
b11100001 :
b1 B
#22351
b10000011 "
b11110101 *
b1011000 2
b10100110 :
#22352
b11101110 "
b100110 *
b11100010 2
b11100011 :
b0 B
#22353
b11100010 "
b10100111 *
b1011000 2
b11100000 :
b11111111111 B
#22354
b11101110 "
b11011010 *
b11100 2
b11100001 :
b11111111101 B
#22355
b101010 "
b11111100 *
b11111 2
b11100 :
b11111111100 B
#22356
b11110101 "
b101001 *
b11100010 2
b11111 :
b11111111010 B
#22357
b1011101 "
b1110 *
b1011001 2
b11111111001 B
#22358
b11011101 "
b11000 *
b11100000 2
b11101 :
b11111111110 B
#22359
b1000110 "
b11000010 *
b100001 2
b10101000 :
b10 B
#22360
b10000011 "
b11110101 *
b10100101 2
b1010111 :
b111 B
#22361
b11001011 "
b1110010 *
b1011001 2
b1011000 :
b101 B
#22362
b11100010 "
b10100111 *
b10101000 2
b100001 :
b11 B
#22363
b10100010 "
b11111110 *
b100011 2
b1011000 :
b11111111111 B
#22364
b1010000 "
b11001111 *
b10100110 2
b11100110 :
b11111111011 B
#22365
b11110101 "
b101001 *
b11101 2
b11100001 :
b11111111001 B
#22366
b1001000 "
b10011001 *
b10101001 2
b1011010 :
b11111111011 B
#22367
b10101110 "
b11010011 *
b1011001 2
b11101 :
b11111111100 B
#22368
b11011111 "
b10000110 *
b1011010 :
b11111111110 B
#22369
b11110101 "
b1111101 *
b10101000 2
b10100110 :
b11111111111 B
#22370
b1110010 "
b110101 *
b10100110 2
b1011000 :
b0 B
#22371
b11110 "
b1011001 *
b10100111 2
b11101 :
b1 B
#22372
b11111110 "
b1011110 *
b11110 :
b10 B
#22373
b10110000 "
b110001 *
b11100011 :
b1 B
#22374
b1000110 "
b111110 *
b11111 2
b1011000 :
b11111111111 B
#22375
b11110010 "
b1011101 *
b11100100 2
b1011010 :
#22376
b1001000 "
b1100111 *
b1011011 2
b1010110 :
b11111111110 B
#22377
b101001 "
b11110101 *
b11101 2
b11100010 :
#22378
b11001111 "
b1010000 *
b100000 2
b1011001 :
b11111111100 B
#22379
b111011 "
b1001001 *
b1011000 2
b11100010 :
b11111111110 B
#22380
b11110 "
b1011001 *
b1011001 2
b11111111101 B
#22381
b11111110 "
b1011110 *
b1011010 2
b11111111111 B
#22382
b110001 "
b1010000 *
b11110 2
b10100111 :
#22383
b100001 "
b10000110 *
b10100110 2
b1011001 :
b0 B
#22384
b1110 "
b10100011 *
b11100010 2
b1011010 :
b1 B
#22385
b11010011 "
b1010010 *
b11101 2
b10100111 :
#22386
b1111010 "
b11011111 *
b10101001 2
b1011011 :
b0 B
#22387
b10101001 "
b100010 *
b11011 2
b10100111 :
b11111111111 B
#22388
b110101 "
b10001110 *
b1011011 2
b1010111 :
b11111111110 B
#22389
b1011001 "
b10100111 *
b11111111101 B
#22390
b1011110 "
b10 *
b100000 2
b1011001 :
#22391
b110001 "
b1010000 *
b11100011 2
b1011010 :
#22392
b100001 "
b10000110 *
b1011001 2
b10100110 :
#22393
b100011 "
b11000 *
b11110 2
b11110 :
b11111111111 B
#22394
b10100011 "
b1110 *
b10100111 2
b11111 :
b0 B
#22395
b1000110 "
b11000010 *
b11101 2
b10100111 :
#22396
b10101001 "
b100010 *
b11100011 2
b1011001 :
b11111111110 B
#22397
b110101 "
b10001110 *
b10100111 2
b10101000 :
b11111111111 B
#22398
b11110 "
b10100111 *
b11100011 :
#22399
b11101110 "
b11011010 *
b11100010 2
b11110 :
#22400
b1011 "
b1111101 *
b1011000 2
b10100111 :
#22401
b111110 "
b10111010 *
b10101000 2
b11111 :
b0 B
#22402
b10100011 "
b11110010 *
b1011010 2
b11101 :
#22403
b11101000 "
b11011101 *
b11111 2
b11111111110 B
#22404
b111110 "
b1000110 *
b10100111 2
b11100100 :
b11111111111 B
#22405
b101010 "
b100 *
b11100010 2
b11101 :
b11111111011 B
#22406
b1011110 "
b11111110 *
b1011001 :
b11111111110 B
#22407
b11100010 "
b11100010 *
b11110 2
b11100010 :
b11 B
#22408
b10010 "
b100110 *
b11100010 2
b11111 :
b1 B
#22409
b10101001 "
b11011110 *
b11100000 2
b10101000 :
b0 B
#22410
b11011111 "
b1111010 *
b10101001 2
b1011100 :
b11111111110 B
#22411
b1010010 "
b11010011 *
b1011000 2
b11011111 :
b11111111100 B
#22412
b10100011 "
b1110 *
b10100111 2
b11111 :
b11111111101 B
#22413
b11101101 "
b1011100 *
b11111 2
b1011001 :
b11111111011 B
#22414
b10110000 "
b11001111 *
b10100110 2
b11101 :
b11111111110 B
#22415
b11011010 "
b11101110 *
b11100010 2
b11110 :
#22416
b11100010 "
b10100111 *
b10100111 2
b11101 :
b1 B
#22417
b11101110 "
b11011010 *
b11100010 2
b11110 :
b0 B
#22418
b1111101 "
b11110101 *
b10101000 2
b10100111 :
b1 B
#22419
b100001 "
b10000110 *
b10100111 2
b1011010 :
b0 B
#22420
b101101 "
b1010010 *
b11100001 2
b10101000 :
#22421
b11110010 "
b10100011 *
b11111 2
b1011001 :
#22422
b11000010 "
b10111010 *
b1011001 2
b11100 :
b11111111110 B
#22423
b1010111 "
b11011110 *
b11100011 2
b1011001 :
#22424
b111011 "
b1001001 *
b10101000 2
b11110 :
#22425
b11110 "
b11100010 *
b11110 2
b11111111111 B
#22426
b111011 "
b10110111 *
b1011000 2
#22427
b10000011 "
b1011 *
b10100111 2
b10100111 :
b0 B
#22428
b111110 "
b10111010 *
b1011000 2
b11100010 :
b1 B
#22429
b11011101 "
b11101000 *
b11100010 2
b11100011 :
b0 B
#22430
b11101000 "
b11011101 *
b11100001 2
b11111111111 B
#22431
b10011 "
b10100100 *
b11100000 2
b10101000 :
b11111111101 B
#22432
b11001111 "
b1010000 *
b100000 2
b1011001 :
b11111111011 B
#22433
b1001001 "
b11000101 *
b11100010 2
b10101000 :
b11111111100 B
#22434
b11110 "
b11110 *
b11110 2
b11100010 :
b11111111101 B
#22435
b11111110 "
b1011110 *
b1011010 2
b11100011 :
b11111111111 B
#22436
b110001 "
b1010000 *
b11111 2
b10100111 :
b0 B
#22437
b111110 "
b10111010 *
b10100111 2
b11101 :
b1 B
#22438
b1100111 "
b1001000 *
b10100111 :
b10 B
#22439
b101101 "
b10101110 *
b11100011 2
b1011001 :
b1 B
#22440
b11101101 "
b1011100 *
b11100001 2
b10101000 :
b0 B
#22441
b10101001 "
b100010 *
b11011 2
b10100111 :
b11111111111 B
#22442
b10 "
b1011110 *
b10100110 2
b11100100 :
b11111111110 B
#22443
b11100010 "
b10100111 *
b1011000 2
b11100000 :
b11111111101 B
#22444
b10110111 "
b11000101 *
b11101 2
b10100111 :
b11111111110 B
#22445
b100010 "
b10101001 *
b1011000 2
b11100001 :
b11111111100 B
#22446
b101001 "
b1011 *
b11111 2
b11110 :
b11111111111 B
#22447
b10111000 "
b1100111 *
b10100111 2
b1011001 :
b11111111110 B
#22448
b1001000 "
b1011001 2
b11111111101 B
#22449
b11011111 "
b10000110 *
b10100111 2
b10100110 :
b0 B
#22450
b1010000 "
b110001 *
b1011010 2
b11100011 :
#22451
b10100010 "
b10 *
b11100010 2
b1011001 :
#22452
b1011001 "
b11100010 *
b10100111 :
b1 B
#22453
b110101 "
b1110010 *
b1011000 2
b10100110 :
#22454
b1010000 "
b11001111 *
b10100111 2
b11100100 :
b11111111111 B
#22455
b10000110 "
b11011111 *
b1011011 2
b1010111 :
#22456
b1011101 "
b1110 *
b10100110 2
b11100100 :
b11111111110 B
#22457
b10101110 "
b11010011 *
b1011010 2
b11100 :
b11111111101 B
#22458
b100001 "
b1111010 *
b10100101 2
b10101000 :
b11111111110 B
#22459
b100010 "
b1010111 *
b10100111 2
b11100011 :
#22460
b10 "
b1011110 *
b11100010 :
b11111111101 B
#22461
b11110 "
b11100010 *
b11110 2
b11110 :
b11111111111 B
#22462
b10 "
b10100010 *
b1011001 2
b11100010 :
b1 B
#22463
b1011 "
b1111101 *
b10101000 2
b1011010 :
b0 B
#22464
b11110101 "
b101001 *
b11100010 2
b11111 :
b11111111111 B
#22465
b10111000 "
b1100111 *
b10101001 2
b1011010 :
#22466
b1010010 "
b101101 *
b1011010 2
b11100 :
b11111111110 B
#22467
b11101101 "
b1011100 *
b11111 2
b1011001 :
#22468
b11001111 "
b1010000 *
#22469
b110101 "
b10001110 *
b10100111 2
b10101000 :
#22470
b11110 "
b11100010 *
b11100010 2
b11100010 :
#22471
b1001001 "
b111011 *
b11111 2
b10100111 :
b11111111111 B
#22472
b11110101 "
b10000011 *
b10100111 2
b1011000 :
b0 B
#22473
b111110 "
b10111010 *
b11110 :
b10 B
#22474
b10111000 "
b1100111 *
b1011000 2
b10100111 :
b1 B
#22475
b11101000 "
b11011101 *
b11111 2
b11101 :
b11111111111 B
#22476
b100001 "
b1111010 *
b10100101 2
b10101001 :
b0 B
#22477
b11010110 "
b11111100 *
b11101 2
b11100010 :
b11111111011 B
#22478
b11000101 "
b10110111 *
b1011000 2
b11100000 :
b11111111101 B
#22479
b11110 "
b11110 *
b11100010 2
b11110 :
b11111111110 B
#22480
b10010 "
b100110 *
b11111111100 B
#22481
b11011110 "
b1010111 *
b10100111 2
b11101 :
b0 B
#22482
b11110101 "
b101001 *
b11100010 2
#22483
b1010010 "
b11010011 *
b1011001 2
b11100011 :
b1 B
#22484
b101101 "
b10101110 *
b11101 2
b10100111 :
b11 B
#22485
b11011111 "
b10000110 *
b10100100 2
b10101001 :
b1 B
#22486
b1111101 "
b1011 *
b1010110 2
b10100100 :
b11111111111 B
#22487
b11000101 "
b10110111 *
b10101000 2
b100010 :
b11111111100 B
#22488
b10100111 "
b11110 *
b100000 2
b1011000 :
#22489
b10001110 "
b110101 *
b1011010 2
b11111111010 B
#22490
b11110101 "
b10000011 *
b10100110 2
b11111111100 B
#22491
b10111010 "
b11000010 *
b11100 2
b1011010 :
b11111111110 B
#22492
b1110 "
b10100011 *
b11011111 2
b1011000 :
b10 B
#22493
b11110010 "
b11101 2
b1011010 :
#22494
b11101101 "
b1011100 *
b11100011 2
b10100111 :
b101 B
#22495
b1010111 "
b11011110 *
b1011001 :
b1 B
#22496
b1110010 "
b110101 *
b10101001 2
b1011011 :
#22497
b11100010 "
b10100111 *
b1011000 2
b11011111 :
b11111111111 B
#22498
b10100010 "
b11111110 *
b11011110 2
b10101000 :
b11111111110 B
#22499
b11011110 "
b1010111 *
b10101000 2
b100001 :
b11111111011 B
#22500
b1011 "
b11010111 *
b11110 2
b11100001 :
b11111111010 B
#22501
b11010011 "
b10101110 *
b11100010 2
b10100111 :
b11111111011 B
#22502
b11110010 "
b10100011 *
b11100011 2
b10100110 :
b11111111110 B
#22503
b111110 "
b1000110 *
b1011000 2
b11111 :
b11111111111 B
#22504
b110001 "
b10110000 *
b11100011 2
b10100111 :
b1 B
#22505
b11101110 "
b100110 *
b11110 2
b11110 :
b10 B
#22506
b1011001 "
b11100010 *
b11100001 2
b10100111 :
b1 B
#22507
b10010 "
b100110 *
b11101 2
b11100001 :
b0 B
#22508
b11111100 "
b11010110 *
b11100100 2
b11111 :
b11111111110 B
#22509
b1111010 "
b100001 *
b10100101 2
b10101000 :
b11111111100 B
#22510
b1110 "
b10100011 *
b11100010 2
b1011010 :
b11111111010 B
#22511
b10100011 "
b1110 *
b1011010 2
b11100011 :
b11111111101 B
#22512
b10100100 "
b11101101 *
b11100101 :
b0 B
#22513
b11110101 "
b1111101 *
b10101001 2
b10100110 :
b1 B
#22514
b10001110 "
b11001011 *
b1011010 2
b10101000 :
b100 B
#22515
b11110 "
b11110 *
b11100010 2
b11110 :
b10 B
#22516
b10001110 "
b110101 *
b10100101 2
b10101000 :
#22517
b11010110 "
b100 *
b11100001 2
b11100011 :
b0 B
#22518
b1000110 "
b111110 *
b100000 2
b1011000 :
b11111111101 B
#22519
b1100111 "
b1001000 *
b1011011 2
b1010110 :
b11111111011 B
#22520
b101101 "
b10101110 *
b11101 2
b10100111 :
b11111111100 B
#22521
b1011 "
b101001 *
b11111 2
b11110 :
#22522
b1111101 "
b1011 *
b1011010 2
b10101000 :
b11111111111 B
#22523
b11111110 "
b10100010 *
b10100111 2
b11100001 :
b11111111101 B
#22524
b1011001 "
b1011001 *
b1011010 2
b10101000 :
b10 B
#22525
b10110111 "
b11000101 *
b11100001 2
b1011001 :
#22526
b100 "
b101010 *
b11101 2
b11100010 :
#22527
b11011111 "
b1111010 *
b1011000 2
b10100101 :
#22528
b1100111 "
b1001000 *
b10100101 2
b10101010 :
b11111111110 B
#22529
b101101 "
b10101110 *
b11100100 2
b1011010 :
#22530
b11101101 "
b1011100 *
b11100001 2
b10100111 :
b11111111100 B
#22531
b1010000 "
b110001 *
b10100111 2
b11110 :
b11111111110 B
#22532
b1011110 "
b11111110 *
b11100010 2
b1011001 :
#22533
b10100111 "
b11110 *
b11100011 2
b10100111 :
b11111111111 B
#22534
b100110 "
b11101110 *
b11110 2
b11110 :
b1 B
#22535
b110001 "
b1010000 *
b11100011 2
b1011010 :
#22536
b11011111 "
b1111010 *
b10101000 2
b1011011 :
b0 B
#22537
b1110 "
b10100011 *
b11101 2
b10100110 :
b11111111111 B
#22538
b101101 "
b10101110 *
b11100 2
b11111111110 B
#22539
b11010111 "
b1011 *
b11100011 2
b11110 :
b11111111111 B
#22540
b110001 "
b10110000 *
b11100001 2
b10100111 :
b11111111110 B
#22541
b11011010 "
b11101110 *
b11100011 2
b11110 :
#22542
b1011001 "
b10100111 *
b10100110 2
b10101000 :
#22543
b10100010 "
b11111110 *
b11110 2
b1011001 :
#22544
b100010 "
b10101001 *
b10100111 2
b11110 :
#22545
b101001 "
b1011 *
b11100011 2
b11100010 :
b11111111111 B
#22546
b11011101 "
b11101000 *
b11110 2
b11110 :
#22547
b11110010 "
b10100011 *
b1011010 :
b10 B
#22548
b1000110 "
b11000010 *
b11100011 2
b1011001 :
b0 B
#22549
b1010111 "
b11011110 *
#22550
b10110111 "
b111011 *
b11100000 2
b10101000 :
b11111111111 B
#22551
b10100111 "
b11100010 *
b11101 2
b10100111 :
#22552
b10110111 "
b11000101 *
b11111111100 B
#22553
b11110101 "
b10000011 *
b1011001 2
b11111111111 B
#22554
b11000010 "
b1000110 *
b10101000 2
b11110 :
#22555
b1110 "
b10100011 *
b11101 2
b10100110 :
b0 B
#22556
b11110010 "
b11100001 2
b10100111 :
b11111111111 B
#22557
b1011100 "
b10011 *
b1011001 2
b11100001 :
#22558
b10000011 "
b11110101 *
b10101000 2
b1011011 :
b11111111110 B
#22559
b11001011 "
b1110010 *
b1011011 2
b1010111 :
#22560
b11110 "
b11110 *
b11110 2
b11100010 :
#22561
b10001110 "
b110101 *
b1011001 2
b1011001 :
b11111111101 B
#22562
b101010 "
b11111100 *
b11100010 2
b11100011 :
b0 B
#22563
b10111010 "
b11000010 *
b11110 2
b1011001 :
#22564
b10011001 "
b10111000 *
b1011001 2
b11111111101 B
#22565
b1010010 "
b101101 *
b10100111 2
b11100010 :
b11111111111 B
#22566
b111110 "
b1000110 *
b0 B
#22567
b100010 "
b1010111 *
b1 B
#22568
b11101110 "
b100110 *
b11100010 2
b11100011 :
#22569
b11100010 "
b1011001 *
b10100110 2
b11100100 :
#22570
b10110111 "
b11000101 *
b11100 2
b10100110 :
b11111111101 B
#22571
b10101001 "
b11011110 *
b11100000 2
b10101000 :
b11111111110 B
#22572
b100001 "
b10000110 *
b1011000 2
b10100101 :
#22573
b1100111 "
b1001000 *
b1011010 2
b1010111 :
b11111111100 B
#22574
b10101110 "
b11010011 *
b10100111 2
b11100011 :
b11111111110 B
#22575
b10011 "
b10100100 *
b11100010 2
b10100110 :
b11111111101 B
#22576
b110001 "
b10110000 *
b11100011 2
b11111111111 B
#22577
b10 "
b1011110 *
b1011001 2
b11110 :
b0 B
#22578
b11100010 "
b1011001 *
b1 B
#22579
b100110 "
b11101110 *
b11100010 2
b11100010 :
#22580
b101010 "
b11111100 *
b11100001 2
b11100011 :
#22581
b1000110 "
b111110 *
b11100000 2
b10101000 :
b0 B
#22582
b10100011 "
b11110010 *
b1011010 2
b11011 :
b11111111011 B
#22583
b10111000 "
b10011001 *
b1011011 2
b1010111 :
b11111111100 B
#22584
b11000010 "
b10111010 *
b1011001 2
b11101 :
#22585
b11111100 "
b101010 *
b11100011 2
b11100010 :
b11111111101 B
#22586
b11111110 "
b10100010 *
b1011001 2
b11111 :
b11111111111 B
#22587
b11100010 "
b11110 *
b11100010 2
b11100010 :
b10 B
#22588
b11001011 "
b10001110 *
b1011001 2
b10100111 :
#22589
b100 "
b101010 *
b11100011 2
b11111 :
b0 B
#22590
b11110101 "
b101001 *
b11100010 2
#22591
b1100111 "
b1001000 *
b1011010 2
b1010111 :
b11111111100 B
#22592
b1011101 "
b11110010 *
b1011001 2
b11100001 :
b11111111110 B
#22593
b10011 "
b10100100 *
b11100010 2
b10100110 :
b11111111101 B
#22594
b11010110 "
b11111100 *
b11101 :
b11111111110 B
#22595
b10 "
b1011110 *
b1011001 2
b11111 :
b0 B
#22596
b10100111 "
b1011001 *
b1011000 2
b1011010 :
b11 B
#22597
b1110010 "
b11001011 *
b10100110 2
b10101000 :
b10 B
#22598
b101010 "
b11111100 *
b11100001 2
b11100011 :
b1 B
#22599
b10000110 "
b11011111 *
b1011100 2
b1010111 :
b11111111110 B
#22600
b11110010 "
b1011101 *
b11100 2
b10100110 :
b11111111011 B
#22601
b11101000 "
b11011101 *
b11111 2
b11101 :
b11111111100 B
#22602
b11010111 "
b1011 *
b11100001 :
b11111111110 B
#22603
b1010000 "
b110001 *
b10100110 2
b11101 :
b11111111011 B
#22604
b111011 "
b1001001 *
b10100111 2
b0 B
#22605
b10100111 "
b11100010 *
b11111 2
b10100111 :
b1 B
#22606
b11001011 "
b10001110 *
b1011010 2
b10101000 :
#22607
b11001111 "
b10110000 *
b11101 2
b10100110 :
b10 B
#22608
b11101101 "
b10100100 *
b11100 2
b10100111 :
#22609
b101101 "
b1010010 *
b100001 2
b1011000 :
b11111111111 B
#22610
b10101110 *
b11011 2
b10100111 :
b11111111110 B
#22611
b1000110 "
b11000010 *
b11100 2
b10100110 :
b11111111011 B
#22612
b1010111 "
b11011110 *
b11101 2
b10100111 :
b11111111101 B
#22613
b111011 "
b1001001 *
b1011000 2
b11100010 :
b11111111110 B
#22614
b11110 "
b11100010 *
b11100010 2
b11111111111 B
#22615
b110101 "
b1110010 *
b1011001 2
b10100111 :
#22616
b1010111 "
b100010 *
b11100010 2
b0 B
#22617
b1011 "
b11010111 *
b11111 :
#22618
b11011101 "
b11101000 *
b11110 2
b11110 :
b11111111111 B
#22619
b11000 "
b100011 *
b11100001 2
b11100010 :
b11111111110 B
#22620
b111110 "
b1000110 *
b10100111 2
b11100011 :
b0 B
#22621
b110001 "
b10110000 *
b11111 2
b1011001 :
b11111111101 B
#22622
b11011010 "
b11101110 *
b11110 2
b11100010 :
b11111111111 B
#22623
b11110 "
b11100010 *
b11110 :
b11111111110 B
#22624
b11001011 "
b10001110 *
b1011001 2
b10100111 :
b0 B
#22625
b11110101 "
b10000011 *
#22626
b111110 "
b10111010 *
b1011000 2
b11100010 :
#22627
b10111000 "
b1100111 *
b10101000 2
b1011001 :
#22628
b11000 "
b100011 *
b11111 2
b11101 :
b11111111111 B
#22629
b11010111 "
b1011 *
b11100011 2
b11110 :
b0 B
#22630
b10000011 "
b11110101 *
b10101000 2
b1011011 :
b11111111011 B
#22631
b1011110 "
b11111110 *
b11110 2
b10100111 :
b11111111110 B
#22632
b11110 "
b1011001 *
b1011001 2
b11100010 :
#22633
b1001001 "
b111011 *
b11111 2
b10100111 :
b1 B
#22634
b1010111 "
b100010 *
b11100010 2
b11111111111 B
#22635
b101001 "
b1011 *
b11100001 2
b11100010 :
b10 B
#22636
b100011 "
b11000 *
b11100010 2
b11100011 :
b11111111111 B
#22637
b1010010 "
b101101 *
b10100110 2
b11100100 :
b11111111101 B
#22638
b10111010 "
b111110 *
b11100 2
b10100111 :
#22639
b11001111 "
b1010000 *
b11100001 2
b11111111110 B
#22640
b11011010 "
b11101110 *
b11110 2
b11100010 :
#22641
b11100010 "
b11100010 *
#22642
b100110 "
b11101110 *
b11110 :
b0 B
#22643
b11111100 "
b11010110 *
b11101 2
b11100010 :
#22644
b1000110 "
b111110 *
b11110 2
b1011001 :
#22645
b1001000 "
b10011001 *
b1011001 2
b10100111 :
b11111111110 B
#22646
b1100111 *
b1011001 :
b11111111111 B
#22647
b10000110 "
b100001 *
b10100111 2
b1011010 :
b0 B
#22648
b10110000 "
b11001111 *
b11110 :
#22649
b11000101 "
b10110111 *
b10101000 2
#22650
b11100010 "
b10100111 *
b10100111 2
b11111 :
b11111111111 B
#22651
b1001001 "
b111011 *
b11101 2
b10100111 :
#22652
b1111101 "
b11110101 *
b10100111 2
b10101000 :
b11111111110 B
#22653
b111110 "
b10111010 *
b10101000 2
b11110 :
b11111111111 B
#22654
b1010010 "
b11010011 *
b11111 :
#22655
b101101 "
b10101110 *
b11100011 2
b1011001 :
#22656
b1000110 "
b11000010 *
b11100100 2
b11111111110 B
#22657
b11110101 "
b1111101 *
b10100110 2
b10101000 :
b11111111111 B
#22658
b100110 "
b10010 *
b11100011 2
b11110 :
b11111111110 B
#22659
b11100010 "
b1011001 *
b10100111 2
b11100011 :
#22660
b1110010 "
b11001011 *
b1011001 2
b1011001 :
#22661
b101010 "
b11111100 *
b11110 2
b11101 :
b11111111111 B
#22662
b11000010 "
b1000110 *
b10100111 2
b11110 :
b0 B
#22663
b101101 "
b1010010 *
b11110 2
b1011001 :
b11111111101 B
#22664
b11010011 "
b11100010 2
b11111111111 B
#22665
b10111010 "
b111110 *
#22666
b1111101 "
b1011 *
b1011000 2
b10100111 :
b1 B
#22667
b10110111 "
b111011 *
b100000 2
b1011000 :
#22668
b11100010 "
b10100111 *
b10101000 2
b100000 :
b0 B
#22669
b10 "
b10100010 *
b100001 :
b11111111100 B
#22670
b11010110 "
b100 *
b11110 2
b11101 :
#22671
b11110101 "
b101001 *
b11111 2
b11100001 :
b11111111011 B
#22672
b1100111 "
b1001000 *
b10101001 2
b10100110 :
b11111111101 B
#22673
b100011 "
b11101000 *
b11100010 2
b11101 :
b0 B
#22674
b1000110 "
b11000010 *
b11100001 2
b1011000 :
b10 B
#22675
b100010 "
b1010111 *
b10100111 2
b11100010 :
b11 B
#22676
b10100010 "
b10 *
b11101 2
b10100110 :
b10 B
#22677
b10100111 "
b11100010 *
b11100 2
b1 B
#22678
b110101 "
b1110010 *
b10101010 2
b1011100 :
b11111111111 B
#22679
b1010000 "
b11001111 *
b1011010 2
b11010 :
b11111111110 B
#22680
b11010111 "
b11110101 *
b11100001 2
b11100010 :
b11111111100 B
#22681
b11010011 "
b10101110 *
b10101000 :
b11111111011 B
#22682
b1110 "
b1011101 *
b11111 2
b1011001 :
b11111111101 B
#22683
b111110 "
b1000110 *
b1011001 2
b11110 :
b11111111110 B
#22684
b101010 "
b100 *
b11110 2
b11100011 :
#22685
b10110111 "
b111011 *
b11101 2
b1011001 :
b1 B
#22686
b11110 "
b1011001 *
b1011001 2
b11100010 :
b11 B
#22687
b11011010 "
b10010 *
b11111 2
b11101 :
b1 B
#22688
b11001111 "
b10110000 *
b11100101 2
b1011010 :
b11111111111 B
#22689
b1011100 "
b11101101 *
b10100110 2
b11100101 :
b11111111011 B
#22690
b11011101 "
b11101000 *
b11110 2
b11101 :
b11111111100 B
#22691
b11000 *
b11100010 :
#22692
b11101101 "
b1011100 *
b11100011 2
b10100111 :
b11111111101 B
#22693
b1111101 "
b1011 *
b10100110 2
b1011000 :
b0 B
#22694
b110101 "
b10001110 *
b1011000 2
b1011010 :
b1 B
#22695
b10100111 "
b1011001 *
b10100111 2
b10100111 :
b10 B
#22696
b1110010 "
b11001011 *
b1011010 2
b1011000 :
b1 B
#22697
b11110101 "
b10000011 *
b1010111 2
b10100110 :
b0 B
#22698
b101001 *
b11100010 2
b11111 :
b11111111110 B
#22699
b11101000 "
b100011 *
b11100011 2
b11110 :
#22700
b100011 "
b11101000 *
b11110 2
b11100001 :
#22701
b111110 "
b1000110 *
b1011001 2
b11101 :
#22702
b11001111 "
b1010000 *
b11110 2
b1011001 :
#22703
b11001011 "
b1110010 *
b1011001 2
b11111111111 B
#22704
b10100111 "
b10100111 *
b10100111 2
#22705
b11001011 "
b10001110 *
b0 B
#22706
b10110000 "
b110001 *
b1011010 2
b11101 :
#22707
b111110 "
b10111010 *
b10101000 2
b11110 :
#22708
b10100011 "
b11110010 *
b1011010 2
b11101 :
b11111111111 B
#22709
b1001000 "
b1100111 *
b10100110 2
b10101000 :
#22710
b10011 "
b10100100 *
b11111 2
b1011001 :
#22711
b1010111 "
b11011110 *
b11100011 2
b11111111110 B
#22712
b100110 "
b10010 *
b11110 :
#22713
b11110 "
b11110 *
b11100010 2
b11111111111 B
#22714
b1001001 "
b111011 *
b11100011 2
b1011001 :
b11111111110 B
#22715
b11110101 "
b10000011 *
b1011001 2
b10100111 :
b0 B
#22716
b100001 "
b10000110 *
b10100110 :
b11111111111 B
#22717
b10011001 "
b10111000 *
b10100111 2
b10101000 :
b0 B
#22718
b1010010 "
b101101 *
b1011001 2
b11101 :
#22719
b1011100 "
b10011 *
b11100001 :
b11111111111 B
#22720
b11110101 "
b1111101 *
b1011011 2
b1011000 :
#22721
b1011110 "
b11111110 *
b11100 2
b10100110 :
b11111111110 B
#22722
b10100111 "
b10100111 *
b10101000 2
b1011010 :
b11111111101 B
#22723
b11111110 "
b1011110 *
b1011001 2
b11100001 :
b11111111110 B
#22724
b110001 "
b1010000 *
b11101 2
b10100110 :
b11111111111 B
#22725
b11011111 "
b1111010 *
b1011001 2
b11111111110 B
#22726
b1010010 "
b11010011 *
b10100111 2
b11110 :
b11111111111 B
#22727
b1011101 "
b11110010 *
b11111 :
b0 B
#22728
b10100100 "
b11101101 *
b1011001 2
b11100001 :
b11111111111 B
#22729
b1010000 "
b110001 *
b10100111 2
b11111 :
b11111111110 B
#22730
b1001001 "
b11000101 *
b11110 2
b1011000 :
#22731
b1011001 "
b1011001 *
b10100111 2
b1011001 :
#22732
b10110111 "
b11000101 *
b11111 2
b10100111 :
b11111111111 B
#22733
b110001 "
b1010000 *
b11100010 2
b1011001 :
b0 B
#22734
b111110 "
b10111010 *
b1011001 2
b11100010 :
b10 B
#22735
b101101 "
b1010010 *
b11111 2
b1011000 :
b1 B
#22736
b10111000 "
b10011001 *
b10100101 2
b10101001 :
b11111111111 B
#22737
b100001 "
b1111010 *
b1011100 2
b1010111 :
b11111111110 B
#22738
b10000011 "
b11110101 *
b10101000 2
b1011011 :
b11111111101 B
#22739
b11101110 "
b100110 *
b11110 2
b11101 :
b11111111100 B
#22740
b1011001 "
b1011001 *
b1011001 2
b10100111 :
b11111111110 B
#22741
b11011010 "
b10010 *
b11110 2
b11110 :
b11111111101 B
#22742
b1011 "
b1111101 *
b1011010 2
b10101000 :
b0 B
#22743
b1111010 "
b100001 *
b10101000 2
b10100110 :
#22744
b10100011 "
b11110010 *
b1011001 2
b11111 :
b10 B
#22745
b11110010 "
b10100011 *
b11111 2
b1011001 :
b1 B
#22746
b10100100 "
b11101101 *
b1011001 2
b11100001 :
b10 B
#22747
b100010 "
b1010111 *
b10100111 2
b11100101 :
b11111111110 B
#22748
b10010 "
b11011010 *
b11110 2
b11101 :
#22749
b1011001 "
b11110 *
b11100011 2
b1011001 :
b11111111101 B
#22750
b1110010 "
b11001011 *
b1011010 2
b1011000 :
#22751
b10101001 "
b11011110 *
b11100010 2
b10100111 :
b11111111111 B
#22752
b11010111 "
b11110101 *
b11100001 2
b11100010 :
b11111111110 B
#22753
b100011 "
b11000 *
b11110 2
b11110 :
b11111111111 B
#22754
b1010010 "
b101101 *
b1011001 2
b11101 :
b11111111101 B
#22755
b11010111 "
b1011 *
b11100010 2
b11110 :
b0 B
#22756
b110001 "
b10110000 *
b10100111 :
b11111111111 B
#22757
b10100010 "
b10 *
b1011001 :
b0 B
#22758
b10100111 "
b1011001 *
b1011010 2
b1011000 :
b11111111111 B
#22759
b1011110 "
b10 *
b11100001 2
b10100111 :
b1 B
#22760
b11001111 "
b10110000 *
b11100100 2
b1011010 :
b11111111110 B
#22761
b10011 "
b1011100 *
b11100 2
b10100111 :
#22762
b10100011 "
b11110010 *
b1011010 2
b11101 :
#22763
b1010010 "
b101101 *
b10100111 2
b11100011 :
#22764
b10100100 "
b11101101 *
b1011010 2
b11100010 :
b11111111111 B
#22765
b1010000 "
b110001 *
b10100111 2
b11110 :
#22766
b10001110 "
b11001011 *
b1011000 2
b10100111 :
b0 B
#22767
b11100010 "
b11100010 *
b11110 2
b11100010 :
b11111111111 B
#22768
b111011 "
b10110111 *
b1011001 2
b11101 :
b0 B
#22769
b11001111 "
b10110000 *
b11101 2
b10100111 :
#22770
b10111010 "
b11000010 *
b11100001 2
b10101000 :
b11111111111 B
#22771
b1110 "
b10100011 *
b11101 2
b10100110 :
#22772
b10100011 "
b1110 *
b10100111 2
b100000 :
b11111111110 B
#22773
b10011 "
b10100100 *
b11100001 2
b10100111 :
b11111111111 B
#22774
b10101001 "
b100010 *
b11100100 2
b1011010 :
b11111111101 B
#22775
b10100010 "
b10 *
b11100011 2
b11111111110 B
#22776
b1011001 "
b10100111 *
b10100110 2
b10101000 :
#22777
b1001001 "
b111011 *
b11110 2
b11111111111 B
#22778
b100 "
b101010 *
b11101 2
b11100010 :
b11111111110 B
#22779
b11000010 "
b1000110 *
b1011001 2
b1 B
#22780
b1011101 "
b1110 *
b10100110 2
b11100011 :
b11111111110 B
#22781
b11011101 "
b11000 *
b11110 2
b11100010 :
b11111111111 B
#22782
b1111010 "
b11011111 *
b10101000 2
b1011010 :
#22783
b101010 "
b100 *
b11100010 2
b11101 :
b0 B
#22784
b10001110 "
b11001011 *
b1010111 2
b10100101 :
b11111111111 B
#22785
b11110 "
b1011001 *
b10100111 2
b11111 :
b11 B
#22786
b11001011 "
b10001110 *
b1010110 2
b10100100 :
b11111111110 B
#22787
b10110000 "
b110001 *
b10100110 2
b11100101 :
#22788
b11011111 "
b1111010 *
b10101000 2
b1011011 :
b11111111100 B
#22789
b11010011 "
b10101110 *
b11100001 2
b10101000 :
#22790
b1010010 "
b101101 *
b1011001 2
b11110 :
b11111111110 B
#22791
b10100100 "
b11101101 *
b10100111 2
b11101 :
#22792
b11111100 "
b101010 *
b11101 2
b11111 :
b1 B
#22793
b111011 "
b1001001 *
b1011000 2
b11100010 :
#22794
b11110 "
b10100111 *
b10100111 2
b11100011 :
b100 B
#22795
b111011 "
b10110111 *
b10100110 2
b11100100 :
b11111111111 B
#22796
b1010000 "
b11001111 *
b11100101 :
#22797
b11110101 "
b101001 *
b11110 2
b11100001 :
b11111111110 B
#22798
b10011001 "
b10111000 *
b1011011 2
b1010110 :
b11111111100 B
#22799
b1011101 "
b11110010 *
b10100111 2
b11111 :
b11111111110 B
#22800
b11110101 "
b11010111 *
b11110 2
b11101 :
b11111111100 B
#22801
b10000011 "
b11110101 *
b1011001 2
b10100111 :
b11111111110 B
#22802
b11011010 "
b11101110 *
b11110 2
b11100010 :
b11111111101 B
#22803
b11110 "
b11100010 *
b11110 :
b0 B
#22804
b11000101 "
b1001001 *
b10101000 2
b11100000 :
#22805
b1010111 "
b100010 *
b11101 2
b1011001 :
#22806
b101001 "
b1011 *
b11110 :
b100 B
#22807
b10011001 "
b10111000 *
b10100111 2
b10101000 :
b1 B
#22808
b11110010 "
b10100011 *
b11100000 2
b10100111 :
b10 B
#22809
b1000110 "
b11000010 *
b11100 2
b10100110 :
b11111111111 B
#22810
b100010 "
b1010111 *
b1011010 2
b11011 :
b11111111101 B
#22811
b10110111 "
b111011 *
b100001 2
b1010111 :
b11111111110 B
#22812
b11110 "
b10100111 *
b10100110 2
b11100100 :
b11111111100 B
#22813
b11001011 "
b10001110 *
b10101000 2
b1011010 :
b11111111011 B
#22814
b11001111 "
b10110000 *
b11100010 2
b1011001 :
b11111111110 B
#22815
b100001 "
b10000110 *
b10100110 2
b1011000 :
b11111111111 B
#22816
b10101110 "
b101101 *
b1011001 2
b11100011 :
b1 B
#22817
b1100111 "
b10111000 *
b10101000 2
b1011010 :
b10 B
#22818
b101001 "
b11110101 *
b11100011 2
b11110 :
b1 B
#22819
b100010 "
b1010111 *
b10100111 2
b11100101 :
b11111111111 B
#22820
b11101110 "
b100110 *
b11100010 2
b11100011 :
b11111111110 B
#22821
b1011001 "
b11110 *
b11100100 2
b1011010 :
b11111111101 B
#22822
b110101 "
b1110010 *
b10101000 2
b1011011 :
#22823
b1010000 "
b11001111 *
b1011010 2
b11101 :
b11111111110 B
#22824
b101001 "
b1011 *
b11111 2
b11110 :
#22825
b10011001 "
b10111000 *
b10100111 2
b10100111 :
b11111111111 B
#22826
b10101110 "
b11010011 *
b11100011 :
b11111111101 B
#22827
b11110101 "
b11010111 *
b11100010 2
b11100001 :
b0 B
#22828
b100010 "
b1010111 *
b1011001 2
b11110 :
b11111111111 B
#22829
b11000101 "
b10110111 *
b10101000 2
b10 B
#22830
b1011001 "
b1011001 *
b1011000 2
b10100110 :
b1 B
#22831
b1011110 "
b10 *
b11011111 2
b10101000 :
b11111111111 B
#22832
b11111100 "
b11010110 *
b11100100 2
b11111 :
#22833
b11000010 "
b1000110 *
b1011000 2
b11100000 :
b11111111011 B
#22834
b10100011 "
b11110010 *
b1011010 2
b11101 :
b11111111010 B
#22835
b11011101 "
b11000 *
b11110 2
b11100010 :
b11111111100 B
#22836
b11110101 "
b11010111 *
b11111 :
b11111111111 B
#22837
b1011 "
b10000011 *
b1011000 2
b1011010 :
b0 B
#22838
b1110010 "
b110101 *
b10100110 2
b1011000 :
b10 B
#22839
b10100111 "
b11110 *
b11100010 2
b10100111 :
b1 B
#22840
b1011110 "
b10 *
b11111 2
b1011001 :
b10 B
#22841
b100 "
b101010 *
b11100100 2
b11111 :
b11111111111 B
#22842
b1011100 "
b11101101 *
b1011010 2
b11100 :
b11111111110 B
#22843
b1100111 "
b1001000 *
b1010111 :
b11111111010 B
#22844
b11010011 "
b1010010 *
b11100010 2
b1011001 :
b11111111110 B
#22845
b11010111 "
b1011 *
b11100001 2
b11110 :
b11111111101 B
#22846
b10110000 "
b11001111 *
b10100111 2
b11101 :
b1 B
#22847
b10110111 "
b111011 *
b11110 2
b1011000 :
b11 B
#22848
b10100111 "
b1011001 *
b1011010 2
b1 B
#22849
b1001001 "
b111011 *
b11100 2
b10100110 :
b11111111111 B
#22850
b100 "
b101010 *
b11101 2
b11100001 :
b11111111110 B
#22851
b11000010 "
b1000110 *
b1010111 2
#22852
b11000 "
b11011101 *
b11100011 2
b11110 :
b11111111100 B
#22853
b11010011 "
b1010010 *
b11101 2
b10100111 :
b11111111101 B
#22854
b1011 "
b101001 *
b11100010 2
b11100001 :
b11111111110 B
#22855
b11011110 "
b10101001 *
b1011001 2
b11110 :
b11111111111 B
#22856
b10001110 "
b11001011 *
b10100111 :
b10 B
#22857
b1011001 "
b11100010 *
b11111 2
b1011001 :
b1 B
#22858
b1011110 "
b10 *
b100000 2
b0 B
#22859
b1111101 "
b11110101 *
b1011010 2
b1010111 :
b11111111110 B
#22860
b10000110 "
b11011111 *
b10100101 2
b10101000 :
b11111111101 B
#22861
b1100111 "
b1001000 *
b1011001 2
b1011000 :
#22862
b1110 "
b1011101 *
b11111 2
b1011001 :
#22863
b1111010 "
b11011111 *
b1011010 2
b10100110 :
b11111111111 B
#22864
b10000011 "
b11110101 *
b10101000 2
b1011001 :
b11111111110 B
#22865
b10110111 "
b111011 *
b11110 2
b1011000 :
b0 B
#22866
b11100010 "
b1011001 *
b1011001 2
b11110 :
#22867
b10100010 "
b11111110 *
b11110 2
b1011001 :
b11111111111 B
#22868
b1111101 "
b11110101 *
b10100111 2
b10100111 :
b1 B
#22869
b10111010 "
b11000010 *
b11111 2
b1011000 :
b11111111111 B
#22870
b10011001 "
b10111000 *
b1011010 2
b1010111 :
b0 B
#22871
b11011101 "
b11000 *
b11101 2
b11100001 :
b11111111110 B
#22872
b1000110 "
b11000010 *
b11100100 2
b1011001 :
b11111111101 B
#22873
b11001111 "
b1010000 *
b11100001 2
b10100111 :
b11111111100 B
#22874
b11000101 "
b10110111 *
b1011000 2
b11100010 :
b11111111110 B
#22875
b1011001 "
b1011001 *
b10100110 2
b1011000 :
#22876
b11000101 "
b1001001 *
b10101000 2
b11100000 :
b11111111111 B
#22877
b11110101 "
b10000011 *
b1011010 2
b10101000 :
b10 B
#22878
b1011100 "
b11101101 *
b11110 :
b100 B
#22879
b100011 "
b11000 *
b11110 2
b11101 :
b10 B
#22880
b1001000 "
b1100111 *
b1011011 2
b1010110 :
b0 B
#22881
b100001 "
b1111010 *
b1011100 2
b1010111 :
b11111111101 B
#22882
b1010111 "
b11011110 *
b11011 2
b10100111 :
b11111111100 B
#22883
b10010 "
b11011010 *
b11100010 2
b11100011 :
#22884
b11110 "
b1011001 *
b1011001 2
b11100010 :
b11111111101 B
#22885
b110101 "
b1110010 *
b1011010 2
b10101000 :
#22886
b10000011 "
b1011 *
b1011000 2
b1011010 :
b11111111111 B
#22887
b11000010 "
b1000110 *
b1011001 2
b11100011 :
b10 B
#22888
b101101 "
b1010010 *
b11100010 2
b10100111 :
b1 B
#22889
b1100111 "
b10111000 *
b10101001 2
b1011010 :
#22890
b1011100 "
b10011 *
b10101000 2
b11111 :
b11111111111 B
#22891
b10000011 "
b11110101 *
b1010111 2
b10100101 :
b11111111110 B
#22892
b111011 "
b1001001 *
b10101000 2
b100001 :
#22893
b10100111 "
b11100010 *
b11101 2
b10100111 :
#22894
b100110 "
b11101110 *
b11110 2
b11110 :
b11111111011 B
#22895
b1010111 "
b100010 *
b1011001 :
b11111111111 B
#22896
b10011 "
b1011100 *
b11100010 2
b0 B
#22897
b1010010 "
b11010011 *
b1011001 2
b11100010 :
b11111111111 B
#22898
b10101110 "
b10100111 2
b11100011 :
b1 B
#22899
b1111010 "
b11011111 *
b1011000 2
b10100101 :
b11111111111 B
#22900
b11110101 "
b1111101 *
b1011011 2
b1011000 :
#22901
b10001110 "
b11001011 *
b10101001 2
b1011011 :
b11111111110 B
#22902
b1011001 "
b11100010 *
b11100001 2
b10100111 :
b11111111101 B
#22903
b10100010 "
b11111110 *
b11111 2
b1011001 :
b11111111110 B
#22904
b110001 "
b1010000 *
b11101 2
b10100110 :
#22905
b11000010 "
b1000110 *
b1011001 2
b11100010 :
#22906
b100011 "
b11000 *
b11100010 2
b11111111111 B
#22907
b1011101 "
b11110010 *
b10100110 2
b11110 :
#22908
b11010111 "
b1011 *
b11111 2
b11100001 :
b0 B
#22909
b11111100 "
b101010 *
b11100011 2
b11100010 :
#22910
b11000101 "
b10110111 *
b1011000 2
#22911
b11110 "
b11100010 *
b11110 2
b11110 :
b10 B
#22912
b111011 "
b10110111 *
b1011001 2
b11101 :
b11111111111 B
#22913
b11111100 "
b11010110 *
b11101 2
b11100001 :
b0 B
#22914
b1000110 "
b111110 *
b11111 2
b1011000 :
b11111111111 B
#22915
b1011101 "
b1110 *
b1011010 2
b11100 :
b11111111100 B
#22916
b11010011 "
b1010010 *
b11100011 2
b1011001 :
b11111111110 B
#22917
b10000110 "
b100001 *
b10101000 2
b1011010 :
#22918
b100010 "
b1010111 *
b1011001 2
b11110 :
b11111111111 B
#22919
b10 "
b1011110 *
#22920
b11110 "
b11100010 *
b11100010 2
b11100010 :
b1 B
#22921
b1001001 "
b111011 *
b11101 2
b10100111 :
#22922
b10000011 "
b1011 *
b1011011 2
b1010111 :
b0 B
#22923
b1011100 "
b11101101 *
b10100110 2
b11100101 :
b11111111111 B
#22924
b10101110 "
b101101 *
b1010111 2
b11011111 :
b11111111101 B
#22925
b11010011 *
b1011001 2
b11011 :
b11111111100 B
#22926
b100001 "
b1111010 *
b10100101 2
b10101000 :
b11111111011 B
#22927
b10000011 "
b11110101 *
b1011000 2
b10100111 :
b11111111101 B
#22928
b10010 "
b11011010 *
b11110 2
b11110 :
#22929
b11100010 "
b11110 *
b11100010 2
b11100010 :
b0 B
#22930
b10001110 "
b110101 *
b10101000 2
b10100110 :
#22931
b10101001 "
b11011110 *
b11100010 2
b10100111 :
#22932
b10000110 "
b11011111 *
b10100111 2
b10100110 :
b1 B
#22933
b1100111 "
b1001000 *
b1011001 2
b1011000 :
b11111111111 B
#22934
b11011101 "
b11000 *
b11100011 2
b11111 :
b0 B
#22935
b1111010 "
b11011111 *
b1011000 2
b10100101 :
b11111111111 B
#22936
b10110000 "
b11001111 *
b10100111 2
b11111 :
b11111111100 B
#22937
b11111110 "
b10100010 *
b11100010 :
b11111111110 B
#22938
b10100111 "
b1011001 *
b1011001 2
b1011001 :
#22939
b11101110 "
b11011010 *
b11100010 2
b11110 :
b1 B
#22940
b110001 "
b1010000 *
b11101 2
b10100110 :
b0 B
#22941
b1011100 "
b11101101 *
b10100111 2
b11100011 :
#22942
b10011001 "
b10111000 *
b1011001 2
b1011000 :
b11111111111 B
#22943
b1100111 "
b10101001 2
b1011010 :
#22944
b1000110 "
b11000010 *
b11100100 2
b1011001 :
#22945
b11010110 "
b11111100 *
b11110 2
b11100011 :
b11111111110 B
#22946
b111011 "
b1001001 *
b10101000 2
b100000 :
#22947
b1011001 "
b1011001 *
b1011010 :
b11 B
#22948
b10001110 "
b110101 *
b10100101 2
b10101001 :
b11111111100 B
#22949
b101010 "
b11111100 *
b11111 2
b11101 :
b11111111111 B
#22950
b10111010 "
b11000010 *
b11100001 2
b10101000 :
b11111111101 B
#22951
b100011 "
b11000 *
b11110 2
b11110 :
b11111111011 B
#22952
b11011101 "
b11100010 2
b11111111110 B
#22953
b10111010 "
b111110 *
b1011000 :
b0 B
#22954
b1011 "
b10000011 *
b10100111 2
b10100111 :
#22955
b11011010 "
b11101110 *
b11100010 2
b11110 :
b1 B
#22956
b1011001 "
b1011001 *
b1011000 2
b10100110 :
b0 B
#22957
b11000101 "
b1001001 *
b1011001 2
b11101 :
#22958
b11110101 "
b10000011 *
b10101000 2
b1011001 :
b11111111111 B
#22959
b111110 "
b10111010 *
b11111 :
#22960
b11110010 "
b1011101 *
b11101 2
b10100110 :
b0 B
#22961
b10100011 "
b1110 *
b1011001 2
b11100000 :
b11111111110 B
#22962
b10011 "
b10100100 *
b11111 2
b1011001 :
b11111111111 B
#22963
b10101001 "
b100010 *
b11101 2
b10100111 :
b11111111101 B
#22964
b10110111 "
b111011 *
b11100000 2
b10101000 :
b11111111110 B
#22965
b1011001 "
b11110 *
b11100011 2
b1011001 :
b11111111111 B
#22966
b10100010 "
b11111110 *
b11100001 2
b10100111 :
b11111111100 B
#22967
b1011 "
b1111101 *
b10100111 2
b1011000 :
b11111111111 B
#22968
b1111010 "
b100001 *
b1011010 2
b1011010 :
b11111111110 B
#22969
b1010010 "
b11010011 *
b1011001 2
b11100011 :
b1 B
#22970
b10011001 "
b1001000 *
b10101000 2
b1011010 :
b0 B
#22971
b1011 "
b101001 *
b11110 2
b11101 :
b1 B
#22972
b1111101 "
b1011 *
b1011000 2
b10100101 :
b11111111111 B
#22973
b1110010 "
b110101 *
b1010111 2
b11111111101 B
#22974
b1011001 "
b1011001 *
b1011000 2
b10100110 :
b11111111110 B
#22975
b11101110 "
b11011010 *
b11100010 2
b11110 :
#22976
b1111101 "
b11110101 *
b10100111 2
b10100111 :
b11111111111 B
#22977
b1011100 "
b11101101 *
b11100011 :
b0 B
#22978
b100011 "
b11000 *
b11100010 2
b11100010 :
#22979
b11000 "
b100011 *
b11100001 2
b11111111111 B
#22980
b100001 "
b1111010 *
b10100101 2
b10101000 :
b0 B
#22981
b101010 "
b100 *
b11100010 2
b11101 :
b11111111101 B
#22982
b10001110 "
b11001011 *
b1010111 2
b10100101 :
#22983
b10100111 "
b11110 *
b11100001 2
b10100111 :
b11 B
#22984
b1110010 "
b11001011 *
b1011011 2
b1010111 :
b11111111110 B
#22985
b11110101 "
b10000011 *
b1010111 2
b10100110 :
#22986
b10100100 "
b10011 *
b10100111 2
b11100100 :
b11111111101 B
#22987
b1100111 "
b1001000 *
b1011001 2
b1011000 :
b11111111110 B
#22988
b11010011 "
b1010010 *
b11100011 2
b1011001 :
#22989
b10000110 "
b100001 *
b10100111 2
b1011010 :
b11111111111 B
#22990
b11111100 "
b101010 *
b11101 2
b11110 :
#22991
b10 "
b1011110 *
b1011001 2
b0 B
#22992
b11100010 "
b1011001 *
b11101 :
b10 B
#22993
b11001011 "
b10001110 *
b10101001 2
b1011010 :
b1 B
#22994
b110001 "
b1010000 *
b11011 2
b10100110 :
b11111111111 B
#22995
b1011 "
b11010111 *
b11100010 2
b11111 :
b11111111110 B
#22996
b101101 "
b1010010 *
b11011111 2
b10101000 :
b11111111100 B
#22997
b11110010 "
b10100011 *
b11111 2
b1011001 :
b11111111110 B
#22998
b11110101 "
b11010111 *
b11110 2
b11101 :
b11111111011 B
#22999
b10000011 "
b11110101 *
b1011001 2
b10100111 :
b11111111110 B
#23000
b1011110 "
b11111110 *
b11100001 2
b1011001 :
b11111111101 B
#23001
b11100010 "
b11100010 *
b11110 2
b11100010 :
b0 B
#23002
b111011 "
b10110111 *
b1011000 2
b100000 :
b10 B
#23003
b100 "
b101010 *
b11100011 2
b11110 :
b0 B
#23004
b10111010 "
b11000010 *
b11100010 2
b10100111 :
b100 B
#23005
b100011 "
b11000 *
b11110 2
b11101 :
b11111111110 B
#23006
b11010011 "
b1010010 *
b11100011 2
b1011001 :
b11111111111 B
#23007
b1000110 "
b11000010 *
b11100 2
b10100111 :
b11111111101 B
#23008
b1111101 "
b1011 *
b1011000 2
b10100110 :
b11111111111 B
#23009
b11000101 "
b10110111 *
b10101000 2
b100000 :
b11111111110 B
#23010
b11110 "
b10100111 *
b10100111 2
b11100011 :
b11111111111 B
#23011
b11001011 "
b10001110 *
b10101000 2
b1011010 :
b11111111100 B
#23012
b101010 "
b11111100 *
b11100010 2
b11100011 :
b11111111111 B
#23013
b100001 "
b10000110 *
b10100110 2
b1011001 :
#23014
b1010010 "
b11010011 *
b10100111 2
b11110 :
b11111111101 B
#23015
b11011101 "
b11000 *
b11110 2
b11100010 :
b1 B
#23016
b11101101 "
b1011100 *
b11100001 2
b10100111 :
b11111111111 B
#23017
b100010 "
b1010111 *
b10100111 2
b11100011 :
b0 B
#23018
b1110010 "
b110101 *
b10101001 2
b1011011 :
b11111111110 B
#23019
b1011001 "
b11110 *
b11100011 2
b1011001 :
b11111111111 B
#23020
b1011110 "
b10 *
b11111 2
b11111111110 B
#23021
b110001 "
b1010000 *
b11100011 2
b1011010 :
b11111111111 B
#23022
b1000110 "
b111110 *
b11110 2
b1011000 :
b11111111110 B
#23023
b11010011 "
b10101110 *
b11100010 2
b10100111 :
b11111111111 B
#23024
b11011101 "
b11000 *
b11110 :
#23025
b10100100 "
b11101101 *
b10100111 2
b11111 :
#23026
b11001111 "
b1010000 *
b11111 2
b1011001 :
b0 B
#23027
b11001011 "
b1110010 *
b1011011 2
b1010111 :
b11111111110 B
#23028
b10100111 "
b11110 *
b11111 2
b1011001 :
#23029
b10010 "
b100110 *
b11110 2
b11100010 :
b11111111101 B
#23030
b10110000 "
b110001 *
b1011001 2
b11110 :
b11111111110 B
#23031
b100001 "
b10000110 *
b10100110 2
b1011000 :
b0 B
#23032
b101101 "
b1010010 *
b11100011 2
b10100111 :
b1 B
#23033
b1010010 "
b101101 *
b10100111 2
b11100011 :
b10 B
#23034
b11000010 "
b10111010 *
b1011001 2
b11100 :
b1 B
#23035
b1010111 "
b11011110 *
b11100101 2
b1011001 :
b11111111111 B
#23036
b111011 "
b1001001 *
b10101000 2
b100001 :
b11111111110 B
#23037
b11110 "
b10100111 *
b1011010 2
b11100 :
b11111111101 B
#23038
b10100010 "
b11111110 *
b11100000 2
b10100111 :
b11111111011 B
#23039
b10000011 "
b1011 *
b10100111 2
b11111111110 B
#23040
b1011100 "
b11101101 *
b1011010 2
b11110 :
b11111111101 B
#23041
b1001000 "
b10011001 *
b10101000 :
b0 B
#23042
b10111000 "
b10100111 2
b10100111 :
#23043
b1000110 "
b11000010 *
b11110 2
b10 B
#23044
b100010 "
b1010111 *
b1011001 2
b11101 :
b0 B
#23045
b100110 "
b10010 *
b11101 2
b11100010 :
b1 B
#23046
b11110 "
b1011001 *
b1011000 2
b11100000 :
b11111111111 B
#23047
b11101110 "
b11011010 *
b11100100 2
b11111 :
b11111111110 B
#23048
b11010110 "
b100 *
b11111 2
b11100 :
b11111111100 B
#23049
b111110 "
b10111010 *
b10101000 2
b11110 :
b11111111010 B
#23050
b10011001 "
b10111000 *
b1011000 2
b1011010 :
b11111111001 B
#23051
b10101110 "
b11010011 *
b1010111 2
b100001 :
b11111111111 B
#23052
b1011 "
b101001 *
b11100011 2
b11100001 :
b1 B
#23053
b11010110 "
b11111100 *
b11111 2
b11100011 :
b101 B
#23054
b1011110 "
b11111110 *
b11100010 2
b1011001 :
b100 B
#23055
b11110 "
b1011001 *
b10101000 2
b100000 :
b101 B
#23056
b10010 "
b100110 *
b11100100 2
b1 B
#23057
b11111100 "
b11010110 *
b11100 2
b11100000 :
b11111111100 B
#23058
b10111010 "
b11000010 *
b11011111 2
b10101001 :
b11111111000 B
#23059
b100011 "
b11000 *
b11110 2
b11101 :
#23060
b1010010 "
b101101 *
b1011000 2
b11111 :
b11111111011 B
#23061
b11000010 "
b10111010 *
b10101001 2
b11100001 :
b11111111101 B
#23062
b10101001 "
b100010 *
b11100000 2
b1011000 :
b10 B
#23063
b111011 "
b1001001 *
b1011001 2
b11100011 :
b11 B
#23064
b11100010 "
b11100010 *
b11100010 2
b11110 :
b100 B
#23065
b1011110 "
b10 *
b11100000 2
b10101000 :
b1 B
#23066
b110001 "
b1010000 *
b11011 2
b10100110 :
b0 B
#23067
b1111010 "
b100001 *
b10100100 2
b10101001 :
b11111111100 B
#23068
b10100011 "
b11110010 *
b1011010 2
b11101 :
#23069
b1110 "
b1011101 *
b11100001 2
b10100111 :
#23070
b11011111 "
b10000110 *
b1011001 2
b1011010 :
b11111111111 B
#23071
b10000011 "
b11110101 *
b10100111 :
b11111111110 B
#23072
b111011 "
b1001001 *
b10100111 2
b11101 :
b0 B
#23073
b11110 "
b1011001 *
#23074
b10010 "
b100110 *
b11100010 2
b11110 :
b1 B
#23075
b11011110 "
b1010111 *
b10100111 2
#23076
b10011 "
b1011100 *
b11100100 2
b1011010 :
b0 B
#23077
b10101110 "
b101101 *
b10101000 2
b11111 :
b11111111111 B
#23078
b1110 "
b1011101 *
b100000 2
b1011001 :
b11111111110 B
#23079
b101001 "
b11110101 *
b11101 2
b11100010 :
#23080
b11011110 "
b10101001 *
b10100111 2
b11100011 :
b11111111101 B
#23081
b111011 "
b1001001 *
b1011000 2
b11100010 :
b11111111110 B
#23082
b11110 "
b11110 *
b11110 2
b11111111111 B
#23083
b11000101 "
b1001001 *
b1011000 2
b11110 :
#23084
b100010 "
b10101001 *
b10100111 2
b0 B
#23085
b11101101 "
b10100100 *
b11100011 2
b1011001 :
b1 B
#23086
b11000 "
b11011101 *
b11110 :
b11111111111 B
#23087
b100011 *
b11100001 2
b11100011 :
#23088
b1111010 "
b11011111 *
b10101001 2
b1011011 :
b11111111110 B
#23089
b11110101 "
b1111101 *
b10100110 2
b10101000 :
b11111111011 B
#23090
b10001110 "
b11001011 *
b1011000 2
b10100111 :
b11111111110 B
#23091
b11110 "
b11100010 *
b11110 2
b11110 :
#23092
b1001001 "
b111011 *
b11100001 2
b1011001 :
b0 B
#23093
b100 "
b101010 *
b11100011 2
b11110 :
#23094
b100001 "
b10000110 *
b1011010 2
b10100110 :
b10 B
#23095
b11011101 "
b11101000 *
b11100010 2
b11100010 :
b11111111110 B
#23096
b1001000 "
b1100111 *
b1011010 2
b1011000 :
b0 B
#23097
b1111010 "
b11011111 *
b1011000 2
b10100110 :
#23098
b101010 "
b100 *
b11110 2
b11100011 :
b11111111110 B
#23099
b1001001 "
b11000101 *
b11100010 2
b10101000 :
b11111111111 B
#23100
b11110 "
b1011001 *
b1011001 2
b11100001 :
b11 B
#23101
b11011010 "
b10010 *
b11111 2
b11100 :
b11111111111 B
#23102
b100 "
b101010 *
b11101 2
b11100001 :
b11111111110 B
#23103
b11011111 "
b1111010 *
b1010111 2
b10100101 :
b11111111001 B
#23104
b101101 "
b1010010 *
b11100010 2
b10100111 :
b11111111100 B
#23105
b10101110 "
b11010011 *
b1011000 2
b11111 :
b11111111110 B
#23106
b11101101 "
b1011100 *
b11100100 2
b10100111 :
b11111111111 B
#23107
b1011 "
b10000011 *
b1011000 2
b1011010 :
b10 B
#23108
b10110111 "
b111011 *
b11100010 2
b10101000 :
#23109
b1011001 "
b11110 *
b11100011 2
b1011001 :
b1 B
#23110
b1011110 "
b10 *
b100000 2
b11111111111 B
#23111
b100 "
b101010 *
b11100100 2
b11111 :
#23112
b11010111 "
b11110101 *
b11100001 2
b11100010 :
b11111111101 B
#23113
b1110 "
b10100011 *
b11101 2
b10100110 :
b11111111010 B
#23114
b11011101 "
b11000 *
b11100010 2
b11110 :
b11111111101 B
#23115
b1011 "
b101001 *
b11110 2
b11111 :
b11111111111 B
#23116
b10000011 *
b10100111 2
b10100111 :
b0 B
#23117
b11001011 "
b1110010 *
b1011001 2
b1011001 :
b10 B
#23118
b10100111 "
b11100010 *
b11100011 2
b0 B
#23119
b10110111 "
b11000101 *
#23120
b1011 "
b1111101 *
b1011000 2
b10100111 :
b11111111111 B
#23121
b11101101 "
b10100100 *
b11100100 2
b1011010 :
#23122
b10101110 "
b101101 *
b1011000 2
b11100001 :
b0 B
#23123
b10111000 "
b10011001 *
b1011011 2
b1010111 :
b11111111110 B
#23124
b111110 "
b1000110 *
b10100111 2
b11100100 :
#23125
b10110000 "
b11001111 *
b1011001 2
b11100001 :
b11111111101 B
#23126
b11011010 "
b11101110 *
b11110 2
b11100010 :
b11111111110 B
#23127
b10100111 "
b11110 *
b11100010 2
b10100111 :
#23128
b1110010 "
b11001011 *
b1011000 2
b1011010 :
b0 B
#23129
b110001 "
b1010000 *
b11100010 2
b1011001 :
b11111111111 B
#23130
b1000110 "
b111110 *
b11110 2
b1 B
#23131
b11011101 "
b11101000 *
b11100010 2
b11100010 :
#23132
b1110 "
b1011101 *
b100000 2
b1011001 :
b11111111111 B
#23133
b100001 "
b1111010 *
b1011100 2
b1010111 :
b0 B
#23134
b11111100 "
b101010 *
b11111 2
b11101 :
b11111111101 B
#23135
b11111110 "
b10100010 *
b10100110 2
b11100100 :
b11111111100 B
#23136
b1011001 "
b11100010 *
b11100001 2
b10100111 :
b11111111011 B
#23137
b1110010 "
b11001011 *
b10101000 2
b10100110 :
b11111111110 B
#23138
b100 "
b101010 *
b11101 2
b11100010 :
#23139
b111110 "
b10111010 *
b10100111 2
b11100 :
b1 B
#23140
b11010011 "
b10101110 *
b11101 2
b1011001 :
b11111111110 B
#23141
b1110 "
b1011101 *
b11100011 2
b10100110 :
b10 B
#23142
b11110101 "
b11010111 *
b11111 2
b11110 :
b1 B
#23143
b1111101 "
b1011 *
b10101000 2
b1011010 :
#23144
b100110 "
b10010 *
b11100011 2
b11110 :
b11111111101 B
#23145
b11100010 "
b1011001 *
b10100111 2
b11100011 :
b11111111111 B
#23146
b10001110 "
b110101 *
b10100101 2
b10101000 :
b11111111110 B
#23147
b10110000 "
b110001 *
b10100111 2
b11100011 :
b11111111111 B
#23148
b11010111 "
b11110101 *
b11100001 2
b11100010 :
b11111111101 B
#23149
b10100011 "
b11110010 *
b10100110 2
b11100011 :
b11111111111 B
#23150
b11010011 "
b1010010 *
b11100011 2
b1011001 :
b11111111101 B
#23151
b1111010 "
b11011111 *
b1011000 2
b10100110 :
b11111111111 B
#23152
b11110101 "
b1111101 *
b1011010 2
b1011000 :
#23153
b11001011 "
b1110010 *
b1011011 2
b1010111 :
#23154
b1011001 "
b1011001 *
b1011000 2
b10100110 :
b11111111110 B
#23155
b100110 "
b11101110 *
b11100010 2
b11100010 :
b11111111101 B
#23156
b11011110 "
b1010111 *
b1011001 2
b11111111111 B
#23157
b1000110 "
b111110 *
b11100010 2
b10101000 :
b0 B
#23158
b1100111 "
b1001000 *
b10100111 2
b11111111111 B
#23159
b10011001 "
b1011000 2
b10100110 :
#23160
b10011 "
b10100100 *
b11111 2
b1011001 :
#23161
b10101001 "
b100010 *
b11101 2
b10100111 :
#23162
b11011010 "
b11101110 *
b11100010 :
b11111111110 B
#23163
b11110 "
b10100111 *
b1011001 2
b11101 :
b11111111111 B
#23164
b10110111 "
b11000101 *
b11101 2
b10100111 :
b11111111110 B
#23165
b11111100 "
b11010110 *
b11100001 :
b11111111111 B
#23166
b10111010 "
b11000010 *
b11100001 2
b10101000 :
#23167
b1011101 "
b1110 *
b1011010 2
b11101 :
b11111111100 B
#23168
b11101000 "
b11011101 *
b11100010 2
b11100010 :
b11111111110 B
#23169
b10100100 "
b11101101 *
b10100111 2
b11110 :
b11111111111 B
#23170
b10101001 "
b100010 *
b11100010 2
b1011001 :
b0 B
#23171
b10110111 "
b111011 *
b11110 2
b1011000 :
b11111111111 B
#23172
b11110 "
b11100010 *
b11100010 2
b11100010 :
b1 B
#23173
b10 "
b10100010 *
b10101000 2
b100000 :
b11111111111 B
#23174
b10101001 "
b11011110 *
b100000 2
b1010111 :
b0 B
#23175
b100001 "
b10000110 *
b10101001 2
b1011011 :
b11111111100 B
#23176
b1011101 "
b1110 *
b10100110 2
b11100011 :
#23177
b10101110 "
b11010011 *
b1011001 2
b11110 :
b11111111110 B
#23178
b111110 "
b1000110 *
b10101000 2
b11100010 :
b11111111111 B
#23179
b10101001 "
b100010 *
b11110 2
b10100111 :
b1 B
#23180
b11000101 "
b10110111 *
b1011000 2
b11100010 :
#23181
b10100111 "
b10100111 *
b10100110 :
#23182
b11011010 "
b10010 *
b11100001 2
b11100100 :
b11111111111 B
#23183
b11110101 "
b10000011 *
b1010111 2
b10100101 :
#23184
b1000110 "
b111110 *
b100000 2
b1011000 :
b11111111001 B
#23185
b1110 "
b10100011 *
b11101 2
b10100110 :
b11111111110 B
#23186
b1010010 "
b101101 *
b1011001 2
b11101 :
b11111111100 B
#23187
b101001 "
b11110101 *
b11111 2
b11100010 :
b11111111111 B
#23188
b10110000 "
b11001111 *
b10100110 2
b11101 :
#23189
b100110 "
b10010 *
b11110 2
b11100010 :
b11 B
#23190
b11100010 "
b11100010 *
b11100010 2
b11110 :
b1 B
#23191
b11011010 "
b10010 *
b11111 2
b11100 :
b0 B
#23192
b11001111 "
b10110000 *
b11100101 2
b1011010 :
#23193
b1011100 "
b11101101 *
b10100110 2
b11100101 :
b11111111001 B
#23194
b101101 "
b1010010 *
b11100001 2
b10101000 :
b11111111100 B
#23195
b1110 "
b1011101 *
b11100010 2
b10100110 :
#23196
b1000110 "
b11000010 *
b11100001 2
b1011000 :
b11111111110 B
#23197
b1111101 "
b1011 *
b10100110 2
b1010111 :
b0 B
#23198
b11011010 "
b11101110 *
b11111 2
b11100011 :
b10 B
#23199
b11100010 "
b1011001 *
b10100111 2
b11100001 :
b11 B
#23200
b1110010 "
b11001011 *
b1011010 2
b1011000 :
b101 B
#23201
b10101001 "
b11011110 *
b11011111 2
b10101000 :
b10 B
#23202
b10000110 "
b11011111 *
b10100010 2
b10101011 :
b11111111110 B
#23203
b101101 "
b1010010 *
b100010 2
b1010111 :
b11111111011 B
#23204
b10011001 "
b1001000 *
b10101010 2
b1011011 :
b11111111001 B
#23205
b11010111 "
b1011 *
b11100011 2
b11110 :
#23206
b11010110 "
b11111100 *
b11100001 2
b11101 :
b11111111101 B
#23207
b11101110 "
b100110 *
b11101 2
b11111 :
b11111111110 B
#23208
b11110 "
b1011001 *
b1011010 2
b11100100 :
b101 B
#23209
b11101110 "
b11011010 *
b11100010 2
b11110 :
b100 B
#23210
b11111100 "
b11010110 *
b11100100 2
b11111 :
b10 B
#23211
b11010111 "
b11110101 *
b11111 2
b11110 :
b0 B
#23212
b11101000 "
b100011 *
b11101 2
b11100000 :
b11111111010 B
#23213
b1001000 "
b1100111 *
b10100110 2
b10101000 :
b11111111101 B
#23214
b10100100 "
b11101101 *
b1011001 2
b11100001 :
b11111111010 B
#23215
b11110101 "
b1111101 *
b10101000 2
b10100110 :
b11111111110 B
#23216
b110101 "
b10001110 *
b1010111 2
b1011010 :
#23217
b11110 "
b11110 *
b11100001 2
b11101 :
b1 B
#23218
b100110 "
b11101110 *
b11101 2
b11110 :
b10 B
#23219
b10110000 "
b110001 *
b10100111 2
b11100010 :
b101 B
#23220
b1011100 "
b11101101 *
b1011010 2
b11100 :
b10 B
#23221
b100011 "
b11000 *
b100000 2
b11101 :
b1 B
#23222
b10101110 "
b11010011 *
b10100110 2
b11100110 :
b11111111110 B
#23223
b1011100 "
b10011 *
b1011000 2
b11011111 :
b11111111001 B
#23224
b11010110 "
b11111100 *
b11100010 2
b11110 :
b11111111011 B
#23225
b10110111 "
b111011 *
b11110 2
b1011000 :
#23226
b11100010 "
b10100111 *
b10100111 2
b11101 :
b0 B
#23227
b10010 "
b100110 *
b11110 2
b11100010 :
b11111111111 B
#23228
b110001 "
b1010000 *
b10100111 :
b1 B
#23229
b11110101 "
b101001 *
b11100001 :
b0 B
#23230
b1010010 "
b11010011 *
b10101000 2
b11111 :
b1 B
#23231
b10100011 "
b1110 *
b1011001 2
b11100000 :
b11111111110 B
#23232
b10011 "
b10100100 *
b11111 2
b1011001 :
#23233
b10110000 "
b11001111 *
b1011001 2
b11100001 :
b11111111101 B
#23234
b100110 "
b10010 *
b11100010 2
b11110 :
b11111111110 B
#23235
b11100010 "
b11100010 *
b11110 2
b11100010 :
#23236
b11000101 "
b1001001 *
b10100111 2
b11100001 :
b0 B
#23237
b1010000 "
b11001111 *
b1011001 2
b11110 :
#23238
b11110101 "
b101001 *
b11100010 2
b10 B
#23239
b1010010 "
b11010011 *
b1011000 2
b11100001 :
b1 B
#23240
b1110 "
b1011101 *
b100000 2
b1011001 :
b0 B
#23241
b100001 "
b1111010 *
b1011100 2
b1010111 :
b11111111110 B
#23242
b110001 "
b10110000 *
b11100001 2
b10100111 :
b11111111101 B
#23243
b10110111 "
b111011 *
b100000 2
b1011000 :
b11111111100 B
#23244
b11110 "
b10100111 *
b10100111 2
b11100010 :
b11111111110 B
#23245
b111011 "
b10110111 *
b11100001 :
b11111111100 B
#23246
b11011110 "
b1010111 *
b1011001 2
b11100101 :
b1 B
#23247
b1000110 "
b111110 *
b11100011 2
b10100111 :
b10 B
#23248
b11011101 "
b11101000 *
b11110 2
b11110 :
b11 B
#23249
b10101110 "
b11010011 *
b1011010 2
b11100 :
b1 B
#23250
b10011 "
b10100100 *
b100000 2
b1011000 :
b0 B
#23251
b10101001 "
b100010 *
b11011 2
b10100110 :
b11111111110 B
#23252
b111011 "
b1001001 *
b10101000 2
b100001 :
b11111111100 B
#23253
b11100010 "
b10100111 *
b1011001 2
b11100001 :
#23254
b11000101 "
b1001001 *
b10101000 2
b11100010 :
b11111111011 B
#23255
b11111100 "
b11010110 *
b11101 2
b11111111110 B
#23256
b111110 "
b10111010 *
b1011001 2
b11100100 :
b1 B
#23257
b100011 "
b11000 *
b11110 2
b11110 :
b11111111110 B
#23258
b1001000 "
b1100111 *
b1011000 2
b1011001 :
b10 B
#23259
b1000110 "
b11000010 *
b11110 2
b10100111 :
b0 B
#23260
b11001111 "
b1010000 *
b1011001 :
#23261
b111011 "
b1001001 *
b1011000 2
b11100010 :
b1 B
#23262
b11110 "
b11110 *
b11110 2
b11111111111 B
#23263
b11000101 "
b1001001 *
b1011001 2
b11101 :
#23264
b11010110 "
b100 *
b11111 2
b11100 :
b0 B
#23265
b1000110 "
b111110 *
b11100001 2
b10101001 :
b11111111111 B
#23266
b101101 "
b1010010 *
b11011111 2
b10101000 :
b11111111001 B
#23267
b10011001 "
b1001000 *
b1011000 2
b10100110 :
b11111111101 B
#23268
b1000110 "
b11000010 *
b11100010 2
b1011001 :
b11111111011 B
#23269
b101010 "
b100 *
b11100001 2
b11101 :
b11111111111 B
#23270
b111011 "
b1001001 *
b10100111 2
b1 B
#23271
b11100010 "
b10100111 *
b1011001 2
b11100010 :
b101 B
#23272
b1001001 "
b111011 *
b11100100 2
b1011010 :
b1 B
#23273
b1010111 "
b100010 *
b100001 2
b1011000 :
b11111111111 B
#23274
b10111010 "
b11000010 *
b11011111 2
b10101000 :
b11111111110 B
#23275
b10111000 "
b1100111 *
b10101011 2
b1011100 :
b11111111011 B
#23276
b1001000 "
b1011011 2
b1010111 :
#23277
b111110 "
b1000110 *
b1011001 2
b11101 :
#23278
b11011110 "
b10101001 *
b10100111 2
b11100010 :
b11111111101 B
#23279
b11101110 "
b100110 *
b11110 2
b11110 :
b11111111111 B
#23280
b10100111 "
b1011001 *
b1011000 2
b1011010 :
b1 B
#23281
b1001001 "
b111011 *
b11110 2
b10101000 :
b0 B
#23282
b1010111 "
b100010 *
b11100010 2
b10100111 :
b1 B
#23283
b1011100 "
b11101101 *
b10100111 2
b11100100 :
#23284
b1010010 "
b11010011 *
b10101000 2
b100001 :
b11111111111 B
#23285
b11010011 "
b1010010 *
b11011 2
b10100111 :
b11111111110 B
#23286
b10000110 "
b100001 *
b1010111 2
b10100101 :
b11111111011 B
#23287
b1011 "
b10000011 *
b1011010 2
b1011000 :
b11111111101 B
#23288
b11011010 "
b11101110 *
b11110 2
b11100010 :
b11111111110 B
#23289
b1011001 "
b11100010 *
b1011001 :
#23290
b10001110 "
b110101 *
b10101000 2
b10100110 :
b0 B
#23291
b10000011 "
b1011 *
b10100111 :
b11111111111 B
#23292
b11011111 "
b1111010 *
b10100110 2
b1011001 :
b1 B
#23293
b100011 "
b11000 *
b11110 2
b11110 :
b0 B
#23294
b11101000 *
b11100001 :
b1 B
#23295
b11101101 "
b1011100 *
b100000 2
b1011000 :
b0 B
#23296
b101010 "
b100 *
b11101 2
b11100010 :
b11111111110 B
#23297
b11011010 "
b11101110 *
b11100011 2
b11110 :
b11111111100 B
#23298
b1011001 "
b11100010 *
b11100001 2
b10100111 :
b11111111110 B
#23299
b110101 "
b1110010 *
b1011001 2
#23300
b1010111 "
b100010 *
b11100010 2
#23301
b11011111 "
b1111010 *
b1011010 2
b10101000 :
b0 B
#23302
b1100111 "
b1001000 *
b10101000 2
b10100110 :
b11111111111 B
#23303
b10101110 "
b11010011 *
b1011001 2
b11110 :
b10 B
#23304
b1011100 "
b10011 *
b10100111 2
b11111 :
b1 B
#23305
b11001111 "
b1010000 *
b11100001 2
b10100111 :
#23306
b11000101 "
b10110111 *
b1011000 2
b11011111 :
b11111111110 B
#23307
b11110 "
b11100010 *
b11111 2
b11101 :
#23308
b110101 "
b1110010 *
b10101000 2
b1011011 :
b11111111011 B
#23309
b100010 "
b10101001 *
b1011001 2
b11100010 :
#23310
b100001 "
b10000110 *
b1011010 2
b10101000 :
b11111111110 B
#23311
b11000 "
b11011101 *
b11111 2
b11100010 :
b11111111111 B
#23312
b10100011 "
b1110 *
b10100110 2
b11101 :
b10 B
#23313
b11110101 "
b11010111 *
b11100010 2
b11100001 :
b11 B
#23314
b100 "
b11010110 *
b11100010 :
b1 B
#23315
b10 "
b1011110 *
b1011010 2
b11011 :
b10 B
#23316
b1011001 "
b10100111 *
b10100100 2
b10101010 :
b0 B
#23317
b11111110 "
b1011110 *
b1011000 2
b11011110 :
b11111111100 B
#23318
b10110000 "
b110001 *
b1011010 2
b11011 :
b11111111011 B
#23319
b1111010 "
b100001 *
b10100101 2
b10101000 :
b11111111010 B
#23320
b1010010 "
b11010011 *
b10100111 2
b11101 :
b11111111100 B
#23321
b11101000 "
b11011101 *
b11101 2
b11110 :
b11111111101 B
#23322
b11010111 "
b1011 *
b11111 2
b11100010 :
b1 B
#23323
b11001111 "
b1010000 *
b11100011 2
b10100111 :
b10 B
#23324
b1001001 "
b11000101 *
b11110 2
b1011000 :
b11 B
#23325
b10100111 "
b11100010 *
b11101 2
b10100111 :
b1 B
#23326
b110101 "
b1110010 *
b10101001 2
b1011011 :
b11111111111 B
#23327
b11111100 "
b11010110 *
b11101 2
b11100001 :
#23328
b111110 "
b10111010 *
b1011000 2
b11100000 :
b11111111110 B
#23329
b10101110 "
b101101 *
b10101000 2
b100001 :
b11111111100 B
#23330
b1110 "
b1011101 *
b11111 2
b1011001 :
#23331
b11011111 "
b10000110 *
b10100110 2
b10100110 :
b11111111011 B
#23332
b10110000 "
b11001111 *
b10100111 2
b11101 :
b11111111110 B
#23333
b10010 "
b11011010 *
b11100011 2
b11100001 :
b0 B
#23334
b11110 "
b1011001 *
b1011001 2
b11100011 :
b1 B
#23335
b10110111 "
b11000101 *
b11100001 2
b1011001 :
b100 B
#23336
b11010110 "
b100 *
b11110 2
b11101 :
b1 B
#23337
b10011 "
b1011100 *
b11011 2
b10100111 :
b10 B
#23338
b1010010 "
b11010011 *
b10101001 2
b100001 :
b11111111101 B
#23339
b11110010 "
b10100011 *
b100001 2
b1011000 :
#23340
b11011111 "
b10000110 *
b1011011 2
b1010111 :
b11111111011 B
#23341
b1011 "
b10000011 *
b1011010 2
b1011000 :
#23342
b11011010 "
b11101110 *
b11110 2
b11100010 :
b11111111101 B
#23343
b11110 "
b10100111 *
b1011001 2
b11111 :
b11111111110 B
#23344
b11001011 "
b10001110 *
b1011011 2
b10101001 :
b0 B
#23345
b1010000 "
b11001111 *
b1011001 2
b11111 :
b10 B
#23346
b100001 "
b10000110 *
b1011010 2
b10100110 :
b11 B
#23347
b11011101 "
b11101000 *
b11100010 2
b11100011 :
b10 B
#23348
b11101000 "
b11011101 *
b0 B
#23349
b10100100 "
b11101101 *
b10101000 2
b100000 :
b11111111101 B
#23350
b11010110 "
b11111100 *
b11100011 2
b11111 :
#23351
b110101 "
b10001110 *
b10100101 2
b10101001 :
b11111111100 B
#23352
b11110 "
b10100111 *
b10100111 2
b11100011 :
#23353
b1011110 "
b10 *
b11100010 2
b10100110 :
b11111111101 B
#23354
b10110000 "
b110001 *
b1011001 2
b11111 :
b11111111111 B
#23355
b11000010 "
b1000110 *
b11100011 :
b0 B
#23356
b10100011 "
b11110010 *
b11111 :
b10 B
#23357
b100011 "
b11101000 *
b11100010 2
b11110 :
b1 B
#23358
b11110101 "
b11010111 *
b11110 2
b11101 :
b10 B
#23359
b100 "
b11010110 *
b11111 2
b0 B
#23360
b11111110 "
b10100010 *
b1011010 2
b11100 :
b11111111101 B
#23361
b11110 "
b1011001 *
b10101000 2
b100000 :
b11111111011 B
#23362
b11000101 "
b1001001 *
b10100111 2
b11100011 :
b11111111110 B
#23363
b1010111 "
b100010 *
b11110 2
b1011001 :
b11111111100 B
#23364
b10011 "
b1011100 *
b11100001 2
b11111111111 B
#23365
b1011101 "
b1110 *
b1011001 2
b11111 :
#23366
b1100111 "
b10111000 *
b10100111 :
b10 B
#23367
b1011 "
b101001 *
b11110 2
b11101 :
#23368
b11111100 "
b101010 *
b11110 :
b0 B
#23369
b11111110 "
b10100010 *
b10100110 2
b11100100 :
b11111111101 B
#23370
b11110 "
b1011001 *
b1011001 2
b11100001 :
b0 B
#23371
b11000101 "
b1001001 *
b11101 :
b11111111110 B
#23372
b101010 "
b11111100 *
b11100010 2
b11100011 :
#23373
b101001 "
b1011 *
b11100001 2
b11100010 :
b11111111111 B
#23374
b10011001 "
b10111000 *
b1011001 2
b1011000 :
b11111111101 B
#23375
b10100011 "
b1110 *
b11100001 :
#23376
b100001 "
b1111010 *
b10100110 2
b10100110 :
b11111111111 B
#23377
b11011110 "
b10101001 *
b1011001 2
b11110 :
b11111111110 B
#23378
b11001011 "
b1110010 *
b10100111 2
b10100111 :
b0 B
#23379
b1011001 "
b1011001 *
b1011001 :
b1 B
#23380
b11001011 "
b10001110 *
b1011000 2
b10100110 :
b0 B
#23381
b11011110 "
b1010111 *
b10101000 2
b11111 :
#23382
b10000110 "
b11011111 *
b10100101 2
b10101000 :
b11111111111 B
#23383
b10100011 "
b11110010 *
b10100110 2
b11100011 :
b11111111110 B
#23384
b11000 "
b100011 *
b11111 2
b11101 :
b11111111101 B
#23385
b10011 "
b10100100 *
b11100001 2
b10100111 :
b11111111111 B
#23386
b10110000 "
b11001111 *
b10100111 2
b11111 :
b11111111011 B
#23387
b11011010 "
b11101110 *
b11100010 2
b11110 :
b11111111110 B
#23388
b10100111 "
b10100111 *
b10100110 2
b1011000 :
#23389
b110101 "
b1110010 *
b1011011 2
b10101001 :
b0 B
#23390
b11010110 "
b100 *
b11110 2
b11101 :
b10 B
#23391
b1011 "
b11010111 *
b11100010 2
b11110 :
b11 B
#23392
b1110 "
b10100011 *
b11100011 2
b1011010 :
b11111111101 B
#23393
b101101 "
b10101110 *
b1011001 :
b0 B
#23394
b11110101 "
b11010111 *
b11110 2
b11101 :
b11111111111 B
#23395
b10000011 "
b11110101 *
b1011000 2
b10100110 :
#23396
b100110 "
b10010 *
b11100011 2
b11110 :
b11111111101 B
#23397
b11110 "
b11110 *
b11100010 2
b11111111111 B
#23398
b1110010 "
b11001011 *
b1011011 2
b1011000 :
b11111111110 B
#23399
b100 "
b101010 *
b11100011 2
b11111 :
b0 B
#23400
b10011 "
b1011100 *
b11100100 2
b1011010 :
b11111111101 B
#23401
b10101110 "
b101101 *
b10101000 2
b11111 :
b11111111100 B
#23402
b1010010 "
b1011001 2
b11110 :
b11111111110 B
#23403
b10011 "
b10100100 *
b11100011 2
b10100111 :
#23404
b101010 "
b100 *
b11111 2
b11100011 :
b1 B
#23405
b111011 "
b1001001 *
b1011000 2
b11100010 :
#23406
b11100010 "
b11100010 *
b11100010 2
b11110 :
b101 B
#23407
b11011010 "
b10010 *
b11111 2
b11100 :
b11111111111 B
#23408
b10110000 "
b110001 *
b1011010 2
b11010 :
b0 B
#23409
b111110 "
b10111010 *
b10101000 2
b100001 :
b11111111001 B
#23410
b10101110 "
b101101 *
b1011000 2
b11100001 :
b11111111011 B
#23411
b1011101 "
b11110010 *
b10100111 2
b11111 :
#23412
b11000010 "
b10111010 *
b1011000 2
b11110 :
b11111111110 B
#23413
b10000011 "
b11110101 *
b1011010 2
b10101000 :
#23414
b11111110 "
b10100010 *
b1011000 2
b100000 :
b1 B
#23415
b1011001 "
b11110 *
b11100001 2
b1011001 :
b10 B
#23416
b11101110 "
b11011010 *
b11110 2
b11100010 :
b100 B
#23417
b1010000 "
b11001111 *
b1011010 2
b11100 :
b10 B
#23418
b11011111 "
b1111010 *
b10101001 2
b1011100 :
b0 B
#23419
b10100011 "
b11110010 *
b10100110 2
b11100101 :
b11111111110 B
#23420
b11010011 "
b1010010 *
b11100101 2
b1011001 :
b11111111101 B
#23421
b1000110 "
b11000010 *
b11100 2
b10100110 :
b11111111100 B
#23422
b1011 "
b10000011 *
b10100110 2
b10101000 :
b11111111101 B
#23423
b10001110 "
b11001011 *
b10101000 2
b1011001 :
b11111111110 B
#23424
b10100111 "
b11110 *
b11110 2
#23425
b1011110 "
b10 *
b11100010 2
b10100110 :
b0 B
#23426
b11001111 "
b10110000 *
b1011001 :
b11111111111 B
#23427
b1000110 "
b111110 *
b10100111 :
b0 B
#23428
b11110010 "
b1011101 *
b11110 2
b10100110 :
b1 B
#23429
b101101 "
b10101110 *
b11100011 2
b1011001 :
b11111111111 B
#23430
b11101101 "
b1011100 *
b11100001 2
b10100111 :
b0 B
#23431
b100 "
b11010110 *
b11101 2
b11110 :
b11111111111 B
#23432
b10110111 "
b111011 *
b11011111 2
b10101000 :
b11111111110 B
#23433
b10100111 "
b10100111 *
b1011000 2
b10100110 :
b10 B
#23434
b10110111 "
b11000101 *
b11100 2
b11111111011 B
#23435
b11111100 "
b11010110 *
b11101 2
b11100001 :
b11111111111 B
#23436
b1011100 "
b11101101 *
b1011010 2
b11100 :
b11111111110 B
#23437
b100011 "
b11000 *
b11110 2
b11110 :
b11111111100 B
#23438
b11000 "
b100011 *
b11111111110 B
#23439
b11011111 "
b10000110 *
b10100111 2
b10100110 :
b0 B
#23440
b11011110 "
b10101001 *
b11100010 :
#23441
b1011110 "
b11111110 *
b11110 2
b10100111 :
#23442
b11110 "
b11110 *
b11100010 :
b1 B
#23443
b11000101 "
b1001001 *
b1011001 2
b11101 :
#23444
b11110101 "
b10000011 *
b10101001 2
b1011010 :
b0 B
#23445
b101001 "
b1011 *
b11100001 2
b11100010 :
b11111111111 B
#23446
b11011101 "
b11101000 *
b11111 2
b11101 :
b11111111110 B
#23447
b101101 "
b10101110 *
b11100100 2
b1011010 :
b11111111101 B
#23448
b11000010 "
b10111010 *
b1011001 2
b11100 :
b11111111011 B
#23449
b100010 "
b1010111 *
b10100111 2
b11100010 :
b11111111110 B
#23450
b10010 "
b11011010 *
b11110 2
b11110 :
#23451
b11100010 "
b1011001 *
b10100111 2
b11100001 :
b1 B
#23452
b11000101 "
b1001001 *
b10101000 2
b11100010 :
b0 B
#23453
b100010 "
b10101001 *
b1011001 2
b10 B
#23454
b10100100 "
b10011 *
b10100111 2
b11100100 :
b1 B
#23455
b10011001 "
b10111000 *
b10100101 2
b10101010 :
b11111111111 B
#23456
b10111000 "
b10011001 *
b11111111110 B
#23457
b11011111 "
b10000110 *
b10100100 2
b10101001 :
b11111111100 B
#23458
b11110101 "
b1111101 *
b1011010 2
b1011000 :
#23459
b11101110 "
b100110 *
b11110 2
b11110 :
#23460
b11100010 "
b1011001 *
b1011001 2
b11111 :
b11111111110 B
#23461
b1001001 "
b111011 *
b100001 2
b10101000 :
b0 B
#23462
b10101001 "
b11011110 *
b11011 2
b1011001 :
b10 B
#23463
b111110 "
b10111010 *
b10100111 2
b11101 :
b101 B
#23464
b1100111 "
b1001000 *
b10100110 2
b10101001 :
b11 B
#23465
b101101 "
b10101110 *
b11100101 2
b1011001 :
b1 B
#23466
b111110 "
b1000110 *
b10100110 2
b11100110 :
b11111111101 B
#23467
b110001 "
b10110000 *
b100001 2
b1011000 :
#23468
b10001110 "
b11001011 *
b1010111 2
b10100100 :
b11111111011 B
#23469
b11100010 "
b11110 *
b11100001 2
b11100011 :
#23470
b1110010 "
b11001011 *
b1011010 2
b1011000 :
b11111111101 B
#23471
b1010000 "
b11001111 *
b11101 :
b11111111011 B
#23472
b11000010 "
b1000110 *
b10100111 2
b11111111110 B
#23473
b1110 "
b10100011 *
b11111 2
b10100111 :
b11111111111 B
#23474
b10111000 "
b10011001 *
b10101000 2
b1 B
#23475
b10100100 "
b11101101 *
b10100111 2
b11110 :
b10 B
#23476
b11010110 "
b11111100 *
b11100010 2
b11101 :
b0 B
#23477
b100110 "
b10010 *
b11101 2
b11100010 :
b11111111111 B
#23478
b1011001 "
b1011001 *
b1011000 2
b10100110 :
b11 B
#23479
b11101110 "
b11011010 *
b11100100 2
b11111 :
b11111111110 B
#23480
b11010110 "
b100 *
b11111 2
b11100 :
b11111111111 B
#23481
b11010111 "
b11110101 *
b11110 :
b11111111010 B
#23482
b11010011 "
b10101110 *
b1011000 :
b11111111001 B
#23483
b1100111 "
b10111000 *
b10100111 2
b11111111101 B
#23484
b10111010 "
b111110 *
b11111 2
b10101000 :
b11111111110 B
#23485
b101010 "
b100 *
b11100001 2
b11100 :
b1 B
#23486
b1001001 "
b11000101 *
b11101 2
b1011001 :
b10 B
#23487
b11100010 "
b1011001 *
b10100111 2
b11100010 :
b111 B
#23488
b1001001 "
b111011 *
b11100100 2
b1011010 :
b1 B
#23489
b11111100 "
b11010110 *
b11100 2
b11100000 :
#23490
b1011 "
b11010111 *
b11101 2
b11111111110 B
#23491
b10011001 "
b10111000 *
b10100011 2
b10101100 :
b11111111000 B
#23492
b100011 "
b11101000 *
b11101 2
b11100001 :
b11111111010 B
#23493
b1111010 "
b11011111 *
b1011010 2
b10100110 :
b11111111001 B
#23494
b100 "
b11010110 *
b11100100 2
b11100001 :
b11111111100 B
#23495
b110101 "
b10001110 *
b10101010 2
b10100100 :
b0 B
#23496
b11110 "
b10100111 *
b10101000 2
b11011111 :
b110 B
#23497
b10100010 "
b11111110 *
b11110 2
b1011010 :
b100 B
#23498
b1011 "
b1111101 *
b1011000 2
b10100111 :
b101 B
#23499
b11000010 "
b1000110 *
b11011111 :
b0 B
#23500
b11110010 "
b1011101 *
b11010 2
b10100110 :
#23501
b100011 "
b11101000 *
b11100011 2
b11111 :
b11111111011 B
#23502
b100001 "
b1111010 *
b10100100 2
b10101001 :
#23503
b1111101 "
b1011 *
b10101000 2
b1011010 :
b11111111100 B
#23504
b10110111 "
b111011 *
b11100010 2
b10101000 :
#23505
b11110 "
b11100010 *
b11110 2
b11110 :
b11111111111 B
#23506
b10100010 "
b11111110 *
b11100010 2
b10100110 :
#23507
b10101001 "
b11011110 *
b10100111 :
b0 B
#23508
b1011100 "
b11101101 *
b1011010 2
b11110 :
#23509
b1100111 "
b1001000 *
b1011001 2
b1011001 :
b11111111111 B
#23510
b11011101 "
b11000 *
b11100010 2
b11110 :
b0 B
#23511
b11101101 "
b1011100 *
b11111 2
b1011001 :
#23512
b11011110 "
b10101001 *
b10100111 2
b11100011 :
#23513
b10100010 "
b10 *
b11100011 2
b1011010 :
b11111111110 B
#23514
b11100010 "
b11100010 *
b11100010 2
b11110 :
b11111111111 B
#23515
b100110 "
b11101110 *
b11100010 :
#23516
b10110000 "
b110001 *
b1011001 2
b11101 :
b0 B
#23517
b10011 "
b1011100 *
b11100 2
b10100111 :
#23518
b1110 "
b10100011 *
b11100011 2
b1011010 :
b11111111111 B
#23519
b1011101 "
b11110010 *
b10100111 2
b100000 :
b11111111110 B
#23520
b10100100 "
b11101101 *
b1011001 2
b11100001 :
b11111111111 B
#23521
b11010110 "
b11111100 *
b11110 2
b11100011 :
b11111111101 B
#23522
b100110 "
b10010 *
b11100011 2
b11110 :
b11111111110 B
#23523
b1011001 "
b11110 *
b1011001 :
b11 B
#23524
b1001001 "
b111011 *
b11100100 2
b1011010 :
b11111111110 B
#23525
b1010000 "
b11001111 *
b1011010 2
b11100 :
b11111111111 B
#23526
b11110101 "
b101001 *
b11100010 2
b11111 :
b11111111110 B
#23527
b101101 "
b1010010 *
b11111 2
b1011000 :
#23528
b11010011 "
b11100011 2
b1011001 :
#23529
b10100100 "
b11101101 *
b10100111 2
b11111 :
#23530
b1010111 "
b11011110 *
b11110 2
b10100111 :
b11111111111 B
#23531
b111011 "
b1001001 *
b1011000 2
b11100010 :
b11111111110 B
#23532
b10100111 "
b10100111 *
b10100111 2
b1011001 :
b1 B
#23533
b110101 "
b1110010 *
b1011000 2
b10100110 :
b11111111111 B
#23534
b110001 "
b1010000 *
b11101 2
b10100111 :
b0 B
#23535
b101001 "
b1011 *
b11100001 2
b11100010 :
b11111111111 B
#23536
b11000 "
b11011101 *
b11100011 2
b11110 :
#23537
b100011 *
b11100001 2
b11100011 :
b11111111101 B
#23538
b1111010 "
b11011111 *
b10101000 2
b1011011 :
b11111111110 B
#23539
b1010000 "
b110001 *
b10100111 2
b11111 :
b11111111011 B
#23540
b11111110 "
b10100010 *
b1011001 2
b11110 :
b11111111110 B
#23541
b11100010 "
b1011001 *
b10100111 2
b11100001 :
#23542
b110101 "
b1110010 *
b10100101 2
b1010111 :
b1 B
#23543
b11111100 "
b11010110 *
b11101 2
b11100010 :
b10 B
#23544
b10000110 "
b11011111 *
b10100110 2
b10100111 :
b11 B
#23545
b100011 "
b11000 *
b11111 2
b11101 :
b11111111110 B
#23546
b1100111 "
b10111000 *
b1010111 2
b10100101 :
b11111111111 B
#23547
b11101101 "
b1011100 *
b100000 2
b1011000 :
b11111111011 B
#23548
b11011110 "
b10101001 *
b10100111 2
b11100011 :
b11111111110 B
#23549
b111011 "
b1001001 *
b1011000 2
b11100010 :
b11111111100 B
#23550
b11110 "
b11100010 *
b11100010 2
b11111111111 B
#23551
b10 "
b10100010 *
b10100110 2
b11110 :
#23552
b11010110 "
b100 *
b11110 2
b11101 :
b0 B
#23553
b10111010 "
b11000010 *
b1011001 :
#23554
b100011 "
b11000 *
b11100010 2
b11100010 :
b11111111101 B
#23555
b10011001 "
b1001000 *
b1011001 2
b10100111 :
b11111111111 B
#23556
b1111010 "
b11011111 *
b10100111 2
b1011010 :
b0 B
#23557
b11110101 "
b1111101 *
b10101000 :
#23558
b10 "
b1011110 *
b11100010 :
#23559
b10100111 "
b11110 *
b11100001 2
b10100111 :
b11111111111 B
#23560
b1011110 "
b10 *
b11111 2
b1011001 :
b1 B
#23561
b11010110 "
b100 *
b11100001 2
b11100011 :
b11111111110 B
#23562
b10000110 "
b11011111 *
b10100101 2
b10101000 :
#23563
b101101 "
b1010010 *
b11111 2
b1011000 :
b11111111011 B
#23564
b11101000 "
b11011101 *
b11100010 2
b11100010 :
b11111111101 B
#23565
b101001 "
b11110101 *
b11111 2
b11111111110 B
#23566
b1010111 "
b11011110 *
b10101000 :
b0 B
#23567
b11111110 "
b10100010 *
b10100111 2
b11100001 :
b11 B
#23568
b10100111 "
b11110 *
b11111 2
b1011001 :
b10 B
#23569
b11111110 "
b1011110 *
b1011000 2
b11100000 :
#23570
b1010000 "
b11001111 *
b10100110 2
b11100101 :
b11111111110 B
#23571
b1000110 "
b111110 *
b11100001 2
b10101001 :
b11111111100 B
#23572
b1010010 "
b11010011 *
b10101000 2
b11111 :
#23573
b11101000 "
b11011101 *
b11110 2
b11110 :
b11111111101 B
#23574
b1000110 "
b11000010 *
b11100010 2
b1011000 :
b11111111110 B
#23575
b1010111 "
b11011110 *
b11100001 2
b0 B
#23576
b100110 "
b10010 *
b11100010 2
b11110 :
b1 B
#23577
b10100111 "
b10100111 *
b1011001 2
b10100111 :
b10 B
#23578
b110101 "
b1110010 *
b10101000 2
b1011010 :
b0 B
#23579
b110001 "
b1010000 *
b11100011 2
#23580
b111110 "
b10111010 *
b1011000 2
b11100001 :
b11111111111 B
#23581
b11011101 "
b11101000 *
b11100010 2
b11100011 :
#23582
b101101 "
b10101110 *
b11100 2
b10100110 :
b11111111110 B
#23583
b10000110 "
b100001 *
b10101000 2
b1011011 :
b11111111101 B
#23584
b1010000 "
b110001 *
b1011001 2
b11100001 :
b11111111110 B
#23585
b1011110 "
b11111110 *
b11110 2
b10100111 :
#23586
b11110 "
b11100010 *
b11100010 2
b11100010 :
#23587
b111011 "
b10110111 *
b10100111 2
b11100001 :
b1 B
#23588
b11001111 "
b10110000 *
b11100011 2
b1011010 :
b0 B
#23589
b1111010 "
b100001 *
b10100110 2
b10100111 :
b10 B
#23590
b1001000 "
b10011001 *
b10101001 2
b1011010 :
b11111111111 B
#23591
b1100111 "
b10111000 *
b1011011 :
#23592
b11110101 "
b11010111 *
b11110 2
b11101 :
b11111111110 B
#23593
b1011 "
b10000011 *
b1011010 2
b1011000 :
#23594
b10 "
b1011110 *
b10100110 2
b11100011 :
b11111111101 B
#23595
b11110 "
b11110 *
b11100010 2
b11110 :
b11111111110 B
#23596
b10 "
b10100010 *
b1011001 2
b11100010 :
b11111111111 B
#23597
b10101001 "
b11011110 *
b11100010 2
b10100111 :
b0 B
#23598
b1011100 "
b11101101 *
b1011001 2
b11101 :
b11111111111 B
#23599
b11101000 "
b100011 *
b11100010 2
b11110 :
#23600
b11010011 "
b1010010 *
b11100011 2
b1011001 :
#23601
b11011111 "
b10000110 *
b10100101 2
b10101000 :
b0 B
#23602
b11010110 "
b11111100 *
b11100010 2
b11110 :
b11111111111 B
#23603
b10110111 "
b111011 *
b100001 2
b1011000 :
b11111111101 B
#23604
b10100111 "
b10100111 *
b10101000 2
b1011010 :
b0 B
#23605
b1001001 "
b111011 *
b11101 2
b10100111 :
b11111111011 B
#23606
b10000011 "
b1011 *
b1011001 2
b1011001 :
b11111111111 B
#23607
b10011 "
b1011100 *
b11101 2
b10100111 :
#23608
b11010011 "
b10101110 *
b11111 2
b1011000 :
b0 B
#23609
b1011101 "
b11110010 *
b10100111 2
b11111 :
b11111111111 B
#23610
b11011111 "
b10000110 *
b1011011 2
b1011000 :
b11111111110 B
#23611
b11010110 "
b11111100 *
b11110 2
b11100011 :
#23612
b100110 "
b10010 *
b11100010 2
b11110 :
b11111111101 B
#23613
b11100010 "
b1011001 *
b10100111 2
b11100010 :
b11 B
#23614
b10001110 "
b110101 *
b10100101 2
b10101000 :
b0 B
#23615
b101010 "
b11111100 *
b11111 2
b11100 :
b1 B
#23616
b10111010 "
b11000010 *
b11100000 2
b10101000 :
b11111111101 B
#23617
b10101110 "
b101101 *
b10101000 2
b100001 :
b11111111001 B
#23618
b11110010 "
b10100011 *
b11100001 2
b10100111 :
b11111111100 B
#23619
b1011 "
b101001 *
b11110 2
b11111 :
b11111111011 B
#23620
b10000011 *
b10101001 2
b10100110 :
b11111111110 B
#23621
b11001011 "
b1110010 *
b1010111 2
b1011011 :
b10 B
#23622
b11110 "
b10100111 *
b10100111 2
b11100001 :
#23623
b11101110 "
b11011010 *
b11100010 2
b11110 :
#23624
b10101001 "
b11011110 *
b11110 2
b1011001 :
#23625
b11101101 "
b10100100 *
b11100100 2
b1011010 :
b0 B
#23626
b11000 "
b11011101 *
b11100011 2
b11110 :
b11111111111 B
#23627
b100011 "
b11101000 *
b11111 :
b11111111110 B
#23628
b10011 "
b10100100 *
b11111 2
b1011001 :
#23629
b10101001 "
b100010 *
b11101 2
b10100111 :
b11111111100 B
#23630
b10100010 "
b10 *
b11110 2
b11111111110 B
#23631
b1011001 "
b10100111 *
b1011000 2
b1011010 :
b11111111111 B
#23632
b11111110 "
b1011110 *
b10100110 2
b11110 :
b1 B
#23633
b11111100 "
b11010110 *
b11101 2
b11100010 :
#23634
b10111010 "
b11000010 *
b11100001 2
b10101000 :
b0 B
#23635
b1010010 "
b11010011 *
b1011000 2
b11100001 :
b11111111110 B
#23636
b1100111 "
b10111000 *
b10100110 :
#23637
b1000110 "
b11000010 *
b11101 2
b10100111 :
#23638
b101010 "
b100 *
b11110 2
b11100011 :
b11111111111 B
#23639
b11000101 "
b10110111 *
b10101000 2
b11110 :
#23640
b11100010 "
b1011001 *
b1011001 2
b11101 :
b11 B
#23641
b11101110 "
b11011010 *
b11100100 2
b11111 :
b11111111111 B
#23642
b11110101 "
b10000011 *
b10101001 2
b1011011 :
#23643
b1111010 "
b100001 *
b10100100 2
b10101001 :
b11111111010 B
#23644
b10111000 "
b1100111 *
b1011000 2
b10100111 :
b11111111110 B
#23645
b1010010 "
b101101 *
b10100111 2
b11100011 :
b11111111100 B
#23646
b10100100 "
b11101101 *
b1011001 2
b0 B
#23647
b1010000 "
b110001 *
b10100110 2
b11101 :
b11111111111 B
#23648
b10110111 "
b111011 *
b11100010 2
b10101000 :
b1 B
#23649
b1011001 "
b10100111 *
b1011010 2
b1011000 :
#23650
b11000101 "
b1001001 *
b10100111 2
b11100011 :
b11111111111 B
#23651
b11111100 "
b11010110 *
b11101 2
b11100001 :
b11111111110 B
#23652
b1000110 "
b111110 *
b11111 2
b1011000 :
b11111111111 B
#23653
b1110 "
b10100011 *
b11101 2
b10100110 :
b11111111100 B
#23654
b1100111 "
b10111000 *
b1011000 2
b11111111110 B
#23655
b1011 "
b101001 *
b11111 2
b11110 :
b11111111111 B
#23656
b11010110 "
b11111100 *
b11100010 2
b11101 :
#23657
b10100010 "
b10 *
b1011001 :
b11111111101 B
#23658
b1011001 "
b1011001 *
b1011001 2
b10100111 :
b11 B
#23659
b11101110 "
b11011010 *
b11100011 2
b11111 :
b1 B
#23660
b11001111 "
b10110000 *
b11100101 2
b1011010 :
b0 B
#23661
b10011 "
b1011100 *
b11011 2
b10100110 :
b11111111100 B
#23662
b11010011 "
b10101110 *
b11111 2
b1011000 :
#23663
b101101 "
b11100011 2
b1011001 :
#23664
b11101101 "
b1011100 *
b10100111 :
b11111111110 B
#23665
b10101001 "
b100010 *
b11111 2
b10101000 :
b11111111111 B
#23666
b111011 "
b1001001 *
b10100111 2
b11101 :
b1 B
#23667
b11100010 "
b11100010 *
b11110 2
b11100010 :
b10 B
#23668
b110101 "
b1110010 *
b10101000 2
b1011010 :
b1 B
#23669
b10110000 "
b110001 *
b10100111 2
b11100100 :
b0 B
#23670
b111110 "
b10111010 *
b1011000 2
b11100001 :
b11111111111 B
#23671
b101101 "
b1010010 *
b100001 2
b1011000 :
b11111111110 B
#23672
b11101000 "
b11011101 *
b11100001 2
b11100011 :
#23673
b10000110 "
b100001 *
b10101000 2
b1011011 :
b11111111011 B
#23674
b100010 "
b1010111 *
b1011001 2
b11110 :
#23675
b11001011 "
b1110010 *
b1011000 2
b1011010 :
b11111111110 B
#23676
b11100010 "
b10100111 *
b10100111 2
b11101 :
b1 B
#23677
b10001110 "
b110101 *
b1011000 2
b1011010 :
#23678
b1111101 "
b11110101 *
b10100111 2
b10100111 :
#23679
b111110 "
b10111010 *
b10101000 2
b11111 :
#23680
b1001000 "
b10011001 *
b10101010 2
b1011011 :
b0 B
#23681
b11010011 "
b1010010 *
b11011 2
b10100111 :
b11111111110 B
#23682
b100001 "
b1111010 *
b10100101 2
b10101001 :
b11111111101 B
#23683
b10000011 "
b11110101 *
b1011000 2
b10100110 :
#23684
b1110010 "
b110101 *
b10101001 2
b1011011 :
#23685
b1011001 "
b11110 *
b11100011 2
b1011001 :
b11111111111 B
#23686
b10010 "
b100110 *
b11100010 2
b11110 :
b11111111110 B
#23687
b10000011 "
b1011 *
b10100111 2
b10100111 :
b11111111111 B
#23688
b11110101 "
b101001 *
b11100010 2
b11111 :
b0 B
#23689
b101101 "
b1010010 *
b11111 2
b1011000 :
#23690
b1110 "
b1011101 *
b1011001 :
b11111111110 B
#23691
b100001 "
b1111010 *
b1011010 2
b1011000 :
#23692
b1011 "
b10000011 *
b10100111 2
b10101000 :
#23693
b11111110 "
b10100010 *
b11100010 :
#23694
b11110 "
b10100111 *
b11100001 :
b11111111111 B
#23695
b10001110 "
b110101 *
b1011000 2
b1011010 :
b1 B
#23696
b1010111 "
b100010 *
b11100010 2
b10100111 :
b10 B
#23697
b1000110 "
b111110 *
b11100001 2
b10101000 :
b1 B
#23698
b1010010 "
b11010011 *
b10101000 2
b100001 :
b11111111111 B
#23699
b10111000 "
b10011001 *
b1011011 2
b1010110 :
b11111111110 B
#23700
b11010111 "
b1011 *
b11101 2
b11100010 :
b11111111011 B
#23701
b10101001 "
b100010 *
b10100111 :
b11111111100 B
#23702
b1011110 "
b11111110 *
b11100010 2
b1011001 :
b11111111110 B
#23703
b10100111 "
b11110 *
b11100011 2
b10100111 :
b11111111111 B
#23704
b11101110 "
b11011010 *
b11110 2
b11100010 :
b1 B
#23705
b1111101 "
b11110101 *
b1011001 2
b1011001 :
#23706
b11011111 "
b1111010 *
b10101000 2
b1011011 :
b0 B
#23707
b100011 "
b11000 *
b11110 2
b11101 :
#23708
b10111000 "
b10011001 *
b10100101 2
b10101001 :
b11111111110 B
#23709
b10000110 "
b100001 *
b10101000 2
b1011011 :
b11111111101 B
#23710
b100 "
b11010110 *
b11100011 2
b11100010 :
#23711
b10010 "
b11011010 *
b11100010 2
b11111111110 B
#23712
b11110 "
b11110 *
b11110 2
b10 B
#23713
b110101 "
b1110010 *
b1011000 2
b10100110 :
b0 B
#23714
b101010 "
b11111100 *
b11100010 2
b11100011 :
#23715
b101001 "
b1011 *
b11100001 2
b11100010 :
b11111111111 B
#23716
b101101 "
b1010010 *
b10101000 :
b11111111101 B
#23717
b11101000 "
b11011101 *
b11111 2
b11101 :
#23718
b111110 "
b1000110 *
b10100111 2
b11100011 :
b11111111110 B
#23719
b100 "
b11010110 *
b11101 2
b11110 :
b11111111011 B
#23720
b11111110 "
b10100010 *
b1011001 2
b11111 :
b11111111111 B
#23721
b10100111 "
b10100111 *
b1011010 2
b10101000 :
b10 B
#23722
b11000101 "
b1001001 *
b10101000 2
b11100010 :
#23723
b1011 "
b1111101 *
b1011010 :
#23724
b10000110 "
b11011111 *
b10100101 2
b10101000 :
b1 B
#23725
b1011101 "
b1110 *
b1011010 2
b11011 :
b11111111111 B
#23726
b11000 "
b100011 *
b11110 2
b11101 :
b11111111101 B
#23727
b10011 "
b10100100 *
b11100000 2
b10101000 :
b11111111100 B
#23728
b11110101 "
b1111101 *
b1011011 2
b1011000 :
b11111111101 B
#23729
b110101 "
b10001110 *
b10100101 2
b10101001 :
b11111111100 B
#23730
b10100111 "
b1011001 *
b1011001 2
b1011001 :
b11111111101 B
#23731
b11011010 "
b10010 *
b11110 2
b11110 :
#23732
b11111100 "
b11010110 *
b11100011 2
b0 B
#23733
b101001 "
b1011 *
b11100010 :
#23734
b1001000 "
b10011001 *
b10100110 2
b1011000 :
b11111111110 B
#23735
b1110 "
b1011101 *
b11100011 2
b10100110 :
b10 B
#23736
b11010111 "
b1011 *
b11111 2
b11100001 :
#23737
b100010 "
b1010111 *
b10100111 2
b11100011 :
b1 B
#23738
b11011010 "
b11101110 *
b11101 2
b11100010 :
b0 B
#23739
b11110 "
b10100111 *
b1011010 2
b11100 :
b11111111111 B
#23740
b111011 "
b10110111 *
b11111111110 B
#23741
b1010000 "
b11001111 *
#23742
b11010111 "
b11110101 *
b11100001 2
b11100010 :
#23743
b10011001 "
b10111000 *
b10100111 2
b10101000 :
#23744
b11000 "
b100011 *
b11110 2
b11110 :
b11111111101 B
#23745
b10011 "
b10100100 *
b11100010 2
b10100110 :
b11111111111 B
#23746
b11001111 "
b1010000 *
b11110 2
b1011001 :
b0 B
#23747
b10001110 "
b11001011 *
b10101000 2
#23748
b11110 "
b10100111 *
b10100111 2
b11100011 :
b11111111111 B
#23749
b111011 "
b10110111 *
b0 B
#23750
b10110000 "
b110001 *
b1011001 2
b11101 :
b11111111111 B
#23751
b1111010 "
b100001 *
b10100101 2
b10101000 :
#23752
b1001000 "
b10011001 *
b10101001 2
b1011010 :
#23753
b1110 "
b1011101 *
b11100000 2
b10100111 :
b11111111101 B
#23754
b10011 "
b10100100 *
b11111 2
b1011001 :
b11111111110 B
#23755
b110001 "
b10110000 *
b11111111101 B
#23756
b1110010 "
b110101 *
b10101000 2
b11111111110 B
#23757
b10100111 "
b1011001 *
b10100111 2
b10100111 :
#23758
b111011 "
b10110111 *
b1011001 2
b11111 :
b0 B
#23759
b11111100 "
b11010110 *
b11101 2
b11100010 :
#23760
b10100100 "
b10011 *
b10100111 2
b10 B
#23761
b10011001 "
b10111000 *
b10101000 :
b11111111110 B
#23762
b11110010 "
b10100011 *
b11100001 2
b10100111 :
b1 B
#23763
b10100100 "
b11101101 *
b10100111 2
b11111 :
b11111111111 B
#23764
b10000011 "
b11110101 *
b10101000 2
b1011011 :
b11111111110 B
#23765
b11111110 "
b10100010 *
b10100110 2
b11100011 :
#23766
b1011001 "
b11110 *
b11101 2
b10100111 :
#23767
b110101 "
b1110010 *
b1011001 2
b11111111111 B
#23768
b11001111 "
b10110000 *
b11100011 2
b1011010 :
#23769
b11000010 "
b1000110 *
b1011000 2
b11100010 :
b0 B
#23770
b10011001 "
b10111000 *
b1011001 2
b1011000 :
b11111111111 B
#23771
b11110010 "
b10100011 *
b11111 2
b1011001 :
#23772
b100001 "
b1111010 *
b10100101 2
b10101000 :
#23773
b10000011 "
b11110101 *
b1011000 2
b10100110 :
b11111111110 B
#23774
b11000101 "
b10110111 *
b11100000 :
b11111111101 B
#23775
b10100111 "
b1011001 *
b10100110 2
b10101000 :
b11111111111 B
#23776
b1001001 "
b111011 *
b11100011 2
b1011001 :
b11111111100 B
#23777
b1111101 "
b11110101 *
b1011000 2
b11111111110 B
#23778
b1011 "
b11010111 *
b11110 2
b11100011 :
b11111111111 B
#23779
b10100011 "
b11110010 *
b10100111 2
b11100001 :
b0 B
#23780
b1110 *
b10100110 2
b11110 :
b11 B
#23781
b1000110 "
b11000010 *
b11100 2
b10100111 :
b10 B
#23782
b11001111 "
b1010000 *
b100000 2
b1011000 :
b0 B
#23783
b10001110 "
b11001011 *
b10101010 2
b1011011 :
b11111111110 B
#23784
b1011001 "
b1011001 *
b1010111 2
b10100101 :
b11111111100 B
#23785
b11111110 "
b1011110 *
b1011001 2
b11100001 :
b11111111101 B
#23786
b11010110 "
b100 *
b11110 2
b11101 :
b11111111110 B
#23787
b11110101 "
b101001 *
b11111 2
b11100001 :
#23788
b11011101 "
b11101000 *
b11110 2
b11110 :
b11111111101 B
#23789
b1001000 "
b1100111 *
b10101000 2
b10100111 :
b0 B
#23790
b10000110 "
b100001 *
b1011010 2
#23791
b100 "
b11010110 *
b11101 2
b11110 :
#23792
b100110 "
b10010 *
b11100010 2
b1 B
#23793
b1011001 "
b11100010 *
b11111 2
b1011001 :
b10 B
#23794
b100110 "
b11101110 *
b11110 :
b0 B
#23795
b11001111 "
b10110000 *
b11100 2
b10100111 :
b11111111110 B
#23796
b11000010 "
b1000110 *
b10101000 2
b11111 :
b11111111101 B
#23797
b10111000 "
b1100111 *
b1011001 :
b11111111110 B
#23798
b11011101 "
b11000 *
b11100010 2
b11110 :
#23799
b100001 "
b1111010 *
b1011010 2
b1011001 :
b0 B
#23800
b11110101 "
b1111101 *
b1011001 2
b1011000 :
#23801
b11000101 "
b10110111 *
b10101000 2
b11110 :
b11111111111 B
#23802
b11100010 "
b11100010 *
b11100010 2
#23803
b10010 "
b100110 *
b11110 2
b11100010 :
#23804
b11110101 "
b10000011 *
b10101000 2
b1011001 :
b0 B
#23805
b11101101 "
b10100100 *
b11100100 2
b1011010 :
#23806
b10100011 "
b11110010 *
b1011010 2
b11101 :
#23807
b1011101 "
b10100111 2
b100000 :
b11111111110 B
#23808
b1011100 "
b10011 *
b11111 :
b11111111111 B
#23809
b1111101 "
b1011 *
b10101000 2
b1011010 :
b11111111101 B
#23810
b11001011 "
b1110010 *
b10100101 2
b10101001 :
b11111111110 B
#23811
b1011001 "
b11100010 *
b11111 2
b1011001 :
b11111111111 B
#23812
b10110111 "
b11000101 *
b11101 2
b10100111 :
b11111111101 B
#23813
b110001 "
b1010000 *
b11100011 2
b1011010 :
b11111111110 B
#23814
b10011 "
b1011100 *
b11100010 2
b1011001 :
b11111111111 B
#23815
b10111000 "
b1100111 *
b10100111 2
#23816
b1001000 "
b1011010 2
b1011000 :
b1 B
#23817
b101001 "
b11110101 *
b11101 2
b11100010 :
b0 B
#23818
b10110000 "
b11001111 *
b10100111 2
b11111 :
b11111111110 B
#23819
b10001110 "
b11001011 *
b10101001 2
b1011011 :
#23820
b1011001 "
b11100010 *
b11100001 2
b10100111 :
#23821
b110101 "
b1110010 *
b1011001 2
#23822
b11001111 "
b10110000 *
b11100010 2
b1011001 :
#23823
b11010111 "
b11110101 *
b11101 2
b11110 :
b0 B
#23824
b11110010 "
b1011101 *
b11111 2
b10100111 :
b1 B
#23825
b11011101 "
b11000 *
b11110 2
b11100010 :
b10 B
#23826
b1011100 "
b10011 *
b10100111 2
b11111 :
#23827
b10101001 "
b100010 *
b11011 2
b10100111 :
b0 B
#23828
b1001001 "
b11000101 *
b100001 2
b1011000 :
b11111111110 B
#23829
b10100111 "
b11110 *
b11100000 2
b10101000 :
b11111111101 B
#23830
b11001011 "
b10001110 *
b1011000 2
b10100101 :
b11111111011 B
#23831
b1010000 "
b11001111 *
b1011010 2
b11101 :
b11111111100 B
#23832
b10111010 "
b11000010 *
b11100011 2
b10100111 :
b11111111110 B
#23833
b101101 "
b1010010 *
b11101 2
b1011001 :
b11111111111 B
#23834
b11000 "
b100011 *
b11110 2
b11110 :
b1 B
#23835
b11110101 "
b11010111 *
b11100010 2
b11100001 :
#23836
b10110000 "
b11001111 *
b10100111 2
b11111 :
b0 B
#23837
b10 "
b1011110 *
b1011010 2
b11101 :
b10 B
#23838
b1011001 "
b1011001 *
b1010111 2
b10100101 :
b11111111110 B
#23839
b11111110 "
b1011110 *
b1011000 2
b11100000 :
b11111111111 B
#23840
b1011 "
b1111101 *
b1010111 2
b10100110 :
b11111111110 B
#23841
b10100100 "
b10011 *
b1011010 2
b11100 :
b11111111100 B
#23842
b1110 "
b10100011 *
b11100010 2
b1011010 :
b11111111110 B
#23843
b1011101 *
b10100110 :
#23844
b11011111 "
b10000110 *
b1011001 2
b1011010 :
b0 B
#23845
b11010110 "
b11111100 *
b11110 2
b11100011 :
#23846
b10010 "
b11011010 *
b11110 :
#23847
b11100010 "
b10100111 *
b1011001 2
b11100010 :
b11 B
#23848
b10110111 "
b11000101 *
b11101 2
b10100111 :
b0 B
#23849
b11001111 "
b10110000 *
b11100 2
b11111111111 B
#23850
b10100100 "
b10011 *
b10100111 2
b11100100 :
#23851
b11110010 "
b1011101 *
b11100100 2
b1011010 :
b11111111110 B
#23852
b1011101 "
b11110010 *
b1011001 2
b11100000 :
#23853
b11110101 "
b11010111 *
b11100010 2
b11100011 :
#23854
b11010110 "
b11111100 *
b11101 :
b11111111101 B
#23855
b10110111 "
b111011 *
b11110 2
b1011000 :
#23856
b11110 "
b1011001 *
b1011001 2
b11100010 :
b11 B
#23857
b10 "
b10100010 *
b10101000 2
b100000 :
b11111111111 B
#23858
b10000011 "
b1011 *
b1011010 2
b1010111 :
#23859
b10011 "
b1011100 *
b11011 2
b10100111 :
b11111111100 B
#23860
b1100111 "
b1001000 *
b10100111 2
b10101000 :
b11111111101 B
#23861
b10100011 "
b1110 *
b1011001 2
b11100001 :
#23862
b10100100 "
b11101101 *
b1011010 2
b11100010 :
b11111111111 B
#23863
b1010000 "
b110001 *
b10100111 2
b11110 :
b11111111110 B
#23864
b10001110 "
b11001011 *
b1011001 2
b10100111 :
b0 B
#23865
b11100010 "
b11110 *
b11100010 2
b11100010 :
b11111111111 B
#23866
b10100010 "
b11111110 *
b10100111 :
b0 B
#23867
b101010 "
b11111100 *
b11110 2
b11101 :
#23868
b101001 "
b1011 *
b11111 2
b11110 :
b11111111111 B
#23869
b100011 "
b11000 *
b11110 2
b11111111101 B
#23870
b1001000 "
b1100111 *
b1011010 2
b1011000 :
#23871
b11000010 "
b10111010 *
b10100111 2
b11100010 :
b0 B
#23872
b101010 "
b100 *
b11110 2
b11100011 :
b11111111110 B
#23873
b1011110 "
b11111110 *
b10100111 :
b1 B
#23874
b11110 "
b11100010 *
b11100010 2
b11100010 :
b11 B
#23875
b10010 "
b100110 *
b11100 2
b11100001 :
b1 B
#23876
b10101001 "
b11011110 *
b100001 2
b1011000 :
b0 B
#23877
b111110 "
b10111010 *
b10101000 2
b100001 :
b11111111010 B
#23878
b1001000 "
b10011001 *
b10101001 2
b1011010 :
b11111111011 B
#23879
b11011101 "
b11000 *
b11110 2
b11100010 :
#23880
b101001 "
b11110101 *
b11100001 2
b11110 :
b11111111110 B
#23881
b1011 "
b10000011 *
b1011000 2
b1011010 :
b0 B
#23882
b1011110 "
b11111110 *
b11100001 2
b1011001 :
b11 B
#23883
b1011001 "
b11110 *
b11100011 2
b1 B
#23884
b100110 "
b11101110 *
b11111 2
b11110 :
b10 B
#23885
b10000011 "
b1011 *
b10100101 2
b10101001 :
b11111111111 B
#23886
b1011 "
b11010111 *
b11110 2
b11100001 :
b11111111101 B
#23887
b10101110 "
b101101 *
b10101000 2
b100001 :
#23888
b101101 "
b10101110 *
b11100 2
b10100110 :
b11111111110 B
#23889
b11000010 "
b10111010 *
b10100111 2
b11100100 :
b11111111011 B
#23890
b100010 "
b1010111 *
b1011001 2
b11110 :
b11111111110 B
#23891
b111011 "
b1001001 *
b1011000 2
b11100010 :
#23892
b10100111 "
b11100010 *
b11100001 2
b1011001 :
b1 B
#23893
b11000101 "
b1001001 *
b1011000 2
b11110 :
b11111111111 B
#23894
b10000011 "
b1011 *
b1011001 2
b1011001 :
b10 B
#23895
b1111010 "
b100001 *
b10100101 2
b10101000 :
b1 B
#23896
b10101110 "
b101101 *
b1011000 2
b11011111 :
b0 B
#23897
b11010011 *
b1011001 2
b11011 :
b11111111101 B
#23898
b101001 "
b11110101 *
b11100011 2
b11110 :
b11111111011 B
#23899
b11011110 "
b10101001 *
b1011001 2
b11101 :
b11111111101 B
#23900
b10 "
b1011110 *
b10100111 2
b11100010 :
b11111111110 B
#23901
b1011001 "
b11110 *
b11100010 2
b1011001 :
b11111111111 B
#23902
b10110111 "
b11000101 *
b11110 2
b10101000 :
b1 B
#23903
b1011 "
b1111101 *
b10101000 2
b1011010 :
#23904
b11110101 "
b101001 *
b11100010 2
b11111 :
#23905
b11110010 "
b1011101 *
b11100101 2
b1011010 :
b11111111111 B
#23906
b11000 "
b100011 *
b11110 2
b11101 :
b11111111110 B
#23907
b11110101 "
b11010111 *
b11100010 2
b11100011 :
b11111111100 B
#23908
b10101001 "
b100010 *
b11100100 2
b1011010 :
b11111111101 B
#23909
b11111110 "
b10100010 *
b10100110 2
b11100011 :
#23910
b1011001 "
b1011001 *
b1011000 2
b10100110 :
b11111111110 B
#23911
b100110 "
b11101110 *
b11100010 2
b11100010 :
b11111111111 B
#23912
b101010 "
b11111100 *
b11100011 :
#23913
b10111010 "
b11000010 *
b11110 2
b1011000 :
b0 B
#23914
b1100111 "
b1001000 *
b10100111 2
b10101000 :
b11111111101 B
#23915
b11101000 "
b11011101 *
b11110 2
b11110 :
b11111111111 B
#23916
b11110101 "
b11010111 *
b11101 :
#23917
b1111101 "
b1011 *
b10101000 2
b1011010 :
b0 B
#23918
b10 "
b1011110 *
b10100110 2
b11100011 :
b11111111101 B
#23919
b1011001 "
b10100111 *
b1011010 2
b1011000 :
b11111111111 B
#23920
b10001110 "
b110101 *
b10100110 2
b10101000 :
#23921
b10101001 "
b11011110 *
b11100001 2
b11111111110 B
#23922
b11101101 "
b10100100 *
b11101 2
b10100111 :
#23923
b10100011 "
b11110010 *
b10100110 2
b11100010 :
#23924
b1001000 "
b1100111 *
b1011001 2
b1011001 :
b11111111111 B
#23925
b10111010 "
b111110 *
b11100010 2
b0 B
#23926
b11011110 "
b10101001 *
b10100111 2
b11100010 :
#23927
b11001011 "
b1110010 *
b1011001 2
b1011000 :
b1 B
#23928
b11100010 "
b1011001 *
b11101 :
#23929
b10001110 "
b110101 *
b1011011 2
b1010111 :
b11111111111 B
#23930
b101010 "
b11111100 *
b11100001 2
b11100011 :
#23931
b10111010 "
b11000010 *
b100000 2
b1011000 :
b11111111101 B
#23932
b100011 "
b11000 *
b11100001 2
b11100011 :
b11111111011 B
#23933
b1010010 "
b101101 *
b10100111 2
b11111111100 B
#23934
b100001 "
b1111010 *
b10100110 2
b10100110 :
b11111111011 B
#23935
b100 "
b11010110 *
b11101 2
b11111 :
b11111111111 B
#23936
b1110010 "
b110101 *
b10100110 2
b1011000 :
b0 B
#23937
b1011001 "
b1011001 *
b100 B
#23938
b11111110 "
b1011110 *
b10100111 2
b11111 :
b10 B
#23939
b11110101 "
b10000011 *
b1010111 2
b10100110 :
#23940
b1011100 "
b11101101 *
b1011010 2
b11011 :
b11111111110 B
#23941
b1001000 "
b10011001 *
b1010110 2
b10100101 :
#23942
b10011001 "
b1001000 *
b10101001 2
b1011011 :
b11111111100 B
#23943
b1000110 "
b11000010 *
b11101 2
b10100111 :
b11111111101 B
#23944
b10000011 "
b11110101 *
b10101000 2
b1011001 :
b11111111110 B
#23945
b11011010 "
b11101110 *
b11100010 2
b11110 :
b11111111111 B
#23946
b10100111 "
b1011001 *
b1011001 2
b1011001 :
b0 B
#23947
b11011010 "
b10010 *
b11110 2
b11110 :
#23948
b100 "
b101010 *
b11101 2
b11100010 :
#23949
b1011100 "
b11101101 *
b10100111 2
b11100011 :
#23950
b1001000 "
b10011001 *
b10101000 2
b1011001 :
b11111111110 B
#23951
b1011101 "
b11110010 *
b10100111 2
b11111 :
b11111111111 B
#23952
b1000110 "
b11000010 *
b11100011 2
b1011001 :
b0 B
#23953
b11001111 "
b1010000 *
b11100001 2
b10100111 :
b11111111110 B
#23954
b1011110 "
b11111110 *
b11100010 2
b1011001 :
b11111111111 B
#23955
b1011001 "
b11100010 *
b11111 2
b11111111110 B
#23956
b10010 "
b100110 *
b11100010 2
b11110 :
b1 B
#23957
b11111100 "
b11010110 *
b11101 2
b11100001 :
b11111111110 B
#23958
b1011100 "
b11101101 *
b1011001 2
b11101 :
b0 B
#23959
b10101110 "
b101101 *
b10101000 2
b11111 :
b11111111100 B
#23960
b100011 "
b11101000 *
b11110 2
b11100010 :
b11111111111 B
#23961
b11110101 "
b11010111 *
b11100010 2
b11100001 :
b11111111110 B
#23962
b1010111 "
b11011110 *
b11110 2
b10100111 :
b0 B
#23963
b11000101 "
b10110111 *
b10101000 2
b11110 :
b10 B
#23964
b10100111 "
b11110 *
b11111 2
b1011001 :
b1 B
#23965
b11001011 "
b10001110 *
b10101001 2
b1011010 :
b11111111111 B
#23966
b11011110 "
b1010111 *
b1010111 2
b11100000 :
b11111111110 B
#23967
b11000010 "
b1000110 *
b1011000 2
b11100001 :
#23968
b11010011 "
b10101110 *
b11111 2
b1011000 :
b11111111100 B
#23969
b10111000 "
b10011001 *
b1011001 2
b1011001 :
b11111111110 B
#23970
b10011 "
b10100100 *
b11101 2
#23971
b101010 "
b100 *
b11100001 2
b11101 :
b0 B
#23972
b10 "
b1011110 *
b10100111 2
b11100001 :
b1 B
#23973
b11100010 "
b11110 *
b11100010 2
b11100010 :
b101 B
#23974
b10110111 "
b11000101 *
b11100 2
b10100110 :
b10 B
#23975
b11111100 "
b11010110 *
b11100001 :
b0 B
#23976
b11101101 "
b10100100 *
b11010 2
b10100110 :
b11111111110 B
#23977
b100011 "
b11000 *
b100000 2
b11101 :
b11111111010 B
#23978
b1011101 "
b11110010 *
b1011001 2
b11100001 :
b11111111011 B
#23979
b10100100 "
b11101101 *
b10100111 2
b11110 :
b11111111001 B
#23980
b11001111 "
b1010000 *
b11100 2
b1011010 :
b11111111110 B
#23981
b10100010 "
b10 *
b11011111 2
b1011000 :
b11111111111 B
#23982
b11100010 "
b10100111 *
b10100110 2
b11100 :
b10 B
#23983
b10010 "
b100110 *
b11110 2
b11100011 :
b101 B
#23984
b10000011 "
b1011 *
b1011001 2
b1011000 :
b10 B
#23985
b11110101 "
b101001 *
b11110 2
b11100001 :
b11 B
#23986
b10011001 "
b10111000 *
b1011100 2
b1010101 :
b11111111111 B
#23987
b11011101 "
b11000 *
b11101 2
b11100001 :
b11111111110 B
#23988
b10000110 "
b100001 *
b1010101 2
b10100011 :
b11111111010 B
#23989
b11110101 "
b1111101 *
b10100110 2
b10101000 :
b11111111100 B
#23990
b10001110 "
b11001011 *
b1011000 2
b10100111 :
b11111111011 B
#23991
b11100010 "
b10100111 *
b1011001 2
b11100011 :
b11111111110 B
#23992
b11101110 "
b11011010 *
b11110 2
b0 B
#23993
b1010000 "
b11001111 *
b1011001 2
b11111 :
b1 B
#23994
b10111010 "
b11000010 *
b11100010 2
b10100111 :
b11 B
#23995
b11011101 "
b11101000 *
b11100011 :
b10 B
#23996
b1001000 "
b1100111 *
b1011011 2
b1010110 :
b11111111111 B
#23997
b101001 "
b11110101 *
b11101 2
b11100010 :
b11111111101 B
#23998
b11110101 "
b1111101 *
b1011011 2
b1010111 :
b11111111100 B
#23999
b1001001 "
b11000101 *
b11100000 2
b10101000 :
b11111111110 B
#24000
b1011001 "
b11100010 *
b11100001 2
b10100111 :
b11111111101 B
#24001
b11011010 "
b10010 *
b11110 2
b11110 :
b11111111100 B
#24002
b100010 "
b10101001 *
b10100111 2
b11101 :
b11111111110 B
#24003
b11101101 "
b10100100 *
b11100001 2
b1011001 :
b0 B
#24004
b10011001 "
b10111000 *
b1011000 2
b1011010 :
b1 B
#24005
b101101 "
b10101110 *
b11100010 2
b1011001 :
b10 B
#24006
b10011 "
b10100100 *
b11111 2
b1 B
#24007
b11110101 "
b1111101 *
b10100110 2
b10101000 :
#24008
b1110010 "
b110101 *
b10101001 2
b1011011 :
b11111111110 B
#24009
b10100111 "
b11110 *
b11100000 2
b10101000 :
#24010
b10001110 "
b110101 *
b10100101 2
#24011
b101010 "
b11111100 *
b11111 2
b11101 :
b11111111100 B
#24012
b11000010 "
b1000110 *
b10100111 2
b11110 :
b11111111101 B
#24013
b10101110 "
b101101 *
b11101 :
b11111111011 B
#24014
b11101000 "
b11011101 *
b11100011 2
b11100010 :
b11111111111 B
#24015
b1111010 "
b11011111 *
b1011011 2
b10101000 :
b1 B
#24016
b11010110 "
b11111100 *
b11100010 2
b11101 :
b10 B
#24017
b11000101 "
b10110111 *
b10101000 2
b11110 :
b11 B
#24018
b1011001 "
b1011001 *
b1010111 2
b10100101 :
#24019
b10001110 "
b110101 *
b1011101 2
b1010101 :
b11111111111 B
#24020
b10101001 "
b11011110 *
b100001 2
b1010111 :
b11111111110 B
#24021
b10000110 "
b11011111 *
b1011101 2
b1010110 :
b11111111010 B
#24022
b1010010 "
b11010011 *
b10101000 2
b11111 :
b11111111011 B
#24023
b11101000 "
b11011101 *
b11110 2
b11110 :
#24024
b10000110 "
b100001 *
b1011010 2
b10100111 :
b11111111110 B
#24025
b110001 "
b10110000 *
b11101 2
b1011010 :
b0 B
#24026
b100110 "
b10010 *
b11100010 2
b11110 :
b1 B
#24027
b10100111 "
b1011001 *
b10100111 2
b10100111 :
#24028
b10 "
b10100010 *
b1011001 2
b11100001 :
b0 B
#24029
b1010111 "
b100010 *
b11111 2
b1011000 :
#24030
b10011 "
b1011100 *
b11100100 2
b1011010 :
b11111111110 B
#24031
b10011001 "
b10111000 *
b10100111 2
b10101000 :
#24032
b11000 "
b100011 *
b11110 2
b11110 :
#24033
b1000110 "
b11000010 *
b10100111 :
b11111111111 B
#24034
b10000011 "
b11110101 *
b10101000 2
b1011001 :
b0 B
#24035
b11101110 "
b100110 *
b11110 2
b11110 :
b1 B
#24036
b10100111 "
b10100111 *
b10101000 2
b1011010 :
b0 B
#24037
b11011010 "
b10010 *
b11111 2
b11101 :
#24038
b10101001 "
b11011110 *
b100000 2
b1010111 :
b11111111111 B
#24039
b11000010 "
b1000110 *
b1010111 2
b11100001 :
b11111111011 B
#24040
b1001000 "
b10011001 *
b10101000 2
b1011001 :
b11111111100 B
#24041
b10101110 "
b11010011 *
b1011001 2
b11110 :
b11111111101 B
#24042
b1111010 "
b11011111 *
b10100110 2
b1011001 :
b0 B
#24043
b11110101 "
b1111101 *
b10100111 2
b10100111 :
b1 B
#24044
b11111110 "
b10100010 *
b1011001 2
b11110 :
#24045
b1011001 "
b1011001 *
b10101000 2
b1011010 :
b0 B
#24046
b11011010 "
b10010 *
b11100001 2
b11100010 :
b1 B
#24047
b1010000 "
b11001111 *
b1011010 2
b11011 :
b11111111111 B
#24048
b1000110 "
b111110 *
b100000 2
b1011000 :
b11111111101 B
#24049
b10011001 "
b10111000 *
b10100101 2
b10101010 :
b11111111100 B
#24050
b100011 "
b11101000 *
b11110 2
b11100001 :
#24051
b111110 "
b1000110 *
b1011001 2
b11110 :
#24052
b11110101 "
b1111101 *
b1011000 2
b1011010 :
b11111111110 B
#24053
b1011110 "
b11111110 *
b100000 2
b10101000 :
b1 B
#24054
b11110 "
b1011001 *
b1011001 2
b11100011 :
#24055
b100110 "
b11101110 *
b11100010 2
b11100010 :
b100 B
#24056
b1010000 "
b11001111 *
b10100111 2
b11100100 :
b1 B
#24057
b111110 "
b10111010 *
b10101000 2
b100000 :
b0 B
#24058
b100011 "
b11000 *
b11100000 2
b11100011 :
b11111111110 B
#24059
b1010010 "
b101101 *
b10100111 2
b11100101 :
b11111111100 B
#24060
b11101101 "
b1011100 *
b11100001 2
b10100111 :
b11111111001 B
#24061
b110001 "
b10110000 *
b11101 2
b1011010 :
b11111111101 B
#24062
b100110 "
b10010 *
b11100010 2
b11110 :
b11111111110 B
#24063
b11100010 "
b11110 *
b11100010 :
b1 B
#24064
b111011 "
b10110111 *
b1011001 2
b11111 :
b0 B
#24065
b1010111 "
b100010 *
b11110 2
b1011001 :
#24066
b1000110 "
b111110 *
b10 B
#24067
b11010011 "
b10101110 *
b11100001 2
b10101000 :
b11111111111 B
#24068
b1011101 "
b11110010 *
b1011001 2
b11100001 :
#24069
b1011100 "
b10011 *
b11111111110 B
#24070
b11110101 "
b1111101 *
b1011010 2
b1011000 :
#24071
b110101 "
b10001110 *
b10100111 2
b10101000 :
#24072
b11110 "
b11110 *
b11110 2
b11100010 :
#24073
b10 "
b10100010 *
b10100110 2
b11110 :
b11111111111 B
#24074
b10110000 "
b110001 *
b1011001 2
b0 B
#24075
b11110101 "
b101001 *
b11111 2
b11100001 :
#24076
b11110010 "
b1011101 *
b11110 2
b10100110 :
b1 B
#24077
b100011 "
b11101000 *
b11100011 2
b11111 :
b0 B
#24078
b10011 "
b10100100 *
b11111 2
b1011001 :
#24079
b10110000 "
b11001111 *
b1011001 2
b11100001 :
b11111111100 B
#24080
b110101 "
b10001110 *
b1011000 :
b11111111110 B
#24081
b1011001 "
b10100111 *
b1011001 :
#24082
b11101110 "
b11011010 *
b11110 2
b11100010 :
b11111111111 B
#24083
b11110101 "
b10000011 *
b1011001 2
b10101000 :
b0 B
#24084
b10000110 "
b11011111 *
b10100111 2
b10100110 :
#24085
b101101 "
b1010010 *
b11110 2
b1011001 :
b1 B
#24086
b10101110 *
b11101 2
b10100111 :
b0 B
#24087
b11101101 "
b1011100 *
b11111 2
b1011001 :
b11111111111 B
#24088
b101010 "
b100 *
b11110 2
b11100010 :
#24089
b10110111 "
b111011 *
b100001 2
b1011000 :
b11111111110 B
#24090
b1011001 "
b11100010 *
b11100001 2
b10100111 :
b0 B
#24091
b11101110 "
b11011010 *
b11100011 2
b11111 :
b11111111011 B
#24092
b10000011 "
b1011 *
b1011001 2
b1011001 :
b11111111110 B
#24093
b1011100 "
b11101101 *
b10100111 2
b11100010 :
b11111111100 B
#24094
b1011101 "
b1110 *
b11100001 :
b0 B
#24095
b1001000 "
b1100111 *
b10101000 2
b10100111 :
b1 B
#24096
b11011111 "
b10000110 *
b1011010 2
b1011001 :
b10 B
#24097
b11110101 "
b1111101 *
b10100110 2
b10101000 :
b0 B
#24098
b1001001 "
b11000101 *
b100000 2
b1011000 :
b11111111111 B
#24099
b1011001 "
b11100010 *
b11111 2
b1011001 :
b11111111110 B
#24100
b111011 "
b10110111 *
b1011001 2
b11101 :
b11111111100 B
#24101
b10110000 "
b110001 *
b10100111 2
b11100010 :
b11111111110 B
#24102
b11000010 "
b1000110 *
b11101 :
b11111111111 B
#24103
b11110010 "
b1011101 *
b11100001 2
b1011001 :
b1 B
#24104
b10101110 "
b11010011 *
b10100111 2
b11100011 :
#24105
b11101101 "
b1011100 *
b11111 2
b1011001 :
b10 B
#24106
b1010111 "
b11011110 *
b11011 2
b10100111 :
b11111111111 B
#24107
b10010 "
b11011010 *
b11100010 2
b11100011 :
b11111111110 B
#24108
b11100010 "
b11100010 *
b11100011 2
b11111 :
b11111111101 B
#24109
b10100010 "
b11111110 *
b100000 2
b1011000 :
#24110
b11111100 "
b11010110 *
b11100011 2
b11110 :
b11111111100 B
#24111
b10000110 "
b11011111 *
b1011010 2
b1011010 :
#24112
b1011101 "
b1110 *
b10100111 2
b11100001 :
b11111111110 B
#24113
b11110010 "
b10100011 *
b11101 2
b1011010 :
b0 B
#24114
b11011111 "
b10000110 *
b1011000 2
b1011011 :
b10 B
#24115
b10000011 "
b11110101 *
b1011001 2
b10100111 :
b1 B
#24116
b11000101 "
b10110111 *
b1011000 2
b11100010 :
b10 B
#24117
b1011001 "
b11110 *
b11100011 2
b1011001 :
b0 B
#24118
b11101110 "
b11011010 *
b11110 2
b11100001 :
b11111111111 B
#24119
b1010000 "
b11001111 *
b1011010 2
b11100 :
#24120
b10100100 "
b10011 *
b10100111 2
b11100100 :
b11111111110 B
#24121
b101101 "
b1010010 *
b11111 2
b1011000 :
#24122
b10100011 "
b1110 *
b10100111 2
b11111 :
#24123
b10100100 "
b11101101 *
#24124
b11010110 "
b11111100 *
b11100010 2
b11101 :
#24125
b110101 "
b10001110 *
b10100111 2
b10100111 :
#24126
b10100111 "
b11110 *
b11101 2
b1011001 :
b11 B
#24127
b1110010 "
b11001011 *
b10100110 2
b10101000 :
b0 B
#24128
b100 "
b101010 *
b11101 2
b11100010 :
b1 B
#24129
b1111010 "
b100001 *
b10100101 2
b10101001 :
b11111111110 B
#24130
b11011101 "
b11101000 *
b11110 2
b11101 :
#24131
b10101110 "
b11010011 *
b1011001 2
b11111111101 B
#24132
b11010111 "
b1011 *
b11101 2
b11100010 :
#24133
b11001111 "
b1010000 *
b11100010 2
b10100111 :
b11111111111 B
#24134
b1011110 "
b11111110 *
b1011001 :
b11111111110 B
#24135
b1011001 "
b10100111 *
b1011001 2
b11111111111 B
#24136
b11101110 "
b11011010 *
b11110 2
b11100010 :
b1 B
#24137
b11011110 "
b1010111 *
b10101000 2
b11111 :
b0 B
#24138
b100001 "
b10000110 *
b1011000 2
b10100101 :
#24139
b1001000 "
b10011001 *
b1010111 2
b10100110 :
b11111111110 B
#24140
b1100111 "
b10111000 *
b1011000 2
#24141
b11011111 "
b10000110 *
b10100110 2
b10101000 :
#24142
b11111100 "
b101010 *
b11101 2
b11110 :
b11111111111 B
#24143
b11000101 "
b10110111 *
b10101000 2
b11111111110 B
#24144
b10100111 "
b1011001 *
b1011001 2
b1011001 :
b10 B
#24145
b111011 "
b10110111 *
b10100111 2
b11100011 :
b11111111111 B
#24146
b10110000 "
b110001 *
b1011001 2
b11101 :
b0 B
#24147
b1011 "
b11010111 *
b11100010 2
b11111 :
b11111111111 B
#24148
b1010010 "
b11010011 *
b10101000 2
#24149
b11000 "
b100011 *
b11100001 2
b11100011 :
b11111111110 B
#24150
b1011 "
b101001 *
b11100010 2
#24151
b110001 "
b10110000 *
b11111 2
b1011001 :
b11111111011 B
#24152
b11101110 "
b100110 *
b11100010 2
b11100010 :
b11111111101 B
#24153
b11100010 "
b11100010 *
b11110 2
b11111111110 B
#24154
b110101 "
b1110010 *
b10100101 2
b1010111 :
b0 B
#24155
b100 "
b101010 *
b11100011 2
b11110 :
#24156
b11101101 "
b10100100 *
b11111 2
b10100111 :
b11 B
#24157
b11110010 "
b1011101 *
b11100011 2
b1011010 :
b11111111110 B
#24158
b10100011 "
b1110 *
b10100111 2
b11111 :
b10 B
#24159
b10011 "
b10100100 *
b11100001 2
b10100111 :
b11111111111 B
#24160
b11001111 "
b1010000 *
b100000 2
b1011001 :
b11111111110 B
#24161
b11000101 "
b10110111 *
b10101000 2
b100000 :
#24162
b11110 "
b10100111 *
b10100111 2
b11100011 :
b11111111101 B
#24163
b11000101 "
b1001001 *
b1011000 2
b11110 :
b11111111100 B
#24164
b10101001 "
b11011110 *
b11101 2
b1011001 :
b11111111111 B
#24165
b1011100 "
b11101101 *
b10100111 2
b11100001 :
b1 B
#24166
b11010011 "
b10101110 *
b11110 2
b1011001 :
#24167
b101101 "
b11100011 2
b10 B
#24168
b101001 "
b11110101 *
b11110 :
b11111111111 B
#24169
b1011 "
b10000011 *
b1011011 2
b1010111 :
#24170
b10 "
b1011110 *
b10100110 2
b11100100 :
b11111111110 B
#24171
b10100111 "
b11110 *
b11100000 2
b10101000 :
b11111111101 B
#24172
b10001110 "
b110101 *
b10100101 2
b11111111110 B
#24173
b11110101 "
b10000011 *
b1011000 2
b10100110 :
b11111111100 B
#24174
b10111010 "
b11000010 *
b11100010 2
b10100111 :
b11111111101 B
#24175
b1011101 "
b1110 *
b1011001 2
b11111 :
b11111111111 B
#24176
b1110 "
b1011101 *
b11110 2
b1011010 :
#24177
b10100100 "
b11101101 *
b10100111 2
b11110 :
b10 B
#24178
b11110101 "
b1111101 *
b1011010 2
b1011000 :
b0 B
#24179
b10001110 "
b11001011 *
b10101001 2
b1011011 :
b11111111111 B
#24180
b10100111 "
b10100111 *
b10101000 2
b1011010 :
b11111111110 B
#24181
b10100010 "
b11111110 *
b11111 2
b1011001 :
#24182
b100 "
b101010 *
b11101 2
b11100010 :
b11111111111 B
#24183
b101001 "
b1011 *
b11100001 2
b11111111110 B
#24184
b11010011 "
b10101110 *
b11110 2
b1011001 :
#24185
b11101000 "
b11011101 *
b11110 :
b11111111101 B
#24186
b100001 "
b1111010 *
b10100111 2
b10100110 :
b11111111111 B
#24187
b1010000 "
b110001 *
b10100110 2
b11101 :
b0 B
#24188
b10001110 "
b11001011 *
b1011001 2
b10100111 :
#24189
b11110 "
b1011001 *
b10100111 2
b11110 :
b1 B
#24190
b11011010 "
b10010 *
b11100010 2
b11100010 :
b0 B
#24191
b1010111 "
b100010 *
b11111 2
b1011000 :
b11111111111 B
#24192
b10100100 "
b10011 *
b10100111 2
b11100100 :
b0 B
#24193
b10101110 "
b101101 *
b10101000 2
b11111 :
b11111111110 B
#24194
b10111000 "
b10011001 *
b10100110 2
b10101000 :
#24195
b10100100 "
b11101101 *
b10100111 2
b11111 :
#24196
b10101001 "
b100010 *
b11100010 2
b1011001 :
#24197
b10110111 "
b111011 *
b11110 2
b1011000 :
#24198
b11100010 "
b11110 *
b11110 :
b1 B
#24199
b10110111 "
b11000101 *
b11100010 2
b1011000 :
b11111111111 B
#24200
b100 "
b101010 *
b11101 2
b11100010 :
b0 B
#24201
b101001 "
b1011 *
b11100001 2
b1 B
#24202
b11110010 "
b1011101 *
b11101 2
b10100110 :
b11111111110 B
#24203
b1100111 "
b10111000 *
b10101001 2
b1011010 :
b11111111101 B
#24204
b11101101 "
b1011100 *
b11100001 2
b10100111 :
b11111111111 B
#24205
b1111101 "
b1011 *
b10101000 2
b1011010 :
b11111111110 B
#24206
b110101 "
b10001110 *
b1011001 2
b1011000 :
#24207
b11110 "
b1011001 *
b10100111 2
b11110 :
b11111111111 B
#24208
b11011010 "
b10010 *
b11100010 2
b11100010 :
#24209
b11010110 "
b100 *
b11100011 :
#24210
b1011100 "
b11101101 *
b1011001 2
b11101 :
b0 B
#24211
b10100011 "
b11110010 *
b10100110 2
b11100011 :
b11111111101 B
#24212
b10011001 "
b1001000 *
b10101000 2
b1011010 :
b11111111111 B
#24213
b111110 "
b1000110 *
b1011001 2
b11101 :
#24214
b101010 "
b100 *
b11110 2
b11100011 :
#24215
b10010 "
b11011010 *
b11100010 2
#24216
b1011001 "
b1011001 *
b1011000 2
b10100110 :
b11 B
#24217
b1001001 "
b111011 *
b11100 2
b11111111101 B
#24218
b1111101 "
b11110101 *
b10100101 2
b10101001 :
b11111111111 B
#24219
b11110101 "
b101001 *
b11110 2
b11100001 :
b11111111110 B
#24220
b1010010 "
b11010011 *
b10101000 2
b100001 :
b11111111101 B
#24221
b1110 "
b1011101 *
b11100000 2
b10100111 :
b11111111110 B
#24222
b10111010 "
b111110 *
b11100 2
b11111111011 B
#24223
b11010110 "
b11111100 *
b11110 2
b11100011 :
b11111111101 B
#24224
b111011 "
b1001001 *
b10101000 2
b11110 :
b11111111110 B
#24225
b1011001 "
b11110 *
b11100001 2
b1011001 :
b11 B
#24226
b110101 "
b1110010 *
b10101000 2
b1011010 :
b11111111111 B
#24227
b101010 "
b11111100 *
b11111 2
b11101 :
b10 B
#24228
b1011 "
b11010111 *
b11110 2
b11100001 :
b11111111111 B
#24229
b11010011 "
b10101110 *
b11011111 2
b10101000 :
b11111111011 B
#24230
b10101110 "
b11010011 *
b10100111 2
b11100011 :
b11111111110 B
#24231
b10111010 "
b111110 *
b11100011 2
b1011001 :
b11111111011 B
#24232
b10110000 "
b11001111 *
b10100110 2
b11101 :
b11111111111 B
#24233
b10110111 "
b111011 *
b11110 2
b1011000 :
#24234
b11100010 "
b10100111 *
b10100111 2
b11110 :
b1 B
#24235
b10001110 "
b110101 *
b1011010 2
b1011000 :
b11111111111 B
#24236
b10101001 "
b11011110 *
b11110 2
#24237
b1111010 "
b100001 *
b10100101 2
b10101000 :
b11111111110 B
#24238
b1001000 "
b10011001 *
b10101000 2
b1011001 :
b11111111111 B
#24239
b11010011 "
b1010010 *
b11101 2
b10100111 :
b11111111101 B
#24240
b1011 "
b101001 *
b11100010 2
b11100011 :
b0 B
#24241
b10000011 *
b1011010 2
b1011000 :
b11111111111 B
#24242
b11111110 "
b10100010 *
b11101 :
b11111111101 B
#24243
b11110 "
b11100010 *
b11110 2
b11110 :
b11111111110 B
#24244
b1001001 "
b111011 *
b11100010 2
b1011000 :
b11111111111 B
#24245
b10110000 "
b110001 *
b10100110 2
b11100011 :
b0 B
#24246
b11010111 "
b11110101 *
b11100001 2
b11100010 :
b1 B
#24247
b10111000 "
b1100111 *
b10101001 2
b1011010 :
b11111111111 B
#24248
b1001000 "
b1011011 2
b1010111 :
b11111111101 B
#24249
b101001 "
b11110101 *
b11101 2
b11100010 :
b11111111110 B
#24250
b1010000 "
b110001 *
b1011001 2
b11100001 :
b11111111101 B
#24251
b11000101 "
b10110111 *
b10101000 2
b11110 :
b11111111110 B
#24252
b1011001 "
b11100010 *
b11100010 2
b10100111 :
#24253
b10 "
b10100010 *
b10100110 2
b11110 :
b11111111111 B
#24254
b101010 "
b11111100 *
b11100010 2
b11100011 :
#24255
b10100100 "
b10011 *
b1011010 2
b11110 :
b0 B
#24256
b1011101 "
b1110 *
b10100110 2
b11100010 :
b11111111101 B
#24257
b1001000 "
b1100111 *
b10100111 2
b10100111 :
b0 B
#24258
b10100100 "
b11101101 *
b1011010 2
b11100010 :
#24259
b10101001 "
b100010 *
b11110 2
b10100111 :
#24260
b10 "
b1011110 *
b10100111 2
b11100010 :
#24261
b11110 "
b11100010 *
b11110 2
b11110 :
b1 B
#24262
b11011010 "
b10010 *
b11100001 2
b11100010 :
#24263
b10110000 "
b110001 *
b10100110 2
b11100101 :
b0 B
#24264
b1011 "
b11010111 *
b11110 2
b11100001 :
b11111111101 B
#24265
b11000 "
b11011101 *
b11101 2
b11111111100 B
#24266
b100011 "
b11101000 *
b11110 2
b11111111110 B
#24267
b11011111 "
b10000110 *
b10100110 2
b10101000 :
b11111111100 B
#24268
b11010110 "
b11111100 *
b11100010 2
b11101 :
b11111111110 B
#24269
b11101110 "
b100110 *
b11110 2
b11110 :
#24270
b11100010 "
b10100111 *
b10100111 2
b11101 :
b11 B
#24271
b10 "
b10100010 *
b11110 :
b0 B
#24272
b1010111 "
b100010 *
b11100010 2
b10100111 :
b1 B
#24273
b11010111 "
b11110101 *
b11111 2
b11110 :
b11111111111 B
#24274
b11011101 "
b11101000 *
b11110 2
b11101 :
#24275
b11000 *
b11101 2
b11100001 :
b11111111101 B
#24276
b10100100 "
b11101101 *
b1011001 2
#24277
b11010110 "
b11111100 *
b11110 2
b11100011 :
b11111111100 B
#24278
b11111110 "
b10100010 *
b1011001 2
b11110 :
b11111111110 B
#24279
b11100010 "
b11110 *
b11100010 2
b11100010 :
b11 B
#24280
b1011110 "
b10 *
b11111 2
b1011001 :
b1 B
#24281
b1010111 "
b100010 *
b100000 2
b1010111 :
b0 B
#24282
b10011 "
b1011100 *
b11100100 2
b1011010 :
b11111111110 B
#24283
b1011101 "
b1110 *
b1011010 2
b11101 :
b11111111100 B
#24284
b10101110 "
b11010011 *
b10100111 2
b11100011 :
b11111111110 B
#24285
b10100100 "
b11101101 *
b11110 :
b11111111111 B
#24286
b11111100 "
b101010 *
b11101 2
#24287
b110101 "
b10001110 *
b10100111 2
b10101000 :
#24288
b11100010 "
b1011001 *
b1011001 2
b11101 :
b10 B
#24289
b1110010 "
b11001011 *
b10100110 2
b10101001 :
b11111111111 B
#24290
b100010 "
b10101001 *
b10101001 2
b11111 :
#24291
b11000010 "
b1000110 *
b1010111 2
b11100001 :
b11111111101 B
#24292
b11011101 "
b11101000 *
b11110 2
b11101 :
#24293
b10111000 "
b10011001 *
b1011010 2
b1010111 :
#24294
b10011 "
b10100100 *
b11111 2
b1011001 :
#24295
b100 "
b11010110 *
b11101 2
b11110 :
#24296
b10010 "
b11011010 *
b11110 2
b11111111110 B
#24297
b11110 "
b11110 *
b11100010 2
b10 B
#24298
b11011010 "
b10010 *
b11100010 :
b0 B
#24299
b10000011 "
b1011 *
b10100111 2
b10100111 :
#24300
b10111010 "
b11000010 *
b11100010 2
b10101000 :
#24301
b11011101 "
b11101000 *
b11100010 :
#24302
b11000 *
b11100011 2
b11111 :
b11111111111 B
#24303
b10000110 "
b100001 *
b10101000 2
b1011011 :
b0 B
#24304
b11011110 "
b10101001 *
b10100110 2
b11100100 :
b11111111100 B
#24305
b11001011 "
b1110010 *
b1011001 2
b1011000 :
b11111111110 B
#24306
b11110 "
b11100010 *
b11100010 2
b11100010 :
#24307
b11001011 "
b10001110 *
b10100110 2
b1011000 :
b11111111111 B
#24308
b1111101 "
b11110101 *
b10101000 2
b10100111 :
b0 B
#24309
b111110 "
b10111010 *
b10100111 2
b11110 :
b10 B
#24310
b1010010 "
b11010011 *
b10101000 2
b11111 :
b0 B
#24311
b1110 "
b1011101 *
b11100001 2
b10100111 :
b11111111111 B
#24312
b10000110 "
b100001 *
b1011000 2
b10100101 :
b11111111110 B
#24313
b110001 "
b10110000 *
b11111 2
b1011001 :
#24314
b11011010 "
b11101110 *
b11110 2
b11100010 :
#24315
b11100010 "
b11100010 *
#24316
b11111110 "
b1011110 *
b10100110 2
b11110 :
b0 B
#24317
b10110000 "
b110001 *
b10100111 2
b11100010 :
#24318
b1011 "
b11010111 *
b11111 2
b11100001 :
#24319
b1100111 "
b1001000 *
b1011001 2
b1011001 :
b1 B
#24320
b10011001 "
b10101001 2
b1011010 :
b0 B
#24321
b11101101 "
b1011100 *
b11111 2
b1011001 :
#24322
b11011110 "
b10101001 *
b10100110 2
b11100100 :
b11111111110 B
#24323
b10 "
b1011110 *
b1011010 2
b11101 :
#24324
b1011001 "
b11110 *
b11101 2
b10100111 :
#24325
b11001011 "
b10001110 *
b10100111 2
b1011001 :
b11111111111 B
#24326
b1010000 "
b11001111 *
b10100110 2
b11100011 :
#24327
b1111010 "
b100001 *
b10100111 :
b0 B
#24328
b1001000 "
b10011001 *
b10101000 2
b1011001 :
b11111111111 B
#24329
b1100111 *
b10100110 2
b10101000 :
#24330
b11010111 "
b1011 *
b11101 2
b11100010 :
b0 B
#24331
b101010 "
b100 *
b11100010 2
b11101 :
b11111111110 B
#24332
b100110 "
b10010 *
b11100011 2
b11110 :
#24333
b1011001 "
b10100111 *
b1011010 2
b1011000 :
b11 B
#24334
b11001011 "
b10001110 *
b1010111 2
b10100101 :
b11111111110 B
#24335
b1111101 "
b11110101 *
b1011010 2
b1010111 :
#24336
b11010111 "
b11100001 2
b11100010 :
#24337
b11010011 "
b10101110 *
b10101000 :
b11111111101 B
#24338
b1001000 "
b1100111 *
b1011010 2
b1011000 :
#24339
b100001 "
b1111010 *
b1011001 :
b11111111110 B
#24340
b1011 "
b10000011 *
b10100111 2
b10100111 :
#24341
b10010 "
b11011010 *
b11100010 2
b11100010 :
b11111111111 B
#24342
b11100010 "
b11100010 *
b11110 :
b0 B
#24343
b11011010 "
b10010 *
b11110 2
#24344
b1111101 "
b11110101 *
b10101000 2
b10100111 :
#24345
b11110101 "
b101001 *
b11111 2
b11100001 :
#24346
b10111000 "
b1100111 *
b1011001 2
b10100111 :
#24347
b11010011 "
b1010010 *
b11101 2
#24348
b10100100 "
b11101101 *
b1011001 2
b11100001 :
#24349
b110001 "
b10110000 *
b11111 2
b1011001 :
b11111111111 B
#24350
b110101 "
b10001110 *
b1011011 2
b1010111 :
b11111111110 B
#24351
b11100010 "
b11100010 *
b11110 2
b11100010 :
#24352
b10110111 "
b11000101 *
b10101000 :
b11111111101 B
#24353
b10110000 "
b110001 *
b10100111 2
b11100010 :
b0 B
#24354
b10011 "
b1011100 *
b11100010 2
b1011001 :
b1 B
#24355
b11101000 "
b100011 *
b11110 :
#24356
b1010010 "
b101101 *
b1011010 2
b11100 :
#24357
b101001 "
b11110101 *
b11101 2
b11100010 :
b0 B
#24358
b100010 "
b1010111 *
b1011010 2
b11011 :
b11111111110 B
#24359
b110101 "
b10001110 *
b10100101 2
b10101010 :
#24360
b11100010 "
b11100010 *
b11100011 2
b11111 :
b11111111100 B
#24361
b11000101 "
b1001001 *
b1011001 2
b11101 :
#24362
b11110101 "
b10000011 *
b10100111 2
b1011000 :
#24363
b10100100 "
b10011 *
b1011001 2
b11111 :
b11111111111 B
#24364
b1001000 "
b10011001 *
b10100110 2
b1010111 :
b1 B
#24365
b1011101 "
b11110010 *
b11110 :
b10 B
#24366
b1011 "
b101001 *
b11100010 2
b11100011 :
b11 B
#24367
b100010 "
b1010111 *
b10100111 2
b11100101 :
b0 B
#24368
b110101 "
b10001110 *
b1011011 2
b1010111 :
b11111111101 B
#24369
b10100111 "
b11110 *
b11100000 2
b10101000 :
#24370
b11101110 "
b11011010 *
b11110 2
b11100001 :
#24371
b101010 "
b11111100 *
b11111 2
b11101 :
b11111111100 B
#24372
b10000110 "
b11011111 *
b10100111 2
b10100110 :
b11111111110 B
#24373
b10100011 "
b11110010 *
b11100001 :
b11111111011 B
#24374
b11011101 "
b11000 *
b11100010 2
b11101 :
b0 B
#24375
b11010111 "
b1011 *
b11100001 2
b11110 :
b10 B
#24376
b10101001 "
b100010 *
b11100010 2
b1011001 :
b11 B
#24377
b11011010 "
b11101110 *
b11100011 2
b11110 :
#24378
b10100111 "
b11110 *
b100001 2
b1011000 :
b1 B
#24379
b11111110 "
b1011110 *
b1011000 2
b11011110 :
b11111111110 B
#24380
b11011110 "
b1010111 *
b11011111 :
b11111111011 B
#24381
b10000110 "
b11011111 *
b1011011 2
b1010111 :
b11111111010 B
#24382
b10111000 "
b1100111 *
b1011001 2
b10100111 :
b11111111011 B
#24383
b1011101 "
b11110010 *
b10100110 2
b11101 :
b11111111101 B
#24384
b10100100 "
b11101101 *
b1011010 2
b11100100 :
b0 B
#24385
b100 "
b11010110 *
b11101 2
b11111 :
b1 B
#24386
b10010 "
b11011010 *
b11110 2
b11110 :
b10 B
#24387
b11110 "
b11100010 *
b100 B
#24388
b111011 "
b10110111 *
b1011010 2
b11100 :
b0 B
#24389
b1010000 "
b11001111 *
b11011 :
#24390
b10111010 "
b11000010 *
b11100000 2
b10101000 :
b11111111110 B
#24391
b1011101 "
b1110 *
b1011010 2
b11100 :
b11111111100 B
#24392
b100011 "
b11101000 *
b11110 2
b11100001 :
#24393
b11000010 "
b10111010 *
b10100111 2
b11100010 :
b11111111110 B
#24394
b1010111 "
b11011110 *
b11110 2
b10100111 :
#24395
b111011 "
b1001001 *
b1011001 2
b11100011 :
b1 B
#24396
b1011001 "
b1011001 *
b10100111 :
#24397
b100110 "
b11101110 *
b11100010 2
b11100010 :
#24398
b100010 "
b10101001 *
b10101001 2
b11111 :
b0 B
#24399
b11000010 "
b1000110 *
b1010111 2
b11100001 :
#24400
b10111000 "
b1100111 *
b1010110 2
b10100101 :
b11111111101 B
#24401
b11010011 "
b1010010 *
b11100 2
b10100110 :
#24402
b1011100 "
b10011 *
b10100111 2
b11111 :
#24403
b1111101 "
b1011 *
b10101000 2
b1011010 :
b11111111110 B
#24404
b10100010 "
b10 *
b11110 2
b10100111 :
#24405
b10100111 "
b10100111 *
b1011001 2
b11111111111 B
#24406
b11101110 "
b11011010 *
b11110 2
b11100010 :
b1 B
#24407
b10101001 "
b11011110 *
b11100001 2
b10101000 :
b0 B
#24408
b101001 "
b1011 *
b11111 2
b11110 :
#24409
b100011 "
b11000 *
b11110 2
b11101 :
b11111111110 B
#24410
b1110 "
b1011101 *
b11111 2
b1011001 :
b11111111101 B
#24411
b101001 "
b11110101 *
b11101 2
b11100010 :
#24412
b1111101 "
b1011 *
b1011000 2
b10100111 :
b11111111110 B
#24413
b1011110 "
b11111110 *
b11110 2
#24414
b10100111 "
b11110 *
b11101 2
b1011001 :
b0 B
#24415
b11001011 "
b10001110 *
b10100110 2
b1011000 :
b1 B
#24416
b10101001 "
b11011110 *
b11110 2
b1011001 :
#24417
b101001 "
b1011 *
b11100001 2
b11100010 :
b10 B
#24418
b11110010 "
b1011101 *
b11100 2
b10100110 :
b11111111111 B
#24419
b1110 "
b11011111 2
b10101000 :
b11111111101 B
#24420
b1111010 "
b11011111 *
b10101001 2
b1011011 :
b11111111110 B
#24421
b1011 "
b10000011 *
b1011010 2
b1011000 :
b11111111011 B
#24422
b11000101 "
b10110111 *
b1011000 2
b11100010 :
b11111111110 B
#24423
b1011001 "
b1011001 *
b10100111 2
b1011001 :
#24424
b10100010 "
b11111110 *
b11100010 2
b10100110 :
b11111111111 B
#24425
b100010 "
b10101001 *
b1011001 2
b11100010 :
b0 B
#24426
b11010111 "
b11110101 *
b11100010 2
b11100001 :
#24427
b100011 "
b11000 *
b11110 2
b11110 :
b11111111111 B
#24428
b10011001 "
b1001000 *
b10101000 2
b1011010 :
b10 B
#24429
b111110 "
b1000110 *
b1011001 2
b11100 :
b0 B
#24430
b1010000 "
b110001 *
b11100000 :
b11111111111 B
#24431
b11001011 "
b1110010 *
b1011011 2
b1010111 :
b11111111110 B
#24432
b11100010 "
b1011001 *
b1011001 2
b11101 :
b11111111101 B
#24433
b111011 "
b10110111 *
b10100111 2
b11100011 :
#24434
b11110101 "
b10000011 *
b1011001 :
b11111111111 B
#24435
b10100100 "
b10011 *
b1011001 2
b11101 :
#24436
b11110010 "
b1011101 *
b11101 2
b10100110 :
b0 B
#24437
b101101 "
b10101110 *
b11100011 2
b1011001 :
b11111111111 B
#24438
b100001 "
b1111010 *
b10100101 2
b10101000 :
#24439
b11010110 "
b11111100 *
b11110 2
b11100011 :
#24440
b11111110 "
b10100010 *
b1011010 2
b11100 :
b11111111101 B
#24441
b11110 "
b11100010 *
b11110 2
b11110 :
b11 B
#24442
b11011010 "
b10010 *
b11100001 2
b11100100 :
b11111111110 B
#24443
b1010000 "
b11001111 *
b1011010 2
b11011 :
b0 B
#24444
b10000110 "
b11011111 *
b10100100 2
b10101001 :
b11111111001 B
#24445
b10111000 "
b1100111 *
b10101000 2
b1011001 :
b11111111100 B
#24446
b11011101 "
b11000 *
b11100010 2
b11110 :
#24447
b1111010 "
b11011111 *
b1011011 2
b10101000 :
b0 B
#24448
b11111100 "
b101010 *
b11101 2
b11111 :
#24449
b1011110 "
b11111110 *
b11111 2
b10100111 :
b11 B
#24450
b1011001 "
b1011001 *
b1011000 2
b10100110 :
b100 B
#24451
b100110 "
b11101110 *
b11100001 2
b11100100 :
b10 B
#24452
b110001 "
b1010000 *
b11010 2
b10100110 :
b11111111111 B
#24453
b100001 "
b10000110 *
b10101010 2
b1011101 :
b11111111001 B
#24454
b11101000 "
b100011 *
b11101 2
b11100010 :
b11111111011 B
#24455
b10011001 "
b1001000 *
b1011000 2
b10100110 :
#24456
b111110 "
b1000110 *
b10101000 2
b11100010 :
b11111111110 B
#24457
b1010111 "
b11011110 *
b11100001 2
b1011000 :
b11111111111 B
#24458
b10110111 "
b111011 *
b11100011 2
b10100111 :
b1 B
#24459
b11110 "
b10100111 *
b1011001 2
b11110 :
b10 B
#24460
b10110111 "
b11000101 *
b11101 2
b10100111 :
b1 B
#24461
b11111100 "
b11010110 *
b11100001 :
#24462
b1000110 "
b111110 *
b100000 2
b1011000 :
b11111111111 B
#24463
b11010011 "
b10101110 *
b11011111 2
b10101001 :
b11111111100 B
#24464
b10101110 "
b11010011 *
b10100110 2
b11100100 :
#24465
b11101101 "
b1011100 *
b11111 2
b1011001 :
b11111111011 B
#24466
b10110000 "
b11001111 *
b10100110 2
b11101 :
b11111111110 B
#24467
b1001001 "
b11000101 *
b11100011 2
b10100111 :
#24468
b11100010 "
b11100010 *
b11100010 2
b11110 :
b1 B
#24469
b10 "
b10100010 *
b10100110 2
#24470
b101010 "
b11111100 *
b11100010 2
b11100011 :
b0 B
#24471
b11110101 "
b101001 *
b11110 2
b11100001 :
#24472
b10011001 "
b10111000 *
b1011001 2
b1011000 :
b11111111101 B
#24473
b11010011 "
b1010010 *
b11101 2
b10100111 :
b11111111110 B
#24474
b10111010 "
b111110 *
b11110 2
b11111111111 B
#24475
b11111100 "
b101010 *
b11100011 2
b11100010 :
#24476
b10 "
b1011110 *
b10100111 2
b1 B
#24477
b10100111 "
b10100111 *
b1011000 2
b10100110 :
b10 B
#24478
b1001001 "
b111011 *
b11100100 2
b1011010 :
b1 B
#24479
b110001 "
b1010000 *
b11100110 2
b11111111111 B
#24480
b10000110 "
b11011111 *
b10100011 2
b10101010 :
b11111111110 B
#24481
b10011001 "
b10111000 *
b10100100 2
b10101011 :
b11111111011 B
#24482
b100011 "
b11101000 *
b11101 2
b11100001 :
#24483
b11101101 "
b1011100 *
b11111 2
b1011001 :
b11111111010 B
#24484
b11011110 "
b10101001 *
b10101000 2
b11100001 :
b11111111100 B
#24485
b11000101 "
b10110111 *
b10100110 2
b11100 :
b11111111110 B
#24486
b1011001 "
b11100010 *
b11100101 2
b10100110 :
b10 B
#24487
b110101 "
b1110010 *
b1011011 2
b10101001 :
#24488
b11110101 "
b10000011 *
b10100110 2
b1011000 :
b100 B
#24489
b1011100 "
b11101101 *
b10100111 2
b11100011 :
b11 B
#24490
b1100111 "
b1001000 *
b10100101 2
b10101010 :
b10 B
#24491
b11011101 "
b11000 *
b11101 2
b11100010 :
b11111111111 B
#24492
b10100100 "
b11101101 *
b1011000 2
b11011111 :
b11111111100 B
#24493
b101010 "
b100 *
b11100011 2
b11111 :
b11111111110 B
#24494
b11101110 "
b100110 *
b11100010 2
b11100011 :
b11111111011 B
#24495
b11100010 "
b1011001 *
b10100111 2
b11111111100 B
#24496
b110101 "
b1110010 *
b10100110 2
b1011000 :
b11111111101 B
#24497
b1011 "
b1111101 *
b11111111111 B
#24498
b10011 "
b1011100 *
b11100001 2
b1011001 :
b10 B
#24499
b11110010 "
b1011101 *
b11100010 2
b1011010 :
#24500
b10100011 *
b11100001 2
b10100111 :
#24501
b10111010 "
b111110 *
b11100100 2
b1011010 :
b0 B
#24502
b100 "
b11010110 *
b11100010 2
b11100011 :
b11111111110 B
#24503
b1001001 "
b11000101 *
b11011111 2
b10101000 :
#24504
b11110 "
b11110 *
b11110 2
b11100010 :
b11111111101 B
#24505
b10010 "
b100110 *
b11111111011 B
#24506
b101010 "
b11111100 *
b11100010 2
b11100011 :
b0 B
#24507
b100001 "
b10000110 *
b10100110 2
b1011001 :
#24508
b1001000 "
b10011001 *
b10100111 2
b11111111101 B
#24509
b101101 "
b10101110 *
b11100010 2
b1 B
#24510
b100001 "
b1111010 *
b10100110 2
b10101000 :
b0 B
#24511
b1010111 "
b11011110 *
b11100011 2
b1011001 :
b1 B
#24512
b10010 "
b11011010 *
b11110 2
b11101 :
b11111111110 B
#24513
b10100111 "
b11100010 *
b11101 2
b10100111 :
b11111111111 B
#24514
b10 "
b10100010 *
b1011001 2
b11100000 :
b11111111101 B
#24515
b11011110 "
b1010111 *
b10101000 2
b11111 :
b11111111111 B
#24516
b1011 "
b11010111 *
b11110 2
b11100001 :
b11111111101 B
#24517
b11011101 "
b11101000 *
b11100010 2
b11100010 :
b11111111110 B
#24518
b1001000 "
b1100111 *
b1011010 2
b1011000 :
#24519
b10000110 "
b100001 *
b10100111 2
b1011010 :
b0 B
#24520
b10110000 "
b11001111 *
b11110 :
b11111111110 B
#24521
b10 "
b1011110 *
b1011001 2
b0 B
#24522
b11100010 "
b10100111 *
b10100111 2
b11111111111 B
#24523
b10 "
b10100010 *
b1 B
#24524
b100 "
b101010 *
b11101 2
b11100010 :
b11111111111 B
#24525
b10000110 "
b11011111 *
b1011011 2
b1011000 :
#24526
b1001000 "
b10011001 *
b10101001 2
b1011010 :
b11111111110 B
#24527
b1010010 "
b101101 *
b10100111 2
b11100011 :
b11111111101 B
#24528
b10100100 "
b11101101 *
b1011001 2
b11100001 :
b11111111110 B
#24529
b100010 "
b1010111 *
b10100111 2
b11100010 :
b11111111111 B
#24530
b11001011 "
b1110010 *
b10101000 :
b11111111110 B
#24531
b1011001 "
b11110 *
b11100010 2
b1011001 :
b1 B
#24532
b1001001 "
b111011 *
b11100011 2
b11111111111 B
#24533
b1010000 "
b11001111 *
b1011010 2
b11101 :
b1 B
#24534
b1011 "
b11010111 *
b11110 2
b11100001 :
b11111111111 B
#24535
b10100011 "
b11110010 *
b10100110 2
b11100100 :
#24536
b10011001 "
b1001000 *
b10101010 2
b1011011 :
b11111111110 B
#24537
b1011100 "
b10011 *
b1011000 2
b11100000 :
#24538
b11111100 "
b101010 *
b11110 2
b11110 :
b11111111101 B
#24539
b10100010 "
b10 *
b11100011 2
b1011010 :
b11111111100 B
#24540
b11110 "
b11100010 *
b11100010 2
b11100010 :
b0 B
#24541
b1011110 "
b10 *
b10100111 :
b11111111111 B
#24542
b101010 "
b11111100 *
b11100011 :
b0 B
#24543
b10111010 "
b11000010 *
b11110 2
b1011000 :
b11111111111 B
#24544
b10011001 "
b10111000 *
b1011001 2
b11111111101 B
#24545
b11101000 "
b11011101 *
b11110 2
b11110 :
b11111111111 B
#24546
b101001 "
b11110101 *
b11100011 2
#24547
b1011 "
b10000011 *
b1011010 2
b1011000 :
b0 B
#24548
b1001001 "
b11000101 *
b100000 2
b11111111110 B
#24549
b11110 "
b10100111 *
b1011001 2
b11101 :
#24550
b10010 "
b100110 *
b11100010 2
b11110 :
b11111111100 B
#24551
b1010111 "
b100010 *
b11101 2
b1011001 :
b11111111111 B
#24552
b100001 "
b10000110 *
b1011010 2
b10101000 :
b0 B
#24553
b1010010 "
b11010011 *
b1011001 2
b11100011 :
b1 B
#24554
b11010011 "
b1010010 *
b11100011 2
b1011001 :
b10 B
#24555
b11010111 "
b1011 *
b11110 :
b1 B
#24556
b10000011 "
b11110101 *
b10101001 2
b1011011 :
b11111111111 B
#24557
b1110010 "
b110101 *
b1010110 2
b10100101 :
b11111111110 B
#24558
b10100111 "
b11100010 *
b11100100 2
b1011010 :
#24559
b11000101 "
b1001001 *
b1011001 2
b11101 :
b11111111101 B
#24560
b11010110 "
b100 *
b11110 2
b11111111110 B
#24561
b100001 "
b10000110 *
b10100111 2
b1011010 :
b11111111111 B
#24562
b11000 "
b11011101 *
b11100010 2
b11110 :
b11111111101 B
#24563
b1011101 "
b11110010 *
b10100111 2
b11111 :
b0 B
#24564
b111110 "
b1000110 *
b11100011 :
#24565
b100 "
b11010110 *
b11101 2
b11110 :
b11111111110 B
#24566
b11101110 "
b100110 *
b11100010 2
b11100010 :
b11111111111 B
#24567
b1011001 "
b11100010 *
b11111 2
b1011001 :
b10 B
#24568
b110101 "
b1110010 *
b10101000 2
b1011011 :
b0 B
#24569
b100010 "
b10101001 *
b1010111 2
b11100000 :
b11111111110 B
#24570
b10111010 "
b11000010 *
b11100001 2
b10101000 :
#24571
b11000 "
b11011101 *
b11110 2
b11100010 :
b11111111100 B
#24572
b100011 "
b11101000 *
b11111111110 B
#24573
b10000110 "
b100001 *
b10100110 2
b1011001 :
b0 B
#24574
b11111100 "
b101010 *
b11101 2
b11110 :
#24575
b10010 "
b11011010 *
b11100010 2
b11100010 :
b1 B
#24576
b11100010 "
b1011001 *
b1011001 2
b11101 :
b10 B
#24577
b10110111 "
b11000101 *
b11100011 2
b1011001 :
b0 B
#24578
b10000011 "
b1011 *
b1011010 2
b1010111 :
b11111111111 B
#24579
b1011100 "
b11101101 *
b10100111 2
b11100101 :
#24580
b10111000 "
b1100111 *
b1010110 2
b10100101 :
b11111111101 B
#24581
b10101110 "
b11010011 *
b1011010 2
b11100 :
#24582
b11000010 "
b10111010 *
b1011001 2
#24583
b101010 "
b100 *
b11100010 2
b11101 :
b11111111110 B
#24584
b1001001 "
b11000101 *
b11110 2
b1011000 :
#24585
b11110 "
b10100111 *
b1011001 2
b11110 :
b11 B
#24586
b11000101 "
b1001001 *
b10100111 2
b11100011 :
b11111111111 B
#24587
b11001111 "
b10110000 *
b11100 2
b10100111 :
b1 B
#24588
b100001 "
b10000110 *
b1010111 2
b10100100 :
b11111111111 B
#24589
b11000 "
b11011101 *
b11101 2
b11100000 :
b11111111110 B
#24590
b11110010 "
b10100011 *
b11011111 2
b10101000 :
b11111111101 B
#24591
b1000110 "
b11000010 *
b11100 2
b10100110 :
b11111111010 B
#24592
b100 "
b11010110 *
b11100011 2
b11100010 :
b11111111011 B
#24593
b11011010 "
b11101110 *
b11100010 2
b11110 :
b11111111110 B
#24594
b11110 "
b10100111 *
b10100111 2
b11100001 :
b10 B
#24595
b11001011 "
b10001110 *
b10100110 2
b1011000 :
b0 B
#24596
b11111100 "
b11010110 *
b11100011 2
b11110 :
b10 B
#24597
b11110101 "
b101001 *
b11110 2
b11100001 :
#24598
b10100011 "
b11110010 *
b1011010 2
b11101 :
b11111111110 B
#24599
b11110010 "
b10100011 *
b11111 2
b1011001 :
#24600
b11011111 "
b10000110 *
b1011010 2
b1011000 :
b11111111111 B
#24601
b10110000 "
b11001111 *
b1011001 2
b11100001 :
b11111111110 B
#24602
b11111110 "
b10100010 *
b11110 :
#24603
b11110 "
b1011001 *
b10100111 2
#24604
b10001110 "
b110101 *
b10101000 2
b10100110 :
b1 B
#24605
b11111100 "
b11010110 *
b11101 2
b11100010 :
b11111111111 B
#24606
b10111010 "
b11000010 *
b11100010 2
b10101000 :
b1 B
#24607
b11011101 "
b11101000 *
b11100011 :
b11111111110 B
#24608
b11000 *
b11100011 2
b11111 :
b11111111111 B
#24609
b1000110 "
b11000010 *
b11100 2
b10100111 :
b11111111101 B
#24610
b100 "
b11010110 *
b11100011 2
b11100010 :
b11111111100 B
#24611
b11000101 "
b10110111 *
b10101000 2
b11110 :
b11111111110 B
#24612
b11100010 "
b11110 *
b11110 2
b10 B
#24613
b11011010 "
b10010 *
b11111111111 B
#24614
b1010111 "
b100010 *
b11100010 2
b10100111 :
b0 B
#24615
b1011 "
b11010111 *
b11111 :
#24616
b11110010 "
b1011101 *
b11101 2
b10100110 :
b11111111111 B
#24617
b11010011 "
b1010010 *
b10100111 :
b11111111110 B
#24618
b101001 "
b11110101 *
b11100011 2
b11110 :
b11111111111 B
#24619
b10000011 "
b1011000 2
b10100110 :
#24620
b10010 "
b11011010 *
b11110 2
b11101 :
b11111111110 B
#24621
b11110 "
b10100111 *
b1011001 2
b11111111111 B
#24622
b100110 "
b11101110 *
b11110 2
b11110 :
b11111111101 B
#24623
b10000011 "
b1011 *
b10100111 2
b10100111 :
b11111111111 B
#24624
b100001 "
b10000110 *
b1011001 2
b10100110 :
b0 B
#24625
b11000 "
b11011101 *
b11110 2
b11100010 :
#24626
b10111000 "
b10011001 *
b10100110 2
b10101000 :
#24627
b11011111 "
b10000110 *
b10100101 2
#24628
b1010111 "
b11011110 *
b11100 2
b10100110 :
b11111111110 B
#24629
b10010 "
b11011010 *
b11100010 2
b11100011 :
b11111111101 B
#24630
b11110 "
b11100010 *
b11100010 :
b11111111110 B
#24631
b11001011 "
b10001110 *
b10100111 2
b1011001 :
b11111111101 B
#24632
b10101001 "
b11011110 *
b11110 2
b0 B
#24633
b1111010 "
b100001 *
b10100111 2
b10100110 :
#24634
b11110010 "
b1011101 *
b11110 2
b11111111111 B
#24635
b1001000 "
b1100111 *
b10100110 2
b10101000 :
b0 B
#24636
b11010111 "
b1011 *
b11101 2
b11100010 :
#24637
b1010111 "
b11011110 *
b11100011 2
b1011001 :
b11111111110 B
#24638
b1001001 "
b11000101 *
b11110 2
b1011000 :
#24639
b11110 "
b11110 *
b11100010 2
b11110 :
b11111111111 B
#24640
b1110010 "
b11001011 *
b1011001 2
b1011001 :
#24641
b100010 "
b10101001 *
b11100010 :
b0 B
#24642
b10011 "
b1011100 *
b11100011 2
b1011001 :
#24643
b11011101 "
b11101000 *
b11100010 2
b11100010 :
b11111111111 B
#24644
b1010010 "
b101101 *
b1011001 2
b11101 :
#24645
b1111010 "
b11011111 *
b1011000 2
b10100101 :
b0 B
#24646
b10000011 "
b11110101 *
b10101000 2
b1011011 :
b11111111111 B
#24647
b1110010 "
b110101 *
b1010111 2
b10100101 :
b11111111110 B
#24648
b11110 "
b1011001 *
b1011001 2
b11100001 :
#24649
b100110 "
b11101110 *
b11100010 2
b11100010 :
#24650
b10101001 "
b11011110 *
b11110 2
b1011001 :
#24651
b10111010 "
b11000010 *
b0 B
#24652
b10100011 "
b11110010 *
b1011010 2
b11110 :
b11111111111 B
#24653
b11011101 "
b11000 *
b11110 2
b11100010 :
#24654
b11010111 "
b1011 *
b11101 2
b0 B
#24655
b110001 "
b10110000 *
b11111 2
b1011001 :
#24656
b11111110 "
b10100010 *
b1011010 2
b11101 :
b11111111110 B
#24657
b11110 "
b11110 *
b11100010 2
b11110 :
#24658
b10001110 "
b110101 *
b10100111 2
b10100111 :
b11111111111 B
#24659
b110001 "
b1010000 *
b11100011 2
b1011010 :
b0 B
#24660
b1011100 "
b11101101 *
b1011001 2
b11101 :
#24661
b1011101 "
b1110 *
b1011010 2
b11111111111 B
#24662
b11010011 "
b1010010 *
b11100011 2
b1011001 :
#24663
b1111010 "
b11011111 *
b1011000 2
b10100101 :
#24664
b11011110 "
b10101001 *
b10100110 2
b11100100 :
#24665
b1011110 "
b11111110 *
b11100 2
b10100110 :
b11111111110 B
#24666
b11110 "
b10100111 *
b10100111 2
b11100011 :
#24667
b1110010 "
b11001011 *
b10100110 2
b10101000 :
#24668
b100 "
b101010 *
b11101 2
b11100010 :
b11111111111 B
#24669
b11010111 "
b11110101 *
b11111 2
b11110 :
b11111111110 B
#24670
b1010010 "
b11010011 *
b10100111 2
#24671
b11000 "
b100011 *
b11100010 2
b11100010 :
b11111111101 B
#24672
b10111010 "
b111110 *
b11110 2
b10101000 :
b11111111111 B
#24673
b10101001 "
b100010 *
b10100111 :
b0 B
#24674
b11101110 "
b100110 *
b11100010 2
b11100010 :
b1 B
#24675
b11110 "
b11110 *
b11110 :
#24676
b1110010 "
b11001011 *
b1011011 2
b1011000 :
b0 B
#24677
b10110000 "
b110001 *
b10100111 2
b11100100 :
#24678
b11010111 "
b11110101 *
b11100001 2
b11100010 :
b11111111101 B
#24679
b10111000 "
b1100111 *
b10101001 2
b1011010 :
b11111111110 B
#24680
b1100111 "
b10111000 *
b1011000 2
b10100110 :
b11111111101 B
#24681
b10100100 "
b11101101 *
b10100111 2
b11111 :
b11111111110 B
#24682
b1011 "
b10000011 *
b10101000 :
b11111111111 B
#24683
b11000101 "
b10110111 *
b10101000 2
b11110 :
b11111111110 B
#24684
b10100111 "
b10100111 *
b10100111 2
b1011001 :
b11111111111 B
#24685
b11111110 "
b1011110 *
b1011001 2
b11100010 :
#24686
b100 "
b101010 *
b11101 2
b0 B
#24687
b10000110 "
b11011111 *
b1011010 2
b1011001 :
b11111111111 B
#24688
b11101000 "
b100011 *
b11110 2
b11100010 :
b11111111110 B
#24689
b11010011 "
b1010010 *
b11101 2
b10100111 :
b11111111111 B
#24690
b101001 "
b11110101 *
b11100011 2
b11110 :
b0 B
#24691
b101010 "
b100 *
b11100010 2
b11101 :
b11111111111 B
#24692
b1001001 "
b11000101 *
b100000 2
b1011000 :
b11111111110 B
#24693
b10100111 "
b11100010 *
b11101 2
b10100111 :
b11 B
#24694
b11111110 "
b1011110 *
b10101000 2
b100001 :
b11111111100 B
#24695
b100010 "
b10101001 *
b1011000 2
b11100001 :
b11111111111 B
#24696
b1011 "
b11010111 *
b11110 2
b11111111011 B
#24697
b10111000 "
b1100111 *
b10100111 2
b1011001 :
b11111111110 B
#24698
b11010011 "
b1010010 *
b11100010 2
#24699
b10111010 "
b111110 *
b1011000 :
b0 B
#24700
b11110101 "
b1111101 *
b1011001 2
b1011001 :
b1 B
#24701
b11101110 "
b100110 *
b11110 2
b11110 :
#24702
b11110 "
b11100010 *
b11100010 2
b11100010 :
b0 B
#24703
b1011110 "
b10 *
b11100000 2
b10101000 :
#24704
b101010 "
b11111100 *
b11100001 2
b11100011 :
#24705
b11010111 "
b11110101 *
b11111 2
b11110 :
b11111111100 B
#24706
b1011101 "
b1110 *
b10100110 2
b11100011 :
b11111111011 B
#24707
b100011 "
b11101000 *
b11100010 2
b11110 :
b11111111101 B
#24708
b101001 "
b11110101 *
b11100001 2
b11111111111 B
#24709
b11001111 "
b1010000 *
b11100011 2
b10100110 :
b0 B
#24710
b100110 "
b10010 *
b11100010 2
b11110 :
b11 B
#24711
b11100010 "
b11100010 *
b11110 2
b11100010 :
b1 B
#24712
b11101110 "
b11011010 *
b11100 2
b11100001 :
b0 B
#24713
b1010111 "
b100010 *
b100001 2
b1011000 :
#24714
b1000110 "
b111110 *
b100000 2
b11111111010 B
#24715
b1010010 "
b11010011 *
b1011000 2
b11100001 :
b11111111011 B
#24716
b101101 "
b10101110 *
b11110 2
b10100111 :
b11111111100 B
#24717
b10100100 "
b11101101 *
b10100111 2
b11100 :
b11111111110 B
#24718
b11011110 "
b10101001 *
b10101001 2
b11100000 :
b1 B
#24719
b11000101 "
b10110111 *
b10100111 2
b11101 :
b10 B
#24720
b11100010 "
b10100111 *
b11110 :
b100 B
#24721
b1011110 "
b10 *
b11100000 2
b10101000 :
b1 B
#24722
b100 "
b101010 *
b11101 2
b11100001 :
b11111111111 B
#24723
b101001 "
b1011 *
b11100001 2
b11100010 :
b11111111100 B
#24724
b101101 "
b1010010 *
b10101000 :
#24725
b1011101 "
b11110010 *
b10100111 2
b11111 :
b11111111101 B
#24726
b1011100 "
b10011 *
b11110 :
b11111111110 B
#24727
b1011 "
b10000011 *
b1011001 2
b1011001 :
#24728
b11011010 "
b11101110 *
b11110 2
b11100010 :
b11111111111 B
#24729
b11100010 "
b11100010 *
b0 B
#24730
b11101110 "
b11011010 *
#24731
b11010110 "
b100 *
b11100010 2
b11100011 :
#24732
b11010111 "
b11110101 *
b11100001 :
#24733
b11110010 "
b1011101 *
b1011010 :
b11111111101 B
#24734
b11101000 "
b11011101 *
b11100010 :
b10 B
#24735
b1011100 "
b10011 *
b1011001 2
b11100001 :
b0 B
#24736
b101010 "
b100 *
b11110 2
b11100011 :
#24737
b1001001 "
b11000101 *
b11100000 2
b10101000 :
b11111111110 B
#24738
b10100111 "
b11100010 *
b11100011 2
b1011001 :
b11 B
#24739
b11011010 "
b10010 *
b11111 2
b11100 :
b11111111100 B
#24740
b11001111 "
b10110000 *
b11100011 2
b1011001 :
b11111111111 B
#24741
b1000110 "
b111110 *
b11100001 2
b10101000 :
b11111111001 B
#24742
b10100011 "
b11110010 *
b1011001 2
b11111 :
b11111111111 B
#24743
b100011 "
b11101000 *
b11100010 2
b11110 :
b11111111110 B
#24744
b1111010 "
b11011111 *
b10100110 2
b1011001 :
b10 B
#24745
b11010110 "
b11111100 *
b11110 2
b11100011 :
b0 B
#24746
b1001001 "
b11000101 *
b1011000 :
b1 B
#24747
b10100111 "
b10100111 *
b1011000 2
b10100110 :
b11 B
#24748
b11101110 "
b11011010 *
b11100 2
b11100001 :
b11111111111 B
#24749
b1111101 "
b11110101 *
b1011100 2
b1010110 :
#24750
b11110101 "
b101001 *
b11100011 2
b11111 :
b11111111010 B
#24751
b10011001 "
b10111000 *
b10100110 2
b10101001 :
b11111111011 B
#24752
b11000 "
b100011 *
b11110 2
b11110 :
b11111111100 B
#24753
b11101101 "
b1011100 *
b11101 2
b1011001 :
b11111111101 B
#24754
b11110101 "
b1111101 *
b1011000 2
b1011010 :
b0 B
#24755
b10 "
b1011110 *
b1011001 2
b11111 :
b1 B
#24756
b11110 "
b10100111 *
b10100111 2
b11100010 :
#24757
b11101110 "
b11011010 *
b11100010 2
b11110 :
b10 B
#24758
b11110101 "
b10000011 *
b10101001 2
b1011010 :
b1 B
#24759
b10100100 "
b10011 *
b1011010 2
b11011 :
b0 B
#24760
b101101 "
b1010010 *
b11011111 2
b10101001 :
b11111111110 B
#24761
b10100011 "
b1110 *
b1011000 2
b11011111 :
b11111111100 B
#24762
b10111010 "
b111110 *
b11100 2
b10100111 :
b11111111011 B
#24763
b1111101 "
b1011 *
b10101000 2
b1011001 :
#24764
b10 "
b1011110 *
b10100111 2
b11100001 :
b11111111110 B
#24765
b1011001 "
b1011001 *
b10100110 2
b1011000 :
b0 B
#24766
b10001110 "
b110101 *
b10101001 2
b10100101 :
b10 B
#24767
b11111100 "
b11010110 *
b11101 2
b11100010 :
#24768
b11110101 "
b101001 *
b11100010 2
b11111 :
#24769
b10011001 "
b10111000 *
b10100110 2
b10101001 :
b11111111110 B
#24770
b10111000 "
b10011001 *
b10101000 :
#24771
b11011111 "
b10000110 *
b11111111101 B
#24772
b11110101 "
b1111101 *
b1011001 2
b1011000 :
b11111111110 B
#24773
b11111110 "
b10100010 *
b10100111 2
b11100010 :
#24774
b1011001 "
b10100111 *
b10101000 2
b10100110 :
b11111111111 B
#24775
b1110010 "
b11001011 *
b1 B
#24776
b10110000 "
b110001 *
b1011010 2
b11101 :
#24777
b11101101 "
b10100100 *
b11100100 2
b1011010 :
#24778
b1110 "
b10100011 *
b11111111111 B
#24779
b11010011 "
b1010010 *
b11011 2
b10100111 :
b11111111110 B
#24780
b1000110 "
b11000010 *
b11100100 2
b1011001 :
#24781
b1011 "
b10000011 *
b1011010 2
b1011000 :
b11111111101 B
#24782
b1001001 "
b11000101 *
b100000 2
b11111111110 B
#24783
b11100010 "
b10100111 *
b1011001 2
b11100001 :
#24784
b111011 "
b10110111 *
b1011000 2
b11110 :
b11111111100 B
#24785
b1111101 "
b11110101 *
b1011010 :
b11111111110 B
#24786
b11011111 "
b1111010 *
b10100101 2
b1011000 :
b1 B
#24787
b10101110 "
b101101 *
b10100111 2
b11101 :
#24788
b101101 "
b10101110 *
b11101 2
b10100111 :
b11 B
#24789
b1000110 "
b11000010 *
b11100 2
b10100110 :
b1 B
#24790
b1010000 "
b110001 *
b1011000 2
b11011111 :
b11111111111 B
#24791
b10010 "
b11011010 *
b11100001 2
b11100011 :
b11111111110 B
#24792
b10100111 "
b11110 *
b100001 2
b1011000 :
b11111111011 B
#24793
b1001001 "
b111011 *
b11101 2
b10100111 :
#24794
b100 "
b101010 *
b11100010 :
#24795
b11110101 "
b101001 *
b11110 2
b11100011 :
b11111111111 B
#24796
b1110 "
b10100011 *
b11100001 2
b1011001 :
b11111111110 B
#24797
b10100011 "
b1110 *
b1011010 2
b11100011 :
b11 B
#24798
b10011 "
b10100100 *
b11111 2
b1011001 :
b10 B
#24799
b100 "
b11010110 *
b11101 2
b11110 :
b1 B
#24800
b10100010 "
b10 *
b11100 2
b10100110 :
b11111111110 B
#24801
b11110 "
b10100111 *
b1011010 2
b11100 :
b10 B
#24802
b10100010 "
b11111110 *
b11011111 2
b10101000 :
b11111111110 B
#24803
b1011 "
b1111101 *
b10101001 2
b1011011 :
#24804
b11110101 "
b101001 *
b11100010 2
b11111 :
b11111111011 B
#24805
b10011001 "
b10111000 *
b10100111 2
b10101000 :
b11111111110 B
#24806
b1100111 "
b1011000 2
b10100110 :
#24807
b11101101 "
b1011100 *
b11110 2
b1011001 :
b11111111111 B
#24808
b11001111 "
b1010000 *
#24809
b10 "
b1011110 *
b1011001 2
b11110 :
#24810
b1011001 "
b10100111 *
b10100110 2
b10101000 :
#24811
b11111110 "
b1011110 *
b1011001 2
b11100001 :
b1 B
#24812
b101010 "
b11111100 *
b11100001 2
b11100011 :
b11111111110 B
#24813
b11011111 "
b1111010 *
b1011000 2
b10100101 :
#24814
b1001000 "
b10011001 *
b10101000 2
b1011001 :
b11111111011 B
#24815
b11101000 "
b11011101 *
b11110 2
b11110 :
b11111111110 B
#24816
b11011111 "
b10000110 *
b1011001 2
b1011010 :
b0 B
#24817
b11110101 "
b1111101 *
b10100111 2
b10100111 :
#24818
b1110010 "
b110101 *
b1011001 :
#24819
b11110 "
b11110 *
b11100010 2
b11110 :
#24820
b11011010 "
b10010 *
b11100010 :
#24821
b110001 "
b1010000 *
b11100011 2
b1011010 :
#24822
b1000110 "
b111110 *
b11110 2
b1011000 :
#24823
b1010010 "
b11010011 *
b1011000 2
b11100001 :
b11111111111 B
#24824
b11000 "
b100011 *
b11111 2
b11101 :
#24825
b11101101 "
b1011100 *
b1011001 :
b11111111110 B
#24826
b11011110 "
b10101001 *
b10100111 2
b11100011 :
b11111111011 B
#24827
b1001001 "
b11000101 *
b11100010 2
b10101000 :
b11111111110 B
#24828
b11100010 "
b11110 *
b11110 2
b11110 :
b11111111111 B
#24829
b10010 "
b100110 *
b11100010 :
#24830
b110001 "
b1010000 *
b10100111 :
b0 B
#24831
b10011 "
b1011100 *
b10100110 :
#24832
b10011001 "
b10111000 *
b1011001 2
b1011001 :
b1 B
#24833
b1010010 "
b101101 *
b10100111 2
b11100011 :
b0 B
#24834
b100001 "
b1111010 *
b10100101 2
b10101000 :
#24835
b11110101 "
b1111101 *
b10100110 2
b11111111111 B
#24836
b100110 "
b10010 *
b11100011 2
b11110 :
b11111111101 B
#24837
b11100010 "
b11100010 *
b11110 2
b11100010 :
b11111111110 B
#24838
b10100010 "
b11111110 *
b11100001 2
b10100111 :
#24839
b11110101 "
b10000011 *
b1011001 2
b0 B
#24840
b11010111 "
b11110101 *
b11100001 2
b11100010 :
b11111111110 B
#24841
b10101110 "
b101101 *
b10100111 2
b11110 :
b0 B
#24842
b101101 "
b10101110 *
b11101 2
b10100111 :
b11111111101 B
#24843
b10011 "
b10100100 *
b11100010 2
b10100110 :
b11111111111 B
#24844
b101010 "
b100 *
b11110 2
b11100011 :
#24845
b11001011 "
b1110010 *
b1011001 2
b1011000 :
b0 B
#24846
b10100111 "
b10100111 *
b10101000 2
b1011010 :
b11 B
#24847
b10100010 "
b11111110 *
b100001 2
b1011000 :
b11111111111 B
#24848
b1111101 "
b11110101 *
b10100101 2
b10101001 :
#24849
b101001 "
b1011 *
b11100001 2
b11100010 :
b11111111011 B
#24850
b10011001 "
b10111000 *
b1011010 2
b1010111 :
b11111111101 B
#24851
b10101110 "
b11010011 *
b1011001 2
b11101 :
#24852
b11000010 "
b10111010 *
#24853
b11001111 "
b1010000 *
b11100010 2
b10100111 :
b11111111111 B
#24854
b10001110 "
b11001011 *
b1011000 2
#24855
b11100010 "
b10100111 *
b1011001 2
b11100001 :
#24856
b11101110 "
b11011010 *
b11110 2
b11100010 :
b0 B
#24857
b1010000 "
b11001111 *
b1011010 2
b11101 :
b11111111110 B
#24858
b11010111 "
b11110101 *
b11100001 2
b11100010 :
b0 B
#24859
b10111000 "
b1100111 *
b10101000 2
b1011001 :
b11111111111 B
#24860
b1010010 "
b101101 *
b1011001 2
b11101 :
b11111111101 B
#24861
b111110 "
b1000110 *
b0 B
#24862
b101010 "
b100 *
b11110 2
b11100011 :
b11111111111 B
#24863
b1011110 "
b11111110 *
b11101 2
b10100110 :
#24864
b10100111 "
b1011001 *
b1011010 2
b1011000 :
b11 B
#24865
b10001110 "
b110101 *
b1011100 2
b1010110 :
b11111111111 B
#24866
b1011 "
b1111101 *
b1010110 2
b10100100 :
b11111111110 B
#24867
b10011 "
b1011100 *
b11011 2
b10100110 :
b11111111011 B
#24868
b1110 "
b10100011 *
b11100011 2
b1011010 :
b11111111100 B
#24869
b10111000 "
b10011001 *
b1011010 2
b1011000 :
#24870
b101001 "
b11110101 *
b11100001 2
b11110 :
b11111111111 B
#24871
b100010 "
b1010111 *
b10100111 2
b11100010 :
b11111111110 B
#24872
b100110 "
b10010 *
b11100010 2
b11110 :
b11 B
#24873
b11110 "
b11110 *
b1 B
#24874
b110101 "
b1110010 *
b10101000 2
b1011011 :
b0 B
#24875
b11001111 "
b10110000 *
b11100 2
b10100111 :
#24876
b11011111 "
b1111010 *
b10101000 2
b1011011 :
b11111111110 B
#24877
b11011101 "
b11101000 *
b11100010 2
b11100011 :
#24878
b1110 "
b1011101 *
b11111 2
b1011001 :
#24879
b101001 "
b11110101 *
b11101 2
b11100010 :
b11111111101 B
#24880
b110001 "
b10110000 *
b11100010 2
b10100111 :
b11111111110 B
#24881
b11000101 "
b10110111 *
b10101000 2
b11110 :
#24882
b11100010 "
b10100111 *
b10100111 2
b11101 :
b11111111111 B
#24883
b11111110 "
b1011110 *
b1011010 2
b11100010 :
#24884
b1111101 "
b11110101 *
b10101000 2
b10100111 :
b1 B
#24885
b10111010 "
b11000010 *
b11110 2
b1011000 :
b0 B
#24886
b1100111 "
b1001000 *
b10100111 2
b10101000 :
#24887
b1011101 "
b11110010 *
b11111 :
b11111111111 B
#24888
b11011111 "
b10000110 *
b1011011 2
b1011000 :
#24889
b11011110 "
b10101001 *
b1011001 2
b11101 :
b11111111110 B
#24890
b1110010 "
b110101 *
b10101001 2
b1011011 :
b11111111101 B
#24891
b11110 "
b10100111 *
b1011001 2
b11101 :
b11111111111 B
#24892
b10010 "
b100110 *
b11100010 2
b11110 :
b11111111110 B
#24893
b10000011 "
b1011 *
b10100111 2
b10100111 :
b11111111111 B
#24894
b10011 "
b1011100 *
b11100011 2
b1011001 :
b0 B
#24895
b101101 "
b1010010 *
b11111 2
b1011000 :
#24896
b100011 "
b11101000 *
b11110 2
b11100001 :
b11111111111 B
#24897
b10000110 "
b100001 *
b10101000 2
b1011011 :
b11111111110 B
#24898
b1011 "
b10000011 *
b10100110 2
b10101000 :
#24899
b10010 "
b11011010 *
b11100010 2
b11100010 :
#24900
b11110 "
b10100111 *
b10100111 2
#24901
b11011010 "
b10010 *
b11110 2
b11110 :
b0 B
#24902
b1010000 "
b11001111 *
b10100111 2
b11100010 :
b1 B
#24903
b100001 "
b10000110 *
b1011010 :
b0 B
#24904
b1001000 "
b10011001 *
b10101000 2
b1011001 :
b1 B
#24905
b11101000 "
b11011101 *
b11111 2
b11101 :
b0 B
#24906
b10011 "
b10100100 *
b1011000 :
#24907
b1111101 "
b1011 *
b10101001 2
b1011011 :
b11111111011 B
#24908
b1001001 "
b11000101 *
b100000 2
b1011000 :
b11111111110 B
#24909
b11110 "
b10100111 *
b1011001 2
b11101 :
#24910
b10110111 "
b11000101 *
b11110 2
b10101000 :
b11111111100 B
#24911
b1010000 "
b11001111 *
b1011001 2
b11111 :
b11111111111 B
#24912
b11110101 "
b101001 *
b11100010 2
b11101 :
b1 B
#24913
b101101 "
b1010010 *
b11110 2
b1011001 :
b10 B
#24914
b11101000 "
b11011101 *
b11100001 2
b11100010 :
b11 B
#24915
b1111010 "
b11011111 *
b1010111 2
b10100100 :
b11111111111 B
#24916
b11001111 "
b1010000 *
b100001 2
b1011000 :
b11111111101 B
#24917
b100110 "
b10010 *
b11101 2
b11100010 :
#24918
b11100010 "
b1011001 *
b1011010 2
b11100 :
b11111111011 B
#24919
b11111110 "
b1011110 *
b1011001 2
b11100001 :
b11111111110 B
#24920
b1010111 "
b100010 *
b11100010 2
b10100111 :
#24921
b100001 "
b10000110 *
b10100110 2
b1011001 :
#24922
b1010010 "
b11010011 *
b10100111 2
b11101 :
b11111111111 B
#24923
b1011101 "
b11110010 *
b10100110 2
b11110 :
b1 B
#24924
b1111010 "
b11011111 *
b10101000 2
b1011010 :
#24925
b11010110 "
b11111100 *
b11110 2
b11100011 :
b0 B
#24926
b11011010 "
b11101110 *
b11101 2
b11100010 :
b11111111111 B
#24927
b10100111 "
b11110 *
b11100000 2
b10101000 :
b11 B
#24928
b1001001 "
b111011 *
b11100110 2
b1011010 :
b11111111110 B
#24929
b110001 "
b1010000 *
b11111111100 B
#24930
b10000110 "
b11011111 *
b10100101 2
b10101000 :
b11111111011 B
#24931
b10011001 "
b10111000 *
b10100111 2
#24932
b10111000 "
b10011001 *
b10100111 :
b11111111101 B
#24933
b111110 "
b1000110 *
b1011000 2
b11110 :
b11111111111 B
#24934
b100010 "
b1010111 *
b1011001 2
b0 B
#24935
b110101 "
b10001110 *
b10100111 2
b10100111 :
b1 B
#24936
b1011001 "
b11110 *
b11101 2
#24937
b10110111 "
b11000101 *
b11100011 2
b1011001 :
b0 B
#24938
b10101001 "
b11011110 *
b100000 2
b1010111 :
b11111111111 B
#24939
b11011111 "
b1111010 *
b1010111 2
b10100101 :
#24940
b11101000 "
b100011 *
b11101 2
b11100001 :
b11111111100 B
#24941
b10111000 "
b10011001 *
b1011010 2
b1010111 :
b11111111110 B
#24942
b1011 "
b101001 *
b11100010 2
b11100011 :
b11111111100 B
#24943
b100010 "
b1010111 *
b10100111 2
b11100010 :
b11111111101 B
#24944
b1001001 "
b11000101 *
b11101 2
b1011001 :
#24945
b11100010 "
b10100111 *
b1011001 2
b11100011 :
b1 B
#24946
b11111110 "
b1011110 *
b10100110 2
b11110 :
#24947
b100010 "
b10101001 *
b1011001 2
b11100010 :
#24948
b111110 "
b10111010 *
b1011000 2
b11100001 :
b0 B
#24949
b10011001 "
b10111000 *
b10100110 2
b10101001 :
b11111111111 B
#24950
b10111000 "
b10011001 *
b10100101 2
b11111111110 B
#24951
b11010111 "
b1011 *
b11100011 2
b11110 :
b11111111101 B
#24952
b11110101 "
b1111101 *
b1011010 2
b1011000 :
#24953
b1001001 "
b11000101 *
b11100010 2
b10101000 :
b11111111110 B
#24954
b10100111 "
b11100010 *
b1011001 :
#24955
b11001011 "
b10001110 *
b10100110 2
b1011000 :
b11111111111 B
#24956
b10110000 "
b110001 *
b1011001 2
b11110 :
b1 B
#24957
b11110101 "
b101001 *
b11110 2
b11100001 :
b10 B
#24958
b10011001 "
b10111000 *
b1011010 2
b1010111 :
b1 B
#24959
b11000 "
b100011 *
b11100010 2
b11100011 :
b11111111110 B
#24960
b10011 "
b10100100 *
b11111 2
b1011000 :
b11111111101 B
#24961
b100 "
b11010110 *
b11101 2
b11110 :
#24962
b11101110 "
b100110 *
b11100010 2
b11100011 :
b11111111110 B
#24963
b11100010 "
b11100010 *
b11110 2
b11100010 :
b10 B
#24964
b11011010 "
b10010 *
b11100001 2
b11111111101 B
#24965
b1011 "
b1111101 *
b10101000 2
b1011010 :
b0 B
#24966
b100001 "
b10000110 *
b1011000 2
b10100101 :
b11111111101 B
#24967
b10011001 "
b10111000 *
b10100111 2
b10101000 :
b11111111111 B
#24968
b1011101 "
b11110010 *
b1011001 2
b11100001 :
b11111111110 B
#24969
b10100100 "
b11101101 *
b10100111 2
b11111 :
b11111111111 B
#24970
b1010111 "
b11011110 *
b11101 2
b10100111 :
b11111111110 B
#24971
b110101 "
b10001110 *
b10100111 2
b10101000 :
#24972
b1011001 "
b1011001 *
b1011001 2
b10100111 :
b11111111111 B
#24973
b11001011 "
b10001110 *
b10100111 2
b1011001 :
#24974
b11011110 "
b1010111 *
b1011001 2
b11100010 :
b0 B
#24975
b1011 "
b11010111 *
b11100010 2
b11111 :
#24976
b11000 "
b11011101 *
b11110 :
b11111111111 B
#24977
b1001000 "
b1100111 *
b10100110 2
b10101000 :
b11111111110 B
#24978
b111110 "
b1000110 *
b10100111 2
b11100011 :
b0 B
#24979
b101010 "
b100 *
b11100010 2
b11101 :
b11111111110 B
#24980
b10001110 "
b11001011 *
b1011000 2
b10100111 :
b11111111111 B
#24981
b11100010 "
b10100111 *
b1011001 2
b11100001 :
b11 B
#24982
b11101110 "
b11011010 *
b11100 2
b0 B
#24983
b10101001 "
b11011110 *
b11100000 2
b10101000 :
b11111111110 B
#24984
b11011111 "
b1111010 *
b10101000 2
b1011011 :
b11111111010 B
#24985
b11110010 "
b1011101 *
b11100010 2
b1011010 :
b11111111100 B
#24986
b11011101 "
b11000 *
b11110 :
b11111111110 B
#24987
b1011 "
b101001 *
b11110 2
b11111 :
b0 B
#24988
b101010 "
b100 *
b11111 2
b11100011 :
#24989
b11111110 "
b10100010 *
b10100111 2
b11100001 :
b10 B
#24990
b11100010 "
b1011001 *
b1011001 2
b11110 :
b101 B
#24991
b11011010 "
b10010 *
b11111 2
b11100 :
b10 B
#24992
b11110101 "
b10000011 *
b10101010 2
b1011100 :
b1 B
#24993
b11011111 "
b1111010 *
b1010101 2
b10100010 :
b11111111001 B
#24994
b11011101 "
b11101000 *
b11111 2
b11101 :
b11111111100 B
#24995
b10011001 "
b1001000 *
b1011000 2
b10100110 :
b11111111010 B
#24996
b11000010 "
b10111010 *
b11110 :
b11111111011 B
#24997
b10101001 "
b100010 *
b100000 2
b10101001 :
b11111111111 B
#24998
b1001001 "
b11000101 *
b11101 2
b1011001 :
b1 B
#24999
b11100010 "
b11100010 *
b11110 2
b11100010 :
b100 B
#25000
b10001110 "
b110101 *
b10100110 2
b10101000 :
b1 B
#25001
b1010000 "
b11001111 *
b1011010 2
b11100 :
b0 B
#25002
b1011100 "
b11101101 *
b11111111110 B
#25003
b10111000 "
b1100111 *
b10101001 2
b1011010 :
#25004
b1011101 "
b11110010 *
b1011001 2
b11100001 :
#25005
b11000010 "
b10111010 *
b10100111 2
b11100011 :
#25006
b11010110 "
b11111100 *
b11100010 2
b11101 :
#25007
b1001001 "
b11000101 *
b10101000 :
b11111111111 B
#25008
b11100010 "
b11110 *
b11110 2
b11110 :
b11 B
#25009
b10010 "
b100110 *
b11101 2
b11100001 :
b11111111111 B
#25010
b10101001 "
b11011110 *
b100000 2
b1010111 :
b0 B
#25011
b1000110 "
b111110 *
b11100001 2
b10101001 :
b11111111100 B
#25012
b11101000 "
b100011 *
b11110 2
b11100010 :
#25013
b11110010 "
b10100011 *
b1011010 :
b11111111101 B
#25014
b1011100 "
b10011 *
b10100111 2
b11101 :
b0 B
#25015
b100010 "
b1010111 *
b11100010 :
#25016
b111011 "
b1001001 *
b10101000 2
b11110 :
b1 B
#25017
b10100111 "
b11100010 *
b11101 2
b10100111 :
#25018
b1001001 "
b111011 *
b11100011 2
b1011001 :
b11111111111 B
#25019
b11110101 "
b10000011 *
b1010111 2
b10100110 :
#25020
b101001 "
b1011 *
b11111 2
b11110 :
#25021
b10011001 "
b10111000 *
b10100101 2
b10101010 :
b11111111110 B
#25022
b11000 "
b100011 *
b11111 2
b11101 :
b11111111101 B
#25023
b101001 "
b11110101 *
b11101 2
b11100010 :
b11111111100 B
#25024
b11110101 "
b1111101 *
b1011001 2
b1011000 :
b11111111011 B
#25025
b1001001 "
b11000101 *
b11100011 2
b10100111 :
b11111111110 B
#25026
b1011001 "
b11100010 *
b11111111111 B
#25027
b10001110 "
b110101 *
b1010111 2
b1011011 :
b1 B
#25028
b100010 "
b10101001 *
b10100111 2
b11110 :
#25029
b11010111 "
b11110101 *
b11111 2
b10 B
#25030
b1100111 "
b1001000 *
b10100110 2
b10101001 :
b11111111111 B
#25031
b1011101 "
b11110010 *
b10100111 2
b100000 :
b11111111101 B
#25032
b101001 "
b11110101 *
b11100011 2
b11110 :
#25033
b100010 "
b1010111 *
b10100111 2
b11100011 :
#25034
b10010 "
b11011010 *
b11110 2
b11110 :
b11111111110 B
#25035
b11110 "
b11110 *
b11100010 2
b11111111111 B
#25036
b10110111 "
b11000101 *
b11110 2
b10101000 :
b0 B
#25037
b11001111 "
b10110000 *
b11101 2
b10100110 :
#25038
b1000110 "
b111110 *
b11110 2
b1011000 :
b1 B
#25039
b10101110 "
b101101 *
b10101000 2
b11111 :
b11111111111 B
#25040
b10011001 "
b1001000 *
b10101001 2
b1011011 :
#25041
b11000010 "
b10111010 *
b10100110 2
b11100100 :
b11111111110 B
#25042
b101010 "
b100 *
b11110 2
b11100010 :
#25043
b111011 "
b1001001 *
b1011000 2
b11100000 :
#25044
b11110 "
b11110 *
b11110 2
b11100010 :
b0 B
#25045
b1011110 "
b10 *
b11100001 2
b10100111 :
b11111111100 B
#25046
b10110000 "
b110001 *
b1011001 2
b11110 :
b0 B
#25047
b11010111 "
b11110101 *
b11111 2
b11111111110 B
#25048
b11011101 "
b11101000 *
b11110 2
b1 B
#25049
b11000 "
b100011 *
b11100010 2
b11100010 :
b11111111101 B
#25050
b1000110 "
b11000010 *
b1011001 :
b0 B
#25051
b10000011 "
b11110101 *
b1011000 2
b10100111 :
#25052
b11111110 "
b10100010 *
b1011001 2
b11110 :
b1 B
#25053
b11110 "
b11110 *
b11100010 2
b0 B
#25054
b10110111 "
b11000101 *
b11101 2
b10100111 :
b1 B
#25055
b11110101 "
b10000011 *
b1010111 2
b10100101 :
b0 B
#25056
b11011111 "
b1111010 *
b10101001 2
b1011100 :
b11111111111 B
#25057
b101101 "
b1010010 *
b100001 2
b1010111 :
b11111111110 B
#25058
b1110 "
b1011101 *
b1011000 :
b11111111101 B
#25059
b10000110 "
b100001 *
b10101001 2
b1011100 :
b11111111011 B
#25060
b11011110 "
b10101001 *
b10100111 2
b11100011 :
#25061
b1011110 "
b11111110 *
b11110 2
b10100111 :
b11111111101 B
#25062
b10100111 "
b10100111 *
b10100110 2
b1011000 :
b11111111111 B
#25063
b10010 "
b100110 *
b11110 2
b11100010 :
b1 B
#25064
b100 "
b101010 *
b11101 2
b10 B
#25065
b10000110 "
b11011111 *
b1011011 2
b1011000 :
b0 B
#25066
b100011 "
b11000 *
b11100010 2
b11100011 :
b11111111110 B
#25067
b1100111 "
b10111000 *
b10101001 2
b1011010 :
b11111111101 B
#25068
b1000110 "
b11000010 *
b11100011 2
b1011001 :
#25069
b1011 "
b10000011 *
b1011001 2
b1011000 :
b11111111110 B
#25070
b1001001 "
b11000101 *
b11110 2
b11111111111 B
#25071
b11100010 "
b11110 *
b11100010 2
b11100010 :
#25072
b10110111 "
b11000101 *
b11110 2
b10101000 :
#25073
b11111100 "
b11010110 *
b11101 2
b11100010 :
b0 B
#25074
b11110101 "
b101001 *
b11100010 2
b11111 :
b1 B
#25075
b1011101 "
b1110 *
b1011010 2
b11101 :
b11111111110 B
#25076
b11011101 "
b11000 *
b11100011 2
b11111 :
#25077
b10100100 "
b11101101 *
b10100111 2
b11111111111 B
#25078
b11111100 "
b101010 *
b11101 2
b11110 :
b11111111100 B
#25079
b10110111 "
b111011 *
b11110 2
b1011000 :
b11111111110 B
#25080
b10100111 "
b11110 *
b11101 2
b1011001 :
b10 B
#25081
b1011110 "
b10 *
b11100010 2
b10100111 :
b11111111111 B
#25082
b1010111 "
b100010 *
b1 B
#25083
b10100100 "
b10011 *
b1011010 2
b11100 :
b11111111111 B
#25084
b1110 "
b10100011 *
b11100011 2
b1011010 :
#25085
b11011101 "
b11000 *
b11101 2
b11100001 :
b11111111110 B
#25086
b1000110 "
b11000010 *
b11100100 2
b1011001 :
b11111111111 B
#25087
b1010111 "
b11011110 *
b11100011 2
b11111111100 B
#25088
b100110 "
b10010 *
b11100010 2
b11110 :
b11111111110 B
#25089
b11100010 "
b1011001 *
b10100111 2
b11100010 :
b11111111111 B
#25090
b10100010 "
b11111110 *
b11100010 2
b10100111 :
b0 B
#25091
b11110101 "
b10000011 *
b1011001 2
b1 B
#25092
b11000010 "
b1000110 *
b10101000 2
b11111 :
b11111111111 B
#25093
b10111000 "
b1100111 *
b10101001 2
b1011010 :
b0 B
#25094
b11000 "
b100011 *
b11111 2
b11101 :
b11111111110 B
#25095
b100001 "
b1111010 *
b1011011 2
b1011000 :
#25096
b11110101 "
b1111101 *
b1011010 2
b11111111011 B
#25097
b110101 "
b10001110 *
b10100111 2
b10100111 :
b11111111101 B
#25098
b11100010 "
b10100111 *
b11101 :
b11111111110 B
#25099
b10010 "
b100110 *
b11110 2
b11100011 :
b0 B
#25100
b100 "
b101010 *
b11101 2
b11100010 :
b1 B
#25101
b111110 "
b10111010 *
b10100111 2
b11110 :
b11 B
#25102
b10100011 "
b11110010 *
b1011010 2
b11101 :
b11111111110 B
#25103
b11010011 "
b1010010 *
b11101 2
b10100111 :
b11111111111 B
#25104
b11101101 "
b1011100 *
b11100001 2
#25105
b11010110 "
b11111100 *
b11110 2
b11100011 :
#25106
b10100010 "
b10 *
b11100 2
b10100110 :
b11111111110 B
#25107
b11110 "
b10100111 *
b1011001 2
b11101 :
b11 B
#25108
b1110010 "
b11001011 *
b1011100 2
b1010110 :
b11111111110 B
#25109
b11110101 "
b10000011 *
b1010111 2
b10100101 :
b11111111111 B
#25110
b101001 *
b11100010 2
b11111 :
b11111111011 B
#25111
b10111000 "
b1100111 *
b10101001 2
b1011010 :
b11111111110 B
#25112
b11101000 "
b11011101 *
b11100001 2
b11100010 :
#25113
b11011111 "
b10000110 *
b10100110 2
b10101000 :
#25114
b100010 "
b1010111 *
b1011001 2
b11110 :
b11111111101 B
#25115
b10010 "
b11011010 *
b11100010 2
b11100010 :
b11111111110 B
#25116
b1011001 "
b11100010 *
b11100011 2
b10100111 :
b1 B
#25117
b111011 "
b10110111 *
b10101000 2
b11100010 :
b0 B
#25118
b1010000 "
b11001111 *
b10100110 2
b11100011 :
b1 B
#25119
b11110101 "
b101001 *
b11110 2
b11100001 :
#25120
b11101000 "
b100011 *
b11101 2
b11111111111 B
#25121
b1011101 "
b11110010 *
b10101000 2
b100001 :
b11111111110 B
#25122
b11010111 "
b1011 *
b11101 2
b11100010 :
b11111111100 B
#25123
b1111101 "
b10101000 2
b1011010 :
b11111111011 B
#25124
b11101110 "
b100110 *
b11100010 2
b11100010 :
b11111111110 B
#25125
b1011001 "
b10100111 *
b1011000 2
b1011010 :
b11111111111 B
#25126
b11001011 "
b10001110 *
b1011010 2
b10101000 :
b0 B
#25127
b10110000 "
b110001 *
b10100111 2
b11100010 :
b1 B
#25128
b11101101 "
b10100100 *
b11101 2
b10100111 :
b10 B
#25129
b11011101 "
b11101000 *
b11100010 2
b11100011 :
b1 B
#25130
b10100011 "
b1110 *
b10101000 2
b100001 :
b11111111111 B
#25131
b1011100 "
b10011 *
b1011000 2
b11100000 :
b11111111101 B
#25132
b11001111 "
b1010000 *
b100000 2
b1011000 :
b11111111011 B
#25133
b1110010 "
b110101 *
b1010111 2
b10100101 :
b11111111100 B
#25134
b1011001 "
b11100010 *
b11100010 2
b10100111 :
#25135
b100110 "
b11101110 *
b11100011 2
b11100010 :
b11111111110 B
#25136
b11001111 "
b10110000 *
b11100001 2
b1011000 :
b11111111111 B
#25137
b11101101 "
b10100100 *
b1011001 :
b10 B
#25138
b1001000 "
b10011001 *
b10100110 2
b1011000 :
#25139
b10111000 "
b1011010 2
#25140
b10011 "
b10100100 *
b11111 2
b1011001 :
#25141
b101010 "
b100 *
b11100011 2
b11111 :
b11111111110 B
#25142
b10110111 "
b111011 *
b11011111 2
b10101000 :
#25143
b1011001 "
b10100111 *
b1011010 2
b1011000 :
b11111111100 B
#25144
b11101110 "
b11011010 *
b11110 2
b11100010 :
b11111111011 B
#25145
b1111101 "
b11110101 *
b1011000 2
b1011010 :
b11111111110 B
#25146
b1011 "
b11010111 *
b11110 2
b11100011 :
b0 B
#25147
b1110 "
b10100011 *
b11111 2
b10100111 :
b1 B
#25148
b11110010 "
b11100010 2
b10100110 :
b11 B
#25149
b11011111 "
b10000110 *
b10100101 2
b10101000 :
b10 B
#25150
b11011110 "
b10101001 *
b10100111 2
b11100101 :
b0 B
#25151
b1001001 "
b11000101 *
b11011111 2
b10101001 :
b11111111101 B
#25152
b11110 "
b10100111 *
b10100110 2
b11100100 :
#25153
b10110111 "
b11000101 *
b11100011 2
b1011001 :
b11111111011 B
#25154
b11011110 "
b1010111 *
b1011001 2
b11100010 :
b11111111110 B
#25155
b11011111 "
b1111010 *
b1011010 2
b10100110 :
b11111111111 B
#25156
b10111000 "
b1100111 *
b1011001 2
b10100111 :
#25157
b11101000 "
b11011101 *
b11110 2
b11110 :
b0 B
#25158
b11011111 "
b10000110 *
b1011010 2
b1011000 :
#25159
b1111101 "
b1011 *
b10101000 2
b1011010 :
#25160
b11101110 "
b100110 *
b11100010 2
b11100011 :
b11111111110 B
#25161
b1011001 "
b11110 *
b11100011 2
b1011001 :
b11111111111 B
#25162
b11001011 "
b10001110 *
b1011000 2
b10100110 :
b11111111101 B
#25163
b11010110 "
b100 *
b11100010 2
b11100011 :
b11111111111 B
#25164
b1000110 "
b111110 *
b11110 2
b1011000 :
#25165
b11010011 "
b10101110 *
b11100001 2
b10101000 :
b11111111101 B
#25166
b100011 "
b11101000 *
b11110 2
b11100010 :
b11111111111 B
#25167
b11101101 "
b1011100 *
b11111 2
b1011001 :
b11111111110 B
#25168
b100 "
b11010110 *
b11100011 2
b11100010 :
b0 B
#25169
b110101 "
b10001110 *
b10100111 2
b10101000 :
b11111111110 B
#25170
b11100010 "
b11100010 *
b11100010 2
b11110 :
b10 B
#25171
b111011 "
b10110111 *
b10100111 2
b11100011 :
b11111111111 B
#25172
b11110101 "
b10000011 *
b10101000 2
b1011001 :
b0 B
#25173
b10100100 "
b10011 *
b1011010 2
b11100 :
b11111111111 B
#25174
b10011001 "
b10111000 *
b1010111 :
b0 B
#25175
b1001000 "
b1100111 *
b10100101 2
b10101001 :
b11111111110 B
#25176
b10111010 "
b111110 *
b11100 2
b10100111 :
b11111111101 B
#25177
b1111101 "
b1011 *
b10101000 2
b1011010 :
#25178
b1011110 "
b11111110 *
b11100010 2
b1011001 :
b11111111110 B
#25179
b11100010 "
b1011001 *
b10100111 2
b11100010 :
b11111111111 B
#25180
b10010 "
b100110 *
b11100010 2
b11110 :
b1 B
#25181
b100010 "
b10101001 *
b1011000 2
b11100001 :
#25182
b1000110 "
b111110 *
b11111 2
b1011000 :
b0 B
#25183
b11010011 "
b10101110 *
b11011111 2
b10101000 :
b11111111110 B
#25184
b101101 "
b11100 2
b10100110 :
#25185
b11110101 "
b11010111 *
b11100010 2
b11100011 :
b11111111011 B
#25186
b1111101 "
b1011 *
b1011000 2
b10100111 :
b11111111110 B
#25187
b111011 "
b1001001 *
b11100010 :
b11111111101 B
#25188
b10100111 "
b11100010 *
b11100001 2
b1011001 :
b0 B
#25189
b11111110 "
b1011110 *
b1011010 2
b11100010 :
b11111111111 B
#25190
b100 "
b101010 *
b11101 2
b10 B
#25191
b100001 "
b10000110 *
b10100111 2
b1011010 :
b0 B
#25192
b100011 "
b11000 *
b11100010 2
b11100010 :
b11111111110 B
#25193
b1011101 "
b11110010 *
b10100111 2
b11111 :
b0 B
#25194
b11000010 "
b10111010 *
b1011001 2
b11101 :
#25195
b10000011 "
b11110101 *
b1011000 2
b10100110 :
b11111111110 B
#25196
b11101110 "
b100110 *
b11100010 2
b11100010 :
b11111111111 B
#25197
b1011001 "
b10100111 *
b1011010 2
b1011000 :
#25198
b110101 "
b1110010 *
b10101000 2
b1011010 :
b0 B
#25199
b11111100 "
b11010110 *
b11101 2
b11100001 :
b11111111110 B
#25200
b11110101 "
b101001 *
b11100010 2
b11111 :
b11111111111 B
#25201
b101101 "
b1010010 *
b11111 2
b1011000 :
b11111111100 B
#25202
b1010010 "
b101101 *
b1011001 2
b11110 :
b11111111110 B
#25203
b10100100 "
b11101101 *
b10100111 2
b11101 :
#25204
b10101001 "
b100010 *
b11100001 2
b1011000 :
b1 B
#25205
b100110 "
b10010 *
b11110 2
b11100010 :
#25206
b10100111 "
b11110 *
b11111 2
b1011001 :
b10 B
#25207
b111011 "
b10110111 *
b10100111 2
b11100011 :
b0 B
#25208
b10110000 "
b110001 *
b1011010 2
b11100 :
b11111111110 B
#25209
b10011 "
b1011100 *
b11100 2
b10100111 :
b11111111111 B
#25210
b11010011 "
b10101110 *
b11111 2
b1011000 :
b11111111110 B
#25211
b11011101 "
b11000 *
b11110 2
b11100001 :
#25212
b1000110 "
b11000010 *
b11100011 2
b1011001 :
#25213
b10110000 "
b11001111 *
b1011001 2
b11100010 :
#25214
b11101110 "
b100110 *
b11100010 2
b11111111111 B
#25215
b11110 "
b1011001 *
b10100111 2
b11110 :
#25216
b111011 "
b10110111 *
b1011000 2
b0 B
#25217
b1111101 "
b11110101 *
b1011001 2
b1011001 :
b11111111111 B
#25218
b1111010 "
b100001 *
b1011010 2
b1 B
#25219
b11000 "
b11011101 *
b11101 2
b11100010 :
b0 B
#25220
b10111000 "
b10011001 *
b10100101 2
b10101001 :
b11111111111 B
#25221
b100001 "
b1111010 *
b1011100 2
b1010111 :
b11111111110 B
#25222
b11010110 "
b11111100 *
b11100010 2
b11110 :
b11111111101 B
#25223
b110101 "
b10001110 *
b10100101 2
b10101001 :
b11111111100 B
#25224
b11110 "
b11100010 *
b11100010 2
b11100010 :
b0 B
#25225
b111011 "
b10110111 *
b10101000 2
b11111111101 B
#25226
b110001 "
b1010000 *
b11110 2
b10100111 :
b0 B
#25227
b101001 "
b1011 *
b11100010 2
b11100001 :
b1 B
#25228
b10111000 "
b1100111 *
b1011000 2
b10100111 :
#25229
b100011 "
b11101000 *
b11100011 2
b11111 :
b10 B
#25230
b1111010 "
b11011111 *
b10101001 2
b1011100 :
b0 B
#25231
b10110000 "
b11001111 *
b1011000 2
b11011111 :
b11111111100 B
#25232
b10110111 "
b111011 *
b11011111 2
b10101000 :
b11111111101 B
#25233
b11100010 "
b10100111 *
b1011001 2
b11100001 :
b11111111011 B
#25234
b10001110 "
b110101 *
b10100111 2
b10100111 :
#25235
b110001 "
b1010000 *
b11100001 2
b1011001 :
b11111111110 B
#25236
b11011111 "
b1111010 *
b10100101 2
b1011000 :
b0 B
#25237
b1100111 "
b1001000 *
b1011000 2
b1011010 :
b10 B
#25238
b11101000 "
b11011101 *
b11100010 2
b11100010 :
b11 B
#25239
b1011 "
b101001 *
b11110 2
b11101 :
b1 B
#25240
b10000011 "
b11110101 *
b10101001 2
b1011011 :
b0 B
#25241
b1011110 "
b11111110 *
b11011 2
b10100110 :
b11111111101 B
#25242
b1011001 "
b11100010 *
b11100000 2
b10101000 :
b11111111110 B
#25243
b10100010 "
b11111110 *
b100000 2
b1011000 :
b11111111100 B
#25244
b11001111 "
b10110000 *
b11100011 2
b1011010 :
#25245
b10011 "
b1011100 *
b11111 2
b10100111 :
#25246
b100011 "
b11000 *
b11100011 2
b11100001 :
b11111111111 B
#25247
b11010011 "
b1010010 *
b11111 2
b10101000 :
b10 B
#25248
b1011 "
b101001 *
b11100010 2
b11100001 :
b100 B
#25249
b10101001 "
b100010 *
b11101 2
b10100111 :
b10 B
#25250
b10001110 "
b11001011 *
b1010111 2
b10100101 :
#25251
b11110 "
b11100010 *
b11111 2
b11101 :
b11111111111 B
#25252
b11111110 "
b1011110 *
b10101000 2
b100001 :
b11111111110 B
#25253
b10000011 "
b1011 *
b10100101 2
b10101001 :
b11111111011 B
#25254
b100001 "
b10000110 *
b1011000 2
b10100101 :
#25255
b10011001 "
b10111000 *
b10100111 2
b10100111 :
b11111111101 B
#25256
b101101 "
b10101110 *
b11110 2
b11111111110 B
#25257
b10100100 "
b11101101 *
b10100111 2
b11101 :
b0 B
#25258
b11110101 "
b1111101 *
b1011001 2
b1011001 :
b1 B
#25259
b1110010 "
b110101 *
b1011000 2
b10100111 :
#25260
b10100111 "
b11110 *
b11111 2
b1011001 :
b0 B
#25261
b10110111 "
b11000101 *
b11100011 2
#25262
b10000011 "
b1011 *
b1011010 2
b1010111 :
b11111111110 B
#25263
b10111010 "
b11000010 *
b11111 2
b1011000 :
b11111111111 B
#25264
b10100011 "
b11110010 *
b1011010 2
b11101 :
b11111111101 B
#25265
b1001000 "
b1100111 *
b10100110 2
b10101000 :
b11111111110 B
#25266
b1000110 "
b11000010 *
b11100011 2
b1011001 :
b11111111111 B
#25267
b101010 "
b100 *
b11100010 2
b11101 :
b11111111110 B
#25268
b11000101 "
b10110111 *
b1011000 2
b11100010 :
b11111111111 B
#25269
b10100111 "
b10100111 *
b10100110 :
b11 B
#25270
b10010 "
b100110 *
b11100100 2
b11111 :
b11111111111 B
#25271
b10101001 "
b11011110 *
b11100000 2
b10101000 :
#25272
b11000010 "
b1000110 *
b10101000 2
b100000 :
b11111111010 B
#25273
b11101000 "
b100011 *
b11100010 2
b11110 :
b11111111100 B
#25274
b10100011 "
b1110 *
b10100110 2
#25275
b10000110 "
b100001 *
b10100101 2
b1011000 :
b0 B
#25276
b11001111 "
b1010000 *
b11101 2
b1011010 :
#25277
b10010 "
b11011010 *
b11100010 2
b11100010 :
b11 B
#25278
b11110 "
b10100111 *
b10100111 2
b11100011 :
b1 B
#25279
b11000101 "
b1001001 *
b1011001 2
b11101 :
b0 B
#25280
b100 "
b101010 *
b11101 2
b11100001 :
b11111111111 B
#25281
b11010111 "
b11110101 *
b11111 2
b11110 :
#25282
b1110 "
b10100011 *
b11100100 2
b1011010 :
b11111111100 B
#25283
b11110010 "
b11111 2
b1011001 :
b11111111101 B
#25284
b10111010 "
b111110 *
b11101 2
b10100111 :
b11111111110 B
#25285
b1010000 "
b110001 *
b10100111 2
b11110 :
#25286
b110101 "
b10001110 *
b1011001 2
b1011001 :
b11111111111 B
#25287
b10100111 "
b10100111 *
b10100111 :
#25288
b10001110 "
b110101 *
b10100111 2
b0 B
#25289
b110001 "
b1010000 *
b11100011 2
b1011010 :
#25290
b1011 "
b11010111 *
b11110 2
b11100001 :
#25291
b1011101 "
b1110 *
b1011010 2
b11101 :
b11111111111 B
#25292
b11011101 "
b11000 *
b11100011 2
b11111 :
b11111111110 B
#25293
b11110101 "
b11010111 *
b11100010 2
b11100011 :
b11111111111 B
#25294
b101010 "
b100 *
b11110 2
b11111111100 B
#25295
b11000101 "
b10110111 *
b10101000 2
b11110 :
b11111111101 B
#25296
b1011001 "
b1011001 *
b1011010 2
b10101000 :
b11 B
#25297
b1110010 "
b11001011 *
b10100110 2
b11111111111 B
#25298
b1111101 "
b11110101 *
b10100111 2
b10 B
#25299
b101001 "
b1011 *
b11100001 2
b11100010 :
b11111111110 B
#25300
b1011101 "
b1110 *
b10100110 2
b11100011 :
b11111111111 B
#25301
b1100111 "
b10111000 *
b10101001 2
b1011011 :
b11111111101 B
#25302
b10011 "
b10100100 *
b11111 2
b1011001 :
b11111111111 B
#25303
b11110101 "
b1111101 *
b10100110 2
b10101000 :
b11111111110 B
#25304
b110101 "
b10001110 *
b1011011 2
b1010111 :
#25305
b11100010 "
b10100111 *
b1011001 2
b11100001 :
#25306
b10010 "
b100110 *
b11100010 2
b11110 :
b11111111101 B
#25307
b110001 "
b1010000 *
b1011001 :
b11111111110 B
#25308
b10011 "
b1011100 *
b11100001 2
b0 B
#25309
b11101000 "
b100011 *
b11100010 2
b11110 :
b1 B
#25310
b1110 "
b1011101 *
b11111 2
b1011001 :
b10 B
#25311
b11011111 "
b10000110 *
b10100101 2
b10101000 :
b0 B
#25312
b11011110 "
b10101001 *
b10100110 2
b11100100 :
b11111111110 B
#25313
b10010 "
b11011010 *
b11100010 2
b11100011 :
b11111111101 B
#25314
b11100010 "
b10100111 *
b10100111 2
b11111 :
b11111111110 B
#25315
b111011 "
b10110111 *
b10101000 2
b11100010 :
b11111111101 B
#25316
b100 "
b101010 *
b11101 2
b11111111110 B
#25317
b111110 "
b10111010 *
b10100111 2
b11101 :
b1 B
#25318
b100011 "
b11000 *
b11100010 2
b11100010 :
b11111111110 B
#25319
b10100011 "
b1110 *
b1011010 2
b1 B
#25320
b1000110 "
b11000010 *
b11100011 2
b1011001 :
b0 B
#25321
b11011110 "
b10101001 *
b1011001 2
b11101 :
#25322
b100110 "
b10010 *
b11100011 2
b11110 :
b11111111111 B
#25323
b10100111 "
b11110 *
b11100001 2
b10100111 :
#25324
b11001011 "
b10001110 *
b1011000 2
b10100101 :
b11111111110 B
#25325
b11011110 "
b1010111 *
b10101000 2
b11111 :
#25326
b1011 "
b11010111 *
b11110 2
b11100001 :
#25327
b100011 "
b11000 *
b11110 :
#25328
b10011001 "
b1001000 *
b10100111 2
b1011001 :
#25329
b10011 "
b10100100 *
b11100011 2
b10100111 :
b0 B
#25330
b10000011 "
b11110101 *
b10100111 2
b1011001 :
#25331
b111011 "
b1001001 *
b1011000 2
b11100010 :
b1 B
#25332
b11100010 "
b11110 *
b11110 2
b11110 :
b0 B
#25333
b111011 "
b10110111 *
b10100111 2
b11100011 :
b11111111111 B
#25334
b11111100 "
b11010110 *
b11100011 2
b11110 :
b0 B
#25335
b11010111 "
b11110101 *
b11111 2
b11111111111 B
#25336
b10111000 "
b1100111 *
b1010111 2
b10100110 :
b11111111110 B
#25337
b11101000 "
b11011101 *
b11111 2
b11101 :
b11111111101 B
#25338
b11000010 "
b10111010 *
b1011001 2
b11111111110 B
#25339
b11110101 "
b1111101 *
b10100111 2
b10101000 :
b11111111011 B
#25340
b1001001 "
b11000101 *
b11101 2
b1011001 :
b11111111111 B
#25341
b11110 "
b1011001 *
b10100111 2
b11101 :
#25342
b10110111 "
b11000101 *
b11111 2
b10100111 :
b1 B
#25343
b10000011 "
b1011 *
b10100111 2
#25344
b10011 "
b1011100 *
b11100100 2
b1011010 :
b10 B
#25345
b10011001 "
b10111000 *
b10100101 2
b10101010 :
b0 B
#25346
b11011101 "
b11000 *
b11100011 2
b11110 :
b11111111110 B
#25347
b1011100 "
b10011 *
b1011000 2
b11100000 :
b11111111100 B
#25348
b100010 "
b1010111 *
b1011001 2
b11101 :
b11111111110 B
#25349
b1110010 "
b110101 *
b1011000 2
b10100111 :
b11111111100 B
#25350
b11110 "
b1011001 *
b1011001 2
b11100011 :
b11111111111 B
#25351
b11111110 "
b1011110 *
b1011010 2
b11100010 :
b0 B
#25352
b1010111 "
b100010 *
b11100010 2
b10100111 :
b1 B
#25353
b1000110 "
b111110 *
b10101000 :
b0 B
#25354
b11010011 "
b10101110 *
b11111 2
b1011000 :
b11111111111 B
#25355
b11110010 "
b10100011 *
b1011001 :
#25356
b1011100 "
b10011 *
b10100111 2
b11111 :
b11111111110 B
#25357
b1011 "
b10000011 *
b1011010 2
b1011000 :
#25358
b10001110 "
b11001011 *
b1011000 2
b10100111 :
#25359
b11100010 "
b11100010 *
b11110 2
b11100010 :
#25360
b11000101 "
b1001001 *
b10100111 2
b11100001 :
b0 B
#25361
b1111101 "
b11110101 *
b1011000 2
b1011001 :
#25362
b10011 "
b1011100 *
b11100010 2
b10 B
#25363
b11110010 "
b1011101 *
b11100011 2
b1011010 :
b0 B
#25364
b11000 "
b100011 *
b11111 2
b11101 :
b1 B
#25365
b11000010 "
b10111010 *
b10100110 2
b11100100 :
b11111111111 B
#25366
b100 "
b11010110 *
b11100010 2
b11100011 :
b11111111011 B
#25367
b11011010 "
b11101110 *
b11100011 2
b11110 :
b11111111110 B
#25368
b11110 "
b11110 *
b11110 2
b11100010 :
b11111111101 B
#25369
b11101110 "
b11011010 *
b11100010 2
b11110 :
b11111111110 B
#25370
b10101001 "
b11011110 *
b11110 2
b1011001 :
b0 B
#25371
b1011 "
b11010111 *
b11100010 2
b11110 :
#25372
b101101 "
b1010010 *
b10100111 :
b11111111111 B
#25373
b1011101 "
b11110010 *
b10100111 2
b11111 :
b0 B
#25374
b11010111 "
b1011 *
b11101 2
b11100010 :
b11111111111 B
#25375
b11011110 "
b10101001 *
b1011001 2
b11101 :
b11111111110 B
#25376
b110101 "
b10001110 *
b1011000 :
#25377
b10100111 "
b11110 *
b11100010 2
b10100111 :
b11111111111 B
#25378
b1110010 "
b11001011 *
b1011001 2
b1011001 :
#25379
b11010110 "
b100 *
b11100010 2
b11100011 :
#25380
b11101101 "
b10100100 *
b11101 2
b10100111 :
b0 B
#25381
b11101000 "
b100011 *
b11100010 2
b11110 :
b11111111101 B
#25382
b1100111 "
b10111000 *
b1011000 2
b10100110 :
b11111111111 B
#25383
b11010111 "
b1011 *
b11100011 2
b11110 :
b0 B
#25384
b1010000 "
b110001 *
b1011001 2
b11100001 :
b11111111111 B
#25385
b11101110 "
b100110 *
b11110 2
b11101 :
b11111111110 B
#25386
b11110 "
b1011001 *
b1011001 2
b11100001 :
#25387
b111011 "
b10110111 *
b10101000 2
b11100010 :
b11111111101 B
#25388
b100 "
b101010 *
b11101 2
b11111111110 B
#25389
b100001 "
b10000110 *
b10100110 2
b1011000 :
b1 B
#25390
b11110010 "
b1011101 *
b11110 2
b10100110 :
b11111111110 B
#25391
b11101000 "
b11011101 *
b11110 :
b10 B
#25392
b11110101 "
b11010111 *
b11101 :
b0 B
#25393
b1111101 "
b1011 *
b10101000 2
b1011010 :
#25394
b10001110 "
b11001011 *
b1010111 2
b10100101 :
b11111111101 B
#25395
b11100010 "
b1011001 *
b10100111 2
b11100011 :
b11111111111 B
#25396
b10001110 "
b110101 *
b10100110 2
b10101000 :
b11111111110 B
#25397
b10101001 "
b11011110 *
b11100010 2
b10100111 :
b11111111111 B
#25398
b11101101 "
b10100100 *
b11101 2
b11111111110 B
#25399
b1100111 "
b1001000 *
b1011001 2
b1011001 :
b11111111111 B
#25400
b10101110 "
b11010011 *
b10100111 2
b11100011 :
#25401
b10100100 "
b11101101 *
b11111 :
b0 B
#25402
b11010110 "
b11111100 *
b11100010 2
b11101 :
b11111111111 B
#25403
b10001110 "
b11001011 *
b10101001 2
b1011011 :
b11111111110 B
#25404
b11100010 "
b10100111 *
b10100111 2
b11111 :
b11 B
#25405
b10 "
b10100010 *
b10101000 2
b100001 :
b11111111110 B
#25406
b100010 "
b10101001 *
b10101001 2
b11111 :
#25407
b11110101 "
b101001 *
b11110 2
b11100001 :
b11111111011 B
#25408
b10111000 "
b1100111 *
b1011001 2
b10100111 :
b11111111101 B
#25409
b1100111 "
b10111000 *
b10100111 2
b1011001 :
b11111111110 B
#25410
b10000110 "
b100001 *
b1011010 2
b10100111 :
b0 B
#25411
b10110000 "
b11001111 *
b11100011 :
#25412
b1001001 "
b11000101 *
b11110 2
b1011000 :
b1 B
#25413
b10100111 "
b11110 *
b11100001 2
b10100111 :
#25414
b110101 "
b1110010 *
b10101000 2
b1011011 :
b11111111111 B
#25415
b11010110 "
b100 *
b11100001 2
b11100011 :
b11111111110 B
#25416
b10011 "
b1011100 *
b11100100 2
b1011010 :
#25417
b11110010 "
b1011101 *
b11100011 2
b11111111011 B
#25418
b1011101 "
b11110010 *
b1011010 2
b11100010 :
b11111111110 B
#25419
b10000110 "
b100001 *
b10100110 2
b1011001 :
b11111111111 B
#25420
b1010000 "
b110001 *
b1011010 2
b11100011 :
b0 B
#25421
b10100010 "
b10 *
b11100010 2
b1011001 :
b1 B
#25422
b11110 "
b11100010 *
b11100010 :
#25423
b10100010 "
b11111110 *
b100000 2
b1011000 :
#25424
b11111100 "
b11010110 *
b11100100 2
b11111 :
b0 B
#25425
b11101101 "
b10100100 *
b11100101 2
b1011010 :
b11111111100 B
#25426
b11000 "
b11011101 *
b11100011 2
b11110 :
b11111111010 B
#25427
b10111000 "
b10011001 *
b1011001 2
b1011001 :
b11111111100 B
#25428
b1011 "
b101001 *
b11100010 2
b11100001 :
b11111111110 B
#25429
b11011110 "
b10101001 *
b1010111 2
b11111 :
b0 B
#25430
b10110111 "
b111011 *
b11100011 2
b10100111 :
b10 B
#25431
b1011001 "
b11100010 *
b11101 2
b1011001 :
b11 B
#25432
b11001011 "
b10001110 *
b1011000 2
b10100110 :
b1 B
#25433
b10000011 "
b1011 *
b10100110 2
b10101001 :
#25434
b11000010 "
b1000110 *
b10101000 2
b100000 :
b11111111111 B
#25435
b100011 "
b11000 *
b100000 2
b11101 :
b11111111101 B
#25436
b10111000 "
b10011001 *
b10100101 2
b10101010 :
b11111111100 B
#25437
b10100100 "
b11101101 *
b10100111 2
b11111 :
b11111111001 B
#25438
b101010 "
b100 *
b11110 2
b11100011 :
b11111111100 B
#25439
b10001110 "
b11001011 *
b10100110 2
b1010111 :
b11111111110 B
#25440
b10100111 "
b11100010 *
b11100000 2
b1011000 :
b11 B
#25441
b11111110 "
b1011110 *
b1011010 2
b11100010 :
#25442
b110001 "
b1010000 *
b11101 2
b10100111 :
b100 B
#25443
b1000110 "
b111110 *
b11100000 2
b10101000 :
b0 B
#25444
b10101110 "
b101101 *
b1010111 2
b11011111 :
b11111111111 B
#25445
b1011101 "
b11110010 *
b10101000 2
b100010 :
b11111111100 B
#25446
b101001 "
b11110101 *
b11100011 2
b11110 :
b11111111011 B
#25447
b11010110 "
b11111100 *
b11110 2
b11100011 :
b11111111010 B
#25448
b10001110 "
b11001011 *
b1011010 2
b10101000 :
b11111111110 B
#25449
b1011001 "
b11110 *
b11100001 2
b1011001 :
b11 B
#25450
b11000101 "
b1001001 *
b10101000 2
b11100010 :
b10 B
#25451
b11001111 "
b10110000 *
b11101 2
b10100111 :
#25452
b10011 "
b1011100 *
b11100100 2
b1011010 :
b1 B
#25453
b11101000 "
b100011 *
b11100011 2
b100000 :
b11111111111 B
#25454
b10011001 "
b1001000 *
b10101010 2
b1011100 :
b11111111110 B
#25455
b10111010 "
b111110 *
b11100100 2
b1011010 :
b11111111010 B
#25456
b11111100 "
b101010 *
b11101 2
b11110 :
b11111111100 B
#25457
b10010 "
b11011010 *
b11100010 2
b11100010 :
b11111111110 B
#25458
b1011001 "
b11100010 *
b11100011 2
b10100111 :
b10 B
#25459
b1110010 "
b11001011 *
b10100111 2
b0 B
#25460
b1011 "
b1111101 *
b1011001 2
b1 B
#25461
b111110 "
b10111010 *
b10101000 2
b11111 :
b0 B
#25462
b10111000 "
b1100111 *
b1010111 2
b10100110 :
#25463
b11011101 "
b11000 *
b11101 2
b11100001 :
b11111111110 B
#25464
b1000110 "
b11000010 *
b11100100 2
b1011001 :
#25465
b10000011 "
b11110101 *
b1011000 2
b10100110 :
b11111111100 B
#25466
b10001110 "
b11001011 *
b1011001 2
b10100111 :
b11111111110 B
#25467
b11110 "
b10100111 *
b11111 :
b11111111111 B
#25468
b111011 "
b10110111 *
b0 B
#25469
b1111101 "
b11110101 *
b1011000 2
b1011001 :
b10 B
#25470
b11010111 "
b11100001 2
b11100010 :
#25471
b11011101 "
b11101000 *
b11100010 2
b11100011 :
b0 B
#25472
b10101110 "
b11010011 *
b10100110 2
b11100100 :
b11111111101 B
#25473
b10011 "
b10100100 *
b11100001 2
b10100111 :
#25474
b1011 "
b10000011 *
b10100110 2
b10101000 :
b11111111110 B
#25475
b1110010 "
b110101 *
b1011000 2
b10100111 :
#25476
b11100010 "
b1011001 *
b1011001 2
b11110 :
#25477
b11101110 "
b11011010 *
b11100010 2
b0 B
#25478
b11110101 "
b10000011 *
b10100111 2
b1011000 :
b1 B
#25479
b10000110 "
b11011111 *
b1011010 2
b1011001 :
b0 B
#25480
b11110010 "
b1011101 *
b11101 2
b10100110 :
b1 B
#25481
b1110 "
b11100000 2
b10100111 :
b11111111111 B
#25482
b1111010 "
b11011111 *
b10101001 2
b1011011 :
#25483
b1010000 "
b110001 *
b10101000 2
b11111 :
b11111111101 B
#25484
b1110010 "
b110101 *
b10101001 2
b1011011 :
b11111111110 B
#25485
b11100010 "
b11100010 *
b11110 2
b11100010 :
#25486
b11101110 "
b11011010 *
#25487
b11010110 "
b100 *
b11100010 2
b11100011 :
b0 B
#25488
b100001 "
b10000110 *
b1011001 2
b10100110 :
#25489
b11011101 "
b11101000 *
b11100010 2
b11100010 :
b11111111101 B
#25490
b1011101 "
b11110010 *
b1011001 2
b11100001 :
b0 B
#25491
b11010111 "
b1011 *
b11100011 2
b11110 :
#25492
b10101001 "
b100010 *
b1011001 :
b11111111110 B
#25493
b10100010 "
b10 *
b11100010 2
#25494
b11110 "
b11100010 *
b11100010 :
b11111111111 B
#25495
b11111110 "
b1011110 *
b1011001 2
b1 B
#25496
b100 "
b101010 *
b11101 2
b0 B
#25497
b11101101 "
b10100100 *
b11100100 2
b1011010 :
b11111111111 B
#25498
b11010011 "
b10101110 *
b11111 2
b1011000 :
b11111111110 B
#25499
b11000 "
b100011 *
b11100001 2
b11100010 :
#25500
b11011111 "
b10000110 *
b1011010 2
b1011000 :
#25501
b11010110 "
b11111100 *
b11110 2
b11100011 :
b11111111101 B
#25502
b100110 "
b10010 *
b11100010 2
b11110 :
b11111111110 B
#25503
b11100010 "
b11100010 *
b11110 2
b11100010 :
b11 B
#25504
b10010 "
b100110 *
b11100010 2
b11110 :
b0 B
#25505
b11110101 "
b10000011 *
b1011000 2
b10100110 :
#25506
b10111010 "
b11000010 *
b11100001 2
b10101000 :
#25507
b100011 "
b11000 *
b11110 2
b11101 :
b11111111111 B
#25508
b1010010 "
b101101 *
b1011010 2
b11100 :
b11111111110 B
#25509
b11101101 "
b1011100 *
b11111 2
b1011001 :
b11111111101 B
#25510
b11001111 "
b1010000 *
b11111111110 B
#25511
b11101110 "
b100110 *
b11110 2
b11110 :
#25512
b10100111 "
b11100010 *
b11100010 2
b1011001 :
#25513
b10100010 "
b11111110 *
b11110 2
b1011010 :
b0 B
#25514
b110001 "
b1010000 *
b10100111 :
b1 B
#25515
b101001 "
b1011 *
b11100001 2
b11100010 :
b0 B
#25516
b100011 "
b11000 *
b11100010 2
b1 B
#25517
b1100111 "
b10111000 *
b10101001 2
b1011011 :
b11111111101 B
#25518
b10100100 "
b11101101 *
b1011001 2
b11100001 :
b0 B
#25519
b11111100 "
b101010 *
b11100011 2
b11100010 :
b11111111110 B
#25520
b11111110 "
b10100010 *
b1011010 2
b11101 :
#25521
b11100010 "
b11110 *
b11100010 2
b11100010 :
b10 B
#25522
b10110111 "
b11000101 *
b11101 2
b10100111 :
b11111111111 B
#25523
b10000011 "
b1011 *
b10100110 2
b10101001 :
b0 B
#25524
b11010111 "
b11110101 *
b11100001 2
b11100010 :
b11111111111 B
#25525
b1001000 "
b10011001 *
b1010110 2
b10100101 :
b11111111101 B
#25526
b1010010 "
b101101 *
b1011010 2
b11100 :
#25527
b11000010 "
b10111010 *
b10100111 2
b11100100 :
#25528
b11001111 "
b1010000 *
b11111 2
b1011001 :
b11111111110 B
#25529
b1011110 "
b11111110 *
b11110 2
b10100111 :
#25530
b11100010 "
b10100111 *
b10100111 2
b11110 :
#25531
b110101 "
b1110010 *
b1011010 2
b10101000 :
b1 B
#25532
b10101001 "
b11011110 *
b11110 2
b1011001 :
b11111111111 B
#25533
b1111010 "
b100001 *
b10100110 2
b10100111 :
b10 B
#25534
b1100111 "
b1001000 *
b10101001 :
b11111111111 B
#25535
b11101000 "
b11011101 *
b11111 2
b11101 :
#25536
b1011 "
b101001 *
b11100010 2
b11100011 :
b11111111101 B
#25537
b100 "
b11010110 *
b11101 2
b11110 :
b11111111011 B
#25538
b10100010 "
b10 *
b11110 2
b10100111 :
b11111111101 B
#25539
b1011001 "
b11100010 *
b1011001 :
b10 B
#25540
b10110111 "
b11000101 *
b11101 2
b10100111 :
b1 B
#25541
b100 "
b101010 *
b11100100 2
b11111 :
b11111111111 B
#25542
b11010111 "
b11110101 *
b11100001 2
b11100010 :
#25543
b10111000 "
b1100111 *
b10101010 2
b1011011 :
b11111111010 B
#25544
b100011 "
b11101000 *
b11110 2
b11100010 :
b11111111101 B
#25545
b10111010 "
b111110 *
b11100010 2
b1011001 :
#25546
b10000011 "
b11110101 *
b10100111 2
b0 B
#25547
b10010 "
b11011010 *
b11100010 2
b11100010 :
b1 B
#25548
b11110 "
b1011001 *
b1011001 2
b11100001 :
b0 B
#25549
b11111110 "
b1011110 *
#25550
b10101001 "
b11011110 *
b11110 2
b1011000 :
b11111111110 B
#25551
b1000110 "
b111110 *
b11100010 2
b10101000 :
#25552
b10011001 "
b10111000 *
b1011001 2
b1011001 :
b11111111111 B
#25553
b10111000 "
b10011001 *
b1011010 2
b1011000 :
#25554
b11110101 "
b11010111 *
b11110 2
b11101 :
b0 B
#25555
b11111100 "
b101010 *
b11100011 2
b11100010 :
b11111111110 B
#25556
b11000101 "
b10110111 *
b1011000 2
b11111111101 B
#25557
b10100111 "
b11110 *
b11100010 2
b10100111 :
b10 B
#25558
b110101 "
b1110010 *
b10101000 2
b1011010 :
b11111111111 B
#25559
b10101001 "
b11011110 *
b11100001 2
b10101000 :
#25560
b101001 "
b1011 *
b11111 2
b11110 :
#25561
b11010011 "
b10101110 *
b11100001 2
b10101000 :
b11111111110 B
#25562
b10111000 "
b10011001 *
b10100110 2
b11111111101 B
#25563
b10111010 "
b111110 *
b11100011 2
b1011001 :
b11111111110 B
#25564
b1111101 "
b1011 *
b1011000 2
b10100111 :
#25565
b1001001 "
b11000101 *
b11100010 2
b10101000 :
b11111111111 B
#25566
b1011001 "
b1011001 *
b1011001 2
b10100111 :
b0 B
#25567
b10001110 "
b110101 *
b1011001 :
b11111111111 B
#25568
b11010110 "
b100 *
b11110 2
b11101 :
b0 B
#25569
b100001 "
b10000110 *
b10100111 2
b1011010 :
#25570
b10101110 "
b101101 *
b1011000 2
b11100001 :
b11111111101 B
#25571
b1001000 "
b1100111 *
b10100110 2
b10101000 :
b0 B
#25572
b10000110 "
b100001 *
b1011000 2
b10100110 :
b11111111110 B
#25573
b100 "
b11010110 *
b11101 2
b11110 :
#25574
b10 "
b1011110 *
b10100111 2
b11100010 :
b11111111111 B
#25575
b11110 "
b10100111 *
b1011001 2
b11110 :
b10 B
#25576
b10100010 "
b11111110 *
b11100001 2
b10100111 :
b1 B
#25577
b10110000 "
b110001 *
b10100111 2
b11100100 :
#25578
b10111010 "
b11000010 *
b11100000 2
b10101000 :
b11111111110 B
#25579
b11000 "
b11011101 *
b11101 2
b11100001 :
#25580
b1110 "
b1011101 *
b100000 2
b1011001 :
b11111111100 B
#25581
b10100100 "
b11101101 *
b10100111 2
b11111 :
#25582
b1111101 "
b1011 *
b1011001 2
b10100111 :
b11111111101 B
#25583
b111011 "
b1001001 *
b11100011 :
b11111111110 B
#25584
b10100111 "
b1011001 *
b1011000 2
b1011010 :
b0 B
#25585
b10 "
b10100010 *
b10100110 2
b11101 :
b1 B
#25586
b1011 "
b1111101 *
b1011001 2
b10101000 :
#25587
b11011111 "
b1111010 *
b10100110 :
#25588
b1011101 "
b1110 *
b10100110 2
b11100011 :
#25589
b10101110 "
b11010011 *
b1011001 2
b11011 :
b0 B
#25590
b11101101 "
b1011100 *
b11100000 2
b10101000 :
b11111111111 B
#25591
b1010000 "
b110001 *
b10101000 2
b100001 :
b11111111101 B
#25592
b10100010 "
b10 *
b11100 2
b10100110 :
b11111111100 B
#25593
b11110 "
b10100111 *
b1011001 2
b11101 :
b11111111011 B
#25594
b11001011 "
b10001110 *
b10100111 :
b11111111110 B
#25595
b11111100 "
b11010110 *
b11101 2
b11100010 :
b11111111111 B
#25596
b11101101 "
b10100100 *
b11110 2
b10100110 :
b0 B
#25597
b10011001 "
b10111000 *
b10100111 2
b10100111 :
b11111111110 B
#25598
b1110 "
b1011101 *
b11110 2
b1011010 :
b0 B
#25599
b11011111 "
b10000110 *
b10100110 2
b10100110 :
#25600
b11110101 "
b1111101 *
b1011001 2
b1011000 :
#25601
b100110 "
b10010 *
b11110 2
b11100010 :
#25602
b1011001 "
b10100111 *
b10100110 2
b10101000 :
b11111111111 B
#25603
b10100010 "
b11111110 *
b11111 2
b1011001 :
b0 B
#25604
b1111101 "
b11110101 *
b10100111 2
b10101000 :
b11111111110 B
#25605
b11010111 "
b11111 2
b11110 :
#25606
b11000 "
b11011101 *
b11100010 2
b11111111111 B
#25607
b10100011 "
b1110 *
b1011001 2
b11100001 :
b11111111101 B
#25608
b1111010 "
b11011111 *
b10100111 2
b1011010 :
b0 B
#25609
b11111100 "
b101010 *
b11100011 2
b11100010 :
b11111111110 B
#25610
b100110 "
b10010 *
b11100010 2
b11110 :
b0 B
#25611
b10100111 "
b11100010 *
b11110 2
b10100111 :
b10 B
#25612
b1001001 "
b111011 *
b11100011 2
b1011001 :
b0 B
#25613
b1010000 "
b11001111 *
b1011010 2
b11101 :
b1 B
#25614
b1011 "
b11010111 *
b11110 2
b11100001 :
b11111111111 B
#25615
b1010010 "
b11010011 *
b1011000 2
b11011111 :
#25616
b11010011 "
b1010010 *
b11100101 2
b1011001 :
b11111111110 B
#25617
b1011100 "
b10011 *
b1011000 2
b11100000 :
b11111111011 B
#25618
b110001 "
b10110000 *
b11100001 2
b10100111 :
b11111111101 B
#25619
b10 "
b1011110 *
b1011001 2
b11110 :
b11111111100 B
#25620
b11110 "
b10100111 *
b10100111 2
b11100001 :
b11111111110 B
#25621
b11011010 "
b10010 *
b11101 2
b11110 :
b1 B
#25622
b11111100 "
b11010110 *
b11100011 2
b10 B
#25623
b11000010 "
b1000110 *
b1011000 2
b11100010 :
#25624
b10101110 "
b101101 *
b11100001 :
b11111111110 B
#25625
b11101000 "
b11011101 *
b11111 2
b11101 :
b11111111111 B
#25626
b10111010 "
b111110 *
b11100 2
b10100111 :
b11111111110 B
#25627
b101010 "
b100 *
b11100010 2
b11101 :
b11111111011 B
#25628
b1110010 "
b110101 *
b10100111 2
b1011001 :
b11111111110 B
#25629
b11100010 "
b1011001 *
b11100001 :
b11 B
#25630
b1011110 "
b10 *
b11111 2
b1011001 :
b0 B
#25631
b100010 "
b10101001 *
b1011000 2
b11100001 :
b10 B
#25632
b1000110 "
b111110 *
b11111 2
b1011000 :
b11111111110 B
#25633
b10101110 "
b101101 *
b10101000 2
b11111 :
#25634
b11010011 "
b1010010 *
b11100011 2
b1011001 :
#25635
b10100100 "
b11101101 *
b10100111 2
b11111 :
#25636
b100 "
b11010110 *
b11100011 2
b11100010 :
b11111111111 B
#25637
b11001011 "
b1110010 *
b1011001 2
b1011000 :
b11111111110 B
#25638
b1011001 "
b10100111 *
b10100111 2
b10100111 :
b10 B
#25639
b11001011 "
b10001110 *
b10101000 2
b1011010 :
b11111111111 B
#25640
b100010 "
b10101001 *
b11110 :
b0 B
#25641
b1011100 "
b11101101 *
b10100111 2
b11100100 :
b11111111111 B
#25642
b11011101 "
b11101000 *
b11110 2
b11101 :
#25643
b1100111 "
b10111000 *
b10101001 2
b1011011 :
b11111111110 B
#25644
b10000110 "
b100001 *
b1011000 2
b10100101 :
b11111111101 B
#25645
b11111100 "
b101010 *
b11100011 2
b11100010 :
b11111111110 B
#25646
b10100010 "
b10 *
b11110 2
b10100111 :
#25647
b10100111 "
b11100010 *
b10 B
#25648
b111011 "
b10110111 *
b1011001 2
b11101 :
b1 B
#25649
b11001111 "
b10110000 *
b11100 2
b10100111 :
#25650
b11000010 "
b1000110 *
b10101000 2
b100000 :
b11111111111 B
#25651
b1110 "
b10100011 *
b11011 2
b10100110 :
b11111111110 B
#25652
b10111000 "
b10011001 *
b10100101 2
b10101010 :
b11111111100 B
#25653
b1000110 "
b11000010 *
b11100 2
b10100111 :
#25654
b10110000 "
b11001111 *
b10100111 2
b11110 :
#25655
b1011110 "
b11111110 *
b11111 2
b10100111 :
b11111111110 B
#25656
b11110 "
b11100010 *
b11100010 2
b11100010 :
b11111111111 B
#25657
b11011010 "
b10010 *
b11101 2
b11110 :
b10 B
#25658
b10000011 "
b1011 *
b1011000 2
b1011001 :
b0 B
#25659
b11101101 "
b10100100 *
b11100010 2
b10 B
#25660
b10100011 "
b11110010 *
b1011010 2
b11101 :
b0 B
#25661
b1010010 "
b101101 *
b10100111 2
b11100011 :
b1 B
#25662
b11101101 "
b1011100 *
b11100001 2
b10101000 :
b11111111111 B
#25663
b1010111 "
b11011110 *
b11100101 2
b1011001 :
#25664
b11111110 "
b10100010 *
b1011010 2
b11100 :
b11111111110 B
#25665
b11110 "
b11100010 *
b11111 2
b11101 :
b11111111101 B
#25666
b1001001 "
b111011 *
b11100011 2
b1011001 :
b11111111110 B
#25667
b101010 "
b11111100 *
b11111 2
b11101 :
b11111111011 B
#25668
b10100100 "
b10011 *
b10100111 2
b11100010 :
b11111111111 B
#25669
b1010010 "
b11010011 *
b1011001 2
b11111111011 B
#25670
b10101110 "
b10101000 2
b11100001 :
b1 B
#25671
b10011 "
b10100100 *
b11100010 2
b10100110 :
b11111111111 B
#25672
b100 "
b11010110 *
b11100011 2
b11100010 :
b10 B
#25673
b11001011 "
b1110010 *
b1011011 2
b1010111 :
b0 B
#25674
b10100111 "
b1011001 *
b1011010 2
b1011000 :
b10 B
#25675
b11011010 "
b10010 *
b11111 2
b11100 :
b11111111101 B
#25676
b10110000 "
b110001 *
b1011010 2
b11111111110 B
#25677
b100001 "
b10000110 *
b10101000 2
b1011011 :
b11111111001 B
#25678
b1110 "
b10100011 *
b11100001 2
b1011001 :
b11111111110 B
#25679
b11101000 "
b11011101 *
b11110 2
b11110 :
#25680
b10011 "
b10100100 *
b11100 2
b1011010 :
b10 B
#25681
b100 "
b11010110 *
b11101 2
b11110 :
b0 B
#25682
b10100010 "
b10 *
b11110 2
b10100111 :
b10 B
#25683
b11100010 "
b10100111 *
b1011001 2
b11100001 :
#25684
b11001011 "
b10001110 *
b1011000 2
b10100101 :
b1 B
#25685
b1111101 "
b11110101 *
b1011011 2
b1010111 :
b11111111110 B
#25686
b1011 "
b11010111 *
b11110 2
b11100001 :
#25687
b1100111 "
b1001000 *
b1011010 2
b1010111 :
b11111111101 B
#25688
b11000 "
b100011 *
b11111 2
b11101 :
b11111111110 B
#25689
b11010111 "
b1011 *
b11100011 2
b11110 :
b11111111101 B
#25690
b100010 "
b1010111 *
b1011001 2
b11111111011 B
#25691
b10100010 "
b10 *
b11100001 2
b1011001 :
b11111111110 B
#25692
b10100111 "
b10100111 *
b10100110 2
b1011000 :
b1 B
#25693
b11111110 "
b1011110 *
b1011010 2
b11100010 :
b10 B
#25694
b11110101 "
b10000011 *
b10100111 2
b1011001 :
#25695
b11011111 "
b1111010 *
b1011000 2
b10100101 :
b0 B
#25696
b1010010 "
b11010011 *
b10101000 2
b11111 :
#25697
b10101110 "
b1011010 2
b11100 :
b11111111110 B
#25698
b10011 "
b10100100 *
b11111 2
b1011001 :
#25699
b11001111 "
b1010000 *
b11100001 2
b10100111 :
#25700
b11111110 "
b10100010 *
b1011001 2
b11110 :
#25701
b1011001 "
b11110 *
b11100010 2
b1011001 :
#25702
b11011010 "
b10010 *
b11100010 :
b1 B
#25703
b10110000 "
b110001 *
b10100110 2
b11100011 :
#25704
b1000110 "
b111110 *
b11111 2
b1011000 :
b0 B
#25705
b1110 "
b10100011 *
b11101 2
b10100110 :
b11111111111 B
#25706
b11000 "
b100011 *
b11111 2
b11101 :
b11111111110 B
#25707
b1011100 "
b10011 *
b1011001 2
b11100001 :
b11111111111 B
#25708
b1111101 "
b1011 *
b1011000 2
b10100101 :
b11111111011 B
#25709
b11011010 "
b11101110 *
b11100010 2
b11110 :
b11111111110 B
#25710
b1011001 "
b11110 *
b11110 2
b10100111 :
#25711
b110101 "
b1110010 *
b1011010 2
b10101000 :
b0 B
#25712
b1010111 "
b100010 *
b11100010 2
b10100111 :
b1 B
#25713
b101001 "
b1011 *
b11100001 2
b11100010 :
b10 B
#25714
b101101 "
b1010010 *
b10101000 :
b11111111111 B
#25715
b11000 "
b100011 *
b11100011 :
b11111111101 B
#25716
b11010111 "
b1011 *
b11101 2
b11100010 :
b11111111110 B
#25717
b10000011 "
b11110101 *
b1011000 2
b10100110 :
b11111111011 B
#25718
b100110 "
b10010 *
b11100010 2
b11110 :
b11111111110 B
#25719
b11110 "
b11100010 *
b11110 2
b11111111111 B
#25720
b11000101 "
b1001001 *
b10100111 2
b11100001 :
b0 B
#25721
b11001111 "
b10110000 *
b11110 2
b10100111 :
#25722
b11011111 "
b1111010 *
b10100110 2
b1011001 :
b10 B
#25723
b1100111 "
b1001000 *
b1011001 2
b1011000 :
b1 B
#25724
b1110 "
b1011101 *
b100000 2
b1011001 :
#25725
b11010111 "
b1011 *
b11100011 2
b11110 :
b11111111111 B
#25726
b1111101 "
b1010110 2
b10100100 :
b11111111101 B
#25727
b111011 "
b1001001 *
b1010111 2
b11011111 :
b11111111110 B
#25728
b10100111 "
b10100111 *
b10101001 2
b1011011 :
b11111111100 B
#25729
b100110 "
b11101110 *
b11100010 2
b11100010 :
b11111111011 B
#25730
b110001 "
b1010000 *
b11110 2
b10100111 :
b11111111110 B
#25731
b11101101 "
b10100100 *
b11100001 2
b1011001 :
b0 B
#25732
b11110010 "
b1011101 *
b11111 2
b10100111 :
b1 B
#25733
b1010010 "
b101101 *
b10100111 2
b11100011 :
b10 B
#25734
b10100100 "
b11101101 *
b1011001 2
b11100001 :
#25735
b110001 "
b10110000 *
b100000 2
b1011000 :
b11111111111 B
#25736
b1110010 "
b110101 *
b10101001 2
b1011011 :
b11111111110 B
#25737
b11110 "
b11100010 *
b11111 2
b11101 :
b11111111100 B
#25738
b11111110 "
b1011110 *
b10100111 2
b11111 :
b11111111110 B
#25739
b100010 "
b10101001 *
b1011001 2
b11100010 :
b11111111011 B
#25740
b1011100 "
b11101101 *
b11111 :
b11111111110 B
#25741
b11110010 "
b1011101 *
b11100001 2
b1011001 :
b11111111111 B
#25742
b1001000 "
b1100111 *
b1011000 2
b10 B
#25743
b11011111 "
b10000110 *
b10100110 2
b10100110 :
#25744
b10101001 "
b100010 *
b11100011 2
b1011001 :
b0 B
#25745
b11000101 "
b10110111 *
b10101000 2
b100000 :
#25746
b10100111 "
b11100010 *
b11100011 2
b1011001 :
b11111111111 B
#25747
b11111110 "
b1011110 *
b1011000 2
b11100000 :
b11111111100 B
#25748
b1111101 "
b11110101 *
b10100111 2
b10100111 :
b11111111111 B
#25749
b11000010 "
b1000110 *
b1011000 2
b11100010 :
b11111111100 B
#25750
b100011 "
b11000 *
b11100010 2
b0 B
#25751
b11101000 *
b11110 :
b11111111111 B
#25752
b10000110 "
b100001 *
b1011010 2
b10100110 :
b0 B
#25753
b11110101 "
b1111101 *
b10100111 2
b10101000 :
#25754
b10110111 "
b111011 *
b11100010 2
#25755
b1011001 "
b11110 *
b11100011 2
b1011001 :
b11111111111 B
#25756
b10110111 "
b11000101 *
b11101 2
b10100111 :
#25757
b10110000 "
b110001 *
b10100111 2
b11100011 :
#25758
b11011111 "
b1111010 *
b10101000 2
b1011011 :
#25759
b10011001 "
b10111000 *
b10100110 2
b10101001 :
#25760
b100011 "
b11101000 *
b11101 2
b11100001 :
b11111111110 B
#25761
b101001 "
b11110101 *
b11100010 :
b11111111101 B
#25762
b11011110 "
b10101001 *
b10100111 2
b11100011 :
b11111111100 B
#25763
b10 "
b1011110 *
b1011001 2
b11110 :
b11111111110 B
#25764
b10100111 "
b11100010 *
b11100001 2
b1011001 :
b11111111111 B
#25765
b10110111 "
b11000101 *
b1 B
#25766
b11010110 "
b100 *
b11110 2
b11101 :
b10 B
#25767
b1011 "
b11010111 *
b11100010 2
b11111 :
#25768
b11010011 "
b10101110 *
b100001 2
b1011000 :
b11111111101 B
#25769
b11110010 "
b10100011 *
b100000 2
b1011001 :
b11111111110 B
#25770
b10000110 "
b100001 *
b1011000 2
b10100101 :
b11111111011 B
#25771
b10000011 "
b11110101 *
b10100111 :
b11111111101 B
#25772
b1001001 "
b11000101 *
b11110 2
b1011000 :
b11111111110 B
#25773
b11110 "
b11110 *
b11100010 2
b11110 :
b0 B
#25774
b1110010 "
b11001011 *
b1011000 2
b1011010 :
b11111111111 B
#25775
b10110000 "
b110001 *
b10100111 2
b11100010 :
b0 B
#25776
b10111010 "
b11000010 *
b11100010 2
b10100111 :
b1 B
#25777
b10111000 "
b1100111 *
b10101000 2
b1011001 :
#25778
b11010011 "
b1010010 *
b11100100 2
b1011010 :
b11111111111 B
#25779
b11000010 "
b10111010 *
b10100110 2
b11100100 :
b0 B
#25780
b11001111 "
b1010000 *
b100000 2
b1011000 :
b11111111110 B
#25781
b10 "
b1011110 *
b1011010 2
b11100 :
#25782
b11100010 "
b11100010 *
b11100010 2
b11110 :
b11111111100 B
#25783
b111011 "
b10110111 *
b10101000 2
b11100010 :
b11111111110 B
#25784
b11001111 "
b10110000 *
b11100010 2
b1011001 :
b0 B
#25785
b1011100 "
b11101101 *
b10100111 2
b11100010 :
b1 B
#25786
b11011101 "
b11101000 *
b11110 2
b11110 :
#25787
b10111000 "
b10011001 *
b1011011 2
b1010111 :
#25788
b111110 "
b1000110 *
b10100110 2
b11100100 :
b0 B
#25789
b10000011 "
b11110101 *
b1010110 2
b10100100 :
b11111111101 B
#25790
b11000101 "
b10110111 *
b1011000 2
b11011111 :
b11111111110 B
#25791
b1011001 "
b11110 *
b11100100 2
b1011010 :
b11111111100 B
#25792
b10001110 "
b110101 *
b10100110 2
b10101000 :
b11111111011 B
#25793
b11110101 "
b10000011 *
b1011001 2
b11111111110 B
#25794
b11000010 "
b1000110 *
b10100111 2
b11101 :
#25795
b100011 "
b11000 *
b11110 2
b11111 :
b1 B
#25796
b11101000 "
b11011101 *
b11100010 2
b11100010 :
#25797
b10100100 "
b11101101 *
b10100111 2
b11111 :
b10 B
#25798
b1010111 "
b11011110 *
b11100 2
b10100110 :
b0 B
#25799
b10110111 "
b111011 *
b100001 2
b1011000 :
b11111111110 B
#25800
b1011001 "
b11110 *
b11101 2
b10100111 :
#25801
b1110010 "
b11001011 *
b10100110 2
b10101000 :
b11111111011 B
#25802
b1010000 "
b11001111 *
b10100111 2
b11100010 :
b11111111111 B
#25803
b1000110 "
b111110 *
b11100010 2
b10100111 :
b11111111110 B
#25804
b10100011 "
b11110010 *
b1011001 2
b11111 :
b1 B
#25805
b11000 "
b100011 *
b11100010 2
b11100010 :
b11111111111 B
#25806
b10011 "
b10100100 *
b11111 2
b1011001 :
b10 B
#25807
b1010111 "
b11011110 *
b11100011 2
b0 B
#25808
b1011110 "
b11111110 *
b11100100 2
b1011010 :
b11111111110 B
#25809
b10100111 "
b11110 *
b11100001 2
b10100111 :
b11111111111 B
#25810
b1110010 "
b11001011 *
b1011011 2
b1011000 :
b11111111110 B
#25811
b1010111 "
b100010 *
b11111 2
#25812
b10111010 "
b11000010 *
b11100010 2
b10101000 :
b11111111101 B
#25813
b10101110 "
b101101 *
b10100111 2
b11110 :
b11111111110 B
#25814
b1011101 "
b11110010 *
b1011010 2
b11100010 :
b11111111111 B
#25815
b1111010 "
b11011111 *
b10100110 :
#25816
b110001 "
b10110000 *
b11100010 2
b10100111 :
b0 B
#25817
b10110111 "
b111011 *
b11110 2
b1011000 :
#25818
b11100010 "
b1011001 *
b1011001 2
b11101 :
b11111111111 B
#25819
b10010 "
b100110 *
b11110 2
b11100010 :
#25820
b100010 "
b10101001 *
b10101000 2
b11110 :
#25821
b1000110 "
b111110 *
b11100001 2
b10101000 :
b0 B
#25822
b10111000 "
b1100111 *
b1010111 2
b10100110 :
b11111111111 B
#25823
b10101110 "
b11010011 *
b1011010 2
b11100 :
b11111111110 B
#25824
b101001 "
b11110101 *
b11100011 2
b11110 :
#25825
b1010000 "
b110001 *
b10100111 2
b11111 :
#25826
b11111110 "
b10100010 *
b1011001 2
b11110 :
#25827
b10100111 "
b10100111 *
b10100111 :
#25828
b11111110 "
b1011110 *
b10100110 2
b11110 :
b1 B
#25829
b1111101 "
b11110101 *
b1011001 2
b1011001 :
b0 B
#25830
b11101101 "
b10100100 *
b11101 2
b10100111 :
#25831
b1010010 "
b11010011 *
b1011000 2
b11100001 :
#25832
b11010011 "
b1010010 *
b11100011 2
b1011001 :
b11111111111 B
#25833
b11110101 "
b11010111 *
b11100010 2
b11100011 :
b11111111110 B
#25834
b11111100 "
b101010 *
b11101 2
b11110 :
b11111111111 B
#25835
b11000101 "
b10110111 *
b10101000 2
b100000 :
b11111111101 B
#25836
b1011001 "
b11100010 *
b11100001 2
b10100111 :
b10 B
#25837
b10001110 "
b110101 *
b1011010 2
b1010111 :
b11111111100 B
#25838
b100 "
b101010 *
b11101 2
b11100010 :
b11111111110 B
#25839
b11000010 "
b1000110 *
b1011001 2
b11111111101 B
#25840
b100011 "
b11000 *
b11100010 2
b11111111110 B
#25841
b11000 "
b100011 *
b11111111111 B
#25842
b11000010 "
b10111010 *
b1011000 2
b11110 :
b0 B
#25843
b11111100 "
b101010 *
b11100011 2
b11100010 :
#25844
b11111110 "
b10100010 *
b1011001 2
b11110 :
b1 B
#25845
b1011001 "
b11100010 *
b11111 2
b1011001 :
b10 B
#25846
b10110111 "
b11000101 *
b11101 2
b10100111 :
b1 B
#25847
b1011 "
b1111101 *
b10101001 2
b1011011 :
b11111111110 B
#25848
b1011100 "
b11101101 *
b1011010 2
b11100 :
b11111111111 B
#25849
b1110 "
b10100011 *
b11100 2
b10100110 :
b11111111110 B
#25850
b11000 "
b100011 *
b11111 2
b11101 :
#25851
b100001 "
b1111010 *
b1011011 2
b1011000 :
#25852
b1010000 "
b110001 *
b1011001 2
b11100001 :
b11111111011 B
#25853
b11001011 "
b1110010 *
b1011001 :
b11111111101 B
#25854
b11100010 "
b10100111 *
b10100111 2
b11101 :
b11111111110 B
#25855
b100110 "
b11101110 *
b11100011 2
b11100010 :
b0 B
#25856
b11011110 "
b1010111 *
b1011001 2
b11100011 :
b1 B
#25857
b10111010 "
b11000010 *
b11110 2
b1011001 :
b10 B
#25858
b1010010 "
b11010011 *
b10101000 2
b11111 :
b1 B
#25859
b1001000 "
b1100111 *
b10100101 2
b10101001 :
b11111111111 B
#25860
b101001 "
b11110101 *
b11100011 2
b11110 :
b11111111110 B
#25861
b11110101 "
b1111101 *
b10100110 2
b10101000 :
b11111111101 B
#25862
b1011110 "
b11111110 *
b11100011 2
b1011010 :
b11111111110 B
#25863
b10100111 "
b1011001 *
b10100110 2
b10101000 :
#25864
b11001011 "
b10001110 *
b1011001 2
b10100111 :
b11111111111 B
#25865
b11011110 "
b1010111 *
b10100111 2
b11110 :
b11111111110 B
#25866
b1011100 "
b11101101 *
b1011010 2
b0 B
#25867
b10101110 "
b101101 *
b10100111 2
b11111111111 B
#25868
b10011001 "
b1001000 *
b10101000 2
b1011010 :
b0 B
#25869
b11101101 "
b1011100 *
b11111 2
b1011001 :
b11111111111 B
#25870
b1111101 "
b1011 *
b1011000 2
b10100110 :
#25871
b10100010 "
b10 *
b11100011 2
b1011010 :
b11111111110 B
#25872
b10100111 "
b1011001 *
b1011010 2
b1011000 :
b11111111111 B
#25873
b1110010 "
b11001011 *
b10100110 2
b10101000 :
#25874
b10101001 "
b11011110 *
b11110 2
b1011000 :
b11111111110 B
#25875
b111110 "
b10111010 *
b10101000 2
b11110 :
#25876
b1110 "
b10100011 *
b11100010 2
b1011010 :
b11111111111 B
#25877
b1011101 "
b11110010 *
b10100111 2
b11111 :
#25878
b11110101 "
b11010111 *
b11110 2
b11101 :
b0 B
#25879
b100 "
b11010110 *
b11101 2
b11110 :
b11111111110 B
#25880
b10100010 "
b10 *
b11110 2
b10100111 :
b11111111101 B
#25881
b11100010 "
b11100010 *
b11100010 :
b10 B
#25882
b10010 "
b100110 *
b11100010 2
b11110 :
b1 B
#25883
b11001111 "
b10110000 *
b11100 2
b10100111 :
b0 B
#25884
b1000110 "
b111110 *
b11111 2
b1011000 :
#25885
b10011001 "
b10111000 *
b10100101 2
b10101010 :
b11111111110 B
#25886
b10111000 "
b10011001 *
b10101001 :
#25887
b11000010 "
b10111010 *
b10100111 2
b11100100 :
b11111111100 B
#25888
b11011110 "
b10101001 *
b11100010 :
b11111111101 B
#25889
b10010 "
b11011010 *
b11100010 2
b11111111110 B
#25890
b1011001 "
b1011001 *
b1011010 2
b10101000 :
b1 B
#25891
b11111110 "
b1011110 *
b1011001 2
b11100010 :
b0 B
#25892
b1111101 "
b11110101 *
b10100111 2
b10100111 :
b10 B
#25893
b1011 "
b11010111 *
b11100010 2
b11111 :
b11111111111 B
#25894
b10101110 "
b101101 *
b1011000 2
b11100001 :
b0 B
#25895
b11011101 "
b11000 *
b11101 2
b11111111110 B
#25896
b10100100 "
b11101101 *
b1011001 2
#25897
b1010000 "
b110001 *
b10100111 2
b11111 :
b11111111100 B
#25898
b10001110 "
b11001011 *
b1011001 2
b10100111 :
b11111111110 B
#25899
b11100010 "
b10100111 *
b11100011 :
#25900
b1110010 "
b11001011 *
b1010111 2
b1011011 :
b0 B
#25901
b1011 "
b1111101 *
b10100110 2
b1011000 :
b1 B
#25902
b11011111 "
b1111010 *
b1011001 :
b10 B
#25903
b11110010 "
b1011101 *
b11100011 2
b1011010 :
#25904
b1010010 "
b101101 *
b1011010 2
b11100 :
b1 B
#25905
b10111010 "
b111110 *
b11100100 2
b1011010 :
b11111111111 B
#25906
b11110101 "
b1111101 *
b1011100 2
b1010110 :
b11111111110 B
#25907
b1011110 "
b11111110 *
b11011 2
b10100110 :
#25908
b1011001 "
b1011001 *
b1010111 2
b10100101 :
b11111111011 B
#25909
b11000101 "
b1001001 *
b1011001 2
b11101 :
b11111111100 B
#25910
b100 "
b101010 *
b11101 2
b11100010 :
b11111111110 B
#25911
b11011111 "
b1111010 *
b1011010 2
b10101000 :
b11111111111 B
#25912
b11110010 "
b1011101 *
b11111 2
b10100111 :
b11111111110 B
#25913
b10101110 "
b11010011 *
b1011000 2
b11111 :
b10 B
#25914
b1111010 "
b11011111 *
b10100111 2
b1011010 :
#25915
b100 "
b11010110 *
b11101 2
b11110 :
#25916
b10010 "
b11011010 *
b11110 2
b11101 :
b0 B
#25917
b10100111 "
b1011001 *
b10100101 2
b10101001 :
b10 B
#25918
b11101110 "
b11011010 *
b11100 2
b11100001 :
b11111111101 B
#25919
b11011110 "
b1010111 *
b10101000 2
b100000 :
#25920
b10111010 "
b11000010 *
b11100001 2
b10101000 :
b11111111010 B
#25921
b10011001 "
b10111000 *
b10100111 2
b10100111 :
b11111111100 B
#25922
b11010011 "
b1010010 *
b11100001 2
b1011000 :
b11111111110 B
#25923
b1000110 "
b11000010 *
b11111 2
b10101000 :
b0 B
#25924
b11011110 "
b10101001 *
b10101000 2
b11100001 :
b10 B
#25925
b10 "
b1011110 *
b1011001 2
b11110 :
#25926
b1011001 "
b10100111 *
b10100110 2
b10101000 :
#25927
b11101110 "
b11011010 *
b11100011 2
b11111 :
b1 B
#25928
b10000011 "
b1011 *
b1011011 2
b1010111 :
b11111111110 B
#25929
b101001 "
b11100001 2
b11100010 :
b11111111100 B
#25930
b11110010 "
b1011101 *
b11101 2
b10100110 :
b11111111101 B
#25931
b100011 "
b11101000 *
b11100010 2
b11110 :
#25932
b10011 "
b10100100 *
b11110 2
b1011001 :
b11111111111 B
#25933
b100010 "
b1010111 *
b10100111 2
b11100010 :
b0 B
#25934
b10110111 "
b111011 *
b11100010 2
b10101000 :
b11111111111 B
#25935
b11100010 "
b1011001 *
b10100111 2
b11100011 :
b1 B
#25936
b10100010 "
b11111110 *
b11100000 2
b10100111 :
b11111111111 B
#25937
b11001111 "
b10110000 *
b11100 2
#25938
b10100100 "
b10011 *
b10100111 2
b11100100 :
b11111111101 B
#25939
b10011001 "
b10111000 *
b10100110 2
b10101001 :
b11111111110 B
#25940
b1011101 "
b11110010 *
b1011001 2
b11100001 :
#25941
b11000010 "
b10111010 *
b10100111 2
b11100011 :
b11111111101 B
#25942
b11110101 "
b1111101 *
b1011001 2
b1011000 :
b11111111110 B
#25943
b10100010 "
b10 *
b11100010 2
b1011001 :
b11111111111 B
#25944
b10100111 "
b11100010 *
#25945
b1001001 "
b111011 *
b11110 2
b10101000 :
b1 B
#25946
b11110101 "
b10000011 *
b10101000 2
b1011001 :
#25947
b10011 "
b1011100 *
b11011 2
b10100111 :
#25948
b11011101 "
b11101000 *
b100000 2
b11101 :
b0 B
#25949
b1011101 "
b11110010 *
b10101000 2
b100010 :
b11111111101 B
#25950
b11110101 "
b11010111 *
b11110 2
b11101 :
b11111111001 B
#25951
b1011 "
b10000011 *
b1011010 2
b1011000 :
b11111111010 B
#25952
b1001001 "
b11000101 *
b11101 2
b1011001 :
b11111111101 B
#25953
b11100010 "
b1011001 *
b10100111 2
b11100001 :
b11111111110 B
#25954
b100110 "
b11101110 *
b11101 2
b11110 :
b1 B
#25955
b101010 "
b11111100 *
b11110 2
b11101 :
b10 B
#25956
b100001 "
b10000110 *
b1011010 2
b10100110 :
#25957
b1011101 "
b1110 *
b11101 :
b11111111101 B
#25958
b11101000 "
b11011101 *
b11100010 2
b11100010 :
b0 B
#25959
b10100100 "
b11101101 *
b10100111 2
b11111 :
b11111111111 B
#25960
b1011 "
b10000011 *
b10100110 2
b10101000 :
b0 B
#25961
b10010 "
b11011010 *
b11100010 2
b11100011 :
b11111111110 B
#25962
b1011001 "
b10100111 *
b10100110 2
b10101000 :
#25963
b100110 "
b11101110 *
b11100010 2
b11100010 :
b11111111101 B
#25964
b100 "
b101010 *
b11101 2
b11111111110 B
#25965
b100001 "
b10000110 *
b10100110 2
b1011000 :
b0 B
#25966
b1011101 "
b1110 *
b10100111 2
b11100001 :
b11111111110 B
#25967
b11011101 "
b11000 *
b11110 2
b11100010 :
b10 B
#25968
b1000110 "
b11000010 *
b11100010 2
b1011001 :
#25969
b11110101 "
b1111101 *
b10100110 2
b10101000 :
b0 B
#25970
b111011 "
b1001001 *
b10101000 2
b100000 :
b1 B
#25971
b1011001 "
b11100010 *
b100000 2
b1011000 :
b11111111110 B
#25972
b1001001 "
b111011 *
b11100011 2
b1011001 :
b11111111100 B
#25973
b11110101 "
b10000011 *
b1011001 2
b10100111 :
#25974
b11011111 "
b1111010 *
b10100110 2
b1011000 :
b11111111111 B
#25975
b1110 "
b10100011 *
b11111 2
b10100111 :
b0 B
#25976
b1100111 "
b10111000 *
b1011001 2
b10 B
#25977
b11101101 "
b1011100 *
b11111 2
b1011001 :
#25978
b100 "
b11010110 *
b11100010 2
b11100010 :
b0 B
#25979
b10110111 "
b111011 *
b100001 2
b1011000 :
b11111111110 B
#25980
b11110 "
b11100010 *
b11100010 2
b11100010 :
b0 B
#25981
b1011110 "
b10 *
b11100000 2
b10101000 :
b11111111011 B
#25982
b11011110 "
b1010111 *
b1011001 2
b11100010 :
b0 B
#25983
b11000010 "
b1000110 *
b1011000 2
b11111111100 B
#25984
b1110 "
b10100011 *
b11100001 2
b1011001 :
b11111111111 B
#25985
b1100111 "
b10111000 *
b10100111 2
#25986
b11010111 "
b1011 *
b11111 2
b11100001 :
b10 B
#25987
b11110101 "
b1111101 *
b10100110 2
b10101000 :
b0 B
#25988
b1001001 "
b11000101 *
b100000 2
b1011000 :
#25989
b1011001 "
b11100010 *
b11111 2
b1011001 :
b11111111110 B
#25990
b11101110 "
b11011010 *
b11110 2
b11100010 :
b11111111100 B
#25991
b11001111 "
b10110000 *
b10100111 :
b11111111110 B
#25992
b100001 "
b10000110 *
b1011010 2
b10101000 :
b0 B
#25993
b10101110 "
b101101 *
b10100111 2
b11101 :
b1 B
#25994
b11011101 "
b11000 *
b11100010 2
b11110 :
b10 B
#25995
b111110 "
b1000110 *
b1011001 2
b11100 :
b1 B
#25996
b101010 "
b100 *
b11101 2
b11100010 :
b0 B
#25997
b10100010 "
b10 *
b11100101 2
b1011010 :
b11111111110 B
#25998
b11100010 "
b11110 *
b11111 2
b11101 :
#25999
b10010 "
b100110 *
b11101 2
b11100001 :
b11111111100 B
#26000
b11011110 "
b1010111 *
b1011001 2
b11100010 :
b11111111011 B
#26001
b1011 "
b11010111 *
b11100010 2
b11101 :
b11111111100 B
#26002
b11000 "
b11011101 *
b11100001 2
b11111111111 B
#26003
b101101 "
b10101110 *
b1011000 :
b11 B
#26004
b1000110 "
b11000010 *
b11100010 2
b1011001 :
b101 B
#26005
b10000011 "
b11110101 *
b1010111 2
b10100101 :
b10 B
#26006
b1001001 "
b11000101 *
b100001 2
b1011000 :
b1 B
#26007
b11110 "
b11100010 *
b11111 2
b11101 :
b11111111110 B
#26008
b10001110 "
b110101 *
b10100011 2
b10101011 :
b11111111011 B
#26009
b101010 "
b11111100 *
b11111 2
b11100 :
#26010
b1000110 "
b111110 *
b1011000 :
b11111111010 B
#26011
b10100011 "
b11110010 *
b10100111 2
b11100001 :
b11111111001 B
#26012
b11101000 "
b11011101 *
b11100011 2
b11111111110 B
#26013
b10011 "
b10100100 *
b11100110 2
b10100110 :
b10 B
#26014
b1010000 "
b110001 *
b1011010 2
b11100100 :
b100 B
#26015
b11001011 "
b1110010 *
b1011001 2
b1011001 :
b101 B
#26016
b11110 "
b11110 *
b11101 2
b11100001 :
b10 B
#26017
b10100010 "
b11111110 *
b100001 2
b1011000 :
b0 B
#26018
b1111101 "
b11110101 *
b10100100 2
b10101010 :
b11111111100 B
#26019
b11010111 "
b11111 2
b11110 :
b11111111011 B
#26020
b1011101 "
b1110 *
b10100110 2
b11100011 :
#26021
b11110010 "
b10100011 *
b11110 2
b1011010 :
b11111111101 B
#26022
b111110 "
b1000110 *
b10101000 2
b11100010 :
b11111111111 B
#26023
b10110000 "
b11001111 *
b1011010 2
b11100011 :
b0 B
#26024
b11011010 "
b11101110 *
b11110 2
b11100010 :
b1 B
#26025
b1011001 "
b10100111 *
b1011010 2
b1011000 :
#26026
b11000101 "
b1001001 *
b10100111 2
b11100011 :
b0 B
#26027
b1010000 "
b11001111 *
b1011010 2
b11100 :
b11111111110 B
#26028
b11101101 "
b10100100 *
b11100 2
b10100111 :
b11111111111 B
#26029
b1010010 "
b11010011 *
b1011000 2
b11100001 :
b11111111110 B
#26030
b10101110 "
b10100111 2
b11100011 :
#26031
b11000010 "
b10111010 *
#26032
b1111101 "
b1011 *
b1011000 2
b10100111 :
b11111111111 B
#26033
b110101 "
b10001110 *
b10100111 2
b10101000 :
#26034
b11100010 "
b11110 *
b11110 2
b11110 :
b0 B
#26035
b111011 "
b10110111 *
b10100111 2
b11100011 :
b11111111111 B
#26036
b11001111 "
b10110000 *
b11100011 2
b1011001 :
b0 B
#26037
b11110101 "
b101001 *
b11110 2
b11100001 :
b11111111111 B
#26038
b1011101 "
b1110 *
b10100110 2
b11100011 :
#26039
b1001000 "
b1100111 *
b10100101 2
b10101001 :
b11111111110 B
#26040
b11011111 "
b10000110 *
b1011011 2
b1011000 :
b11111111111 B
#26041
b10110000 "
b11001111 *
b1011001 2
b11100001 :
b11111111101 B
#26042
b11101110 "
b100110 *
b11100010 2
b11100011 :
#26043
b11100010 "
b11100010 *
b11110 2
b11100010 :
b11111111110 B
#26044
b1110010 "
b11001011 *
b1011001 2
b1011001 :
b11111111101 B
#26045
b10000011 "
b1011 *
b10101000 2
b10100111 :
b0 B
#26046
b1011100 "
b11101101 *
b1011010 2
b11110 :
#26047
b11011101 "
b11101000 *
b11100010 2
b11100010 :
#26048
b11000 "
b100011 *
b11110 2
b11110 :
#26049
b111110 "
b1000110 *
b1011001 2
b11101 :
#26050
b10101001 "
b100010 *
b11100011 2
b1011001 :
#26051
b11111110 "
b10100010 *
b10100110 2
b11100011 :
b11111111111 B
#26052
b1011001 "
b1011001 *
b1011000 2
b10100110 :
#26053
b111011 "
b10110111 *
b10100111 2
b11100011 :
#26054
b100 "
b101010 *
b11101 2
b11100001 :
#26055
b1011 "
b11010111 *
b11100010 2
b11111 :
#26056
b11110010 "
b1011101 *
b11100 2
b10100110 :
b11111111100 B
#26057
b1001000 "
b1100111 *
b10100110 2
b10101000 :
b11111111110 B
#26058
b10000110 "
b100001 *
b1011000 2
b10100110 :
#26059
b11110101 "
b1111101 *
b10100111 2
b10101000 :
#26060
b11001011 "
b1110010 *
b10100111 :
b11111111111 B
#26061
b11100010 "
b11100010 *
b11110 2
b11100010 :
#26062
b10010 "
b100110 *
b11100010 2
b11110 :
b0 B
#26063
b100010 "
b10101001 *
b1011001 2
b11100010 :
#26064
b101001 "
b1011 *
b11111 2
b11110 :
#26065
b100011 "
b11000 *
b11110 2
b11111111111 B
#26066
b1010010 "
b101101 *
b1011001 2
b11101 :
b11111111101 B
#26067
b1011 "
b101001 *
b11110 2
b0 B
#26068
b11010110 "
b11111100 *
b11100010 2
b11111111111 B
#26069
b110101 "
b10001110 *
b10100101 2
b10101001 :
b11111111101 B
#26070
b10100111 "
b11100010 *
b11100011 2
b1011001 :
b11 B
#26071
b1110010 "
b11001011 *
b10100101 2
b10101001 :
b11111111101 B
#26072
b11010110 "
b100 *
b11111 2
b11100 :
b11111111111 B
#26073
b111110 "
b10111010 *
b10101001 2
b11111 :
b11111111101 B
#26074
b11110010 "
b1011101 *
b11101 2
b10100110 :
b11111111001 B
#26075
b11011101 "
b11000 *
b11110 2
b11100010 :
b11111111101 B
#26076
b10111010 "
b111110 *
b10101000 :
b11111111111 B
#26077
b100 "
b11010110 *
b11101 2
b11110 :
b0 B
#26078
b1110010 "
b110101 *
b10100111 2
b1011001 :
b1 B
#26079
b1011001 "
b1011001 *
b10101000 2
b1011010 :
b10 B
#26080
b10001110 "
b110101 *
b10100101 2
b10101000 :
b0 B
#26081
b11111100 "
b11010110 *
b11101 2
b11100001 :
b11111111111 B
#26082
b1011100 "
b11101101 *
b1011010 2
b11100 :
b11111111101 B
#26083
b1110 "
b10100011 *
b11101 2
b10100110 :
b11111111100 B
#26084
b11011101 "
b11000 *
b11100010 2
b11110 :
b11111111110 B
#26085
b11010111 "
b1011 *
b11111111111 B
#26086
b1111101 "
b1011000 2
b10100111 :
b0 B
#26087
b10100010 "
b10 *
b11100010 2
b1011001 :
#26088
b11100010 "
b10100111 *
b10100111 2
b11111 :
#26089
b10010 "
b100110 *
b11110 2
b11100010 :
b1 B
#26090
b11111100 "
b11010110 *
b11100100 2
b11111 :
b11111111110 B
#26091
b10100100 "
b10011 *
b1011010 2
b11100 :
b0 B
#26092
b1001000 "
b10011001 *
b10101001 2
b1011010 :
b11111111010 B
#26093
b1110 "
b1011101 *
b11100010 2
b10100110 :
b11111111110 B
#26094
b100001 "
b1111010 *
b10100111 2
#26095
b101010 "
b100 *
b11100001 2
b11101 :
b0 B
#26096
b10100010 "
b10 *
b11111 2
b10100111 :
#26097
b11100010 "
b10100111 *
b1011001 2
b11100011 :
b101 B
#26098
b10001110 "
b110101 *
b10100101 2
b10101000 :
b10 B
#26099
b100010 "
b10101001 *
b1011000 2
b11011111 :
b1 B
#26100
b1000110 "
b111110 *
b100001 2
b1011000 :
b11111111101 B
#26101
b100011 "
b11000 *
b100000 2
b11101 :
b11111111011 B
#26102
b11011101 "
b11100011 2
b11111 :
#26103
b10011 "
b10100100 *
b11100001 2
b10100111 :
b11111111001 B
#26104
b10110000 "
b11001111 *
b10100111 2
b11101 :
b11111111100 B
#26105
b1110010 "
b110101 *
b1011011 2
b10101001 :
b11111111110 B
#26106
b10100111 "
b10100111 *
b10100100 2
b1010110 :
b1 B
#26107
b100110 "
b11101110 *
b11100011 2
b11100010 :
b11 B
#26108
b1010000 "
b11001111 *
b10100111 2
b101 B
#26109
b1011100 "
b11101101 *
b11100101 :
b10 B
#26110
b10011001 "
b10111000 *
b1011100 2
b1010101 :
b1 B
#26111
b11110010 "
b10100011 *
b100010 2
b1011000 :
b11111111101 B
#26112
b111110 "
b1000110 *
b10100111 2
b11100110 :
b11111111010 B
#26113
b1010111 "
b11011110 *
b11100011 2
b1011001 :
#26114
b11000101 "
b10110111 *
b1011000 2
b11100010 :
b11111111011 B
#26115
b10100111 "
b11110 *
b11100011 2
b10100111 :
b11111111111 B
#26116
b11001011 "
b10001110 *
b1011011 2
b10101001 :
#26117
b11110101 "
b10000011 *
b1011010 2
b10101000 :
b1 B
#26118
b10011 "
b1011100 *
b11100010 2
b1011001 :
b11 B
#26119
b1110 "
b10100011 *
b11101 2
b10100110 :
b10 B
#26120
b1011101 "
b11110010 *
b1011000 2
b11011111 :
b1 B
#26121
b11011111 "
b10000110 *
b10100011 2
b10101011 :
b11111111111 B
#26122
b10101001 "
b100010 *
b11100110 2
b1011010 :
b11111111011 B
#26123
b110101 "
b10001110 *
b10100101 2
b10101010 :
b11111111010 B
#26124
b11100010 "
b11100010 *
b11100010 2
b11110 :
b11111111011 B
#26125
b110101 "
b1110010 *
b1011010 2
b10101000 :
b11111111100 B
#26126
b1010111 "
b100010 *
b11100101 2
b10100111 :
b0 B
#26127
b11101101 "
b10100100 *
b11100001 2
b1011001 :
b10 B
#26128
b11101000 "
b100011 *
b11110 2
b11100010 :
b11 B
#26129
b1011101 "
b11110010 *
b10100111 2
b11111 :
b10 B
#26130
b11011111 "
b10000110 *
b1011011 2
b1010111 :
b0 B
#26131
b11111100 "
b101010 *
b11100010 2
b11100011 :
b11111111110 B
#26132
b11111110 "
b10100010 *
b1011010 2
b11100 :
b11111111101 B
#26133
b11110 "
b1011001 *
b10100111 2
b11111 :
#26134
b10110111 "
b11000101 *
b11101 2
b10100111 :
b11111111110 B
#26135
b1010111 "
b100010 *
b11110 2
b1011001 :
#26136
b101001 "
b1011 *
b11111 2
b11110 :
b11111111111 B
#26137
b11011101 "
b11101000 *
b11100010 2
b11100010 :
#26138
b11101000 "
b11011101 *
b11111111101 B
#26139
b11010111 "
b1011 *
b11110 :
b0 B
#26140
b101010 "
b100 *
b11110 2
b11100011 :
#26141
b11001011 "
b1110010 *
b1011001 2
b1011000 :
#26142
b11100010 "
b1011001 *
b11101 :
b11 B
#26143
b11101110 "
b11011010 *
b11100100 2
b11111 :
b11111111111 B
#26144
b10000011 "
b1011 *
b1011011 2
b1010111 :
#26145
b1011100 "
b11101101 *
b10100110 2
b11100101 :
b11111111010 B
#26146
b10111000 "
b1100111 *
b1011000 2
b10100111 :
b11111111101 B
#26147
b1010010 "
b101101 *
b10100111 2
b11100011 :
b11111111100 B
#26148
b11101101 "
b1011100 *
b11100011 2
b10100111 :
b0 B
#26149
b1011 "
b10000011 *
b1011001 2
b1011001 :
b11111111111 B
#26150
b110101 "
b10001110 *
b1 B
#26151
b11100010 "
b11110 *
b11100010 2
b11100010 :
b0 B
#26152
b1001001 "
b111011 *
b11100011 2
b1011001 :
#26153
b1010111 "
b100010 *
b11111 2
b1011000 :
#26154
b10000110 "
b11011111 *
b10100101 2
b10101000 :
b11111111111 B
#26155
b11110010 "
b1011101 *
b11100011 2
b1011010 :
b11111111110 B
#26156
b11010011 "
b1010010 *
b1011001 :
b11111111101 B
#26157
b11110101 "
b11010111 *
b11100010 2
b11100011 :
b11111111111 B
#26158
b11010110 "
b11111100 *
b11101 :
#26159
b10100010 "
b10 *
b11100011 2
b1011010 :
b11111111101 B
#26160
b11110 "
b11100010 *
b11100010 2
b11100010 :
b11 B
#26161
b11011010 "
b10010 *
b11111 2
b11100 :
b11111111111 B
#26162
b1010111 "
b100010 *
b11100000 2
b10101000 :
b0 B
#26163
b111110 "
b10111010 *
b10101000 2
b100000 :
b11111111001 B
#26164
b1110 "
b10100011 *
b11100011 2
b1011010 :
b11111111100 B
#26165
b100011 "
b11101000 *
b11100010 2
b11110 :
#26166
b10000110 "
b100001 *
b1011011 2
b10101000 :
b11111111111 B
#26167
b1011 "
b10000011 *
b1011000 2
b1011010 :
b0 B
#26168
b1110010 "
b110101 *
b10100110 2
b1011000 :
b11 B
#26169
b11100010 "
b10100111 *
b1011001 2
b11100001 :
b1 B
#26170
b111011 "
b10110111 *
b11101 :
b10 B
#26171
b110001 "
b1010000 *
b11100101 2
b1011010 :
b11111111110 B
#26172
b10111010 "
b11000010 *
b11100001 2
b10101000 :
b11111111111 B
#26173
b1110 "
b10100011 *
b11100 2
b10100110 :
b11111111100 B
#26174
b11101000 "
b11011101 *
b11100001 2
b11100010 :
b11111111110 B
#26175
b10011 "
b10100100 *
b10100111 :
#26176
b1010111 "
b11011110 *
b11110 2
b11111111101 B
#26177
b1011110 "
b11111110 *
b11111111110 B
#26178
b1011001 "
b11100010 *
b11100011 2
b1 B
#26179
b10110111 "
b11000101 *
b11100010 2
b1011000 :
#26180
b110001 "
b1010000 *
b11101 2
b10100111 :
#26181
b11110101 "
b101001 *
b11110 2
b11100001 :
#26182
b11010011 "
b10101110 *
b100001 2
b1010111 :
b11111111111 B
#26183
b1100111 "
b10111000 *
b10101010 2
b1011100 :
b11111111110 B
#26184
b10011 "
b10100100 *
b100000 2
b1011000 :
b11111111011 B
#26185
b1111101 "
b1011 *
b10101000 2
b1011010 :
b11111111100 B
#26186
b10100010 "
b10 *
b11110 2
b10100111 :
#26187
b11110 "
b1011001 *
b10100111 2
b11101 :
b11111111111 B
#26188
b1110010 "
b11001011 *
b1011000 2
b1011010 :
b1 B
#26189
b110001 "
b1010000 *
b11100011 2
#26190
b100001 "
b10000110 *
b1011000 2
b10100101 :
#26191
b10011001 "
b10111000 *
b10100101 2
b10101010 :
b11111111111 B
#26192
b11011101 "
b11000 *
b11100011 2
b11110 :
b11111111110 B
#26193
b100001 "
b1111010 *
b1011100 2
b1010111 :
b11111111100 B
#26194
b101010 "
b100 *
b11110 2
b11100011 :
b11111111110 B
#26195
b11101110 "
b100110 *
b11110 :
b11111111100 B
#26196
b11100010 "
b10100111 *
b10100111 2
b11101 :
b11 B
#26197
b111011 "
b10110111 *
b11100011 :
b0 B
#26198
b10000011 "
b1011 *
b1011001 2
b1011000 :
b1 B
#26199
b1000110 "
b111110 *
b11100001 2
b10101001 :
b11111111111 B
#26200
b11010011 "
b10101110 *
b100001 2
b1011000 :
#26201
b1100111 "
b10111000 *
b10101010 2
b1011011 :
b11111111101 B
#26202
b11110101 "
b11010111 *
b11110 2
b11101 :
b11111111011 B
#26203
b11010110 "
b11111100 *
b11100011 :
b11111111101 B
#26204
b100110 "
b10010 *
b11100010 2
b11110 :
#26205
b1011001 "
b10100111 *
b1011001 2
b1011001 :
b11 B
#26206
b11011010 "
b10010 *
b11100001 2
b11100010 :
b0 B
#26207
b1011 "
b1111101 *
b10101001 2
b1011010 :
#26208
b11110101 "
b101001 *
b11100010 2
b11111 :
b11111111101 B
#26209
b10101110 "
b101101 *
b10101000 2
b11111111110 B
#26210
b11010011 "
b1010010 *
b11100011 2
b1011001 :
#26211
b10000110 "
b100001 *
b10101000 2
b1011010 :
#26212
b11011110 "
b10101001 *
b10100111 2
b11100010 :
b11111111111 B
#26213
b1001001 "
b11000101 *
b11100010 2
b10101000 :
#26214
b10100111 "
b11100010 *
b11100011 2
b1011001 :
b1 B
#26215
b11101110 "
b11011010 *
b11111 :
b11111111111 B
#26216
b100010 "
b10101001 *
b10101001 2
#26217
b11000010 "
b1000110 *
b1010111 2
b11100001 :
b11111111100 B
#26218
b10100011 "
b11110010 *
b1011010 2
b11101 :
b11111111101 B
#26219
b101101 "
b10101110 *
b11100011 2
b1011001 :
#26220
b10011 "
b10100100 *
b11110 2
b11111111111 B
#26221
b11010110 "
b11111100 *
b11100011 :
#26222
b11101110 "
b100110 *
b11100010 2
b11100010 :
#26223
b11110 "
b10100111 *
b1011001 2
b11101 :
b11 B
#26224
b1001001 "
b111011 *
b11100100 2
b1011010 :
b0 B
#26225
b10101001 "
b11011110 *
b11100000 2
b10101000 :
b11111111111 B
#26226
b11010111 "
b11110101 *
b11100001 2
b11100010 :
b11111111110 B
#26227
b1001000 "
b10011001 *
b1010110 2
b10100101 :
b11111111100 B
#26228
b1100111 "
b10111000 *
b1011000 2
b10100110 :
b11111111101 B
#26229
b10111010 "
b111110 *
b11100011 2
b1011001 :
#26230
b1010111 "
b11011110 *
b11110 2
b10100111 :
b11111111111 B
#26231
b1011110 "
b11111110 *
#26232
b11100010 "
b10100111 *
b10100111 2
b11111 :
b1 B
#26233
b10100010 "
b11111110 *
b100000 2
b1011000 :
#26234
b10110000 "
b110001 *
b1011010 2
b11011 :
b11111111110 B
#26235
b111110 "
b10111010 *
b10101001 2
b11111 :
b11111111100 B
#26236
b10100011 "
b11110010 *
b1011010 2
b11101 :
#26237
b101101 "
b10101110 *
b11100010 2
b1011001 :
b11111111101 B
#26238
b10100100 "
b11101101 *
b1011001 2
b11100011 :
b11111111111 B
#26239
b10110000 "
b11001111 *
b1011010 2
b1 B
#26240
b1011110 "
b11111110 *
b11100010 2
b1011001 :
#26241
b11100010 "
b1011001 *
b10100111 2
b11100011 :
#26242
b10010 "
b100110 *
b11100100 2
b11111 :
#26243
b11010110 "
b100 *
b11100001 2
b11100100 :
b11111111111 B
#26244
b10011 "
b1011100 *
b11100110 2
b1011010 :
b11111111010 B
#26245
b1010010 "
b11010011 *
b1011000 2
b11100001 :
b11111111001 B
#26246
b10111000 "
b10011001 *
b10100111 2
b10100111 :
b11111111011 B
#26247
b11010111 "
b1011 *
b11100001 2
b11110 :
b11111111110 B
#26248
b101010 "
b100 *
b11111 2
b11100011 :
b0 B
#26249
b100110 "
b10010 *
b11 B
#26250
b11110 "
b11110 *
b11110 2
b11100010 :
b101 B
#26251
b10001110 "
b110101 *
b1011011 2
b1010111 :
#26252
b100010 "
b10101001 *
b10101001 2
b100010 :
b0 B
#26253
b111110 "
b10111010 *
b11111111101 B
#26254
b1110 "
b10100011 *
b11100110 2
b1011010 :
b11111111001 B
#26255
b11101000 "
b11011101 *
b11110 2
b11101 :
#26256
b1011 "
b101001 *
b11100010 2
b11100011 :
b11111111011 B
#26257
b11111100 "
b101010 *
b11100011 2
b11100010 :
b11111111101 B
#26258
b10001110 "
b11001011 *
b1011010 2
b10101000 :
#26259
b11110 "
b1011001 *
b10100111 2
b11101 :
b10 B
#26260
b1001001 "
b111011 *
b11100001 2
b1011001 :
#26261
b110001 "
b1010000 *
b11100011 2
b1011010 :
b1 B
#26262
b100001 "
b10000110 *
b1011000 2
b10100101 :
b10 B
#26263
b1110 "
b10100011 *
b11100 2
b10100110 :
b11111111111 B
#26264
b100011 "
b11101000 *
b11101 2
b11100010 :
b11111111110 B
#26265
b10100100 "
b11101101 *
b10101000 2
b100000 :
#26266
b110001 "
b10110000 *
b11100001 2
b10100111 :
#26267
b1110010 "
b110101 *
b1010111 2
b10100101 :
b11111111100 B
#26268
b11100010 "
b11100010 *
b11100010 2
b11110 :
b11111111110 B
#26269
b111011 "
b10110111 *
b10100111 2
b11100001 :
#26270
b11011110 "
b1010111 *
b1011001 2
b11100011 :
b0 B
#26271
b10000110 "
b11011111 *
b1011000 2
b1011010 :
b10 B
#26272
b10111000 "
b1100111 *
b1011001 2
b10100111 :
b1 B
#26273
b1011101 "
b11110010 *
b10100111 2
b11111 :
#26274
b11101101 "
b1011100 *
b11100001 2
b10101000 :
b0 B
#26275
b10110000 "
b11001111 *
b1011000 2
b11100000 :
b11111111110 B
#26276
b111011 "
b1001001 *
b10101000 2
b100001 :
#26277
b11110 "
b10100111 *
b1011001 2
b11101 :
b11111111100 B
#26278
b1001001 "
b111011 *
b11100010 2
b1011000 :
b11111111011 B
#26279
b11110101 "
b10000011 *
b1011010 2
b10101000 :
b11111111111 B
#26280
b10011 "
b1011100 *
b11100001 2
b1011001 :
b1 B
#26281
b10101110 "
b101101 *
b10100111 2
b11110 :
b10 B
#26282
b1011101 "
b11110010 *
b1011001 2
b11100001 :
#26283
b111110 "
b1000110 *
b1011010 2
b11100 :
b11111111111 B
#26284
b1111101 "
b1011 *
b1010111 2
b10100101 :
b11111111110 B
#26285
b11111110 "
b10100010 *
b10100110 2
b11100100 :
#26286
b1011001 "
b10100111 *
b10101000 :
#26287
b11101110 "
b11011010 *
b11100010 2
b11110 :
#26288
b10000011 "
b1011 *
b1011001 2
b1011001 :
#26289
b1111010 "
b100001 *
b10100111 2
b10100110 :
b0 B
#26290
b10011001 "
b10111000 *
b1011001 2
b1011001 :
#26291
b11101000 "
b11011101 *
b11110 2
b11110 :
#26292
b101001 "
b11110101 *
b11100011 2
#26293
b1011 "
b10000011 *
b1011010 2
b1011000 :
#26294
b111011 "
b1001001 *
b10101000 2
b100000 :
b11111111110 B
#26295
b1011001 "
b1011001 *
b1011010 :
#26296
b111011 "
b10110111 *
b1011000 2
b11110 :
b11111111100 B
#26297
b1010000 "
b11001111 *
b1011001 2
b11111 :
b11111111111 B
#26298
b1011 "
b11010111 *
b11110 2
b11100011 :
b1 B
#26299
b11011101 "
b11101000 *
b11100010 2
b11100010 :
b10 B
#26300
b1010010 "
b101101 *
b1011001 2
b11101 :
b11 B
#26301
b11110101 "
b11010111 *
b11100010 2
b11100011 :
b0 B
#26302
b11001111 "
b1010000 *
b100001 2
b1011000 :
b11111111111 B
#26303
b10100010 "
b10 *
b11100101 2
b1011011 :
b11111111101 B
#26304
b10100111 "
b1011001 *
b1011100 2
b1010110 :
b11111111011 B
#26305
b11000101 "
b1001001 *
b1011001 2
b11101 :
b11111111100 B
#26306
b10101001 "
b11011110 *
b11110 2
b1011001 :
b11111111011 B
#26307
b11011111 "
b1111010 *
b1011010 2
b10101000 :
b11111111111 B
#26308
b1010010 "
b11010011 *
b10100111 2
b11101 :
#26309
b1110 "
b1011101 *
b11100010 2
b10100110 :
b10 B
#26310
b1011100 "
b10011 *
b10100111 2
b11111 :
b1 B
#26311
b100010 "
b1010111 *
b11100011 :
b0 B
#26312
b11000101 "
b10110111 *
b1011000 2
b11011111 :
b11111111110 B
#26313
b11100010 "
b11110 *
b11100010 2
b11100010 :
b11111111111 B
#26314
b10110111 "
b11000101 *
b11101 2
b10100111 :
b11111111011 B
#26315
b10110000 "
b110001 *
b10100110 2
b11100011 :
b0 B
#26316
b10000110 "
b11011111 *
b10100111 :
b11111111111 B
#26317
b1011101 "
b1110 *
b1011010 2
b11101 :
#26318
b10011001 "
b1001000 *
b10101001 2
b1011010 :
#26319
b101001 "
b11110101 *
b11101 2
b11100010 :
#26320
b100 "
b11010110 *
b11100010 2
b11111111110 B
#26321
b10 "
b1011110 *
b1011010 2
b11101 :
#26322
b1011001 "
b11110 *
b11101 2
b10100111 :
b0 B
#26323
b11000101 "
b1001001 *
b1011001 2
b11101 :
b11111111111 B
#26324
b11110101 "
b10000011 *
b10101000 2
b1011001 :
#26325
b101001 *
b11110 2
b11100001 :
#26326
b11010011 "
b10101110 *
b11111 2
b1011000 :
b0 B
#26327
b10101110 "
b11010011 *
b1011010 2
b11100 :
b11111111110 B
#26328
b111110 "
b1000110 *
b10100111 2
b11100100 :
#26329
b1111101 "
b1011 *
b10101000 2
b1011010 :
#26330
b1011110 "
b11111110 *
b11100010 2
b1011001 :
#26331
b1011001 "
b11100010 *
b11110 2
b11111111111 B
#26332
b11000101 "
b1001001 *
b10101000 2
b11100010 :
b1 B
#26333
b10000011 "
b1011 *
b10100110 2
b10101000 :
b11111111111 B
#26334
b11011111 "
b1111010 *
b10101000 2
b1011011 :
b1 B
#26335
b10111000 "
b1100111 *
b10101010 2
b11111111110 B
#26336
b1010010 "
b101101 *
b1011010 2
b11100 :
#26337
b10011 "
b10100100 *
b11100001 2
b10100111 :
b11111111101 B
#26338
b1111101 "
b1011 *
b1011000 2
b10100110 :
b11111111110 B
#26339
b10100010 "
b10 *
b11100010 2
b1011001 :
#26340
b10100111 "
b1011001 *
b1011001 2
b11111111111 B
#26341
b110101 "
b1110010 *
b10100111 :
b1 B
#26342
b10101001 "
b11011110 *
b11110 2
b1011000 :
b0 B
#26343
b11110101 "
b101001 *
b11100001 :
#26344
b1110 "
b10100011 *
b11100011 2
b1011010 :
b11111111111 B
#26345
b10111000 "
b10011001 *
b1011011 2
b1010111 :
b11111111110 B
#26346
b11010111 "
b1011 *
b11101 2
b11100010 :
b11111111111 B
#26347
b100 "
b11010110 *
b11110 :
b11111111101 B
#26348
b1110010 "
b110101 *
b10101001 2
b1011011 :
b11111111110 B
#26349
b11100010 "
b1011001 *
b10100111 2
b11100011 :
b10 B
#26350
b11011010 "
b10010 *
b11100001 2
b11100010 :
b11111111110 B
#26351
b1010111 "
b100010 *
b11111 2
b1011000 :
b11111111111 B
#26352
b1111010 "
b100001 *
b1011011 2
b11111111101 B
#26353
b1011101 "
b1110 *
b1011010 2
b11101 :
b11111111110 B
#26354
b101101 "
b10101110 *
b11101 2
b10100111 :
b11111111101 B
#26355
b1011100 "
b10011 *
b1011010 2
b11100010 :
b11111111111 B
#26356
b10110000 "
b11001111 *
b10100111 2
b11110 :
#26357
b1110010 "
b110101 *
b1011000 2
b10100111 :
b0 B
#26358
b11100010 "
b1011001 *
b1011001 2
b11101 :
b11111111111 B
#26359
b10010 "
b100110 *
b11110 2
b11100010 :
b0 B
#26360
b11110101 "
b10000011 *
b10101000 2
b1011001 :
b11111111111 B
#26361
b101001 "
b1011 *
b11100001 2
b11100010 :
b0 B
#26362
b11010011 "
b10101110 *
b11111 2
b1011000 :
#26363
b1010010 *
b11100 2
b10100110 :
b11111111101 B
#26364
b11110101 "
b11010111 *
b11110 2
b11101 :
b11111111110 B
#26365
b10110000 "
b11001111 *
b1011001 2
b11100001 :
#26366
b100110 "
b10010 *
b11100010 2
b11110 :
b11111111101 B
#26367
b11110 "
b11110 *
b11111111110 B
#26368
b1001001 "
b111011 *
b11100001 2
b1011001 :
b0 B
#26369
b11111100 "
b11010110 *
b11101 2
b11100010 :
#26370
b100001 "
b10000110 *
b1011010 2
b10100110 :
b10 B
#26371
b1110 "
b10100011 *
b11101 2
b11111111110 B
#26372
b1010010 "
b101101 *
b1011001 2
b11101 :
b0 B
#26373
b11010111 "
b1011 *
b11100011 2
b11110 :
b11111111111 B
#26374
b1011 "
b10000011 *
b10100110 2
b10101000 :
#26375
b11111110 "
b10100010 *
b11100011 :
b11111111110 B
#26376
b1011001 "
b1011001 *
b1011000 2
b10100110 :
#26377
b10100010 "
b11111110 *
b11110 2
b1011001 :
b11111111111 B
#26378
b101010 "
b11111100 *
b11100010 2
b11100011 :
#26379
b10000110 "
b11011111 *
b1011010 2
b1011001 :
#26380
b10101110 "
b101101 *
b1011000 2
b11100001 :
b11111111101 B
#26381
b11101000 "
b11011101 *
b11110 2
b11110 :
b11111111111 B
#26382
b11011111 "
b10000110 *
b1011010 2
b1011000 :
b11111111110 B
#26383
b1111101 "
b1011 *
b10101000 2
b1011001 :
b0 B
#26384
b10010 "
b11011010 *
b11110 2
b11110 :
b11111111110 B
#26385
b1011001 "
b11110 *
b11100010 2
b1011001 :
b0 B
#26386
b1110010 "
b11001011 *
b1011001 2
#26387
b1111101 "
b11110101 *
b1 B
#26388
b10111010 "
b11000010 *
b11100001 2
b10101000 :
b0 B
#26389
b10100011 "
b11110010 *
b10100110 2
b11100011 :
#26390
b1110 "
b1011101 *
b100000 2
b1011001 :
b11111111110 B
#26391
b11000010 "
b10111010 *
b10100111 2
b11100100 :
b11111111111 B
#26392
b1010111 "
b11011110 *
b11100 2
b10100110 :
b11111111101 B
#26393
b11011010 "
b11101110 *
b11100011 2
b11110 :
b11111111110 B
#26394
b11110 "
b11100010 *
b11100010 2
b11100010 :
#26395
b10110111 "
b11000101 *
b1011000 :
#26396
b10000011 "
b1011 *
b1011000 2
b1011001 :
b0 B
#26397
b1011100 "
b11101101 *
b10100111 2
b11100010 :
b1 B
#26398
b1100111 "
b1001000 *
b10101000 :
b0 B
#26399
b1001000 "
b1100111 *
b10100110 2
b1 B
#26400
b1111010 "
b11011111 *
b10101001 2
b1011011 :
b11111111111 B
#26401
b1011 "
b10000011 *
b1011011 2
b1010111 :
b11111111110 B
#26402
b10 "
b1011110 *
b10100110 2
b11100100 :
#26403
b10100111 "
b10100111 *
b1011000 2
b10100110 :
b11111111101 B
#26404
b11011010 "
b10010 *
b11100010 2
b11100010 :
b11111111110 B
#26405
b10110000 "
b110001 *
b10100110 2
b11100011 :
b11111111111 B
#26406
b1111010 "
b100001 *
b1011010 2
b1011001 :
b0 B
#26407
b100011 "
b11000 *
b11110 2
b11110 :
b11111111111 B
#26408
b10011001 "
b1001000 *
b10101001 2
b1011010 :
#26409
b11011111 "
b10000110 *
b10100101 2
b10101000 :
b0 B
#26410
b1011 "
b10000011 *
b11111111110 B
#26411
b11111110 "
b10100010 *
b10100110 2
b11100011 :
b11111111101 B
#26412
b10100111 "
b11110 *
b11111 2
b1011001 :
#26413
b11000101 "
b1001001 *
b1011000 2
b11110 :
b11111111111 B
#26414
b100010 "
b10101001 *
b10100111 2
b11111111110 B
#26415
b111110 "
b10111010 *
b1 B
#26416
b100011 "
b11000 *
b11100010 2
b11100010 :
b11111111111 B
#26417
b1011101 "
b11110010 *
b10100111 2
b11111 :
#26418
b101001 "
b11110101 *
b11100011 2
b11110 :
b0 B
#26419
b11011110 "
b10101001 *
b1011001 2
b11101 :
b11111111110 B
#26420
b10110111 "
b111011 *
b11100000 2
b10101000 :
#26421
b1011001 "
b10100111 *
b1011010 2
b1011000 :
b11111111111 B
#26422
b11000101 "
b1001001 *
b10100111 2
b11100011 :
b11111111100 B
#26423
b1010111 "
b100010 *
b11110 2
b1011001 :
b11111111110 B
#26424
b101001 "
b1011 *
b11101 2
b11110 :
b11111111111 B
#26425
b1011101 "
b1110 *
b1011001 2
b11111 :
#26426
b1010010 "
b101101 *
b11110 :
b10 B
#26427
b11000010 "
b10111010 *
b10100111 2
b11100011 :
#26428
b11011110 "
b10101001 *
b10100110 2
b11100100 :
b1 B
#26429
b1011110 "
b11111110 *
b11011 2
b10100110 :
b11111111111 B
#26430
b11110 "
b10100111 *
b10100110 2
b11100101 :
b11111111110 B
#26431
b10100010 "
b11111110 *
b100001 2
b1011000 :
b11111111100 B
#26432
b11011110 "
b1010111 *
b1011000 2
b11100010 :
#26433
b11000010 "
b1000110 *
b1011001 2
b11111111011 B
#26434
b10100011 "
b11110010 *
b11111 :
b11111111111 B
#26435
b1001000 "
b1100111 *
b10101000 2
b10100111 :
#26436
b1011100 "
b10011 *
b10100111 2
b11101 :
b10 B
#26437
b100 "
b11010110 *
b11101 2
b11110 :
b0 B
#26438
b1011110 "
b11111110 *
b11100010 2
b1011001 :
b1 B
#26439
b1011001 "
b1011001 *
b10101000 2
b1011010 :
b10 B
#26440
b10001110 "
b110101 *
b10100101 2
b10101001 :
b1 B
#26441
b11111100 "
b11010110 *
b11100 2
b11100001 :
b11111111111 B
#26442
b11110101 "
b101001 *
b11100011 2
b11111 :
b11111111101 B
#26443
b10100011 "
b11110010 *
b10100110 2
b11100101 :
b11111111010 B
#26444
b11000 "
b100011 *
b11111 2
b11101 :
b11111111100 B
#26445
b101001 "
b11110101 *
b11100001 :
#26446
b11111100 "
b101010 *
b11101 2
b11111 :
b11111111011 B
#26447
b10 "
b1011110 *
b1011000 2
b100001 :
b0 B
#26448
b11110 "
b1011001 *
b1011010 2
b11100100 :
b100 B
#26449
b10010 "
b100110 *
b11110 2
b11100010 :
b101 B
#26450
b11010110 "
b100 *
b11111 2
b11100 :
b10 B
#26451
b1000110 "
b111110 *
b11100000 2
b10101000 :
b0 B
#26452
b101101 "
b1010010 *
b11011111 2
b10101001 :
b11111111001 B
#26453
b10111000 "
b10011001 *
b1011010 2
b1010111 :
b11111111100 B
#26454
b11101101 "
b1011100 *
b11100010 2
b10100110 :
b11111111011 B
#26455
b10110000 "
b11001111 *
b1011010 2
b11100011 :
b11111111101 B
#26456
b10110111 "
b111011 *
b11100011 2
b10100111 :
b0 B
#26457
b11110 "
b11100010 *
b11110 2
b11110 :
b1 B
#26458
b1001001 "
b111011 *
b11100001 2
b1011001 :
#26459
b100 "
b101010 *
b11100011 2
b11110 :
b0 B
#26460
b11110101 "
b101001 *
b11100010 2
b11111 :
b10 B
#26461
b11011101 "
b11101000 *
b11100011 :
b11111111110 B
#26462
b10111000 "
b10011001 *
b10100110 2
b10101000 :
#26463
b11101101 "
b1011100 *
b11111 2
b1011001 :
b11111111101 B
#26464
b1010111 "
b11011110 *
b11110 2
b10100111 :
b11111111110 B
#26465
b11000101 "
b10110111 *
b10101000 2
b11110 :
#26466
b11110 "
b1011001 *
b1011001 2
b11100011 :
b1 B
#26467
b1011110 "
b10 *
b11100010 2
b10100111 :
b11111111111 B
#26468
b10101001 "
b11011110 *
b11110 2
b1011001 :
b1 B
#26469
b10011 "
b1011100 *
b11100 2
b10100111 :
b11111111111 B
#26470
b10011001 "
b10111000 *
b1011010 2
b1010111 :
#26471
b11010011 "
b1010010 *
b11100 2
b10100110 :
b11111111110 B
#26472
b11101101 "
b1011100 *
b11100001 2
b10100111 :
b11111111101 B
#26473
b11010110 "
b11111100 *
b11110 2
b11100011 :
b11111111110 B
#26474
b11011010 "
b11101110 *
b11100010 :
#26475
b10100111 "
b11110 *
b11100010 2
b10100111 :
b11 B
#26476
b10010 "
b100110 *
b11111 :
b0 B
#26477
b11111100 "
b11010110 *
b11101 2
b11100001 :
b11111111111 B
#26478
b1011 "
b11010111 *
b11110 2
b11111111110 B
#26479
b1011101 "
b1110 *
b1011010 2
b11101 :
b11111111100 B
#26480
b10011001 "
b1001000 *
b10101000 2
b1011010 :
b11111111110 B
#26481
b11011111 "
b10000110 *
b10100110 2
b10100110 :
b11111111111 B
#26482
b110001 "
b10110000 *
b11100010 2
b10100111 :
#26483
b10001110 "
b11001011 *
b10101000 2
b1011001 :
b0 B
#26484
b1011001 "
b10100111 *
b10100110 2
b10101000 :
b11111111111 B
#26485
b11111110 "
b1011110 *
b1011001 2
b11100001 :
b0 B
#26486
b10000011 "
b1011 *
b1011000 :
b11111111110 B
#26487
b111110 "
b10111010 *
b10101000 2
b11110 :
#26488
b1011101 "
b1110 *
b10100110 2
b11100010 :
b11111111111 B
#26489
b1110 "
b1011101 *
b11100001 2
b10100111 :
#26490
b10100100 "
b11101101 *
b1011001 2
b11100001 :
b0 B
#26491
b11001111 "
b1010000 *
b11100001 2
b10100111 :
b11111111110 B
#26492
b10110111 "
b111011 *
b11100010 2
b10101000 :
#26493
b11110 "
b10100111 *
b1011001 2
b11110 :
#26494
b10001110 "
b110101 *
b10101000 2
b10100110 :
b11111111111 B
#26495
b11001111 "
b10110000 *
b11110 2
b10100111 :
b1 B
#26496
b1011 "
b11010111 *
b11100001 :
#26497
b1011101 "
b1110 *
b1011010 2
b11101 :
#26498
b11010011 "
b1010010 *
b11100101 2
b1011001 :
b11111111110 B
#26499
b10000110 "
b100001 *
b10101001 2
b1011100 :
b11111111111 B
#26500
b11010110 "
b11111100 *
b11100011 2
b11111 :
b11111111101 B
#26501
b11001011 "
b1110010 *
b1011011 2
b1010111 :
#26502
b1011001 "
b1011001 *
b1011000 2
b10100110 :
b11111111100 B
#26503
b11001011 "
b10001110 *
b10100111 2
b1011001 :
b11111111101 B
#26504
b100 "
b101010 *
b11101 2
b11100010 :
b11111111111 B
#26505
b1011100 "
b11101101 *
b10100111 2
b0 B
#26506
b101101 "
b1010010 *
b11100010 2
b10100111 :
b11111111110 B
#26507
b100011 "
b11101000 *
b11110 :
b1 B
#26508
b11000010 "
b10111010 *
b1011001 2
b11101 :
b11111111111 B
#26509
b11010110 "
b11111100 *
b11110 2
b11100011 :
b0 B
#26510
b10 "
b1011110 *
b10100110 2
b11111111111 B
#26511
b11100010 "
b11100010 *
b11110 2
b11100010 :
b11 B
#26512
b10100010 "
b11111110 *
b11011111 2
b10101000 :
b11111111111 B
#26513
b10101001 "
b11011110 *
b0 B
#26514
b1011100 "
b11101101 *
b1011010 2
b11010 :
b11111111011 B
#26515
b11110010 "
b1011101 *
b11100100 2
b1011010 :
#26516
b11000 "
b100011 *
b11111 2
b11101 :
#26517
b11101101 "
b1011100 *
b11110 2
b1011001 :
b11111111110 B
#26518
b10110000 "
b11001111 *
b10100110 2
b11101 :
b11111111011 B
#26519
b11011010 "
b11101110 *
b11100001 2
b11111111111 B
#26520
b10100111 "
b11110 *
b11101 2
b1011001 :
b1 B
#26521
b11111110 "
b1011110 *
b1011010 2
b11100010 :
b101 B
#26522
b110001 "
b1010000 *
b11100 2
b10100111 :
b1 B
#26523
b1111010 "
b100001 *
b10100100 2
b10101001 :
b0 B
#26524
b11010011 "
b10101110 *
b100001 2
b1010111 :
b11111111110 B
#26525
b1100111 "
b10111000 *
b10101010 2
b1011011 :
b11111111100 B
#26526
b1011 "
b101001 *
b11100010 2
b11100011 :
b11111111011 B
#26527
b1111101 "
b1011 *
b10101000 2
b1011001 :
b11111111101 B
#26528
b10100010 "
b10 *
b11110 2
b10100111 :
#26529
b1011001 "
b11100010 *
b11101 2
b1011001 :
b0 B
#26530
b10010 "
b100110 *
b11100010 2
b11110 :
b1 B
#26531
b100 "
b101010 *
b11100011 2
#26532
b111110 "
b10111010 *
b1011000 2
b11100001 :
b0 B
#26533
b10011001 "
b10111000 *
b10100110 2
b10101001 :
b11111111110 B
#26534
b11000 "
b100011 *
b11111 2
b11101 :
#26535
b111110 "
b1000110 *
b1011001 2
b11111111101 B
#26536
b11111100 "
b101010 *
b11101 2
b11110 :
b11111111011 B
#26537
b1011110 "
b11111110 *
b11111 2
b10100111 :
b11111111111 B
#26538
b11100010 "
b11110 *
b11110 2
b11110 :
b10 B
#26539
b11111110 "
b1011110 *
b1011001 2
b11100010 :
#26540
b1011 "
b1111101 *
b1011000 2
b10100111 :
b0 B
#26541
b100001 "
b10000110 *
b10101000 2
b1011011 :
b11111111111 B
#26542
b101101 "
b1010010 *
b11100001 2
b10101000 :
b0 B
#26543
b10111000 "
b10011001 *
b1011011 2
b1010111 :
b11111111110 B
#26544
b10111010 "
b111110 *
b11100 2
b10100111 :
#26545
b1010000 "
b110001 *
b10100111 2
b11111 :
b11111111101 B
#26546
b1001001 "
b11000101 *
b11110 2
b1011000 :
b11111111110 B
#26547
b11110 "
b10100111 *
b1011001 2
b11110 :
#26548
b10010 "
b100110 *
b11100010 2
b11111111111 B
#26549
b11111100 "
b11010110 *
b11101 2
b11100010 :
b1 B
#26550
b101001 "
b1011 *
b11111 2
b11110 :
b0 B
#26551
b11000 "
b11011101 *
b11110 2
b11100010 :
b11111111110 B
#26552
b10111000 "
b10011001 *
b10100110 2
b10101000 :
b11111111101 B
#26553
b11101101 "
b1011100 *
b11110 2
b1011001 :
b0 B
#26554
b110001 "
b10110000 *
b11100010 2
b10100111 :
b11111111110 B
#26555
b1001001 "
b11000101 *
b10101000 :
b11111111111 B
#26556
b11110 "
b11110 *
b11110 2
b11100010 :
#26557
b11000101 "
b1001001 *
b1011000 2
b11110 :
#26558
b1010000 "
b11001111 *
b10100110 2
b11100011 :
b0 B
#26559
b10011 "
b1011100 *
b11101 2
b10100111 :
b1 B
#26560
b11011101 "
b11101000 *
b11110 2
b11101 :
b11111111111 B
#26561
b1001000 "
b1100111 *
b10100101 2
b10101001 :
#26562
b10100100 "
b11101101 *
b1011000 2
b11100001 :
b11111111101 B
#26563
b1010000 "
b110001 *
b10100111 2
b11111 :
#26564
b1011110 "
b11111110 *
b11100011 2
b1011010 :
b11111111110 B
#26565
b11100010 "
b11110 *
b11100010 2
b11100010 :
#26566
b1110010 "
b11001011 *
b1011001 2
b1011001 :
b11111111111 B
#26567
b11001111 "
b10110000 *
b11101 2
b10100110 :
b0 B
#26568
b11010111 "
b11110101 *
b11100001 2
b11100010 :
#26569
b11010011 "
b10101110 *
b10101000 :
b11111111111 B
#26570
b11110010 "
b10100011 *
b10100111 :
b11111111101 B
#26571
b11011111 "
b10000110 *
b10100110 2
b10101000 :
b11111111110 B
#26572
b1111101 "
b1011 *
b1011000 2
b10100111 :
#26573
b1011110 "
b11111110 *
b11110 2
#26574
b11100010 "
b11110 *
b11110 :
b0 B
#26575
b110101 "
b1110010 *
b1011010 2
b10101000 :
b1 B
#26576
b11011110 "
b1010111 *
b1011001 2
b11100010 :
b0 B
#26577
b1011100 "
b11101101 *
b10100111 2
b11100011 :
b10 B
#26578
b1100111 "
b1001000 *
b10100110 2
b10101001 :
b11111111111 B
#26579
b1011101 "
b11110010 *
b10100111 2
b100000 :
#26580
b11010111 "
b1011 *
b11101 2
b11100010 :
b11111111101 B
#26581
b1010000 "
b110001 *
b10100111 2
b11111 :
#26582
b110101 "
b10001110 *
b1011011 2
b1010111 :
b11111111110 B
#26583
b1011001 "
b11110 *
b11100011 2
b1011001 :
#26584
b11111110 "
b1011110 *
b10100111 2
b11110 :
b11111111101 B
#26585
b11011110 "
b1010111 *
b11111111111 B
#26586
b11011111 "
b1111010 *
b10100110 2
b1011001 :
#26587
b1010010 "
b11010011 *
b1011001 2
b11100010 :
#26588
b1011101 "
b11110010 *
b11100001 :
b1 B
#26589
b100001 "
b1111010 *
b1011011 2
b1011000 :
b11111111111 B
#26590
b10101001 "
b100010 *
b11100100 2
b1011010 :
b11111111110 B
#26591
b10 "
b1011110 *
b1011010 2
b11101 :
b11111111101 B
#26592
b1011001 "
b10100111 *
b10100110 2
b10101000 :
b11111111110 B
#26593
b11000101 "
b1001001 *
b1011000 2
b11110 :
b11111111111 B
#26594
b1011 "
b1111101 *
b1011001 2
b10100111 :
b11111111110 B
#26595
b1011100 "
b11101101 *
b10100111 2
b11100010 :
b1 B
#26596
b10111000 "
b1100111 *
b1011000 2
b10100111 :
b0 B
#26597
b1001000 "
b10100110 2
b10101000 :
b1 B
#26598
b101001 "
b11110101 *
b11100011 2
b11110 :
b0 B
#26599
b101010 "
b100 *
b11111 :
b11111111110 B
#26600
b1001001 "
b11000101 *
b100001 2
b1011000 :
#26601
b11100010 "
b11100010 *
b11110 2
b11100010 :
b11111111100 B
#26602
b10001110 "
b110101 *
b10100111 2
b10100111 :
b11111111011 B
#26603
b11001111 "
b10110000 *
b11111 2
b0 B
#26604
b101001 "
b1011 *
b11101 2
b11110 :
#26605
b100011 "
b11000 *
b11110 2
b10 B
#26606
b10101110 "
b11010011 *
b10100111 2
b11100011 :
#26607
b10111010 "
b111110 *
b11100100 2
b1011001 :
b0 B
#26608
b10000011 "
b11110101 *
b10101000 2
b1011011 :
b11111111111 B
#26609
b1011110 "
b11111110 *
b11100 2
b10100110 :
b11111111110 B
#26610
b11100010 "
b10100111 *
b10100111 2
b11111 :
#26611
b10100010 "
b11111110 *
b11111 2
b1011001 :
#26612
b100 "
b101010 *
b11101 2
b11100010 :
#26613
b11000010 "
b1000110 *
b1011001 2
#26614
b10111000 "
b1100111 *
b1011010 2
b10101000 :
#26615
b11010011 "
b1010010 *
b11111 2
b11111111111 B
#26616
b11101101 "
b1011100 *
b11100011 2
b10100111 :
b10 B
#26617
b110001 "
b10110000 *
b11110 2
b1011001 :
#26618
b10001110 "
b11001011 *
b1010111 2
b10100101 :
b1 B
#26619
b11110 "
b11110 *
b11100011 2
b11111 :
b11111111111 B
#26620
b10010 "
b100110 *
b11100100 2
b11111111110 B
#26621
b10000011 "
b1011 *
b10100110 2
b10101001 :
b11111111100 B
#26622
b10011 "
b1011100 *
b11100011 2
b1011001 :
b11111111010 B
#26623
b11110010 "
b1011101 *
b11100001 2
b11111111101 B
#26624
b1010010 "
b101101 *
b1011000 2
b11111 :
b11111111111 B
#26625
b10011 "
b10100100 *
b11100100 2
b10100111 :
b10 B
#26626
b110001 "
b10110000 *
b11100011 2
b10100110 :
#26627
b11000101 "
b10110111 *
b10101000 2
b11110 :
#26628
b11110 "
b11100010 *
b11100010 2
b11100010 :
b1 B
#26629
b100110 "
b11101110 *
b11100001 2
b11100100 :
b11111111111 B
#26630
b11011110 "
b1010111 *
b1011000 2
b11011111 :
b0 B
#26631
b10100100 "
b10011 *
b1011010 2
b11011 :
b11111111001 B
#26632
b1011101 "
b1110 *
b10100110 2
b11100011 :
b11111111011 B
#26633
b1110 "
b1011101 *
b11100010 2
b10100110 :
b11111111100 B
#26634
b1000110 "
b11000010 *
b11100001 2
b1011000 :
b11111111111 B
#26635
b110001 "
b10110000 *
b11101 2
b1011010 :
b0 B
#26636
b10 "
b1011110 *
b10100111 2
b11100001 :
b10 B
#26637
b11110 "
b11100010 *
b11110 2
b11110 :
b1 B
#26638
b11101110 "
b11011010 *
b11100010 :
b10 B
#26639
b1111101 "
b11110101 *
b1011010 2
b1010111 :
b0 B
#26640
b10100100 "
b10011 *
b10100111 2
b11100100 :
#26641
b100011 "
b11000 *
b11111 2
b11101 :
b11111111101 B
#26642
b1100111 "
b10111000 *
b1010111 2
b10100101 :
b11111111110 B
#26643
b1011100 "
b10011 *
b1011001 2
b11100001 :
b11111111011 B
#26644
b100010 "
b1010111 *
b11110 :
b11111111110 B
#26645
b11000101 "
b10110111 *
b10101000 2
#26646
b11100010 "
b10100111 *
b10100111 2
b11101 :
b1 B
#26647
b10001110 "
b110101 *
b1011001 2
b1011001 :
b11111111111 B
#26648
b1011 "
b1111101 *
b10100111 :
b1 B
#26649
b10111010 "
b11000010 *
b11111 2
b1011000 :
b0 B
#26650
b10101110 "
b101101 *
b1011000 2
b11100001 :
#26651
b10111000 "
b10011001 *
b1011011 2
b1010111 :
b11111111110 B
#26652
b111110 "
b1000110 *
b10100111 2
b11100100 :
#26653
b11111100 "
b101010 *
b11100011 2
b11100010 :
b11111111101 B
#26654
b10 "
b1011110 *
b10100111 2
b11111111110 B
#26655
b11100010 "
b10100111 *
b1011001 2
b10 B
#26656
b11101110 "
b11011010 *
b11110 2
b1 B
#26657
b11011110 "
b1010111 *
b10101001 2
b11111 :
b11111111111 B
#26658
b100001 "
b10000110 *
b1011000 2
b10100101 :
b0 B
#26659
b100011 "
b11000 *
b11111 2
b11101 :
b11111111101 B
#26660
b1110 "
b1011101 *
b100000 2
b1011001 :
b11111111110 B
#26661
b10111010 "
b111110 *
b11100100 2
b11111111011 B
#26662
b10110000 "
b11001111 *
b10100111 2
b11110 :
b11111111101 B
#26663
b10001110 "
b11001011 *
b1011001 :
b11111111110 B
#26664
b1011001 "
b11100010 *
b11100011 2
b10100111 :
b11111111111 B
#26665
b11001011 "
b10001110 *
b10100110 2
b1011000 :
b0 B
#26666
b11001111 "
b10110000 *
b11100010 2
b1011001 :
b1 B
#26667
b10000110 "
b11011111 *
b1011010 2
b10 B
#26668
b11110010 "
b1011101 *
b11101 2
b10100110 :
b1 B
#26669
b1001000 "
b1100111 *
b10100101 2
b10101010 :
b11111111111 B
#26670
b11011111 "
b10000110 *
b1011100 2
b1010111 :
#26671
b11011110 "
b10101001 *
b1011010 2
b11011 :
b11111111100 B
#26672
b11011010 "
b11101110 *
b11101 2
b11100010 :
#26673
b11110 "
b10100111 *
b1011001 2
b11101 :
#26674
b1110010 "
b11001011 *
b1011000 2
b1011010 :
b11111111110 B
#26675
b11111100 "
b11010110 *
b11101 2
b11100010 :
b11111111111 B
#26676
b10000110 "
b11011111 *
b10101000 2
b10100110 :
b1 B
#26677
b1100111 "
b1001000 *
b1011001 2
b1011001 :
b11111111110 B
#26678
b11000 "
b100011 *
b11110 2
b11110 :
b1 B
#26679
b10000110 "
b100001 *
b10101000 2
b1011010 :
b0 B
#26680
b10110000 "
b11001111 *
b10100111 2
b11111 :
#26681
b11011010 "
b11101110 *
b11100011 2
b11110 :
b11111111111 B
#26682
b10100111 "
b1011001 *
b1011010 2
b1011000 :
b11111111110 B
#26683
b10 "
b10100010 *
b10100111 2
b11111 :
#26684
b1010000 "
b11001111 *
b10100110 2
b11100011 :
#26685
b10011 "
b1011100 *
b11110 2
b10100110 :
#26686
b11101000 "
b100011 *
b11100010 :
b11111111111 B
#26687
b11011101 *
b11110 :
b0 B
#26688
b101001 "
b11110101 *
b11100010 2
#26689
b11011110 "
b10101001 *
b1011001 2
#26690
b10010 "
b11011010 *
b11110 2
#26691
b1011001 "
b11110 *
b11100011 2
b1011001 :
b1 B
#26692
b10010 "
b100110 *
b11100010 2
b11111 :
b0 B
#26693
b101010 "
b11111100 *
b11111 2
b11100 :
b11111111111 B
#26694
b10011 "
b1011100 *
b11100100 2
b1011010 :
b11111111110 B
#26695
b10011001 "
b10111000 *
b10100110 2
b10101001 :
b11111111001 B
#26696
b1011101 "
b11110010 *
b1011010 2
b11100010 :
b11111111110 B
#26697
b1111010 "
b11011111 *
b10100111 :
b11111111101 B
#26698
b11010110 "
b11111100 *
b11100001 2
b11101 :
b0 B
#26699
b100110 "
b10010 *
b11110 2
b11100010 :
b1 B
#26700
b11100010 "
b11110 *
b11110 :
b101 B
#26701
b1110010 "
b11001011 *
b10100101 2
b10101001 :
b0 B
#26702
b11010110 "
b100 *
b11111 2
b11100 :
#26703
b11000010 "
b1000110 *
b1011000 2
b11100000 :
b11111111101 B
#26704
b11101000 "
b100011 *
b11101 2
b11100001 :
b11111111001 B
#26705
b11011101 "
b11000 *
b11110 2
b11100010 :
b11111111100 B
#26706
b10111010 "
b111110 *
b10101000 :
#26707
b11010110 "
b11111100 *
b11111 2
b11100011 :
b0 B
#26708
b11001011 "
b1110010 *
b10101001 2
b10100110 :
b1 B
#26709
b11100010 "
b11110 *
b11100010 2
b11100010 :
b101 B
#26710
b1110010 "
b11001011 *
b1011011 2
b1011000 :
b10 B
#26711
b11110101 "
b10000011 *
b1010111 2
b10100101 :
b0 B
#26712
b101001 *
b11100010 2
b11111 :
b11111111101 B
#26713
b1010010 "
b11010011 *
b1011000 2
b11011111 :
b11111111110 B
#26714
b10101110 "
b10100110 2
b11100100 :
#26715
b10011 "
b10100100 *
b11100001 2
b10100111 :
b11111111011 B
#26716
b11001111 "
b1010000 *
b11110 2
b1011001 :
b11111111110 B
#26717
b11000101 "
b10110111 *
b10101000 2
b11110 :
#26718
b1011001 "
b10100111 *
b10100110 :
b11111111111 B
#26719
b11000101 "
b1001001 *
b1011001 2
b11111 :
#26720
b100010 "
b10101001 *
b10100111 2
b11110 :
b1 B
#26721
b101001 "
b1011 *
b11100001 2
b11100010 :
b10 B
#26722
b1110 "
b10100011 *
b11100011 2
b1011010 :
b11111111111 B
#26723
b11011101 "
b11000 *
b11101 2
b11100001 :
b11111111101 B
#26724
b11000010 "
b10111010 *
b1011001 2
b11100 :
b11111111111 B
#26725
b100 "
b11010110 *
b11101 2
b11110 :
b11111111100 B
#26726
b1011110 "
b11111110 *
b11100010 2
b1011001 :
b11111111110 B
#26727
b10100111 "
b1011001 *
b10100111 2
b10100111 :
b10 B
#26728
b111011 "
b10110111 *
b1011001 2
b11101 :
b1 B
#26729
b11010110 "
b100 *
b11100001 2
b11100011 :
b0 B
#26730
b10111010 "
b11000010 *
b10101000 :
b11111111111 B
#26731
b11011101 "
b11101000 *
b11100011 :
b11111111011 B
#26732
b10111000 "
b10011001 *
b10100110 2
b10101000 :
b11111111110 B
#26733
b10000110 "
b100001 *
b10101000 2
b1011010 :
b11111111011 B
#26734
b11111100 "
b101010 *
b11101 2
b11110 :
b11111111110 B
#26735
b111011 "
b1001001 *
b1011001 2
b11100011 :
b11111111111 B
#26736
b11100010 "
b10100111 *
b10100111 2
b11101 :
b10 B
#26737
b1011110 "
b10 *
b11100010 2
b10100111 :
b1 B
#26738
b100010 "
b10101001 *
b10101000 2
b11110 :
#26739
b11101101 "
b10100100 *
b11100101 2
b1011010 :
b11111111111 B
#26740
b101101 "
b1010010 *
b11011111 2
b10101000 :
#26741
b1001000 "
b1100111 *
b10100101 2
b10101010 :
b11111111100 B
#26742
b11110101 "
b11010111 *
b11110 2
b11101 :
b11111111011 B
#26743
b1010111 "
b11011110 *
b11100010 2
b1011001 :
b11111111100 B
#26744
b11001011 "
b1110010 *
b10101000 2
b10100110 :
b11111111101 B
#26745
b1011001 "
b11110 *
b11100001 2
b1011001 :
b1 B
#26746
b100110 "
b11101110 *
b11110 2
b11110 :
#26747
b10110000 "
b110001 *
b10100110 2
b11100011 :
b10 B
#26748
b1011100 "
b11101101 *
b1011010 2
b11100 :
b0 B
#26749
b1110 "
b10100011 *
b11101 2
b10100110 :
b11111111111 B
#26750
b11011101 "
b11000 *
b11100011 2
b11111 :
b11111111110 B
#26751
b11010111 "
b1011 *
b11110 :
b11111111111 B
#26752
b1010000 "
b110001 *
b1011001 2
b11100000 :
b11111111100 B
#26753
b10010 "
b11011010 *
b11100010 2
b11100010 :
b11111111110 B
#26754
b11110 "
b1011001 *
b1011001 2
b11111111101 B
#26755
b100110 "
b11101110 *
b11100010 2
b0 B
#26756
b100 "
b101010 *
b11101 2
b11111111111 B
#26757
b1011100 "
b11101101 *
b10100111 2
b0 B
#26758
b100011 "
b11000 *
b11100010 2
b11111111110 B
#26759
b1001000 "
b1100111 *
b10100111 2
b10100111 :
b1 B
#26760
b10011 "
b10100100 *
b11111 2
b1011001 :
b0 B
#26761
b11111100 "
b101010 *
b11100011 2
b11100010 :
#26762
b11111110 "
b10100010 *
b1011010 2
b11101 :
b11111111110 B
#26763
b10100111 "
b1011001 *
b10100110 2
b10101000 :
b10 B
#26764
b1110010 "
b11001011 *
b1011011 2
b1011000 :
b11111111111 B
#26765
b110001 "
b1010000 *
b11100100 2
b1011010 :
b11111111110 B
#26766
b101001 "
b1011 *
b11111 2
b11110 :
b11111111101 B
#26767
b10100011 "
b11110010 *
b10100110 2
b11100011 :
b11111111110 B
#26768
b1110 *
b10100111 2
b11111 :
b11111111101 B
#26769
b10000110 "
b100001 *
b1011010 :
b11111111111 B
#26770
b11011110 "
b10101001 *
b11100010 :
b11111111110 B
#26771
b11101110 "
b100110 *
b11110 2
b11110 :
b0 B
#26772
b11100010 "
b1011001 *
b1011001 2
b1 B
#26773
b11011010 "
b10010 *
b11110 2
b0 B
#26774
b1011 "
b1111101 *
b1011000 2
b10100111 :
b1 B
#26775
b11011111 "
b1111010 *
b1010111 2
b10100101 :
b0 B
#26776
b10011001 "
b10111000 *
b1011011 2
b1010110 :
#26777
b1110 "
b1011101 *
b11011111 2
b10101000 :
b11111111110 B
#26778
b10100100 "
b11101101 *
b1011000 2
b11100001 :
b11111111100 B
#26779
b100 "
b11010110 *
b11101 2
b11110 :
b11111111011 B
#26780
b10110111 "
b111011 *
b11100010 2
b10101000 :
b11111111110 B
#26781
b11100010 "
b11100010 *
b11110 2
b11100010 :
b10 B
#26782
b1011110 "
b10 *
b1011001 :
b11111111111 B
#26783
b100010 "
b10101001 *
b1011001 2
b11100010 :
b0 B
#26784
b101001 "
b1011 *
b11111 2
b11110 :
b11111111111 B
#26785
b10100011 "
b11110010 *
b10100110 2
b11100011 :
#26786
b10011001 "
b1001000 *
b10101001 2
b1011010 :
b11111111101 B
#26787
b1111010 "
b11011111 *
b1011000 2
b10100110 :
b11111111111 B
#26788
b1010111 "
b11011110 *
b11101 2
b10100111 :
b11111111110 B
#26789
b1001001 "
b11000101 *
b11100010 2
b10101000 :
b11111111111 B
#26790
b10100111 "
b1011001 *
b1011010 2
b1011000 :
#26791
b111011 "
b10110111 *
b10100111 2
b11100011 :
#26792
b11111100 "
b11010110 *
b11100011 2
b11110 :
b11111111110 B
#26793
b11011111 "
b1111010 *
b1011001 2
b10100110 :
b11111111111 B
#26794
b10111000 "
b1100111 *
b1011000 2
b10100111 :
b11111111110 B
#26795
b11110010 "
b10100011 *
b11111 2
b1011001 :
b0 B
#26796
b11110101 "
b11010111 *
b11110 2
b11101 :
#26797
b100 "
b11010110 *
b11101 2
b11110 :
b11111111110 B
#26798
b11011010 "
b11101110 *
b11110 2
b11100010 :
b11111111101 B
#26799
b10100111 "
b1011001 *
b10100111 2
b10100111 :
b10 B
#26800
b100110 "
b11101110 *
b11110 2
b11110 :
b0 B
#26801
b11111100 "
b11010110 *
b11101 2
b11100001 :
#26802
b10100100 "
b10011 *
b10100111 2
b11100100 :
#26803
b101101 "
b1010010 *
b11111 2
b1011000 :
b11111111100 B
#26804
b10011001 "
b1001000 *
b10101000 2
b1011010 :
b11111111110 B
#26805
b11010111 "
b1011 *
b11100010 2
b11110 :
#26806
b101010 "
b100 *
b11110 2
b11100011 :
b11111111111 B
#26807
b1110010 "
b110101 *
b1011001 2
b10100111 :
b0 B
#26808
b10100111 "
b11110 *
b11110 2
b1011001 :
b11 B
#26809
b1110010 "
b11001011 *
b10100110 2
b10101001 :
b0 B
#26810
b11110101 "
b10000011 *
b10101001 2
b1011010 :
b11111111111 B
#26811
b10000110 "
b11011111 *
b1011011 2
b1010111 :
b11111111101 B
#26812
b10011001 "
b10111000 *
b1011010 2
b11111111110 B
#26813
b100011 "
b11101000 *
b11100011 2
b11111 :
b11111111101 B
#26814
b11011111 "
b10000110 *
b1011010 2
b1011000 :
#26815
b1010111 "
b11011110 *
b11100010 2
b1011001 :
b11111111100 B
#26816
b11111110 "
b10100010 *
b1011001 2
b11111 :
b11111111110 B
#26817
b11100010 "
b1011001 *
b10100111 2
b11100001 :
b1 B
#26818
b11000101 "
b1001001 *
b10 B
#26819
b11110101 "
b10000011 *
b1011001 2
b10100111 :
#26820
b1111010 "
b100001 *
b1011011 2
b1011000 :
#26821
b10111000 "
b1100111 *
b10101010 2
b1011011 :
b0 B
#26822
b101101 "
b10101110 *
b11011 2
b10100111 :
b11111111101 B
#26823
b10000110 "
b100001 *
b10101001 2
b1011100 :
#26824
b11010110 "
b11111100 *
b11100010 2
b11110 :
#26825
b10 "
b1011110 *
b1011010 2
b11101 :
#26826
b10100111 "
b11100010 *
b11100011 2
b1011001 :
b0 B
#26827
b111011 "
b10110111 *
b10100111 2
b11100011 :
b11111111111 B
#26828
b101010 "
b11111100 *
b11100010 2
#26829
b11110101 "
b101001 *
b11110 2
b11100001 :
#26830
b11101000 "
b100011 *
b11101 2
b11100010 :
b11111111101 B
#26831
b11110010 "
b10100011 *
b11111 2
b1011001 :
b11111111110 B
#26832
b1111010 "
b11011111 *
b10101000 2
b1011010 :
#26833
b101010 "
b100 *
b11100010 2
b11101 :
#26834
b11101110 "
b100110 *
b11100010 :
b11111111111 B
#26835
b11110 "
b11100010 *
b11110 2
b11110 :
b11 B
#26836
b1011110 "
b10 *
b100000 2
b1011001 :
b0 B
#26837
b11001111 "
b10110000 *
b11100 2
b10100111 :
#26838
b1011100 "
b11101101 *
b1011010 2
b11100 :
b11111111101 B
#26839
b11101000 "
b100011 *
b11100011 2
b11110 :
b11111111110 B
#26840
b10101110 "
b11010011 *
b10100111 2
b11100011 :
#26841
b11101101 "
b1011100 *
b11111 2
b1011001 :
#26842
b1010111 "
b11011110 *
b11110 2
b10100111 :
b11111111111 B
#26843
b10 "
b1011110 *
b1011001 2
b11110 :
b11111111110 B
#26844
b11110 "
b1011001 *
b11100010 :
b1 B
#26845
b10100010 "
b11111110 *
b11111 2
b1011001 :
#26846
b1010000 "
b11001111 *
b10100111 2
b11100100 :
b11111111111 B
#26847
b11011111 "
b1111010 *
b1010111 2
b10100101 :
b11111111110 B
#26848
b10011001 "
b10111000 *
b1011010 2
b1010111 :
#26849
b11011101 "
b11000 *
b11110 2
b11100001 :
#26850
b111110 "
b1000110 *
b10100111 2
b11100011 :
b11111111101 B
#26851
b101010 "
b100 *
b11100010 2
b11101 :
b11111111110 B
#26852
b1001001 "
b11000101 *
b11110 2
b1011000 :
b11111111111 B
#26853
b11100010 "
b11100010 *
b11100010 :
b11 B
#26854
b11011010 "
b10010 *
b11100001 2
b11111111111 B
#26855
b10110000 "
b110001 *
b10100111 2
b11100100 :
b0 B
#26856
b11010111 "
b11110101 *
b11100001 2
b11100010 :
b11111111101 B
#26857
b10100011 "
b11110010 *
b10100110 2
b11100011 :
b11111111110 B
#26858
b101101 "
b10101110 *
b11101 2
b10100111 :
b11111111101 B
#26859
b10011 "
b10100100 *
b11100001 2
b11111111111 B
#26860
b110001 "
b10110000 *
#26861
b11111110 "
b10100010 *
b10100110 2
b11100011 :
b11111111110 B
#26862
b1011001 "
b11110 *
b11101 2
b10100111 :
#26863
b11000101 "
b1001001 *
b1011000 2
b11110 :
b11111111111 B
#26864
b1010000 "
b11001111 *
b10100110 2
b11100011 :
#26865
b111110 "
b10111010 *
b10101000 2
b11110 :
b1 B
#26866
b101101 "
b1010010 *
b11100001 2
b10101000 :
b11111111111 B
#26867
b11000 "
b100011 *
b11100011 :
#26868
b111110 "
b1000110 *
b10100111 2
b11100100 :
b11111111110 B
#26869
b1011 "
b10000011 *
b1011010 2
b1011000 :
b11111111011 B
#26870
b1001001 "
b11000101 *
b11110 2
b11111111110 B
#26871
b11100010 "
b1011001 *
b10100111 2
b11100010 :
#26872
b11000101 "
b1001001 *
b11100001 :
b11111111111 B
#26873
b11110101 "
b10000011 *
b1011001 2
b10101000 :
b1 B
#26874
b10011 "
b1011100 *
b11100011 2
b1011001 :
b10 B
#26875
b101101 "
b1010010 *
b11111 2
b1011000 :
b1 B
#26876
b10111000 "
b10011001 *
b10100101 2
b10101010 :
b11111111111 B
#26877
b11101101 "
b1011100 *
b100000 2
b1011000 :
b11111111110 B
#26878
b100 "
b11010110 *
b11100010 2
b11100011 :
b11111111100 B
#26879
b10010 "
b11011010 *
#26880
b11110 "
b10100111 *
b10100111 2
b11100010 :
b11111111101 B
#26881
b1110010 "
b11001011 *
b10101000 2
b10100110 :
#26882
b10000011 "
b1011 *
b1011000 2
b1011010 :
b1 B
#26883
b100001 "
b10000110 *
b10100110 2
b1011001 :
#26884
b11000 "
b11011101 *
b11100010 2
b11110 :
#26885
b10100011 "
b1110 *
b1011001 2
b11100000 :
#26886
b101001 "
b11110101 *
b11100011 2
b11110 :
b0 B
#26887
b1010000 "
b110001 *
b10101000 2
b100001 :
b11111111101 B
#26888
b10 "
b1011110 *
b10100110 2
b11100100 :
b11111111110 B
#26889
b10100111 "
b11100010 *
b11100 2
b10100110 :
b11111111011 B
#26890
b1001001 "
b111011 *
b11100011 2
b1011001 :
b11111111110 B
#26891
b11111100 "
b11010110 *
b11101 2
b11100010 :
#26892
b11110101 "
b101001 *
b11100010 2
b11110 :
b11111111111 B
#26893
b11000 "
b11011101 *
b11110 2
b11100010 :
b11111111110 B
#26894
b10101110 "
b11010011 *
b10100111 2
b0 B
#26895
b10000110 "
b100001 *
b1011010 :
#26896
b11110101 "
b1111101 *
b1011001 2
b1011000 :
b1 B
#26897
b1110010 "
b110101 *
b1010111 2
b10100101 :
b0 B
#26898
b10100111 "
b11110 *
b11111 2
b1011001 :
b11111111111 B
#26899
b10110111 "
b11000101 *
b11100011 2
b11111111110 B
#26900
b101010 "
b11111100 *
b11100010 2
b11100011 :
#26901
b1000110 "
b111110 *
b10101000 :
b11111111111 B
#26902
b11101000 "
b100011 *
b11110 2
b11100010 :
b11111111101 B
#26903
b11110010 "
b10100011 *
b11111 2
b1011001 :
b11111111111 B
#26904
b1111010 "
b11011111 *
b10101000 2
b1011010 :
b0 B
#26905
b11011110 "
b10101001 *
b1011001 2
b11101 :
b11111111110 B
#26906
b11001011 "
b1110010 *
b10100111 2
b10101000 :
b11111111111 B
#26907
b11100010 "
b11110 *
b11100010 2
b11100010 :
#26908
b1110010 "
b11001011 *
b1011010 2
b1011000 :
#26909
b10101001 "
b11011110 *
b11100001 2
b10101000 :
b0 B
#26910
b10011 "
b1011100 *
b11100100 2
b1011010 :
b11111111110 B
#26911
b100011 "
b11000 *
b11110 2
b11110 :
#26912
b101101 "
b10101110 *
b11101 2
b10100111 :
#26913
b10100100 "
b11101101 *
b10100111 2
b11110 :
b0 B
#26914
b11011110 "
b10101001 *
b11100010 :
b11111111111 B
#26915
b10110111 "
b111011 *
b11110 2
b1011000 :
#26916
b11110 "
b10100111 *
b10100111 2
b11100011 :
b1 B
#26917
b10 "
b10100010 *
b10101000 2
b100000 :
b11111111111 B
#26918
b11010110 "
b100 *
b11111 2
b11100 :
#26919
b10000110 "
b11011111 *
b1011011 2
b1010111 :
b11111111100 B
#26920
b101101 "
b1010010 *
b11100001 2
b10101000 :
b11111111001 B
#26921
b10101110 "
b11010011 *
b1011000 2
b11111 :
b11111111101 B
#26922
b10100100 "
b11101101 *
b1011010 2
b11100100 :
b11111111110 B
#26923
b11111100 "
b101010 *
b11100100 2
b11100001 :
b10 B
#26924
b10001110 "
b11001011 *
b1011010 2
b10101000 :
#26925
b1011001 "
b11110 *
b11100010 2
b1011001 :
b110 B
#26926
b11111110 "
b1011110 *
b10101000 2
b100001 :
b10 B
#26927
b100 "
b101010 *
b11100100 2
b11111 :
b1 B
#26928
b11011111 "
b1111010 *
b10101011 2
b1011110 :
b11111111011 B
#26929
b10111000 "
b1100111 *
b1011100 :
b11111111010 B
#26930
b1011101 "
b11110010 *
b1011001 2
b11100001 :
#26931
b1011 "
b101001 *
b11110 2
b11111 :
b11111111011 B
#26932
b11110101 "
b1111101 *
b1010111 2
b1011010 :
b11111111110 B
#26933
b1011110 "
b11111110 *
b100001 2
b10101000 :
b10 B
#26934
b11110 "
b11100010 *
b11100010 2
b11100010 :
#26935
b1011110 "
b10 *
b10100110 :
b101 B
#26936
b11111100 "
b11010110 *
b11100100 2
b11111 :
b0 B
#26937
b101001 "
b1011 *
b11100001 2
b11100010 :
#26938
b10101110 "
b101101 *
b1011000 2
b11011111 :
b11111111010 B
#26939
b1010010 "
b10100111 2
b11100011 :
b11111111101 B
#26940
b1000110 "
b11000010 *
b11100010 2
b1011001 :
b11111111011 B
#26941
b11111100 "
b101010 *
b11100011 2
b11100001 :
b11111111111 B
#26942
b11111110 "
b10100010 *
b1011001 2
b11111 :
b1 B
#26943
b1011001 "
b11110 *
b11100010 2
b1011001 :
b100 B
#26944
b1001001 "
b111011 *
b11100011 2
b10 B
#26945
b1010000 "
b11001111 *
b1011010 2
b11011 :
b1 B
#26946
b11011111 "
b1111010 *
b10101010 2
b1011101 :
b11111111111 B
#26947
b1010010 "
b11010011 *
b1010111 2
b11011110 :
b11111111100 B
#26948
b1011101 "
b11110010 *
b1011000 2
b11011111 :
b11111111011 B
#26949
b10000110 "
b100001 *
b10101000 2
b1011011 :
b11111111001 B
#26950
b11011110 "
b10101001 *
b10100111 2
b11100010 :
b11111111011 B
#26951
b110101 "
b10001110 *
b10101001 2
b10100110 :
b11111111110 B
#26952
b10100111 "
b11100010 *
b11100000 2
b1011000 :
b1 B
#26953
b11000101 "
b1001001 *
b1011000 2
b100000 :
b10 B
#26954
b1010000 "
b11001111 *
b10100111 2
b11100010 :
b100 B
#26955
b10100100 "
b10011 *
b1011010 2
b11100 :
#26956
b10011001 "
b10111000 *
b1011100 2
b1010101 :
b1 B
#26957
b11011101 "
b11000 *
b11101 2
b11100001 :
b11111111110 B
#26958
b1000110 "
b11000010 *
b11100110 2
b1011001 :
b11111111010 B
#26959
b10000011 "
b11110101 *
b1011000 2
b10100110 :
b11111111100 B
#26960
b11011010 "
b11101110 *
b11110 2
b11100010 :
b11111111011 B
#26961
b1011001 "
b10100111 *
b1011000 2
b1011010 :
b11111111111 B
#26962
b1011110 "
b10 *
b11110 2
b0 B
#26963
b11010110 "
b100 *
b11100010 2
b11100011 :
b1 B
#26964
b10011 "
b1011100 *
b11100011 2
b1011001 :
b0 B
#26965
b10011001 "
b10111000 *
b10100111 2
b10101000 :
b11111111101 B
#26966
b11000 "
b100011 *
b11110 2
b11110 :
b11111111111 B
#26967
b11101101 "
b1011100 *
b11111 2
b1011001 :
#26968
b101010 "
b100 *
b11110 2
b11100011 :
b0 B
#26969
b11101110 "
b100110 *
b11101 :
b11111111110 B
#26970
b1011001 "
b10100111 *
b10100110 2
b10101000 :
b11 B
#26971
b10100010 "
b11111110 *
b100001 2
b1011000 :
b11111111101 B
#26972
b110001 "
b1010000 *
b11100 2
b10100111 :
b11111111110 B
#26973
b1111010 "
b100001 *
b10100101 2
b10101000 :
b11111111011 B
#26974
b100011 "
b11000 *
b11100010 2
b11100010 :
b11111111110 B
#26975
b11000 "
b100011 *
b11111111101 B
#26976
b1111010 "
b11011111 *
b10100110 2
b1011001 :
b0 B
#26977
b11001111 "
b1010000 *
b11100011 2
b10100110 :
#26978
b10001110 "
b11001011 *
b1011001 2
b10100111 :
b1 B
#26979
b11110 "
b10100111 *
b11101 :
#26980
b10001110 "
b110101 *
b10100101 2
b10101000 :
b0 B
#26981
b1010000 "
b11001111 *
b1011010 2
b11100 :
b11111111111 B
#26982
b1000110 "
b111110 *
b11111 2
b1011000 :
b11111111101 B
#26983
b10011001 "
b10111000 *
b10100110 2
b10101001 :
b11111111110 B
#26984
b11110010 "
b10100011 *
b11100001 2
b10100111 :
#26985
b101001 "
b11110101 *
b11101 2
b11100010 :
b11111111101 B
#26986
b101010 "
b100 *
b11110 2
b11100011 :
b11111111110 B
#26987
b100110 "
b10010 *
b11100010 :
#26988
b11110 "
b11110 *
b11 B
#26989
b110101 "
b1110010 *
b1011000 2
b10100110 :
b0 B
#26990
b10101001 "
b11011110 *
b11110 2
b1011000 :
#26991
b1011 "
b11010111 *
b11100010 2
b11111 :
b11111111111 B
#26992
b11110010 "
b1011101 *
b11101 2
b10100110 :
#26993
b11010011 "
b1010010 *
b11100 2
b11111111110 B
#26994
b10011 "
b10100100 *
b11111 2
b1011001 :
b11111111111 B
#26995
b100 "
b11010110 *
b11101 2
b11110 :
b11111111110 B
#26996
b11101110 "
b100110 *
b11100010 2
b11100011 :
#26997
b11100010 "
b11110 *
b11100010 :
b10 B
#26998
b1110010 "
b11001011 *
b1011011 2
b1011000 :
b11111111101 B
#26999
b11110101 "
b10000011 *
b1011000 2
b10100110 :
b0 B
#27000
b11010111 "
b11110101 *
b11100001 2
b11100010 :
b11111111101 B
#27001
b1100111 "
b1001000 *
b1011001 2
b1011000 :
b11111111111 B
#27002
b10101110 "
b11010011 *
b10100111 2
b11100011 :
b11111111101 B
#27003
b11101101 "
b1011100 *
b11111 2
b1011001 :
b11111111111 B
#27004
b11010110 "
b11111100 *
b11100010 2
b11101 :
#27005
b11001011 "
b1110010 *
b1011011 2
b1010111 :
b11111111110 B
#27006
b11110 "
b10100111 *
b10100111 2
b11100011 :
b11 B
#27007
b1001001 "
b111011 *
b11100 2
b10100110 :
b11111111101 B
#27008
b1111101 "
b11110101 *
b10100110 2
b10101001 :
b11111111111 B
#27009
b101001 "
b1011 *
b11100001 2
b11100010 :
b11111111110 B
#27010
b101101 "
b1010010 *
b10101000 :
b11111111101 B
#27011
b1011101 "
b11110010 *
b10100111 2
b11111 :
#27012
b1011 "
b101001 *
b11100010 2
b11100011 :
b11111111110 B
#27013
b10000011 "
b11110101 *
b1011000 2
b10100111 :
#27014
b10010 "
b11011010 *
b11110 2
b11110 :
b11111111101 B
#27015
b11110 "
b1011001 *
b10100111 2
b11101 :
b0 B
#27016
b11101110 "
b11011010 *
b11110 2
b11100010 :
#27017
b1010111 "
b100010 *
b1011001 :
b1 B
#27018
b11110101 "
b101001 *
b11100010 2
b11111 :
b0 B
#27019
b10011001 "
b10111000 *
b10100111 2
b10101000 :
b11111111111 B
#27020
b1001000 "
b1100111 *
b1011010 2
b1010111 :
b11111111110 B
#27021
b10000110 "
b100001 *
b10101000 2
b1011010 :
b11111111111 B
#27022
b11010110 "
b11111100 *
b11100010 2
b11101 :
b11111111101 B
#27023
b1001001 "
b11000101 *
b10101000 :
b11111111111 B
#27024
b10100111 "
b10100111 *
b10101000 2
b1011010 :
b11 B
#27025
b10001110 "
b110101 *
b1011011 2
b1010111 :
b11111111111 B
#27026
b10110000 "
b110001 *
b1011010 2
b11011 :
#27027
b1000110 "
b111110 *
b11100000 2
b10101000 :
b11111111101 B
#27028
b10100011 "
b11110010 *
b1011010 2
b11100 :
b11111111100 B
#27029
b11011101 "
b11000 *
b11110 2
b11100001 :
#27030
b10111010 "
b111110 *
b10100111 :
b11111111110 B
#27031
b10110000 "
b11001111 *
b1011010 2
b11100011 :
#27032
b111011 "
b1001001 *
b10100111 2
b11101 :
b1 B
#27033
b11100010 "
b11110 *
b11100010 2
b11100010 :
#27034
b11000101 "
b1001001 *
b10100111 2
b11100011 :
#27035
b1111101 "
b11110101 *
b1011010 2
b1010111 :
b0 B
#27036
b1000110 "
b111110 *
b11111 2
b1011000 :
b11111111111 B
#27037
b101101 "
b1010010 *
b100001 2
b11111111101 B
#27038
b10011001 "
b1001000 *
b10101001 2
b1011011 :
b11111111110 B
#27039
b11011111 "
b10000110 *
b10100101 2
b10101000 :
b11111111011 B
#27040
b101010 "
b100 *
b11110 2
b11100011 :
b11111111110 B
#27041
b111011 "
b1001001 *
b1011000 2
b11100010 :
b11111111101 B
#27042
b11100010 "
b10100111 *
b10100111 2
b11101 :
b11 B
#27043
b1001001 "
b111011 *
b11101 2
b10100111 :
b11111111111 B
#27044
b100 "
b101010 *
b11100010 :
b1 B
#27045
b101001 "
b1011 *
b11100001 2
b11111111111 B
#27046
b10100011 "
b11110010 *
b1011010 2
b11100 :
b11111111110 B
#27047
b11011101 "
b11000 *
b11101 2
b11100001 :
b11111111101 B
#27048
b11110101 "
b11010111 *
b11110 2
b11101 :
b11111111110 B
#27049
b10110000 "
b11001111 *
b1011001 2
b11100001 :
b11111111100 B
#27050
b1110010 "
b110101 *
b10100111 2
b1011001 :
b11111111101 B
#27051
b10100111 "
b11110 *
b11100011 2
b10100111 :
b11111111110 B
#27052
b10110111 "
b11000101 *
b100000 2
b10101000 :
b0 B
#27053
b1111101 "
b11110101 *
b1011000 2
b1011010 :
b1 B
#27054
b10000110 "
b11011111 *
b10100111 2
b10100110 :
b100 B
#27055
b11000 "
b11011101 *
b11101 2
b11100010 :
b1 B
#27056
b11010011 "
b1010010 *
b11100101 2
b1011001 :
b0 B
#27057
b11011111 "
b10000110 *
b10100100 2
b10101001 :
b11111111110 B
#27058
b10000011 "
b11110101 *
b10101001 2
b1011011 :
b11111111101 B
#27059
b100110 "
b10010 *
b11101 2
b11100010 :
b11111111100 B
#27060
b11110 "
b1011001 *
b1011001 2
b11100001 :
b11111111110 B
#27061
b11011010 "
b10010 *
b11110 2
b11110 :
#27062
b110001 "
b1010000 *
b10100111 :
#27063
b1111010 "
b100001 *
b10101000 2
b10100110 :
b0 B
#27064
b1100111 "
b1001000 *
b1 B
#27065
b10100011 "
b1110 *
b1011001 2
b11100001 :
#27066
b1000110 "
b11000010 *
b11100100 2
b1011001 :
#27067
b1011 "
b10000011 *
b1011011 2
b1010111 :
b11111111110 B
#27068
b10010 "
b11011010 *
b11110 2
b11101 :
#27069
b11100010 "
b11100010 *
b11100010 :
b11111111101 B
#27070
b1110010 "
b11001011 *
b1011010 2
b1011000 :
#27071
b1011 "
b1111101 *
b10100111 2
b1011001 :
b0 B
#27072
b10000110 "
b11011111 *
b10100110 2
b10100111 :
b11111111110 B
#27073
b10111000 "
b1100111 *
b10100111 2
b1011001 :
b0 B
#27074
b10100011 "
b1110 *
b11111 :
b11111111111 B
#27075
b1011 "
b101001 *
b11110 2
b11101 :
b0 B
#27076
b100 "
b11010110 *
b11100011 2
b11100010 :
b11111111110 B
#27077
b11001011 "
b1110010 *
b1011001 2
b1011000 :
b11111111101 B
#27078
b11110 "
b11110 *
b11110 2
b11100010 :
b10 B
#27079
b100110 "
b11101110 *
b11100010 2
b11111111111 B
#27080
b11110101 "
b10000011 *
b10101000 2
b1011001 :
b0 B
#27081
b10111010 "
b11000010 *
b11111 2
b1011000 :
#27082
b11101000 "
b100011 *
b11101 2
b11100010 :
#27083
b100011 "
b11101000 *
b11100011 2
b11111 :
b11111111110 B
#27084
b11011111 "
b10000110 *
b1011011 2
b1011000 :
#27085
b100010 "
b1010111 *
b10100111 2
b11100011 :
b11111111100 B
#27086
b110101 "
b10001110 *
b1011001 2
b1011001 :
b11111111101 B
#27087
b11100010 "
b11100010 *
b11110 2
b11100010 :
b11111111111 B
#27088
b11001011 "
b10001110 *
b1011010 2
b10101000 :
b0 B
#27089
b100 "
b101010 *
b11100011 2
b11110 :
#27090
b10100100 "
b10011 *
b10100111 2
b11100010 :
b10 B
#27091
b11011101 "
b11101000 *
b11100010 2
b11111111110 B
#27092
b10100011 "
b1110 *
b10100111 2
b11111 :
b1 B
#27093
b1111010 "
b11011111 *
b1011000 2
b10100101 :
b0 B
#27094
b11010110 "
b11111100 *
b11100010 2
b11110 :
b11111111110 B
#27095
b100110 "
b10010 *
b11101 2
b11100010 :
#27096
b11100010 "
b11100010 *
b11100010 2
b11110 :
b0 B
#27097
b100110 "
b11101110 *
b11100010 :
b11111111110 B
#27098
b10000011 "
b1011 *
b1011001 2
b1011001 :
b0 B
#27099
b111110 "
b10111010 *
b10101000 2
b11110 :
#27100
b11101000 "
b100011 *
b11110 2
b11100010 :
#27101
b11010011 "
b1010010 *
b11101 2
b10100111 :
b11111111111 B
#27102
b111110 "
b1000110 *
b10100111 2
b11100100 :
b0 B
#27103
b110001 "
b10110000 *
b11111 2
b1011001 :
b11111111111 B
#27104
b10010 "
b11011010 *
b11110 2
b11101 :
b11111111110 B
#27105
b10100111 "
b11100010 *
b11101 2
b10100111 :
#27106
b10010 "
b100110 *
b11100010 2
b11110 :
b11111111101 B
#27107
b11001111 "
b10110000 *
b11101 2
b10100110 :
b11111111111 B
#27108
b1011100 "
b11101101 *
b1011001 2
b11101 :
b0 B
#27109
b11110010 "
b1011101 *
b11100011 2
b1011010 :
b11111111111 B
#27110
b10101110 "
b11010011 *
b10100111 2
b11100011 :
#27111
b10111010 "
b111110 *
b11100100 2
b1011001 :
#27112
b1010000 "
b110001 *
b1011001 2
b11100000 :
#27113
b10 "
b1011110 *
b1011010 2
b11100 :
b11111111110 B
#27114
b11100010 "
b11100010 *
b11100010 2
b11110 :
b11111111101 B
#27115
b111011 "
b10110111 *
b10100111 2
b11100011 :
b11111111110 B
#27116
b11010110 "
b100 *
b11110 2
b11101 :
b0 B
#27117
b11010111 "
b11110101 *
b11111 2
b11110 :
b11111111111 B
#27118
b11101000 "
b100011 *
b11110 2
b11100010 :
b11111111101 B
#27119
b101101 "
b10101110 *
b11100011 2
b1011001 :
#27120
b10011 "
b10100100 *
b11110 2
b0 B
#27121
b11110101 "
b1111101 *
b10100111 2
b10101000 :
b11111111111 B
#27122
b11011010 "
b11101110 *
b11110 2
b11100010 :
#27123
b10100111 "
b11100010 *
b11101 2
b10100111 :
#27124
b100110 "
b11101110 *
b11110 2
b11110 :
b0 B
#27125
b100010 "
b10101001 *
b1011000 2
b11100001 :
b11111111111 B
#27126
b111110 "
b10111010 *
b0 B
#27127
b101101 "
b1010010 *
b11111 2
b1011000 :
b11111111110 B
#27128
b11110010 "
b10100011 *
b11100001 2
b10100111 :
#27129
b101001 "
b11110101 *
b11101 2
b11100010 :
#27130
b11111100 "
b101010 *
b11110 :
#27131
b1001001 "
b11000101 *
b11100010 2
b10101000 :
#27132
b11110 "
b11100010 *
b11100010 :
b10 B
#27133
b10100010 "
b11111110 *
b11110 2
b1011001 :
b11111111111 B
#27134
b100010 "
b10101001 *
b10100111 2
b11110 :
b0 B
#27135
b10000110 "
b11011111 *
b1011010 2
b1011001 :
b11111111111 B
#27136
b11110010 "
b1011101 *
b11101 2
b10100110 :
#27137
b1110 "
b11100001 2
b10100111 :
#27138
b11000010 "
b10111010 *
b1011001 2
b11100 :
#27139
b11111100 "
b101010 *
b11100011 2
b11100010 :
b11111111110 B
#27140
b10001110 "
b11001011 *
b1010111 2
b10100101 :
#27141
b11100010 "
b11110 *
b11100010 2
b11100010 :
b10 B
#27142
b111011 "
b10110111 *
b1011001 2
b11101 :
b11111111110 B
#27143
b11111100 "
b11010110 *
b11101 2
b11100001 :
b0 B
#27144
b11110101 "
b101001 *
b11100010 2
b11111 :
b11111111111 B
#27145
b10011001 "
b10111000 *
b10100110 2
b10101001 :
b11111111100 B
#27146
b11010011 "
b1010010 *
b11100011 2
b1011001 :
b11111111110 B
#27147
b11011111 "
b10000110 *
b10100110 2
b10100110 :
b11111111101 B
#27148
b100010 "
b1010111 *
b1011001 2
b11110 :
b11111111111 B
#27149
b11001011 "
b1110010 *
b1011001 :
b0 B
#27150
b11110 "
b11100010 *
b11100010 2
b11100010 :
b1 B
#27151
b1001001 "
b111011 *
b11101 2
b10100111 :
b0 B
#27152
b1010111 "
b100010 *
b11100010 2
b10101000 :
#27153
b11011111 "
b1111010 *
b1011000 2
b10100101 :
b11111111111 B
#27154
b100011 "
b11000 *
b11100010 2
b11100011 :
#27155
b11010011 "
b1010010 *
b11100 2
b10100110 :
b11111111110 B
#27156
b1111010 "
b11011111 *
b10101000 2
b1011011 :
b11111111101 B
#27157
b10101001 "
b100010 *
b11101 2
b10100111 :
b11111111110 B
#27158
b11011010 "
b11101110 *
b11110 2
b11100010 :
#27159
b11110 "
b11100010 *
b11110 :
b11111111111 B
#27160
b100110 "
b11101110 *
b0 B
#27161
b100010 "
b10101001 *
b1011001 2
b11100010 :
#27162
b101001 "
b1011 *
b11111 2
b11110 :
#27163
b11011101 "
b11101000 *
b11100010 2
b11100010 :
b11111111111 B
#27164
b1100111 "
b10111000 *
b1011000 2
b10100110 :
b11111111101 B
#27165
b1111010 "
b11011111 *
b0 B
#27166
b10101001 "
b100010 *
b11100011 2
b1011001 :
b11111111111 B
#27167
b10100010 "
b10 *
b1011010 :
#27168
b1011001 "
b1011001 *
b1011000 2
b10100110 :
#27169
b1110010 "
b11001011 *
b10100110 2
b10101001 :
#27170
b10000011 "
b1011 *
b1011010 2
b1010111 :
#27171
b101001 "
b11100001 2
b11100010 :
b11111111101 B
#27172
b10101110 "
b101101 *
b1011000 2
b11100001 :
#27173
b11110010 "
b10100011 *
b11111 2
b1011001 :
#27174
b10100100 "
b11101101 *
b1011001 2
b11100001 :
b11111111110 B
#27175
b10000011 "
b11110101 *
b1011000 2
b10100111 :
#27176
b100110 "
b10010 *
b11100010 2
b11110 :
#27177
b1011001 "
b11100010 *
b11101 2
b1011001 :
b0 B
#27178
b10110111 "
b11000101 *
b11111 2
b10100111 :
#27179
b11011110 "
b1010111 *
b10100111 2
b11110 :
b1 B
#27180
b10111010 "
b11000010 *
b11100010 2
b10101000 :
b10 B
#27181
b101101 "
b1010010 *
b11111 2
b1011000 :
b11111111111 B
#27182
b11011101 "
b11000 *
b11100011 2
b11111 :
#27183
b11010111 "
b1011 *
b11110 :
b11111111110 B
#27184
b10110000 "
b11001111 *
b10100111 2
b11111 :
b11111111100 B
#27185
b10001110 "
b11001011 *
b10101000 2
b1011001 :
b11111111110 B
#27186
b10100111 "
b11100010 *
b11100010 2
#27187
b11011010 "
b10010 *
b11110 2
b11110 :
b0 B
#27188
b101010 "
b11111100 *
b11100010 2
b11100011 :
b1 B
#27189
b11000010 "
b1000110 *
b1011000 2
b11100010 :
b0 B
#27190
b1001000 "
b10011001 *
b10101000 2
b1011001 :
b11111111101 B
#27191
b10101110 "
b11010011 *
b1011001 2
b11101 :
b11111111111 B
#27192
b10000110 "
b100001 *
b1011000 2
b10100110 :
b0 B
#27193
b11001111 "
b1010000 *
b11100001 2
b10100111 :
b11111111111 B
#27194
b10100010 "
b10 *
b11101 2
b10100110 :
#27195
b11110 "
b11110 *
b11100010 2
b11110 :
b11111111110 B
#27196
b1001001 "
b111011 *
b11100011 2
b1011001 :
b11111111111 B
#27197
b10110000 "
b110001 *
b10100111 2
b11100011 :
b0 B
#27198
b10100100 "
b10011 *
b11100100 :
b11111111111 B
#27199
b1100111 "
b1001000 *
b1011010 2
b1010111 :
#27200
b100011 "
b11101000 *
b11101 2
b11100001 :
b11111111110 B
#27201
b11010111 "
b1011 *
b11100011 2
b11110 :
b11111111101 B
#27202
b11001111 "
b1010000 *
b11111 2
b1011001 :
b11111111100 B
#27203
b10001110 "
b11001011 *
b10100111 2
b11111111110 B
#27204
b10100111 "
b1011001 *
b1011000 2
b1011010 :
#27205
b1110010 "
b11001011 *
b10101001 2
b10100101 :
b0 B
#27206
b100 "
b101010 *
b11101 2
b11100010 :
b1 B
#27207
b111110 "
b10111010 *
b10100111 2
b11110 :
b10 B
#27208
b11010011 "
b10101110 *
b11111 2
b1011000 :
b11111111110 B
#27209
b1010010 *
b11101 2
b10100111 :
b11111111111 B
#27210
b10111010 "
b111110 *
b11111111110 B
#27211
b10101001 "
b100010 *
b11110 2
b11111111111 B
#27212
b10110111 "
b111011 *
b11100010 2
b10101000 :
#27213
b11110 "
b11100010 *
b11110 2
b11110 :
b1 B
#27214
b11001011 "
b10001110 *
b1011000 2
b10100101 :
b11111111111 B
#27215
b10110000 "
b110001 *
b10100111 2
b11100100 :
b0 B
#27216
b10100100 "
b10011 *
b11111111110 B
#27217
b11101000 "
b100011 *
b11100011 2
b11110 :
#27218
b1100111 "
b10111000 *
b1011000 2
b10100110 :
#27219
b11010111 "
b1011 *
b11100011 2
b11110 :
#27220
b1010000 "
b110001 *
b1011001 2
b11100010 :
b11111111111 B
#27221
b10110111 "
b111011 *
b11110 2
b1011000 :
b11111111110 B
#27222
b1011001 "
b11100010 *
b11100010 2
b10100111 :
b11111111111 B
#27223
b10 "
b10100010 *
b10100111 2
b11110 :
#27224
b10101001 "
b11011110 *
b11110 2
b1011001 :
#27225
b111110 "
b10111010 *
b10101000 2
b11110 :
#27226
b1010010 "
b11010011 *
b11111 :
#27227
b11000 "
b100011 *
b11100001 2
b11100010 :
#27228
b1000110 "
b11000010 *
b11100100 2
b1011001 :
b11111111110 B
#27229
b11110101 "
b1111101 *
b10100110 2
b10101000 :
b11111111101 B
#27230
b111011 "
b1001001 *
b10101000 2
b11110 :
b11111111110 B
#27231
b1011001 "
b10100111 *
b1011001 2
b1011001 :
#27232
b100110 "
b11101110 *
b11110 2
b11110 :
b11111111111 B
#27233
b11111100 "
b11010110 *
b11101 2
b11100010 :
b0 B
#27234
b11010111 "
b11110101 *
b11100010 2
b11100001 :
#27235
b10011001 "
b10111000 *
b10100111 2
b10100111 :
b11111111110 B
#27236
b11011101 "
b11000 *
b11100010 2
b11110 :
b10 B
#27237
b11000010 "
b10111010 *
b10100111 2
b11100011 :
b0 B
#27238
b10110000 "
b11001111 *
b11111 :
#27239
b10110111 "
b111011 *
b100000 2
b1011000 :
b11111111111 B
#27240
b10100111 "
b11110 *
b11111 2
b1011001 :
b11111111110 B
#27241
b11001011 "
b10001110 *
b10101000 2
b1011010 :
b11111111100 B
#27242
b10101001 "
b11011110 *
b11110 2
b1011001 :
b11111111110 B
#27243
b1000110 "
b111110 *
b11100011 2
b10100111 :
b11111111111 B
#27244
b1001000 "
b10011001 *
b10100110 2
b1011000 :
#27245
b1011101 "
b11110010 *
b11110 :
b1 B
#27246
b1011 "
b101001 *
b11100010 2
b11100011 :
b10 B
#27247
b101010 "
b100 *
b11101 :
b0 B
#27248
b111011 "
b1001001 *
b10101000 2
b100001 :
b11111111101 B
#27249
b1011001 "
b11100010 *
b11111 2
b1011001 :
b11 B
#27250
b1011110 "
b10 *
b100001 2
b1011000 :
b11111111011 B
#27251
b10000011 "
b1011 *
b10100110 2
b10101001 :
b11111111110 B
#27252
b11011111 "
b1111010 *
b10101000 2
b1011011 :
b11111111011 B
#27253
b1110 "
b10100011 *
b11110 2
b10100110 :
b11111111101 B
#27254
b11110010 "
b11100010 2
b11111111110 B
#27255
b101001 "
b11110101 *
b11111 2
b11100010 :
b0 B
#27256
b1011 "
b10000011 *
b10100111 2
b10100111 :
#27257
b1011110 "
b11111110 *
b11110 2
b11 B
#27258
b11100010 "
b11110 *
b11110 :
b0 B
#27259
b10100010 "
b11111110 *
b100000 2
b1011000 :
b1 B
#27260
b101010 "
b11111100 *
b11100001 2
b11100011 :
b0 B
#27261
b11010111 "
b11110101 *
b11111 2
b11110 :
b11111111100 B
#27262
b1001000 "
b10011001 *
b10101001 2
b1011010 :
b11111111011 B
#27263
b10011001 "
b1001000 *
b1011000 2
b10100110 :
b11111111101 B
#27264
b1011 "
b101001 *
b11100010 2
b11100001 :
b11111111110 B
#27265
b10000011 *
b1011001 2
b1011001 :
b11111111111 B
#27266
b1110010 "
b110101 *
b10100111 2
b10 B
#27267
b11110 "
b1011001 *
b11111 :
b0 B
#27268
b111011 "
b10110111 *
b1011001 2
b11101 :
#27269
b11011110 "
b1010111 *
b10101000 2
b11111 :
b11111111110 B
#27270
b1000110 "
b111110 *
b11110 2
b1011000 :
b11111111111 B
#27271
b10111000 "
b1100111 *
b10101000 2
b1011001 :
b11111111110 B
#27272
b100011 "
b11101000 *
b11110 2
b11100010 :
b11111111111 B
#27273
b11011111 "
b10000110 *
b10100110 2
b10101000 :
b0 B
#27274
b1010111 "
b11011110 *
b11101 2
b10100111 :
#27275
b10100010 "
b10 *
b11100011 2
b1011010 :
b11111111110 B
#27276
b11100010 "
b11100010 *
b11100010 2
b11110 :
b11111111111 B
#27277
b11000101 "
b1001001 *
b1011001 2
b11101 :
#27278
b1111101 "
b11110101 *
b10100111 2
b10101000 :
b0 B
#27279
b10111010 "
b11000010 *
b11111 2
b1011000 :
b11111111111 B
#27280
b11011101 "
b11101000 *
b11110 2
b11101 :
#27281
b1001000 "
b1100111 *
b10100101 2
b10101001 :
b11111111110 B
#27282
b11110101 "
b11010111 *
b11110 2
b11101 :
b11111111101 B
#27283
b10101001 "
b100010 *
b11101 2
b10100111 :
#27284
b11011010 "
b11101110 *
b11110 2
b11100010 :
#27285
b10100111 "
b10100111 *
b1011001 2
b10100111 :
b11111111111 B
#27286
b100110 "
b11101110 *
b11110 2
b11110 :
b0 B
#27287
b1010111 "
b100010 *
b1011001 :
#27288
b11101101 "
b10100100 *
b11101 2
b10100111 :
#27289
b10111000 "
b1100111 *
b10101000 2
b1011001 :
b11111111111 B
#27290
b11101000 "
b11011101 *
b11100001 2
b11100010 :
#27291
b11101101 "
b1011100 *
b11111 2
b1011001 :
b0 B
#27292
b1010000 "
b110001 *
b1011001 2
b11100000 :
b11111111101 B
#27293
b110101 "
b10001110 *
b10100101 2
b10101001 :
b11111111110 B
#27294
b11110 "
b11110 *
b11110 2
b11100010 :
b11111111101 B
#27295
b1110010 "
b11001011 *
b10100111 2
b10100111 :
#27296
b11110101 "
b10000011 *
b1011000 :
b0 B
#27297
b11000010 "
b1000110 *
b1011001 2
b11100010 :
#27298
b100011 "
b11000 *
b11100010 2
b1 B
#27299
b1011101 "
b11110010 *
b10100111 2
b11111 :
b11111111111 B
#27300
b10011 "
b10100100 *
b11111 2
b1011001 :
b0 B
#27301
b11010110 "
b11111100 *
b11110 2
b11100011 :
b11111111110 B
#27302
b10001110 "
b11001011 *
b1010111 2
b10100101 :
#27303
b11110 "
b1011001 *
b10100111 2
b11111 :
b11 B
#27304
b1001001 "
b111011 *
b11100100 2
b1011010 :
b11111111110 B
#27305
b110001 "
b1010000 *
#27306
b100001 "
b10000110 *
b1011000 2
b10100101 :
#27307
b10111000 "
b1100111 *
b10101000 2
b1011001 :
#27308
b11010011 "
b1010010 *
b11100011 2
#27309
b11000010 "
b10111010 *
b10100111 2
b11100010 :
b0 B
#27310
b100010 "
b1010111 *
b1011001 2
b11110 :
b11111111111 B
#27311
b110101 "
b10001110 *
b10100111 2
b10101000 :
b1 B
#27312
b10100111 "
b1011001 *
b1011010 2
b1011000 :
#27313
b1011110 "
b10 *
b11011111 2
b10101000 :
b11111111111 B
#27314
b10110000 "
b110001 *
b1011010 2
b11011 :
b11111111110 B
#27315
b11011111 "
b1111010 *
b1010111 2
b10100101 :
b11111111011 B
#27316
b10111000 "
b1100111 *
b1011000 2
b10100111 :
b11111111100 B
#27317
b1110 "
b1011101 *
b11100010 2
b10100110 :
b11111111110 B
#27318
b10000110 "
b100001 *
b1011010 2
b10100111 :
b0 B
#27319
b1111101 "
b1011 *
b10100111 2
b1011001 :
#27320
b1001001 "
b11000101 *
b11110 2
b1011000 :
b1 B
#27321
b10100111 "
b10100111 *
b1011000 2
b10100110 :
b0 B
#27322
b11101110 "
b11011010 *
b11110 2
b11100010 :
b11111111111 B
#27323
b1111101 "
b11110101 *
b1011010 2
b1011000 :
#27324
b10000110 "
b11011111 *
b10100101 2
b10101000 :
b0 B
#27325
b1110 "
b10100011 *
b11101 2
b10100110 :
b11111111110 B
#27326
b101101 "
b10101110 *
b10100111 :
b11111111101 B
#27327
b11101101 "
b1011100 *
b11111 2
b1011001 :
b11111111111 B
#27328
b100 "
b11010110 *
b11100011 2
b11100010 :
#27329
b1110010 "
b110101 *
b1010111 2
b10100101 :
b11111111110 B
#27330
b10100111 "
b1011001 *
b1011010 2
b1011000 :
b10 B
#27331
b1110010 "
b11001011 *
b10100110 2
b10101001 :
b11111111110 B
#27332
b11001111 "
b10110000 *
b11100011 2
b1011001 :
#27333
b1111010 "
b100001 *
b10100110 2
b10100111 :
b11111111101 B
#27334
b1100111 "
b1001000 *
b10100111 2
b11111111111 B
#27335
b10100011 "
b1110 *
b1011001 2
b11100001 :
#27336
b11101101 "
b1011100 *
b11100001 2
b10100111 :
b0 B
#27337
b1010111 "
b11011110 *
b11100011 2
b1011001 :
b11111111110 B
#27338
b11001011 "
b1110010 *
b10100111 2
b10101000 :
#27339
b11110 "
b1011001 *
b11110 :
b11111111111 B
#27340
b111011 "
b10110111 *
b1011000 2
#27341
b100 "
b101010 *
b11100011 2
#27342
b11011111 "
b1111010 *
b10100111 2
b1011010 :
b1 B
#27343
b10101110 "
b101101 *
b10101000 2
b11111 :
b11111111110 B
#27344
b1110 "
b1011101 *
b11111 2
b1011001 :
b0 B
#27345
b10000110 "
b100001 *
b10101000 2
b1011011 :
b11111111110 B
#27346
b10101001 "
b100010 *
b11100011 2
b1011001 :
#27347
b11001011 "
b1110010 *
b1011001 2
b1011000 :
#27348
b11100010 "
b11100010 *
b11100010 2
b11110 :
b11111111111 B
#27349
b10010 "
b100110 *
b11110 2
b11100010 :
#27350
b11111100 "
b11010110 *
b11100011 2
b11110 :
b0 B
#27351
b11011111 "
b1111010 *
b1011001 2
b10100110 :
#27352
b11110010 "
b1011101 *
b11101 2
b11111111110 B
#27353
b11010011 "
b1010010 *
b10100111 :
b0 B
#27354
b10100100 "
b11101101 *
b1011001 2
b11100001 :
b11111111111 B
#27355
b101010 "
b100 *
b11100010 2
b11101 :
#27356
b1011110 "
b11111110 *
b11100011 2
b1011010 :
b11111111110 B
#27357
b1011001 "
b1011001 *
b10101000 2
b11 B
#27358
b10001110 "
b110101 *
b10100101 2
b10101001 :
b11111111111 B
#27359
b11111100 "
b11010110 *
b11101 2
b11100001 :
#27360
b1011100 "
b11101101 *
b1011010 2
b11011 :
b11111111101 B
#27361
b1110 "
b10100011 *
b11100 2
b10100110 :
b11111111100 B
#27362
b10101110 "
b11010011 *
b10100111 2
b11100011 :
#27363
b1011 "
b101001 *
b11111 2
b11110 :
b11111111110 B
#27364
b11111100 "
b101010 *
b11101 2
b11111111111 B
#27365
b10100010 "
b10 *
b11100010 2
b1011001 :
b11111111101 B
#27366
b11110 "
b10100111 *
b10100111 2
b11100001 :
b10 B
#27367
b10010 "
b100110 *
b11110 2
b11100010 :
b1 B
#27368
b1111101 "
b11110101 *
b10100111 2
b10101000 :
b10 B
#27369
b11011111 "
b1111010 *
b1010111 2
b10100101 :
b0 B
#27370
b11011101 "
b11101000 *
b11111 2
b11101 :
b11111111111 B
#27371
b11101000 "
b11011101 *
b11110 2
b11111111110 B
#27372
b1011 "
b101001 *
b11100010 2
b11100011 :
b11111111011 B
#27373
b11001111 "
b1010000 *
b11100001 2
b10100111 :
b11111111101 B
#27374
b10100010 "
b10 *
b11110 2
#27375
b11110 "
b11110 *
b11100010 2
b11110 :
b11111111110 B
#27376
b11111110 "
b1011110 *
b10100110 2
b1 B
#27377
b110001 "
b1010000 *
b11100011 2
b1011010 :
b0 B
#27378
b101001 "
b1011 *
b11111 2
b11110 :
#27379
b11101000 "
b100011 *
b11100010 2
b11111111111 B
#27380
b11000 "
b11111 2
b11101 :
b11111111101 B
#27381
b11110101 "
b11010111 *
b11100010 2
b11100011 :
b0 B
#27382
b11001111 "
b1010000 *
b11111 2
b1011001 :
b11111111011 B
#27383
b110101 "
b10001110 *
b10100111 2
b10100111 :
b11111111101 B
#27384
b11110 "
b10100111 *
b11100001 :
b11111111110 B
#27385
b11101110 "
b11011010 *
b11100010 2
b11101 :
b0 B
#27386
b11010110 "
b100 *
b11110 2
b10 B
#27387
b101001 "
b1011 *
b11100010 2
b11100001 :
b11 B
#27388
b11011101 "
b11101000 *
b11110 2
b11101 :
b11111111101 B
#27389
b1001000 "
b1100111 *
b10100110 2
b10101000 :
b10 B
#27390
b11011111 "
b10000110 *
b1011011 2
b1010111 :
b11111111101 B
#27391
b101010 "
b100 *
b11100010 2
b11101 :
b11111111110 B
#27392
b11101110 "
b100110 *
b11100011 :
b11111111101 B
#27393
b10100111 "
b10100111 *
b1011000 2
b10100110 :
b11 B
#27394
b11011010 "
b10010 *
b11100001 2
b11100100 :
b11111111101 B
#27395
b1111101 "
b11110101 *
b1011010 2
b1010111 :
b11111111111 B
#27396
b10011 "
b1011100 *
b11100100 2
b1011010 :
b11111111001 B
#27397
b11000 "
b11011101 *
b11110 2
b11100010 :
b11111111101 B
#27398
b100011 *
b11110 :
b11111111110 B
#27399
b1011100 "
b10011 *
b1011001 2
b11100011 :
b0 B
#27400
b101010 "
b100 *
b11110 2
#27401
b11000101 "
b10110111 *
b10101000 2
b11110 :
b1 B
#27402
b11100010 "
b10100111 *
b10100111 2
b11111 :
b11 B
#27403
b111011 "
b10110111 *
b10100110 2
b11100100 :
b11111111111 B
#27404
b10110000 "
b110001 *
b1011010 2
b11011 :
b11111111110 B
#27405
b100001 "
b10000110 *
b10101001 2
b1011011 :
#27406
b1011101 "
b1110 *
b10100110 2
b11100011 :
b11111111100 B
#27407
b11101000 "
b11011101 *
b11110 2
b11110 :
b11111111110 B
#27408
b10111010 "
b111110 *
b10100111 :
b11111111111 B
#27409
b11110101 "
b1111101 *
b10100111 2
b10101000 :
b0 B
#27410
b11011010 "
b11101110 *
b11110 2
b11100010 :
b1 B
#27411
b1011001 "
b10100111 *
b1011010 2
b1011000 :
b11111111111 B
#27412
b1001001 "
b111011 *
b11100011 2
b1011001 :
b0 B
#27413
b101010 "
b11111100 *
b11111 2
b11100 :
b11111111110 B
#27414
b11101101 "
b10100100 *
b11100 2
b10100111 :
b11111111111 B
#27415
b1011101 "
b1110 *
b1011010 2
b11101 :
b11111111001 B
#27416
b11110010 *
b11100010 :
b11111111110 B
#27417
b10011 "
b10100100 *
b11100011 2
b10100111 :
b11111111111 B
#27418
b100 "
b11010110 *
b11100010 :
b0 B
#27419
b111011 "
b1001001 *
b1011000 2
b1 B
#27420
b11110 "
b1011001 *
b1011001 2
b11100001 :
b10 B
#27421
b110101 "
b1110010 *
b1010111 2
b10100110 :
b11111111111 B
#27422
b1011 "
b1111101 *
b11111111110 B
#27423
b1000110 "
b111110 *
b11100001 2
b10101000 :
#27424
b100011 "
b11000 *
b11100010 2
b11100010 :
#27425
b1011101 "
b11110010 *
b10100111 2
b11111 :
#27426
b11000010 "
b10111010 *
b1011001 2
b11110 :
b0 B
#27427
b1011 "
b10000011 *
b1011000 :
b11111111110 B
#27428
b111011 "
b1001001 *
b10101000 2
b11110 :
b1 B
#27429
b10100111 "
b1011001 *
b10100110 2
b10101000 :
b11111111111 B
#27430
b11000101 "
b1001001 *
b10100111 2
b11100011 :
#27431
b1011 "
b1111101 *
b10101000 2
b1011010 :
b11111111110 B
#27432
b10011 "
b1011100 *
b11100011 2
b1011001 :
b11111111111 B
#27433
b10111000 "
b1100111 *
b10101000 2
#27434
b11010011 "
b1010010 *
b11100011 2
#27435
b1111010 "
b11011111 *
b1011000 2
b10100101 :
b0 B
#27436
b1111101 "
b1011 *
b11111111111 B
#27437
b1001001 "
b11000101 *
b11011111 2
b10101000 :
b11111111110 B
#27438
b11110 "
b1011001 *
b1011001 2
b11100001 :
#27439
b10001110 "
b110101 *
b1011010 2
b1011000 :
b11111111011 B
#27440
b11110101 "
b10000011 *
b10100111 2
b11111111110 B
#27441
b11000010 "
b1000110 *
b1011001 2
b11100011 :
#27442
b11110010 "
b1011101 *
b11111 2
b10100111 :
b1 B
#27443
b1011101 "
b11110010 *
b10100110 2
b11110 :
#27444
b1111010 "
b11011111 *
b10101000 2
b1011010 :
b10 B
#27445
b110001 "
b10110000 *
b11111 2
b1011001 :
b0 B
#27446
b11101110 "
b100110 *
b11100010 2
b11100011 :
b11111111111 B
#27447
b11110 "
b10100111 *
b1011010 2
b11100 :
b11111111110 B
#27448
b1001001 "
b111011 *
b11100011 2
b1011001 :
b11111111101 B
#27449
b11001111 "
b10110000 *
b11101 2
b10100111 :
b11111111110 B
#27450
b1000110 "
b111110 *
b11110 2
b1011000 :
b11111111111 B
#27451
b1011101 "
b1110 *
b1011010 2
b11101 :
#27452
b11101000 "
b11011101 *
b11100001 2
b11100010 :
#27453
b11000010 "
b10111010 *
b10100111 2
b11100100 :
#27454
b1010000 "
b110001 *
b1011001 2
b11100000 :
b11111111101 B
#27455
b1110010 "
b110101 *
b1010111 2
b10100101 :
b11111111110 B
#27456
b10100111 "
b11110 *
b11111 2
b1011001 :
b11111111101 B
#27457
b110101 "
b1110010 *
b1011001 2
b10100111 :
b11111111110 B
#27458
b100010 "
b10101001 *
b10100111 2
b11110 :
#27459
b1111010 "
b100001 *
b10101000 2
b10100110 :
b0 B
#27460
b100011 "
b11000 *
b11100010 2
b11100010 :
b11111111111 B
#27461
b1010010 "
b101101 *
b10100111 2
b1 B
#27462
b1011100 "
b10011 *
b11111 :
b0 B
#27463
b11110101 "
b1111101 *
b10100110 2
b10101000 :
b1 B
#27464
b11000101 "
b10110111 *
b1011000 2
b11011111 :
b11111111110 B
#27465
b11110 "
b10100111 *
b1011001 2
b11101 :
#27466
b10 "
b10100010 *
b11100001 :
b11111111011 B
#27467
b100010 "
b10101001 *
b11100010 :
b11111111111 B
#27468
b11101101 "
b10100100 *
b11110 2
b10100110 :
b11111111110 B
#27469
b10101110 "
b101101 *
b10100111 2
b11101 :
b11111111111 B
#27470
b1001000 "
b1100111 *
b1011001 2
b1011001 :
b0 B
#27471
b101001 "
b11110101 *
b11111 2
b11100001 :
b1 B
#27472
b110001 "
b10110000 *
b11100001 2
b10100111 :
b0 B
#27473
b111011 "
b1001001 *
b1011000 2
b11100000 :
#27474
b11100010 "
b11110 *
b11110 2
b11110 :
b11111111110 B
#27475
b10100010 "
b11111110 *
b11111 2
b1011001 :
b11111111100 B
#27476
b1010111 "
b100010 *
b11100010 2
b10100111 :
b0 B
#27477
b10111010 "
b11000010 *
b11110 2
b1011001 :
b11111111110 B
#27478
b11011101 "
b11101000 *
b11110 :
b11111111111 B
#27479
b101101 "
b10101110 *
b11100010 2
b1011001 :
#27480
b11000010 "
b10111010 *
b1011001 2
b11110 :
b0 B
#27481
b1111101 "
b1011 *
b10101000 2
b1011001 :
b1 B
#27482
b10001110 "
b11001011 *
b1010111 2
b10100101 :
#27483
b1011001 "
b1011001 *
b10101001 2
b1011011 :
b0 B
#27484
b100110 "
b11101110 *
b11111 2
b11100 :
b11111111110 B
#27485
b100010 "
b10101001 *
b1010111 2
b11100000 :
#27486
b1111010 "
b100001 *
b1011011 2
b1011000 :
b11111111001 B
#27487
b1110 "
b10100011 *
b11111 2
b10100111 :
b11111111100 B
#27488
b1011101 *
b11101 2
b1011010 :
b11111111101 B
#27489
b11110101 "
b11010111 *
b11100010 2
b11100001 :
b10 B
#27490
b1111101 *
b1011000 2
b1011010 :
b1 B
#27491
b11111110 "
b10100010 *
b10100111 2
b11100010 :
b10 B
#27492
b10100111 "
b11110 *
b11111 2
b1011001 :
b1 B
#27493
b11111110 "
b1011110 *
b1011000 2
b11100000 :
#27494
b11011110 "
b1010111 *
b11011111 :
b11111111110 B
#27495
b11011111 "
b1111010 *
b1010111 2
b10100101 :
b11111111100 B
#27496
b11110010 "
b1011101 *
b11101 2
b10100110 :
b11111111011 B
#27497
b10111000 "
b10011001 *
b1011001 2
b1011001 :
b11111111110 B
#27498
b11101101 "
b1011100 *
b11100011 2
b10100111 :
b11111111111 B
#27499
b10000011 "
b11110101 *
b1011001 2
b0 B
#27500
b11101110 "
b100110 *
b11100010 2
b11100010 :
b1 B
#27501
b10100111 "
b11110 *
b11100001 2
b10100111 :
b0 B
#27502
b111011 "
b10110111 *
b1011001 2
b11101 :
#27503
b101010 "
b11111100 *
b11111 2
b11111111110 B
#27504
b10000110 "
b11011111 *
b10100110 2
b10100111 :
b11111111111 B
#27505
b10111000 "
b1100111 *
b10101000 2
b1011001 :
b11111111011 B
#27506
b10100011 "
b1110 *
b10100110 2
b11110 :
b11111111111 B
#27507
b10000110 "
b100001 *
b10100111 2
b1011010 :
b0 B
#27508
b11001111 "
b1010000 *
b11110 2
b1011001 :
#27509
b111011 "
b1001001 *
b1011000 2
b11100010 :
#27510
b1011001 "
b1011001 *
b10100110 :
b11111111111 B
#27511
b111011 "
b10110111 *
b10100111 2
b11100011 :
#27512
b100010 "
b10101001 *
b10101000 2
b11110 :
#27513
b10111010 "
b11000010 *
b11111 2
b1011000 :
#27514
b10111000 "
b1100111 *
b1010111 2
b10100110 :
#27515
b1011101 "
b11110010 *
b10100111 2
b100000 :
b11111111110 B
#27516
b11000010 "
b10111010 *
b1011001 2
b11100 :
#27517
b1011 "
b10000011 *
b1011010 2
b1011000 :
b11111111101 B
#27518
b11001011 "
b1110010 *
b10100111 2
b10101000 :
b11111111110 B
#27519
b11100010 "
b11110 *
b11100010 2
b11100010 :
#27520
b10010 "
b100110 *
b11110 :
b11111111111 B
#27521
b1011 "
b1111101 *
b10100111 2
b1011000 :
b0 B
#27522
b1011100 "
b11101101 *
b1011010 2
b11110 :
#27523
b10111000 "
b1100111 *
b10100111 2
b1011001 :
b1 B
#27524
b10100011 "
b1110 *
b11111 :
b0 B
#27525
b11000010 "
b10111010 *
b11100100 :
#27526
b10000011 "
b11110101 *
b10101000 2
b1011011 :
b11111111110 B
#27527
b100110 "
b10010 *
b11101 2
b11100010 :
#27528
b11110 "
b11100010 *
b11100010 2
#27529
b1110010 "
b11001011 *
b10100111 2
b10100111 :
#27530
b110001 "
b1010000 *
b11110 2
b0 B
#27531
b101001 "
b1011 *
b11100010 2
b11100001 :
#27532
b1011101 "
b1110 *
b10100110 2
b11100010 :
b1 B
#27533
b101101 "
b10101110 *
b11100011 2
b1011001 :
b10 B
#27534
b11110101 "
b11010111 *
b11110 2
b11101 :
b0 B
#27535
b10110000 "
b11001111 *
b1011000 2
b11100000 :
b11111111111 B
#27536
b11000101 "
b10110111 *
b11011111 :
b11111111101 B
#27537
b10100111 "
b11110 *
b11100000 2
b10101000 :
b11111111100 B
#27538
b1011110 "
b10 *
b11111 2
b1011001 :
b11111111011 B
#27539
b100010 "
b10101001 *
b1011001 2
b11100010 :
b11111111100 B
#27540
b11011111 "
b1111010 *
b10100101 2
b1011000 :
b11111111110 B
#27541
b11010011 "
b10101110 *
b11100100 2
b10100110 :
b11111111111 B
#27542
b100011 "
b11101000 *
b11110 2
b11100011 :
b11 B
#27543
b10011 "
b10100100 *
b11100010 2
b10100110 :
b10 B
#27544
b100 "
b11010110 *
b11100011 2
b11100010 :
b11 B
#27545
b11001011 "
b1110010 *
b1011011 2
b1010110 :
b0 B
#27546
b11100010 "
b11100010 *
b11100011 2
b11111 :
b10 B
#27547
b10 "
b10100010 *
b10101000 2
b100010 :
b11111111100 B
#27548
b11001111 "
b10110000 *
b11100101 2
b1011010 :
#27549
b101001 "
b1011 *
b11100001 2
b11100010 :
b11111111010 B
#27550
b10011001 "
b10111000 *
b1011000 2
b1011010 :
b11111111100 B
#27551
b11010011 "
b1010010 *
b11111 2
b10101000 :
b11111111101 B
#27552
b11000010 "
b10111010 *
b1010111 2
b11111 :
b1 B
#27553
b100 "
b11010110 *
b11101 2
b10 B
#27554
b10100010 "
b10 *
b11110 2
b10100111 :
b11 B
#27555
b10100111 "
b1011001 *
b10100110 2
b10101000 :
b100 B
#27556
b110101 "
b1110010 *
b10101010 2
b1011100 :
b1 B
#27557
b11011110 "
b1010111 *
b10101001 2
b100010 :
b11111111110 B
#27558
b11101101 "
b10100100 *
b11010 2
b10100110 :
b11111111100 B
#27559
b101101 "
b1010010 *
b100001 2
b1011000 :
b11111111001 B
#27560
b11110010 "
b10100011 *
b11100001 2
b10100111 :
b11111111011 B
#27561
b10111010 "
b111110 *
b11100010 2
b1011000 :
#27562
b110001 "
b10110000 *
b11100100 2
b10100111 :
b11111111110 B
#27563
b10 "
b1011110 *
b1011000 2
b100001 :
b1 B
#27564
b1011001 "
b10100111 *
b10101000 2
b10100110 :
b10 B
#27565
b111011 "
b10110111 *
b10100111 2
b11100001 :
b101 B
#27566
b11010110 "
b100 *
b11111 2
b11100 :
b1 B
#27567
b10011 "
b1011100 *
b11011 2
b10100110 :
b10 B
#27568
b11011101 "
b11101000 *
b100000 2
b11101 :
b11111111001 B
#27569
b11110010 "
b10100011 *
b1011001 :
b11111111100 B
#27570
b11101101 "
b1011100 *
b11100001 2
b10100111 :
b11111111001 B
#27571
b1111101 "
b1011 *
b10100110 2
b1011000 :
b11111111101 B
#27572
b111011 "
b1001001 *
b10100111 2
b11101 :
b11111111110 B
#27573
b10100111 "
b10100111 *
b1011011 2
b10101001 :
b10 B
#27574
b10110111 "
b11000101 *
b100000 2
b10101000 :
b1 B
#27575
b1011 "
b1111101 *
b10100111 2
b1011000 :
b11 B
#27576
b11010111 "
b11110101 *
b11100001 2
b11100010 :
b100 B
#27577
b11101000 "
b100011 *
b11100011 2
b100000 :
b1 B
#27578
b1100111 "
b10111000 *
b1010101 2
b10100011 :
b11111111101 B
#27579
b111110 "
b1000110 *
b1011001 2
b11010 :
b11111111010 B
#27580
b10000011 "
b11110101 *
b10101000 2
b1011011 :
b11111111011 B
#27581
b10100010 "
b10 *
b11100010 2
b1011001 :
#27582
b11110 "
b10100111 *
b10100111 2
b11100001 :
b11111111110 B
#27583
b1110010 "
b11001011 *
b10101001 2
b10100101 :
b1 B
#27584
b1011 "
b1111101 *
b1011001 2
b10101000 :
b10 B
#27585
b11000010 "
b1000110 *
b1011000 2
b11100010 :
#27586
b1001000 "
b10011001 *
b10101001 2
b1011010 :
b1 B
#27587
b11000 "
b100011 *
b11100010 2
b11100011 :
b11111111111 B
#27588
b1011 "
b101001 *
b11111111110 B
#27589
b100010 "
b1010111 *
b10100111 2
b11100101 :
b11111111101 B
#27590
b10110111 "
b111011 *
b11011111 2
b10101000 :
#27591
b10100111 "
b1011001 *
b10100110 2
#27592
b1001001 "
b111011 *
b11100011 2
b1011001 :
b11111111011 B
#27593
b1011 "
b1111101 *
b10100111 2
b1011000 :
b11111111110 B
#27594
b11011111 "
b1111010 *
b10100110 2
b11111111111 B
#27595
b1100111 "
b1001000 *
b1011000 2
b1011010 :
b1 B
#27596
b1010010 "
b101101 *
b1011001 2
b11101 :
b10 B
#27597
b11010111 "
b1011 *
b11100011 2
b11110 :
b1 B
#27598
b11001111 "
b1010000 *
b100000 2
b1011000 :
b11111111111 B
#27599
b11101110 "
b100110 *
b11110 2
b11101 :
b11111111110 B
#27600
b10100111 "
b11100010 *
b11100100 2
b1011010 :
b11111111100 B
#27601
b1011110 "
b10 *
b11100001 2
b10100111 :
b11111111101 B
#27602
b10000011 "
b1011 *
b1011001 2
b1011001 :
b11111111110 B
#27603
b10011 "
b1011100 *
b11110 2
b10100110 :
#27604
b11000 "
b11011101 *
b11100010 2
b11110 :
b0 B
#27605
b1110 "
b1011101 *
b10100110 :
#27606
b10111010 "
b111110 *
b11110 2
b10100111 :
#27607
b11110101 "
b1111101 *
b10100111 2
b10101000 :
#27608
b1001001 "
b11000101 *
b11110 2
b1011000 :
b1 B
#27609
b11110 "
b11110 *
b11100010 2
b11110 :
b11111111111 B
#27610
b10110111 "
b11000101 *
b11101 2
b10100111 :
#27611
b10110000 "
b110001 *
b10100111 2
b11100100 :
b0 B
#27612
b111110 "
b10111010 *
b1011000 2
b11100001 :
b11111111111 B
#27613
b11000 "
b11011101 *
b11101 2
b11111111110 B
#27614
b10100011 "
b1110 *
b10100111 2
b100000 :
#27615
b101001 "
b11110101 *
b11101 2
b11100010 :
b11111111100 B
#27616
b11001111 "
b1010000 *
b11110 2
b1011001 :
b11111111101 B
#27617
b1110010 "
b110101 *
b1011001 2
b10100111 :
b11111111110 B
#27618
b10100111 "
b11100010 *
b11100001 2
b1011001 :
b11111111111 B
#27619
b10001110 "
b110101 *
b1011000 2
b1011010 :
b0 B
#27620
b10110000 "
b110001 *
b1011001 2
b11110 :
b10 B
#27621
b101001 "
b1011 *
b11100001 2
b11100010 :
b1 B
#27622
b1001000 "
b10011001 *
b10101001 2
b1011010 :
#27623
b1011101 "
b11110010 *
b10101000 2
b100001 :
b11111111101 B
#27624
b11010111 "
b1011 *
b11101 2
b11100010 :
b11111111110 B
#27625
b11110101 "
b1111101 *
b10100110 2
b10101000 :
b11111111011 B
#27626
b11101110 "
b100110 *
b11100010 2
b11100010 :
b11111111110 B
#27627
b11100010 "
b11100010 *
b11110 2
#27628
b1110010 "
b11001011 *
b1011000 2
b1011010 :
b0 B
#27629
b100 "
b101010 *
b11100011 2
b11110 :
#27630
b11011111 "
b1111010 *
b10100110 2
b1011001 :
b1 B
#27631
b10100011 "
b11110010 *
b11100011 :
b11111111110 B
#27632
b1110 *
b10100111 2
b11111 :
b1 B
#27633
b11110101 "
b11010111 *
b11100010 2
b11100011 :
b11111111111 B
#27634
b10110000 "
b11001111 *
b10100111 2
b11111 :
b11111111110 B
#27635
b10110111 "
b111011 *
b100000 2
b1011000 :
b11111111101 B
#27636
b1011001 "
b11100010 *
b11100001 2
b10100111 :
b11111111110 B
#27637
b11111110 "
b1011110 *
b1011001 2
b11100010 :
b11111111100 B
#27638
b11011110 "
b1010111 *
b11100011 :
b11111111110 B
#27639
b10100100 "
b10011 *
b11111 :
b11111111111 B
#27640
b10101110 "
b101101 *
b11100011 :
b1 B
#27641
b11010011 "
b1010010 *
b11110 2
b10100111 :
b10 B
#27642
b1011100 "
b10011 *
b10100111 2
b11111 :
b1 B
#27643
b1010000 "
b110001 *
#27644
b10110111 "
b111011 *
b11011111 2
b10101000 :
b11111111110 B
#27645
b1011001 "
b11100010 *
b100000 2
b1011000 :
#27646
b11001011 "
b10001110 *
b1011000 2
b10100101 :
b11111111011 B
#27647
b11001111 "
b10110000 *
b11101 2
b10100110 :
b11111111100 B
#27648
b1000110 "
b111110 *
b1011001 :
b11111111110 B
#27649
b10011001 "
b10111000 *
b10101001 2
b10100110 :
b11111111111 B
#27650
b11110010 "
b10100011 *
b11100011 2
b1 B
#27651
b1011 "
b101001 *
b11111 2
b11110 :
b10 B
#27652
b100 "
b11010110 *
b11100011 2
b11100010 :
b1 B
#27653
b1011110 "
b11111110 *
b11100 2
b10100110 :
b11111111101 B
#27654
b10100111 "
b1011001 *
b1011010 2
b1011000 :
b10 B
#27655
b11000101 "
b1001001 *
b11100 :
b11111111110 B
#27656
b110001 "
b1010000 *
b11100 2
b10100111 :
#27657
b11010111 "
b11110101 *
b11111 2
b11110 :
#27658
b11110010 "
b1011101 *
b11101 2
b10100110 :
#27659
b1001000 "
b1100111 *
b10100110 2
b10101000 :
b11111111101 B
#27660
b1011 "
b101001 *
b11100010 2
b11100001 :
b11111111111 B
#27661
b11010110 "
b11111100 *
b11110 2
b11100011 :
b11111111110 B
#27662
b10001110 "
b11001011 *
b1011001 2
b10100111 :
b10 B
#27663
b10100111 "
b11100010 *
b11101 2
b11 B
#27664
b1110010 "
b11001011 *
b1011011 2
b1010111 :
b0 B
#27665
b100 "
b101010 *
b11100100 2
b11111 :
b11111111111 B
#27666
b11110101 "
b101001 *
b11100010 2
b11111111101 B
#27667
b10011001 "
b10111000 *
b10100101 2
b10101010 :
b11111111010 B
#27668
b1011101 "
b11110010 *
b1011001 2
b11100001 :
b11111111110 B
#27669
b101001 "
b11110101 *
b11111 2
b11111111100 B
#27670
b11010110 "
b11111100 *
b11100001 2
b11101 :
b11111111110 B
#27671
b10100010 "
b10 *
b11100000 2
b1011000 :
b0 B
#27672
b11110 "
b1011001 *
b1011001 2
b11100011 :
b101 B
#27673
b11011010 "
b10010 *
b11110 2
b11110 :
b100 B
#27674
b10000011 "
b1011 *
b1011011 2
b1010111 :
b1 B
#27675
b100001 "
b10000110 *
b10101010 2
b1011101 :
b0 B
#27676
b1011101 "
b1110 *
b10100110 2
b11100110 :
b11111111101 B
#27677
b10111000 "
b10011001 *
b1011100 2
b1010110 :
b11111111011 B
#27678
b1011100 "
b10011 *
b10101000 2
b11111 :
#27679
b10101001 "
b100010 *
b11101 2
b10100111 :
#27680
b10100010 "
b10 *
b11110 2
b11111111110 B
#27681
b1011001 "
b1011001 *
b10100110 2
b1011000 :
b11111111111 B
#27682
b11011010 "
b10010 *
b11100010 2
b11100010 :
b1 B
#27683
b11110101 "
b10000011 *
b1011001 2
b10100111 :
b10 B
#27684
b11101101 "
b10100100 *
b11100 2
b0 B
#27685
b11110010 "
b1011101 *
b11100011 2
b1011010 :
#27686
b11011101 "
b11000 *
b11111 :
b11111111110 B
#27687
b1011100 "
b10011 *
b1011001 2
b11100001 :
b11111111111 B
#27688
b11110101 "
b1111101 *
b1011011 2
b1011000 :
b11111111100 B
#27689
b111011 "
b1001001 *
b1011000 2
b11100010 :
b11111111110 B
#27690
b11100010 "
b10100111 *
b10100111 2
b11110 :
b11111111101 B
#27691
b10010 "
b100110 *
b11110 2
b11100010 :
b11111111111 B
#27692
b11110101 "
b10000011 *
b10100111 2
b1011000 :
#27693
b11010111 "
b11110101 *
b11111 2
b11110 :
b0 B
#27694
b1010010 "
b11010011 *
b10100111 2
b1 B
#27695
b11101000 "
b11011101 *
b11111 2
b11101 :
b11111111101 B
#27696
b100001 "
b1111010 *
b10100110 2
b10101000 :
b11111111111 B
#27697
b10000011 "
b11110101 *
b1011000 2
b10100110 :
b11111111011 B
#27698
b10010 "
b11011010 *
b11110 2
b11110 :
b11111111110 B
#27699
b11110 "
b11100010 *
b11111111111 B
#27700
b10 "
b10100010 *
b1011010 2
b11100010 :
b0 B
#27701
b10000011 "
b1011 *
b10101000 2
b10100111 :
#27702
b1011100 "
b11101101 *
b1011010 2
b11110 :
#27703
b11000 "
b11011101 *
b11110 2
b11100010 :
#27704
b11011101 "
b11000 *
b11100010 2
b11110 :
#27705
b10100100 "
b11101101 *
b10100111 2
b11111 :
#27706
b100 "
b11010110 *
b11100011 2
b11100010 :
#27707
b11011010 "
b11101110 *
b11110 :
b11111111110 B
#27708
b1011001 "
b1011001 *
b1011000 2
b10100110 :
b10 B
#27709
b100110 "
b11101110 *
b11100001 2
b11100011 :
b11111111110 B
#27710
b11011110 "
b1010111 *
b1011000 2
b11100010 :
b11111111111 B
#27711
b10100100 "
b10011 *
b1011010 2
b11100 :
b11111111011 B
#27712
b1011101 "
b1110 *
b10100110 2
b11100010 :
b11111111111 B
#27713
b100011 "
b11101000 *
b11100010 2
b11110 :
b11111111110 B
#27714
b11010111 "
b1011 *
b11111 2
b11100001 :
b0 B
#27715
b1010000 "
b110001 *
b10100111 2
b11110 :
#27716
b1110010 "
b110101 *
b10101000 2
b1011001 :
#27717
b11100010 "
b11110 *
b11100010 2
b11100010 :
b11111111111 B
#27718
b11111110 "
b1011110 *
b10100111 2
b11111 :
b0 B
#27719
b10000011 "
b1011 *
b10100110 2
b10101000 :
#27720
b1011100 "
b11101101 *
b1011010 2
b11100 :
b11111111110 B
#27721
b100011 "
b11000 *
b11110 2
b11110 :
#27722
b1010010 "
b101101 *
b1011001 2
b11101 :
#27723
b11010111 "
b1011 *
b11100010 2
b11110 :
b0 B
#27724
b11010110 "
b11111100 *
b11101 :
b11111111111 B
#27725
b100110 "
b10010 *
b11110 2
b11100010 :
b0 B
#27726
b11110 "
b11110 *
b11 B
#27727
b1001001 "
b111011 *
b11100 2
b10100110 :
b0 B
#27728
b11010110 "
b100 *
b11111 2
b11100 :
#27729
b1011 "
b11010111 *
b11100010 2
b11111 :
b11111111110 B
#27730
b1110 "
b10100011 *
b11100100 2
b1011010 :
b11111111001 B
#27731
b1100111 "
b10111000 *
b10101000 2
b11111111110 B
#27732
b1000110 "
b11000010 *
b11100010 2
b1011001 :
#27733
b1010111 "
b11011110 *
b11111111111 B
#27734
b11101110 "
b100110 *
b11100010 :
b1 B
#27735
b11110 "
b11100010 *
b11110 2
b11110 :
#27736
b11101110 "
b11011010 *
b11100001 :
b0 B
#27737
b1010000 "
b11001111 *
b1011010 2
b11100 :
#27738
b1111010 "
b100001 *
b1011011 2
b1011000 :
b11111111110 B
#27739
b100011 "
b11000 *
b11110 2
b11101 :
#27740
b10101110 "
b11010011 *
b10100111 2
b11100011 :
b11111111101 B
#27741
b1000110 "
b11000010 *
b11101 2
b10100111 :
#27742
b10000011 "
b11110101 *
b10101000 2
b1011001 :
b11111111111 B
#27743
b111011 "
b1001001 *
b1011000 2
b11100010 :
#27744
b11110 "
b11100010 *
b11100010 2
b0 B
#27745
b10100010 "
b11111110 *
b11111 2
b1011001 :
b11111111111 B
#27746
b100010 "
b10101001 *
b10101000 2
b11110 :
b0 B
#27747
b11000010 "
b1000110 *
b1011000 2
b11100001 :
b11111111110 B
#27748
b1010010 "
b11010011 *
b10101000 2
b11111 :
b11111111111 B
#27749
b10011001 "
b1001000 *
b1011000 2
b10100110 :
b11111111110 B
#27750
b10000110 "
b100001 *
#27751
b1011 "
b10000011 *
b1011001 2
b1011000 :
b11111111111 B
#27752
b1001001 "
b11000101 *
b11110 2
#27753
b10100111 "
b1011001 *
b10100110 2
b10101000 :
#27754
b1001001 "
b111011 *
b11100011 2
b1011001 :
#27755
b1010111 "
b100010 *
b11111 2
b1011000 :
b11111111110 B
#27756
b100001 "
b10000110 *
b1011001 2
b10100110 :
b11111111111 B
#27757
b11011101 "
b11101000 *
b11100010 2
b11100010 :
b11111111110 B
#27758
b1010010 "
b101101 *
b1011001 2
b11101 :
b0 B
#27759
b100001 "
b1111010 *
b1011010 2
b1011000 :
#27760
b1010000 "
b110001 *
b1011001 2
b11100001 :
b11111111111 B
#27761
b110101 "
b10001110 *
b10100101 2
b10101001 :
b11111111110 B
#27762
b11110 "
b11110 *
b11110 2
b11100010 :
#27763
b10 "
b10100010 *
b10100111 2
b11110 :
b11111111101 B
#27764
b1111101 "
b11110101 *
b10101000 2
b10100111 :
b0 B
#27765
b1111010 "
b100001 *
b10100111 2
b10100110 :
b11111111111 B
#27766
b10011001 "
b10111000 *
b1011001 2
b1011001 :
b0 B
#27767
b101101 "
b10101110 *
b11100011 2
#27768
b1111010 "
b11011111 *
b10101000 2
b1011010 :
#27769
b1010000 "
b110001 *
b10100111 2
b11111 :
b11111111111 B
#27770
b110101 "
b10001110 *
b1011011 2
b1010111 :
#27771
b11100010 "
b11110 *
b11100010 2
b11100010 :
b11111111110 B
#27772
b11001011 "
b10001110 *
b1011000 2
b10100110 :
b11111111101 B
#27773
b1011 "
b1111101 *
b10100111 2
b1011001 :
b0 B
#27774
b100001 "
b10000110 *
b1011001 2
b10100110 :
b11111111111 B
#27775
b1110 "
b10100011 *
b11101 2
b0 B
#27776
b10101110 "
b11010011 *
b10100111 2
b11100011 :
#27777
b11000010 "
b10111010 *
b11100100 :
b11111111111 B
#27778
b11001111 "
b1010000 *
b100000 2
b1011001 :
#27779
b11000101 "
b10110111 *
b10101000 2
b100001 :
b11111111110 B
#27780
b10100111 "
b11110 *
b11111 2
b1011001 :
b11111111101 B
#27781
b111011 "
b10110111 *
b10100111 2
b11100011 :
b11111111011 B
#27782
b1111101 "
b11110101 *
b10101000 2
b10100111 :
b11111111110 B
#27783
b1011 "
b11010111 *
b11100010 2
b11101 :
b11111111111 B
#27784
b1011101 "
b1110 *
b10100111 2
b11100001 :
b0 B
#27785
b1100111 "
b10111000 *
b1011001 :
b11 B
#27786
b1111010 "
b11011111 *
b10101000 2
b1011011 :
b10 B
#27787
b100 "
b11010110 *
b11111 2
b11101 :
b0 B
#27788
b11001011 "
b1110010 *
b10100101 2
b10101001 :
b11111111110 B
#27789
b11110 "
b10100111 *
b1011010 2
b11100 :
b11111111011 B
#27790
b10010 "
b100110 *
b11100010 2
b11110 :
b11111111101 B
#27791
b11110101 "
b10000011 *
b1011001 2
b10100111 :
b11111111110 B
#27792
b1000110 "
b111110 *
b11110 2
b1011001 :
b0 B
#27793
b1110 "
b10100011 *
b10100110 :
#27794
b100011 "
b11101000 *
b11100010 :
b11111111111 B
#27795
b101001 "
b11110101 *
b11101 2
b0 B
#27796
b10000011 "
b10101000 2
b1011010 :
#27797
b10100010 "
b10 *
b11100011 2
b11111111110 B
#27798
b11110 "
b10100111 *
b10100111 2
b11100011 :
b11111111111 B
#27799
b1110010 "
b11001011 *
b10100110 2
b10101000 :
#27800
b11011110 "
b1010111 *
b1011000 2
b11100010 :
#27801
b111110 "
b10111010 *
b10101000 2
b11111 :
b11111111110 B
#27802
b101101 "
b1010010 *
b11100001 2
b10101000 :
b11111111111 B
#27803
b1011101 "
b11110010 *
b10100111 2
b11111 :
b11111111110 B
#27804
b1011 "
b101001 *
b11100010 2
b11100011 :
#27805
b1010111 "
b11011110 *
b1011001 :
#27806
b11000101 "
b10110111 *
b1011000 2
b11100010 :
b11111111101 B
#27807
b11110 "
b11110 *
b11100010 2
b11110 :
b1 B
#27808
b111011 "
b10110111 *
b1011000 2
b11111111111 B
#27809
b11011110 "
b1010111 *
b10100111 2
b0 B
#27810
b111110 "
b10111010 *
b1011000 2
b11100010 :
b1 B
#27811
b1010010 "
b11010011 *
b11100001 :
b11111111111 B
#27812
b1011101 "
b11110010 *
b1011001 2
b11100000 :
#27813
b10100100 "
b11101101 *
b10101000 2
b100000 :
b11111111110 B
#27814
b110001 "
b10110000 *
b11100001 2
b10100111 :
b11111111101 B
#27815
b10001110 "
b11001011 *
b10101001 2
b1011011 :
b11111111100 B
#27816
b11110 "
b11110 *
b11110 2
b11100010 :
b11111111110 B
#27817
b110101 "
b1110010 *
b1011010 2
b10101000 :
#27818
b1111101 "
b11110101 *
b10101000 2
b10100110 :
b0 B
#27819
b11000010 "
b1000110 *
b1011001 2
b11100011 :
b10 B
#27820
b1001000 "
b10011001 *
b10100111 2
b1011001 :
b1 B
#27821
b10011001 "
b1001000 *
b1011000 2
b10100110 :
#27822
b1011 "
b101001 *
b11100010 2
b11100011 :
b0 B
#27823
b100010 "
b1010111 *
b10100111 2
b11100101 :
b11111111111 B
#27824
b11011010 "
b11101110 *
b11101 2
b11100010 :
b11111111101 B
#27825
b11110 "
b1011001 *
b10101000 2
b100000 :
#27826
b10001110 "
b110101 *
b10100101 2
b10101000 :
b11111111110 B
#27827
b1010000 "
b11001111 *
b1011010 2
b11101 :
b11111111100 B
#27828
b100001 "
b10000110 *
b10100110 :
b11111111101 B
#27829
b11110010 "
b1011101 *
b11100001 2
b1011001 :
b11111111111 B
#27830
b11011101 "
b11000 *
b11100010 2
b11110 :
b0 B
#27831
b10100100 "
b11101101 *
b10100111 2
b10 B
#27832
b10110000 "
b11001111 *
b11111 :
b0 B
#27833
b10100010 "
b10 *
b11100011 2
b1011010 :
b11111111111 B
#27834
b11110 "
b1011001 *
b1011001 2
b11100001 :
b11111111110 B
#27835
b11011010 "
b10010 *
b11110 2
b11110 :
b11111111111 B
#27836
b10101001 "
b11011110 *
b1011000 :
b11111111110 B
#27837
b100001 "
b10000110 *
b10100111 2
b1011010 :
b0 B
#27838
b101101 "
b1010010 *
b11100001 2
b10101000 :
b11111111111 B
#27839
b1110 "
b1011101 *
b10100111 :
b0 B
#27840
b11101101 "
b1011100 *
b11111111110 B
#27841
b100 "
b11010110 *
b11101 2
b11110 :
#27842
b110101 "
b10001110 *
b1011001 2
b1011000 :
#27843
b1011001 "
b11110 *
b11100010 2
b1011001 :
b10 B
#27844
b11011010 "
b10010 *
b11100010 :
b11111111111 B
#27845
b11010110 "
b100 *
b11100001 2
b11100011 :
b1 B
#27846
b11000010 "
b1000110 *
b10101000 2
b11111 :
b0 B
#27847
b1100111 "
b1001000 *
b1011011 2
b1010110 :
b11111111011 B
#27848
b1011101 "
b11110010 *
b1011001 2
b11100001 :
b11111111110 B
#27849
b11010111 "
b1011 *
b11100011 2
b11110 :
b11111111100 B
#27850
b1011 "
b10000011 *
b10100111 2
b10100111 :
b11111111110 B
#27851
b1001001 "
b11000101 *
b11100011 2
#27852
b10100111 "
b11100010 *
b11100001 2
b1011001 :
b0 B
#27853
b10010 "
b100110 *
b11110 2
b11100011 :
b1 B
#27854
b101010 "
b11111100 *
b11100010 2
b10 B
#27855
b1111010 "
b100001 *
b10100110 2
b10100111 :
b11 B
#27856
b1010010 "
b11010011 *
b10101000 2
b100001 :
b11111111101 B
#27857
b10111000 "
b10011001 *
b1011011 2
b1010111 :
b11111111111 B
#27858
b111110 "
b1000110 *
b10100111 2
b11100100 :
b11111111011 B
#27859
b1010000 "
b110001 *
b11111 :
b11111111101 B
#27860
b1011110 "
b11111110 *
b11100010 2
b1011001 :
b11111111110 B
#27861
b11110 "
b1011001 *
b10100111 2
b11110 :
#27862
b11011010 "
b10010 *
b11100010 2
b11100010 :
b1 B
#27863
b10110000 "
b110001 *
b10100110 2
b11100011 :
b11111111111 B
#27864
b11011111 "
b1111010 *
b10100111 2
b1011010 :
b0 B
#27865
b11011101 "
b11101000 *
b11100010 2
b11100010 :
b11111111111 B
#27866
b11000 *
b11100011 2
b11111 :
b0 B
#27867
b11010111 "
b1011 *
b11110 :
#27868
b10110000 "
b11001111 *
b10100111 2
b11111 :
b11111111100 B
#27869
b10100010 "
b10 *
b11100010 2
b1011001 :
b11111111110 B
#27870
b10100111 "
b11100010 *
#27871
b1011110 "
b10 *
b10100110 :
b1 B
#27872
b11010110 "
b100 *
b11110 2
b11101 :
#27873
b10000110 "
b11011111 *
b1011011 2
b1011000 :
b0 B
#27874
b11011101 "
b11101000 *
b11110 2
b11101 :
b11111111101 B
#27875
b10111000 "
b10011001 *
b1011010 2
b1010111 :
#27876
b11101101 "
b1011100 *
b11100001 2
b10100111 :
#27877
b110001 "
b10110000 *
b11110 2
b1011001 :
#27878
b11001011 "
b1110010 *
b10100111 2
b10100111 :
b11111111110 B
#27879
b11100010 "
b11100010 *
b11110 2
b11100010 :
b11111111111 B
#27880
b1110010 "
b11001011 *
b1011000 2
b1011010 :
b0 B
#27881
b11110101 "
b10000011 *
b1011001 2
b10101000 :
#27882
b10111010 "
b11000010 *
b11100010 2
b10100111 :
b1 B
#27883
b11101000 "
b100011 *
b11110 :
#27884
b10111000 "
b10011001 *
b10100101 2
b10101001 :
b11111111111 B
#27885
b1111010 "
b11011111 *
b1010111 2
b10100100 :
b0 B
#27886
b100 "
b11010110 *
b11100010 2
b11100011 :
b11111111101 B
#27887
b11000101 "
b10110111 *
b10101000 2
b100001 :
#27888
b1011001 "
b1011001 *
b1011000 2
b10100110 :
#27889
b1110010 "
b11001011 *
b10100110 2
b10101000 :
b11111111011 B
#27890
b1010000 "
b11001111 *
b10100111 2
b11100010 :
b11111111111 B
#27891
b10000110 "
b11011111 *
b1011010 2
b1011010 :
b11111111110 B
#27892
b1110 "
b10100011 *
b11100001 2
b1011001 :
b1 B
#27893
b1100111 "
b10111000 *
b10101000 2
b1011010 :
b0 B
#27894
b1000110 "
b11000010 *
b11100011 2
b1011001 :
b10 B
#27895
b100010 "
b1010111 *
b10100111 2
b11100011 :
b11111111111 B
#27896
b11111110 "
b10100010 *
b1011010 2
b11100 :
#27897
b11110 "
b1011001 *
b10101000 2
b100000 :
#27898
b10110111 "
b11000101 *
b11100 2
b10100110 :
b11111111110 B
#27899
b100 "
b101010 *
b11100100 2
b11111 :
b11111111100 B
#27900
b101001 "
b1011 *
b11111 2
b11110 :
b11111111110 B
#27901
b100011 "
b11000 *
b11110 2
b11111111010 B
#27902
b1100111 "
b10111000 *
b1011010 2
b10101001 :
b11111111101 B
#27903
b1011 "
b101001 *
b11110 2
b11111 :
b0 B
#27904
b11010110 "
b11111100 *
b11100001 2
b11100 :
b11 B
#27905
b10010 "
b11011010 *
b11100010 2
b11100010 :
b10 B
#27906
b1011001 "
b11100010 *
b11100001 2
b10100111 :
b111 B
#27907
b11111110 "
b1011110 *
b1011000 2
b11011110 :
b0 B
#27908
b100010 "
b10101001 *
b10101001 2
b100001 :
b11111111110 B
#27909
b1000110 "
b111110 *
b11011111 2
b10101000 :
b11111111010 B
#27910
b11000 "
b11011101 *
b11100011 2
b11110 :
b11111111011 B
#27911
b100011 "
b11101000 *
b11100010 2
#27912
b1011100 "
b10011 *
b10100111 2
b11101 :
b11111111110 B
#27913
b11011110 "
b10101001 *
b1011000 2
b11111 :
b0 B
#27914
b1001001 "
b11000101 *
b11101 2
b1011001 :
b1 B
#27915
b10100111 "
b10100111 *
b1011001 2
b10100111 :
b10 B
#27916
b110101 "
b1110010 *
b10101000 2
b1011010 :
b1 B
#27917
b11010110 "
b100 *
b11100001 2
b11100011 :
b0 B
#27918
b11000010 "
b1000110 *
b10101000 2
b11111 :
b11111111111 B
#27919
b10011001 "
b10111000 *
b10100101 2
b10101010 :
b11111111011 B
#27920
b1110 "
b1011101 *
b11111 2
b1011001 :
b11111111110 B
#27921
b1011 "
b101001 *
b11110 2
b11101 :
b11111111100 B
#27922
b11111100 "
b101010 *
b11101 2
b11110 :
b11111111110 B
#27923
b1011110 "
b11111110 *
b11111 2
b10100111 :
b11111111101 B
#27924
b1011001 "
b1011001 *
b1011010 2
b10101000 :
b10 B
#27925
b11001011 "
b10001110 *
b10100110 2
b1011000 :
#27926
b1011 "
b1111101 *
b1011001 2
b10100111 :
#27927
b11010111 *
b11100010 2
b11111 :
#27928
b10011001 "
b10111000 *
b1011011 2
b1010110 :
b0 B
#27929
b11010011 "
b1010010 *
b11011 2
b10100111 :
b11111111110 B
#27930
b111110 "
b1000110 *
b10100111 2
b11100100 :
b11111111100 B
#27931
b101010 "
b100 *
b11100010 2
b11101 :
b11111111101 B
#27932
b1011110 "
b11111110 *
b1011001 :
b11111111110 B
#27933
b11100010 "
b11100010 *
b11110 2
b11100010 :
b11 B
#27934
b10100010 "
b11111110 *
b11100000 2
b10100111 :
b1 B
#27935
b1011 "
b1111101 *
b10101001 2
b1011011 :
b0 B
#27936
b101001 "
b1011 *
b11111 2
b11110 :
b11111111101 B
#27937
b11101000 "
b100011 *
b11100011 2
b11111 :
b11111111110 B
#27938
b11000 "
b11111 2
b11101 :
b11111111101 B
#27939
b1011 "
b101001 *
b11110 2
b11111111100 B
#27940
b101010 "
b100 *
b11100011 :
b11111111011 B
#27941
b11111110 "
b10100010 *
b10100111 2
b11100001 :
b11111111101 B
#27942
b11100010 "
b10100111 *
b11101 :
b11 B
#27943
b11011010 "
b10010 *
b11110 2
b11110 :
b10 B
#27944
b10101001 "
b11011110 *
b1011000 :
b1 B
#27945
b11110101 "
b101001 *
b11100001 :
b0 B
#27946
b10100011 "
b11110010 *
b1011010 2
b11100 :
b11111111111 B
#27947
b1001000 "
b1100111 *
b10100101 2
b10101010 :
b11111111110 B
#27948
b11011111 "
b10000110 *
b1011011 2
b1010111 :
#27949
b1010111 "
b11011110 *
b11100011 2
b1011001 :
b11111111100 B
#27950
b110101 "
b10001110 *
b1011001 2
b1011000 :
b11111111101 B
#27951
b10100111 "
b11110 *
b11100010 2
b10100111 :
b11111111111 B
#27952
b10100010 "
b11111110 *
#27953
b10000011 "
b1011 *
b10100111 2
#27954
b11101101 "
b10100100 *
b11101 2
#27955
b11101000 "
b100011 *
b11100010 2
b11110 :
b0 B
#27956
b11011101 *
b11100001 2
b11100010 :
b11111111111 B
#27957
b11110101 "
b11010111 *
b11100010 2
b11100011 :
b0 B
#27958
b11010110 "
b11111100 *
b11110 :
b11111111101 B
#27959
b10010 "
b11011010 *
b11100011 :
#27960
b11110 "
b11100010 *
b11100010 :
b0 B
#27961
b11101110 "
b11011010 *
b11110 :
b11111111101 B
#27962
b10000011 "
b1011 *
b1011001 2
b1011001 :
b0 B
#27963
b11110101 "
b101001 *
b11110 2
b11100001 :
#27964
b1100111 "
b1001000 *
b10100111 2
b10101000 :
#27965
b10111000 *
b10101001 2
b1011010 :
b11111111110 B
#27966
b10111010 "
b111110 *
b11101 2
b10100111 :
b11111111111 B
#27967
b11111100 "
b101010 *
b11100011 2
b11100010 :
b11111111110 B
#27968
b1110010 "
b110101 *
b10101000 2
b1011001 :
b11111111111 B
#27969
b1011001 "
b11110 *
b11100011 2
b10 B
#27970
b1001001 "
b111011 *
b0 B
#27971
b1011 "
b1111101 *
b10101001 2
b1011010 :
b11111111111 B
#27972
b11011111 "
b1111010 *
b10101000 2
b1011011 :
#27973
b10011001 "
b10111000 *
b10100101 2
b10101010 :
b11111111110 B
#27974
b11101000 "
b11011101 *
b11100001 2
b11100011 :
#27975
b10111010 "
b111110 *
b11100100 2
b1011001 :
b11111111100 B
#27976
b110001 "
b10110000 *
b11100010 2
b10100111 :
b11111111011 B
#27977
b11011010 "
b11101110 *
b11110 :
b11111111110 B
#27978
b11110 "
b11110 *
b11110 2
b11100010 :
b11111111111 B
#27979
b10100010 "
b11111110 *
b11101 2
b1011010 :
b0 B
#27980
b11011110 "
b1010111 *
b1011001 2
b11100011 :
#27981
b11110101 "
b101001 *
b11110 2
b1 B
#27982
b11110010 "
b1011101 *
b10100110 :
#27983
b11010011 "
b1010010 *
b11101 2
b10100111 :
b11 B
#27984
b1011 "
b101001 *
b11100010 2
b11100011 :
b0 B
#27985
b10000011 "
b11110101 *
b1010110 2
b10100100 :
b11111111111 B
#27986
b11000101 "
b10110111 *
b1011000 2
b11011111 :
b11111111101 B
#27987
b11110 "
b11100010 *
b11111 2
b11101 :
b11111111100 B
#27988
b11001011 "
b10001110 *
b1011000 2
b10100101 :
b11111111011 B
#27989
b1010111 "
b100010 *
b11110 2
b1011001 :
#27990
b11010111 "
b11110101 *
b11100011 2
b11100010 :
b11111111110 B
#27991
b1100111 "
b1001000 *
b1011000 2
b1011010 :
b11111111111 B
#27992
b1001000 "
b1100111 *
b1011001 :
b10 B
#27993
b11000010 "
b10111010 *
b10100111 2
b11100010 :
b1 B
#27994
b100010 "
b1010111 *
b1011001 2
b11101 :
b0 B
#27995
b1011110 "
b11111110 *
b11101 2
b10100110 :
b1 B
#27996
b11110 "
b11110 *
b11100001 :
b11111111111 B
#27997
b11011010 "
b10010 *
b11111 2
b11100 :
#27998
b1010111 "
b100010 *
b11100000 2
b10101000 :
b11111111100 B
#27999
b10100100 "
b10011 *
b1011010 2
b11100 :
b11111111001 B
#28000
b11101000 "
b100011 *
b11110 2
b11100010 :
b11111111100 B
#28001
b11000 "
b11100011 2
b11111111110 B
#28002
b101001 "
b11110101 *
b11100001 2
b11110 :
b0 B
#28003
b1011 "
b10000011 *
b1010111 2
b1011010 :
b10 B
#28004
b11001011 "
b1110010 *
b10101000 2
b10100110 :
b11 B
#28005
b1011001 "
b11110 *
b11100011 2
b1011001 :
b10 B
#28006
b10 "
b10100010 *
b1011001 2
b11100000 :
b1 B
#28007
b11111100 "
b11010110 *
b11101 2
b11100001 :
b11111111111 B
#28008
b11000010 "
b1000110 *
b10101000 2
b100000 :
b11111111101 B
#28009
b11010011 "
b10101110 *
b11011111 2
b10101000 :
b11111111100 B
#28010
b1011101 "
b11110010 *
b1011001 2
b11100001 :
#28011
b100001 "
b1111010 *
b1011010 2
b1011001 :
b11111111011 B
#28012
b11011110 "
b10101001 *
b10101000 2
b11100001 :
b11111111110 B
#28013
b1001001 "
b11000101 *
b11100011 2
b10100111 :
b11111111111 B
#28014
b10100111 "
b11100010 *
b11100001 2
b1011001 :
b10 B
#28015
b11101110 "
b11011010 *
b11100010 2
b11110 :
b1 B
#28016
b10101001 "
b11011110 *
b11110 2
b1011001 :
b10 B
#28017
b1000110 "
b111110 *
b11100001 2
b10101000 :
b0 B
#28018
b10101110 "
b101101 *
b1011000 2
b11100001 :
b11111111111 B
#28019
b1001000 "
b1100111 *
b10100101 2
b10101001 :
b11111111110 B
#28020
b11010111 "
b1011 *
b11101 2
b11100010 :
#28021
b11110101 "
b1111101 *
b10100110 2
b10101000 :
b11111111101 B
#28022
b10110111 "
b111011 *
b11100010 2
b11111111110 B
#28023
b1011001 "
b11100010 *
b11110 2
b1011001 :
#28024
b1011110 "
b10 *
b1011010 :
b11111111111 B
#28025
b1011 "
b1111101 *
b10100111 2
b1011000 :
#28026
b111110 "
b10111010 *
b1011001 2
b11100010 :
b0 B
#28027
b1010010 "
b11010011 *
b1 B
#28028
b1011101 "
b11110010 *
b11100001 :
b11111111111 B
#28029
b101001 "
b11110101 *
b11101 2
b11100010 :
#28030
b1011 "
b10000011 *
b10100101 2
b10101000 :
b11111111110 B
#28031
b11011010 "
b11101110 *
b11100011 2
b11110 :
#28032
b11100010 "
b11110 *
b11110 2
b11111111101 B
#28033
b1011110 "
b10 *
b11100010 2
b10100111 :
b11111111110 B
#28034
b100 "
b101010 *
b11101 2
b11100010 :
b0 B
#28035
b11110101 "
b101001 *
b11111 2
b11100001 :
b11111111111 B
#28036
b1100111 "
b1001000 *
b10100111 2
b10100111 :
b11111111110 B
#28037
b10100011 "
b1110 *
b1011010 2
b11100010 :
b0 B
#28038
b11011111 "
b10000110 *
b1011001 :
#28039
b110001 "
b10110000 *
b11110 2
#28040
b110101 "
b10001110 *
b1011001 2
b1011000 :
b11111111111 B
#28041
b11110 "
b10100111 *
b11101 :
#28042
b111011 "
b10110111 *
#28043
b100010 "
b10101001 *
b1011000 2
b11100001 :
#28044
b11010111 "
b11110101 *
b11100001 2
b11100010 :
#28045
b10111000 "
b1100111 *
b10101001 2
b1011010 :
b11111111110 B
#28046
b1011101 "
b11110010 *
b1011001 2
b11100001 :
b11111111101 B
#28047
b11011111 "
b10000110 *
b10100110 2
b10101000 :
b11111111110 B
#28048
b100 "
b11010110 *
b11100011 2
b11100010 :
#28049
b11000101 "
b10110111 *
b10101000 2
b11110 :
#28050
b11110 "
b10100111 *
b10100111 2
b11100001 :
b10 B
#28051
b10 "
b10100010 *
b11110 :
b11111111111 B
#28052
b11001111 "
b10110000 *
b11100011 2
b1011010 :
b10 B
#28053
b111110 "
b10111010 *
b10101000 2
b11111 :
b11111111111 B
#28054
b1110 "
b10100011 *
b11100011 2
b1011010 :
#28055
b11101000 "
b11011101 *
b11111 2
b11101 :
b11111111110 B
#28056
b1000110 "
b11000010 *
b11100100 2
b1011001 :
b11111111111 B
#28057
b11010110 "
b11111100 *
b11110 2
b11100011 :
b11111111011 B
#28058
b11111110 "
b10100010 *
b1011001 2
b11110 :
b11111111110 B
#28059
b11110 "
b1011001 *
b10100111 2
b11 B
#28060
b10 "
b10100010 *
b1011001 2
b11100000 :
b1 B
#28061
b110001 "
b1010000 *
b11100101 2
b1011010 :
b11111111111 B
#28062
b10000110 "
b11011111 *
b10100100 2
b10101001 :
b11111111101 B
#28063
b1100111 "
b1001000 *
b1011011 2
b1010110 :
b11111111100 B
#28064
b100011 "
b11101000 *
b11110 2
b11100001 :
#28065
b1111010 "
b11011111 *
b1011010 2
b10100110 :
#28066
b101010 "
b100 *
b11111 2
b11100011 :
b11111111110 B
#28067
b110101 "
b10001110 *
b10101001 2
b10100110 :
b0 B
#28068
b11100010 "
b1011001 *
b1011001 2
b11111 :
b101 B
#28069
b11111110 "
b1011110 *
b11100001 :
b10 B
#28070
b11111100 "
b11010110 *
b11100100 2
b11111 :
#28071
b101001 "
b1011 *
b11100001 2
b11100010 :
b11111111110 B
#28072
b1110 "
b10100011 *
b11100100 2
b1011010 :
b11111111010 B
#28073
b10101110 "
b11010011 *
b1011001 2
b11101 :
b11111111101 B
#28074
b1011 "
b101001 *
b11100010 2
b11100001 :
b11111111110 B
#28075
b10110000 "
b11001111 *
b1011010 2
b11100011 :
b11111111111 B
#28076
b10100010 "
b10 *
b11110 2
b10100111 :
b10 B
#28077
b11100010 "
b1011001 *
b10100111 2
b11100011 :
b1 B
#28078
b11011010 "
b10010 *
b11100001 2
b11100010 :
#28079
b10000011 "
b1011 *
b10100101 2
b10101001 :
b11111111111 B
#28080
b11110101 "
b101001 *
b11100010 2
b11111 :
b11111111101 B
#28081
b1001000 "
b10011001 *
b1010110 2
b10100101 :
#28082
b10011001 "
b1001000 *
b10101001 2
b1011011 :
b11111111110 B
#28083
b1011100 "
b10011 *
b1011001 2
b11100001 :
b11111111101 B
#28084
b10101001 "
b100010 *
b11100011 2
b1011001 :
b11111111110 B
#28085
b1001001 "
b11000101 *
b11100010 2
b10101000 :
#28086
b11110 "
b11110 *
b11110 2
b11100010 :
b11111111111 B
#28087
b10100010 "
b11111110 *
b1011001 :
#28088
b1010000 "
b11001111 *
b10100110 2
b11100011 :
b0 B
#28089
b10011 "
b1011100 *
b11101 2
b10100111 :
b11111111111 B
#28090
b1110 "
b10100011 *
b11100011 2
b1011010 :
#28091
b11010011 "
b1010010 *
b11101 2
b10100111 :
#28092
b11011111 "
b10000110 *
b1011011 2
b1011000 :
#28093
b100 "
b11010110 *
b11101 2
b11110 :
#28094
b11101110 "
b100110 *
b11100010 2
b11100011 :
b11111111101 B
#28095
b10100111 "
b11100010 *
b11101 2
b10100111 :
b10 B
#28096
b111011 "
b10110111 *
b1011010 2
b11100 :
b11111111101 B
#28097
b11001111 "
b10110000 *
b11100 2
b10100111 :
b11111111111 B
#28098
b11011111 "
b1111010 *
b10101000 2
b1011011 :
b11111111110 B
#28099
b11110010 "
b1011101 *
b11100011 2
b1011010 :
#28100
b11101000 "
b11011101 *
b11100001 2
b11100010 :
#28101
b100001 "
b1111010 *
b1011010 2
b1011000 :
b11111111111 B
#28102
b10101001 "
b100010 *
b11100011 2
b1011001 :
b11111111101 B
#28103
b11000101 "
b10110111 *
b10101000 2
b11110 :
b11111111110 B
#28104
b10100111 "
b11110 *
b11110 2
b1011001 :
b11111111111 B
#28105
b100110 "
b11101110 *
b11100010 2
b11100010 :
#28106
b10101001 "
b11011110 *
b11110 2
b1011001 :
#28107
b11110101 "
b101001 *
b11100001 :
b0 B
#28108
b1100111 "
b1001000 *
b10100111 2
b10101000 :
b11111111111 B
#28109
b100011 "
b11101000 *
b11100011 2
b11111 :
b11111111110 B
#28110
b11000010 "
b10111010 *
b1011001 2
b11101 :
b11111111111 B
#28111
b11110101 "
b1111101 *
b10100110 2
b10101000 :
b11111111100 B
#28112
b100110 "
b10010 *
b11100010 2
b11110 :
b11111111111 B
#28113
b11100010 "
b11110 *
b11100010 :
b11111111110 B
#28114
b110101 "
b1110010 *
b10100110 2
b1011000 :
b0 B
#28115
b11110101 "
b10000011 *
b1011001 2
b10101000 :
#28116
b11011111 "
b1111010 *
b10100110 2
b1011001 :
b10 B
#28117
b11101000 "
b100011 *
b11100010 2
b11110 :
b1 B
#28118
b1010010 "
b101101 *
b1011010 2
b11100 :
#28119
b1000110 "
b11000010 *
b11100 2
b10100110 :
b0 B
#28120
b1010111 "
b11011110 *
b11011 2
b11111111110 B
#28121
b10100010 "
b10 *
b11100101 2
b1011010 :
#28122
b1011001 "
b11110 *
b11100 2
b10100110 :
b11111111100 B
#28123
b10001110 "
b110101 *
b1011010 2
b1011000 :
#28124
b10101001 "
b11011110 *
b11110 2
b1011001 :
b11111111110 B
#28125
b11101101 "
b10100100 *
b11100001 2
#28126
b11110010 "
b1011101 *
b11111 2
b10100111 :
b11111111111 B
#28127
b11101000 "
b11011101 *
b11110 2
b11110 :
b10 B
#28128
b10111010 "
b111110 *
b10100111 :
#28129
b10000011 "
b11110101 *
b1011000 2
b10100110 :
b0 B
#28130
b1011110 "
b11111110 *
b11100011 2
b1011010 :
b1 B
#28131
b10100111 "
b11100010 *
b11100 2
b10100110 :
b11111111111 B
#28132
b1110010 "
b11001011 *
b1011011 2
b1010111 :
#28133
b1011 "
b1111101 *
b10101001 2
b1011011 :
b11111111110 B
#28134
b11110101 "
b101001 *
b11100010 2
b11111 :
b11111111101 B
#28135
b11000 "
b11011101 *
b11101 2
b11100010 :
b11111111110 B
#28136
b10111000 "
b10011001 *
b10100110 2
b10101000 :
#28137
b10011 "
b10100100 *
b11100001 2
b10100111 :
#28138
b1010111 "
b11011110 *
b11110 2
#28139
b10100010 "
b10 *
b11100010 2
b1011001 :
#28140
b11100010 "
b11100010 *
b11110 :
b1 B
#28141
b10010 "
b100110 *
b11110 2
b11100010 :
#28142
b11001111 "
b10110000 *
b11100011 2
b1011001 :
b0 B
#28143
b10111010 "
b11000010 *
b11111 2
b1011000 :
#28144
b1010010 "
b11010011 *
b10101000 2
b11111 :
b11111111111 B
#28145
b101101 "
b10101110 *
b11100100 2
b1011010 :
b11111111110 B
#28146
b11110101 "
b11010111 *
b11110 2
b11101 :
#28147
b10101001 "
b100010 *
b11101 2
b10100111 :
#28148
b11001011 "
b1110010 *
b10100111 2
b10101000 :
b11111111101 B
#28149
b11110 "
b11100010 *
b11110 2
b11110 :
b11111111111 B
#28150
b10001110 "
b110101 *
b10100111 2
b10100111 :
#28151
b100010 "
b10101001 *
b1011001 2
b11100010 :
b0 B
#28152
b10111010 "
b11000010 *
b11100010 2
b10101000 :
#28153
b11110010 "
b1011101 *
b11100011 2
b1011010 :
b11111111111 B
#28154
b1010010 "
b101101 *
b1011001 2
b11101 :
#28155
b11000010 "
b10111010 *
b10100111 2
b11100100 :
#28156
b11011110 "
b10101001 *
b10100110 2
#28157
b1011110 "
b11111110 *
b11100 2
b10100110 :
b11111111110 B
#28158
b10100111 "
b10100111 *
b10101000 2
b1011010 :
#28159
b111011 "
b10110111 *
b10100111 2
b11100011 :
#28160
b11111100 "
b11010110 *
b11100011 2
b11110 :
b11111111111 B
#28161
b11011111 "
b1111010 *
b1011001 2
b10100110 :
#28162
b11101000 "
b100011 *
b11110 2
b11100010 :
b11111111110 B
#28163
b10111000 "
b10011001 *
b1011010 2
b1011000 :
b0 B
#28164
b101001 "
b11110101 *
b11100011 2
b11110 :
#28165
b1010000 "
b110001 *
b10100111 2
b11111 :
b11111111110 B
#28166
b110101 "
b10001110 *
b1011001 2
b1011000 :
#28167
b11110 "
b1011001 *
b10100111 2
b11110 :
#28168
b100110 "
b11101110 *
b11110 2
b11111111111 B
#28169
b1011 "
b1111101 *
b10100111 2
b1011000 :
#28170
b1000110 "
b111110 *
b11110 2
b1011001 :
b0 B
#28171
b1001000 "
b10011001 *
b1011001 2
b10100111 :
b1 B
#28172
b1011101 "
b11110010 *
b11100001 :
b11111111111 B
#28173
b11110101 "
b11010111 *
b11100010 2
b11100011 :
b0 B
#28174
b10101001 "
b100010 *
b11100100 2
b1011010 :
b11111111110 B
#28175
b110101 "
b10001110 *
b10100101 2
b10101001 :
b11111111101 B
#28176
b11110 "
b10100111 *
b10100111 2
b11100011 :
b11111111110 B
#28177
b110101 "
b1110010 *
b1011001 2
b10100111 :
b11111111101 B
#28178
b11110101 "
b10000011 *
b10100111 2
b1011000 :
b11111111111 B
#28179
b10100100 "
b10011 *
b1011010 2
b11110 :
b0 B
#28180
b100011 "
b11000 *
b11100010 2
b11100010 :
b1 B
#28181
b11101000 "
b11011101 *
b11111 2
b11101 :
b0 B
#28182
b100001 "
b1111010 *
b10100101 2
b10101000 :
#28183
b11001111 "
b1010000 *
b11100001 2
b10100111 :
b11111111011 B
#28184
b111011 "
b1001001 *
b10101000 2
b11110 :
b11111111101 B
#28185
b11100010 "
b1011001 *
b10100111 2
b11100010 :
b11111111110 B
#28186
b10001110 "
b110101 *
b10101000 2
b10100110 :
b11111111111 B
#28187
b11111100 "
b11010110 *
b11101 2
b11100010 :
b1 B
#28188
b100001 "
b10000110 *
b1011001 2
b10100110 :
#28189
b101101 "
b1010010 *
b11111 2
b1011000 :
b11111111110 B
#28190
b1010010 "
b101101 *
b1011001 2
b11101 :
b0 B
#28191
b100001 "
b1111010 *
b1011011 2
b1011000 :
b11111111110 B
#28192
b100010 "
b1010111 *
b1011001 2
b11101 :
b11111111111 B
#28193
b10 "
b1011110 *
b1011010 2
b11111111101 B
#28194
b11110 "
b10100111 *
b10100111 2
b11100011 :
b11111111111 B
#28195
b100110 "
b11101110 *
b11100010 2
b11100010 :
#28196
b11010110 "
b100 *
b11110 2
b11101 :
#28197
b11101101 "
b10100100 *
b11100100 2
b1011010 :
b0 B
#28198
b11010011 "
b10101110 *
b11111 2
b1011000 :
b11111111101 B
#28199
b100011 "
b11101000 *
b11100011 2
b11111 :
b11111111110 B
#28200
b100001 "
b1111010 *
b10100110 2
b10101000 :
#28201
b11111100 "
b101010 *
b11100011 2
b11100010 :
b11111111100 B
#28202
b1110010 "
b110101 *
b10100110 2
b1011000 :
b11111111110 B
#28203
b11100010 "
b10100111 *
b1011001 2
b11100011 :
b10 B
#28204
b111011 "
b10110111 *
b11111 :
#28205
b11010110 "
b100 *
b11100010 2
b11100011 :
b1 B
#28206
b11000010 "
b1000110 *
b10101000 2
b11111 :
b10 B
#28207
b10111000 "
b1100111 *
b10101010 2
b1011011 :
b11111111101 B
#28208
b11011101 "
b11000 *
b11100011 2
b11111 :
b11111111110 B
#28209
b11101101 "
b1011100 *
b11111 2
b1011001 :
b11111111101 B
#28210
b11001111 "
b1010000 *
b11111111100 B
#28211
b11111110 "
b10100010 *
b10100111 2
b11100010 :
b11111111110 B
#28212
b10100111 "
b11100010 *
b11100001 2
b1011001 :
#28213
b11001011 "
b10001110 *
b10100101 2
b1010111 :
b1 B
#28214
b11011110 "
b1010111 *
b1011001 2
b11100010 :
b10 B
#28215
b11011111 "
b1111010 *
b10100110 :
b11 B
#28216
b10101110 "
b101101 *
b1011000 2
b11011111 :
b11111111111 B
#28217
b11010011 *
b1011001 2
b11011 :
b0 B
#28218
b1011 "
b101001 *
b11100010 2
b11100011 :
b11111111011 B
#28219
b11001111 "
b1010000 *
b11100001 2
b10100111 :
b11111111101 B
#28220
b10010 "
b11011010 *
b11110 2
b11101 :
#28221
b11100010 "
b10100111 *
b1011001 2
b11100001 :
b11111111110 B
#28222
b11011010 "
b10010 *
b11100010 2
b11100010 :
b11111111101 B
#28223
b11111100 "
b11010110 *
b11101 2
b11111111110 B
#28224
b11011111 "
b1111010 *
b10100110 2
b1011000 :
b0 B
#28225
b11101000 "
b100011 *
b11100010 2
b11110 :
b11111111110 B
#28226
b1010010 "
b101101 *
b1011000 2
b11111 :
b10 B
#28227
b1000110 "
b11000010 *
b11110 2
b10100111 :
b0 B
#28228
b100010 "
b1010111 *
b1011001 2
b11110 :
b10 B
#28229
b11101110 "
b100110 *
b11110 2
b11101 :
b1 B
#28230
b10100111 "
b11110 *
b100000 2
b1011000 :
#28231
b1001001 "
b111011 *
b11100 2
b10100110 :
b11111111101 B
#28232
b1111101 "
b11110101 *
b10100101 2
b10101001 :
b11111111100 B
#28233
b11010111 "
b11111 2
b11110 :
b11111111110 B
#28234
b11000 "
b11011101 *
b11100010 2
b11111111101 B
#28235
b11010011 "
b1010010 *
b11101 2
b10100111 :
#28236
b1111010 "
b11011111 *
b10100111 2
b1011010 :
b0 B
#28237
b110001 "
b10110000 *
b11110 2
b1011001 :
b11111111111 B
#28238
b10110111 "
b111011 *
b11100010 2
b10101000 :
b0 B
#28239
b10100111 "
b11110 *
b11100001 2
b10100111 :
b11111111111 B
#28240
b10010 "
b100110 *
b11100010 2
b11110 :
#28241
b11010110 "
b100 *
b11100001 2
b11100011 :
b11111111110 B
#28242
b10000110 "
b11011111 *
b10100110 2
b10100111 :
b0 B
#28243
b11011101 "
b11101000 *
b11100010 2
b11100010 :
b11111111011 B
#28244
b101101 "
b10101110 *
b11110 2
b10100111 :
b11111111111 B
#28245
b11110101 "
b11010111 *
b11100010 2
b11100001 :
b0 B
#28246
b11001111 "
b1010000 *
b11110 2
b1011001 :
b1 B
#28247
b11101110 "
b100110 *
b11101 :
b10 B
#28248
b1011001 "
b11110 *
b11100 2
b10100110 :
b11111111111 B
#28249
b10100010 "
b11111110 *
b100001 2
b1011000 :
b11111111101 B
#28250
b10101001 "
b11011110 *
b100000 2
b1010111 :
b11111111110 B
#28251
b1000110 "
b111110 *
b11100001 2
b10101000 :
b11111111011 B
#28252
b10011001 "
b10111000 *
b1011001 2
b1011001 :
b11111111100 B
#28253
b10111000 "
b10011001 *
b1011000 2
b11111111110 B
#28254
b1011 "
b101001 *
b11100010 2
b11100001 :
b0 B
#28255
b1111101 "
b1011 *
b10100110 2
b1011000 :
#28256
b10001110 "
b11001011 *
b1011010 2
b10101000 :
b10 B
#28257
b11100010 "
b11110 *
b11100010 2
b11100010 :
#28258
b10100010 "
b11111110 *
b11100001 2
b10100111 :
#28259
b1010000 "
b11001111 *
b1011010 2
b11100 :
b0 B
#28260
b1000110 "
b111110 *
b11111 2
b1011000 :
b11111111110 B
#28261
b101101 "
b1010010 *
#28262
b1011101 "
b11110010 *
b1011001 2
b11100001 :
#28263
b11101101 "
b1011100 *
b11111 2
b1011001 :
#28264
b1010111 "
b11011110 *
b11110 2
b10100111 :
#28265
b10001110 "
b11001011 *
b10100111 2
b1011001 :
#28266
b1011001 "
b10100111 *
b10101000 2
b10100110 :
b1 B
#28267
b11101110 "
b11011010 *
b11100010 2
b11110 :
b0 B
#28268
b10000011 "
b1011 *
b1011001 2
b1011001 :
b1 B
#28269
b10011 "
b1011100 *
b11100 2
b10100111 :
b0 B
#28270
b10101110 "
b101101 *
b1011000 2
b11100001 :
#28271
b10011001 "
b1001000 *
b1010111 2
b10100101 :
b11111111110 B
#28272
b101001 "
b11110101 *
b11100011 2
b11110 :
#28273
b11110101 "
b1111101 *
b10100110 2
b10101000 :
#28274
b11000101 "
b10110111 *
b1011000 2
b11100010 :
#28275
b11100010 "
b1011001 *
b10100111 2
#28276
b10010 "
b100110 *
b11100010 2
b11110 :
b11111111111 B
#28277
b101010 "
b11111100 *
b11110 2
b11101 :
b1 B
#28278
b11000010 "
b1000110 *
b10101000 2
b11110 :
b0 B
#28279
b1010010 "
b11010011 *
b1011000 2
b11100001 :
b11111111101 B
#28280
b1011101 "
b11110010 *
b1011001 2
b11111111111 B
#28281
b1011 "
b101001 *
b11110 2
b11101 :
b11111111110 B
#28282
b1111101 "
b1011 *
b1011000 2
b10100111 :
#28283
b100110 "
b10010 *
b11110 2
b11100010 :
b11111111101 B
#28284
b11100010 "
b10100111 *
b10100111 2
b11101 :
b0 B
#28285
b1001001 "
b111011 *
b11111 2
b10100111 :
#28286
b101010 "
b11111100 *
b11100010 2
b11100011 :
b1 B
#28287
b1111010 "
b100001 *
b10100110 2
b10100111 :
b10 B
#28288
b101101 "
b1010010 *
b11100001 2
b10101000 :
b11111111101 B
#28289
b10111000 "
b10011001 *
b1011010 2
b1010111 :
b11111111111 B
#28290
b10100100 "
b11101101 *
b1011001 2
b11100001 :
b11111111110 B
#28291
b10101001 "
b100010 *
b11101 2
b10100111 :
b11111111101 B
#28292
b100110 "
b10010 *
b11100010 2
b11110 :
b11111111110 B
#28293
b1011001 "
b1011001 *
b10100111 2
b1011001 :
b11111111111 B
#28294
b10010 "
b100110 *
b11100010 2
b11110 :
b0 B
#28295
b10101001 "
b11011110 *
b10100111 :
#28296
b11000010 "
b1000110 *
b10101000 2
b11110 :
#28297
b101101 "
b1010010 *
b11111 2
b1011000 :
b11111111111 B
#28298
b1011101 "
b11110010 *
b1011001 2
b11100001 :
#28299
b101001 "
b11110101 *
b11101 2
b11100010 :
b11111111110 B
#28300
b11011110 "
b10101001 *
b10100111 2
b11100011 :
#28301
b1110010 "
b110101 *
b1011000 2
b10100111 :
#28302
b1011001 "
b11110 *
b11110 2
b11111111111 B
#28303
b10100010 "
b11111110 *
b1011001 :
b0 B
#28304
b100010 "
b10101001 *
b10100111 2
b11110 :
b1 B
#28305
b11000010 "
b1000110 *
b1011000 2
b11100001 :
b11111111111 B
#28306
b11011101 "
b11101000 *
b11110 2
b11101 :
#28307
b11000 "
b100011 *
b11100001 2
b11100011 :
b11111111110 B
#28308
b10111010 "
b111110 *
b11100 2
b10100111 :
b11111111101 B
#28309
b11110101 "
b1111101 *
b10100110 2
b10101000 :
b11111111011 B
#28310
b110101 "
b10001110 *
b1011001 2
b1011001 :
b11111111110 B
#28311
b10100111 "
b11100010 *
b11111 2
b10100111 :
#28312
b110101 "
b1110010 *
b10100101 2
b1010111 :
b0 B
#28313
b10000011 "
b1011 *
b10101000 2
b10100110 :
b10 B
#28314
b10100100 "
b10011 *
b10100111 2
b11100010 :
b11 B
#28315
b1110 "
b10100011 *
b11101 2
b10100110 :
b1 B
#28316
b1001000 "
b1100111 *
b1011011 2
b1010110 :
#28317
b1011 "
b101001 *
b11111 2
b11101 :
b11111111111 B
#28318
b1111101 "
b1011 *
b1010101 2
b10100100 :
b11111111100 B
#28319
b11111110 "
b10100010 *
b10100110 2
b11100101 :
b11111111011 B
#28320
b10100111 "
b10100111 *
b10101000 2
b1011010 :
#28321
b111011 "
b10110111 *
b11100010 :
b11111111100 B
#28322
b11010110 "
b100 *
b11110 2
b11101 :
b11111111111 B
#28323
b11000010 "
b1000110 *
b1011001 2
b11100011 :
b1 B
#28324
b1010010 "
b11010011 *
b10100111 2
b11110 :
b11111111101 B
#28325
b1001000 "
b1100111 *
b10100111 :
b1 B
#28326
b101001 "
b11110101 *
b11100011 2
b11110 :
b11111111111 B
#28327
b10000011 "
b1011000 2
b10100110 :
b0 B
#28328
b1011110 "
b11111110 *
b11100011 2
b1011010 :
b11111111110 B
#28329
b1011001 "
b1011001 *
b10101000 2
b11111111111 B
#28330
b110101 "
b1110010 *
#28331
b11011110 "
b1010111 *
b11111 :
#28332
b111110 "
b10111010 *
b1011000 2
b11100001 :
#28333
b100011 "
b11000 *
b11110 2
b11101 :
b11111111110 B
#28334
b101101 "
b10101110 *
b11101 2
b10100111 :
#28335
b11101101 "
b1011100 *
b11111 2
b1011001 :
b11111111101 B
#28336
b11111100 "
b101010 *
b11101 2
b11110 :
b11111111111 B
#28337
b1110010 "
b110101 *
b1011000 2
b10100111 :
b11111111110 B
#28338
b11110 "
b11110 *
b11110 2
b11100010 :
b10 B
#28339
b1011110 "
b10 *
b11100001 2
b10100111 :
b0 B
#28340
b100010 "
b10101001 *
b10101000 2
b11110 :
#28341
b10000110 "
b11011111 *
b1011011 2
b1011000 :
b11111111110 B
#28342
b10101110 "
b101101 *
b1011000 2
b11100001 :
b11111111111 B
#28343
b10111000 "
b10011001 *
b1011010 2
b1010111 :
b11111111101 B
#28344
b11110101 "
b11010111 *
b11110 2
b11101 :
b11111111110 B
#28345
b10101001 "
b100010 *
b10100111 :
b11111111101 B
#28346
b1110010 "
b110101 *
b10100111 2
b1011001 :
#28347
b11110 "
b1011001 *
b11101 :
b1 B
#28348
b11011010 "
b10010 *
b11100010 2
b11100010 :
b0 B
#28349
b1010111 "
b100010 *
b11110 2
b1011001 :
b1 B
#28350
b11000010 "
b1000110 *
b10101000 2
b11111 :
b0 B
#28351
b11000 "
b11011101 *
b11101 2
b11100010 :
b11111111111 B
#28352
b1010010 "
b101101 *
b1011010 2
b11100 :
b11111111110 B
#28353
b10111010 "
b111110 *
b11100100 2
b1011001 :
#28354
b1111101 "
b1011 *
b1011000 2
b10100110 :
#28355
b10110111 "
b111011 *
b11110 2
b1011000 :
#28356
b10100111 "
b1011001 *
b1011001 2
b1011001 :
b11111111111 B
#28357
b11000101 "
b1001001 *
b1011000 2
b11110 :
#28358
b11111100 "
b11010110 *
b11100011 2
b0 B
#28359
b11010111 "
b11110101 *
b11111 2
b1 B
#28360
b11110010 "
b1011101 *
b11101 2
b10100110 :
b11111111110 B
#28361
b11000 "
b100011 *
b11100001 2
b11100010 :
b11111111101 B
#28362
b1011100 "
b10011 *
b10100111 2
b11111 :
b11111111111 B
#28363
b1011 "
b10000011 *
b1011010 2
b1011000 :
b11111111101 B
#28364
b10110111 "
b111011 *
b11100010 2
b10101000 :
b11111111110 B
#28365
b10100111 "
b1011001 *
b10100111 2
b10100111 :
#28366
b1011110 "
b10 *
b11110 2
b1011010 :
b11111111111 B
#28367
b10101001 "
b11011110 *
b11100010 2
b10100111 :
b0 B
#28368
b10111010 "
b11000010 *
#28369
b101101 "
b1010010 *
b11110 2
b1011001 :
b11111111111 B
#28370
b11110010 "
b10100011 *
b11100001 2
b10100111 :
#28371
b1000110 "
b11000010 *
b11101 2
#28372
b10101001 "
b100010 *
b11100011 2
b1011001 :
b11111111110 B
#28373
b10110111 "
b111011 *
b11110 2
b1011000 :
b11111111111 B
#28374
b10100111 "
b11100010 *
b11100011 2
b1011001 :
#28375
b11101110 "
b11011010 *
b11100010 2
b11110 :
#28376
b1010000 "
b11001111 *
b10100111 2
b11100011 :
#28377
b10100100 "
b10011 *
b1011010 2
b11100 :
b0 B
#28378
b10101110 "
b101101 *
b1011000 2
b11100001 :
b11111111111 B
#28379
b10100011 "
b1110 *
b1011001 2
b11100000 :
b11111111110 B
#28380
b11101101 "
b1011100 *
b11100001 2
b10100111 :
#28381
b1011 "
b10000011 *
b1011010 2
b1011000 :
b11111111101 B
#28382
b11001011 "
b1110010 *
b10100111 2
b10101000 :
b11111111110 B
#28383
b11100010 "
b10100111 *
b1011001 2
b11100010 :
#28384
b1110010 "
b11001011 *
b1011000 2
b1011010 :
b11111111111 B
#28385
b10110000 "
b110001 *
b10100111 2
b11100010 :
#28386
b11011111 "
b1111010 *
b10100110 2
b1011001 :
b1 B
#28387
b1110 "
b10100011 *
b11101 2
b10100110 :
#28388
b11011101 "
b11000 *
b11100011 2
b11111 :
#28389
b10111010 "
b111110 *
b11100100 2
b1011010 :
b11111111111 B
#28390
b11110101 "
b1111101 *
b1011100 2
b1010110 :
b11111111100 B
#28391
b1011110 "
b11111110 *
b11100 2
b10100110 :
b11111111110 B
#28392
b1011001 "
b10100111 *
b10100110 2
b10101000 :
b11111111011 B
#28393
b11000101 "
b1001001 *
b1011000 2
b11110 :
b11111111110 B
#28394
b11001111 "
b10110000 *
b11100010 2
b1011001 :
#28395
b11011111 "
b1111010 *
b1011010 2
b10101000 :
b1 B
#28396
b1011101 "
b1110 *
b10100110 2
b11100010 :
#28397
b10100011 "
b1011001 2
b11100001 :
b10 B
#28398
b101001 "
b11110101 *
b11100011 2
b11110 :
b0 B
#28399
b11110101 "
b1111101 *
b10100101 2
b10101001 :
b11111111110 B
#28400
b10110111 "
b111011 *
b11011111 2
b10101000 :
#28401
b10100111 "
b1011001 *
b10100110 2
b11111111101 B
#28402
b10010 "
b100110 *
b11100010 2
b11110 :
b11111111011 B
#28403
b1010000 "
b11001111 *
b1011001 2
b11111111110 B
#28404
b10011 "
b1011100 *
b11100001 2
b1011001 :
b0 B
#28405
b1001000 "
b10011001 *
b1011010 2
b10101000 :
b1 B
#28406
b10011001 "
b1001000 *
b10101000 2
b1011010 :
b10 B
#28407
b1011100 "
b10011 *
b1011001 2
b11100001 :
#28408
b1010111 "
b11011110 *
b11011 2
b10100111 :
b11111111111 B
#28409
b10010 "
b11011010 *
b11100010 2
b11100011 :
b11111111110 B
#28410
b11110 "
b10100111 *
b10100110 2
b11100100 :
b11111111101 B
#28411
b111011 "
b10110111 *
b10100111 2
b11100011 :
#28412
b110001 "
b1010000 *
b11101 2
b10100111 :
b11111111110 B
#28413
b100001 "
b10000110 *
b10100111 2
b1011010 :
b11111111111 B
#28414
b11011101 "
b11101000 *
b11110 2
b11110 :
#28415
b1010010 "
b101101 *
b10100111 2
b11100011 :
b0 B
#28416
b100001 "
b1111010 *
b10100101 2
b10101000 :
#28417
b1010111 "
b11011110 *
b11100011 2
b1011001 :
b11111111111 B
#28418
b1110010 "
b110101 *
b10101001 2
b1011011 :
b11111111101 B
#28419
b10100111 "
b11100010 *
b11101 2
b10100111 :
b11111111111 B
#28420
b11011010 "
b10010 *
b11100001 2
b11100010 :
b11111111110 B
#28421
b10110000 "
b110001 *
b10100111 2
b11100011 :
b11111111111 B
#28422
b1011100 "
b11101101 *
b1011010 2
b11100 :
b11111111101 B
#28423
b10111000 "
b1100111 *
b10101000 2
b1011001 :
b11111111111 B
#28424
b10100011 "
b1110 *
b10100111 2
b11111 :
b11111111110 B
#28425
b11110101 "
b11010111 *
b11100010 2
b11100011 :
b0 B
#28426
b1111101 *
b1011010 2
b1011000 :
b11111111110 B
#28427
b10001110 "
b11001011 *
b10101000 2
b1011001 :
b11111111101 B
#28428
b1011001 "
b11100010 *
b11100010 2
b10100111 :
b11111111110 B
#28429
b11011010 "
b10010 *
b11110 2
b11110 :
b0 B
#28430
b1010000 "
b11001111 *
b10100111 2
b11100010 :
b11111111111 B
#28431
b1011100 "
b11101101 *
b0 B
#28432
b1010010 "
b11010011 *
b11110 :
b1 B
#28433
b101101 "
b10101110 *
b11100011 2
b1011001 :
#28434
b100001 "
b1111010 *
b10100101 2
b10101001 :
b11111111111 B
#28435
b1010000 "
b110001 *
b10101000 2
b11111 :
#28436
b1011110 "
b11111110 *
b11100100 2
b1011010 :
b11111111101 B
#28437
b10100111 "
b10100111 *
b1010111 2
b10100101 :
b11111111110 B
#28438
b1011110 "
b10 *
b100000 2
b1011001 :
#28439
b10000011 "
b1011 *
b10100110 2
b10101000 :
#28440
b11101101 "
b10100100 *
b11101 2
b10100111 :
b11111111101 B
#28441
b1100111 "
b1001000 *
b1011001 2
b1011001 :
b11111111110 B
#28442
b1010010 "
b101101 *
b11110 :
b11111111111 B
#28443
b1011 "
b101001 *
b11111 2
b0 B
#28444
b1010000 "
b110001 *
b1011001 2
b11100010 :
b1 B
#28445
b10010 "
b11011010 *
b11100010 2
b11100011 :
b11111111101 B
#28446
b11100010 "
b10100111 *
b10100111 2
b11111 :
b11111111111 B
#28447
b11001011 "
b10001110 *
b10101000 2
b1011010 :
b11111111101 B
#28448
b11010110 "
b100 *
b11110 2
b11101 :
b11111111110 B
#28449
b101001 "
b1011 *
b11100010 2
b11100001 :
b11111111111 B
#28450
b100011 "
b11000 *
b11100010 :
b11111111101 B
#28451
b1110 "
b1011101 *
b10100110 :
b10 B
#28452
b1111010 "
b11011111 *
b10101000 2
b1011010 :
b0 B
#28453
b100010 "
b1010111 *
b10100111 2
b11100011 :
#28454
b11000101 "
b10110111 *
b1011000 2
b11100000 :
b11111111111 B
#28455
b11100010 "
b11100010 *
b11110 2
b11100010 :
#28456
b11101110 "
b11011010 *
b11100001 :
b11111111100 B
#28457
b11010110 "
b100 *
b11100010 2
b11100011 :
b0 B
#28458
b11010111 "
b11110101 *
b11100001 2
b11100010 :
b11111111110 B
#28459
b11110010 "
b1011101 *
b11100010 2
b1011010 :
b11111111101 B
#28460
b1011101 "
b11110010 *
b1011010 2
b11100010 :
#28461
b10000110 "
b100001 *
b10100110 2
b1011001 :
b0 B
#28462
b110001 "
b10110000 *
b11100011 2
b10100110 :
#28463
b111011 "
b1001001 *
b1011000 2
b11100010 :
b1 B
#28464
b10100111 "
b11100010 *
b11100011 2
b1011001 :
#28465
b110101 "
b1110010 *
b1010111 2
b10100110 :
b11111111111 B
#28466
b101010 "
b11111100 *
b11100001 2
b11100011 :
#28467
b100001 "
b10000110 *
b10101001 2
b1011011 :
b11111111110 B
#28468
b10101110 "
b101101 *
b1011000 2
b11100001 :
b11111111011 B
#28469
b1011101 "
b11110010 *
b10100111 2
b11111 :
b11111111110 B
#28470
b10111010 "
b111110 *
b11110 2
b10100111 :
#28471
b1010000 "
b110001 *
b10100110 2
b11101 :
#28472
b1110010 "
b110101 *
b1011000 :
b1 B
#28473
b10100111 "
b1011001 *
b10100111 2
b10100111 :
#28474
b10010 "
b100110 *
b11100010 2
b11110 :
b10 B
#28475
b1010111 "
b100010 *
b100000 2
b1010111 :
b0 B
#28476
b101001 "
b1011 *
b11111 2
b11110 :
#28477
b101101 "
b1010010 *
b100001 2
b1011000 :
b11111111100 B
#28478
b11110010 "
b10100011 *
b11100001 2
b10100111 :
b11111111101 B
#28479
b11011111 "
b10000110 *
b10100110 2
b10101000 :
b11111111011 B
#28480
b101010 "
b100 *
b11110 2
b11100011 :
b11111111110 B
#28481
b10100010 "
b10 *
b11100001 2
b1011001 :
#28482
b10100111 "
b11110 *
b11101 2
b11 B
#28483
b11011010 "
b10010 *
b11110 2
b11110 :
b10 B
#28484
b100010 "
b10101001 *
b10101000 2
b1 B
#28485
b11010111 "
b11110101 *
b11111 2
b0 B
#28486
b1011101 "
b1110 *
b10100110 2
b11100100 :
b11111111111 B
#28487
b100011 "
b11101000 *
b11100011 2
b11110 :
b11111111101 B
#28488
b100001 "
b1111010 *
b10100101 2
b10101001 :
b11111111110 B
#28489
b1011 "
b10000011 *
b1011010 2
b1011000 :
#28490
b10100010 "
b10 *
b11101 2
b10100110 :
b11111111101 B
#28491
b11100010 "
b11110 *
b11100010 2
b11100010 :
b11111111110 B
#28492
b110101 "
b1110010 *
b10100111 2
b1011001 :
b11111111111 B
#28493
b1010000 "
b11001111 *
b1011010 2
b11101 :
b0 B
#28494
b1011 "
b11010111 *
b11110 2
b11100001 :
#28495
b10011001 "
b10111000 *
b10100111 2
b10101000 :
b11111111111 B
#28496
b11011101 "
b11000 *
b11100011 2
b11111 :
b11111111110 B
#28497
b10111010 "
b111110 *
b1011001 :
b11111111111 B
#28498
b11010110 "
b11111100 *
b11100010 2
b11101 :
b11111111100 B
#28499
b1110010 "
b110101 *
b1011001 2
b10100111 :
b11111111111 B
#28500
b1011001 "
b11110 *
b11110 2
b11 B
#28501
b1011110 "
b10 *
b11100000 2
b10101000 :
b0 B
#28502
b10101001 "
b11011110 *
b100000 2
b1010111 :
b1 B
#28503
b10011 "
b1011100 *
b11011 2
b10100110 :
b11111111100 B
#28504
b11101000 "
b100011 *
b11101 2
b11100010 :
#28505
b11011101 "
b11000 *
b11110 2
#28506
b1011100 "
b10011 *
b10100111 2
b11101 :
b11111111110 B
#28507
b10110000 "
b11001111 *
b1011010 2
b11100011 :
b0 B
#28508
b10001110 "
b11001011 *
b10101000 :
b1 B
#28509
b11110 "
b1011001 *
b10100111 2
b11110 :
#28510
b1011110 "
b10 *
b11111 2
b1011001 :
b10 B
#28511
b11110101 "
b10000011 *
b1010111 2
b10100110 :
b11111111111 B
#28512
b10111010 "
b11000010 *
b11100001 2
b10101000 :
b11111111110 B
#28513
b10111000 "
b1100111 *
b10101001 2
b1011010 :
#28514
b1001000 "
b1011010 2
b1010111 :
#28515
b10011 "
b10100100 *
b11100001 2
b10100111 :
#28516
b101010 "
b100 *
b11110 2
b11100011 :
b11111111101 B
#28517
b10100010 "
b10 *
b11100010 2
b1011001 :
b11111111110 B
#28518
b11100010 "
b1011001 *
b1011001 2
b11111 :
b11 B
#28519
b1001001 "
b111011 *
b11101 2
b10100111 :
b1 B
#28520
b1111101 "
b11110101 *
b10100110 2
b10101001 :
b10 B
#28521
b11101101 "
b10100100 *
b11100101 2
b1011010 :
b11111111111 B
#28522
b1011101 "
b1110 *
b10100110 2
b11100101 :
b11111111101 B
#28523
b101101 "
b10101110 *
b11100101 2
b1011001 :
b11111111100 B
#28524
b10011 "
b10100100 *
b11111 2
#28525
b1010000 "
b110001 *
b10100111 2
b11110 :
b11111111101 B
#28526
b11011010 "
b11101110 *
b11110 2
b11100010 :
b11111111110 B
#28527
b10100111 "
b10100111 *
b1011010 2
b10101000 :
b11111111111 B
#28528
b11101110 "
b11011010 *
b11110 2
b11100010 :
b0 B
#28529
b10000011 "
b1011 *
b10101000 2
b10100111 :
b10 B
#28530
b100001 "
b10000110 *
b1011001 2
b10100110 :
b0 B
#28531
b1010010 "
b11010011 *
b1011000 2
b11100001 :
#28532
b11011101 "
b11000 *
b11100011 2
b11111 :
#28533
b1011 "
b101001 *
b11110 2
b11101 :
b11111111110 B
#28534
b11010110 "
b11111100 *
b11100010 2
b11111111100 B
#28535
b10 "
b1011110 *
b1011001 2
b11110 :
b11111111101 B
#28536
b1011001 "
b1011001 *
b1011010 2
b10101000 :
b11 B
#28537
b1011110 "
b10 *
b11100001 2
b10100111 :
b1 B
#28538
b1011 "
b1111101 *
b1010111 2
b10100110 :
b10 B
#28539
b10000110 "
b11011111 *
b1011100 2
b1010111 :
b11111111110 B
#28540
b101101 "
b1010010 *
b11011111 2
b10101000 :
#28541
b11101000 "
b11011101 *
b11111 2
b11101 :
b11111111100 B
#28542
b1011100 "
b10011 *
b10100111 2
b11111 :
b11111111011 B
#28543
b110001 "
b10110000 *
b11101 2
b1011010 :
#28544
b10110111 "
b111011 *
b11100011 2
b10100111 :
b11111111110 B
#28545
b11110 "
b1011001 *
b10100110 2
b11100 :
b1 B
#28546
b100110 "
b11101110 *
b11101 2
b11110 :
#28547
b11011110 "
b1010111 *
b10100111 2
b10 B
#28548
b10100100 "
b10011 *
b11100011 :
#28549
b10101110 "
b101101 *
b10101000 2
b11111 :
b11111111111 B
#28550
b1011101 "
b11110010 *
b1011001 2
b11100000 :
#28551
b11101101 "
b1011100 *
b100000 2
b1011000 :
b11111111110 B
#28552
b11011110 "
b10101001 *
b10100110 2
b11100100 :
b11111111101 B
#28553
b1110010 "
b110101 *
b1010111 2
b10100101 :
b11111111100 B
#28554
b11110 "
b11110 *
b11110 2
b11100010 :
b11111111110 B
#28555
b11111110 "
b1011110 *
b1011010 2
#28556
b1010000 "
b11001111 *
b10100111 2
b11100001 :
b0 B
#28557
b111110 "
b10111010 *
b11101 :
#28558
b100011 "
b11000 *
b11100010 2
b11100010 :
b10 B
#28559
b11010011 "
b1010010 *
b11101 2
b10100111 :
b1 B
#28560
b11110101 "
b11010111 *
b11110 2
b11101 :
b0 B
#28561
b110001 "
b10110000 *
b11111 2
b1011001 :
b11111111111 B
#28562
b11011010 "
b11101110 *
b11101 2
b11100010 :
b11111111101 B
#28563
b1011001 "
b10100111 *
b1011010 2
b1011000 :
b11111111110 B
#28564
b11011010 "
b10010 *
b11100010 2
b11100010 :
#28565
b100 "
b101010 *
b11100011 2
b11110 :
#28566
b100001 "
b10000110 *
b1011010 2
b10100110 :
b0 B
#28567
b10100011 "
b11110010 *
b10100110 2
b11100010 :
b11111111110 B
#28568
b101101 "
b10101110 *
b11110 2
b10100111 :
b0 B
#28569
b1011 "
b101001 *
b11111 2
b11110 :
#28570
b11001111 "
b1010000 *
b11110 2
b1011001 :
b1 B
#28571
b1001001 "
b11000101 *
b11100000 2
b10101000 :
b11111111101 B
#28572
b1011001 "
b10100111 *
b10100110 2
b11111111111 B
#28573
b1011110 "
b10 *
b11100001 2
b10100111 :
b11111111100 B
#28574
b1111101 "
b11110101 *
b10101000 2
b11111111110 B
#28575
b111110 "
b10111010 *
b10100111 2
b11101 :
#28576
b11101000 "
b100011 *
b11111 2
b11100010 :
b0 B
#28577
b100011 "
b11101000 *
b11100010 2
b11110 :
b1 B
#28578
b1011100 "
b10011 *
b10100111 2
b11 B
#28579
b100 "
b11010110 *
b11101 2
b0 B
#28580
b11111110 "
b10100010 *
b1011010 2
b11100 :
b11111111111 B
#28581
b11110 "
b1011001 *
b10101000 2
b100000 :
b10 B
#28582
b11101110 "
b11011010 *
b11100 2
b11100001 :
b11111111110 B
#28583
b110001 "
b1010000 *
b11100101 2
b1011010 :
b11111111100 B
#28584
b100001 "
b10000110 *
b1011000 2
b10100101 :
b11111111010 B
#28585
b100011 "
b11000 *
b11110 2
b11110 :
b11111111100 B
#28586
b10100011 "
b1110 *
b10100110 2
b11101 :
b11111111110 B
#28587
b100001 "
b1111010 *
b1010111 2
b1011011 :
b0 B
#28588
b100 "
b11010110 *
b11100100 2
b11100001 :
b1 B
#28589
b11011010 "
b11101110 *
b11100010 2
b11110 :
b10 B
#28590
b11100010 "
b1011001 *
b1011001 2
b110 B
#28591
b1110010 "
b11001011 *
b10100101 2
b10101001 :
b0 B
#28592
b101010 "
b11111100 *
b11100001 2
b11100011 :
b1 B
#28593
b11101101 "
b10100100 *
b11100110 2
b1011010 :
b11111111101 B
#28594
b1001000 "
b10011001 *
b10101011 2
b1011100 :
b11111111011 B
#28595
b1100111 *
b10100101 2
b10101001 :
#28596
b11011111 "
b10000110 *
b1011010 2
b1011000 :
#28597
b110001 "
b10110000 *
b11101 2
b1011010 :
b11111111101 B
#28598
b111011 "
b1001001 *
b10100111 2
b11101 :
b11111111110 B
#28599
b1011001 "
b10100111 *
b1011000 2
b1011010 :
b1 B
#28600
b10 "
b10100010 *
b1011010 2
b11100010 :
#28601
b1011 "
b1111101 *
b10100111 2
b1011001 :
#28602
b1011100 "
b11101101 *
b1011010 2
b11100 :
b0 B
#28603
b1011101 "
b1110 *
b11101 :
#28604
b11011101 "
b11000 *
b11100011 2
b11111 :
b11111111110 B
#28605
b11011111 "
b10000110 *
b10100101 2
b10101000 :
b11111111111 B
#28606
b11001111 "
b1010000 *
b100000 2
b1011001 :
b11111111100 B
#28607
b1110010 "
b110101 *
b1011000 2
b10100111 :
b11111111101 B
#28608
b1011001 "
b11100010 *
b11100010 2
#28609
b100110 "
b11101110 *
b11100010 :
b0 B
#28610
b10110000 "
b110001 *
b1011001 2
b11110 :
b11111111111 B
#28611
b1011100 "
b11101101 *
b10100111 2
b11100010 :
b0 B
#28612
b100011 "
b11000 *
b11100010 2
b1 B
#28613
b11000 "
b100011 *
b11100001 2
#28614
b1011100 "
b10011 *
b10101000 2
b11111 :
b0 B
#28615
b1111101 "
b1011 *
b10101001 2
b1011011 :
b11111111101 B
#28616
b110101 "
b10001110 *
b1011011 2
b1010111 :
b11111111110 B
#28617
b10100111 "
b1011001 *
b10100110 2
b10101000 :
#28618
b1001001 "
b111011 *
b11100011 2
b1011001 :
b11111111101 B
#28619
b11011110 "
b1010111 *
b10100111 2
b11110 :
b11111111110 B
#28620
b11101101 "
b10100100 *
b11110 2
b10100110 :
b11111111111 B
#28621
b10101110 "
b101101 *
b10100111 2
b11110 :
#28622
b10100011 "
b1110 *
b11111 :
b0 B
#28623
b10100100 "
b11101101 *
b11111111111 B
#28624
b1010111 "
b11011110 *
b11101 2
b10100111 :
b11111111110 B
#28625
b11101110 "
b100110 *
b11110 2
b11110 :
#28626
b10100111 "
b1011001 *
b1011001 2
b1011001 :
b11111111111 B
#28627
b10 "
b10100010 *
b10100111 2
b11110 :
b0 B
#28628
b101010 "
b11111100 *
b11100010 2
b11100011 :
#28629
b10111010 "
b11000010 *
b11110 2
b1011000 :
b11111111111 B
#28630
b10100011 "
b11110010 *
b1011010 2
b11101 :
b11111111101 B
#28631
b1010010 "
b101101 *
b10100111 2
b11100011 :
b11111111111 B
#28632
b11010111 "
b1011 *
b11101 2
b11100010 :
#28633
b11001111 "
b1010000 *
b11100001 2
b10100111 :
#28634
b111011 "
b1001001 *
b10101000 2
b100000 :
b11111111110 B
#28635
b11110 "
b11100010 *
b11110 2
b11110 :
#28636
b1001001 "
b111011 *
b11100010 2
b1011000 :
b11111111100 B
#28637
b11010110 "
b100 *
b11100011 :
b0 B
#28638
b11010111 "
b11110101 *
b11100011 2
b11100010 :
b1 B
#28639
b11010011 "
b10101110 *
b11100010 2
b10100111 :
b11111111101 B
#28640
b10100011 "
b1110 *
b10100110 2
b11110 :
b10 B
#28641
b100001 "
b1111010 *
b1011010 2
b1011000 :
b11111111111 B
#28642
b10101001 "
b100010 *
b11100011 2
b1011001 :
b0 B
#28643
b1011110 "
b11111110 *
b11101 2
b10100110 :
b11111111110 B
#28644
b11110 "
b11110 *
b11110 2
b11100010 :
b11111111111 B
#28645
b11101110 "
b11011010 *
b11100010 2
b11110 :
#28646
b10101001 "
b11011110 *
b11110 2
b1011000 :
b0 B
#28647
b11010111 "
b11110101 *
b11111 2
b11110 :
#28648
b10101110 "
b101101 *
b1011000 2
b11100001 :
b11111111111 B
#28649
b100011 "
b11101000 *
b11100011 2
b11111 :
b11111111101 B
#28650
b100001 "
b1111010 *
b10100101 2
b10101000 :
b11111111110 B
#28651
b1010000 "
b110001 *
b10100111 2
b11111 :
b11111111100 B
#28652
b10 "
b1011110 *
b11100010 :
b11111111101 B
#28653
b11110 "
b11110 *
b11100010 2
b11110 :
b11111111110 B
#28654
b1001001 "
b111011 *
b11100000 2
b1011000 :
b1 B
#28655
b1011 "
b1111101 *
b10100111 2
b0 B
#28656
b10011 "
b1011100 *
b11100010 2
b1011001 :
b100 B
#28657
b11010011 "
b10101110 *
b11100001 2
b10101000 :
b1 B
#28658
b100011 "
b11101000 *
b11101 2
b11100010 :
#28659
b10100100 "
b11101101 *
b10101000 2
b100001 :
b11111111110 B
#28660
b100 "
b11010110 *
b11100001 2
b11100011 :
#28661
b100110 "
b10010 *
b11101 2
b11100010 :
b11111111011 B
#28662
b11100010 "
b1011001 *
b1011001 2
b11101 :
#28663
b10100010 "
b11111110 *
b11110 2
b1011001 :
b11111111110 B
#28664
b10101001 "
b11011110 *
b11111111111 B
#28665
b10011 "
b1011100 *
b10100110 :
#28666
b10100011 "
b11110010 *
b1011010 2
b11110 :
#28667
b11101000 "
b11011101 *
b11110 2
b0 B
#28668
b11101101 "
b1011100 *
b11100001 2
b10100111 :
#28669
b11001111 "
b1010000 *
#28670
b10 "
b1011110 *
b10100110 2
b11100011 :
b11111111110 B
#28671
b1011001 "
b1011001 *
b10101000 2
b1011010 :
#28672
b100110 "
b11101110 *
b11110 2
b11110 :
b11111111111 B
#28673
b110001 "
b1010000 *
b11100011 2
b1011010 :
#28674
b11110101 "
b101001 *
b11100010 2
b11111 :
b0 B
#28675
b100011 "
b11000 *
b11110 2
b11110 :
b11111111111 B
#28676
b10111000 "
b10011001 *
b10100110 2
b10101000 :
b11111111110 B
#28677
b11010111 "
b1011 *
b11100011 2
b11110 :
b0 B
#28678
b11111100 "
b101010 *
b11101 2
b11111111110 B
#28679
b10100010 "
b10 *
b11100010 2
b1011001 :
#28680
b10100111 "
b11110 *
b11110 2
b10 B
#28681
b11000101 "
b1001001 *
b1011001 2
b11101 :
b1 B
#28682
b1011 "
b1111101 *
b1010111 2
b10100110 :
b11111111111 B
#28683
b10000110 "
b11011111 *
b1011011 2
b1010111 :
#28684
b1100111 "
b1001000 *
b10100101 2
b10101010 :
b11111111110 B
#28685
b1011101 "
b11110010 *
b10100111 2
b100000 :
b11111111101 B
#28686
b11010111 "
b1011 *
b11101 2
b11100010 :
b11111111100 B
#28687
b110001 "
b10110000 *
b11110 2
b1011001 :
b11111111101 B
#28688
b10100010 "
b10 *
b10100111 :
b11111111110 B
#28689
b10100111 "
b11110 *
b11100011 2
b11111111111 B
#28690
b10110111 "
b11000101 *
b11111 2
b1 B
#28691
b101010 "
b11111100 *
b11110 2
b11101 :
#28692
b1011 "
b11010111 *
b11100001 :
b10 B
#28693
b101101 "
b1010010 *
b100001 2
b1011000 :
b11111111101 B
#28694
b11011101 "
b11000 *
b11100011 2
b11111 :
b11111111110 B
#28695
b11110101 "
b11010111 *
b11100010 2
b11100011 :
b11111111011 B
#28696
b11011110 "
b10101001 *
b10100111 2
b11100010 :
b11111111100 B
#28697
b10001110 "
b11001011 *
b10100110 2
b1011000 :
b11111111101 B
#28698
b11110 "
b1011001 *
b1011001 2
b11100011 :
b1 B
#28699
b10100010 "
b11111110 *
b11110 2
b1011010 :
b10 B
#28700
b100010 "
b10101001 *
b10100111 2
b11110 :
b1 B
#28701
b10011 "
b1011100 *
b11100 2
b10100111 :
b0 B
#28702
b1010010 "
b11010011 *
b10101000 2
b11111 :
b11111111111 B
#28703
b10101110 "
b1011010 2
b11100 :
b11111111110 B
#28704
b11010111 "
b1011 *
b11101 2
b11100010 :
#28705
b10000011 "
b11110101 *
b1011000 2
b10100110 :
#28706
b1001001 "
b11000101 *
b11110 2
b1011000 :
#28707
b1011001 "
b11100010 *
b1011001 :
b11111111111 B
#28708
b11111110 "
b1011110 *
b10100111 2
b11110 :
#28709
b100010 "
b10101001 *
b1011001 2
b11100010 :
#28710
b10011 "
b1011100 *
b11100011 2
b1011001 :
#28711
b1001000 "
b10011001 *
b1011000 2
b10100111 :
#28712
b100011 "
b11101000 *
b11110 2
b11100001 :
#28713
b111110 "
b1000110 *
b1011001 2
b11100 :
b0 B
#28714
b100010 "
b1010111 *
b1011010 2
b11111111110 B
#28715
b110101 "
b10001110 *
b10100101 2
b10101001 :
#28716
b10100111 "
b1011001 *
b1011010 2
b1011000 :
#28717
b11001011 "
b10001110 *
b10100111 2
b1011001 :
b11111111101 B
#28718
b110001 "
b1010000 *
b11110 2
b10100111 :
b11111111110 B
#28719
b10011 "
b1011100 *
b11111 2
b0 B
#28720
b10100011 "
b11110010 *
b1011001 2
b11111 :
b1 B
#28721
b10111000 "
b10011001 *
b1011010 2
b1011000 :
b10 B
#28722
b1011100 "
b10011 *
b10100111 2
b11111 :
#28723
b110001 "
b10110000 *
b100000 2
b1011000 :
b11111111110 B
#28724
b1001001 "
b11000101 *
b100001 2
#28725
b11100010 "
b11100010 *
b11110 2
b11100010 :
b11111111100 B
#28726
b11111110 "
b1011110 *
b10100111 2
b11110 :
b11111111011 B
#28727
b110001 "
b1010000 *
b11100001 2
b1011001 :
b0 B
#28728
b10100100 "
b10011 *
b10100111 2
b11100001 :
b11111111111 B
#28729
b1010010 "
b11010011 *
b1011001 2
b11100011 :
b10 B
#28730
b11110010 "
b10100011 *
b11100001 2
b10100111 :
#28731
b1111010 "
b11011111 *
b1011000 2
b10100101 :
b1 B
#28732
b11011110 "
b10101001 *
b10100111 2
b11100101 :
b11111111110 B
#28733
b10 "
b1011110 *
b1011010 2
b11100 :
#28734
b10100111 "
b11100010 *
b11100011 2
b1011001 :
b11111111101 B
#28735
b100110 "
b11101110 *
b11100010 2
b11100010 :
b11111111110 B
#28736
b11111100 "
b11010110 *
b11100011 2
b11110 :
b11111111111 B
#28737
b1011100 "
b11101101 *
b10100111 2
b11100011 :
b0 B
#28738
b10011001 "
b10111000 *
b1011001 2
b1011000 :
b11111111110 B
#28739
b11000 "
b100011 *
b11100010 2
b11100010 :
b11111111111 B
#28740
b1011100 "
b10011 *
b10100111 2
b11111 :
#28741
b11011110 "
b10101001 *
b1011001 2
b11101 :
b0 B
#28742
b10100010 "
b10 *
b11101 2
b10100110 :
b11111111110 B
#28743
b11110 "
b1011001 *
b10100111 2
b11111 :
b11111111111 B
#28744
b11101110 "
b11011010 *
b11110 2
b11100010 :
#28745
b100010 "
b10101001 *
b1011000 2
b11100001 :
b11111111110 B
#28746
b10100100 "
b10011 *
b10100111 2
b11100011 :
b0 B
#28747
b100011 "
b11000 *
b11110 2
b11110 :
b11111111110 B
#28748
b1010010 "
b101101 *
b1011001 2
b11101 :
b11111111111 B
#28749
b11101101 "
b1011100 *
b11111 2
b1011001 :
b0 B
#28750
b11001111 "
b1010000 *
b11111111111 B
#28751
b10100010 "
b10 *
b11100011 2
b1011010 :
b11111111110 B
#28752
b1011001 "
b11110 *
b11101 2
b10100111 :
#28753
b10010 "
b100110 *
b11110 2
b11100010 :
b11111111111 B
#28754
b11010110 "
b100 *
b11101 :
#28755
b10100100 "
b10011 *
b1011001 2
b0 B
#28756
b100011 "
b11000 *
b11100010 2
b11100010 :
b11111111101 B
#28757
b10011001 "
b1001000 *
b1011000 2
b10100110 :
b11111111111 B
#28758
b101001 "
b11110101 *
b11100011 2
b11110 :
b0 B
#28759
b11110101 "
b1111101 *
b10100110 2
b10101000 :
b11111111111 B
#28760
b11101110 "
b100110 *
b11100010 2
b11100011 :
b11111111110 B
#28761
b10100111 "
b10100111 *
b1011000 2
b10100110 :
#28762
b11111110 "
b1011110 *
b10100111 2
b11110 :
b11111111101 B
#28763
b100010 "
b10101001 *
b1011001 2
b11100010 :
b11111111111 B
#28764
b1000110 "
b111110 *
b11110 2
b1011001 :
#28765
b1001000 "
b10011001 *
b1011001 2
b10100111 :
#28766
b10111000 "
b10100110 2
b10101000 :
#28767
b10000110 "
b100001 *
b10101000 2
b1011010 :
b0 B
#28768
b10101001 "
b100010 *
b11100011 2
b1011001 :
b11111111110 B
#28769
b10010 "
b11011010 *
b11100010 2
b11100010 :
b11111111111 B
#28770
b11110 "
b11110 *
b11110 2
#28771
b10010 "
b100110 *
b0 B
#28772
b1011 "
b1111101 *
b1011000 2
b10100111 :
#28773
b100001 "
b10000110 *
b10101000 2
b1011011 :
#28774
b10100011 "
b11110010 *
b1011010 2
b11101 :
#28775
b10111000 "
b10011001 *
b1011011 2
b1010111 :
b11111111110 B
#28776
b100001 "
b1111010 *
b10100101 2
b10101000 :
b11111111111 B
#28777
b101010 "
b100 *
b11100010 2
b11101 :
b11111111101 B
#28778
b1001001 "
b11000101 *
b100000 2
b1011000 :
#28779
b10100111 "
b1011001 *
b10100110 2
b10101000 :
b11 B
#28780
b1001001 "
b111011 *
b11100100 2
b1011010 :
b11111111100 B
#28781
b100 "
b101010 *
b11100011 2
b11111 :
b11111111110 B
#28782
b101001 "
b1011 *
b11111 2
b11110 :
#28783
b1001000 "
b10011001 *
b1011001 2
b10100111 :
b11111111100 B
#28784
b11101000 "
b11011101 *
b11100010 2
b11100010 :
b11111111101 B
#28785
b11000010 "
b10111010 *
b10101000 2
b11100001 :
b0 B
#28786
b101010 "
b100 *
b11111 2
b11100011 :
#28787
b10001110 "
b11001011 *
b10100110 2
b1011000 :
b10 B
#28788
b1011001 "
b11100010 *
b11100010 2
b10100111 :
b101 B
#28789
b10100010 "
b11111110 *
b100001 2
b1011000 :
b10 B
#28790
b11110101 "
b10000011 *
b10101010 2
b1011100 :
b11111111111 B
#28791
b10100100 "
b10011 *
b1011010 2
b11010 :
b11111111011 B
#28792
b10111000 "
b1100111 *
b1010110 2
b10100101 :
b11111111100 B
#28793
b11010011 "
b1010010 *
b11101 2
b10100111 :
b11111111011 B
#28794
b101001 "
b11110101 *
b11100010 2
b11110 :
b11111111101 B
#28795
b1111101 "
b1011 *
b10100111 2
b1011001 :
b11111111111 B
#28796
b11001011 "
b1110010 *
b10100111 :
b0 B
#28797
b1011001 "
b1011001 *
b1011001 :
#28798
b10010 "
b100110 *
b11100010 2
b11110 :
#28799
b10101001 "
b11011110 *
b10100111 :
#28800
b100001 "
b10000110 *
b1011001 2
b10100110 :
#28801
b1001000 "
b10011001 *
b1011000 2
b10100111 :
b11111111111 B
#28802
b100011 "
b11101000 *
b11110 2
b11100001 :
b0 B
#28803
b100001 "
b1111010 *
b1011011 2
b1011000 :
#28804
b11001111 "
b1010000 *
b100000 2
b1011001 :
b11111111110 B
#28805
b11111110 "
b10100010 *
b10100110 2
b11100011 :
b11111111101 B
#28806
b11110 "
b10100111 *
b10100111 2
#28807
b110101 "
b1110010 *
b1011001 2
b10100111 :
b11111111111 B
#28808
b11110101 "
b10000011 *
b10100111 2
b1011001 :
#28809
b11011111 "
b1111010 *
b1011001 2
b10100110 :
b0 B
#28810
b1100111 "
b1001000 *
b10100111 2
b10101000 :
#28811
b101101 "
b10101110 *
b11100011 2
b1011001 :
#28812
b100001 "
b1111010 *
b10100101 2
b10101000 :
b11111111111 B
#28813
b1111101 "
b1011 *
b10101000 2
b1011010 :
#28814
b11000101 "
b10110111 *
b1011000 2
b11011111 :
b11111111101 B
#28815
b1011001 "
b11100010 *
b11111 2
b1011001 :
b11111111111 B
#28816
b10100010 "
b11111110 *
b11100000 2
b10100111 :
b11111111011 B
#28817
b1011 "
b1111101 *
b10100111 2
b1011001 :
b11111111110 B
#28818
b10100100 "
b10011 *
b11100010 :
b11111111101 B
#28819
b1001000 "
b10011001 *
b1011010 2
b10101000 :
b0 B
#28820
b10111000 "
b10100111 2
b10100111 :
b1 B
#28821
b11010111 "
b1011 *
b11100011 2
b11110 :
b10 B
#28822
b100010 "
b1010111 *
b1011010 2
b11100 :
b0 B
#28823
b100110 "
b10010 *
b11101 2
b11100010 :
b11111111110 B
#28824
b11110 "
b11110 *
b11110 2
#28825
b10010 "
b100110 *
#28826
b11011110 "
b1010111 *
b1011001 2
b0 B
#28827
b11101101 "
b10100100 *
b11100011 2
b1011001 :
#28828
b11000 "
b11011101 *
b11100010 2
b11110 :
b11111111111 B
#28829
b1011101 "
b11110010 *
b10100111 2
b11111 :
#28830
b100001 "
b1111010 *
b10100101 2
b10101000 :
b0 B
#28831
b10110000 "
b11001111 *
b1011001 2
b11100001 :
b11111111110 B
#28832
b11011010 "
b11101110 *
b11101 2
b11100010 :
b11111111101 B
#28833
b11110 "
b11110 *
b11100010 2
b11110 :
b11111111110 B
#28834
b1110010 "
b11001011 *
b1011001 2
b1011001 :
#28835
b10101001 "
b11011110 *
b11100010 2
b10100111 :
b0 B
#28836
b11110101 "
b101001 *
b11110 :
#28837
b1001000 "
b10011001 *
b1011001 2
b10100111 :
b11111111111 B
#28838
b10011001 "
b1001000 *
b10101000 2
b1011010 :
b0 B
#28839
b111110 "
b1000110 *
b1011001 2
b11101 :
#28840
b11110101 "
b1111101 *
b1011010 2
b1011000 :
b11111111111 B
#28841
b10010 "
b11011010 *
b11100010 2
b11100011 :
#28842
b11110 "
b10100111 *
b10100111 2
b11111111110 B
#28843
b111011 "
b10110111 *
b11111111101 B
#28844
b11011110 "
b1010111 *
b1011001 2
b11100010 :
b11111111111 B
#28845
b1011100 "
b11101101 *
b10100111 2
b11100011 :
#28846
b100011 "
b11000 *
b11100010 2
b11100010 :
#28847
b10011001 "
b1001000 *
b1011000 2
b10100110 :
#28848
b10111010 "
b111110 *
b11100 2
b10100111 :
b0 B
#28849
b10000011 "
b11110101 *
b1011000 2
b10100110 :
b11111111111 B
#28850
b11111110 "
b10100010 *
b1011010 2
b11100 :
b11111111110 B
#28851
b11110 "
b11110 *
b11100010 2
b11110 :
b11111111111 B
#28852
b111011 "
b10110111 *
b1011001 2
b11101 :
b11111111110 B
#28853
b10000011 "
b1011 *
b10100110 2
b10101000 :
b0 B
#28854
b10000110 "
b11011111 *
b10100101 2
b11111111111 B
#28855
b101101 "
b1010010 *
b11111 2
b1011000 :
b11111111110 B
#28856
b11010011 "
b11100011 2
b1011001 :
b11111111101 B
#28857
b10100100 "
b11101101 *
b10100111 2
b11111 :
b11111111110 B
#28858
b101010 "
b100 *
b11110 2
b11100011 :
b11111111111 B
#28859
b11001011 "
b1110010 *
b1011001 2
b1011000 :
b11111111110 B
#28860
b11100010 "
b11110 *
b11110 2
b11110 :
b11 B
#28861
b11111110 "
b1011110 *
b1011000 2
b11100000 :
b11111111111 B
#28862
b100010 "
b10101001 *
b10101001 2
b11111 :
b0 B
#28863
b100001 "
b10000110 *
b1011011 :
b11111111100 B
#28864
b1011101 "
b1110 *
b10100110 2
b11100011 :
b11111111101 B
#28865
b11011101 "
b11000 *
b11110 2
b11100010 :
b11111111110 B
#28866
b11101101 "
b1011100 *
b11100010 2
b10100110 :
b11111111111 B
#28867
b11111100 "
b101010 *
b11100011 2
b11100010 :
b0 B
#28868
b100110 "
b10010 *
b11100010 2
b11110 :
#28869
b11110 "
b11110 *
b10 B
#28870
b10110111 "
b11000101 *
b11101 2
b10100111 :
b0 B
#28871
b101010 "
b11111100 *
b11111 2
b11100 :
#28872
b100001 "
b10000110 *
b1011000 2
b10100101 :
b11111111111 B
#28873
b11010011 "
b10101110 *
b11011111 2
b10101000 :
b11111111001 B
#28874
b1011101 "
b11110010 *
b1011001 2
b11100001 :
b11111111110 B
#28875
b10000110 "
b100001 *
b10100111 2
b1011010 :
b11111111011 B
#28876
b110001 "
b10110000 *
b11100011 2
b10100111 :
b11111111110 B
#28877
b1011110 "
b11111110 *
b100000 2
b10101000 :
b0 B
#28878
b11110 "
b1011001 *
b1011001 2
b11100011 :
b1 B
#28879
b11111110 "
b1011110 *
b1011010 2
b11100010 :
b100 B
#28880
b11010110 "
b100 *
b11110 2
b11101 :
b1 B
#28881
b11110101 "
b101001 *
b11100001 :
b0 B
#28882
b10111000 "
b1100111 *
b1010110 2
b10100101 :
b11111111101 B
#28883
b11000 "
b100011 *
b11100001 2
b11100011 :
b11111111110 B
#28884
b1011100 "
b10011 *
b10100111 2
b11111 :
b11111111101 B
#28885
b1011 "
b10000011 *
b1011010 2
b1011000 :
b11111111011 B
#28886
b11111110 "
b10100010 *
b1011001 2
b11110 :
b11111111110 B
#28887
b11110 "
b11100010 *
b11110 2
#28888
b1001001 "
b111011 *
b11100000 2
b1011000 :
b1 B
#28889
b100 "
b101010 *
b11100011 2
b11110 :
b0 B
#28890
b11000010 "
b1000110 *
b10100111 2
b100 B
#28891
b11010011 "
b10101110 *
b11100001 2
b10101000 :
b11111111110 B
#28892
b11000 "
b100011 *
b11111 2
b11101 :
b11111111111 B
#28893
b11010111 "
b1011 *
b11100011 2
b11110 :
b11111111110 B
#28894
b10110000 "
b11001111 *
b10100111 2
b11111 :
b11111111011 B
#28895
b110101 "
b10001110 *
b10100111 :
b11111111110 B
#28896
b1011001 "
b1011001 *
b1011010 2
b10101000 :
#28897
b11111110 "
b1011110 *
b11100011 :
b0 B
#28898
b11001111 "
b10110000 *
b11100001 2
b1011001 :
b10 B
#28899
b101001 "
b1011 *
b11100010 2
b11100001 :
b1 B
#28900
b1100111 "
b1001000 *
b10100111 2
b10101000 :
b10 B
#28901
b10111000 *
b10101001 2
b1011011 :
#28902
b1111010 "
b11011111 *
b1011100 :
b11111111111 B
#28903
b11011110 "
b10101001 *
b1011010 2
b11011 :
b11111111110 B
#28904
b11101110 "
b100110 *
b11100010 2
b11100011 :
b11111111101 B
#28905
b11110 "
b11100010 *
b11111 2
b11101 :
b11111111100 B
#28906
b1011110 "
b10 *
b1011001 :
b11111111101 B
#28907
b101010 "
b11111100 *
b11110 2
b11101 :
b11111111011 B
#28908
b1111010 "
b100001 *
b1011000 2
b1011010 :
b11111111110 B
#28909
b1011101 "
b1110 *
b1011001 2
b11111 :
b11111111101 B
#28910
b1110 "
b1011101 *
b11101 2
b1011010 :
b1 B
#28911
b1111010 "
b11011111 *
b1011010 2
b10100111 :
b10 B
#28912
b11001111 "
b1010000 *
b11110 2
b1011001 :
b1 B
#28913
b11011010 "
b11101110 *
b11100011 2
b11110 :
#28914
b10100111 "
b11110 *
b100000 2
b1011000 :
b11111111111 B
#28915
b1011110 "
b10 *
b11011111 2
b10101000 :
b11111111110 B
#28916
b1011 "
b1111101 *
b1010111 2
b10100110 :
b11111111100 B
#28917
b11101101 "
b10100100 *
b11100011 2
b1011001 :
b11111111011 B
#28918
b1001000 "
b10011001 *
b10100110 2
b1011000 :
b11111111110 B
#28919
b11110010 "
b10100011 *
b11101 2
b1011010 :
b11111111111 B
#28920
b100001 "
b1111010 *
b10100111 2
b10100110 :
b10 B
#28921
b110001 "
b10110000 *
b11110 2
b1011001 :
b1 B
#28922
b1110010 "
b110101 *
b10101001 2
b1011011 :
b0 B
#28923
b1011001 "
b11110 *
b11100011 2
b1011001 :
b11111111111 B
#28924
b10 "
b10100010 *
b1011001 2
b11100000 :
b11111111110 B
#28925
b10000011 "
b1011 *
b10100110 2
b10101000 :
b11111111111 B
#28926
b10000110 "
b11011111 *
b10100101 2
b11111111101 B
#28927
b1110 "
b10100011 *
b11101 2
b10100110 :
b11111111110 B
#28928
b1010010 "
b101101 *
b1011001 2
b11101 :
b11111111101 B
#28929
b11110101 "
b11010111 *
b11100010 2
b11100001 :
b11111111111 B
#28930
b10000011 "
b11110101 *
b10101000 2
b1011001 :
#28931
b11001011 "
b1110010 *
b1011001 2
b1011000 :
b10 B
#28932
b1011001 "
b10100111 *
b10100110 2
b10101000 :
b0 B
#28933
b1110010 "
b11001011 *
b10101001 :
b11111111111 B
#28934
b1011 "
b1111101 *
b1010111 2
b10100110 :
b11111111110 B
#28935
b11110101 "
b101001 *
b11110 2
b11100001 :
b11111111101 B
#28936
b10111000 "
b1100111 *
b1011000 2
b10100111 :
b11111111110 B
#28937
b11101000 "
b11011101 *
b11110 2
b11110 :
#28938
b10011 "
b10100100 *
b1011001 :
b0 B
#28939
b1010000 "
b110001 *
b10100111 2
b11110 :
#28940
b10010 "
b11011010 *
b11110 2
b11111111111 B
#28941
b10100111 "
b10100111 *
b1011000 2
b10100110 :
#28942
b1011110 "
b10 *
b11111 2
b1011001 :
b0 B
#28943
b11111100 "
b11010110 *
b11101 2
b11100001 :
b11111111111 B
#28944
b1000110 "
b111110 *
b11111 2
b1011000 :
b11111111110 B
#28945
b11000 "
b11011101 *
b11110 2
b11100010 :
b11111111100 B
#28946
b11101000 "
b11100010 2
b11111111110 B
#28947
b111110 "
b1000110 *
b1011000 2
b11110 :
b0 B
#28948
b11110101 "
b1111101 *
b1011001 2
b1011001 :
#28949
b11101110 "
b100110 *
b11110 2
b11110 :
b1 B
#28950
b11110 "
b11100010 *
b11100010 2
b11100010 :
b0 B
#28951
b111011 "
b10110111 *
b10100111 2
b11100011 :
#28952
b100 "
b101010 *
b11101 2
b11100010 :
#28953
b10011 "
b1011100 *
b11100 2
b10100111 :
b11111111111 B
#28954
b11000 "
b11011101 *
b11100011 2
b11110 :
b11111111110 B
#28955
b11110010 "
b10100011 *
b11111 2
b1011001 :
#28956
b11110101 "
b11010111 *
b11110 2
b11101 :
#28957
b11111100 "
b101010 *
b11100011 2
b11100010 :
#28958
b1001001 "
b11000101 *
b11110 2
b1011000 :
b11111111101 B
#28959
b11110 "
b1011001 *
b10100111 2
b11101 :
b10 B
#28960
b1011110 "
b10 *
b11110 2
b1011001 :
b11111111111 B
#28961
b11110101 "
b10000011 *
b1011001 2
b10100111 :
b1 B
#28962
b100001 "
b10000110 *
b1011000 2
b10100101 :
b11111111111 B
#28963
b1011101 "
b1110 *
b1011010 2
b11101 :
b0 B
#28964
b10111000 "
b10011001 *
b10100101 2
b10101001 :
b11111111110 B
#28965
b1011 "
b101001 *
b11110 2
b11101 :
b11111111111 B
#28966
b110001 "
b10110000 *
b11100001 2
b10100111 :
b11111111101 B
#28967
b10001110 "
b11001011 *
b10101001 2
b1011011 :
#28968
b1011001 "
b10100111 *
b10100110 2
b10101000 :
b11111111110 B
#28969
b11011010 "
b10010 *
b11110 2
b11110 :
#28970
b101010 "
b11111100 *
b11100010 2
b11100011 :
#28971
b1011 "
b11010111 *
b11101 :
b0 B
#28972
b10101110 "
b101101 *
b1011001 2
b11100011 :
b11111111101 B
#28973
b1001000 "
b1100111 *
b10101000 2
b10100111 :
b11 B
#28974
b10011 "
b10100100 *
b11111 2
b1011001 :
b1 B
#28975
b10101001 "
b100010 *
b11101 2
b10100111 :
b0 B
#28976
b10 "
b1011110 *
b10100110 2
b11100100 :
b11111111110 B
#28977
b11110 "
b10100111 *
b1011001 2
b11101 :
b11111111111 B
#28978
b11001011 "
b10001110 *
b1011000 2
b10100101 :
b11111111110 B
#28979
b100 "
b101010 *
b11100011 2
b11111 :
b11111111111 B
#28980
b10111010 "
b11000010 *
b11100001 2
b10101000 :
b11111111110 B
#28981
b10100011 "
b11110010 *
b10100110 2
b11100011 :
b11111111100 B
#28982
b1110 "
b1011101 *
b11110 2
b1011010 :
b11111111110 B
#28983
b1000110 "
b11000010 *
b10101000 :
b11111111111 B
#28984
b10101001 "
b100010 *
b11100010 2
b1011001 :
b0 B
#28985
b100110 "
b10010 *
b11110 2
b11100010 :
b1 B
#28986
b11110 "
b11100010 *
b11100010 2
#28987
b10010 "
b100110 *
b11101 2
b11100001 :
b0 B
#28988
b11001111 "
b10110000 *
b11100100 2
b1011010 :
#28989
b10111010 "
b11000010 *
b11111 2
b1010111 :
b11111111100 B
#28990
b11101000 "
b100011 *
b11110 2
b11100010 :
b11111111110 B
#28991
b100011 "
b11101000 *
b11100010 2
b11110 :
b11111111101 B
#28992
b111110 "
b1000110 *
b10100111 2
b11100010 :
b0 B
#28993
b100 "
b11010110 *
b11101 2
b11110 :
#28994
b11001011 "
b1110010 *
b10100111 2
b10101000 :
b1 B
#28995
b10100111 "
b11110 *
b11100001 2
b10100111 :
b10 B
#28996
b110101 "
b1110010 *
b10101001 2
b1011011 :
b11111111111 B
#28997
b11110101 "
b10000011 *
b1010111 2
b10100101 :
b11111111110 B
#28998
b1111010 "
b100001 *
b1011011 2
b1011000 :
#28999
b1110 "
b10100011 *
b11101 2
b10100110 :
#29000
b1011101 "
b11110010 *
b1011001 2
b11100001 :
b11111111101 B
#29001
b1011100 "
b10011 *
b11111111111 B
#29002
b11010110 "
b11111100 *
b11100010 2
b11101 :
b11111111110 B
#29003
b10 "
b1011110 *
b1011001 2
b11110 :
#29004
b11100010 "
b10100111 *
b10100111 2
b11 B
#29005
b1110010 "
b11001011 *
b10100110 2
b10101001 :
b1 B
#29006
b11010110 "
b100 *
b11111 2
b11100 :
b11111111111 B
#29007
b1111010 "
b100001 *
b10100100 2
b10101001 :
b11111111101 B
#29008
b1010010 "
b11010011 *
b10101000 2
b100001 :
b11111111001 B
#29009
b11110010 "
b10100011 *
b11111 2
b1011001 :
b11111111100 B
#29010
b101001 "
b11110101 *
b11100001 2
b11110 :
b11111111011 B
#29011
b11111100 "
b101010 *
b11100100 2
b11100001 :
b11111111110 B
#29012
b1110010 "
b110101 *
b10100101 2
b1010111 :
b11 B
#29013
b1011001 "
b10100111 *
b1011000 2
b1011010 :
b110 B
#29014
b11000101 "
b1001001 *
b10100111 2
b11100011 :
b11 B
#29015
b110001 "
b1010000 *
b11100110 2
b1011010 :
b1 B
#29016
b11010111 "
b11110101 *
b11100000 2
b11100011 :
b11111111111 B
#29017
b1011101 "
b1110 *
b1011010 2
b11010 :
b11111111011 B
#29018
b11110010 "
b10100011 *
b11011110 2
b10101000 :
b11111111001 B
#29019
b1011100 "
b10011 *
b1011001 2
b11100001 :
b11111111011 B
#29020
b101010 "
b100 *
b11110 2
b11100011 :
b11111111010 B
#29021
b1011110 "
b11111110 *
b100000 2
b10101000 :
b11111111110 B
#29022
b11100010 "
b11110 *
b11101 2
b11111 :
b11 B
#29023
b1001001 "
b111011 *
b11111 2
b10100111 :
b100 B
#29024
b1011 "
b1111101 *
b1011000 2
#29025
b10111010 "
b11000010 *
b100000 2
b1011000 :
b10 B
#29026
b1010010 "
b11010011 *
b10101001 2
b100010 :
b0 B
#29027
b10111000 "
b10011001 *
b1011101 2
b1010101 :
b11111111100 B
#29028
b11011111 "
b10000110 *
b1011100 2
b1010111 :
b11111111001 B
#29029
b101010 "
b100 *
b11100010 2
b11101 :
b11111111010 B
#29030
b11011010 "
b11101110 *
b11110 2
b11100010 :
b11111111100 B
#29031
b11100010 "
b11110 *
b11100011 2
b11100001 :
b11 B
#29032
b10001110 "
b110101 *
b10101000 2
b10100110 :
b0 B
#29033
b11010110 "
b100 *
b11100010 2
b11100011 :
b100 B
#29034
b1000110 "
b111110 *
b11111 2
b1011000 :
b1 B
#29035
b11101000 "
b100011 *
b11100011 2
b11111 :
b11111111101 B
#29036
b10101110 "
b11010011 *
b10100110 2
b11100100 :
b11111111110 B
#29037
b1011100 "
b10011 *
b1011001 2
b11100001 :
b11111111100 B
#29038
b1111101 "
b1011 *
b1011000 2
b10100111 :
b11111111110 B
#29039
b111011 "
b1001001 *
b11100010 :
#29040
b1011001 "
b10100111 *
b10101000 2
b10100110 :
b0 B
#29041
b11101110 "
b11011010 *
b11100010 2
b11110 :
b11111111111 B
#29042
b11110101 "
b10000011 *
b10100111 2
b1011000 :
b1 B
#29043
b101001 *
b11110 2
b11100001 :
b0 B
#29044
b10100011 "
b11110010 *
b1011010 2
b11101 :
b1 B
#29045
b11101000 "
b11011101 *
b11111 2
b11111111110 B
#29046
b11011111 "
b10000110 *
b1011011 2
b1011000 :
b11111111111 B
#29047
b11111100 "
b101010 *
b11100011 2
b11100010 :
b11111111011 B
#29048
b10100010 "
b10 *
b11110 2
b10100111 :
b11111111101 B
#29049
b11100010 "
b11100010 *
b11100010 :
b10 B
#29050
b1011110 "
b10 *
b11111 2
b1011001 :
b1 B
#29051
b110001 "
b1010000 *
b11100100 2
b1011010 :
b0 B
#29052
b11101101 "
b10100100 *
b11100 2
b10100111 :
b11111111110 B
#29053
b10100011 "
b11110010 *
b10100110 2
b11100011 :
#29054
b1100111 "
b10111000 *
b1011000 2
b10100110 :
#29055
b11000010 "
b10111010 *
b10100111 2
b11100011 :
b11111111111 B
#29056
b101010 "
b100 *
b11110 2
#29057
b10 "
b1011110 *
b1011010 2
b11101 :
#29058
b11100010 "
b11110 *
b11110 2
b11110 :
b11 B
#29059
b10001110 "
b110101 *
b1011100 2
b1010110 :
b11111111111 B
#29060
b101010 "
b11111100 *
b11100001 2
b11100100 :
b0 B
#29061
b10100100 "
b10011 *
b1011010 2
b11010 :
b11111111011 B
#29062
b11011101 "
b11101000 *
b11111 2
b11101 :
b11111111001 B
#29063
b11000 *
b11110 2
b11100010 :
b11111111011 B
#29064
b10111010 "
b111110 *
b10101000 :
#29065
b10110000 "
b11001111 *
b1011010 2
b11100100 :
b0 B
#29066
b11111110 "
b10100010 *
b1011000 2
b100000 :
b1 B
#29067
b11100010 "
b1011001 *
b10100111 2
b11100001 :
b10 B
#29068
b10110111 "
b11000101 *
b11110 2
b10101000 :
b100 B
#29069
b100 "
b101010 *
b11100100 2
b11111 :
b10 B
#29070
b10111010 "
b11000010 *
b11100000 2
b10101000 :
b1 B
#29071
b11011101 "
b11101000 *
b11100011 :
b11111111010 B
#29072
b11110010 "
b10100011 *
b10100111 :
b11111111100 B
#29073
b111110 "
b1000110 *
b1011001 2
b11101 :
b11111111001 B
#29074
b11110101 "
b1111101 *
b1011000 2
b1011010 :
b11111111101 B
#29075
b10001110 "
b11001011 *
b10100110 2
b1010111 :
b11111111111 B
#29076
b10100111 "
b11110 *
b11101 2
b1011001 :
b1 B
#29077
b110101 "
b1110010 *
b1011010 2
b10101000 :
b11 B
#29078
b10000011 "
b1011 *
b1011001 2
b1011000 :
b1 B
#29079
b10011 "
b1011100 *
b11011 2
b10100111 :
b10 B
#29080
b10111000 "
b1100111 *
b1010101 2
b10100100 :
b11111111111 B
#29081
b1100111 "
b10111000 *
b10101010 2
b1011100 :
b11111111101 B
#29082
b10111010 "
b111110 *
b11100 2
b10100110 :
b11111111011 B
#29083
b11010110 "
b11111100 *
b11110 2
b11100011 :
b11111111100 B
#29084
b10110111 "
b111011 *
b11100010 2
b10101000 :
b11111111110 B
#29085
b10100111 "
b11110 *
b10100111 :
b11 B
#29086
b1110010 "
b11001011 *
b1011011 2
b1011000 :
b11111111111 B
#29087
b1010111 "
b100010 *
b100000 2
b1010111 :
#29088
b10011 "
b1011100 *
b11100100 2
b1011010 :
b11111111101 B
#29089
b10101110 "
b101101 *
b10101000 2
b11111 :
b11111111100 B
#29090
b1001000 "
b1100111 *
b1011010 2
b1011000 :
b11111111110 B
#29091
b10000110 "
b100001 *
b10100111 2
b1011010 :
#29092
b100 "
b11010110 *
b11100011 2
b11100010 :
#29093
b10100010 "
b10 *
b11100001 2
b1011001 :
b0 B
#29094
b1011001 "
b11100010 *
b11100011 2
b10100111 :
b10 B
#29095
b1110010 "
b11001011 *
b10100111 2
#29096
b11001111 "
b10110000 *
b11100011 2
b1011001 :
b1 B
#29097
b111110 "
b10111010 *
b10101001 2
b11111 :
b0 B
#29098
b100011 "
b11000 *
b11100001 2
b11100011 :
b11111111111 B
#29099
b11010011 "
b1010010 *
b11011 2
b10100111 :
b11111111101 B
#29100
b11101101 "
b1011100 *
b11100001 2
b10101000 :
b11111111011 B
#29101
b101010 "
b100 *
b11100010 2
b11101 :
b11111111101 B
#29102
b110101 "
b10001110 *
b1011001 2
b1011000 :
b11111111110 B
#29103
b11100010 "
b10100111 *
b11100010 :
b11 B
#29104
b11111110 "
b1011110 *
b10100111 2
b100000 :
b11111111111 B
#29105
b10110000 "
b110001 *
b11100100 :
#29106
b11010111 "
b11110101 *
b11100001 2
b11100010 :
b11111111101 B
#29107
b11110010 "
b1011101 *
b11100011 2
b1011010 :
b11111111110 B
#29108
b1001000 "
b1100111 *
b1011010 2
b1010111 :
b11111111101 B
#29109
b11110101 "
b11010111 *
b11100010 2
b11100011 :
b11111111111 B
#29110
b10000011 "
b11110101 *
b10101000 2
b1011010 :
b11111111101 B
#29111
b10110111 "
b111011 *
b11110 2
b1011000 :
#29112
b11100010 "
b11100010 *
b11100010 2
b11110 :
b11111111111 B
#29113
b1011110 "
b10 *
b10100111 :
#29114
b10000011 "
b1011 *
b1011001 2
b1011001 :
b0 B
#29115
b10000110 "
b11011111 *
b1011010 2
b11111111111 B
#29116
b11000 "
b11011101 *
b11100010 2
b11110 :
b0 B
#29117
b100011 "
b11101000 *
b11100011 2
b11111 :
b11111111111 B
#29118
b1011100 "
b10011 *
b10100111 2
b0 B
#29119
b1010111 "
b11011110 *
b11100011 2
b1011001 :
b11111111100 B
#29120
b11101110 "
b100110 *
b11100010 2
b11100010 :
b11111111110 B
#29121
b1011001 "
b11100010 *
b11110 2
b1011001 :
b11111111111 B
#29122
b1011110 "
b10 *
b0 B
#29123
b10101001 "
b11011110 *
b11100010 2
b10100111 :
b11111111111 B
#29124
b10100100 "
b10011 *
b10100111 2
b11100011 :
#29125
b100011 "
b11000 *
b11110 2
b11110 :
#29126
b10100011 "
b1110 *
b10100111 2
b11111 :
#29127
b1111010 "
b11011111 *
b1011000 2
b10100101 :
b0 B
#29128
b11110101 "
b1111101 *
b1011011 2
b1011000 :
b11111111110 B
#29129
b11001011 "
b1110010 *
b1010111 :
#29130
b11110 "
b10100111 *
b10100111 2
b11100011 :
b11111111101 B
#29131
b11011010 "
b10010 *
b11110 2
b11110 :
#29132
b1111101 "
b11110101 *
b10101000 2
b10100111 :
b11111111111 B
#29133
b11010111 "
b11111 2
b11110 :
b0 B
#29134
b10100011 "
b11110010 *
b1011010 2
#29135
b11101000 "
b11011101 *
b11110 2
b11111111101 B
#29136
b10000110 "
b100001 *
b1011010 2
b10100110 :
b0 B
#29137
b10101001 "
b100010 *
b11110 2
b10100111 :
#29138
b110101 "
b10001110 *
b1011001 2
b1011000 :
#29139
b1011001 "
b11110 *
b11100011 2
b1011001 :
b1 B
#29140
b100110 "
b11101110 *
b11111 2
b11110 :
b11111111111 B
#29141
b1010111 "
b100010 *
b100000 2
b1010111 :
#29142
b11000010 "
b1000110 *
b10101000 2
b11111 :
b11111111101 B
#29143
b11101000 "
b100011 *
b11100011 2
b11110 :
b11111111100 B
#29144
b1001000 "
b1100111 *
b1011010 2
b1011000 :
b11111111110 B
#29145
b10000110 "
b100001 *
b10100111 2
b1011010 :
#29146
b10000011 "
b11110101 *
b1011001 :
#29147
b11000101 "
b10110111 *
b11101 :
b0 B
#29148
b11110 "
b11100010 *
b11100010 2
b11100010 :
#29149
b10100010 "
b11111110 *
b11110 2
b1011010 :
b1 B
#29150
b10000011 "
b1011 *
b1011001 2
b1011001 :
b0 B
#29151
b1000110 "
b111110 *
b11100010 2
b10101000 :
#29152
b1110 "
b10100011 *
b11100011 2
b1011010 :
#29153
b10111000 "
b10011001 *
b1011010 2
b1010111 :
b11111111111 B
#29154
b1011100 "
b10011 *
b10100111 2
b11111 :
#29155
b101010 "
b100 *
b11100010 2
b11101 :
b11111111101 B
#29156
b11011010 "
b11101110 *
b11101 2
b11100010 :
b11111111110 B
#29157
b11100010 "
b1011001 *
b10100111 2
b11100011 :
b11 B
#29158
b10100010 "
b11111110 *
b11011111 2
b10101000 :
b11111111110 B
#29159
b11011110 "
b1010111 *
b10101001 2
b11111 :
b11111111111 B
#29160
b11110101 "
b101001 *
b11100010 2
b11111111011 B
#29161
b11010011 "
b10101110 *
b11100001 2
b10101000 :
b11111111101 B
#29162
b11110010 "
b10100011 *
b10100111 :
b11111111110 B
#29163
b11110101 "
b11010111 *
b11100010 2
b11100001 :
#29164
b101010 "
b100 *
b11110 2
b11100011 :
#29165
b110101 "
b10001110 *
b10101000 2
b10100110 :
b10 B
#29166
b1011001 "
b10100111 *
b10100111 2
b10100111 :
b11 B
#29167
b1001001 "
b111011 *
b11101 2
b1 B
#29168
b110001 "
b1010000 *
b11011 2
b10100110 :
b0 B
#29169
b101001 "
b1011 *
b11100001 2
b11100010 :
b11111111111 B
#29170
b1110 "
b10100011 *
b11100101 2
b1011010 :
b11111111100 B
#29171
b10011001 "
b1001000 *
b1010111 2
b10100101 :
b11111111101 B
#29172
b1011 "
b101001 *
b11100010 2
b11100011 :
b11111111100 B
#29173
b1010000 "
b110001 *
b10100111 2
b11110 :
b11111111110 B
#29174
b100110 "
b10010 *
b11100010 2
b11111111101 B
#29175
b1011001 "
b11110 *
b11100001 2
b1011001 :
b11111111111 B
#29176
b11001011 "
b10001110 *
b1011010 2
b10101000 :
b0 B
#29177
b11001111 "
b10110000 *
b11110 2
b10100111 :
b10 B
#29178
b1011100 "
b11101101 *
b1011001 2
b11101 :
#29179
b11110010 "
b1011101 *
b11100011 2
b1011010 :
b1 B
#29180
b1001000 "
b1100111 *
b1011011 2
b1010110 :
b11111111111 B
#29181
b101001 "
b11110101 *
b11101 2
b11100010 :
#29182
b11010110 "
b11111100 *
b11100011 2
b11111 :
b11111111100 B
#29183
b10 "
b1011110 *
b1011010 2
b11100 :
b11111111110 B
#29184
b1011001 "
b1011001 *
b1011000 2
b10100110 :
b11111111100 B
#29185
b111011 "
b10110111 *
b10101000 2
b11100010 :
b11111111110 B
#29186
b1010000 "
b11001111 *
b10100111 2
b11111111111 B
#29187
b11010111 "
b11110101 *
b11111 2
b11110 :
b1 B
#29188
b1011101 "
b1110 *
b10100110 2
b11100011 :
#29189
b1001000 "
b1100111 *
b10100101 2
b10101001 :
b11111111101 B
#29190
b10111010 "
b111110 *
b11100 2
b10100111 :
b11111111111 B
#29191
b101010 "
b100 *
b11100010 2
b11101 :
b11111111101 B
#29192
b100110 "
b10010 *
b11100011 2
b11110 :
b11111111110 B
#29193
b11110 "
b10100111 *
b1011001 2
b11101 :
b11 B
#29194
b10 "
b10100010 *
b1011000 2
b11011111 :
b11111111110 B
#29195
b10101001 "
b11011110 *
b11100001 2
b10101001 :
b11111111111 B
#29196
b1011 "
b11010111 *
b11110 2
b11100001 :
b11111111011 B
#29197
b10100011 "
b11110010 *
b10100110 2
b11100011 :
b11111111101 B
#29198
b101101 "
b10101110 *
b11101 2
b10100111 :
b11111111110 B
#29199
b11110101 "
b11010111 *
b11100010 2
b11100001 :
b11111111111 B
#29200
b1111101 "
b1011 *
b1011000 2
b10100111 :
#29201
b1001001 "
b11000101 *
b11100010 2
b10101000 :
b10 B
#29202
b1011001 "
b1011001 *
b1011000 2
b10100110 :
b0 B
#29203
b11011010 "
b10010 *
b11111 2
b11101 :
b11111111111 B
#29204
b1010111 "
b100010 *
b11100001 2
b10101001 :
#29205
b111110 "
b10111010 *
b10101001 2
b11111 :
b11111111011 B
#29206
b10111000 "
b1100111 *
b1011000 2
b10100111 :
b11111111101 B
#29207
b10011001 "
b1001000 *
b10100110 :
#29208
b1011100 "
b10011 *
b10100111 2
b11110 :
b0 B
#29209
b110001 "
b10110000 *
b11110 2
b1011001 :
b11111111111 B
#29210
b1001001 "
b11000101 *
b1011000 :
#29211
b11100010 "
b10100111 *
b1011001 2
b11100001 :
#29212
b11101110 "
b11011010 *
b11110 2
b11100010 :
#29213
b101010 "
b11111100 *
b11111 2
b11101 :
b11111111110 B
#29214
b10000110 "
b11011111 *
b10100110 2
b10100111 :
b0 B
#29215
b11101000 "
b100011 *
b11100010 2
b11110 :
b11111111011 B
#29216
b1100111 "
b10111000 *
b1011001 2
b10100111 :
b11111111111 B
#29217
b10011 "
b10100100 *
b11100010 2
b10100110 :
b0 B
#29218
b101010 "
b100 *
b11110 2
b11100011 :
#29219
b11101110 "
b100110 *
b11110 :
#29220
b10100111 "
b1011001 *
b1011010 2
b1011000 :
b11 B
#29221
b1110010 "
b11001011 *
b10100101 2
b10101001 :
b0 B
#29222
b11010110 "
b100 *
b11111 2
b11100 :
b11111111110 B
#29223
b1011 "
b11010111 *
b11100010 2
b11111 :
b11111111101 B
#29224
b11010011 "
b10101110 *
b11111 2
b1011000 :
b11111111001 B
#29225
b10011001 "
b1001000 *
b1011001 2
b10100111 :
b11111111110 B
#29226
b1000110 "
b11000010 *
b11100010 2
b1011000 :
#29227
b10000011 "
b11110101 *
b1011010 2
b10101000 :
b0 B
#29228
b110101 "
b10001110 *
b1011000 2
b1011010 :
b1 B
#29229
b10100111 "
b10100111 *
b1011001 2
b10100111 :
b10 B
#29230
b1011110 "
b10 *
b11111 2
b1011001 :
b1 B
#29231
b11111100 "
b11010110 *
b11101 2
b11100001 :
b0 B
#29232
b1111010 "
b100001 *
b1011011 2
b1011000 :
b11111111110 B
#29233
b11110010 "
b1011101 *
b11100011 2
b1011010 :
b11111111100 B
#29234
b1010010 "
b101101 *
b1011001 2
b11101 :
b11111111101 B
#29235
b1011100 "
b10011 *
b1011010 2
b11100010 :
b11111111111 B
#29236
b110001 "
b10110000 *
b11100010 2
b10100111 :
#29237
b10110111 "
b111011 *
b11110 2
b1011000 :
b0 B
#29238
b10100111 "
b11100010 *
b11100011 2
b1011001 :
b11111111111 B
#29239
b10010 "
b100110 *
b11110 2
b11100010 :
#29240
b11011110 "
b1010111 *
b1011000 2
#29241
b10000110 "
b11011111 *
b1011011 2
b1011000 :
b0 B
#29242
b11010011 "
b10101110 *
b11111 2
b11111111111 B
#29243
b1110 "
b1011101 *
b11100000 2
b10100111 :
b11111111101 B
#29244
b10111010 "
b111110 *
b11100 2
b11111111110 B
#29245
b1010000 "
b110001 *
b10100111 2
b11111 :
b11111111101 B
#29246
b11000101 "
b10110111 *
b1011000 2
b11100010 :
b11111111110 B
#29247
b10100111 "
b11100010 *
b11110 2
b10100111 :
#29248
b100110 "
b11101110 *
b11110 :
b11111111111 B
#29249
b11111100 "
b11010110 *
b11101 2
b11100010 :
b1 B
#29250
b1111010 "
b100001 *
b1011010 2
b1011001 :
b0 B
#29251
b11101000 "
b100011 *
b11100010 2
b11110 :
b11111111110 B
#29252
b100011 "
b11101000 *
b11110 2
b11100010 :
b11111111111 B
#29253
b11101101 "
b1011100 *
b11111 2
b1011001 :
b0 B
#29254
b11001111 "
b1010000 *
#29255
b100110 "
b10010 *
b11101 2
b11100010 :
b11111111110 B
#29256
b1011001 "
b10100111 *
b10100110 2
b10101000 :
#29257
b10 "
b10100010 *
b10100111 2
b11110 :
#29258
b1010000 "
b11001111 *
b11100010 :
#29259
b11011111 "
b1111010 *
b1011010 2
b10101000 :
b11111111111 B
#29260
b101101 "
b1010010 *
b11100011 2
b10100111 :
b1 B
#29261
b100011 "
b11101000 *
b11100010 2
b11110 :
b10 B
#29262
b11011111 "
b10000110 *
b1011011 2
b1011000 :
b1 B
#29263
b1011 "
b10000011 *
b1010111 :
b0 B
#29264
b1110010 "
b110101 *
b10101001 2
b1011011 :
b11111111101 B
#29265
b11110 "
b1011001 *
b10101000 2
b100000 :
#29266
b111011 "
b10110111 *
b1011001 2
b11101 :
b11111111110 B
#29267
b10110000 "
b110001 *
b10100111 2
b11100011 :
b11111111100 B
#29268
b10111010 "
b11000010 *
b11100010 2
b10100111 :
b11111111111 B
#29269
b1110 "
b10100011 *
b11110 2
b10100110 :
#29270
b10111000 "
b10011001 *
b10100110 2
b10101000 :
#29271
b10011 "
b10100100 *
b11100001 2
b10100111 :
b0 B
#29272
b11110101 "
b1111101 *
b1011010 2
b1011000 :
b11111111110 B
#29273
b11101110 "
b100110 *
b11110 2
b11110 :
#29274
b11110 "
b11110 *
b11100010 :
#29275
b11101110 "
b11011010 *
b11100010 2
b11110 :
b0 B
#29276
b11111100 "
b11010110 *
b11100011 2
#29277
b10100100 "
b10011 *
b1011010 2
#29278
b11110010 "
b1011101 *
b11110 2
b10100110 :
b11111111110 B
#29279
b10100011 *
b1011010 :
b0 B
#29280
b11101101 "
b1011100 *
b11100010 2
b10100110 :
#29281
b1111101 "
b1011 *
b10101000 2
b1011001 :
#29282
b11111110 "
b10100010 *
b1011001 2
b11110 :
#29283
b1011001 "
b11110 *
b11100011 2
b1011001 :
#29284
b1011110 "
b10 *
b11111 2
b1 B
#29285
b101010 "
b11111100 *
b11100 :
b11111111111 B
#29286
b1111010 "
b100001 *
b1011011 2
b1011000 :
b11111111110 B
#29287
b11000 "
b11011101 *
b11101 2
b11100010 :
b11111111001 B
#29288
b10101110 "
b11010011 *
b10100111 2
b11111111101 B
#29289
b1111010 "
b11011111 *
b1011010 2
b10100111 :
b11111111110 B
#29290
b11111100 "
b101010 *
b11101 2
b11111 :
b1 B
#29291
b11111110 "
b10100010 *
b10100111 2
b11100010 :
#29292
b10100111 "
b11100010 *
b11100011 2
b1011001 :
b100 B
#29293
b1110010 "
b11001011 *
b10100101 2
b10101001 :
b1 B
#29294
b1010111 "
b100010 *
b11011111 2
b10101000 :
b11111111111 B
#29295
b1000110 "
b111110 *
b11111111101 B
#29296
b1100111 "
b1001000 *
b10100100 2
b10101011 :
b11111111011 B
#29297
b10111000 "
b10011001 *
b1011011 2
b1010111 :
#29298
b1011 "
b101001 *
b11100010 2
b11100011 :
b11111111010 B
#29299
b101010 "
b100 *
b11100001 2
b11101 :
b11111111101 B
#29300
b1110010 "
b110101 *
b10100110 2
b1010111 :
#29301
b10100111 "
b11100010 *
b100000 2
b10101000 :
b101 B
#29302
b100110 "
b11101110 *
b11110 2
b11110 :
b11 B
#29303
b1010000 "
b11001111 *
b1011010 2
b11100 :
b100 B
#29304
b10111010 "
b11000010 *
b11011111 2
b10101000 :
b0 B
#29305
b1001000 "
b10011001 *
b1010101 2
b10100100 :
b11111111110 B
#29306
b11101000 "
b11011101 *
b11100010 2
b11100011 :
b11111111011 B
#29307
b11000010 "
b10111010 *
b10100110 2
b11100100 :
#29308
b1010000 "
b110001 *
b1011001 2
b11100001 :
b11111111101 B
#29309
b11011010 "
b11101110 *
b11100010 2
b11110 :
b11111111110 B
#29310
b1011001 "
b1011001 *
b1011001 2
b10100111 :
#29311
b10 "
b10100010 *
b10100110 2
b11110 :
b0 B
#29312
b11001111 "
b10110000 *
b11100010 2
b1011001 :
#29313
b11101101 "
b10100100 *
#29314
b10100011 "
b11110010 *
b1011010 2
b11110 :
b1 B
#29315
b11000 "
b100011 *
b11100001 2
b11100010 :
#29316
b10111010 "
b111110 *
b11100 2
b10100111 :
b0 B
#29317
b10101001 "
b100010 *
b11011 2
b11111111101 B
#29318
b11101110 "
b100110 *
b11100010 2
b11100011 :
b11111111110 B
#29319
b11100010 "
b11110 *
b11100010 :
b11111111101 B
#29320
b10110111 "
b11000101 *
b11101 2
b10100111 :
#29321
b11111100 "
b11010110 *
b11100010 :
b0 B
#29322
b10011 "
b1011100 *
b11100011 2
b1011001 :
b11111111111 B
#29323
b10101110 "
b101101 *
b10101000 2
b11111 :
b11111111110 B
#29324
b1110 "
b1011101 *
b11111 2
b1011001 :
b11111111111 B
#29325
b11011111 "
b10000110 *
b10100110 2
b10101000 :
b11111111110 B
#29326
b10101001 "
b100010 *
b11100010 2
b1011001 :
#29327
b10110111 "
b111011 *
b11110 2
b1011000 :
#29328
b11100010 "
b1011001 *
b1011001 2
b11111 :
b1 B
#29329
b111011 "
b10110111 *
b10101000 2
b11100010 :
b11111111111 B
#29330
b1011 "
b1111101 *
b1011001 2
b10100111 :
b10 B
#29331
b10011 "
b1011100 *
b11100 2
b1 B
#29332
b10100011 "
b11110010 *
b1011010 2
b11100 :
b0 B
#29333
b11110010 "
b10100011 *
b100001 2
b1011000 :
b11111111110 B
#29334
b101001 "
b11110101 *
b11100011 2
b11110 :
#29335
b11111100 "
b101010 *
b11100010 :
b11111111011 B
#29336
b11011010 "
b11101110 *
b11110 2
b11111111110 B
#29337
b10100111 "
b1011001 *
b10100111 2
b10100111 :
b10 B
#29338
b11111110 "
b1011110 *
b11111 :
b0 B
#29339
b101010 "
b11111100 *
b11111 2
b11101 :
#29340
b111110 "
b10111010 *
b1011000 2
b11100001 :
b11111111110 B
#29341
b1011101 "
b1110 *
b1011010 2
b11101 :
b11111111011 B
#29342
b11011101 "
b11000 *
b11100010 2
b11110 :
b11111111110 B
#29343
b10100100 "
b11101101 *
b10100111 2
b11101 :
b11111111111 B
#29344
b100 "
b11010110 *
b11100011 2
b11100010 :
b0 B
#29345
b11111110 "
b10100010 *
b10100111 2
b1 B
#29346
b11100010 "
b11110 *
b11110 2
b11110 :
b10 B
#29347
b1011110 "
b10 *
b11100000 2
b10101000 :
b1 B
#29348
b11010110 "
b100 *
b11111 2
b11100 :
b0 B
#29349
b1011 "
b11010111 *
b11100010 2
b11111 :
b11111111100 B
#29350
b11110010 "
b1011101 *
b11101 2
b10100110 :
b11111111001 B
#29351
b10101110 "
b11010011 *
b1011001 2
b11110 :
b11111111110 B
#29352
b111110 "
b1000110 *
b10101000 2
b11100010 :
b11111111111 B
#29353
b1011 "
b10000011 *
b1011001 2
b1011001 :
b1 B
#29354
b10 "
b1011110 *
b10100111 2
b11100010 :
#29355
b11110 "
b1011001 *
b11111 :
b0 B
#29356
b10010 "
b100110 *
b11100010 2
b1 B
#29357
b100010 "
b10101001 *
b1011000 2
b11011111 :
b11111111110 B
#29358
b111110 "
b10111010 *
b11100001 :
#29359
b1010010 "
b11010011 *
b11111111011 B
#29360
b1001000 "
b1100111 *
b1011010 2
b1011000 :
b11111111110 B
#29361
b11010111 "
b1011 *
b11100010 2
b11110 :
#29362
b11001111 "
b1010000 *
b11101 2
b1011010 :
#29363
b1110010 "
b110101 *
b1011010 2
b10101000 :
b0 B
#29364
b10100111 "
b11110 *
b11101 2
b1011001 :
b1 B
#29365
b10100010 "
b11111110 *
b11110 2
b10 B
#29366
b11110101 "
b10000011 *
b10101000 2
b1 B
#29367
b11011111 "
b1111010 *
b1010111 2
b10100101 :
b11111111111 B
#29368
b11011101 "
b11101000 *
b11111 2
b11101 :
b0 B
#29369
b10111000 "
b10011001 *
b1011011 2
b1010110 :
b11111111110 B
#29370
b1000110 "
b11000010 *
b11100100 2
b1011001 :
b11111111011 B
#29371
b1010000 "
b110001 *
b10100111 2
b11111 :
b11111111100 B
#29372
b110101 "
b10001110 *
b1011001 2
b1011001 :
b11111111110 B
#29373
b11100010 "
b11100010 *
b11110 2
b11100010 :
#29374
b1011110 "
b10 *
b11101 2
b1011010 :
b0 B
#29375
b10110000 "
b110001 *
b10100111 2
b11100001 :
#29376
b10000110 "
b11011111 *
b10101000 2
b10100110 :
b1 B
#29377
b1001000 "
b10011001 *
b1011001 2
b10100111 :
b10 B
#29378
b10011001 "
b1001000 *
b10101001 2
b1011010 :
b1 B
#29379
b11110101 "
b11010111 *
b11100010 2
b11100011 :
b0 B
#29380
b1111101 *
b1011011 2
b1010111 :
b11111111110 B
#29381
b11101110 "
b100110 *
b11110 2
b11101 :
b11111111101 B
#29382
b10100111 "
b10100111 *
b10101000 2
b1011010 :
#29383
b11001011 "
b10001110 *
#29384
b10000011 "
b1011 *
b1011001 2
b1011001 :
b11111111111 B
#29385
b101001 "
b11100001 2
b11100010 :
#29386
b11110010 "
b1011101 *
b11101 2
b10100110 :
b0 B
#29387
b11000 "
b100011 *
b11100001 2
b11100010 :
b11111111101 B
#29388
b1011100 "
b10011 *
b10100111 2
b11111 :
b11111111111 B
#29389
b110001 "
b10110000 *
b11111 2
b1011001 :
b11111111101 B
#29390
b110101 "
b10001110 *
b1011001 2
b1011000 :
b11111111110 B
#29391
b11110 "
b11110 *
b11100010 2
b11110 :
#29392
b1001001 "
b111011 *
b11100001 2
b1011001 :
b11111111111 B
#29393
b11010110 "
b100 *
b11100010 2
b11100011 :
b0 B
#29394
b1111010 "
b100001 *
b1011010 2
b1011010 :
b10 B
#29395
b1011101 "
b1110 *
b11101 :
b11111111101 B
#29396
b11011101 "
b11000 *
b11100010 2
b11110 :
b0 B
#29397
b10100100 "
b11101101 *
b10100111 2
b11111 :
b11111111111 B
#29398
b100010 "
b1010111 *
b1011001 2
b11101 :
b0 B
#29399
b11001011 "
b1110010 *
b1011011 2
b1010111 :
b11111111110 B
#29400
b11100010 "
b10100111 *
b10100111 2
b11111 :
b11111111111 B
#29401
b1110010 "
b11001011 *
b10100110 2
b10101000 :
b11111111101 B
#29402
b11111100 "
b11010110 *
b11100011 2
b11110 :
b11111111110 B
#29403
b101001 "
b1011 *
b11100010 2
b11100001 :
#29404
b1011101 "
b1110 *
b10100111 2
#29405
b11110010 *
b10100110 2
b11101 :
b10 B
#29406
b1000110 "
b11000010 *
b11100010 2
b1011001 :
#29407
b11111100 "
b101010 *
b11100011 2
b11100010 :
b1 B
#29408
b111011 "
b1001001 *
b10101000 2
b100001 :
#29409
b10100111 "
b11100010 *
b11011 2
b10100110 :
b10 B
#29410
b11001011 "
b10001110 *
b1010101 2
b10100011 :
b11111111011 B
#29411
b11001111 "
b10110000 *
b11011 2
b10100110 :
b11111111100 B
#29412
b11000010 "
b1000110 *
b10101000 2
b11111 :
b11111111011 B
#29413
b101101 "
b1010010 *
b11110 2
b1011001 :
b11111111100 B
#29414
b10011001 "
b1001000 *
b10100111 2
b1011000 :
b11111111110 B
#29415
b11011111 "
b10000110 *
b10101000 2
b10100101 :
b11111111111 B
#29416
b1011 "
b10000011 *
b10100110 :
b1 B
#29417
b100110 "
b10010 *
b11110 2
b11100010 :
b10 B
#29418
b10100111 "
b11100010 *
b11100011 2
b1011001 :
b1 B
#29419
b10110111 "
b11000101 *
b0 B
#29420
b1010000 "
b11001111 *
b10100111 2
b11100100 :
b11111111111 B
#29421
b1111010 "
b100001 *
b10100101 2
b10101001 :
#29422
b100011 "
b11000 *
b11100001 2
b11100011 :
b11111111110 B
#29423
b10100011 "
b1110 *
b1011001 2
b11100000 :
b11111111101 B
#29424
b1011 "
b101001 *
b11100010 2
b11100011 :
b11111111011 B
#29425
b11010110 "
b11111100 *
b11110 2
b11111111101 B
#29426
b1011110 "
b11111110 *
b11100010 2
b1011001 :
#29427
b11110 "
b10100111 *
b1011001 2
b11111 :
b11 B
#29428
b11000101 "
b1001001 *
b10100111 2
b11100011 :
b1 B
#29429
b101010 "
b11111100 *
b11111 2
b11100 :
b10 B
#29430
b100001 "
b10000110 *
b1010111 2
b10100100 :
b11111111111 B
#29431
b101101 "
b1010010 *
b100001 2
b1010111 :
b11111111001 B
#29432
b1001000 "
b1100111 *
b1011010 2
b11111111101 B
#29433
b11110101 "
b11010111 *
b11100010 2
b11100011 :
b11111111011 B
#29434
b100010 "
b1010111 *
b1011001 2
b11110 :
b11111111101 B
#29435
b10 "
b1011110 *
b11111 :
#29436
b11100010 "
b11100010 *
b11100010 2
b11110 :
b1 B
#29437
b111011 "
b10110111 *
b10100111 2
b11100001 :
b10 B
#29438
b11010110 "
b100 *
b11110 2
b11101 :
b0 B
#29439
b10100100 "
b10011 *
b1011001 2
b10 B
#29440
b101101 "
b1010010 *
b11100001 2
b10101000 :
b11111111101 B
#29441
b1001000 "
b1100111 *
b10100110 2
b11111111111 B
#29442
b11110101 "
b11010111 *
b11110 2
b11101 :
b11111111110 B
#29443
b1111101 *
b10100110 2
b10101000 :
#29444
b11001011 "
b1110010 *
b10100111 2
b11111111101 B
#29445
b11110 "
b10100111 *
b1011001 2
b11110 :
b11111111110 B
#29446
b10001110 "
b110101 *
b10101000 2
b10100110 :
b11111111111 B
#29447
b11001111 "
b10110000 *
b11110 2
b10100111 :
b1 B
#29448
b11110101 "
b101001 *
b11100010 2
b11111 :
#29449
b11010011 "
b10101110 *
b11100001 2
b10101000 :
#29450
b1100111 "
b10111000 *
b1010110 2
b10100101 :
b11111111110 B
#29451
b1011 "
b101001 *
b11110 2
b11101 :
#29452
b11010110 "
b11111100 *
b11100010 2
b11110 :
b11111111101 B
#29453
b100110 "
b10010 *
b11101 2
b11100010 :
#29454
b11100010 "
b10100111 *
b10100111 2
b11111 :
b0 B
#29455
b11011010 "
b10010 *
b11110 2
b11110 :
b11111111110 B
#29456
b1010111 "
b100010 *
b11100010 2
b10100111 :
#29457
b11101101 "
b10100100 *
b1011001 :
b0 B
#29458
b1110 "
b10100011 *
b1011010 :
b11111111111 B
#29459
b10011001 "
b1001000 *
b1011000 2
b10100110 :
b1 B
#29460
b1011 "
b101001 *
b11100010 2
b11100011 :
b0 B
#29461
b11011110 "
b10101001 *
b1011001 2
b11101 :
b11111111111 B
#29462
b100110 "
b10010 *
b11100011 2
b11110 :
b11111111101 B
#29463
b10100111 "
b10100111 *
b1011000 2
b10100110 :
b11111111111 B
#29464
b11101110 "
b11011010 *
b11110 2
b11100001 :
b11111111110 B
#29465
b11010110 "
b100 *
b11100001 2
b11100011 :
b11111111111 B
#29466
b11101101 "
b10100100 *
b11100 2
b10100111 :
b11111111110 B
#29467
b11110010 "
b1011101 *
b11100011 2
b1011010 :
b11111111011 B
#29468
b10100011 "
b1110 *
b10100110 2
b11110 :
b11111111110 B
#29469
b10100100 "
b11101101 *
b10100111 2
b11101 :
b11111111111 B
#29470
b110001 "
b10110000 *
b11100011 2
b10100110 :
b0 B
#29471
b11101110 "
b100110 *
b11110 2
b11110 :
b1 B
#29472
b11110 "
b11110 *
b11100010 :
#29473
b10100010 "
b11111110 *
b100000 2
b1011000 :
b0 B
#29474
b100 "
b101010 *
b11101 2
b11100001 :
#29475
b1111010 "
b100001 *
b10100101 2
b10101001 :
b11111111100 B
#29476
b100011 "
b11000 *
b11100010 2
b11100010 :
#29477
b101101 "
b10101110 *
b1011001 :
b11111111101 B
#29478
b11011111 "
b10000110 *
b1011001 2
b1011010 :
b0 B
#29479
b1010111 "
b11011110 *
b11100010 2
b1011001 :
b1 B
#29480
b11111110 "
b10100010 *
b1011001 2
b11110 :
b0 B
#29481
b10100111 "
b1011001 *
b10100110 2
b10101000 :
b1 B
#29482
b11111110 "
b1011110 *
b10100111 2
b100000 :
#29483
b10000011 "
b1011 *
b10100101 2
b10101001 :
b11111111110 B
#29484
b11110101 "
b101001 *
b11100010 2
b11111 :
b11111111101 B
#29485
b1011101 "
b1110 *
b1011010 2
b11101 :
#29486
b1010010 "
b101101 *
b1011001 2
b11111111110 B
#29487
b1000110 "
b11000010 *
b11101 2
b10100111 :
b11111111111 B
#29488
b100 "
b11010110 *
b11100011 2
b11100010 :
#29489
b111011 "
b1001001 *
b1011000 2
b11100000 :
#29490
b10100111 "
b11110 *
b11111 2
b1011001 :
b10 B
#29491
b110101 "
b1110010 *
b1010111 2
b10100101 :
b11111111100 B
#29492
b1011 "
b1111101 *
b1011000 2
b10100111 :
b11111111110 B
#29493
b1111010 "
b100001 *
b10100110 2
#29494
b11101000 "
b100011 *
b11110 2
b11100010 :
b0 B
#29495
b10101110 "
b11010011 *
b1011001 2
b11101 :
b11111111111 B
#29496
b1000110 "
b11000010 *
b11100011 2
b1011001 :
b0 B
#29497
b11001111 "
b1010000 *
b11100001 2
b10100111 :
b11111111111 B
#29498
b10001110 "
b11001011 *
b1010111 2
b10100101 :
#29499
b11110 "
b1011001 *
b10100111 2
b11111 :
b11111111110 B
#29500
b10 "
b10100010 *
b1011001 2
b11100001 :
#29501
b11011110 "
b1010111 *
b10100111 2
b11110 :
#29502
b10000110 "
b11011111 *
b10100110 :
#29503
b10111000 "
b1100111 *
b10100110 2
b1011000 :
b11111111111 B
#29504
b1010010 "
b101101 *
b1011001 2
b11110 :
b0 B
#29505
b101001 "
b11110101 *
b11111 2
b11100001 :
b10 B
#29506
b1010111 "
b11011110 *
b11101 2
b10100111 :
b1 B
#29507
b111011 "
b1001001 *
b1011000 2
b11011111 :
b0 B
#29508
b11110 "
b11110 *
b11101 2
b11100001 :
b11111111111 B
#29509
b11011010 "
b10010 *
b11111 2
b11100 :
b11111111011 B
#29510
b10000011 "
b1011 *
b1011001 2
b1011000 :
b11111111100 B
#29511
b100001 "
b10000110 *
b10100110 2
b1011001 :
b11111111001 B
#29512
b10011001 "
b10111000 *
b1010111 2
b1011011 :
b11111111111 B
#29513
b100011 "
b11101000 *
b11100010 2
b11101 :
b1 B
#29514
b1000110 "
b11000010 *
b1011000 :
b10 B
#29515
b100 "
b11010110 *
b11101 2
b11110 :
b11 B
#29516
b10001110 "
b11001011 *
b1010111 2
b10100101 :
b1 B
#29517
b10100111 "
b11110 *
b11011111 2
b10101000 :
b10 B
#29518
b111011 "
b10110111 *
b1011010 2
b11010 :
b11111111110 B
#29519
b100 "
b101010 *
b11100100 2
b11111 :
b11111111011 B
#29520
b100001 "
b10000110 *
b1011000 2
b10100101 :
#29521
b11110010 "
b1011101 *
b11100011 2
b1011010 :
b11111111010 B
#29522
b11010011 "
b1010010 *
b11100001 2
b1011000 :
b11111111110 B
#29523
b111110 "
b1000110 *
b1011000 2
b11111 :
b11111111111 B
#29524
b10101001 "
b100010 *
b11100001 2
b1011000 :
b10 B
#29525
b100110 "
b10010 *
b11110 2
b11100010 :
#29526
b11100010 "
b1011001 *
b1011001 2
b11101 :
#29527
b11000101 "
b1001001 *
b0 B
#29528
b100010 "
b10101001 *
b10101001 2
b11111 :
b11111111111 B
#29529
b11101101 "
b10100100 *
b11100101 2
b1011010 :
#29530
b1001000 "
b10011001 *
b10101010 2
b1011011 :
b11111111101 B
#29531
b10101110 "
b11010011 *
b1011010 2
b11100 :
b11111111100 B
#29532
b1111010 "
b11011111 *
b10101000 2
b1011010 :
b11111111101 B
#29533
b1010000 "
b110001 *
b10100111 2
b11110 :
b11111111110 B
#29534
b11001011 "
b1110010 *
b10100111 :
b11111111111 B
#29535
b10100111 "
b11110 *
b11100010 2
#29536
b11001011 "
b10001110 *
b1011001 2
b0 B
#29537
b11010110 "
b100 *
b11100010 2
b11100011 :
b11111111111 B
#29538
b1111010 "
b100001 *
b1011010 2
b1011001 :
b0 B
#29539
b10100011 "
b11110010 *
b10100110 2
b11100011 :
b11111111101 B
#29540
b11110010 "
b10100011 *
b11100001 2
b10100111 :
b11111111111 B
#29541
b10000110 "
b100001 *
b10101000 2
b1011010 :
#29542
b101010 "
b100 *
b11110 2
b11100011 :
b11111111110 B
#29543
b110101 "
b10001110 *
b10100111 2
b10101000 :
b11111111111 B
#29544
b11100010 "
b10100111 *
b11111 :
b11 B
#29545
b11001011 "
b10001110 *
b10101001 2
b1011011 :
b11111111111 B
#29546
b1111101 "
b11110101 *
b10100101 2
b10101001 :
b11111111110 B
#29547
b1000110 "
b111110 *
b11100001 2
#29548
b1011101 "
b1110 *
b10100110 2
b11100011 :
b11111111101 B
#29549
b11101000 "
b11011101 *
b11111 2
b11101 :
#29550
b11000010 "
b10111010 *
b1011001 2
b11111111111 B
#29551
b101010 "
b100 *
b11100010 2
b11111111011 B
#29552
b11101110 "
b100110 *
b11100010 :
b11111111111 B
#29553
b1011001 "
b11100010 *
b11110 2
b1011001 :
b11 B
#29554
b11000101 "
b1001001 *
b10100111 2
b11100011 :
b0 B
#29555
b10110000 "
b110001 *
b11100100 :
b11111111111 B
#29556
b11101101 "
b10100100 *
b11100 2
b10100111 :
#29557
b11011101 "
b11101000 *
b11100001 2
b11100011 :
b11111111110 B
#29558
b11000 *
b11100011 2
b11111 :
#29559
b1011100 "
b10011 *
b1011001 2
b11100001 :
b11111111011 B
#29560
b10000011 "
b11110101 *
b10101000 2
b1011001 :
b11111111100 B
#29561
b1001001 "
b11000101 *
b11100011 2
b10100111 :
b11111111110 B
#29562
b1011001 "
b11110 *
b11111 2
b0 B
#29563
b11111110 "
b1011110 *
b1011010 2
b11100011 :
b1 B
#29564
b110001 "
b1010000 *
b11110 2
b10100111 :
b10 B
#29565
b11101101 "
b10100100 *
b11100011 2
b1011001 :
b1 B
#29566
b10011001 "
b10111000 *
b1011010 2
b1010111 :
#29567
b1110 "
b1011101 *
b11011111 2
b10101000 :
b11111111111 B
#29568
b100001 "
b1111010 *
b10100100 2
b10101001 :
b11111111101 B
#29569
b11111100 "
b101010 *
b11100010 2
b11100011 :
b11111111011 B
#29570
b10010 "
b11011010 *
b11110 2
b11101 :
b11111111100 B
#29571
b10100111 "
b11100010 *
b10100111 :
b11111111101 B
#29572
b110101 "
b1110010 *
b10100110 2
b1011000 :
#29573
b1111101 "
b11110101 *
b1011000 2
b1011010 :
b1 B
#29574
b11010111 "
b11100010 2
b11100001 :
b10 B
#29575
b101101 "
b1010010 *
b11111 2
b1011000 :
b1 B
#29576
b11011101 "
b11000 *
b11100011 2
b11111 :
b10 B
#29577
b100001 "
b1111010 *
b1011100 2
b1010111 :
b11111111110 B
#29578
b10101001 "
b100010 *
b11100101 2
b1011001 :
b11111111100 B
#29579
b10001110 "
b11001011 *
b10101001 2
b1011011 :
#29580
b10100111 "
b11110 *
b11110 2
b1011001 :
b11111111101 B
#29581
b1110010 "
b11001011 *
b10101000 2
b10100110 :
b11111111110 B
#29582
b110001 "
b1010000 *
b11111 2
b10100111 :
b11111111111 B
#29583
b10000110 "
b11011111 *
b1011000 2
b1011010 :
b1 B
#29584
b10101110 "
b101101 *
b1011001 2
b11100010 :
b10 B
#29585
b100011 "
b11101000 *
b11100011 2
b11111 :
b1 B
#29586
b100001 "
b1111010 *
b10100101 2
b10101001 :
b11111111111 B
#29587
b1010111 "
b11011110 *
b11100101 2
b1011001 :
b11111111100 B
#29588
b1001001 "
b11000101 *
b100000 2
b1011000 :
b11111111101 B
#29589
b11100010 "
b11100010 *
b11110 2
b11100010 :
#29590
b110101 "
b1110010 *
b10100111 2
b1011001 :
b11111111100 B
#29591
b1010000 "
b11001111 *
b1011001 2
b11111 :
b0 B
#29592
b10111010 "
b11000010 *
b11100011 2
b10100111 :
#29593
b100011 "
b11000 *
b11110 2
b11110 :
b10 B
#29594
b11101000 "
b11011101 *
b11100010 2
b11100010 :
b1 B
#29595
b11101101 "
b1011100 *
b11111 2
b1011001 :
b0 B
#29596
b10000011 "
b11110101 *
b10101000 2
b1011011 :
#29597
b10110111 "
b111011 *
b100001 2
b1011000 :
b11111111110 B
#29598
b1011001 "
b11110 *
b11101 2
b10100111 :
#29599
b1110010 "
b11001011 *
b10100110 2
b10101000 :
b11111111011 B
#29600
b1010000 "
b11001111 *
b10100111 2
b11100010 :
b11111111111 B
#29601
b11010111 "
b11110101 *
b11111 2
b11110 :
b11111111110 B
#29602
b1100111 "
b1001000 *
b10101000 2
b10100110 :
b1 B
#29603
b100011 "
b11101000 *
b11100010 2
b11110 :
b11111111101 B
#29604
b11000010 "
b10111010 *
b1011001 2
b1 B
#29605
b11011110 "
b10101001 *
b11101 :
b0 B
#29606
b10100010 "
b10 *
b11101 2
b10100110 :
b1 B
#29607
b11100010 "
b1011001 *
b10100110 2
b11100100 :
b11111111111 B
#29608
b11101110 "
b11011010 *
b11100 2
b11100001 :
#29609
b1010000 "
b11001111 *
b1011010 2
b11011 :
b11111111110 B
#29610
b10011 "
b1011100 *
b11100100 2
b1011010 :
b11111111010 B
#29611
b10101110 "
b101101 *
b10100111 2
b11110 :
b11111111100 B
#29612
b10111000 "
b10011001 *
b10101000 2
b10100111 :
b11111111110 B
#29613
b1000110 "
b11000010 *
b11111 2
b10101000 :
b11111111111 B
#29614
b10110000 "
b11001111 *
b10100111 2
b11101 :
b0 B
#29615
b10 "
b1011110 *
b1011001 2
b11111 :
b10 B
#29616
b10100111 "
b1011001 *
b1011001 :
b1 B
#29617
b1001001 "
b111011 *
b11101 2
b10100111 :
b10 B
#29618
b1011 "
b1111101 *
b1010111 2
b10100110 :
b0 B
#29619
b11101101 "
b10100100 *
b11100101 2
b1011010 :
b11111111111 B
#29620
b1110 "
b10100011 *
b11100100 2
b11111111110 B
#29621
b1100111 "
b10111000 *
b10101001 2
b1011011 :
b11111111100 B
#29622
b11101101 "
b1011100 *
b11100001 2
b10100111 :
b11111111110 B
#29623
b100010 "
b1010111 *
b10100111 2
b11100010 :
#29624
b1110010 "
b110101 *
b1011001 :
#29625
b1011001 "
b11110 *
b11100001 2
b1 B
#29626
b100110 "
b11101110 *
b11110 2
b11110 :
b0 B
#29627
b11110101 "
b10000011 *
b1011001 2
b10100111 :
b10 B
#29628
b1111010 "
b100001 *
b1011011 2
b1011000 :
b0 B
#29629
b10011001 "
b10111000 *
b10100110 2
b10101001 :
#29630
b100011 "
b11101000 *
b11101 2
b11100001 :
b11111111101 B
#29631
b11101101 "
b1011100 *
b11111 2
b1011001 :
#29632
b101010 "
b100 *
b11110 2
b11100011 :
b11111111100 B
#29633
b10100010 "
b10 *
b11100010 2
b1011001 :
b11111111110 B
#29634
b1011001 "
b1011001 *
b1011010 2
b10101000 :
b11 B
#29635
b111011 "
b10110111 *
b10100111 2
b11100011 :
b1 B
#29636
b100 "
b101010 *
b11101 2
b11100001 :
b10 B
#29637
b1000110 "
b111110 *
b11100000 2
b10101000 :
b11111111111 B
#29638
b1010010 "
b11010011 *
b10101001 2
b100001 :
b11111111100 B
#29639
b11110010 "
b10100011 *
b100000 2
b1011001 :
#29640
b100001 "
b1111010 *
b10100110 2
b10101000 :
b11111111011 B
#29641
b10000011 "
b11110101 *
b1011001 2
b10100111 :
b11111111101 B
#29642
b11001011 "
b1110010 *
b10101000 2
b10100110 :
b11111111110 B
#29643
b11100010 "
b11100010 *
b11110 2
b11100010 :
b0 B
#29644
b100110 "
b11101110 *
b11101 2
b11110 :
b1 B
#29645
b1010000 "
b11001111 *
b1011001 2
b0 B
#29646
b1011 "
b11010111 *
b11111 2
b11100001 :
b10 B
#29647
b100011 "
b11000 *
b11110 2
b11110 :
b1 B
#29648
b1001000 "
b1100111 *
b1011011 2
b1010111 :
b0 B
#29649
b11110101 "
b11010111 *
b11100010 2
b11100011 :
#29650
b11001111 "
b1010000 *
b100000 2
b1011000 :
b11111111101 B
#29651
b1110010 "
b110101 *
b1010111 2
b10100101 :
#29652
b1011001 "
b10100111 *
b10100110 2
b10101000 :
b11111111100 B
#29653
b10110111 "
b11000101 *
b11100010 2
b1011000 :
b11111111110 B
#29654
b10000011 "
b1011 *
b1011000 2
b1011001 :
#29655
b11101101 "
b10100100 *
b11100001 2
b1 B
#29656
b10100011 "
b11110010 *
b1011010 2
b11110 :
b0 B
#29657
b11000 "
b100011 *
b11100010 2
b11100010 :
b10 B
#29658
b11011111 "
b10000110 *
b1011011 2
b1011000 :
b0 B
#29659
b100010 "
b1010111 *
b10100111 2
b11100011 :
#29660
b10110111 "
b111011 *
b11011111 2
b10101000 :
b11111111101 B
#29661
b11100010 "
b1011001 *
b10100111 2
b11100011 :
b11111111111 B
#29662
b10 "
b10100010 *
b1011001 2
b11100000 :
b11111111011 B
#29663
b10000011 "
b1011 *
b10100111 2
b10100111 :
b11111111111 B
#29664
b1111010 "
b100001 *
b1011010 2
b1011001 :
b11111111101 B
#29665
b11000 "
b11011101 *
b11110 2
b11100010 :
b0 B
#29666
b100011 "
b11101000 *
b11111111111 B
#29667
b11010111 "
b1011 *
b11100011 2
b11110 :
b0 B
#29668
b1010111 "
b11011110 *
b11101 2
b10100111 :
#29669
b1001001 "
b11000101 *
b11100000 2
b10101000 :
b11111111110 B
#29670
b11100010 "
b10100111 *
b10100111 2
b11111 :
b11111111111 B
#29671
b110101 "
b1110010 *
b1011000 2
b10100110 :
b11111111100 B
#29672
b1010000 "
b11001111 *
b10100111 2
b11100010 :
b11111111110 B
#29673
b11000010 "
b1000110 *
b1011001 2
b11100011 :
b11111111111 B
#29674
b1001000 "
b10011001 *
b10100110 2
b1011000 :
b1 B
#29675
b1110 "
b1011101 *
b11100001 2
b10100111 :
#29676
b11000010 "
b10111010 *
b1011001 2
b11100 :
b10 B
#29677
b11001111 "
b1010000 *
b11100001 2
b10101000 :
b11111111110 B
#29678
b11000101 "
b10110111 *
b1011000 2
b11011111 :
#29679
b1011001 "
b11100010 *
b11111 2
b1011001 :
#29680
b111011 "
b10110111 *
b1011001 2
b11101 :
b11111111011 B
#29681
b11110101 "
b10000011 *
b10101000 :
b11111111110 B
#29682
b11010111 "
b11110101 *
b11100011 2
b11100010 :
b11111111111 B
#29683
b101101 "
b1010010 *
b11101 2
b1011001 :
b1 B
#29684
b10100011 "
b1110 *
b10100111 2
b11111 :
b10 B
#29685
b11110101 "
b11010111 *
b11100010 2
b11100011 :
b1 B
#29686
b11001111 "
b1010000 *
b100000 2
b1011000 :
b11111111110 B
#29687
b111011 "
b1001001 *
b1011000 2
b11011111 :
b11111111101 B
#29688
b10100111 "
b10100111 *
b10101000 2
b1011010 :
b11111111100 B
#29689
b11101110 "
b11011010 *
b11100010 2
b11110 :
b11111111011 B
#29690
b11111100 "
b11010110 *
b11100011 2
b11111111111 B
#29691
b11101101 "
b10100100 *
b11100001 2
b1011001 :
b0 B
#29692
b1100111 "
b1001000 *
b10101000 2
b10100110 :
b11111111110 B
#29693
b11011101 "
b11000 *
b11110 2
b11100010 :
b10 B
#29694
b11010111 "
b1011 *
b11111 2
b11100001 :
b1 B
#29695
b101010 "
b100 *
b11100010 2
b11101 :
b0 B
#29696
b11000101 "
b10110111 *
b1011000 2
b11100000 :
#29697
b11100010 "
b11110 *
b11100010 2
b11100010 :
b11 B
#29698
b10100010 "
b11111110 *
b11011111 2
b10101000 :
b11111111100 B
#29699
b1010111 "
b100010 *
b100000 2
b1010111 :
b0 B
#29700
b10111010 "
b11000010 *
b11100001 2
b10101000 :
b11111111011 B
#29701
b11000 "
b11011101 *
b11110 2
b11100010 :
b11111111100 B
#29702
b1010010 "
b101101 *
b1011001 2
b11110 :
b11111111110 B
#29703
b10000110 "
b100001 *
b10100110 2
b1011001 :
b0 B
#29704
b101010 "
b100 *
b11110 2
b11100011 :
b1 B
#29705
b10010 "
b11011010 *
b11100010 2
b11100010 :
#29706
b11100010 "
b1011001 *
b1011001 2
b11101 :
b11 B
#29707
b11111110 "
b1011110 *
b1011000 2
b11011111 :
b0 B
#29708
b110001 "
b1010000 *
b11010 2
b10100110 :
b11111111111 B
#29709
b11010111 "
b11110101 *
b11111 2
b11101 :
b11111111011 B
#29710
b11110010 "
b1011101 *
b11100 2
b10100110 :
#29711
b1100111 "
b10111000 *
b10101001 2
b1011010 :
#29712
b10111010 "
b111110 *
b11110 2
b10100111 :
b11111111110 B
#29713
b10110000 "
b11001111 *
b1011010 2
b11100011 :
#29714
b11000101 "
b10110111 *
b1011001 2
b1 B
#29715
b1011001 "
b11100010 *
b11110 2
b1011001 :
#29716
b11111110 "
b1011110 *
b10100111 2
b11111 :
#29717
b100010 "
b10101001 *
b1010111 2
b11100000 :
b11111111111 B
#29718
b11000010 "
b1000110 *
b10101000 2
b11111 :
b11111111110 B
#29719
b11101000 "
b100011 *
b11100011 2
b11110 :
b11111111100 B
#29720
b10011001 "
b1001000 *
b10101000 2
b1011010 :
b11111111110 B
#29721
b10100100 "
b11101101 *
b10100111 2
b11110 :
#29722
b1011 "
b10000011 *
b10100111 :
b11111111111 B
#29723
b11000101 "
b10110111 *
b10101000 2
b11110 :
#29724
b11110 "
b1011001 *
b1011001 2
b11100010 :
b0 B
#29725
b11001011 "
b10001110 *
b10100111 2
b1011001 :
b11111111111 B
#29726
b110001 "
b1010000 *
b11101 2
b10100110 :
#29727
b1111010 "
b100001 *
b10100110 2
b10100111 :
b0 B
#29728
b11110010 "
b1011101 *
b11101 2
b10100110 :
b11111111111 B
#29729
b10011001 "
b1001000 *
b1011000 2
#29730
b11101101 "
b1011100 *
b11100001 2
b10100111 :
#29731
b11001111 "
b1010000 *
#29732
b10110111 "
b111011 *
b11011111 2
b10101000 :
b11111111110 B
#29733
b10100111 "
b11110 *
b11100001 2
b10100111 :
#29734
b111011 "
b10110111 *
b1011001 2
b11101 :
b11111111011 B
#29735
b100 "
b101010 *
b11100011 2
b11110 :
b11111111110 B
#29736
b11010111 "
b11110101 *
b11100010 :
b11111111111 B
#29737
b10101110 "
b101101 *
b10100111 2
b11101 :
b11111111110 B
#29738
b11110010 "
b10100011 *
b11100011 2
b10100110 :
b10 B
#29739
b1011100 "
b10011 *
b1011010 2
b11100010 :
b1 B
#29740
b1010000 "
b110001 *
b1011001 2
b11100001 :
#29741
b11111110 "
b10100010 *
b10100110 2
b11100100 :
b0 B
#29742
b11100010 "
b10100111 *
b10101000 2
b100000 :
b11111111110 B
#29743
b11000101 "
b1001001 *
b1011001 2
b11101 :
#29744
b11010110 "
b100 *
b11110 2
b11111111100 B
#29745
b10011 "
b1011100 *
b10100110 :
b11111111111 B
#29746
b11011101 "
b11101000 *
b11110 :
b11111111101 B
#29747
b10111000 "
b10011001 *
b1011001 2
b1011001 :
b0 B
#29748
b11010111 "
b1011 *
b11111 2
b11100001 :
#29749
b11110101 "
b1111101 *
b10100111 2
b10101000 :
#29750
b1001001 "
b11000101 *
b11110 2
b1011000 :
#29751
b10100111 "
b10100111 *
b1011000 2
b10100110 :
b11111111111 B
#29752
b11000101 "
b1001001 *
b10100111 2
b11100011 :
#29753
b11001111 "
b10110000 *
b11101 2
b10100111 :
#29754
b11101101 "
b10100100 *
b11100 2
#29755
b11011101 "
b11101000 *
b11100010 2
b11100011 :
#29756
b1110 "
b1011101 *
b100000 2
b1011001 :
b11111111110 B
#29757
b10011 "
b10100100 *
b11100001 2
b10100111 :
b11111111101 B
#29758
b11001111 "
b1010000 *
b11111 2
b1011001 :
#29759
b100110 "
b10010 *
b11110 2
b11100010 :
b11111111110 B
#29760
b11110 "
b11110 *
#29761
b1011110 "
b10 *
b11100010 2
b10100110 :
b0 B
#29762
b1111101 "
b11110101 *
b10101000 2
b10100111 :
#29763
b11000010 "
b1000110 *
b1011001 2
b11100010 :
#29764
b11110010 "
b1011101 *
b11110 2
b10100110 :
#29765
b11010011 "
b1010010 *
b11101 2
b10100111 :
b11111111111 B
#29766
b10011 "
b10100100 *
b11111 2
b1011001 :
b0 B
#29767
b11001111 "
b1010000 *
b11100001 2
b10100111 :
b11111111111 B
#29768
b11001011 "
b1110010 *
b10100101 2
b10101001 :
b11111111110 B
#29769
b11110 "
b1011001 *
b10100111 2
b11111 :
#29770
b1001001 "
b111011 *
b11100010 2
b1011000 :
b11111111101 B
#29771
b10101001 "
b11011110 *
b10100111 :
b11111111110 B
#29772
b1000110 "
b111110 *
b11101 2
b1011001 :
b1 B
#29773
b1110 "
b10100011 *
b11110 2
b10100110 :
b11111111111 B
#29774
b1011101 *
b11111 2
b1011001 :
b1 B
#29775
b11011111 "
b10000110 *
b10100101 2
b10101000 :
b0 B
#29776
b100 "
b11010110 *
b11100010 2
b11100010 :
b11111111110 B
#29777
b10010 "
b11011010 *
b11100011 :
b11111111101 B
#29778
b11100010 "
b11100010 *
b11110 :
b0 B
#29779
b1011110 "
b10 *
b11100001 2
b10100111 :
b11111111101 B
#29780
b10101001 "
b11011110 *
b11110 2
b1011001 :
b0 B
#29781
b100001 "
b10000110 *
b10100111 2
b1011010 :
b11111111110 B
#29782
b11010011 "
b10101110 *
b11110 2
b1011001 :
b11111111111 B
#29783
b11101000 "
b11011101 *
b11110 :
b0 B
#29784
b1011100 "
b10011 *
b10100111 2
b11111 :
b11111111111 B
#29785
b11010110 "
b11111100 *
b11110 2
b11100011 :
b0 B
#29786
b10110111 "
b111011 *
b11100000 2
b10101000 :
b11111111110 B
#29787
b10100111 "
b11100010 *
b11101 2
b10100111 :
b11 B
#29788
b10 "
b10100010 *
b1011000 2
b11011111 :
b11111111100 B
#29789
b1111101 "
b11110101 *
b1011010 2
b1011000 :
b11111111111 B
#29790
b10000110 "
b11011111 *
b10100101 2
b10101000 :
b11111111011 B
#29791
b10111000 "
b1100111 *
b10100111 2
b1011001 :
b11111111110 B
#29792
b11000 "
b100011 *
b11110 2
b11110 :
b11111111101 B
#29793
b11000010 "
b10111010 *
b10101000 2
b11100010 :
b0 B
#29794
b10101001 "
b100010 *
b11100010 2
b1011001 :
#29795
b110101 "
b10001110 *
b10100111 2
b10100111 :
b1 B
#29796
b10100111 "
b1011001 *
b1011010 2
b1011000 :
#29797
b110101 "
b1110010 *
b1010111 2
b10100110 :
b0 B
#29798
b11111100 "
b11010110 *
b11100100 2
b11111 :
b11111111110 B
#29799
b1111010 "
b100001 *
b10100101 2
b10101000 :
#29800
b11000 "
b11011101 *
b11100010 2
b11110 :
b11111111010 B
#29801
b100011 *
b11100010 :
b11111111101 B
#29802
b1000110 "
b11000010 *
b11100001 2
b1011000 :
b0 B
#29803
b10110000 "
b11001111 *
b1011010 2
b11100011 :
#29804
b10010 "
b11011010 *
b11110 2
b11110 :
b10 B
#29805
b11110 "
b10100111 *
b1011001 2
b1 B
#29806
b1110010 "
b11001011 *
b1011010 2
b1011000 :
b0 B
#29807
b1011 "
b1111101 *
b10101000 2
b1011010 :
b1 B
#29808
b1111010 "
b100001 *
b1011011 2
b1011000 :
b11111111110 B
#29809
b11101000 "
b100011 *
b11100011 2
b11110 :
b11111111111 B
#29810
b101101 "
b10101110 *
b11100 2
b10100110 :
b11111111101 B
#29811
b100001 "
b1111010 *
b1011011 2
b1011000 :
b11111111110 B
#29812
b11010110 "
b11111100 *
b11100010 2
b11101 :
#29813
b10001110 "
b11001011 *
b10101000 2
b1011001 :
b11111111101 B
#29814
b11110 "
b11110 *
b11110 2
b11100010 :
b11 B
#29815
b10 "
b10100010 *
b10101000 2
b100000 :
b0 B
#29816
b10000011 "
b1011 *
b1011010 2
b1010111 :
#29817
b1000110 "
b111110 *
b11100001 2
b10101001 :
b11111111100 B
#29818
b1010010 "
b11010011 *
b10101000 2
b11111 :
b11111111101 B
#29819
b10111000 "
b10011001 *
b1011010 2
b1011000 :
#29820
b100001 "
b1111010 *
b10100110 2
b10100110 :
b11111111110 B
#29821
b10000011 "
b11110101 *
b1011001 2
b10100111 :
#29822
b10100010 "
b10 *
b11111 2
b0 B
#29823
b11100010 "
b11110 *
b11100010 2
b11100010 :
#29824
b10010 "
b100110 *
b11110 :
b10 B
#29825
b10101001 "
b11011110 *
b10100111 :
b0 B
#29826
b1011 "
b11010111 *
b11110 2
b11100001 :
#29827
b1001000 "
b10011001 *
b1011000 2
b10100111 :
b11111111111 B
#29828
b10101110 "
b11010011 *
b10100111 2
b11100011 :
b11111111110 B
#29829
b11101101 "
b1011100 *
b11111 2
b1011001 :
b0 B
#29830
b1010000 "
b110001 *
b1011001 2
b11100001 :
b11111111111 B
#29831
b10100010 "
b10 *
b11100011 2
b1011010 :
b11111111110 B
#29832
b10100111 "
b10100111 *
b10101000 2
#29833
b11001011 "
b10001110 *
b10100111 2
b1011001 :
b11111111111 B
#29834
b1010111 "
b100010 *
b11100010 2
b10100111 :
#29835
b10111010 "
b11000010 *
b11110 2
b1011000 :
b0 B
#29836
b10100011 "
b11110010 *
b1011010 2
b11101 :
b11111111111 B
#29837
b1110 *
b1011001 2
b11100001 :
#29838
b10011 "
b10100100 *
b11111 2
b1011001 :
#29839
b110001 "
b10110000 *
b11111111110 B
#29840
b11111110 "
b10100010 *
b1011010 2
b11101 :
#29841
b11110 "
b11100010 *
b11110 2
b11110 :
#29842
b10110111 "
b11000101 *
b10101000 :
b11111111111 B
#29843
b10110000 "
b110001 *
b10100110 2
b11100011 :
b0 B
#29844
b1000110 "
b111110 *
b11110 2
b1011000 :
b1 B
#29845
b11110010 "
b1011101 *
b11100011 2
b1011010 :
b11111111111 B
#29846
b1001000 "
b1100111 *
b1011011 2
b1010111 :
#29847
b1011 "
b101001 *
b11110 2
b11101 :
#29848
b1111101 "
b1011 *
b1010111 2
b10100101 :
b11111111101 B
#29849
b111011 "
b1001001 *
b1011000 2
b11011111 :
#29850
b1011001 "
b11110 *
b11101 2
b10100111 :
b11111111110 B
#29851
b110101 "
b1110010 *
b1011000 2
b10100110 :
b11111111011 B
#29852
b101010 "
b11111100 *
b11100010 2
b11100011 :
b11111111111 B
#29853
b10011 "
b1011100 *
b11110 2
b10100110 :
#29854
b11101000 "
b100011 *
b11100010 :
b11111111101 B
#29855
b10111000 "
b10011001 *
b1011001 2
b1011001 :
b0 B
#29856
b11101101 "
b1011100 *
b11100010 2
b10100110 :
#29857
b10000011 "
b11110101 *
b1011000 2
b10100111 :
#29858
b11011010 "
b11101110 *
b11110 2
b11100010 :
#29859
b11100010 "
b11100010 *
#29860
b10010 "
b100110 *
b11100010 2
b11110 :
#29861
b11001111 "
b10110000 *
b11101 2
b10100111 :
#29862
b1000110 "
b111110 *
b11111 2
b1011000 :
#29863
b11010011 "
b10101110 *
b11100001 2
b10101000 :
b11111111111 B
#29864
b101101 "
b11100 2
b10100110 :
b11111111110 B
#29865
b11011111 "
b10000110 *
b10100101 2
b10101000 :
#29866
b11001111 "
b1010000 *
b11111 2
b1011001 :
#29867
b1011110 "
b11111110 *
b11110 2
b10100111 :
b11111111101 B
#29868
b11110 "
b10100111 *
b10100111 2
b11100010 :
b11111111110 B
#29869
b10001110 "
b110101 *
b1011000 2
b1011010 :
b1 B
#29870
b10101001 "
b11011110 *
b11110 2
b1011001 :
#29871
b1111010 "
b100001 *
b10100101 2
b10101000 :
#29872
b1100111 "
b1001000 *
b10101010 :
b11111111111 B
#29873
b101101 "
b10101110 *
b11100101 2
b1011001 :
b11111111101 B
#29874
b11010111 "
b1011 *
b11101 2
b11100010 :
b11111111100 B
#29875
b11111100 "
b101010 *
b11100011 2
b11111111101 B
#29876
b11000101 "
b10110111 *
b1011000 2
b11111111110 B
#29877
b11110 "
b10100111 *
b1011001 2
b11110 :
b10 B
#29878
b10110111 "
b11000101 *
b11101 2
b10100111 :
b11111111111 B
#29879
b11111100 "
b11010110 *
b11100001 :
b1 B
#29880
b1000110 "
b111110 *
b11111 2
b1011000 :
b11111111111 B
#29881
b10100011 "
b11110010 *
b10100110 2
b11100100 :
b11111111100 B
#29882
b11011101 "
b11000 *
b11100011 2
b11111 :
b11111111110 B
#29883
b1111010 "
b11011111 *
b1011000 2
b10100110 :
#29884
b10101001 "
b100010 *
b11100010 2
b1011001 :
b11111111100 B
#29885
b10001110 "
b11001011 *
b10100110 2
b1011000 :
b11111111111 B
#29886
b1011001 "
b1011001 *
b1011010 2
b10101000 :
b1 B
#29887
b110101 "
b1110010 *
b1011001 2
b10100111 :
b10 B
#29888
b11110101 "
b10000011 *
b10101000 2
b1011001 :
#29889
b100001 "
b10000110 *
b10101001 2
b1011011 :
b0 B
#29890
b11101000 "
b100011 *
b11101 2
b11100001 :
#29891
b101101 "
b10101110 *
b11100101 2
b1011001 :
b11111111110 B
#29892
b100001 "
b1111010 *
b10100101 2
b10101001 :
b11111111100 B
#29893
b11001111 "
b1010000 *
b11100001 2
b10100111 :
b11111111101 B
#29894
b1110010 "
b110101 *
b10101000 2
b1011001 :
#29895
b11100010 "
b10100111 *
b1011001 2
b11100010 :
b11111111110 B
#29896
b10 "
b10100010 *
b1011010 2
b0 B
#29897
b1111101 "
b11110101 *
b1011000 2
b1011001 :
b11111111111 B
#29898
b11010111 "
b11100010 2
b11100001 :
b0 B
#29899
b10100011 "
b11110010 *
b10100110 2
b11100010 :
#29900
b1110 *
b10100111 2
b11111 :
b10 B
#29901
b11010111 "
b1011 *
b11100011 2
b11110 :
b0 B
#29902
b100 "
b11010110 *
b11100010 2
b11100010 :
b11111111110 B
#29903
b11101110 "
b100110 *
b11110 2
b11101 :
#29904
b10100111 "
b11110 *
b11111 2
b1011001 :
b0 B
#29905
b1110010 "
b11001011 *
b10100110 2
b10101000 :
b11111111101 B
#29906
b11110101 "
b10000011 *
b10100111 2
b1011001 :
b11111111110 B
#29907
b10111010 "
b11000010 *
b11110 2
#29908
b11011101 "
b11101000 *
b11110 :
b0 B
#29909
b10011001 "
b1001000 *
b1011001 2
b10100111 :
b11111111111 B
#29910
b11101101 "
b1011100 *
b11100010 2
b10100110 :
b0 B
#29911
b1010000 "
b110001 *
b10100111 2
b11110 :
#29912
b10 "
b1011110 *
b11100010 :
#29913
b10100111 "
b11110 *
b11100001 2
b10100111 :
b11111111111 B
#29914
b1001001 "
b111011 *
b11100011 2
b1011001 :
b1 B
#29915
b1111101 "
b11110101 *
b1011010 2
b1010111 :
b11111111110 B
#29916
b11011111 "
b1111010 *
b10101000 2
b1011011 :
b11111111111 B
#29917
b11101000 "
b100011 *
b11100011 2
b11110 :
b11111111101 B
#29918
b11011101 "
b11000 *
b11111 :
b11111111110 B
#29919
b10011 "
b10100100 *
b11100001 2
b10100111 :
#29920
b1010000 "
b110001 *
b1011001 2
b11100010 :
b11111111100 B
#29921
b10 "
b1011110 *
b11111 :
b11111111110 B
#29922
b10100111 "
b10100111 *
b10100110 2
b1011000 :
b11111111111 B
#29923
b11101110 "
b11011010 *
b11100010 2
b11101 :
b10 B
#29924
b11111100 "
b11010110 *
b11100011 2
b11110 :
#29925
b11000010 "
b1000110 *
b1011000 2
b11100010 :
b11 B
#29926
b11110010 "
b1011101 *
b11100 2
b10100110 :
b11111111110 B
#29927
b100011 "
b11101000 *
b11100011 2
b11111 :
b11111111111 B
#29928
b100001 "
b1111010 *
b10100101 2
b10101001 :
b11111111110 B
#29929
b11001111 "
b1010000 *
b11100001 2
b10100111 :
b11111111100 B
#29930
b1110010 "
b110101 *
b10101000 2
b1011001 :
b11111111101 B
#29931
b11100010 "
b10100111 *
b1011001 2
b11100010 :
b11111111110 B
#29932
b10100010 "
b11111110 *
b11100010 2
b10100110 :
b0 B
#29933
b1011 "
b1111101 *
b10100111 2
b1011000 :
b11111111111 B
#29934
b101001 "
b1011 *
b11111 2
b11110 :
b0 B
#29935
b10100011 "
b11110010 *
b10100110 2
b11100010 :
b1 B
#29936
b101101 "
b10101110 *
b11101 2
b10100111 :
b11111111101 B
#29937
b11000010 "
b10111010 *
b10100111 2
b11100011 :
b0 B
#29938
b1010111 "
b11011110 *
b11101 2
b10100111 :
b11111111111 B
#29939
b11101110 "
b100110 *
b11110 2
b11101 :
#29940
b10100111 "
b1011001 *
b1011010 2
b1011000 :
#29941
b10110111 "
b11000101 *
b11100011 2
b1011001 :
b11111111101 B
#29942
b101010 "
b11111100 *
b11100010 2
b11100011 :
b11111111110 B
#29943
b1111010 "
b100001 *
b10100110 2
b10100111 :
b11111111111 B
#29944
b10100011 "
b11110010 *
b1011010 2
b11101 :
b11111111101 B
#29945
b11011101 "
b11000 *
b11110 2
b11100010 :
b11111111111 B
#29946
b1011 "
b101001 *
b11100010 2
b11100011 :
#29947
b100 "
b11010110 *
b11101 2
b11110 :
b0 B
#29948
b100110 "
b10010 *
b11100011 2
b11111111101 B
#29949
b1011001 "
b10100111 *
b1011010 2
b1011000 :
b10 B
#29950
b11000101 "
b1001001 *
b10100111 2
b11100011 :
b11111111110 B
#29951
b11001111 "
b10110000 *
b11101 2
b10100111 :
#29952
b1011 "
b11010111 *
b11110 2
b11100001 :
b11111111111 B
#29953
b10100011 "
b11110010 *
b10100110 2
b11100011 :
#29954
b11010011 "
b1010010 *
b11100011 2
b1011001 :
b11111111110 B
#29955
b10100100 "
b11101101 *
b10100111 2
b11111 :
b11111111111 B
#29956
b10110000 "
b11001111 *
#29957
b1001001 "
b11000101 *
b11100000 2
b10101000 :
b11111111110 B
#29958
b1011001 "
b10100111 *
b10100110 2
#29959
b10100010 "
b11111110 *
b11110 2
b1011001 :
b11111111100 B
#29960
b100 "
b101010 *
b11101 2
b11100010 :
b11111111110 B
#29961
b1000110 "
b111110 *
b11100100 2
b10100111 :
b11111111111 B
#29962
b11110010 "
b1011101 *
b11111 2
b11111111110 B
#29963
b10100011 "
b1110 *
b1011010 2
b11100011 :
b10 B
#29964
b10011 "
b10100100 *
b11101 2
b1011001 :
#29965
b10110000 "
b11001111 *
b1011001 2
b11100010 :
b1 B
#29966
b1001001 "
b11000101 *
b100000 2
b1011000 :
#29967
b11100010 "
b11100010 *
b11101 2
b11100001 :
b11111111111 B
#29968
b100110 "
b11101110 *
b11111 2
b11100 :
b11111111100 B
#29969
b11111100 "
b11010110 *
b11101 2
b11100001 :
#29970
b11110101 "
b101001 *
b11100010 2
b11110 :
b11111111001 B
#29971
b11010011 "
b10101110 *
b11100100 2
b10100110 :
b11111111100 B
#29972
b10111000 "
b10011001 *
b10101011 2
b10100100 :
b0 B
#29973
b11010111 "
b1011 *
b11100001 2
b11101 :
b10 B
#29974
b1111101 "
b1011010 2
b10101001 :
b101 B
#29975
b100110 "
b10010 *
b11110 2
b11100010 :
#29976
b1011001 "
b11100010 *
b11011111 2
b10101000 :
b11 B
#29977
b11001011 "
b10001110 *
b10101100 2
b1011110 :
b0 B
#29978
b1010111 "
b100010 *
b11011110 2
b10101001 :
b11111111011 B
#29979
b1011100 "
b11101101 *
b10100110 2
b11100110 :
b11111111001 B
#29980
b11010011 "
b10101110 *
b11111 2
b1011000 :
#29981
b1001000 "
b1100111 *
b10100111 2
b10100111 :
b11111111011 B
#29982
b1000110 "
b11000010 *
b11100001 2
b1011000 :
b11111111110 B
#29983
b11001111 "
b1010000 *
b11100100 2
b10100111 :
b0 B
#29984
b10110111 "
b111011 *
b11100011 2
b10 B
#29985
b11100010 "
b10100111 *
b1011001 2
b11100011 :
#29986
b10001110 "
b110101 *
b10100111 2
b10100111 :
b1 B
#29987
b1010000 "
b11001111 *
b1011010 2
b11101 :
#29988
b11101101 "
b10100100 *
b11100 2
b10100111 :
b0 B
#29989
b1001000 "
b10011001 *
b1010110 2
b10100101 :
b11111111111 B
#29990
b11110010 "
b10100011 *
b11011111 2
b10101000 :
b11111111110 B
#29991
b10000110 "
b100001 *
b10101001 2
b1011100 :
b11111111101 B
#29992
b11011110 "
b10101001 *
b10100110 2
b11100100 :
b11111111011 B
#29993
b1110010 "
b110101 *
b1011000 2
b10100111 :
b11111111101 B
#29994
b10100111 "
b11110 *
b11110 2
b1011001 :
b11111111110 B
#29995
b11011010 "
b10010 *
b11110 :
b0 B
#29996
b1111101 "
b11110101 *
b10101000 2
b10100111 :
b11111111111 B
#29997
b10100100 "
b10011 *
b1011010 2
b11110 :
b0 B
#29998
b10101110 "
b101101 *
b1011001 2
b11100010 :
#29999
b11110010 "
b10100011 *
b11111 2
b1011001 :
#30000
b11011111 "
b10000110 *
b1011010 2
b1011000 :
b11111111111 B
#30001
b1010111 "
b11011110 *
b11100011 2
b1011001 :
b11111111110 B
#30002
b1011110 "
b11111110 *
b11100010 2
#30003
b10100111 "
b10100111 *
b1011001 2
b10100111 :
b11111111111 B
#30004
b110101 "
b1110010 *
b10100111 2
b1011001 :
b1 B
#30005
b1010000 "
b11001111 *
b1011010 2
b11101 :
b0 B
#30006
b10111010 "
b11000010 *
b11100001 2
b10101000 :
#30007
b10100011 "
b11110010 *
b10100110 2
b11100011 :
b11111111111 B
#30008
b11101000 "
b11011101 *
b11100001 2
b11111111110 B
#30009
b11110101 "
b11010111 *
b11100010 2
b11111111111 B
#30010
b1111101 "
b1011 *
b1011000 2
b10100101 :
b11111111011 B
#30011
b100110 "
b10010 *
b11110 2
b11100010 :
b11111111101 B
#30012
b11100010 "
b10100111 *
b10100111 2
b11110 :
b11111111110 B
#30013
b1110010 "
b11001011 *
b10101000 2
b10100110 :
b0 B
#30014
b100 "
b101010 *
b11101 2
b11100010 :
b11111111111 B
#30015
b11010111 "
b11110101 *
b11111 2
b11110 :
b1 B
#30016
b101101 "
b1010010 *
b11100001 2
b10101000 :
b11111111110 B
#30017
b11110010 "
b10100011 *
b11111 2
b1011001 :
b11111111101 B
#30018
b101001 "
b11110101 *
b11100010 2
b11110 :
b11111111110 B
#30019
b11011110 "
b10101001 *
b1011001 2
#30020
b110101 "
b10001110 *
b1011000 2
b1011010 :
b0 B
#30021
b11110 "
b1011001 *
b10100111 2
b11101 :
b1 B
#30022
b1011110 "
b10 *
b11110 2
b1011001 :
#30023
b100010 "
b10101001 *
b1011000 2
b11100001 :
#30024
b11010111 "
b11110101 *
b11100001 2
b11100010 :
b11111111111 B
#30025
b1100111 "
b1001000 *
b1011011 2
b1010110 :
b11111111110 B
#30026
b101101 "
b10101110 *
b11100 2
b10100110 :
b11111111101 B
#30027
b10111010 "
b111110 *
b11100100 2
b1011001 :
b11111111100 B
#30028
b1010000 "
b110001 *
b1011001 2
b11100010 :
b11111111110 B
#30029
b100110 "
b10010 *
b11110 2
#30030
b10100111 "
b1011001 *
b1011000 2
b1011010 :
b11111111111 B
#30031
b10010 "
b100110 *
b11110 2
b11100010 :
b0 B
#30032
b11001111 "
b10110000 *
b11100010 2
b1011001 :
b1 B
#30033
b1011100 "
b11101101 *
b10100111 2
b11100011 :
b0 B
#30034
b101101 "
b1010010 *
b11100001 2
b10101000 :
b1 B
#30035
b1110 "
b1011101 *
b11100000 2
b10100111 :
b11111111111 B
#30036
b10000110 "
b100001 *
b1010111 2
b10100101 :
b11111111110 B
#30037
b1010000 "
b110001 *
b10100111 2
b11111 :
b11111111101 B
#30038
b1110010 "
b110101 *
b10101001 2
b1011011 :
b11111111110 B
#30039
b1011001 "
b1011001 *
b10101000 2
b1011010 :
#30040
b1001001 "
b111011 *
b11100010 2
b1011000 :
#30041
b11010110 "
b100 *
b11100011 :
b11111111111 B
#30042
b10011 "
b1011100 *
b1011001 :
b1 B
#30043
b11101000 "
b100011 *
b11110 :
b11111111101 B
#30044
b11011101 "
b11000 *
b1 B
#30045
b10111010 "
b111110 *
b11100100 2
b1011001 :
b0 B
#30046
b1010000 "
b110001 *
b1011001 2
b11100000 :
#30047
b111011 "
b1001001 *
b1011000 2
b11011111 :
b11111111110 B
#30048
b11100010 "
b11100010 *
b11100010 2
b11110 :
b11111111101 B
#30049
b111011 "
b10110111 *
b10100111 2
b11100011 :
b11111111011 B
#30050
b11110101 "
b10000011 *
b1011000 :
b0 B
#30051
b10100100 "
b10011 *
b1011010 2
b11110 :
b11111111111 B
#30052
b10100011 "
b11110010 *
b1 B
#30053
b1001000 "
b1100111 *
b10100110 2
b10101000 :
b0 B
#30054
b10011 "
b10100100 *
b11111 2
b1011001 :
#30055
b11110101 "
b1111101 *
b10100110 2
b10101000 :
b11111111110 B
#30056
b10100010 "
b10 *
b11101 2
b10100110 :
#30057
b10100111 "
b11100010 *
b10100111 :
#30058
b11101110 "
b11011010 *
b11110 2
b11100010 :
b11111111111 B
#30059
b1010000 "
b11001111 *
b1011010 2
b11101 :
#30060
b11000010 "
b1000110 *
b10101000 2
b11110 :
b0 B
#30061
b1011101 "
b1110 *
b1011010 2
b11101 :
b11111111111 B
#30062
b10111000 "
b10011001 *
b10100110 2
b10101000 :
#30063
b11011111 "
b10000110 *
b10100101 2
#30064
b11111100 "
b101010 *
b11110 2
b11110 :
b11111111110 B
#30065
b10110111 "
b111011 *
b100000 2
b1011000 :
b11111111101 B
#30066
b11110 "
b11110 *
b11110 2
b11100010 :
b0 B
#30067
b10010 "
b100110 *
b11111111100 B
#30068
b11110101 "
b10000011 *
b10100111 2
b1011000 :
b0 B
#30069
b111110 "
b10111010 *
b11110 :
#30070
b11101000 "
b100011 *
b11110 2
b11100010 :
b1 B
#30071
b11011101 "
b11000 *
b11100001 :
b11111111111 B
#30072
b11101101 "
b1011100 *
b11100001 2
b10100111 :
b0 B
#30073
b1010111 "
b11011110 *
b11100011 2
b1011001 :
b11111111110 B
#30074
b1011110 "
b11111110 *
b1011010 :
#30075
b10100111 "
b10100111 *
b1011000 2
b10100110 :
b11111111111 B
#30076
b100110 "
b11101110 *
b11110 2
b11110 :
#30077
b1010000 "
b11001111 *
b1011010 2
b11101 :
#30078
b10100100 "
b10011 *
b10100111 2
b11100100 :
b0 B
#30079
b100011 "
b11000 *
b11110 2
b11101 :
b11111111111 B
#30080
b11101000 "
b11011101 *
b11100001 2
b11100011 :
b11111111110 B
#30081
b10100100 "
b11101101 *
b10100111 2
b11111 :
b11111111101 B
#30082
b11010110 "
b11111100 *
b11100010 2
b11101 :
b11111111011 B
#30083
b11000101 "
b10110111 *
b10101000 2
b11110 :
b11111111110 B
#30084
b11100010 "
b1011001 *
b1011001 2
b11111 :
b11 B
#30085
b10 "
b10100010 *
b10100111 2
b11111111111 B
#30086
b11001111 "
b10110000 *
b11100011 2
b1011001 :
b10 B
#30087
b11000010 "
b1000110 *
b1010111 2
b11100001 :
b11111111110 B
#30088
b10111000 "
b1100111 *
b10100110 :
b11111111111 B
#30089
b10011001 *
b1011011 2
b1010111 :
b11111111101 B
#30090
b1000110 "
b11000010 *
b11100100 2
b1011001 :
b11111111110 B
#30091
b10101001 "
b100010 *
b11101 2
b10100111 :
b11111111101 B
#30092
b11101110 "
b100110 *
b11100010 2
b11100010 :
b11111111110 B
#30093
b1011001 "
b11110 *
b1011001 :
b11111111111 B
#30094
b111011 "
b10110111 *
b1011000 2
b11110 :
b0 B
#30095
b101010 "
b11111100 *
b11110 2
b11101 :
b1 B
#30096
b1011 "
b11010111 *
b11100001 :
#30097
b11110010 "
b1011101 *
b11100100 2
b1011010 :
b11111111101 B
#30098
b11000 "
b100011 *
b11111 2
b11101 :
b11111111110 B
#30099
b100001 "
b1111010 *
b1011011 2
b1011000 :
#30100
b11110101 "
b1111101 *
b1011010 2
b11111111011 B
#30101
b1110010 "
b110101 *
b1011001 2
b10100111 :
b11111111101 B
#30102
b11110 "
b1011001 *
b11100011 :
b11111111110 B
#30103
b11101110 "
b11011010 *
b11100010 2
b11101 :
b0 B
#30104
b100 "
b101010 *
b11101 2
b11100010 :
b1 B
#30105
b11101101 "
b10100100 *
b11100010 2
b1011001 :
b11 B
#30106
b1100111 "
b1001000 *
b10100110 2
b10101001 :
b11111111110 B
#30107
b10101110 "
b11010011 *
b1011001 2
b11101 :
b1 B
#30108
b11110101 "
b11010111 *
b11110 2
b11111111101 B
#30109
b1011 "
b10000011 *
b1011010 2
b1011000 :
b11111111111 B
#30110
b11111110 "
b10100010 *
b11100 :
b11111111101 B
#30111
b10100111 "
b11110 *
b11100001 2
b10100111 :
b11111111110 B
#30112
b11011010 "
b10010 *
b11100010 2
b11100010 :
#30113
b11010110 "
b100 *
b11100011 :
#30114
b1011 "
b11010111 *
b11111 2
b11100001 :
b0 B
#30115
b10011001 "
b10111000 *
b10100111 2
b10100111 :
b11111111101 B
#30116
b1011101 "
b11110010 *
b1011010 2
b11100010 :
b0 B
#30117
b1111010 "
b11011111 *
b10100110 :
#30118
b100010 "
b1010111 *
b1011001 2
b11110 :
#30119
b10001110 "
b11001011 *
b10101000 2
b1011001 :
#30120
b11110 "
b1011001 *
b1011001 2
b11100001 :
b1 B
#30121
b10010 "
b100110 *
b11101 2
b0 B
#30122
b100 "
b101010 *
b11111111110 B
#30123
b11101101 "
b10100100 *
b11100100 2
b1011010 :
b11111111100 B
#30124
b100011 "
b11000 *
b11100010 2
b11100010 :
#30125
b1010010 "
b101101 *
b10101000 2
b11100001 :
b11111111110 B
#30126
b10111010 "
b111110 *
b11111 2
b10101000 :
b0 B
#30127
b10110000 "
b11001111 *
b1011010 2
b11100011 :
b10 B
#30128
b111011 "
b1001001 *
b10101000 2
b11110 :
#30129
b11100010 "
b11110 *
b11100010 2
b11100010 :
b1 B
#30130
b11001011 "
b10001110 *
b1011000 2
b10100101 :
b11111111111 B
#30131
b10000011 "
b1011 *
b10100110 2
b10101001 :
b0 B
#30132
b11010111 "
b11110101 *
b11100001 2
b11100010 :
b11111111110 B
#30133
b11101000 "
b100011 *
b11100011 2
b11110 :
b11111111101 B
#30134
b11000 "
b11111 2
b11101 :
#30135
b1011100 "
b10011 *
b1011001 2
b11100001 :
b11111111110 B
#30136
b10101001 "
b100010 *
b11100010 2
b1011001 :
b11111111011 B
#30137
b110101 "
b10001110 *
b10101000 2
b10100110 :
b11111111110 B
#30138
b11110 "
b10100111 *
b10100111 2
b11100001 :
b1 B
#30139
b11011010 "
b10010 *
b11110 2
b11110 :
#30140
b11011110 "
b1010111 *
b1011001 2
b11100010 :
b10 B
#30141
b11110101 "
b101001 *
b11110 2
b11100001 :
b0 B
#30142
b1011101 "
b1110 *
b10100110 2
b11100011 :
b11111111111 B
#30143
b1100111 "
b10111000 *
b10101001 2
b1011011 :
b11111111110 B
#30144
b11010111 "
b1011 *
b11101 2
b11100010 :
b11111111111 B
#30145
b11001111 "
b1010000 *
b11100001 2
b10100111 :
b11111111110 B
#30146
b10110111 "
b111011 *
b11100000 2
b10101000 :
#30147
b1011001 "
b10100111 *
b1011010 2
b1011000 :
#30148
b1110010 "
b11001011 *
b1011001 2
b1011001 :
b11111111100 B
#30149
b11010110 "
b100 *
b11100010 2
b11100011 :
b11111111110 B
#30150
b101001 "
b1011 *
b11101 2
b11110 :
b0 B
#30151
b100011 "
b11000 *
b11110 2
b11111 :
b11111111101 B
#30152
b10011001 "
b1001000 *
b10100110 2
b1010111 :
b10 B
#30153
b111110 "
b1000110 *
b1011000 2
b11110 :
#30154
b110001 "
b10110000 *
b11100010 2
b10100111 :
b11 B
#30155
b111011 "
b1001001 *
b1011000 2
b11011111 :
b1 B
#30156
b1011001 "
b1011001 *
b1010110 2
b10100100 :
b11111111111 B
#30157
b1110010 "
b11001011 *
b10100100 2
b10101010 :
b11111111011 B
#30158
b110001 "
b1010000 *
b11100 2
b10100111 :
b11111111100 B
#30159
b10111010 "
b11000010 *
b11110 2
b1011000 :
b11111111011 B
#30160
b1100111 "
b1001000 *
b10101000 2
b10100110 :
b11111111110 B
#30161
b1011101 "
b11110010 *
b10100110 2
b11101 :
b11111111111 B
#30162
b111110 "
b1000110 *
b10101000 2
b11100010 :
b1 B
#30163
b11010110 "
b11111100 *
b11110 2
b11100011 :
#30164
b10001110 "
b11001011 *
b1010111 2
b10100101 :
#30165
b11110 "
b11110 *
b11100011 2
b11111 :
b11 B
#30166
b10001110 "
b110101 *
b10100011 2
b10101011 :
b11111111110 B
#30167
b11111100 "
b11010110 *
b11100 2
b11100001 :
b11111111100 B
#30168
b10111010 "
b11000010 *
b11100001 2
b10101000 :
b11111111010 B
#30169
b11010011 "
b10101110 *
b11100010 2
b10100111 :
#30170
b101101 "
b11111 2
b10101000 :
b11111111110 B
#30171
b1011 "
b101001 *
b11110 2
b11111 :
b11111111111 B
#30172
b10101001 "
b100010 *
b11100001 2
b1010111 :
b10 B
#30173
b11000101 "
b10110111 *
b10100111 2
b11101 :
#30174
b11100010 "
b1011001 *
b1011001 2
b11110 :
b11 B
#30175
b10001110 "
b110101 *
b1011010 2
b1010111 :
b1 B
#30176
b11110101 "
b10000011 *
b10101001 2
b1011011 :
#30177
b101001 *
b11101 2
b11100001 :
b11111111101 B
#30178
b101101 "
b1010010 *
b11011111 2
b10101001 :
b11111111110 B
#30179
b11110010 "
b10100011 *
b100001 2
b1011000 :
b11111111100 B
#30180
b101001 "
b11110101 *
b11100011 2
b11110 :
b11111111011 B
#30181
b10110000 "
b11001111 *
b1011001 2
b11100010 :
#30182
b110101 "
b10001110 *
b1011000 2
b1011010 :
b11111111110 B
#30183
b11100010 "
b10100111 *
b1011001 2
b11100011 :
b11111111111 B
#30184
b110101 "
b1110010 *
b10100101 2
b1010111 :
b1 B
#30185
b10101001 "
b11011110 *
b11100010 2
b10100111 :
#30186
b1000110 "
b111110 *
b11110 2
b1011000 :
b11 B
#30187
b11110010 "
b1011101 *
b11100100 2
b1011010 :
b11111111111 B
#30188
b1001000 "
b1100111 *
b1011011 2
b1010110 :
#30189
b1000110 "
b11000010 *
b11100 2
b10100110 :
b11111111110 B
#30190
b1111101 "
b1011 *
b1010111 2
b10100101 :
b11111111100 B
#30191
b110101 "
b10001110 *
b10100101 2
b10101001 :
b11111111110 B
#30192
b11110 "
b10100111 *
b10100111 2
b11100011 :
#30193
b1011110 "
b10 *
b11100010 2
b10100111 :
b11111111101 B
#30194
b10000011 "
b1011 *
b1011000 2
b1011001 :
b11111111111 B
#30195
b11110101 "
b101001 *
b11111 2
b11100001 :
#30196
b10011001 "
b10111000 *
b1011001 2
b1011001 :
b0 B
#30197
b11011101 "
b11000 *
b11110 2
b11100010 :
#30198
b1011 "
b101001 *
b11100010 2
b11100011 :
#30199
b11010110 "
b11111100 *
b11110 2
#30200
b11000101 "
b10110111 *
b1011000 2
b11100000 :
b11111111101 B
#30201
b11110 "
b11110 *
b11100010 2
b11110 :
b11 B
#30202
b11111110 "
b1011110 *
b10101000 2
b100001 :
b11111111100 B
#30203
b11010110 "
b100 *
b11100001 2
b11100011 :
b0 B
#30204
b10111010 "
b11000010 *
b10101000 :
b11111111011 B
#30205
b1110 "
b10100011 *
b11110 2
b10100110 :
#30206
b11110010 "
b11100011 2
b11111111110 B
#30207
b101001 "
b11110101 *
b11111 2
b11100010 :
b0 B
#30208
b11110101 "
b1111101 *
b1011000 2
b1011010 :
b1 B
#30209
b1001001 "
b11000101 *
b11100010 2
b10101000 :
b11 B
#30210
b1011001 "
b1011001 *
b1011000 2
b10100110 :
b1 B
#30211
b1011110 "
b10 *
b11011111 2
b10101000 :
b11111111111 B
#30212
b1010111 "
b100010 *
b11100000 2
#30213
b10111010 "
b11000010 *
b100000 2
b1011000 :
b11111111011 B
#30214
b10111000 "
b1100111 *
b1010111 2
b10100110 :
b11111111100 B
#30215
b11011101 "
b11000 *
b11110 2
b11100010 :
#30216
b10100100 "
b11101101 *
b1011001 2
b11100011 :
b11111111110 B
#30217
b11010110 "
b11111100 *
b11111 2
b0 B
#30218
b10 "
b1011110 *
b10100111 2
b11100001 :
b1 B
#30219
b11100010 "
b11110 *
b11100010 2
b11100010 :
b101 B
#30220
b11101110 "
b11011010 *
b11100 2
b11100001 :
b10 B
#30221
b11011110 "
b1010111 *
b10101000 2
b100001 :
b0 B
#30222
b11010111 "
b11110101 *
b11100001 2
b11100011 :
b11111111010 B
#30223
b11110010 "
b1011101 *
b11100011 2
b1011010 :
b11111111011 B
#30224
b11101000 "
b11011101 *
b11100010 2
b11100010 :
#30225
b111110 "
b1000110 *
b1011000 2
b11110 :
b11111111111 B
#30226
b11110101 "
b1111101 *
b1011001 2
b1011001 :
b0 B
#30227
b11000101 "
b10110111 *
b10101000 2
b11110 :
b1 B
#30228
b1011001 "
b11110 *
b11101 2
b10100111 :
b0 B
#30229
b10100010 "
b11111110 *
b11111 2
b1011001 :
b11111111111 B
#30230
b11001111 "
b10110000 *
b11100011 2
#30231
b100001 "
b10000110 *
b10101000 2
b1011011 :
b11111111110 B
#30232
b1011101 "
b1110 *
b10100110 2
b11100011 :
b11111111111 B
#30233
b11101000 "
b11011101 *
b11111 2
b11101 :
b11111111110 B
#30234
b1011 "
b101001 *
b11100010 2
b11100011 :
b11111111111 B
#30235
b100010 "
b1010111 *
b10100111 2
b11111111011 B
#30236
b1110010 "
b110101 *
b1011001 :
b11111111101 B
#30237
b11100010 "
b10100111 *
b1011001 2
b11100011 :
b11111111111 B
#30238
b11001011 "
b10001110 *
b1011010 2
b10101000 :
b0 B
#30239
b1011 "
b1111101 *
b10100111 2
b1011000 :
b1 B
#30240
b11010111 *
b11110 2
b11100001 :
b10 B
#30241
b1100111 "
b1001000 *
b1011010 2
b1010111 :
b1 B
#30242
b11110010 "
b10100011 *
b11011111 2
b10101000 :
b11111111110 B
#30243
b11000010 "
b10111010 *
b10100110 2
b11100100 :
b11111111101 B
#30244
b100010 "
b1010111 *
b1011010 2
b11100 :
b11111111011 B
#30245
b10110111 "
b111011 *
b11110 2
b1011000 :
b11111111110 B
#30246
b11110 "
b10100111 *
b10100111 2
b11100010 :
#30247
b11111110 "
b1011110 *
b1011010 2
b11111111111 B
#30248
b100010 "
b10101001 *
b10100111 2
b11110 :
b1 B
#30249
b101001 "
b1011 *
b11100001 2
b11100010 :
b0 B
#30250
b10101110 "
b101101 *
b1011000 2
b11100001 :
b11111111111 B
#30251
b1010010 "
b10100111 2
b11100011 :
b11111111101 B
#30252
b10011 "
b10100100 *
b11111 2
b1011001 :
b11111111110 B
#30253
b11111100 "
b101010 *
b11100011 2
b11100010 :
b11111111111 B
#30254
b10110111 "
b111011 *
b11100010 2
b10101000 :
b11111111110 B
#30255
b10100111 "
b10100111 *
b1011001 2
b10100111 :
b10 B
#30256
b100110 "
b11101110 *
b11110 2
b11110 :
b11111111111 B
#30257
b101010 "
b11111100 *
b11111 2
b11101 :
b0 B
#30258
b10111010 "
b11000010 *
b11100001 2
b10101000 :
#30259
b11010011 "
b10101110 *
b11111111011 B
#30260
b10111000 "
b10011001 *
b10100110 2
b11111111110 B
#30261
b100001 "
b1111010 *
b1011010 2
b1011001 :
#30262
b100010 "
b1010111 *
b1011001 2
b11110 :
#30263
b111011 "
b1001001 *
b11100011 :
b11111111111 B
#30264
b10100111 "
b1011001 *
b1011000 2
b1011010 :
b1 B
#30265
b10110111 "
b11000101 *
b11100010 2
b1011000 :
#30266
b101010 "
b11111100 *
b11100011 :
#30267
b11010111 "
b11110101 *
b11111 2
b11110 :
#30268
b11110010 "
b1011101 *
b11011 2
b10100110 :
b11111111101 B
#30269
b1110 "
b11011111 2
b10101000 :
#30270
b101001 "
b11110101 *
b11100011 2
b11110 :
b11111111100 B
#30271
b11010110 "
b11111100 *
b11110 2
b11100011 :
b11111111011 B
#30272
b11000101 "
b10110111 *
b1011000 2
b11100010 :
b11111111110 B
#30273
b11110 "
b11110 *
b11100010 2
b11110 :
b11 B
#30274
b11101110 "
b11011010 *
b11110 2
b11100010 :
b11111111111 B
#30275
b11110101 "
b10000011 *
b1011000 2
b10100110 :
b0 B
#30276
b11000010 "
b1000110 *
b10101000 2
b11111 :
#30277
b1010010 "
b11010011 *
b1011000 2
b11100001 :
b11111111111 B
#30278
b11000 "
b100011 *
b11111 2
b11101 :
b11111111110 B
#30279
b100001 "
b1111010 *
b1011011 2
b1011000 :
#30280
b101010 "
b100 *
b11110 2
b11100011 :
b11111111011 B
#30281
b10110111 "
b111011 *
b1011000 :
b11111111101 B
#30282
b11100010 "
b10100111 *
b10100111 2
b11101 :
b11 B
#30283
b1011110 "
b10 *
b11100001 2
b10100111 :
b11111111111 B
#30284
b10110000 "
b110001 *
b1011001 2
b11101 :
b1 B
#30285
b11011111 "
b1111010 *
b1010111 2
b10100101 :
b11111111110 B
#30286
b1001000 "
b10011001 *
b10101001 2
b1011010 :
b11111111111 B
#30287
b11011101 "
b11000 *
b11101 2
b11100001 :
b11111111110 B
#30288
b1011100 "
b10011 *
b10100111 2
b11111 :
#30289
b11001111 "
b1010000 *
b11100001 2
b10100111 :
b11111111100 B
#30290
b110101 "
b10001110 *
b1011001 2
b1011001 :
b11111111110 B
#30291
b11110 "
b10100111 *
b11111 :
#30292
b11011010 "
b10010 *
b11100011 2
b11100010 :
b0 B
#30293
b1111101 "
b11110101 *
b1011000 2
b1011010 :
b10 B
#30294
b1111010 "
b100001 *
b1011010 2
#30295
b10100011 "
b11110010 *
b10100110 2
b11100011 :
b1 B
#30296
b1011101 "
b1011001 2
b11100000 :
b0 B
#30297
b100001 "
b1111010 *
b1011100 2
b1010111 :
b11111111111 B
#30298
b1011 "
b10000011 *
b10100101 2
b10101001 :
b11111111101 B
#30299
b11011010 "
b11101110 *
b11100011 2
b11110 :
b11111111100 B
#30300
b11110 "
b11100010 *
b11100010 2
b11100010 :
b11111111101 B
#30301
b1001001 "
b111011 *
b11110 2
b10101000 :
b11111111110 B
#30302
b1010111 "
b100010 *
b11100010 2
b10100111 :
b0 B
#30303
b10011 "
b1011100 *
b11110 2
b10100110 :
b1 B
#30304
b1100111 "
b1001000 *
b10100111 2
b10101000 :
b11111111111 B
#30305
b11000 "
b100011 *
b11100001 2
b11100010 :
b0 B
#30306
b10100100 "
b11101101 *
b1011001 2
b11100001 :
b11111111111 B
#30307
b1011 "
b10000011 *
b1011010 2
b1011000 :
b11111111101 B
#30308
b11001011 "
b1110010 *
b10100101 2
b10101001 :
b11111111110 B
#30309
b11100010 "
b1011001 *
b10100111 2
b11100011 :
#30310
b10110111 "
b11000101 *
b11110 2
b10101000 :
b11111111101 B
#30311
b1111101 "
b11110101 *
b1011000 2
b1011001 :
b11111111111 B
#30312
b11011111 "
b1111010 *
b10100110 2
b1 B
#30313
b1010010 "
b11010011 *
b1011000 2
b11100001 :
b0 B
#30314
b11000 "
b100011 *
b11111 2
b11101 :
b1 B
#30315
b10100100 "
b11101101 *
b10101000 2
b100000 :
b11111111110 B
#30316
b100010 "
b1010111 *
b1011010 2
b11100 :
b11111111011 B
#30317
b1001001 "
b11000101 *
b11100010 2
b10101000 :
b11111111100 B
#30318
b11100010 "
b11100010 *
b11110 :
b11111111110 B
#30319
b10110111 "
b11000101 *
b11100000 2
b1011000 :
b11111111111 B
#30320
b11111100 "
b11010110 *
b11100011 2
b11110 :
b0 B
#30321
b10111010 "
b11000010 *
b11101 2
b1011001 :
b100 B
#30322
b10100011 "
b11110010 *
b1011010 2
b11101 :
b11111111110 B
#30323
b1010010 "
b101101 *
b10100111 2
b11100011 :
b1 B
#30324
b11101101 "
b1011100 *
b11100001 2
b10100111 :
b11111111111 B
#30325
b10101001 "
b100010 *
b11101 2
#30326
b110101 "
b10001110 *
b1011011 2
b1010111 :
b11111111110 B
#30327
b11100010 "
b1011001 *
b10100111 2
b11100011 :
b11111111111 B
#30328
b111011 "
b10110111 *
b1011001 2
b11101 :
b11111111101 B
#30329
b11001111 "
b10110000 *
b11101 2
b10100111 :
b11111111111 B
#30330
b11011111 "
b1111010 *
b10101000 2
b1011011 :
#30331
b11000 "
b11011101 *
b11101 2
b11100010 :
#30332
b11010011 "
b1010010 *
b11100100 2
b1011010 :
b11111111110 B
#30333
b10000110 "
b100001 *
b10101000 2
b1011011 :
#30334
b11110101 "
b1111101 *
b1011010 2
b1011000 :
#30335
b1001001 "
b11000101 *
b11100010 2
b10101000 :
#30336
b1011001 "
b11100010 *
b10100111 :
#30337
b1001001 "
b111011 *
b11111 2
b11111111111 B
#30338
b11011110 "
b1010111 *
b1011001 2
b11100010 :
#30339
b10100100 "
b10011 *
b1011010 2
b11110 :
b10 B
#30340
b10101110 "
b101101 *
b1011000 2
b11100001 :
b11111111111 B
#30341
b10100011 "
b1110 *
b1011001 2
b0 B
#30342
b11010111 "
b1011 *
b11101 2
b11100010 :
b11111111110 B
#30343
b10110000 "
b11001111 *
b1011001 2
b11100001 :
#30344
b110101 "
b10001110 *
b1011000 :
#30345
b10100111 "
b11110 *
b11100010 2
b10100111 :
#30346
b110101 "
b1110010 *
b10100110 2
b1011000 :
b11111111111 B
#30347
b1010000 "
b11001111 *
b1011001 2
b11110 :
#30348
b101001 "
b1011 *
b11111 2
b10 B
#30349
b1010010 "
b11010011 *
b1011000 2
b11100001 :
b1 B
#30350
b11000 "
b100011 *
b11111 2
b11101 :
b11111111101 B
#30351
b1000110 "
b11000010 *
b11100 2
b10100111 :
b11111111110 B
#30352
b101010 "
b100 *
b11110 2
b11100011 :
b11111111011 B
#30353
b10100010 "
b10 *
b11100010 2
b1011001 :
b11111111110 B
#30354
b11110 "
b1011001 *
b1011001 2
b11100011 :
b11 B
#30355
b10110111 "
b11000101 *
b11100011 2
b1011001 :
b1 B
#30356
b11001111 "
b10110000 *
b11100100 2
b1011010 :
#30357
b10100100 "
b10011 *
b1011010 2
b11011 :
b11111111111 B
#30358
b1110 "
b10100011 *
b11100101 2
b1011010 :
b11111111110 B
#30359
b11110010 "
b100001 2
b1011000 :
b11111111100 B
#30360
b111110 "
b1000110 *
b10100111 2
b11100100 :
#30361
b100010 "
b1010111 *
b11100010 :
b11111111011 B
#30362
b1110010 "
b110101 *
b10100110 2
b1011000 :
b11111111110 B
#30363
b1011001 "
b11100010 *
b11101 2
b1011001 :
b1 B
#30364
b11111110 "
b1011110 *
b10100110 2
b11110 :
b10 B
#30365
b101010 "
b11111100 *
b11110 2
b11101 :
b1 B
#30366
b10011 "
b1011100 *
b11100100 2
b1011010 :
b0 B
#30367
b100011 "
b11000 *
b11110 2
b11101 :
b11111111101 B
#30368
b1110 "
b1011101 *
b11111 2
b1011001 :
b11111111110 B
#30369
b101001 "
b11110101 *
b11101 2
b11100010 :
b11111111101 B
#30370
b110001 "
b10110000 *
b11100010 2
b10100111 :
b11111111110 B
#30371
b10010 "
b11011010 *
b11100010 :
#30372
b11110 "
b1011001 *
b1011001 2
b11100011 :
b11111111111 B
#30373
b10100010 "
b11111110 *
b11110 2
b1011010 :
b0 B
#30374
b10110000 "
b110001 *
b1011001 2
b11110 :
b1 B
#30375
b101001 "
b1011 *
b11100001 2
b11100010 :
b0 B
#30376
b101101 "
b1010010 *
b10101000 :
b1 B
#30377
b10100011 "
b1110 *
b1011001 2
b11100000 :
b11111111101 B
#30378
b1011100 "
b10011 *
b10100111 2
b11111 :
b11111111110 B
#30379
b11001111 "
b1010000 *
b11100001 2
b10100111 :
b11111111101 B
#30380
b1011110 "
b11111110 *
b11100010 2
b1011001 :
b11111111110 B
#30381
b11100010 "
b1011001 *
b10100111 2
b11100010 :
#30382
b11101110 "
b11011010 *
b11110 2
b1 B
#30383
b110001 "
b1010000 *
b11100011 2
b1011010 :
#30384
b1111010 "
b100001 *
b1011011 2
b1011000 :
b0 B
#30385
b11011101 "
b11101000 *
b11100010 2
b11100011 :
b11111111111 B
#30386
b10011001 "
b1001000 *
b10101001 2
b1011011 :
b11111111101 B
#30387
b10111010 "
b111110 *
b11100100 2
b1011001 :
#30388
b1111101 "
b1011 *
b1011000 2
b10100110 :
b11111111110 B
#30389
b10001110 "
b11001011 *
b10101000 2
b1011001 :
#30390
b11100010 "
b1011001 *
b1011001 2
b11110 :
b11111111111 B
#30391
b1011110 "
b10 *
b11100010 2
b10100111 :
b0 B
#30392
b10101001 "
b11011110 *
b11110 2
b1011001 :
b1 B
#30393
b10100100 "
b10011 *
b1011010 2
b11100 :
b11111111111 B
#30394
b11010011 "
b10101110 *
b11111 2
b1011000 :
#30395
b11101000 "
b11011101 *
b11101 :
b11111111110 B
#30396
b10011 "
b10100100 *
b1011001 :
#30397
b10110000 "
b11001111 *
b1011001 2
b11100001 :
b11111111011 B
#30398
b110101 "
b10001110 *
b1011001 :
b11111111110 B
#30399
b11100010 "
b11110 *
b11100010 2
b11100010 :
#30400
b10110111 "
b11000101 *
b100000 2
b10101000 :
b0 B
#30401
b1010000 "
b11001111 *
b1011001 2
b11111 :
#30402
b10100100 "
b10011 *
b10100111 2
b11100001 :
b100 B
#30403
b1011101 "
b1110 *
b1011010 2
b11101 :
b10 B
#30404
b11110010 "
b10100011 *
b11100000 2
b10100111 :
#30405
b111110 "
b1000110 *
b1011010 2
b11100 :
b11111111111 B
#30406
b11111100 "
b101010 *
b11111 2
b11101 :
b11111111101 B
#30407
b10 "
b1011110 *
b1011010 2
b11011 :
b11111111110 B
#30408
b1011001 "
b11110 *
b11100 2
b10100110 :
b11111111011 B
#30409
b11111110 "
b1011110 *
b1011001 2
b11100001 :
b11111111100 B
#30410
b101010 "
b11111100 *
b11100010 2
b11100011 :
b11111111110 B
#30411
b10000110 "
b11011111 *
b1011000 2
b1011010 :
#30412
b100011 "
b11000 *
b11100011 2
b11100001 :
b11111111101 B
#30413
b10111000 "
b10011001 *
b1010111 2
b1011010 :
b1 B
#30414
b111110 "
b1000110 *
b10101000 2
b11100010 :
b100 B
#30415
b1111101 "
b1011 *
b1011010 :
b10 B
#30416
b1110010 "
b110101 *
b10101001 2
b1011011 :
b1 B
#30417
b11100010 "
b10100111 *
b1011000 2
b11011111 :
b11111111111 B
#30418
b10010 "
b100110 *
b11100100 2
b11111 :
b11111111110 B
#30419
b110001 "
b1010000 *
b11100101 2
b1011010 :
b11111111011 B
#30420
b10000110 "
b11011111 *
b10100101 2
b10101000 :
b11111111010 B
#30421
b10111000 "
b1100111 *
b10100110 2
b1011000 :
b11111111100 B
#30422
b10011001 "
b1001000 *
b1010111 :
b11111111101 B
#30423
b111110 "
b1000110 *
b1010111 2
b11111 :
b10 B
#30424
b10000011 "
b11110101 *
b10100110 2
b1011000 :
b11 B
#30425
b1011110 "
b11111110 *
b11110 2
b10100111 :
#30426
b10100111 "
b1011001 *
b1011011 2
b1010111 :
b10 B
#30427
b100110 "
b11101110 *
b11100001 2
b11100100 :
b1 B
#30428
b1011 "
b1111101 *
b1010101 2
b10100100 :
b11111111101 B
#30429
b111110 "
b10111010 *
b10101000 2
b100001 :
b11111111001 B
#30430
b1010010 "
b11010011 *
b11111 :
b11111111011 B
#30431
b10101110 "
b1011001 2
b11101 :
#30432
b1111010 "
b11011111 *
b10100110 2
b1011001 :
b11111111110 B
#30433
b11001111 "
b1010000 *
b11100011 2
b10100111 :
b11111111111 B
#30434
b10001110 "
b11001011 *
b1011010 2
b10101000 :
b1 B
#30435
b10100111 "
b1011001 *
b10100111 2
b10100111 :
#30436
b111011 "
b10110111 *
b1011001 2
b11101 :
b10 B
#30437
b1011 "
b1111101 *
b10101001 2
b1011010 :
b0 B
#30438
b10100100 "
b10011 *
b10100111 2
b11100100 :
b11111111111 B
#30439
b11110010 "
b1011101 *
b11100100 2
b1011010 :
b11111111110 B
#30440
b11011101 "
b11000 *
b11100011 2
b11111 :
#30441
b11101101 "
b1011100 *
b11111 2
b1011001 :
#30442
b1011 "
b10000011 *
b10100110 2
b10101000 :
b11111111100 B
#30443
b10001110 "
b11001011 *
b10100111 2
b1011001 :
b11111111110 B
#30444
b11110 "
b11110 *
b11110 2
b11100010 :
#30445
b1011110 "
b10 *
b11100011 2
b10100110 :
b0 B
#30446
b11110101 "
b10000011 *
b10100110 2
b1011000 :
#30447
b1000110 "
b111110 *
b11100011 2
b10100111 :
b1 B
#30448
b1100111 "
b1001000 *
b10100111 2
b10 B
#30449
b10101110 "
b11010011 *
b1011001 2
b11101 :
b1 B
#30450
b1000110 "
b11000010 *
b11100100 2
b1011001 :
b0 B
#30451
b10101001 "
b100010 *
b11011 2
b10100111 :
b11111111111 B
#30452
b11000101 "
b10110111 *
b1011000 2
b11011111 :
b11111111110 B
#30453
b11110 "
b11110 *
b11100011 2
b11111 :
b11111111101 B
#30454
b110101 "
b1110010 *
b10101000 2
b1011011 :
b11111111011 B
#30455
b10101001 "
b11011110 *
b11100010 2
b10100111 :
b11111111100 B
#30456
b11110101 "
b101001 *
b11101 :
b11111111110 B
#30457
b100011 "
b11000 *
b11110 2
b11111 :
b11111111111 B
#30458
b1100111 "
b10111000 *
b1011001 2
b10101000 :
b11 B
#30459
b10000110 "
b100001 *
b10101000 2
b1011010 :
b10 B
#30460
b11111100 "
b101010 *
b11110 2
b11110 :
b1 B
#30461
b10001110 "
b11001011 *
b10101010 2
b1011011 :
b11111111111 B
#30462
b10100111 "
b10100111 *
b1011100 :
b0 B
#30463
b1011110 "
b10 *
b11011111 2
b10101000 :
b11111111101 B
#30464
b1010000 "
b11001111 *
b10100110 2
b11100101 :
b11111111100 B
#30465
b1011 "
b11010111 *
b11100010 2
b11111 :
b11111111011 B
#30466
b1001000 "
b10011001 *
b10100111 2
b1011001 :
b11111111100 B
#30467
b11010011 "
b1010010 *
b11111 2
b10101000 :
b11111111110 B
#30468
b111110 "
b1000110 *
b10101000 2
b11100001 :
b0 B
#30469
b101010 "
b100 *
b11100001 2
b11101 :
b10 B
#30470
b10110111 "
b111011 *
b11100010 2
b10101000 :
#30471
b11110 "
b10100111 *
b1011001 2
b11101 :
b101 B
#30472
b1110010 "
b11001011 *
b1011100 2
b1010110 :
b11111111111 B
#30473
b10101001 "
b11011110 *
b11011111 2
b10101000 :
#30474
b10111010 "
b11000010 *
b11111111011 B
#30475
b11000 "
b11011101 *
b11101 2
b11100001 :
#30476
b100011 *
b11111 2
b11101 :
#30477
b11000010 "
b10111010 *
b10100111 2
b11100010 :
b11111111100 B
#30478
b11111100 "
b101010 *
b11101 2
b11111 :
b11111111011 B
#30479
b11101110 "
b100110 *
b11100 2
b1 B
#30480
b11100010 "
b11100010 *
b11100010 2
b11110 :
b100 B
#30481
b11000101 "
b1001001 *
b1011000 2
b110 B
#30482
b11111100 "
b11010110 *
b11100100 2
b11111 :
b0 B
#30483
b100001 "
b10000110 *
b10101001 2
b1011100 :
b1 B
#30484
b10101110 "
b101101 *
b1010111 2
b11011110 :
b11111111010 B
#30485
b11011101 "
b11000 *
b11101 2
b11100001 :
b11111111101 B
#30486
b11000010 "
b10111010 *
b1011001 2
b11100 :
b11111111001 B
#30487
b10110000 "
b11001111 *
b1011010 2
b11100011 :
b11111111100 B
#30488
b1110010 "
b110101 *
b10100110 2
b1010111 :
b11111111110 B
#30489
b11100010 "
b10100111 *
b1011010 2
b11100100 :
b1 B
#30490
b10010 "
b100110 *
b11100010 2
b11101 :
b11 B
#30491
b101010 "
b11111100 *
b11110 2
b10 B
#30492
b1011100 "
b11101101 *
b1011010 2
b11100 :
b11 B
#30493
b1001000 "
b10011001 *
b1010101 2
b10100100 :
b11111111101 B
#30494
b1110 "
b1011101 *
b100001 2
b1011000 :
b11111111110 B
#30495
b11101101 "
b1011100 *
b100000 2
b11111111011 B
#30496
b11110101 "
b1111101 *
b1011010 2
#30497
b11000101 "
b10110111 *
b10101000 2
b11110 :
b11111111100 B
#30498
b11110 "
b10100111 *
b10100111 2
b11100001 :
b11111111110 B
#30499
b10 "
b10100010 *
b10100110 2
b11100 :
b11111111111 B
#30500
b100010 "
b10101001 *
b10100111 2
b11011 :
b10 B
#30501
b1011 "
b11010111 *
b11100010 2
b11101 :
#30502
b10100011 "
b11110010 *
b1011010 2
b11110 :
b11 B
#30503
b11101000 "
b11011101 *
b11111 2
b11101 :
#30504
b10111010 "
b111110 *
b11010 2
b10100111 :
b0 B
#30505
b10101001 "
b100010 *
b10100110 :
b11111111011 B
#30506
b10001110 "
b11001011 *
b1010111 2
b10100101 :
#30507
b11110 "
b10100111 *
b1011001 2
b11101 :
#30508
b10110111 "
b11000101 *
b11110 2
b10101000 :
b11111111110 B
#30509
b11010110 "
b100 *
b11100010 2
b11100011 :
b11111111111 B
#30510
b11000010 "
b1000110 *
b10100111 2
b11110 :
b1 B
#30511
b101101 "
b1010010 *
b11111 2
b1011000 :
b11111111101 B
#30512
b11110010 "
b10100011 *
b11100001 2
b10100111 :
b11111111111 B
#30513
b101001 "
b11110101 *
b11101 2
b11100010 :
b11111111110 B
#30514
b100 "
b11010110 *
b11100011 2
#30515
b10 "
b1011110 *
b1011001 2
b11110 :
#30516
b11110 "
b11100010 *
b11100010 2
b11100010 :
b10 B
#30517
b100110 "
b11101110 *
b1 B
#30518
b100 "
b101010 *
b11101 2
b0 B
#30519
b1000110 "
b111110 *
b11100001 2
b10101000 :
#30520
b10101110 "
b101101 *
b1011000 2
b11100001 :
b11111111110 B
#30521
b11010011 *
b1011001 2
b11101 :
#30522
b11110101 "
b11010111 *
b11110 2
#30523
b100010 "
b1010111 *
b10100111 2
b11100010 :
b11111111111 B
#30524
b100110 "
b10010 *
b11100010 2
b11110 :
b11111111101 B
#30525
b1011001 "
b11100010 *
b11110 2
b1011001 :
b1 B
#30526
b10100010 "
b11111110 *
b11100001 2
b10100111 :
b0 B
#30527
b11011110 "
b1010111 *
b10101000 2
b11111 :
b11111111111 B
#30528
b11010111 "
b11110101 *
b11100001 2
b11100010 :
b11111111110 B
#30529
b11000 "
b11011101 *
b11110 2
#30530
b10100011 "
b1110 *
b10100111 2
b11111 :
b11111111101 B
#30531
b1011100 "
b10011 *
b1011010 2
b11100010 :
b0 B
#30532
b11010110 "
b11111100 *
b11100010 2
b11101 :
b11111111110 B
#30533
b10110111 "
b111011 *
b11110 2
b1011000 :
b0 B
#30534
b11100010 "
b10100111 *
b10100111 2
b11110 :
b11 B
#30535
b1001001 "
b111011 *
b11101 2
b10100111 :
b11111111111 B
#30536
b100010 "
b10101001 *
b10101001 2
b11111 :
#30537
b10111010 "
b11000010 *
b11111 2
b1010111 :
#30538
b10011001 "
b10111000 *
b1011011 2
b1010110 :
b11111111101 B
#30539
b11010011 "
b1010010 *
b11100 2
b10100110 :
#30540
b11011111 "
b10000110 *
b1011011 2
b1011000 :
b11111111100 B
#30541
b11111100 "
b101010 *
b11100011 2
b11100010 :
b11111111110 B
#30542
b11000101 "
b10110111 *
b1011000 2
b11111111101 B
#30543
b11110 "
b1011001 *
b10100111 2
b11101 :
b10 B
#30544
b11011010 "
b10010 *
b11100010 2
b11100010 :
b11111111111 B
#30545
b11111100 "
b11010110 *
b11101 2
b1 B
#30546
b11110101 "
b101001 *
b11100010 2
b11111 :
b0 B
#30547
b11110010 "
b1011101 *
b11100011 2
b1011010 :
b11111111110 B
#30548
b10011001 "
b1001000 *
b10101001 2
#30549
b10011 "
b10100100 *
b11100001 2
b10100111 :
b11111111111 B
#30550
b1010111 "
b11011110 *
b11101 2
b11111111110 B
#30551
b100110 "
b10010 *
b11110 2
b11100010 :
#30552
b11100010 "
b11110 *
b11110 :
b11111111111 B
#30553
b1011110 "
b10 *
b11100010 2
b10100111 :
b0 B
#30554
b1010111 "
b100010 *
#30555
b10111010 "
b11000010 *
b11110 2
b1011000 :
b11111111111 B
#30556
b11010011 "
b10101110 *
b11111 2
#30557
b1011101 "
b11110010 *
b10100111 2
b11111 :
#30558
b111110 "
b1000110 *
b11100100 :
b11111111110 B
#30559
b11010110 "
b11111100 *
b11110 2
b11100011 :
#30560
b10 "
b1011110 *
b10100111 2
b11100010 :
#30561
b10100111 "
b1011001 *
b10100111 :
b11 B
#30562
b10 "
b10100010 *
b1011001 2
b11100000 :
b1 B
#30563
b101010 "
b11111100 *
b11111 2
b11100 :
b0 B
#30564
b11000010 "
b1000110 *
b10101000 2
b100000 :
b11111111101 B
#30565
b10100011 "
b11110010 *
b10100110 2
b11100100 :
b11111111001 B
#30566
b1001000 "
b1100111 *
b1011010 2
b1011000 :
b11111111100 B
#30567
b10000110 "
b100001 *
b10100110 2
b1011001 :
b11111111110 B
#30568
b101010 "
b100 *
b11111 2
b11100011 :
#30569
b1110010 "
b110101 *
b1011010 2
b10101001 :
b1 B
#30570
b11110 "
b10100111 *
b10100111 2
b11100001 :
b101 B
#30571
b110101 "
b1110010 *
b1010111 2
b10100110 :
b11 B
#30572
b11011110 "
b1010111 *
b1011000 2
b11011111 :
b10 B
#30573
b11000010 "
b1000110 *
b1010111 2
b11111111110 B
#30574
b10011001 "
b10111000 *
b1011100 2
b1010101 :
b11111111011 B
#30575
b11101000 "
b11011101 *
b11110 2
b11101 :
#30576
b10011 "
b10100100 *
b11111 2
b1011001 :
b11111111010 B
#30577
b11010110 "
b11111100 *
b11110 2
b11100011 :
b11111111101 B
#30578
b110101 "
b10001110 *
b1011000 2
b1011010 :
b11111111110 B
#30579
b10100111 "
b1011001 *
b10101000 2
b10100110 :
b11 B
#30580
b1011110 "
b10 *
b11110 2
b1011001 :
b1 B
#30581
b11001111 "
b10110000 *
b11101 2
b10100111 :
#30582
b100001 "
b10000110 *
b1011000 2
b10100101 :
b11111111111 B
#30583
b1010010 "
b11010011 *
b11011111 :
#30584
b10111000 "
b10011001 *
b10100101 2
b10101010 :
b11111111110 B
#30585
b10011 "
b10100100 *
b11100000 2
b10101000 :
b11111111011 B
#30586
b11110101 "
b1111101 *
b1011010 2
b1011000 :
b11111111100 B
#30587
b10100010 "
b10 *
b11100010 2
b1011001 :
#30588
b1011001 "
b10100111 *
b10101000 2
b10100110 :
b11111111110 B
#30589
b1011110 "
b10 *
b11100100 2
b1 B
#30590
b11010110 "
b100 *
b11110 2
b11101 :
#30591
b11010111 "
b11110101 *
b11111 2
b11110 :
b10 B
#30592
b10011001 "
b10111000 *
b1011001 2
b1011000 :
b11111111101 B
#30593
b10111000 "
b10011001 *
b1011010 2
#30594
b10000110 "
b100001 *
b10100110 :
b11111111111 B
#30595
b11010110 "
b11111100 *
b11110 2
b11100011 :
b11111111110 B
#30596
b11001011 "
b1110010 *
b10100111 2
b10100111 :
b0 B
#30597
b11100010 "
b11110 *
b11100010 2
b11100010 :
b11 B
#30598
b1110010 "
b11001011 *
b1011011 2
b1011000 :
b0 B
#30599
b11110101 "
b10000011 *
b1010111 2
b10100110 :
#30600
b101001 *
b11100010 2
b11111 :
b11111111101 B
#30601
b11010011 "
b10101110 *
b11100001 2
b10101000 :
b11111111110 B
#30602
b10011001 "
b1001000 *
b10101001 2
b1011010 :
#30603
b10100100 "
b11101101 *
b10100111 2
b11111 :
#30604
b100010 "
b1010111 *
b1011001 2
b11110 :
#30605
b10110111 "
b111011 *
b11110 2
b1011000 :
#30606
b10100111 "
b11110 *
b11101 2
b1011001 :
b1 B
#30607
b10100010 "
b11111110 *
b11110 2
b11111111111 B
#30608
b10101001 "
b11011110 *
b1 B
#30609
b10100100 "
b10011 *
b1011010 2
b11100 :
b11111111111 B
#30610
b11110010 "
b1011101 *
b11101 2
b10100110 :
#30611
b10011001 "
b1001000 *
b1010111 2
b10100101 :
b11111111110 B
#30612
b11011111 "
b10000110 *
b1011011 2
b1011000 :
b11111111111 B
#30613
b100010 "
b1010111 *
b10100111 2
b11100011 :
b11111111110 B
#30614
b100110 "
b10010 *
b11100011 2
b11110 :
b11111111101 B
#30615
b11110 "
b10100111 *
b1011001 2
b11101 :
b11111111111 B
#30616
b100110 "
b11101110 *
b11110 2
b11110 :
b11111111110 B
#30617
b100 "
b101010 *
b11100011 2
b11111111111 B
#30618
b11011111 "
b1111010 *
b10100111 2
b1011010 :
b0 B
#30619
b11101000 "
b100011 *
b11100010 2
b11110 :
b11111111110 B
#30620
b10100011 "
b1110 *
b10100111 2
b11111 :
b0 B
#30621
b10111010 "
b111110 *
b11100011 2
b1011001 :
#30622
b101010 "
b100 *
b11110 2
b11100011 :
b11111111110 B
#30623
b10 "
b1011110 *
b1011001 2
b11110 :
b11111111111 B
#30624
b11110 "
b10100111 *
b10100111 2
b11100011 :
b11 B
#30625
b10100010 "
b11111110 *
b100001 2
b1011000 :
b1 B
#30626
b11110101 "
b10000011 *
b10101010 2
b1011100 :
b11111111111 B
#30627
b101001 "
b1011 *
b11100001 2
b11100011 :
b11111111011 B
#30628
b101101 "
b1010010 *
b11011111 2
b10101000 :
b11111111100 B
#30629
b11010011 "
b11101 2
b10100111 :
b11111111011 B
#30630
b1011 "
b101001 *
b11100010 2
b11100001 :
#30631
b10000011 *
b1011000 2
b1011010 :
b11111111111 B
#30632
b1110010 "
b110101 *
b10100110 2
b1011000 :
b10 B
#30633
b10100111 "
b11110 *
b11100010 2
b10100111 :
b1 B
#30634
b1001001 "
b111011 *
b11100011 2
b1011001 :
b10 B
#30635
b10000011 "
b1011 *
b10100110 2
b10101001 :
b11111111111 B
#30636
b10011 "
b1011100 *
b11100100 2
b1011010 :
#30637
b1110 "
b10100011 *
b11100 2
b10100110 :
b11111111101 B
#30638
b11110010 "
b11100000 2
b10100111 :
b11111111110 B
#30639
b11101101 "
b1011100 *
b11111 2
b1011001 :
#30640
b11011110 "
b10101001 *
b10100111 2
b11100011 :
b11111111101 B
#30641
b10100010 "
b10 *
b11100010 2
b1011001 :
b11111111110 B
#30642
b11100010 "
b1011001 *
b1011001 2
b11110 :
b11111111111 B
#30643
b1110010 "
b11001011 *
b10100111 2
b10100111 :
b1 B
#30644
b11010110 "
b100 *
b11110 2
b11101 :
#30645
b1000110 "
b111110 *
b11100001 2
b10101001 :
b0 B
#30646
b10111000 "
b1100111 *
b1010110 2
b10100101 :
b11111111101 B
#30647
b100011 "
b11101000 *
b11100011 2
b11111 :
#30648
b101001 "
b11110101 *
b11110 :
#30649
b11010110 "
b11111100 *
b11110 2
b11100011 :
b11111111100 B
#30650
b1001001 "
b11000101 *
b1011000 :
b11111111110 B
#30651
b11110 "
b11110 *
b11100010 2
b11110 :
b11 B
#30652
b111011 "
b10110111 *
b1011001 2
b11101 :
b11111111111 B
#30653
b10110000 "
b110001 *
b10100111 2
b11100011 :
b0 B
#30654
b10100100 "
b10011 *
b11100100 :
b11111111111 B
#30655
b100011 "
b11000 *
b11110 2
b11101 :
#30656
b1001000 "
b1100111 *
b1011011 2
b1010111 :
b11111111110 B
#30657
b1011100 "
b10011 *
b1011001 2
b11100001 :
b11111111101 B
#30658
b10000011 "
b11110101 *
b10101000 2
b1011010 :
#30659
b10 "
b1011110 *
b1011001 2
b11110 :
b11111111110 B
#30660
b11110 "
b10100111 *
b10100111 2
b11100010 :
b11111111111 B
#30661
b111011 "
b10110111 *
b10101000 2
b1 B
#30662
b11110101 "
b10000011 *
b1011001 :
#30663
b101001 "
b1011 *
b11100001 2
b11100010 :
#30664
b10011001 "
b10111000 *
b1011100 2
b1010101 :
b0 B
#30665
b100011 "
b11101000 *
b11100011 2
b11110 :
b11111111101 B
#30666
b11011111 "
b10000110 *
b1011100 2
b1010111 :
b11111111010 B
#30667
b10110000 "
b11001111 *
b1011001 2
b11100001 :
b11111111110 B
#30668
b11111110 "
b10100010 *
b11110 :
b11111111100 B
#30669
b11100010 "
b11100010 *
b11110 2
b11100010 :
b11111111110 B
#30670
b10001110 "
b110101 *
b10101001 2
b10100101 :
b1 B
#30671
b1010111 "
b100010 *
b11110 2
b1011001 :
b0 B
#30672
b101001 "
b1011 *
b11111 2
b11110 :
b10 B
#30673
b101101 "
b1010010 *
b1011000 :
b11111111111 B
#30674
b1001000 "
b1100111 *
b1011010 2
b1010111 :
b11111111101 B
#30675
b10011 "
b10100100 *
b11100001 2
b10100111 :
b11111111110 B
#30676
b11010110 "
b11111100 *
b11100010 2
b11101 :
b11111111101 B
#30677
b111011 "
b1001001 *
b1011000 2
b11100010 :
b11111111110 B
#30678
b1011001 "
b1011001 *
b1011010 2
b10101000 :
b11 B
#30679
b110101 "
b1110010 *
b1011000 2
b10100110 :
b11111111111 B
#30680
b1010111 "
b100010 *
b11100010 2
b10101000 :
b10 B
#30681
b11011111 "
b1111010 *
b1010111 2
b10100101 :
b11111111111 B
#30682
b11010011 "
b10101110 *
b100001 2
b1011000 :
#30683
b11110010 "
b10100011 *
b11111111110 B
#30684
b1011100 "
b10011 *
b10101000 2
b11111 :
b11111111011 B
#30685
b100 "
b11010110 *
b11101 2
b11110 :
#30686
b11011010 "
b11101110 *
b11110 2
b11100010 :
b11111111110 B
#30687
b11110 "
b11110 *
b11100010 2
b11110 :
b10 B
#30688
b1001001 "
b111011 *
b1011000 :
b0 B
#30689
b11110101 "
b10000011 *
b1011001 2
b10100111 :
#30690
b111110 "
b10111010 *
b1011000 2
b11100010 :
b1 B
#30691
b101101 "
b1010010 *
b11111 2
b1011000 :
b0 B
#30692
b11011101 "
b11000 *
b11100011 2
b11111 :
b11111111111 B
#30693
b10111010 "
b111110 *
b11100100 2
b1011010 :
b11111111110 B
#30694
b10101001 "
b100010 *
b11111111100 B
#30695
b11001011 "
b1110010 *
b1011001 2
b1011000 :
b11111111110 B
#30696
b11100010 "
b11100010 *
b11100010 2
b11110 :
#30697
b1001001 "
b111011 *
b11111 2
b10100111 :
b11111111111 B
#30698
b1010111 "
b100010 *
b11100010 2
b0 B
#30699
b111110 "
b10111010 *
b10100111 2
b11110 :
b10 B
#30700
b1001000 "
b10011001 *
b10101000 2
b1011001 :
b11111111111 B
#30701
b10101110 "
b11010011 *
b1011001 2
b11101 :
#30702
b10011 "
b10100100 *
b11111 2
b1011001 :
b0 B
#30703
b1011 "
b10000011 *
b1011010 2
b1011000 :
b11111111111 B
#30704
b10010 "
b11011010 *
b11110 2
b11101 :
b11111111110 B
#30705
b11100010 "
b10100111 *
b1011001 2
b11100001 :
#30706
b10010 "
b100110 *
b11100010 2
b11110 :
b11111111101 B
#30707
b1011 "
b1111101 *
b10100111 2
b1011001 :
b11111111110 B
#30708
b11000010 "
b1000110 *
b11110 :
b0 B
#30709
b10011001 "
b10111000 *
b10100111 :
#30710
b10101110 "
b11010011 *
b11100011 :
b11111111111 B
#30711
b11101101 "
b1011100 *
b11111 2
b1011001 :
b0 B
#30712
b100010 "
b1010111 *
b1011001 2
b11101 :
b11111111111 B
#30713
b10001110 "
b11001011 *
b10101001 2
b1011011 :
b11111111110 B
#30714
b10100111 "
b10100111 *
b10101000 2
b1011010 :
b11111111111 B
#30715
b100110 "
b11101110 *
b11100010 2
b11100010 :
b11111111110 B
#30716
b1111101 "
b11110101 *
b10100111 2
b10100111 :
b11111111111 B
#30717
b111110 "
b10111010 *
b10101000 2
b11110 :
b0 B
#30718
b11101000 "
b100011 *
b11110 2
b11100010 :
#30719
b101101 "
b10101110 *
b11100011 2
b1011001 :
b11111111111 B
#30720
b11011111 "
b10000110 *
b1011011 2
b1011000 :
b0 B
#30721
b100 "
b11010110 *
b11101 2
b11110 :
b11111111111 B
#30722
b1110010 "
b110101 *
b10101001 2
b1011011 :
b11111111101 B
#30723
b11110 "
b10100111 *
b1011001 2
b11101 :
b10 B
#30724
b1001001 "
b111011 *
b11100100 2
b1011010 :
b11111111110 B
#30725
b1111101 "
b11110101 *
b1011010 2
b1010111 :
b11111111111 B
#30726
b10100100 "
b10011 *
b10100111 2
b11100100 :
b11111111110 B
#30727
b11110010 "
b1011101 *
b11100011 2
b1011010 :
b11111111101 B
#30728
b11000 "
b100011 *
b11111 2
b11101 :
b11111111110 B
#30729
b11010111 "
b1011 *
b11100011 2
b11110 :
b11111111111 B
#30730
b101010 "
b100 *
b11110 2
b11100011 :
b11111111011 B
#30731
b110101 "
b10001110 *
b10100111 2
b10100111 :
b11111111110 B
#30732
b10100111 "
b10100111 *
b10100110 2
b1011000 :
b11 B
#30733
b11101110 "
b11011010 *
b11100010 2
b11110 :
b0 B
#30734
b11010110 "
b100 *
b11110 2
b11101 :
b10 B
#30735
b100001 "
b10000110 *
b10101001 2
b1011011 :
b0 B
#30736
b11110010 "
b1011101 *
b11100 2
b10100110 :
b11111111101 B
#30737
b101101 "
b10101110 *
b11100100 2
b1011010 :
b11111111110 B
#30738
b10100100 "
b11101101 *
b1011001 2
b11100001 :
#30739
b11010110 "
b11111100 *
b11110 2
b11100011 :
#30740
b11011010 "
b11101110 *
b11100010 :
#30741
b1011001 "
b11100010 *
b1011001 :
b11 B
#30742
b1001001 "
b111011 *
b11100011 2
b0 B
#30743
b11010110 "
b100 *
b11100001 2
b11100011 :
b11111111111 B
#30744
b10000110 "
b11011111 *
b10100101 2
b10101000 :
#30745
b11110010 "
b1011101 *
b11100100 2
b1011010 :
b11111111011 B
#30746
b1100111 "
b10111000 *
b1011000 2
b10100110 :
b11111111101 B
#30747
b100001 "
b1111010 *
b1011010 2
b1011000 :
b11111111110 B
#30748
b11111100 "
b101010 *
b11101 2
b11110 :
b11111111111 B
#30749
b11101110 "
b100110 *
b11110 2
b11111111110 B
#30750
b11110 "
b11110 *
b11100010 :
b10 B
#30751
b11101110 "
b11011010 *
b11100010 2
b11110 :
b0 B
#30752
b1010000 "
b11001111 *
b10100111 2
b11100011 :
#30753
b1111010 "
b100001 *
b10100101 2
b10101000 :
#30754
b10101110 "
b101101 *
b1011000 2
b11100001 :
b11111111111 B
#30755
b11010011 "
b1010010 *
b11100 2
b10100110 :
b11111111101 B
#30756
b11110101 "
b11010111 *
b11110 2
b11101 :
b11111111110 B
#30757
b100010 "
b1010111 *
b10100111 2
b11100011 :
#30758
b11101110 "
b100110 *
b11100010 2
b11100010 :
b11111111101 B
#30759
b10100111 "
b1011001 *
b10100111 2
b10100111 :
b11111111111 B
#30760
b10100010 "
b11111110 *
b11100010 2
b0 B
#30761
b11011110 "
b1010111 *
b10100111 2
b11110 :
#30762
b1000110 "
b111110 *
b11110 2
b1011000 :
b11111111111 B
#30763
b10101110 "
b101101 *
b10101000 2
b11111 :
#30764
b11000 "
b100011 *
b11111 2
b11101 :
#30765
b11110101 "
b11010111 *
b11100010 2
b11100011 :
b11111111110 B
#30766
b101010 "
b100 *
b11110 2
b11111111011 B
#30767
b110101 "
b10001110 *
b10100111 2
b10100111 :
b11111111101 B
#30768
b10100111 "
b1011001 *
b1011000 2
b1011010 :
b11 B
#30769
b100110 "
b11101110 *
b11100010 2
b11100010 :
b0 B
#30770
b11011110 "
b1010111 *
b1011000 2
b1 B
#30771
b111110 "
b10111010 *
b10101001 2
b11111 :
b0 B
#30772
b10101110 "
b101101 *
b1011000 2
b11011111 :
b11111111111 B
#30773
b1110 "
b1011101 *
b11011111 2
b10101000 :
b11111111101 B
#30774
b11011111 "
b10000110 *
b1011011 2
b1010111 :
b11111111011 B
#30775
b100 "
b11010110 *
b11101 2
b11110 :
#30776
b11001011 "
b1110010 *
b10100111 2
b10100111 :
b11111111101 B
#30777
b11100010 "
b11100010 *
b11110 2
b11100010 :
b10 B
#30778
b10110111 "
b11000101 *
b10101000 :
b0 B
#30779
b11111100 "
b11010110 *
b11101 2
b11100010 :
#30780
b11110101 "
b101001 *
b11100010 2
b11111 :
b1 B
#30781
b10011001 "
b10111000 *
b10100110 2
b10101001 :
b11111111110 B
#30782
b10101110 "
b11010011 *
b10100111 2
b11100011 :
#30783
b1011 "
b101001 *
b11110 2
b11101 :
b11111111101 B
#30784
b1010111 "
b11011110 *
b10100111 :
b11111111111 B
#30785
b10100010 "
b10 *
b11100010 2
b1011001 :
b11111111101 B
#30786
b10100111 "
b11110 *
b11110 2
b1 B
#30787
b11001011 "
b10001110 *
b10101000 2
b1011010 :
#30788
b1111101 "
b11110101 *
b10100110 2
b10101001 :
b11111111111 B
#30789
b100001 "
b10000110 *
b10101001 2
b1011011 :
#30790
b1001000 "
b10011001 *
b10101010 2
b11111111101 B
#30791
b1100111 *
b10100101 2
b10101001 :
b11111111110 B
#30792
b1111010 "
b11011111 *
b10101000 2
b1011011 :
b11111111101 B
#30793
b100010 "
b1010111 *
b10100111 2
b11100011 :
#30794
b10110111 "
b111011 *
b11100010 2
b10101000 :
b11111111110 B
#30795
b11110 "
b11100010 *
b11110 2
b11110 :
b11111111111 B
#30796
b10110111 "
b11000101 *
b10101000 :
#30797
b100 "
b101010 *
b11100011 2
b11110 :
b0 B
#30798
b111110 "
b10111010 *
b1011000 2
b11100010 :
b1 B
#30799
b100011 "
b11000 *
b11110 2
b11101 :
b11111111110 B
#30800
b11110010 "
b10100011 *
b11100001 2
b10100111 :
b11111111111 B
#30801
b11010111 "
b1011 *
b11100011 2
b11110 :
b11111111101 B
#30802
b101010 "
b100 *
b11110 2
b11100011 :
b11111111110 B
#30803
b1001001 "
b11000101 *
b11100010 2
b10101000 :
#30804
b11100010 "
b1011001 *
b1011001 2
b11110 :
b11 B
#30805
b11101110 "
b11011010 *
b11100011 2
b11111 :
b11111111111 B
#30806
b10101001 "
b11011110 *
b100000 2
b1010111 :
b1 B
#30807
b11011111 "
b1111010 *
b1010111 2
b10100100 :
b11111111100 B
#30808
b11011101 "
b11101000 *
b11110 2
b11101 :
#30809
b11000 *
b11100010 :
b11111111101 B
#30810
b10000110 "
b100001 *
b1011010 2
b10100110 :
#30811
b11011110 "
b10101001 *
b1011001 2
b11110 :
b0 B
#30812
b10010 "
b11011010 *
b11110 2
#30813
b11100010 "
b1011001 *
b10100111 2
b11100010 :
b1 B
#30814
b11001011 "
b10001110 *
b1011000 2
b10100110 :
b0 B
#30815
b1010000 "
b11001111 *
b1011010 2
b11101 :
b1 B
#30816
b10111010 "
b11000010 *
b11100001 2
b10101000 :
b11111111111 B
#30817
b1010010 "
b11010011 *
b1011000 2
b11011111 :
#30818
b1011101 "
b11110010 *
b11111111110 B
#30819
b100001 "
b1111010 *
b1011100 2
b1010111 :
b11111111011 B
#30820
b1111101 "
b1011 *
b1011000 2
b10100110 :
#30821
b1011110 "
b11111110 *
b11110 2
b10100111 :
b11111111100 B
#30822
b10100111 "
b11100010 *
b11100001 2
b1011001 :
b11111111111 B
#30823
b10110111 "
b11000101 *
b11100000 2
b1011000 :
b1 B
#30824
b100 "
b101010 *
b11101 2
b11100010 :
b10 B
#30825
b1011 "
b11010111 *
b11100010 2
b11111 :
b100 B
#30826
b10111000 "
b1100111 *
b1010110 2
b10100101 :
b11111111110 B
#30827
b1100111 "
b10111000 *
b10101001 2
b1011011 :
#30828
b1011 "
b101001 *
b11100010 2
b11100011 :
b11111111101 B
#30829
b1010000 "
b110001 *
b10100111 2
b11111 :
b11111111110 B
#30830
b1001001 "
b11000101 *
b11110 2
b1011000 :
b11111111101 B
#30831
b11100010 "
b11100010 *
b11100010 :
b11111111110 B
#30832
b1001001 "
b111011 *
b11100001 2
b1011001 :
b11111111111 B
#30833
b101010 "
b11111100 *
b11110 2
b11101 :
b0 B
#30834
b10111010 "
b11000010 *
b11100010 2
b10100111 :
b10 B
#30835
b10111000 "
b1100111 *
b10101000 2
b1011001 :
b11111111101 B
#30836
b1011101 "
b11110010 *
b1011001 2
b11100001 :
b11111111111 B
#30837
b10111010 "
b111110 *
b11100011 2
b1011001 :
b0 B
#30838
b1111101 "
b1011 *
b1011000 2
b10100110 :
b11111111110 B
#30839
b100110 "
b10010 *
b11110 2
b11100010 :
b11111111111 B
#30840
b1011001 "
b10100111 *
b10100110 2
b10101000 :
#30841
b10100010 "
b11111110 *
b11111 2
b1011001 :
b0 B
#30842
b1111101 "
b11110101 *
b10100111 2
b10101000 :
b11111111110 B
#30843
b100001 "
b10000110 *
b1011010 :
#30844
b101101 "
b1010010 *
b11100010 2
b10100111 :
b11111111111 B
#30845
b11010011 "
b11101 2
b0 B
#30846
b100001 "
b1111010 *
b10100110 2
b10101000 :
b11111111111 B
#30847
b10000011 "
b11110101 *
b1011000 2
b10100110 :
#30848
b1001001 "
b11000101 *
b100000 2
b1011000 :
b11111111110 B
#30849
b1011001 "
b11100010 *
b11111 2
b1011001 :
b11111111111 B
#30850
b1001001 "
b111011 *
b11100011 2
b11111111100 B
#30851
b100 "
b101010 *
b11110 :
b11111111110 B
#30852
b11010111 "
b11110101 *
b11100010 :
b11111111111 B
#30853
b1001000 "
b10011001 *
b1011010 2
b10101000 :
b11111111110 B
#30854
b10111000 "
b10101000 2
b10100111 :
b10 B
#30855
b1011100 "
b10011 *
b1011010 2
b11100010 :
#30856
b11001111 "
b1010000 *
b11111 2
b1011001 :
b0 B
#30857
b11000101 "
b10110111 *
b10101000 2
b100000 :
#30858
b10100111 "
b11110 *
b11111 2
b1011001 :
b11111111110 B
#30859
b10001110 "
b110101 *
b1011010 2
b1011000 :
b11111111100 B
#30860
b10000011 "
b1011 *
b1011000 2
b1011001 :
b11111111110 B
#30861
b100001 "
b10000110 *
b10100110 2
b1011000 :
#30862
b10111000 "
b1100111 *
b1011010 2
b10101000 :
b0 B
#30863
b11101000 "
b11011101 *
b11110 2
b11110 :
b10 B
#30864
b100001 "
b1111010 *
b10100110 2
b10100110 :
#30865
b101010 "
b100 *
b11100010 2
b11101 :
b0 B
#30866
b11011010 "
b11101110 *
b11101 2
b11100010 :
#30867
b1011001 "
b1011001 *
b10101000 2
b1011010 :
b11 B
#30868
b10 "
b10100010 *
b1011000 2
b11011111 :
b11111111110 B
#30869
b1010000 "
b11001111 *
b1011010 2
b11011 :
b11111111111 B
#30870
b1000110 "
b111110 *
b100000 2
b1011000 :
b11111111011 B
#30871
b11101000 "
b100011 *
b11100011 2
b11110 :
b11111111100 B
#30872
b11000 "
b11110 2
#30873
b100001 "
b1111010 *
b1011001 2
b1011010 :
b11111111110 B
#30874
b1010111 "
b11011110 *
b11111 2
b10101000 :
b0 B
#30875
b1001001 "
b11000101 *
b11100011 2
b10100111 :
#30876
b11100010 "
b1011001 *
b1011001 2
b11111 :
b10 B
#30877
b1110010 "
b11001011 *
b10100111 2
b10100111 :
b1 B
#30878
b10110000 "
b110001 *
b1011001 2
b11101 :
b10 B
#30879
b10111010 "
b11000010 *
b11111 2
b1010111 :
b0 B
#30880
b10111000 "
b1100111 *
b1010110 2
b10100101 :
b11111111111 B
#30881
b11011101 "
b11000 *
b11101 2
b11100010 :
b11111111101 B
#30882
b11011111 "
b10000110 *
b1011011 2
b1010111 :
#30883
b11011110 "
b10101001 *
b1011001 2
b11101 :
b11111111110 B
#30884
b10100010 "
b10 *
b11101 2
b10100110 :
b11111111101 B
#30885
b11110 "
b11100010 *
b11110 2
b11110 :
b11111111111 B
#30886
b1001001 "
b111011 *
b11100011 2
b1011001 :
#30887
b11111100 "
b11010110 *
b11101 2
b11100001 :
b0 B
#30888
b1011100 "
b11101101 *
b1011010 2
b11100 :
b11111111111 B
#30889
b11011101 "
b11101000 *
b11100010 2
b11100011 :
b11111111100 B
#30890
b10011001 "
b1001000 *
b10101000 2
b1011010 :
b11111111110 B
#30891
b111110 "
b1000110 *
b1011001 2
b11110 :
b11111111101 B
#30892
b1010111 "
b11011110 *
b11110 2
b10100111 :
b11111111111 B
#30893
b11000101 "
b10110111 *
b10101000 2
b11110 :
b1 B
#30894
b10100111 "
b10100111 *
b1011010 :
#30895
b110101 "
b1110010 *
b1010111 2
b10100110 :
b11111111111 B
#30896
b11111100 "
b11010110 *
b11100100 2
b11111 :
#30897
b10011 "
b1011100 *
b11011 2
b10100111 :
b11111111110 B
#30898
b11000 "
b11011101 *
b11100011 2
b11110 :
b11111111010 B
#30899
b10100011 "
b1110 *
b1011010 2
b11100010 :
b11111111101 B
#30900
b10111010 "
b111110 *
b11110 2
b10101000 :
b11111111110 B
#30901
b110001 "
b10110000 *
b11101 2
b1011010 :
b0 B
#30902
b10110111 "
b111011 *
b11100011 2
b10100111 :
b1 B
#30903
b11100010 "
b1011001 *
b10100111 2
b11100010 :
#30904
b10 "
b10100010 *
b1011001 2
b11100001 :
#30905
b10000011 "
b1011 *
b10100110 2
b10101001 :
#30906
b1111010 "
b100001 *
b1011100 2
b1010111 :
b11111111110 B
#30907
b1011101 "
b1110 *
b1011010 2
b11100 :
b11111111101 B
#30908
b100011 "
b11101000 *
b11101 2
b11100001 :
b11111111100 B
#30909
b11000010 "
b10111010 *
b10100111 2
b11100011 :
b11111111110 B
#30910
b1010111 "
b11011110 *
b11110 2
b10100111 :
b11111111100 B
#30911
b110101 "
b10001110 *
b10101000 2
b10100110 :
b11111111111 B
#30912
b11110 "
b10100111 *
b10100111 2
b11100001 :
b1 B
#30913
b1001001 "
b111011 *
b11110 2
b10101000 :
#30914
b10000011 "
b1011 *
b1011001 2
b1011000 :
b10 B
#30915
b10011 "
b1011100 *
b11011 2
b10100111 :
b1 B
#30916
b1001000 "
b10011001 *
b10101011 2
b1011100 :
b11111111111 B
#30917
b101101 "
b10101110 *
b11100101 2
b1011001 :
b11111111101 B
#30918
b11010111 "
b1011 *
b11101 2
b11100010 :
b11111111011 B
#30919
b10101001 "
b100010 *
b10100111 :
b11111111101 B
#30920
b100110 "
b10010 *
b11100011 2
b11110 :
b11111111110 B
#30921
b10100111 "
b1011001 *
b10100110 2
b10101000 :
b11111111111 B
#30922
b10100010 "
b11111110 *
b11100001 2
b10100111 :
b11111111110 B
#30923
b1010111 "
b100010 *
b11110 2
b1011001 :
#30924
b1011 "
b11010111 *
b11111 2
b11100001 :
#30925
b1100111 "
b1001000 *
b1011000 2
b1011010 :
b11111111111 B
#30926
b1110 "
b1011101 *
b11110 2
b0 B
#30927
b11010111 "
b1011 *
b11100010 2
b11110 :
b1 B
#30928
b101010 "
b100 *
b11110 2
b11100011 :
b0 B
#30929
b1110010 "
b110101 *
b1010111 2
b10100101 :
#30930
b11110 "
b10100111 *
b10100111 2
b11100011 :
b11 B
#30931
b10001110 "
b110101 *
b1011100 2
b1010110 :
b11111111110 B
#30932
b11001111 "
b10110000 *
b11100101 2
b1011010 :
b11111111111 B
#30933
b10111010 "
b11000010 *
b100000 2
b1011000 :
b11111111011 B
#30934
b1100111 "
b1001000 *
b10100110 2
b10101001 :
b11111111100 B
#30935
b101101 "
b10101110 *
b11100011 2
b1011001 :
#30936
b1000110 "
b11000010 *
b11100010 2
b1011000 :
b11111111101 B
#30937
b10101001 "
b100010 *
b11111 2
b10101000 :
b11111111111 B
#30938
b1001001 "
b11000101 *
b11101 2
b1011001 :
b1 B
#30939
b11110 "
b11110 *
b11100010 2
b11110 :
b10 B
#30940
b11101110 "
b11011010 *
b11110 2
b11100010 :
b1 B
#30941
b11001111 "
b10110000 *
b11100 2
b10100111 :
b0 B
#30942
b100001 "
b10000110 *
b1011000 2
b10100101 :
#30943
b1001000 "
b10011001 *
b1010110 2
b11111111110 B
#30944
b11000 "
b100011 *
b11111 2
b11101 :
#30945
b11101101 "
b1011100 *
b1011001 :
b11111111101 B
#30946
b11001111 "
b1010000 *
b11111111011 B
#30947
b111011 "
b1001001 *
b1011000 2
b11100010 :
b11111111110 B
#30948
b1011001 "
b11100010 *
b11100011 2
b10100111 :
#30949
b10110111 "
b11000101 *
b11100000 2
b1011000 :
b11111111111 B
#30950
b11001111 "
b10110000 *
b11100001 2
b1011001 :
b1 B
#30951
b11011111 "
b1111010 *
b1011010 2
b10100110 :
b100 B
#30952
b1100111 "
b1001000 *
b10100110 2
b10101001 :
b10 B
#30953
b100011 "
b11101000 *
b11100011 2
b11110 :
b0 B
#30954
b100001 "
b1111010 *
b10100100 2
b10101001 :
b11111111101 B
#30955
b1011 "
b10000011 *
b1011011 2
b1010111 :
b11111111110 B
#30956
b10010 "
b11011010 *
b11110 2
b11101 :
b11111111100 B
#30957
b10100111 "
b11110 *
b11100001 2
b10100111 :
b11111111101 B
#30958
b1011110 "
b10 *
b11110 2
b1011001 :
#30959
b10110000 "
b110001 *
b10100111 2
b11100010 :
b11111111110 B
#30960
b101001 "
b1011 *
b11101 2
b11110 :
b11111111111 B
#30961
b10100011 "
b11110010 *
b10100111 2
b11100001 :
b1 B
#30962
b1011101 "
b1011001 2
b10 B
#30963
b10000110 "
b100001 *
b10101000 2
b1011011 :
#30964
b11110101 "
b1111101 *
b1011011 2
b1010111 :
b11111111110 B
#30965
b11000101 "
b10110111 *
b10101000 2
b100001 :
#30966
b11100010 "
b10100111 *
b10100111 2
b11111 :
b11111111101 B
#30967
b11111110 "
b1011110 *
b1011001 2
b11100001 :
b11111111011 B
#30968
b1111101 "
b11110101 *
b10101000 2
b10100111 :
b11111111110 B
#30969
b10100100 "
b10011 *
b1011001 2
b11111 :
#30970
b1001000 "
b10011001 *
b10100110 2
b1010111 :
b0 B
#30971
b1011101 "
b11110010 *
b11101 :
b10 B
#30972
b1000110 "
b11000010 *
b11100010 2
b1011001 :
b11 B
#30973
b1011 "
b10000011 *
b1011010 2
b1011000 :
b1 B
#30974
b11000101 "
b10110111 *
b1011000 2
b11011111 :
#30975
b11100010 "
b11100010 *
b11101 2
b11100001 :
b11111111110 B
#30976
b11000101 "
b1001001 *
b10100110 2
b11100100 :
b11111111011 B
#30977
b11001111 "
b10110000 *
b11100 2
b10100111 :
b11111111100 B
#30978
b101001 "
b1011 *
b11111 2
b11110 :
b11111111110 B
#30979
b100011 "
b11000 *
b11110 2
#30980
b1001000 "
b1100111 *
b1011001 2
b1011001 :
b11111111101 B
#30981
b100001 "
b1111010 *
b1011010 :
b0 B
#30982
b1011 "
b10000011 *
b10100111 2
b10100111 :
#30983
b110101 "
b10001110 *
#30984
b1011001 "
b11110 *
b11110 2
#30985
b11000101 "
b1001001 *
b1011000 2
b11110 :
#30986
b1010111 "
b100010 *
b11100010 2
b10100111 :
b1 B
#30987
b11000010 "
b1000110 *
b1011000 2
b11100001 :
#30988
b1110 "
b10100011 *
b11100100 2
b1011010 :
b11111111111 B
#30989
b11101000 "
b11011101 *
b11110 2
b11101 :
b11111111110 B
#30990
b1011 "
b101001 *
b11100010 2
b11100011 :
#30991
b110001 "
b10110000 *
b11111 2
b1011001 :
b11111111101 B
#30992
b11101110 "
b100110 *
b11100010 2
b11100011 :
#30993
b11110 "
b11110 *
b11110 :
b11111111110 B
#30994
b1011110 "
b10 *
b11110 2
b1011001 :
b11111111101 B
#30995
b11011110 "
b1010111 *
b10100111 2
b11110 :
b0 B
#30996
b10100100 "
b10011 *
b11100010 :
b11111111111 B
#30997
b101101 "
b1010010 *
b11110 2
b1011001 :
#30998
b10011001 "
b1001000 *
b10101000 2
b1011010 :
b1 B
#30999
b1011 "
b101001 *
b11110 2
b11101 :
b11111111111 B
#31000
b10101001 "
b100010 *
b11100100 2
b1011010 :
#31001
b11101110 "
b100110 *
b11110 2
b11101 :
b11111111101 B
#31002
b11100010 "
b10100111 *
b10100111 2
b11111 :
b11111111110 B
#31003
b11101110 "
b11011010 *
b11100010 2
b11110 :
b11111111101 B
#31004
b1011 "
b1111101 *
b1011001 2
b10100111 :
b11111111110 B
#31005
b101001 "
b1011 *
b11100010 2
b11100001 :
b0 B
#31006
b1011101 "
b1110 *
b10100110 2
b11100010 :
#31007
b11011101 "
b11000 *
b11110 2
b10 B
#31008
b100001 "
b1111010 *
b10100101 2
b10101000 :
b0 B
#31009
b10101001 "
b100010 *
b11101 2
b10100111 :
#31010
b10100010 "
b10 *
b11100 2
b10100110 :
b11111111101 B
#31011
b11100010 "
b1011001 *
b10100111 2
b11100011 :
b11111111111 B
#31012
b10001110 "
b110101 *
b10100101 2
b10101000 :
b11111111110 B
#31013
b10000011 "
b1011 *
b10100110 2
b11111111111 B
#31014
b11010111 "
b11110101 *
b11100001 2
b11100010 :
b11111111101 B
#31015
b11101000 "
b100011 *
b11100010 2
b11110 :
b11111111110 B
#31016
b10100011 "
b1110 *
b10100111 2
b11111 :
b11111111101 B
#31017
b1111010 "
b11011111 *
b1011010 2
b10100110 :
b0 B
#31018
b11011110 "
b10101001 *
b10100111 2
b11100010 :
b11111111110 B
#31019
b11000101 "
b10110111 *
b10101000 2
b11110 :
b0 B
#31020
b11100010 "
b1011001 *
b1011001 2
b1 B
#31021
b110101 "
b1110010 *
b1011000 2
b10100110 :
b11111111111 B
#31022
b1111101 "
b11110101 *
b10100111 2
b10101000 :
b1 B
#31023
b10000110 "
b11011111 *
b1011011 2
b1010111 :
b11111111111 B
#31024
b1001000 "
b10011001 *
b10101010 2
b1011011 :
#31025
b11101000 "
b11011101 *
b11110 2
b11101 :
b11111111101 B
#31026
b1011100 "
b10011 *
b10101000 2
b11111 :
#31027
b10000011 "
b11110101 *
b1011000 2
b10100110 :
#31028
b1011110 "
b11111110 *
b11100011 2
b1011010 :
b11111111110 B
#31029
b1011001 "
b1011001 *
b10101000 2
b11111111111 B
#31030
b11111110 "
b1011110 *
b10100111 2
b11111 :
#31031
b10110000 "
b110001 *
b11100011 :
#31032
b1011100 "
b11101101 *
b1011010 2
b11100 :
b11111111110 B
#31033
b11010011 "
b10101110 *
b11100001 2
b10101000 :
b11111111111 B
#31034
b1001000 "
b1100111 *
b1011010 2
b1010111 :
b11111111110 B
#31035
b101001 "
b11110101 *
b11101 2
b11100010 :
#31036
b10101001 "
b100010 *
b11100010 2
b1011001 :
b11111111101 B
#31037
b10010 "
b11011010 *
b11100010 :
b11111111110 B
#31038
b1011001 "
b11110 *
b11111 2
b10100111 :
b1 B
#31039
b1001001 "
b111011 *
b11110 2
b10101000 :
b0 B
#31040
b1010000 "
b11001111 *
b10100110 2
b11100011 :
b10 B
#31041
b1011 "
b11010111 *
b11100010 2
b11111 :
b1 B
#31042
b11110010 "
b1011101 *
b11100 2
b10100110 :
b11111111111 B
#31043
b1110 "
b11011111 2
b10101000 :
b11111111110 B
#31044
b11011111 "
b10000110 *
b1011011 2
b1010111 :
#31045
b11011110 "
b10101001 *
b1011001 2
b11101 :
b11111111011 B
#31046
b11001011 "
b1110010 *
b10100111 2
b10101000 :
b11111111101 B
#31047
b10100111 "
b1011001 *
b10100111 :
b11111111111 B
#31048
b1001001 "
b111011 *
b11100010 2
b1011000 :
#31049
b1010111 "
b100010 *
b11110 2
b1011001 :
b0 B
#31050
b11010111 "
b11110101 *
b11100001 2
b11100010 :
b1 B
#31051
b1110 "
b10100011 *
b11101 2
b10100110 :
b11111111111 B
#31052
b1001000 "
b1100111 *
b1011011 2
b1010111 :
b11111111101 B
#31053
b101001 "
b11110101 *
b11101 2
b11100010 :
b11111111111 B
#31054
b11010110 "
b11111100 *
b11100010 2
b11110 :
b11111111101 B
#31055
b10010 "
b11011010 *
b11100011 :
b11111111110 B
#31056
b10100111 "
b10100111 *
b10101000 2
b1011010 :
b0 B
#31057
b111011 "
b10110111 *
b10100111 2
b11100011 :
b11111111101 B
#31058
b110001 "
b1010000 *
b11101 2
b10100110 :
b11111111111 B
#31059
b1000110 "
b111110 *
b11100010 2
b10101000 :
#31060
b1011101 "
b1110 *
b10100110 2
b11100011 :
#31061
b1110 "
b1011101 *
b11100001 2
b10100111 :
#31062
b10011 "
b10100100 *
b11111 2
b1011001 :
#31063
b1011 "
b10000011 *
b1011010 2
b1011000 :
b11111111110 B
#31064
b10110111 "
b111011 *
b11100000 2
b10101000 :
#31065
b10100111 "
b10100111 *
b1011000 2
b10100110 :
#31066
b11011010 "
b10010 *
b11100010 2
b11100010 :
b11111111100 B
#31067
b1010000 "
b11001111 *
b1011001 2
b11111 :
b11111111111 B
#31068
b11110101 "
b101001 *
b11100010 2
b11101 :
b0 B
#31069
b1110 "
b10100011 *
b11111 2
b10100111 :
b10 B
#31070
b11110010 "
b11100001 2
b11 B
#31071
b100001 "
b1111010 *
b1011100 2
b1010111 :
b10 B
#31072
b1010000 "
b110001 *
b1011000 2
b11011111 :
b11111111110 B
#31073
b11001011 "
b1110010 *
b1011011 2
b1010110 :
b11111111100 B
#31074
b10100111 "
b10100111 *
b10101000 2
b1011010 :
b11111111011 B
#31075
b1011110 "
b10 *
b11100010 2
b10100111 :
b11111111100 B
#31076
b11010110 "
b100 *
b11110 2
b11101 :
b11111111111 B
#31077
b1011 "
b11010111 *
b11100010 2
#31078
b1100111 "
b1001000 *
b10101000 2
b10100110 :
b11111111101 B
#31079
b10101110 "
b11010011 *
b1011000 2
b11111 :
b11 B
#31080
b100001 "
b1111010 *
b10100110 2
b10101000 :
b1 B
#31081
b1011 "
b10000011 *
b1011010 2
b1011000 :
b10 B
#31082
b110101 "
b10001110 *
b1011011 2
b1010111 :
b11111111110 B
#31083
b11100010 "
b11110 *
b11100001 2
b11100011 :
#31084
b11000101 "
b1001001 *
b10100111 2
b11111111101 B
#31085
b100 "
b101010 *
b11100011 2
b11111 :
b11111111011 B
#31086
b1111010 "
b100001 *
b1011010 2
b1011010 :
b11111111111 B
#31087
b101101 "
b1010010 *
b11110 2
b1011001 :
b11111111100 B
#31088
b1010010 "
b101101 *
b1011000 2
b11111 :
b0 B
#31089
b11110101 "
b11010111 *
b11100010 2
b11100001 :
b11111111111 B
#31090
b1011 "
b10000011 *
b10100111 2
b10100111 :
b10 B
#31091
b110101 "
b10001110 *
b10101000 :
#31092
b10100111 "
b11100010 *
b11100011 2
b1011001 :
b0 B
#31093
b110101 "
b1110010 *
b1010111 2
b10100110 :
b11111111111 B
#31094
b101010 "
b11111100 *
b11100001 2
b11100011 :
#31095
b10111010 "
b11000010 *
b11111 2
b1010111 :
b11111111110 B
#31096
b100011 "
b11000 *
b11100010 2
b11100011 :
b11111111011 B
#31097
b10011001 "
b1001000 *
b1011000 2
b10100110 :
b11111111101 B
#31098
b10111010 "
b111110 *
b11110 2
b10100111 :
#31099
b100010 "
b1010111 *
b10100111 2
b11100010 :
b11111111111 B
#31100
b10100010 "
b10 *
b11110 2
b10100111 :
b1 B
#31101
b11110 "
b11100010 *
b11110 :
#31102
b10 "
b10100010 *
b1011001 2
b11100000 :
#31103
b1010000 "
b11001111 *
b1011010 2
b11011 :
b0 B
#31104
b1111010 "
b100001 *
b1011100 2
b1010111 :
b11111111101 B
#31105
b1001000 "
b10011001 *
b1010110 2
b10100101 :
b11111111100 B
#31106
b1100111 "
b10111000 *
b1011000 2
b10100110 :
#31107
b10000110 "
b100001 *
b10100111 2
b1011010 :
b11111111101 B
#31108
b11010110 "
b11111100 *
b11100010 2
b11101 :
b11111111111 B
#31109
b11001011 "
b1110010 *
b1011001 2
b1011001 :
b0 B
#31110
b1011001 "
b11110 *
b11110 2
b10100111 :
b11 B
#31111
b11000101 "
b1001001 *
b1011001 2
b11101 :
b0 B
#31112
b100010 "
b10101001 *
b10101001 2
b11111 :
b1 B
#31113
b11110101 "
b101001 *
b11110 2
b11100001 :
b11111111111 B
#31114
b1010010 "
b11010011 *
b10101001 2
b100001 :
b11111111101 B
#31115
b101101 *
b10100111 2
b11100101 :
b11111111110 B
#31116
b1000110 "
b11000010 *
b11100100 2
b1011001 :
b11111111011 B
#31117
b10110000 "
b11001111 *
b1011001 2
b11100001 :
b11111111101 B
#31118
b100110 "
b10010 *
b11100010 2
b11110 :
b11111111110 B
#31119
b10100111 "
b11100010 *
b11110 2
b10100111 :
#31120
b1110010 "
b11001011 *
b1011000 2
b1011010 :
b0 B
#31121
b11011110 "
b1010111 *
b10100111 2
b11110 :
b1 B
#31122
b101001 "
b1011 *
b11111 2
#31123
b1100111 "
b1001000 *
b1011010 2
b1010111 :
b11111111111 B
#31124
b10011001 "
b10101001 2
b1011011 :
b11111111101 B
#31125
b1011 "
b101001 *
b11110 2
b11101 :
#31126
b10110000 "
b11001111 *
b10100111 2
b11111 :
b11111111110 B
#31127
b10010 "
b11011010 *
b11100010 2
b11100010 :
b11111111101 B
#31128
b11100010 "
b11110 *
b11110 2
b11110 :
b11111111110 B
#31129
b11000101 "
b1001001 *
b1011001 2
b11111 :
b0 B
#31130
b10101001 "
b11011110 *
b11110 2
b1011001 :
#31131
b1111010 "
b100001 *
b10100111 2
b10100110 :
b10 B
#31132
b1110 "
b10100011 *
b11100011 2
b1011010 :
b11111111111 B
#31133
b1100111 "
b10111000 *
b10101001 2
b0 B
#31134
b11011111 "
b10000110 *
b1011011 2
b1011000 :
b11111111111 B
#31135
b100 "
b11010110 *
b11101 2
b11110 :
b11111111110 B
#31136
b10100010 "
b10 *
b10100110 :
b11111111101 B
#31137
b10100111 "
b1011001 *
b10100110 2
b10101000 :
b10 B
#31138
b110101 "
b1110010 *
b10101000 2
b1011011 :
b11111111111 B
#31139
b11110101 "
b10000011 *
b1010111 2
b10100110 :
b11111111110 B
#31140
b10100100 "
b10011 *
b10100111 2
b11100100 :
#31141
b10101110 "
b101101 *
b10101000 2
b11111 :
#31142
b11000 "
b100011 *
b11110 2
b11110 :
#31143
b10100100 "
b11101101 *
b10100111 2
#31144
b10000011 "
b11110101 *
b1011001 :
b0 B
#31145
b111011 "
b1001001 *
b1011000 2
b11100010 :
b11111111111 B
#31146
b11110 "
b11100010 *
b11100010 2
b0 B
#31147
b11111110 "
b1011110 *
b1011001 2
b11111111111 B
#31148
b10000011 "
b1011 *
b1011001 :
b0 B
#31149
b10100100 "
b10011 *
b11101 :
b11111111111 B
#31150
b1011101 "
b1110 *
b10100110 2
b11100011 :
b0 B
#31151
b11010011 "
b1010010 *
b11101 2
b10100111 :
b11111111111 B
#31152
b11000010 "
b10111010 *
b1011001 2
b11100 :
#31153
b10000011 "
b11110101 *
b1011000 2
b10100110 :
#31154
b11011010 "
b11101110 *
b11101 2
b11100010 :
b11111111110 B
#31155
b10100111 "
b1011001 *
b10100110 2
b10101000 :
b11111111111 B
#31156
b100110 "
b11101110 *
b11111 2
b11110 :
b11111111110 B
#31157
b10101001 "
b11011110 *
b11100001 2
b10101000 :
#31158
b11101101 "
b10100100 *
b11101 2
b10100111 :
b11111111101 B
#31159
b10101110 "
b101101 *
b10100111 2
b11110 :
b11111111110 B
#31160
b11110010 "
b10100011 *
b11100010 2
b10100110 :
b11111111111 B
#31161
b10000110 "
b100001 *
b10100111 2
b1011010 :
#31162
b110001 "
b10110000 *
b11100010 2
b10100111 :
b0 B
#31163
b11001011 "
b1110010 *
b1011001 2
b1011000 :
#31164
b11100010 "
b11100010 *
b11100010 2
b11110 :
b11111111111 B
#31165
b1011110 "
b10 *
b11100001 2
b10100111 :
#31166
b11010110 "
b100 *
b11110 2
b11101 :
b0 B
#31167
b101001 "
b1011 *
b11100001 2
b11100010 :
b11111111110 B
#31168
b10111000 "
b1100111 *
b1011000 2
b10100111 :
b11111111101 B
#31169
b1100111 "
b10111000 *
b10101000 2
b1011010 :
#31170
b10000110 "
b100001 *
b1011010 2
b10100110 :
b0 B
#31171
b110001 "
b10110000 *
b11110 2
b1011001 :
b11111111111 B
#31172
b11101110 "
b100110 *
b11100010 2
b11100010 :
b0 B
#31173
b1011001 "
b11100010 *
b11111 2
b1011001 :
b11111111111 B
#31174
b11111110 "
b1011110 *
b10100111 2
b11111 :
b0 B
#31175
b11001111 "
b10110000 *
b11101 2
b10100111 :
b11111111110 B
#31176
b101001 "
b1011 *
b11111 2
b11110 :
#31177
b1100111 "
b1001000 *
b1011001 2
b1011001 :
b11111111111 B
#31178
b11000 "
b100011 *
b11110 2
b11110 :
b11111111101 B
#31179
b111110 "
b1000110 *
b1011001 2
b0 B
#31180
b1010000 "
b110001 *
b11100010 :
#31181
b1110010 "
b110101 *
b1011000 2
b10100111 :
b1 B
#31182
b1011001 "
b11100010 *
b11100001 2
b11111111111 B
#31183
b10001110 "
b110101 *
b1011010 2
b1010111 :
b0 B
#31184
b10101001 "
b11011110 *
b100000 2
b11111111110 B
#31185
b11011111 "
b1111010 *
b1011000 2
b10100101 :
b11111111101 B
#31186
b10111000 "
b1100111 *
b10100111 :
b11111111100 B
#31187
b11011101 "
b11000 *
b11110 2
b11100010 :
b11111111110 B
#31188
b1011 "
b101001 *
b11100010 2
b11100001 :
b0 B
#31189
b100010 "
b1010111 *
b10100111 2
b11100010 :
#31190
b11111110 "
b10100010 *
b1011001 2
b11110 :
b10 B
#31191
b10100111 "
b10100111 *
b1011000 2
b10100110 :
b1 B
#31192
b1011110 "
b10 *
b100000 2
b1011001 :
#31193
b1010000 "
b11001111 *
b1011010 2
b11011 :
b11111111111 B
#31194
b101001 "
b1011 *
b11111 2
b11110 :
b11111111101 B
#31195
b1010010 "
b11010011 *
b1011000 2
b11011111 :
b11111111100 B
#31196
b1110 "
b1011101 *
b11111 2
b1011001 :
b11111111101 B
#31197
b10011 "
b10100100 *
b11100001 2
b10100111 :
b11111111011 B
#31198
b101010 "
b100 *
b11110 2
b11100011 :
b11111111110 B
#31199
b1001001 "
b11000101 *
b11100011 2
b10100111 :
#31200
b11110 "
b11110 *
b11110 2
b11100010 :
b11 B
#31201
b11101110 "
b11011010 *
b11100010 2
b11110 :
b1 B
#31202
b100010 "
b10101001 *
b10101000 2
b0 B
#31203
b11011111 "
b1111010 *
b1011000 2
b10100101 :
#31204
b1010010 "
b11010011 *
b10101000 2
b11111 :
b11111111111 B
#31205
b11011101 "
b11000 *
b11101 2
b11100001 :
b11111111110 B
#31206
b1000110 "
b11000010 *
b11100100 2
b1011001 :
#31207
b110001 "
b10110000 *
b11111 2
b11111111100 B
#31208
b11111110 "
b10100010 *
b1011001 2
b11110 :
b11111111110 B
#31209
b1011001 "
b11110 *
b11100001 2
b1011001 :
#31210
b1110010 "
b11001011 *
b1010111 2
b1011011 :
b1 B
#31211
b1011 "
b1111101 *
b10100111 2
b1011000 :
b10 B
#31212
b11011111 "
b1111010 *
b1011010 :
#31213
b11000 "
b11011101 *
b11101 2
b11100010 :
b1 B
#31214
b1001000 "
b1100111 *
b1011011 2
b1010110 :
b0 B
#31215
b11000010 "
b10111010 *
b10100110 2
b11100100 :
b11111111110 B
#31216
b10110000 "
b11001111 *
b10101000 2
b11111 :
b11111111100 B
#31217
b111011 "
b1001001 *
b1011000 2
b11100000 :
b11111111110 B
#31218
b11100010 "
b11110 *
b11110 2
b11110 :
#31219
b11011010 "
b10010 *
b11111111100 B
#31220
b10101001 "
b11011110 *
b11101 2
b1011001 :
b0 B
#31221
b1000110 "
b111110 *
b11100011 2
b10100111 :
#31222
b10101110 "
b101101 *
b1011001 2
b11100011 :
b1 B
#31223
b10100011 "
b1110 *
b11100001 :
#31224
b11101101 "
b1011100 *
b11100001 2
b10100111 :
#31225
b11110101 "
b1111101 *
b10100101 2
b10101001 :
b11111111110 B
#31226
b1001001 "
b11000101 *
b100001 2
b1011000 :
#31227
b11100010 "
b11110 *
b11100010 2
b11100010 :
b11111111101 B
#31228
b111011 "
b10110111 *
b1011001 2
b11101 :
b11111111011 B
#31229
b10110000 "
b110001 *
b10100111 2
b11100010 :
b0 B
#31230
b11000010 "
b1000110 *
b11110 :
b11111111111 B
#31231
b11000 "
b11011101 *
b11110 2
b11100010 :
b1 B
#31232
b11010011 "
b1010010 *
b11100011 2
b1011001 :
b11111111111 B
#31233
b10000110 "
b100001 *
b10101000 2
b1011011 :
b0 B
#31234
b1010111 "
b11011110 *
b11100 2
b10100110 :
b11111111111 B
#31235
b11001011 "
b1110010 *
b1011011 2
b1010111 :
b11111111110 B
#31236
b11110 "
b11110 *
b11110 2
b11100010 :
#31237
b10 "
b10100010 *
b10100111 2
b11111 :
b11111111101 B
#31238
b10000011 "
b1011 *
b1011001 2
b1011001 :
b0 B
#31239
b101001 "
b11100001 2
b11100010 :
b11111111110 B
#31240
b100011 "
b11000 *
b11100010 2
b0 B
#31241
b10111000 "
b10011001 *
b1011010 2
b1011000 :
b11111111101 B
#31242
b11000010 "
b10111010 *
b1011001 2
b11110 :
b0 B
#31243
b101010 "
b100 *
b11100010 2
b11101 :
b11111111110 B
#31244
b10001110 "
b11001011 *
b1011001 2
b10100111 :
b1 B
#31245
b11110 "
b11110 *
b11100010 2
b11110 :
b11 B
#31246
b10 "
b10100010 *
b1011000 2
b11011111 :
b0 B
#31247
b110001 "
b1010000 *
b11100101 2
b1011010 :
#31248
b1111010 "
b100001 *
b1011100 2
b1010111 :
b11111111011 B
#31249
b11101000 "
b100011 *
b11100011 2
b11110 :
b11111111100 B
#31250
b10111000 "
b10011001 *
b10100110 2
b10101000 :
#31251
b11010111 "
b1011 *
b11100001 2
b11110 :
b11111111110 B
#31252
b11010110 "
b11111100 *
b11101 :
#31253
b111011 "
b1001001 *
b1011001 2
b11100011 :
b11 B
#31254
b11100010 "
b11110 *
b11110 2
b11110 :
b101 B
#31255
b10 "
b10100010 *
b10101000 2
b100001 :
b1 B
#31256
b100 "
b101010 *
b11100 2
b11100001 :
b0 B
#31257
b10111010 "
b11000010 *
b100001 2
b1011000 :
b11111111011 B
#31258
b11011101 "
b11101000 *
b11111 2
b11101 :
b11111111010 B
#31259
b10101110 "
b11010011 *
b1011001 2
b11111111011 B
#31260
b1011100 "
b10011 *
b10100111 2
#31261
b1010111 "
b11011110 *
b11100001 2
b1010111 :
b11111111111 B
#31262
b11111110 "
b10100010 *
b1011000 2
b100000 :
b1 B
#31263
b11110 "
b11100010 *
b11110 2
b11110 :
b11 B
#31264
b10110111 "
b11000101 *
b11101 2
b10100111 :
b100 B
#31265
b100 "
b101010 *
b11100100 2
b11111 :
b0 B
#31266
b11011111 "
b1111010 *
b10101001 2
b1011100 :
b11111111111 B
#31267
b10101110 "
b101101 *
b100001 :
b11111111010 B
#31268
b1110 "
b1011101 *
b11111 2
b1011001 :
b11111111101 B
#31269
b1111010 "
b11011111 *
b1011000 2
b10100110 :
b11111111011 B
#31270
b110001 "
b10110000 *
b11100011 2
b11111111110 B
#31271
b11000101 "
b10110111 *
b10100111 2
b11101 :
b11111111111 B
#31272
b11110 "
b1011001 *
b1011001 2
b11100011 :
b1 B
#31273
b111011 "
b10110111 *
b10101000 2
b11100010 :
#31274
b11010110 "
b100 *
b11110 2
b11101 :
#31275
b11010111 "
b11110101 *
b11111 2
b11110 :
#31276
b10011001 "
b10111000 *
b1011100 2
b1010101 :
b11111111101 B
#31277
b1011101 "
b11110010 *
b10101000 2
b100001 :
#31278
b11000010 "
b10111010 *
b1011001 2
b11100 :
b11111111010 B
#31279
b11011110 "
b10101001 *
b11110 :
b11111111011 B
#31280
b10 "
b1011110 *
b10100111 2
b11100001 :
b11111111110 B
#31281
b1011001 "
b11100010 *
b11101 2
b1011001 :
b1 B
#31282
b1110010 "
b11001011 *
b1011000 2
b1011010 :
b10 B
#31283
b11001111 "
b10110000 *
b11101 2
b10100110 :
b1 B
#31284
b11010111 "
b11110101 *
b11100001 2
b11100010 :
#31285
b1110 "
b10100011 *
b11100 2
b10100110 :
b11111111111 B
#31286
b11101000 "
b11011101 *
b11100010 2
b11100011 :
b11111111101 B
#31287
b11010111 "
b1011 *
b11100011 2
b11110 :
b11111111110 B
#31288
b11001111 "
b1010000 *
b100000 2
b1011001 :
b11111111101 B
#31289
b11000101 "
b10110111 *
b10101000 2
b100000 :
b11111111110 B
#31290
b10100111 "
b1011001 *
b1011010 2
b1011000 :
b11111111101 B
#31291
b11011010 "
b10010 *
b11110 2
b11110 :
b11111111100 B
#31292
b1010000 "
b11001111 *
b10100111 2
b11100001 :
b11111111110 B
#31293
b11000010 "
b1000110 *
b1011001 2
b11100100 :
b0 B
#31294
b1011101 "
b1110 *
b10100111 2
b11100001 :
b10 B
#31295
b10011001 "
b1001000 *
b1011001 2
b10100111 :
#31296
b101001 "
b11110101 *
b11100011 2
b11110 :
#31297
b11011110 "
b10101001 *
b1011001 2
b11101 :
b0 B
#31298
b11011010 "
b11101110 *
b11101 2
b11100010 :
b11111111110 B
#31299
b11100010 "
b11110 *
b11100010 2
b11111111111 B
#31300
b11001011 "
b10001110 *
b1011000 2
b10100101 :
b11111111110 B
#31301
b11111100 "
b11010110 *
b11101 2
b11100001 :
b0 B
#31302
b11110101 "
b101001 *
b11100010 2
b11111 :
b11111111110 B
#31303
b1110 "
b10100011 *
b11101 2
b10100110 :
b11111111100 B
#31304
b10101110 "
b11010011 *
b10100111 2
b11100010 :
b11111111110 B
#31305
b11000010 "
b10111010 *
b10101000 2
b11111111111 B
#31306
b1010111 "
b11011110 *
b11110 2
b10100111 :
b1 B
#31307
b11111110 "
b10100010 *
b10100111 2
b11100010 :
#31308
b11100010 "
b11100010 *
b11100010 2
b11110 :
#31309
b11011010 "
b10010 *
b11111 2
b11100 :
#31310
b11001111 "
b10110000 *
b11100110 2
b1011010 :
b0 B
#31311
b11110101 "
b101001 *
b11101 2
b11100001 :
b11111111001 B
#31312
b11000 "
b11011101 *
b11100011 2
b11110 :
b11111111011 B
#31313
b11010011 "
b1010010 *
b11101 2
b10100111 :
b11111111100 B
#31314
b1000110 "
b11000010 *
b11100010 2
b1011000 :
b11111111110 B
#31315
b100 "
b11010110 *
b11101 2
b11111 :
b11111111111 B
#31316
b10110111 "
b111011 *
b11100011 2
b10100111 :
b1 B
#31317
b11100010 "
b11110 *
b11100010 2
b11100010 :
b100 B
#31318
b11101110 "
b11011010 *
b11110 2
b11100001 :
b1 B
#31319
b1011 "
b1111101 *
b10101001 2
b1011011 :
b0 B
#31320
b11110101 "
b101001 *
b11100010 2
b11111 :
b11111111110 B
#31321
b10111000 "
b1100111 *
b10101010 2
b1011011 :
#31322
b10101110 "
b11010011 *
b10100110 2
b11100100 :
#31323
b100001 "
b1111010 *
b1011011 2
b1011000 :
b11111111101 B
#31324
b11110101 "
b1111101 *
b1011010 2
b11111111110 B
#31325
b10100010 "
b10 *
b11100010 2
b1011001 :
b11111111101 B
#31326
b1011001 "
b11100010 *
b10100111 :
b11111111110 B
#31327
b10 "
b10100010 *
b10100110 2
b11110 :
b1 B
#31328
b10101001 "
b11011110 *
b11110 2
b1011001 :
b11111111111 B
#31329
b10000110 "
b11011111 *
b1011010 2
b0 B
#31330
b10111000 "
b1100111 *
b1011000 2
b10100111 :
b11111111111 B
#31331
b10100011 "
b1110 *
b1011001 2
b11100001 :
#31332
b101001 "
b11110101 *
b11100011 2
b11110 :
b0 B
#31333
b11001111 "
b1010000 *
b11100001 2
b10100111 :
b11111111110 B
#31334
b11001011 "
b1110010 *
b10100101 2
b10101001 :
#31335
b11110 "
b11110 *
b11100010 2
b11110 :
#31336
b11000101 "
b1001001 *
b10101000 2
b11100010 :
b11111111101 B
#31337
b10110000 "
b110001 *
b10100111 2
b0 B
#31338
b10000110 "
b11011111 *
b10100110 :
b1 B
#31339
b1011101 "
b1110 *
b1011010 2
b11101 :
#31340
b11000 "
b100011 *
b11111 2
b0 B
#31341
b11010111 "
b1011 *
b11100011 2
b11110 :
b11111111111 B
#31342
b1011 "
b10000011 *
b10100101 2
b10101001 :
b11111111011 B
#31343
b11011010 "
b11101110 *
b11100011 2
b11110 :
b11111111110 B
#31344
b1011001 "
b11100010 *
b11100001 2
b10100111 :
b11111111101 B
#31345
b10110111 "
b11000101 *
b11100010 2
b1011000 :
b11111111110 B
#31346
b100010 "
b10101001 *
b10100111 2
b11110 :
#31347
b111110 "
b10111010 *
b11101 :
b1 B
#31348
b10111000 "
b1100111 *
b1011001 2
b10100111 :
b11111111111 B
#31349
b11101000 "
b11011101 *
b11110 2
b11110 :
b1 B
#31350
b11010111 "
b1011 *
b11101 2
b11100010 :
b0 B
#31351
b11011110 "
b10101001 *
b1011001 2
b11101 :
#31352
b1110010 "
b110101 *
b10101001 2
b1011011 :
b11111111110 B
#31353
b10100111 "
b11110 *
b11100001 2
b10100111 :
b11111111111 B
#31354
b1001001 "
b111011 *
b11100011 2
b1011001 :
b11111111110 B
#31355
b100010 "
b10101001 *
b1011000 2
b11100001 :
#31356
b10111010 "
b11000010 *
b11100010 2
b10101000 :
b11111111111 B
#31357
b1001000 "
b10011001 *
b1011000 2
b10100111 :
b11111111110 B
#31358
b10101110 "
b11010011 *
b10100111 2
b11100011 :
b11111111111 B
#31359
b1000110 "
b11000010 *
b11101 2
b10100111 :
b0 B
#31360
b100 "
b11010110 *
b11100011 2
b11100010 :
b11111111111 B
#31361
b11101110 "
b100110 *
b11110 2
b11101 :
#31362
b1011001 "
b11110 *
b11101 2
b10100111 :
b10 B
#31363
b1110010 "
b11001011 *
b10100101 2
b10101001 :
b11111111101 B
#31364
b1011 "
b1111101 *
b1010111 2
b10100110 :
b11111111111 B
#31365
b101001 "
b1011 *
b11100001 2
b11100010 :
b11111111101 B
#31366
b1011101 "
b1110 *
b10100110 2
b11100011 :
b11111111110 B
#31367
b11011101 "
b11000 *
b11110 2
b11100001 :
b11111111101 B
#31368
b11000010 "
b10111010 *
b1011001 2
b11101 :
b11111111111 B
#31369
b11111100 "
b101010 *
b11100011 2
b11100010 :
b11111111110 B
#31370
b11000101 "
b10110111 *
b1011000 2
b11111111111 B
#31371
b11110 "
b11110 *
b11100010 2
b11110 :
b10 B
#31372
b10001110 "
b110101 *
b10100101 2
b10101000 :
b11111111111 B
#31373
b100 "
b101010 *
b11100100 2
b11111 :
b0 B
#31374
b100001 "
b10000110 *
b1011000 2
b10100101 :
b11111111101 B
#31375
b11000 "
b11011101 *
b11101 2
b11100010 :
b11111111010 B
#31376
b10011001 "
b1001000 *
b10100111 2
b1011001 :
b11111111110 B
#31377
b11101101 "
b1011100 *
b11101 2
#31378
b11111100 "
b101010 *
b11111 :
b0 B
#31379
b11000101 "
b10110111 *
b10100111 2
b11101 :
b1 B
#31380
b11100010 "
b10100111 *
b11110 :
b100 B
#31381
b11111110 "
b1011110 *
b1011000 2
b11100000 :
b1 B
#31382
b1010000 "
b11001111 *
b10100110 2
b11100101 :
b11111111111 B
#31383
b100001 "
b10000110 *
b10101001 2
b1011100 :
b11111111100 B
#31384
b11010011 "
b10101110 *
b11111 2
b1011000 :
#31385
b10100011 "
b1110 *
b1011001 2
b11100001 :
b11111111101 B
#31386
b100001 "
b1111010 *
b10100110 2
b10100110 :
b11111111110 B
#31387
b10101001 "
b100010 *
b11110 2
b10100111 :
#31388
b11000101 "
b10110111 *
b1011001 2
b11100011 :
b0 B
#31389
b10100111 "
b11100010 *
b11111 2
b10100111 :
b1 B
#31390
b11111110 "
b1011110 *
b10100111 2
b11110 :
#31391
b11011110 "
b1010111 *
b10101000 2
b11111 :
b10 B
#31392
b10011 "
b1011100 *
b11100100 2
b1011010 :
b11111111111 B
#31393
b1010010 "
b11010011 *
b1011000 2
b11011111 :
b11111111110 B
#31394
b1001000 "
b1100111 *
b1011011 2
b1010111 :
#31395
b1011 "
b101001 *
b11110 2
b11101 :
b11111111011 B
#31396
b10101001 "
b100010 *
b11100010 2
b1011001 :
b11111111101 B
#31397
b10110111 "
b111011 *
b11110 2
b1011000 :
#31398
b10100111 "
b10100111 *
b10100110 2
b1 B
#31399
b11111110 "
b1011110 *
b1011001 2
b11100010 :
b11111111111 B
#31400
b100 "
b101010 *
b11101 2
b10 B
#31401
b10100100 "
b10011 *
b1011010 2
b11100 :
b11111111111 B
#31402
b11101000 "
b100011 *
b11101 2
b11100010 :
b11111111110 B
#31403
b1100111 "
b10111000 *
b10101001 2
b1011010 :
#31404
b100001 "
b1111010 *
b10100110 2
b10101000 :
#31405
b100 "
b11010110 *
b11101 2
b11110 :
#31406
b10010 "
b11011010 *
b11110 2
#31407
b10100111 "
b11100010 *
b11111 2
b10100111 :
b10 B
#31408
b100110 "
b11101110 *
b11110 2
b11110 :
b0 B
#31409
b1011 "
b1111101 *
b10100111 2
b1011001 :
b10 B
#31410
b11110101 "
b101001 *
b11100010 2
b11111 :
b0 B
#31411
b10100011 "
b11110010 *
b10100110 2
b11100011 :
#31412
b1010010 "
b101101 *
b1011010 2
b11100 :
b11111111110 B
#31413
b111110 "
b1000110 *
b1011001 2
b11111111111 B
#31414
b100010 "
b1010111 *
b1011010 2
b11111111110 B
#31415
b1001001 "
b11000101 *
b11100000 2
b10101000 :
#31416
b10100111 "
b10100111 *
b10101000 2
b1011010 :
#31417
b10001110 "
b110101 *
b1011001 2
b1011001 :
b11111111100 B
#31418
b10000011 "
b1011 *
b1011000 2
b1011010 :
b11111111111 B
#31419
b11011111 "
b1111010 *
b1011010 2
b10101000 :
b0 B
#31420
b11101000 "
b100011 *
b11110 2
b11100010 :
b1 B
#31421
b101101 "
b10101110 *
b11100011 2
b1011001 :
b10 B
#31422
b1000110 "
b11000010 *
b11100100 2
b0 B
#31423
b11010110 "
b11111100 *
b11110 2
b11100011 :
b11111111111 B
#31424
b1011110 "
b11111110 *
b11100100 2
b1011010 :
b11111111110 B
#31425
b1011001 "
b11110 *
b11100011 2
b1011001 :
b11 B
#31426
b10 "
b10100010 *
b1011000 2
b11011111 :
b11111111110 B
#31427
b11011110 "
b1010111 *
b10101000 2
b100000 :
b11111111111 B
#31428
b10100100 "
b10011 *
b10100110 2
b11100101 :
b11111111011 B
#31429
b1011101 "
b1110 *
b1011010 2
b11101 :
b11111111100 B
#31430
b1001000 "
b1100111 *
b1011000 :
#31431
b10111010 "
b111110 *
b11100010 2
b11111111111 B
#31432
b1111101 "
b1011 *
b1011001 2
b10100111 :
b11111111110 B
#31433
b100110 "
b10010 *
b11110 2
b11100010 :
b1 B
#31434
b11110 "
b1011001 *
b1011001 2
b0 B
#31435
b10001110 "
b110101 *
b1011001 :
#31436
b1010000 "
b11001111 *
b10100110 2
b11100011 :
b11111111111 B
#31437
b11000010 "
b1000110 *
b1011000 2
b11100010 :
b0 B
#31438
b11000 "
b11011101 *
b11100010 2
b11110 :
b11111111111 B
#31439
b10101110 "
b11010011 *
b1011001 2
b11101 :
#31440
b10111010 "
b111110 *
b11100 2
b10100111 :
b0 B
#31441
b11111100 "
b101010 *
b11100011 2
b11100010 :
b11111111111 B
#31442
b100110 "
b10010 *
b11110 :
b11111111110 B
#31443
b10100111 "
b11100010 *
b11101 2
b10100111 :
b10 B
#31444
b10110111 "
b11000101 *
b11100 2
b10100110 :
b11111111110 B
#31445
b100010 "
b10101001 *
b1010111 2
b11100000 :
b11111111111 B
#31446
b10100100 "
b10011 *
b10100111 2
b11100100 :
b11111111110 B
#31447
b1001000 "
b10011001 *
b1010111 2
b10100110 :
b11111111100 B
#31448
b1100111 "
b10111000 *
b1011000 2
b11111111110 B
#31449
b1011100 "
b10011 *
b1011010 2
b11100010 :
#31450
b100010 "
b1010111 *
b1011001 2
b11110 :
b11111111111 B
#31451
b11111110 "
b10100010 *
b10100111 2
b11100010 :
b0 B
#31452
b1011001 "
b11110 *
b11110 2
b10100111 :
b1 B
#31453
b10001110 "
b110101 *
b1011010 2
b1011000 :
#31454
b11110101 "
b10000011 *
b10101001 2
b1011010 :
#31455
b11000010 "
b1000110 *
b1011000 2
b11100000 :
b11111111110 B
#31456
b11011101 "
b11101000 *
b11111 2
b11101 :
#31457
b11010011 "
b1010010 *
b11100 2
b10100110 :
b11111111100 B
#31458
b1011 "
b101001 *
b11100010 2
b11100011 :
b11111111011 B
#31459
b101010 "
b100 *
b11101 :
b11111111110 B
#31460
b1110010 "
b110101 *
b10100110 2
b1011000 :
b11111111101 B
#31461
b1011001 "
b11100010 *
b11101 2
b1011001 :
b11 B
#31462
b100110 "
b11101110 *
b11110 2
b11110 :
b10 B
#31463
b11010110 "
b100 *
b11100001 2
b11100011 :
b1 B
#31464
b111110 "
b10111010 *
b1011000 2
b11100001 :
b0 B
#31465
b101101 "
b1010010 *
b100001 2
b1011000 :
b11111111011 B
#31466
b1001000 "
b1100111 *
b1011010 2
b1010111 :
b11111111110 B
#31467
b10011 "
b10100100 *
b11100001 2
b10100111 :
b11111111011 B
#31468
b100 "
b11010110 *
b11100011 2
b11100010 :
b11111111101 B
#31469
b11111110 "
b10100010 *
b10100111 2
b11100001 :
b11111111110 B
#31470
b10100111 "
b1011001 *
b1011000 2
b1011010 :
b10 B
#31471
b111011 "
b10110111 *
b10100111 2
b11100001 :
#31472
b11111100 "
b11010110 *
b11100011 2
b11110 :
b1 B
#31473
b1000110 "
b111110 *
b11100001 2
b10101000 :
b10 B
#31474
b10101110 "
b101101 *
b1011000 2
b11011111 :
b11111111110 B
#31475
b1011101 "
b11110010 *
b10100111 2
b100000 :
#31476
b11110101 "
b11010111 *
b11110 2
b11101 :
b11111111011 B
#31477
b10101001 "
b100010 *
b10100111 :
b11111111101 B
#31478
b10110111 "
b111011 *
b11100010 2
b10101000 :
#31479
b1011001 "
b11110 *
b11100001 2
b1011001 :
b1 B
#31480
b11000101 "
b1001001 *
b10101000 2
b11100010 :
b11111111111 B
#31481
b10101001 "
b11011110 *
b11100010 2
b10100111 :
b10 B
#31482
b11101101 "
b10100100 *
b11100 2
b1 B
#31483
b11011101 "
b11101000 *
b11100001 2
b11100011 :
b11111111111 B
#31484
b11101000 "
b11011101 *
b11100010 2
b11111111110 B
#31485
b10000110 "
b100001 *
b10101001 2
b1011100 :
b11111111011 B
#31486
b101010 "
b100 *
b11110 2
b11100011 :
b11111111101 B
#31487
b100110 "
b10010 *
b11100010 :
#31488
b11110 "
b10100111 *
b10100111 2
b11 B
#31489
b110101 "
b1110010 *
b1010111 2
b10100110 :
b0 B
#31490
b11001111 "
b10110000 *
b11100100 2
b1011010 :
b1 B
#31491
b1011 "
b11010111 *
b11100010 2
b11111 :
b11111111110 B
#31492
b11010011 "
b10101110 *
b100001 2
b1011000 :
#31493
b1010010 "
b101101 *
b10100110 2
b11100100 :
#31494
b1111010 "
b11011111 *
b10101000 2
b1011011 :
b11111111011 B
#31495
b11111100 "
b101010 *
b11100011 2
b11100010 :
b11111111110 B
#31496
b11101110 "
b100110 *
b11100010 2
#31497
b10100111 "
b1011001 *
b10101000 2
b10100110 :
b10 B
#31498
b11101110 "
b11011010 *
b11110 2
b11100010 :
b0 B
#31499
b11110101 "
b10000011 *
b1011001 2
b10100111 :
b1 B
#31500
b1011 "
b11010111 *
b11110 2
b11100001 :
b0 B
#31501
b11101000 "
b100011 *
b11100011 2
b11110 :
#31502
b1110 "
b1011101 *
b100000 2
b1011001 :
b11111111110 B
#31503
b1000110 "
b11000010 *
b11100 2
b10100111 :
#31504
b11010110 "
b11111100 *
b11100010 2
b11101 :
b11111111101 B
#31505
b1001001 "
b11000101 *
b10101000 :
b11111111110 B
#31506
b11100010 "
b11110 *
b11110 2
b11110 :
b11 B
#31507
b11000101 "
b1001001 *
b1011001 2
b11101 :
b11111111111 B
#31508
b1011 "
b1111101 *
b1010111 2
b10100110 :
b0 B
#31509
b11010111 "
b11110101 *
b11111 2
b11110 :
b11111111111 B
#31510
b10011001 "
b10111000 *
b1011011 2
b1010110 :
b11111111110 B
#31511
b11011101 "
b11000 *
b11101 2
b11100001 :
b11111111101 B
#31512
b1011 "
b101001 *
b11100010 2
b11100011 :
b11111111100 B
#31513
b10000011 "
b11110101 *
b1011000 2
b10100111 :
#31514
b1001001 "
b11000101 *
b11101 2
b1011001 :
b11111111101 B
#31515
b10100111 "
b11110 *
b11100011 2
b10100111 :
b0 B
#31516
b111011 "
b10110111 *
b1011000 2
b100000 :
b1 B
#31517
b10110000 "
b110001 *
b10100111 2
b11100010 :
#31518
b1011 "
b11010111 *
b11110 2
b11100001 :
b100 B
#31519
b11010011 "
b10101110 *
b11011111 2
b10101000 :
b1 B
#31520
b1110 "
b1011101 *
b100010 2
b1011000 :
b11111111110 B
#31521
b1011100 "
b10011 *
b1011000 2
b11100000 :
b11111111011 B
#31522
b11110101 "
b1111101 *
b1011011 2
b1011000 :
b11111111010 B
#31523
b11000101 "
b10110111 *
b10101000 2
b11110 :
b11111111100 B
#31524
b11100010 "
b1011001 *
b1011001 2
b11111 :
b11111111101 B
#31525
b10100010 "
b11111110 *
b11100 2
b1011010 :
b11111111111 B
#31526
b110001 "
b1010000 *
b100000 2
b10101000 :
b10 B
#31527
b1011 "
b11010111 *
b11100010 2
b11101 :
#31528
b10100011 "
b11110010 *
b1011010 2
b11110 :
b100 B
#31529
b11010011 "
b1010010 *
b11100 2
b10100110 :
b11 B
#31530
b1011100 "
b10011 *
b10101000 2
b100001 :
b0 B
#31531
b100010 "
b1010111 *
b10100110 2
b11100110 :
b11111111110 B
#31532
b110101 "
b10001110 *
b1011100 2
b1010111 :
b11111111011 B
#31533
b11100010 "
b11100010 *
b11101 2
b11100001 :
#31534
b10010 "
b100110 *
b11100010 2
b11110 :
b11111111100 B
#31535
b101010 "
b11111100 *
b11110 2
b11101 :
#31536
b10111010 "
b11000010 *
b11100100 2
b10100111 :
b0 B
#31537
b100011 "
b11000 *
b11110 2
b11111 :
b11111111101 B
#31538
b1110 "
b1011101 *
b11101 2
b1011010 :
b10 B
#31539
b11010111 "
b1011 *
b11100001 2
b11110 :
#31540
b1010111 "
b11011110 *
b11110 2
b10100111 :
b1 B
#31541
b1001001 "
b11000101 *
b11100000 2
b10101000 :
b11 B
#31542
b11100010 "
b10100111 *
b10101000 2
b100001 :
b1 B
#31543
b1011110 "
b10 *
b11011110 2
b10101000 :
b11111111100 B
#31544
b110001 "
b1010000 *
b11011 2
b10100110 :
b11111111011 B
#31545
b100001 "
b10000110 *
b10101000 2
b1011011 :
b11111111010 B
#31546
b11000 "
b11011101 *
b11100010 2
b11110 :
b11111111100 B
#31547
b1110 "
b1011101 *
b11100011 2
b10100110 :
b11111111110 B
#31548
b11101101 "
b1011100 *
b11100101 2
b10100111 :
b0 B
#31549
b100 "
b11010110 *
b11101 2
b11111 :
b1 B
#31550
b110101 "
b10001110 *
b1011000 2
b1011010 :
b11 B
#31551
b11100010 "
b11100010 *
b11110 2
b11100010 :
b100 B
#31552
b1001001 "
b111011 *
b11100100 2
b1011010 :
b1 B
#31553
b100 "
b101010 *
b11111 :
b0 B
#31554
b10111010 "
b11000010 *
b11011111 2
b10101000 :
b11111111110 B
#31555
b100011 "
b11000 *
b100000 2
b11101 :
b11111111010 B
#31556
b11101000 "
b11011101 *
b11100001 2
b11100010 :
b11111111011 B
#31557
b11101101 "
b1011100 *
b11110 2
b1011001 :
b11111111001 B
#31558
b11011110 "
b10101001 *
b10101001 2
b11100000 :
b11111111101 B
#31559
b1110010 "
b110101 *
b1011011 2
b10101001 :
b11111111111 B
#31560
b10100111 "
b11110 *
b11100 2
b1011010 :
b100 B
#31561
b11001011 "
b10001110 *
b10100110 2
b1011000 :
b11 B
#31562
b100010 "
b10101001 *
b10101000 2
b11110 :
b10 B
#31563
b10011 "
b1011100 *
b11011 2
b10100111 :
#31564
b1110 "
b10100011 *
b11100101 2
b1011010 :
b11111111111 B
#31565
b11110010 "
b100010 2
b1011000 :
b11111111101 B
#31566
b10100100 "
b11101101 *
b1011000 2
b11100000 :
b11111111100 B
#31567
b11111100 "
b101010 *
b11100011 2
b11100010 :
b11111111010 B
#31568
b10001110 "
b11001011 *
b1011001 2
b10100111 :
b11111111100 B
#31569
b10100111 "
b1011001 *
b10101000 2
b10100110 :
b10 B
#31570
b10100010 "
b11111110 *
b11100010 2
b0 B
#31571
b1111101 "
b11110101 *
b1011000 2
b1011001 :
b1 B
#31572
b10011 "
b1011100 *
b11100011 2
b0 B
#31573
b11010011 "
b10101110 *
b11100001 2
b10101000 :
#31574
b11011101 "
b11000 *
b11100011 2
b11111 :
b11111111111 B
#31575
b10100100 "
b11101101 *
b10100111 2
b11111111110 B
#31576
b11110101 "
b1111101 *
b1011010 2
b1011000 :
b11111111100 B
#31577
b100110 "
b10010 *
b11110 2
b11100010 :
b11111111110 B
#31578
b11100010 "
b11110 *
b11110 :
#31579
b1011110 "
b10 *
b11100011 2
b10100110 :
b0 B
#31580
b11111100 "
b11010110 *
b11110 :
#31581
b11000010 "
b1000110 *
b1011001 2
b11100011 :
b1 B
#31582
b11000 "
b11011101 *
b11100010 2
b11110 :
b11111111110 B
#31583
b100011 "
b11101000 *
b1 B
#31584
b11000010 "
b10111010 *
b1011001 2
b11101 :
b0 B
#31585
b100010 "
b1010111 *
b10100111 2
b11100011 :
#31586
b11011010 "
b11101110 *
b11101 2
b11100010 :
b11111111111 B
#31587
b10100111 "
b11110 *
b11100001 2
b10100111 :
#31588
b11101110 "
b11011010 *
b11110 2
b11100001 :
b11111111110 B
#31589
b1010000 "
b11001111 *
b1011010 2
b11101 :
#31590
b11101101 "
b10100100 *
b11101 2
b10100111 :
#31591
b1010010 "
b11010011 *
b1011001 2
b11100010 :
b11111111111 B
#31592
b10101110 "
b10100111 2
b11100011 :
#31593
b11110101 "
b11010111 *
b11100010 2
#31594
b110001 "
b10110000 *
b11100001 2
b10100111 :
#31595
b11101110 "
b100110 *
b11110 2
b11101 :
b11111111101 B
#31596
b10100111 "
b1011001 *
b1011010 2
b1011000 :
b11111111110 B
#31597
b1011110 "
b10 *
b11100010 2
b10100111 :
b11111111101 B
#31598
b11010110 "
b100 *
b11110 2
b11101 :
b11111111110 B
#31599
b1011 "
b11010111 *
b11100010 2
b11111111111 B
#31600
b1011101 "
b1110 *
b10100111 2
b11100001 :
b11111111101 B
#31601
b10011001 "
b1001000 *
b1011001 2
b10101000 :
b11 B
#31602
b10000110 "
b100001 *
b1011000 2
b10100110 :
b10 B
#31603
b11010110 "
b11111100 *
b11110 2
b11100011 :
b1 B
#31604
b10 "
b1011110 *
b10100110 2
b11100100 :
b11111111111 B
#31605
b1011001 "
b1011001 *
b10101010 2
b1011100 :
b11 B
#31606
b10010 "
b100110 *
b11100100 2
b100000 :
b11111111110 B
#31607
b10000011 "
b1011 *
b10100011 2
b10101011 :
b11111111100 B
#31608
b10000110 "
b11011111 *
b10100100 2
b10101001 :
b11111111000 B
#31609
b100011 "
b11000 *
b11110 2
b11110 :
b11111111010 B
#31610
b11010011 "
b1010010 *
b11100001 2
b1011000 :
b11111111100 B
#31611
b11000010 "
b10111010 *
b10101000 2
b11011111 :
b0 B
#31612
b1010000 "
b110001 *
b1011010 2
b11100101 :
b10 B
#31613
b110101 "
b10001110 *
b10101001 2
b10100110 :
b101 B
#31614
b11100010 "
b11100010 *
b11100010 2
b11110 :
b100 B
#31615
b11001011 "
b10001110 *
b10101001 2
b1011011 :
b10 B
#31616
b100 "
b101010 *
b11100 2
b11100001 :
b0 B
#31617
b11000010 "
b1000110 *
b1011000 2
b11011111 :
b11111111110 B
#31618
b11000 "
b11011101 *
b11100011 2
b100000 :
b11111111010 B
#31619
b1001000 "
b1100111 *
b10100110 2
b10101000 :
b11111111011 B
#31620
b1111010 "
b11011111 *
b10100111 2
b1011010 :
b11111111010 B
#31621
b101010 "
b100 *
b11100001 2
b11100 :
b11111111110 B
#31622
b11111110 "
b10100010 *
b1011000 2
b100001 :
b0 B
#31623
b11110 "
b1011001 *
b10100110 2
b11100 :
b111 B
#31624
b11001011 "
b10001110 *
b1011000 2
b10100110 :
b101 B
#31625
b11111100 "
b11010110 *
b11100 2
b11100001 :
b10 B
#31626
b1000110 "
b111110 *
b100001 2
b1010111 :
b11111111111 B
#31627
b10100011 "
b11110010 *
b10100110 2
b11100110 :
b11111111010 B
#31628
b11011101 "
b11000 *
b11100011 2
b11110 :
b11111111011 B
#31629
b111110 "
b1000110 *
b1011001 2
b11100 :
#31630
b10101001 "
b100010 *
b11100010 2
b1011001 :
b11111111110 B
#31631
b10110111 "
b111011 *
b11110 2
b1011000 :
#31632
b10100111 "
b11100010 *
b11100001 2
b1011001 :
b1 B
#31633
b1011110 "
b10 *
b11100010 2
b10100111 :
b11111111111 B
#31634
b11110101 "
b10000011 *
b10100111 2
b1011001 :
b10 B
#31635
b101001 *
b11110 2
b11100001 :
b11111111111 B
#31636
b10100011 "
b11110010 *
b1011010 2
b11101 :
b0 B
#31637
b10111000 "
b10011001 *
b1011011 2
b1010111 :
b11111111110 B
#31638
b10000110 "
b100001 *
b1011000 2
b10100101 :
b11111111111 B
#31639
b11011110 "
b10101001 *
b1011001 2
b11101 :
b11111111101 B
#31640
b10001110 "
b11001011 *
b1010111 2
b10100101 :
b11111111110 B
#31641
b11100010 "
b11100010 *
b11110 2
b11100010 :
b11111111111 B
#31642
b1001001 "
b111011 *
b11100011 2
b1011001 :
b11111111110 B
#31643
b10101001 "
b11011110 *
b11100010 2
b10100111 :
b0 B
#31644
b10111010 "
b11000010 *
b10101000 :
b11111111111 B
#31645
b1011101 "
b1110 *
b1011010 2
b11101 :
#31646
b11011101 "
b11000 *
b11100011 2
b11111 :
#31647
b10111010 "
b111110 *
b11100100 2
b1011001 :
#31648
b11010110 "
b11111100 *
b11100010 2
b11110 :
b11111111100 B
#31649
b1011110 "
b11111110 *
b11110 2
b10100111 :
b11111111110 B
#31650
b1011001 "
b10100111 *
b10100111 2
b0 B
#31651
b11011010 "
b10010 *
b11110 2
b11110 :
b1 B
#31652
b10110000 "
b110001 *
b1011001 2
b11101 :
b0 B
#31653
b11010111 "
b11110101 *
b11111 2
b11110 :
#31654
b1011101 "
b1110 *
b10100110 2
b11100011 :
b11111111111 B
#31655
b1010010 "
b101101 *
b11100100 :
b11111111101 B
#31656
b11010111 "
b1011 *
b11101 2
b11100010 :
b11111111111 B
#31657
b10101001 "
b100010 *
b10100111 :
b11111111110 B
#31658
b100110 "
b10010 *
b11100011 2
b11110 :
#31659
b10100111 "
b11110 *
b11100001 2
b10100111 :
b11111111111 B
#31660
b10001110 "
b110101 *
b10100110 2
b10101000 :
b11111111110 B
#31661
b11010110 "
b100 *
b11100010 2
b11100011 :
#31662
b1000110 "
b111110 *
b11110 2
b1011001 :
#31663
b101101 "
b1010010 *
b11101 2
b11111111101 B
#31664
b11010011 "
b11100001 2
b1011000 :
b11111111111 B
#31665
b1011 "
b101001 *
b11110 2
b11111 :
b1 B
#31666
b10000011 "
b11110101 *
b10101000 2
b1011001 :
b10 B
#31667
b10100010 "
b10 *
b11100011 2
b1011010 :
#31668
b11100010 "
b11100010 *
b11111 :
b0 B
#31669
b10110111 "
b11000101 *
b11100100 2
b1011010 :
b11111111111 B
#31670
b101010 "
b11111100 *
b11100001 2
b11100011 :
b11111111100 B
#31671
b10000110 "
b11011111 *
b1011011 2
b1011000 :
b11111111110 B
#31672
b100011 "
b11000 *
b11100010 2
b11100010 :
b11111111011 B
#31673
b11000 "
b100011 *
b11111111101 B
#31674
b11010111 "
b1011 *
b11111 2
b0 B
#31675
b11110101 "
b1111101 *
b10100111 2
b10100111 :
#31676
b10110111 "
b111011 *
b11100010 2
b10101000 :
b11 B
#31677
b1011001 "
b10100111 *
b1011010 2
b1011000 :
b0 B
#31678
b11101110 "
b11011010 *
b11110 2
b11100001 :
b11111111111 B
#31679
b101010 "
b11111100 *
b11111 2
b11100 :
b11111111110 B
#31680
b1011100 "
b11101101 *
b1011010 2
#31681
b10100011 "
b11110010 *
b10100110 2
b11100011 :
b11111111001 B
#31682
b10111000 "
b10011001 *
b10101000 2
b10100111 :
b11111111110 B
#31683
b10011 "
b10100100 *
b11100100 2
b11111111111 B
#31684
b11111100 "
b101010 *
b11101 2
b11111 :
b0 B
#31685
b100110 "
b10010 *
b11110 2
b11100010 :
b10 B
#31686
b11110 "
b10100111 *
b10100111 2
b100 B
#31687
b111011 "
b10110111 *
b11100011 :
b0 B
#31688
b10110000 "
b110001 *
b1011010 2
b11100 :
b1 B
#31689
b101001 "
b1011 *
b11100001 2
b11100010 :
b11111111111 B
#31690
b11011101 "
b11101000 *
b100000 2
b11101 :
b11111111110 B
#31691
b1010010 "
b101101 *
b10100111 2
b11100101 :
b11111111101 B
#31692
b100001 "
b1111010 *
b10100101 2
b10101001 :
b11111111001 B
#31693
b110001 "
b10110000 *
b11110 2
b1011001 :
b11111111101 B
#31694
b1011110 "
b11111110 *
b11100010 2
#31695
b11100010 "
b11110 *
b11100010 :
b11111111111 B
#31696
b10010 "
b100110 *
b11110 :
b1 B
#31697
b100010 "
b10101001 *
b1011001 2
b11100010 :
b0 B
#31698
b10000110 "
b11011111 *
b10100110 2
b10100111 :
#31699
b1010010 "
b11010011 *
b1011000 2
b11100001 :
b11111111111 B
#31700
b11000 "
b100011 *
b11111 2
b11101 :
#31701
b10100100 "
b11101101 *
b10100111 2
b11111 :
b11111111110 B
#31702
b1011 "
b10000011 *
b10100110 2
b10101000 :
b11111111011 B
#31703
b11001011 "
b1110010 *
b1011001 2
b1011001 :
b11111111110 B
#31704
b1011001 "
b11110 *
b11111 2
b10100111 :
#31705
b1001001 "
b111011 *
b100000 2
b10101000 :
b0 B
#31706
b11010110 "
b100 *
b11110 2
b11101 :
b10 B
#31707
b11011111 "
b1111010 *
b1011010 2
b10100110 :
b100 B
#31708
b11010011 "
b10101110 *
b11111 2
b1011000 :
b11111111101 B
#31709
b1001000 "
b1100111 *
b10100110 2
b10101000 :
b0 B
#31710
b11110101 "
b11010111 *
b11110 2
b11101 :
b11111111110 B
#31711
b1010000 "
b110001 *
b10100111 2
b11111 :
#31712
b10110111 "
b111011 *
b11100010 2
b10101000 :
b11111111101 B
#31713
b1011001 "
b10100111 *
b1011001 2
b1011001 :
b11111111110 B
#31714
b110101 "
b1110010 *
b10100110 2
b1011000 :
b11111111111 B
#31715
b100 "
b101010 *
b11100011 2
b11110 :
b0 B
#31716
b101001 "
b1011 *
b11111 2
b10 B
#31717
b11011101 "
b11101000 *
b11100010 2
b11100010 :
b11111111110 B
#31718
b11010011 "
b1010010 *
b11100011 2
b1011001 :
b11111111101 B
#31719
b10000110 "
b100001 *
b10100111 2
b1011010 :
b0 B
#31720
b10101001 "
b100010 *
b11100010 2
b1011001 :
b11111111111 B
#31721
b1001001 "
b11000101 *
b10101000 :
b0 B
#31722
b11110 "
b1011001 *
b1011001 2
b11100001 :
b1 B
#31723
b100110 "
b11101110 *
b11100001 2
b11100011 :
b11111111111 B
#31724
b11010110 "
b100 *
b11111 2
b11100 :
b11111111110 B
#31725
b1111010 "
b100001 *
b10100101 2
b10101000 :
b11111111011 B
#31726
b11110010 "
b1011101 *
b11110 2
b10100110 :
b11111111001 B
#31727
b10100011 *
b11101 2
b1011010 :
b11111111101 B
#31728
b100001 "
b1111010 *
b10101001 2
b10100101 :
b0 B
#31729
b11010110 "
b11111100 *
b11111 2
b11100011 :
b1 B
#31730
b11111110 "
b10100010 *
b1011001 2
b11111 :
b10 B
#31731
b11100010 "
b11110 *
b11100010 2
b11100010 :
b101 B
#31732
b11111110 "
b1011110 *
b10101000 2
b100001 :
b10 B
#31733
b1010000 "
b11001111 *
b1011010 2
b11010 :
b0 B
#31734
b10000110 "
b11011111 *
b10100011 2
b10101010 :
b11111111011 B
#31735
b11101000 "
b100011 *
b11100011 2
b11111 :
#31736
b11010011 "
b1010010 *
b1011001 :
#31737
b10011 "
b10100100 *
b11100010 2
b10100110 :
b11111111100 B
#31738
b11110101 "
b1111101 *
b1011000 2
b1011010 :
b11111111111 B
#31739
b10 "
b1011110 *
b1011001 2
b11111 :
b0 B
#31740
b11110 "
b10100111 *
b10100111 2
b11100001 :
b1 B
#31741
b11011010 "
b10010 *
b11110 2
b11110 :
b10 B
#31742
b1011 "
b1111101 *
b1011000 2
b10100111 :
#31743
b100001 "
b10000110 *
b10101001 2
b1011011 :
b0 B
#31744
b100011 "
b11000 *
b11100001 2
b11100011 :
#31745
b11011101 "
b11101 2
b11100010 :
b11111111110 B
#31746
b11011111 "
b10000110 *
b1011011 2
b1010111 :
b11111111011 B
#31747
b100010 "
b1010111 *
b10100111 2
b11100011 :
b11111111110 B
#31748
b10010 "
b11011010 *
b11110 2
b11110 :
b11111111101 B
#31749
b1011001 "
b11110 *
b11100010 2
b1011001 :
b11111111111 B
#31750
b1001001 "
b111011 *
b1011000 :
b0 B
#31751
b110001 "
b1010000 *
b11100011 2
b1011010 :
b1 B
#31752
b101001 "
b1011 *
b11111 2
b11110 :
#31753
b11011101 "
b11101000 *
b11100001 2
b11100011 :
b11111111111 B
#31754
b1001000 "
b1100111 *
b1011011 2
b1010110 :
b11111111101 B
#31755
b10011 "
b10100100 *
b11100000 2
b10101000 :
b11111111011 B
#31756
b11001111 "
b1010000 *
b11111 2
b1011001 :
b11111111100 B
#31757
b11001011 "
b1110010 *
b1011001 2
#31758
b11110 "
b11100010 *
b11100010 2
b11100010 :
b11111111110 B
#31759
b11111110 "
b1011110 *
b1011010 2
b11100100 :
b0 B
#31760
b100010 "
b10101001 *
b10100111 2
b11011 :
#31761
b10000110 "
b11011111 *
b1011000 2
b1011011 :
b10 B
#31762
b1010010 "
b11010011 *
b10100111 2
b11101 :
b11 B
#31763
b10101110 "
b1011001 2
b10 B
#31764
b111110 "
b1000110 *
b10100111 2
b11100100 :
b1 B
#31765
b1111101 "
b1011 *
b10101010 2
b1011100 :
b11111111111 B
#31766
b10001110 "
b11001011 *
b1010111 2
b10100100 :
b11111111110 B
#31767
b1011001 "
b11100010 *
b100001 2
b1011000 :
b11111111100 B
#31768
b11111110 "
b1011110 *
b10100111 2
b100000 :
b11111111101 B
#31769
b11001111 "
b10110000 *
b11101 2
b10100111 :
b11111111011 B
#31770
b10111010 "
b11000010 *
b11100010 2
b11111111101 B
#31771
b11011101 "
b11101000 *
b11100010 :
b11111111111 B
#31772
b1110 "
b1011101 *
b11110 2
b1011010 :
#31773
b10100100 "
b11101101 *
b10100111 2
b11110 :
b0 B
#31774
b100010 "
b1010111 *
b1011001 2
#31775
b1110010 "
b110101 *
b1011000 2
b10100111 :
b11111111111 B
#31776
b1011001 "
b1011001 *
b10100110 :
b1 B
#31777
b10110111 "
b11000101 *
b11100011 2
b1011001 :
b0 B
#31778
b1010000 "
b11001111 *
b10100111 2
b11100100 :
b11111111111 B
#31779
b11011111 "
b1111010 *
b1010111 2
b10100101 :
#31780
b1100111 "
b1001000 *
b10100101 2
b10101010 :
b11111111110 B
#31781
b10111000 "
b10011001 *
b1011011 2
b1010111 :
#31782
b11000010 "
b10111010 *
b1011001 2
b11100 :
b11111111100 B
#31783
b11001111 "
b1010000 *
b11100010 2
b10100111 :
b11111111101 B
#31784
b11011010 "
b11101110 *
b11110 2
b11100010 :
b11111111110 B
#31785
b10100111 "
b10100111 *
b1011010 2
b10101000 :
b11111111111 B
#31786
b10001110 "
b110101 *
b10101000 2
b10100110 :
b0 B
#31787
b10000011 "
b1011 *
b10100111 :
b10 B
#31788
b10100100 "
b10011 *
b10100111 2
b11100011 :
b1 B
#31789
b10100011 "
b11110010 *
b10100110 2
b0 B
#31790
b1100111 "
b10111000 *
b1010111 2
b10100101 :
b11111111111 B
#31791
b10011 "
b10100100 *
b11100000 2
b10101000 :
#31792
b11111100 "
b101010 *
b11111 2
b11101 :
b11111111110 B
#31793
b111011 "
b1001001 *
b1011000 2
b11011111 :
b11111111100 B
#31794
b11110 "
b11100010 *
b11100010 2
b11100010 :
b11111111011 B
#31795
b11000101 "
b1001001 *
b1011001 2
b11111 :
#31796
b11010110 "
b100 *
b11101 2
b0 B
#31797
b1011 "
b11010111 *
b11100010 2
b11101 :
b10 B
#31798
b1011101 "
b1110 *
b10100111 2
b11100001 :
b100 B
#31799
b1110 "
b1011101 *
b11100001 2
b10100111 :
b11 B
#31800
b111110 "
b1000110 *
b10100110 2
b11100100 :
b10 B
#31801
b11010110 "
b11111100 *
b11101 2
b11100001 :
b11111111110 B
#31802
b11001011 "
b1110010 *
b10100100 2
b10101001 :
#31803
b11100010 "
b11110 *
b11100001 2
b11100011 :
b11111111100 B
#31804
b10001110 "
b110101 *
b10100101 2
b10101000 :
#31805
b10000011 "
b1011 *
b10100111 2
b10100111 :
b11111111011 B
#31806
b11011111 "
b1111010 *
b10100110 2
b1011000 :
b11111111101 B
#31807
b11011101 "
b11101000 *
b11100011 2
b11100001 :
b0 B
#31808
b1110 "
b1011101 *
b11101 2
b1011010 :
b10 B
#31809
b1000110 "
b11000010 *
b11110 2
b10100111 :
b100 B
#31810
b100 "
b11010110 *
b11100010 2
b11100010 :
b1 B
#31811
b1110010 "
b110101 *
b1010110 2
b10100101 :
#31812
b11100010 "
b11100010 *
b11100011 2
b11111 :
b0 B
#31813
b10110111 "
b11000101 *
b11100110 2
b1011010 :
b11111111101 B
#31814
b110001 "
b1010000 *
b11010 2
b10100110 :
b11111111100 B
#31815
b10100100 "
b10011 *
b1011010 2
b11011 :
b11111111011 B
#31816
b1100111 "
b1001000 *
b10100111 2
b10101000 :
#31817
b1011101 "
b11110010 *
b10100110 2
b11110 :
b11111111100 B
#31818
b111110 "
b1000110 *
b10101000 2
b11100001 :
b11111111111 B
#31819
b100 "
b11010110 *
b11101 2
b11111 :
b0 B
#31820
b10 "
b1011110 *
b10100111 2
b11100001 :
b10 B
#31821
b11100010 "
b1011001 *
b11100010 :
b100 B
#31822
b11011010 "
b10010 *
b11100001 2
b10 B
#31823
b100010 "
b10101001 *
b1011000 2
b11011111 :
b1 B
#31824
b11101101 "
b10100100 *
b11010 2
b10100110 :
b11111111101 B
#31825
b11011101 "
b11101000 *
b11100000 2
b11100011 :
b11111111011 B
#31826
b11000 "
b100011 *
b11111 2
b11101 :
#31827
b1011 "
b101001 *
b11110 2
b11111111001 B
#31828
b100010 "
b1010111 *
b1011000 2
b11111 :
b11111111011 B
#31829
b11001011 "
b1110010 *
b1010111 2
b1011011 :
b11111111101 B
#31830
b1011001 "
b1011001 *
b1011100 2
b10101010 :
b10 B
#31831
b100110 "
b11101110 *
b11100011 2
b11100010 :
#31832
b11110101 "
b10000011 *
b10100110 2
b1011000 :
b101 B
#31833
b11101101 "
b10100100 *
b11100100 2
b1011010 :
b10 B
#31834
b11010011 "
b10101110 *
b100001 2
b1011000 :
#31835
b10100011 "
b1110 *
b1011000 2
b11011110 :
b11111111110 B
#31836
b11110101 "
b11010111 *
b11110 2
b11101 :
b11111111011 B
#31837
b1010000 "
b110001 *
b10100111 2
b11111 :
b11111111010 B
#31838
b111011 "
b1001001 *
b10101000 2
b11110 :
b11111111101 B
#31839
b11110 "
b11110 *
b11100010 2
b11111111110 B
#31840
b11101110 "
b11011010 *
b11110 2
b11100011 :
b11111111111 B
#31841
b10110000 "
b110001 *
b10100111 2
b11100001 :
b0 B
#31842
b1111010 "
b100001 *
b1011000 2
b1011010 :
b11 B
#31843
b11000 "
b11011101 *
b11110 2
b11100010 :
b10 B
#31844
b10011001 "
b1001000 *
b10101001 2
b1011011 :
b1 B
#31845
b10011 "
b10100100 *
b11100000 2
b10101000 :
b0 B
#31846
b1011 "
b10000011 *
b10100100 2
b10101010 :
b11111111110 B
#31847
b111011 "
b1001001 *
b1010111 2
b11011111 :
b11111111100 B
#31848
b11110 "
b11110 *
b11110 2
b11100010 :
b11111111011 B
#31849
b10 "
b10100010 *
b10100111 2
b11110 :
#31850
b1111101 "
b11110101 *
b10101000 2
b10100110 :
b0 B
#31851
b10000110 "
b11011111 *
b1011000 2
b1011010 :
b11111111111 B
#31852
b11101000 "
b100011 *
b11110 2
b11100010 :
b1 B
#31853
b11011101 "
b11000 *
#31854
b111110 "
b1000110 *
b10100111 2
b11100100 :
b0 B
#31855
b1111101 "
b1011 *
b10101000 2
b1011010 :
#31856
b10 "
b1011110 *
b10100110 2
b11100100 :
b11111111110 B
#31857
b11110 "
b1011001 *
b10100111 2
b11111 :
b11111111111 B
#31858
b10110111 "
b11000101 *
b11101 2
b10100111 :
b11111111110 B
#31859
b1010000 "
b11001111 *
b1011010 2
b11101 :
#31860
b1000110 "
b111110 *
b11110 2
b1011000 :
b11111111111 B
#31861
b11000 "
b11011101 *
b11100010 :
#31862
b1110 "
b1011101 *
b11111 2
b1011001 :
#31863
b10011 "
b10100100 *
b11100001 2
b10100111 :
b0 B
#31864
b110001 "
b10110000 *
b11111111110 B
#31865
b111011 "
b1001001 *
b1011000 2
b11100000 :
#31866
b10100111 "
b11110 *
b11111 2
b1011001 :
#31867
b11001011 "
b10001110 *
b10100111 2
b11111111100 B
#31868
b100010 "
b10101001 *
b11101 :
b11111111110 B
#31869
b1011 "
b11010111 *
b11100010 2
b0 B
#31870
b11110010 "
b1011101 *
b11111 2
b10100111 :
b1 B
#31871
b1001000 "
b1100111 *
b10100111 2
b11 B
#31872
b10100100 "
b11101101 *
b1011001 2
b11100001 :
b10 B
#31873
b11001111 "
b1010000 *
b11100001 2
b10101000 :
b0 B
#31874
b10 "
b1011110 *
b10100110 2
b11100100 :
b11111111110 B
#31875
b11110 "
b1011001 *
b10101000 2
b100000 :
#31876
b11111110 "
b1011110 *
b10100111 2
#31877
b110001 "
b1010000 *
b11100011 2
b1011010 :
b11111111100 B
#31878
b1011100 "
b11101101 *
b1011010 2
b11110 :
b11111111101 B
#31879
b101101 "
b1010010 *
b11101 2
b1011001 :
b11111111111 B
#31880
b10101110 *
b11110 2
b10100111 :
b0 B
#31881
b11110101 "
b11010111 *
b11100010 2
b11100001 :
b1 B
#31882
b100010 "
b1010111 *
b1011001 2
b11101 :
#31883
b11001011 "
b1110010 *
b1011011 2
b1010111 :
b10 B
#31884
b1011001 "
b11110 *
b11011 2
b10100110 :
b11111111111 B
#31885
b1001001 "
b111011 *
b11100 2
b11111111101 B
#31886
b11001111 "
b10110000 *
b11100101 2
b1011010 :
b11111111100 B
#31887
b1011100 "
b11101101 *
b10100111 2
b11100100 :
b11111111110 B
#31888
b1011101 "
b1110 *
b10100110 2
b11100011 :
b11111111100 B
#31889
b1001000 "
b1100111 *
b10100111 2
b10100111 :
b11111111110 B
#31890
b101001 "
b11110101 *
b11100001 2
b11110 :
b11111111111 B
#31891
b1111101 "
b1011 *
b10100111 2
b1011001 :
b0 B
#31892
b100110 "
b10010 *
b11100010 2
b11110 :
b11 B
#31893
b1011001 "
b11100010 *
b11111 2
b1011001 :
b0 B
#31894
b110101 "
b1110010 *
b10101000 2
b1011011 :
#31895
b11010110 "
b100 *
b11100001 2
b11100011 :
b11111111110 B
#31896
b10111010 "
b11000010 *
b10101000 :
#31897
b101101 "
b1010010 *
b11111 2
b1011000 :
b11111111011 B
#31898
b10100011 "
b1110 *
b10100110 2
b11110 :
b11111111110 B
#31899
b11101101 "
b1011100 *
b11101 2
b1011001 :
#31900
b11001111 "
b1010000 *
b1011010 :
b0 B
#31901
b10100010 "
b10 *
b11100001 2
b1011001 :
b1 B
#31902
b10100111 "
b10100111 *
b10100111 2
#31903
b111011 "
b10110111 *
b11100011 :
b10 B
#31904
b1010111 "
b100010 *
b11100001 2
b10101001 :
b0 B
#31905
b101001 "
b1011 *
b11100010 :
b11111111111 B
#31906
b11101000 "
b100011 *
b11101 2
b11100001 :
b11111111101 B
#31907
b11010011 "
b1010010 *
b11100 2
b10100110 :
#31908
b11011111 "
b10000110 *
b1011011 2
b1011000 :
b11111111100 B
#31909
b11011110 "
b10101001 *
b1011001 2
b11110 :
b11111111110 B
#31910
b10100010 "
b10 *
b11110 2
b10100111 :
b11111111101 B
#31911
b10100111 "
b10100111 *
b1011010 2
b10101000 :
b1 B
#31912
b110101 "
b1110010 *
b10100111 2
b1011001 :
#31913
b1010000 "
b11001111 *
b1011010 2
b11101 :
b10 B
#31914
b1011100 "
b11101101 *
b11100 :
b0 B
#31915
b11010011 "
b10101110 *
b11011111 2
b10101000 :
b11111111111 B
#31916
b1010010 *
b11100101 2
b1011001 :
b11111111110 B
#31917
b1111010 "
b11011111 *
b1010111 2
b10100100 :
b11111111011 B
#31918
b10101001 "
b100010 *
b11100011 2
b1011001 :
b11111111101 B
#31919
b10001110 "
b11001011 *
b10101000 2
#31920
b1011001 "
b10100111 *
b10100111 2
b10100111 :
b11111111111 B
#31921
b11001011 "
b10001110 *
b1011001 :
b0 B
#31922
b100010 "
b10101001 *
b11110 :
#31923
b1000110 "
b111110 *
b11100010 2
b10101000 :
#31924
b11011101 "
b11101000 *
b11110 2
b11110 :
b11111111111 B
#31925
b11110010 "
b10100011 *
b11111 2
b1011001 :
#31926
b1111010 "
b11011111 *
b10101000 2
b1011011 :
b0 B
#31927
b1010000 "
b110001 *
b10100111 2
b11111 :
b11111111110 B
#31928
b1110010 "
b110101 *
b10101001 2
b1011011 :
#31929
b11110 "
b10100111 *
b1011001 2
b11101 :
#31930
b110101 "
b1110010 *
b10100111 2
b1011001 :
#31931
b1010111 "
b100010 *
b11110 2
b11111111111 B
#31932
b1011 "
b11010111 *
b11111 2
b11100001 :
b0 B
#31933
b10111000 "
b1100111 *
b10100111 2
b1011001 :
b11111111111 B
#31934
b1010010 "
b101101 *
b1011001 2
b11101 :
b0 B
#31935
b11101101 "
b1011100 *
b11111 2
b1011001 :
#31936
b10101001 "
b100010 *
b11100011 2
b11111111111 B
#31937
b111011 "
b1001001 *
b1011000 2
b11100000 :
b11111111110 B
#31938
b10100111 "
b10100111 *
b10101000 2
b1011010 :
b11111111111 B
#31939
b110101 "
b1110010 *
b1011000 2
b10100110 :
b11111111100 B
#31940
b100010 "
b10101001 *
b10100111 2
b11110 :
b11111111111 B
#31941
b1011100 "
b11101101 *
b11100010 :
#31942
b1100111 "
b1001000 *
b10100111 :
#31943
b10111000 *
b10101000 2
b1011010 :
b1 B
#31944
b100001 "
b1111010 *
b10100101 2
b10101000 :
b0 B
#31945
b10101001 "
b100010 *
b11101 2
b10100111 :
b11111111111 B
#31946
b10001110 "
b11001011 *
b1010111 2
b10100101 :
b11111111101 B
#31947
b10100111 "
b11100010 *
b11101 2
b10100111 :
b11111111111 B
#31948
b1110010 "
b11001011 *
b1011011 2
b1011000 :
b11111111110 B
#31949
b10000011 "
b1011 *
b10100110 2
b10101000 :
b11111111111 B
#31950
b111110 "
b10111010 *
b1011000 2
b11100001 :
b11111111101 B
#31951
b10101110 "
b101101 *
b10101000 2
b11111 :
b11111111110 B
#31952
b1011101 "
b11110010 *
b1011001 2
b11100001 :
#31953
b100001 "
b1111010 *
b1011010 2
b1011001 :
#31954
b1010111 "
b11011110 *
b11110 2
b10100111 :
#31955
b11001011 "
b1110010 *
b1011000 2
b1011010 :
b11111111111 B
#31956
b1011001 "
b10100111 *
b10101000 2
b10100110 :
b1 B
#31957
b100110 "
b11101110 *
b11100010 2
b11100010 :
#31958
b1010111 "
b100010 *
b10101000 :
#31959
b11011111 "
b1111010 *
b1010111 2
b10100101 :
b0 B
#31960
b101101 "
b1010010 *
b11011111 2
b10101000 :
b11111111111 B
#31961
b10011001 "
b1001000 *
b1010110 2
b10100101 :
b11111111110 B
#31962
b10100100 "
b11101101 *
b1011000 2
b11100001 :
b11111111011 B
#31963
b11111100 "
b101010 *
b11100011 2
b11100010 :
b11111111101 B
#31964
b10010 "
b11011010 *
b11110 2
b11110 :
b11111111110 B
#31965
b11110 "
b11100010 *
b10 B
#31966
b10100010 "
b11111110 *
b11100001 2
b10100111 :
b0 B
#31967
b10000011 "
b1011 *
b10100110 2
b10101000 :
#31968
b100001 "
b10000110 *
b1011000 2
b10100101 :
b11111111110 B
#31969
b10011001 "
b10111000 *
b10100111 2
b10101000 :
#31970
b101101 "
b10101110 *
b11101 2
b10100111 :
#31971
b11010111 "
b1011 *
b11100010 2
b11110 :
b11111111111 B
#31972
b1010111 "
b11011110 *
b11110 2
b10100111 :
#31973
b11000101 "
b10110111 *
b10101000 2
b11110 :
b0 B
#31974
b11110 "
b11110 *
b11110 2
b11100010 :
b1 B
#31975
b11101110 "
b11011010 *
b11100011 2
b11111 :
b11111111111 B
#31976
b11010110 "
b100 *
b11111 2
b11100 :
b0 B
#31977
b1011100 "
b11101101 *
b10100111 2
b11100101 :
b11111111100 B
#31978
b11011101 "
b11101000 *
b11110 2
b11110 :
b11111111001 B
#31979
b1100111 "
b10111000 *
b10100111 2
b1011000 :
b11111111101 B
#31980
b1000110 "
b11000010 *
b11100001 2
b0 B
#31981
b101010 "
b100 *
b11101 :
b1 B
#31982
b10010 "
b11011010 *
b11110 2
b11110 :
b10 B
#31983
b11110 "
b1011001 *
b10100111 2
b11111 :
b101 B
#31984
b1110010 "
b11001011 *
b1011100 2
b1010110 :
b0 B
#31985
b11010110 "
b100 *
b11100001 2
b11100100 :
b11111111110 B
#31986
b111110 "
b10111010 *
b1011000 2
b11100000 :
b11111111011 B
#31987
b1010010 "
b11010011 *
b11100001 :
b11111111001 B
#31988
b10100011 "
b1110 *
b10100110 2
b11110 :
b11111111100 B
#31989
b101001 "
b11110101 *
b11111 2
b11100010 :
b11111111110 B
#31990
b10110000 "
b11001111 *
b10100111 2
b11100 :
b0 B
#31991
b11111110 "
b10100010 *
b10101000 2
b11100000 :
b11 B
#31992
b10100111 "
b10100111 *
b10100111 2
b1011001 :
b10 B
#31993
b10 "
b10100010 *
b11111 :
b100 B
#31994
b11110101 "
b10000011 *
b10101001 2
b1011011 :
b0 B
#31995
b1011100 "
b11101101 *
b10100110 2
b11100101 :
b11111111110 B
#31996
b101101 "
b1010010 *
b11011111 2
b10101000 :
#31997
b10100011 "
b1110 *
b1011001 2
b11100000 :
b11111111100 B
#31998
b10111010 "
b111110 *
b11101 2
b10100111 :
b11111111011 B
#31999
b100 "
b11010110 *
b11110 :
b11111111101 B
#32000
b1001001 "
b11000101 *
b1011001 :
b11111111111 B
#32001
b10100111 "
b1011001 *
b10101000 2
b10100110 :
b10 B
#32002
b10 "
b10100010 *
b1011001 2
b11100010 :
b1 B
#32003
b100 "
b101010 *
b11100011 2
b11111 :
#32004
b111110 "
b10111010 *
b1011000 2
b11100001 :
b11111111111 B
#32005
b1001000 "
b10011001 *
b1010110 2
b10100101 :
b11111111100 B
#32006
b1100111 "
b10111000 *
b1011000 2
b10100110 :
b11111111110 B
#32007
b11000010 "
b10111010 *
b10100111 2
b11100011 :
b11111111101 B
#32008
b11110101 "
b1111101 *
b1011001 2
b1011000 :
b11111111111 B
#32009
b1110010 "
b110101 *
b1011000 2
b10100111 :
#32010
b11110 "
b11110 *
b11110 2
b11100010 :
#32011
b1001001 "
b111011 *
b11101 2
b10100111 :
b0 B
#32012
b100 "
b101010 *
b11100010 :
#32013
b11101101 "
b10100100 *
b11100100 2
b1011010 :
b11111111111 B
#32014
b11000 "
b11011101 *
b11100011 2
b11110 :
b11111111110 B
#32015
b10111000 "
b10011001 *
b1011010 2
b1010111 :
#32016
b10011 "
b10100100 *
b11111 2
b1011001 :
#32017
b11001111 "
b1010000 *
b11100010 2
b10100111 :
b11111111101 B
#32018
b11111110 "
b10100010 *
b1011001 2
b11110 :
b11111111110 B
#32019
b1011001 "
b11110 *
b11100001 2
b1011001 :
b11111111111 B
#32020
b10100010 "
b11111110 *
b11100010 2
b10100110 :
b1 B
#32021
b100010 "
b10101001 *
b1011001 2
b11100010 :
b10 B
#32022
b111110 "
b10111010 *
b1011000 2
b11100001 :
b0 B
#32023
b10011001 "
b10111000 *
b10100110 2
b10101001 :
b11111111111 B
#32024
b100011 "
b11101000 *
b11101 2
b11100001 :
b11111111110 B
#32025
b11101101 "
b1011100 *
b11111 2
b1011001 :
b11111111101 B
#32026
b11011110 "
b10101001 *
b10100111 2
b11100011 :
b11111111100 B
#32027
b11101110 "
b100110 *
b11110 2
b11110 :
b11111111110 B
#32028
b11110 "
b1011001 *
b1011001 2
b11100011 :
b11111111111 B
#32029
b110101 "
b1110010 *
b1011010 2
b10101000 :
b0 B
#32030
b1010000 "
b11001111 *
b10100111 2
b11100010 :
b1 B
#32031
b11011111 "
b1111010 *
b1011001 2
b10100110 :
b10 B
#32032
b11101000 "
b100011 *
b11101 2
b11100010 :
b1 B
#32033
b11011101 "
b11000 *
b0 B
#32034
b11110101 "
b11010111 *
b11110 2
b11101 :
b11111111110 B
#32035
b1010000 "
b110001 *
b10101000 2
b11111 :
#32036
b10001110 "
b11001011 *
b1010111 2
b10100101 :
b11111111101 B
#32037
b11110 "
b1011001 *
b10100111 2
b11111 :
b11111111110 B
#32038
b11001011 "
b10001110 *
b1011000 2
b10100110 :
#32039
b1011 "
b1111101 *
b10100111 2
b1011001 :
#32040
b1011100 "
b11101101 *
b1011010 2
b11110 :
b11111111111 B
#32041
b10111000 "
b1100111 *
b10100111 2
b1011001 :
b0 B
#32042
b10011001 "
b1001000 *
b10101000 2
b1011010 :
#32043
b11011111 "
b10000110 *
b10100110 2
b10101000 :
#32044
b11110101 "
b1111101 *
b1011010 2
b1011000 :
b11111111111 B
#32045
b11000101 "
b10110111 *
b10101000 2
b100000 :
b11111111110 B
#32046
b1011001 "
b10100111 *
b10100110 2
b10101000 :
#32047
b100110 "
b11101110 *
b11100010 2
b11100010 :
b11111111100 B
#32048
b11001111 "
b10110000 *
b11100001 2
b1011001 :
b11111111110 B
#32049
b1000110 "
b111110 *
b11100100 2
b10100111 :
b0 B
#32050
b1010010 "
b11010011 *
b10100111 2
b11101 :
b10 B
#32051
b101101 "
b10101110 *
b11100010 2
b1011001 :
#32052
b101001 "
b11110101 *
b11100011 2
b11110 :
b1 B
#32053
b110001 "
b10110000 *
b11111 2
b1011001 :
#32054
b11011010 "
b11101110 *
b11101 2
b11100010 :
b11111111110 B
#32055
b10100111 "
b1011001 *
b10100101 2
b10101001 :
#32056
b11101110 "
b11011010 *
b11110 2
b11100001 :
#32057
b1011 "
b1111101 *
b10101000 2
b1011010 :
b11111111101 B
#32058
b10011 "
b1011100 *
b11100011 2
b1011001 :
b11111111110 B
#32059
b11101000 "
b100011 *
b11100010 2
b11110 :
b11111111111 B
#32060
b11011101 *
b11100010 :
#32061
b10000110 "
b100001 *
b10101000 2
b1011010 :
b0 B
#32062
b11001111 "
b1010000 *
b11111 2
b1011001 :
#32063
b11001011 "
b1110010 *
b1011011 2
b1010111 :
b11111111111 B
#32064
b1011001 "
b10100111 *
b10100110 2
b10101000 :
b11111111110 B
#32065
b100110 "
b11101110 *
b11100010 2
b11100010 :
b11111111101 B
#32066
b1111101 "
b11110101 *
b10100111 2
b10100111 :
b11111111110 B
#32067
b11000010 "
b1000110 *
b1011001 2
b11100010 :
b0 B
#32068
b1010010 "
b11010011 *
b10100111 2
b11110 :
#32069
b10100011 "
b1110 *
b1011001 2
b11100001 :
b11111111111 B
#32070
b10000110 "
b100001 *
b1011000 2
b10100110 :
#32071
b100 "
b11010110 *
b11101 2
b11110 :
b11111111110 B
#32072
b1110010 "
b110101 *
b10101000 2
b1011001 :
b11111111111 B
#32073
b11110 "
b11110 *
b11100010 2
b11110 :
b10 B
#32074
b1110010 "
b11001011 *
b1011011 2
b1011000 :
b0 B
#32075
b100 "
b101010 *
b11100100 2
b11111 :
#32076
b10000110 "
b11011111 *
b10100101 2
b10101000 :
b11111111101 B
#32077
b1010010 "
b11010011 *
b1011000 2
b11100001 :
b11111111010 B
#32078
b101101 *
b1011001 2
b11110 :
b11111111101 B
#32079
b1011 "
b101001 *
b11110 2
b11111 :
b11111111110 B
#32080
b100 "
b11010110 *
b11100011 2
b11100001 :
b1 B
#32081
b111011 "
b1001001 *
b1011000 2
b11100010 :
b10 B
#32082
b11100010 "
b11110 *
b11110 2
b11110 :
b100 B
#32083
b11000101 "
b1001001 *
b1011010 2
b11100 :
b11111111111 B
#32084
b110001 "
b1010000 *
b11011 2
b10100110 :
b0 B
#32085
b10000110 "
b11011111 *
b1011100 2
b1010111 :
b11111111110 B
#32086
b11101000 "
b100011 *
b11101 2
b11100001 :
b11111111100 B
#32087
b1011101 "
b11110010 *
b10100111 2
b11111 :
#32088
b10111010 "
b111110 *
b11110 2
b10100111 :
#32089
b11010110 "
b11111100 *
b11111 2
b11100011 :
b11111111110 B
#32090
b10010 "
b11011010 *
b11101 2
b11111 :
b1 B
#32091
b1011001 "
b11110 *
b11100001 2
b1011001 :
b101 B
#32092
b10001110 "
b110101 *
b10100101 2
b10101000 :
b100 B
#32093
b1011 "
b1111101 *
b10101010 2
b1011100 :
b10 B
#32094
b111110 "
b10111010 *
b1010111 2
b11011111 :
b11111111101 B
#32095
b1011101 "
b1110 *
b1011010 2
b11010 :
b11111111100 B
#32096
b11110010 "
b10100011 *
b11011111 2
b10101000 :
b11111111011 B
#32097
b1011 "
b101001 *
b11110 2
b11101 :
#32098
b10101001 "
b100010 *
b11100010 2
b1011001 :
#32099
b11101110 "
b100110 *
b11110 2
b11110 :
b11111111101 B
#32100
b1011001 "
b1011001 *
b1011010 2
b10101000 :
b1 B
#32101
b1001001 "
b111011 *
b11111 2
b10100111 :
b0 B
#32102
b100010 "
b10101001 *
b10100111 2
b11110 :
b10 B
#32103
b11110101 "
b101001 *
b11110 2
b11100001 :
#32104
b1110 "
b10100011 *
b11100011 2
b1011010 :
b11111111111 B
#32105
b100011 "
b11101000 *
b11111 :
b11111111110 B
#32106
b10100100 "
b11101101 *
b1011001 2
b11100001 :
b11111111111 B
#32107
b11111100 "
b101010 *
b11100011 2
b11100010 :
b11111111100 B
#32108
b110101 "
b10001110 *
b1011001 2
b1011000 :
b11111111110 B
#32109
b1011001 "
b10100111 *
b1011001 :
b10 B
#32110
b10100010 "
b11111110 *
b11100001 2
b10100111 :
b11111111111 B
#32111
b10000011 "
b1011 *
b10100110 2
b10101000 :
b0 B
#32112
b1011 "
b11010111 *
b11110 2
b11100001 :
b11111111110 B
#32113
b11101000 "
b100011 *
b11100010 2
b11110 :
#32114
b10101110 "
b11010011 *
b10100111 2
b11100011 :
#32115
b10000110 "
b100001 *
b1011010 :
b0 B
#32116
b11110101 "
b1111101 *
b1011001 2
b1011000 :
b11111111111 B
#32117
b111011 "
b1001001 *
b1011000 2
b11100010 :
b0 B
#32118
b10100111 "
b10100111 *
b10101000 2
b1011010 :
b11111111111 B
#32119
b11111110 "
b1011110 *
b1011001 2
b11100001 :
#32120
b1010111 "
b100010 *
b11100010 2
b10101000 :
#32121
b1011100 "
b11101101 *
b10100111 2
b11100100 :
b11111111110 B
#32122
b10100011 "
b11110010 *
b1011010 2
b11101 :
b11111111111 B
#32123
b11011101 "
b11000 *
b11110 2
b11100001 :
b11111111110 B
#32124
b10000110 "
b100001 *
b1011000 2
b10100110 :
b11111111111 B
#32125
b1011 "
b10000011 *
b1011010 2
b1011000 :
b11111111110 B
#32126
b11001011 "
b1110010 *
b10100111 2
b10101000 :
b11111111111 B
#32127
b11110 "
b11110 *
b11100010 2
b11110 :
b11111111110 B
#32128
b10100010 "
b11111110 *
b10100111 :
b11111111111 B
#32129
b11010110 "
b100 *
b11100011 :
b0 B
#32130
b10000110 "
b11011111 *
b10100110 2
b10100111 :
b11111111111 B
#32131
b1011101 "
b1110 *
b1011010 2
b11101 :
b11111111101 B
#32132
b11110010 "
b10100011 *
b11100001 2
b10100111 :
b11111111111 B
#32133
b11010111 "
b1011 *
b11100011 2
b11110 :
#32134
b100 "
b11010110 *
b11100010 :
b11111111110 B
#32135
b111011 "
b1001001 *
b1011000 2
#32136
b11110 "
b1011001 *
b1011001 2
b10 B
#32137
b10 "
b10100010 *
b10100111 2
b11111 :
b11111111111 B
#32138
b11111100 "
b11010110 *
b11100011 2
b11110 :
#32139
b1111010 "
b100001 *
b10100101 2
b10101000 :
b11111111110 B
#32140
b101101 "
b1010010 *
b11100001 2
#32141
b1011101 "
b11110010 *
b10100111 2
b11111 :
b11111111101 B
#32142
b11110101 "
b11010111 *
b11111 2
b11110 :
b11111111110 B
#32143
b10000011 "
b11110101 *
b1011001 2
b10100111 :
#32144
b100110 "
b10010 *
b11100010 2
b11110 :
b11111111101 B
#32145
b10100111 "
b10100111 *
b1011010 2
b10101000 :
b0 B
#32146
b10 "
b10100010 *
b11100011 :
#32147
b1011 "
b1111101 *
b10100110 2
b1011000 :
b10 B
#32148
b10000110 "
b11011111 *
b10100111 2
b10100110 :
b1 B
#32149
b101101 "
b1010010 *
b11111 2
b1011000 :
b10 B
#32150
b1001000 "
b1100111 *
b1011011 2
b1010111 :
b0 B
#32151
b111110 "
b1000110 *
b1011010 2
b11100 :
b11111111110 B
#32152
b11011110 "
b10101001 *
b10100110 2
b11100100 :
b11111111101 B
#32153
b1110010 "
b110101 *
b1010111 2
b10100101 :
b11111111110 B
#32154
b1011001 "
b11100010 *
b11100001 2
b10100111 :
#32155
b11011010 "
b10010 *
b11110 2
b11110 :
#32156
b11010110 "
b100 *
b11101 :
#32157
b10000110 "
b11011111 *
b1011000 2
b1011010 :
b0 B
#32158
b11101000 "
b100011 *
b11110 2
b11100010 :
b11111111101 B
#32159
b1011101 "
b11110010 *
b10100110 2
b11101 :
b1 B
#32160
b1111010 "
b11011111 *
b10100111 2
b1011010 :
b0 B
#32161
b100 "
b11010110 *
b11101 2
b11110 :
b1 B
#32162
b110101 "
b10001110 *
b1011011 2
b1010111 :
b0 B
#32163
b1011001 "
b1011001 *
b10101000 2
b1011010 :
b10 B
#32164
b10001110 "
b110101 *
b10100101 2
b10101001 :
b11111111101 B
#32165
b10000011 "
b1011 *
b10100110 2
b11111111111 B
#32166
b1011100 "
b11101101 *
b1011010 2
b11100 :
b11111111101 B
#32167
b1001000 "
b10011001 *
b1010111 2
b10100110 :
#32168
b10101110 "
b11010011 *
b10100111 2
b11100011 :
b11111111110 B
#32169
b11000010 "
b10111010 *
#32170
b1010111 "
b11011110 *
b11110 2
b10100111 :
b11111111111 B
#32171
b10001110 "
b11001011 *
b10101000 2
b1011001 :
#32172
b1011001 "
b1011001 *
b1011000 2
b10100110 :
b1 B
#32173
b1011110 "
b10 *
b11100000 2
b10101000 :
b0 B
#32174
b101010 "
b11111100 *
b11100001 2
b11100011 :
b11111111111 B
#32175
b1111010 "
b100001 *
b10100101 2
b10101001 :
b11111111100 B
#32176
b11000 "
b11011101 *
b11100010 2
b11110 :
b11111111011 B
#32177
b10111000 "
b10011001 *
b1011001 2
b1011001 :
b11111111101 B
#32178
b10111010 "
b111110 *
b11110 2
b10101000 :
b0 B
#32179
b110001 "
b10110000 *
b11101 2
b1011010 :
#32180
b1011110 "
b11111110 *
b11100010 2
b1011001 :
b1 B
#32181
b1011001 "
b1011001 *
b10101000 2
b1011010 :
#32182
b1110010 "
b11001011 *
b1011011 2
b1011000 :
#32183
b10000011 "
b1011 *
b10100101 2
b10101001 :
b11111111111 B
#32184
b1111010 "
b100001 *
b1011100 2
b1010111 :
b11111111101 B
#32185
b11000 "
b11011101 *
b11101 2
b11100001 :
#32186
b100011 "
b11101000 *
b11111111100 B
#32187
b11101101 "
b1011100 *
b11111 2
b1011001 :
#32188
b100010 "
b1010111 *
b1011001 2
b11110 :
#32189
b11111110 "
b10100010 *
b10101000 2
b11100000 :
b11111111110 B
#32190
b1011001 "
b11110 *
b100000 2
b10101000 :
b1 B
#32191
b1001001 "
b111011 *
b100 B
#32192
b10000011 "
b1011 *
b1011001 2
b1011001 :
#32193
b1000110 "
b111110 *
b11100001 2
b10101001 :
#32194
b100011 "
b11000 *
b11100000 2
b11100011 :
b0 B
#32195
b101101 "
b10101110 *
b11100110 2
b1011010 :
b11111111101 B
#32196
b101001 "
b11110101 *
b11100011 2
b11111 :
b11111111001 B
#32197
b1111101 "
b1011 *
b10101000 2
b1011010 :
b11111111011 B
#32198
b10100010 "
b10 *
b11110 2
b10100111 :
b11111111100 B
#32199
b10100111 "
b10100111 *
b1011010 2
b10101000 :
b11111111111 B
#32200
b1001001 "
b111011 *
b11100001 2
b1011001 :
b1 B
#32201
b100 "
b101010 *
b11100011 2
b11110 :
b10 B
#32202
b100001 "
b10000110 *
b1011000 2
b10100101 :
#32203
b10011001 "
b10111000 *
b10100101 2
b10101010 :
b11111111110 B
#32204
b1001000 "
b1100111 *
b1011011 2
b1010111 :
#32205
b11010111 "
b1011 *
b11100011 2
b11110 :
b11111111100 B
#32206
b11010110 "
b11111100 *
b11100010 2
b11101 :
b11111111101 B
#32207
b10110111 "
b111011 *
b11110 2
b1011000 :
b11111111110 B
#32208
b11110 "
b11110 *
b11100010 :
b11 B
#32209
b11101110 "
b11011010 *
b11100010 2
b11110 :
b11111111111 B
#32210
b1010111 "
b100010 *
b10101000 :
b0 B
#32211
b10111010 "
b11000010 *
b11111 2
b1011000 :
#32212
b1001000 "
b10011001 *
b10101001 2
b1011010 :
b11111111111 B
#32213
b10100011 "
b1110 *
b1011001 2
b11100000 :
b11111111110 B
#32214
b11101101 "
b1011100 *
b11100001 2
b10100111 :
#32215
b11010110 "
b11111100 *
b11110 2
b11100011 :
b11111111101 B
#32216
b110101 "
b10001110 *
b1011001 2
b1011000 :
b11111111110 B
#32217
b10100111 "
b11100010 *
b11110 2
b10100111 :
b11 B
#32218
b11001011 "
b10001110 *
b1011000 2
b10100101 :
b11111111111 B
#32219
b11111100 "
b11010110 *
b11101 2
b11100001 :
b1 B
#32220
b10100100 "
b10011 *
b10100110 2
b11100101 :
b11111111110 B
#32221
b1100111 "
b1001000 *
b1011011 2
b1010110 :
b11111111100 B
#32222
b100011 "
b11101000 *
b11110 2
b11100001 :
#32223
b10111010 "
b111110 *
b11100010 2
b1011001 :
#32224
b10101001 "
b100010 *
b11100001 2
b1011000 :
b11111111110 B
#32225
b11001011 "
b1110010 *
b1010111 2
b1011010 :
b1 B
#32226
b10100111 "
b1011001 *
b1011000 2
b10 B
#32227
b10 "
b10100010 *
b10100111 2
b11110 :
#32228
b110001 "
b1010000 *
b11101 2
b10100111 :
b1 B
#32229
b11000010 "
b1000110 *
b1010111 2
b11100001 :
b11111111111 B
#32230
b1110 "
b10100011 *
b11100100 2
b1011010 :
#32231
b1100111 "
b10111000 *
b10101010 2
b1011011 :
b11111111101 B
#32232
b10011 "
b10100100 *
b11111 2
b1011000 :
b11111111110 B
#32233
b10110000 "
b11001111 *
b1011001 2
b11100001 :
b11111111101 B
#32234
b1011110 "
b11111110 *
b11100011 2
b1011010 :
b11111111110 B
#32235
b11110 "
b11110 *
b11100010 2
b11110 :
#32236
b10110111 "
b11000101 *
b11110 2
b10101000 :
b11111111111 B
#32237
b101010 "
b11111100 *
b11101 :
b0 B
#32238
b10011 "
b1011100 *
b11100011 2
b1011001 :
b1 B
#32239
b10111000 "
b1100111 *
b10101001 2
b1011010 :
b11111111101 B
#32240
b100011 "
b11101000 *
b11110 2
b11100001 :
b11111111111 B
#32241
b11110101 "
b11010111 *
b11100010 2
b11100011 :
b11111111110 B
#32242
b1010111 "
b11011110 *
b11101 2
b10100111 :
#32243
b1011110 "
b11111110 *
b11110 2
b11111111101 B
#32244
b11100010 "
b11110 *
b11110 :
b11111111111 B
#32245
b10001110 "
b110101 *
b1011001 2
b1011001 :
b1 B
#32246
b10110000 "
b110001 *
b11101 :
b0 B
#32247
b11000010 "
b1000110 *
b1011000 2
b11100001 :
#32248
b11011101 "
b11101000 *
b11110 2
b11101 :
b11111111111 B
#32249
b1011101 "
b11110010 *
b10100111 2
b100000 :
b11111111110 B
#32250
b101001 "
b11110101 *
b11100011 2
b11110 :
b11111111101 B
#32251
b11001111 "
b1010000 *
b11100001 2
b10100111 :
#32252
b11111110 "
b10100010 *
b1011001 2
b11110 :
b11111111110 B
#32253
b11100010 "
b1011001 *
b10100111 2
b11100010 :
#32254
b100110 "
b11101110 *
b11110 2
b11110 :
b1 B
#32255
b100010 "
b10101001 *
b1011001 2
b11100010 :
#32256
b11010111 "
b11110101 *
b11100001 2
b0 B
#32257
b100011 "
b11000 *
b11110 2
b11101 :
b11111111111 B
#32258
b101101 "
b10101110 *
b11100 2
b10100110 :
b11111111101 B
#32259
b1000110 "
b11000010 *
b10100111 :
#32260
b100 "
b11010110 *
b11100011 2
b11100010 :
b11111111110 B
#32261
b11001011 "
b1110010 *
b1011001 2
b1011000 :
#32262
b11110 "
b1011001 *
b11100010 :
b10 B
#32263
b11011010 "
b10010 *
b11110 2
b11110 :
b11111111111 B
#32264
b100010 "
b10101001 *
b10101000 2
#32265
b101001 "
b1011 *
b11100001 2
b11100010 :
b0 B
#32266
b1001000 "
b10011001 *
b10101001 2
b1011010 :
b11111111111 B
#32267
b11101000 "
b11011101 *
b11111 2
b11101 :
b11111111101 B
#32268
b10000110 "
b100001 *
b1011000 2
b10100101 :
b11111111110 B
#32269
b11110101 "
b1111101 *
b10100110 2
b10101000 :
b11111111011 B
#32270
b10 "
b1011110 *
b10100111 2
b11100010 :
b11111111110 B
#32271
b11110 "
b1011001 *
b11101 :
#32272
b11101110 "
b11011010 *
b11110 2
b11100011 :
b1 B
#32273
b11110101 "
b10000011 *
b1011001 2
b10101000 :
#32274
b10011 "
b1011100 *
b11100011 2
b1011001 :
b11 B
#32275
b10111000 "
b1100111 *
b10101010 2
b1011011 :
b1 B
#32276
b10011001 "
b1001000 *
b1011100 :
b11111111111 B
#32277
b10000110 "
b100001 *
b10101011 2
b1011101 :
b11111111101 B
#32278
b11110101 "
b1111101 *
b1011100 2
b1010110 :
b11111111100 B
#32279
b11111110 "
b10100010 *
b10100110 2
b11100100 :
b11111111011 B
#32280
b11100010 "
b1011001 *
b1011001 2
b11101 :
#32281
b10110111 "
b11000101 *
b11100001 2
b1011001 :
b11111111110 B
#32282
b10110000 "
b110001 *
b1011001 2
b11111 :
b11111111111 B
#32283
b10011 "
b1011100 *
b11111 2
b10100111 :
b10 B
#32284
b11010011 "
b10101110 *
b11110 2
b1011001 :
#32285
b10101110 "
b11010011 *
b1011001 2
b11101 :
#32286
b10000110 "
b100001 *
b1010111 2
b10100101 :
b11111111111 B
#32287
b100 "
b11010110 *
b11111 2
b11101 :
#32288
b110101 "
b10001110 *
b1011011 2
b1010111 :
b11111111110 B
#32289
b10100111 "
b10100111 *
b1010111 2
b10100101 :
b11111111011 B
#32290
b11101110 "
b11011010 *
b11110 2
b11100010 :
b11111111101 B
#32291
b110001 "
b1010000 *
b11100011 2
b1011010 :
b11111111110 B
#32292
b10111010 "
b11000010 *
b11100010 2
b10100111 :
b0 B
#32293
b11011101 "
b11101000 *
b11100010 :
b11111111111 B
#32294
b10100011 "
b1110 *
b10100111 2
b11111 :
#32295
b101001 "
b11110101 *
b11101 2
b11100010 :
b0 B
#32296
b11010110 "
b11111100 *
b11100010 2
b11101 :
b11111111110 B
#32297
b11011010 "
b11101110 *
b11110 :
#32298
b11100010 "
b1011001 *
b1011001 2
b11 B
#32299
b10001110 "
b110101 *
b1011010 2
b1010111 :
b0 B
#32300
b1111101 "
b11110101 *
b10100110 2
b10101001 :
b1 B
#32301
b10000110 "
b11011111 *
b1011100 2
b1010111 :
b11111111101 B
#32302
b10011001 "
b10111000 *
b1011011 2
b1010110 :
#32303
b11000 "
b100011 *
b11100001 2
b11100011 :
b11111111100 B
#32304
b1111010 "
b11011111 *
b10101000 2
b1011010 :
#32305
b10110000 "
b11001111 *
b1011010 2
b11100011 :
b11111111011 B
#32306
b10100010 "
b10 *
b100000 2
b10101000 :
b11111111111 B
#32307
b11110 "
b10100111 *
b1011001 2
b11111 :
b1 B
#32308
b10001110 "
b110101 *
b10101000 2
b10100110 :
b100 B
#32309
b11001111 "
b10110000 *
b11101 2
b10100111 :
b10 B
#32310
b1011100 "
b11101101 *
b1011010 2
b11100 :
b1 B
#32311
b11010011 "
b10101110 *
b11011111 2
b10101001 :
b11111111111 B
#32312
b11110010 "
b10100011 *
b11011110 2
b10101000 :
b11111111110 B
#32313
b11000010 "
b10111010 *
b10100110 2
b11100100 :
b11111111011 B
#32314
b100010 "
b1010111 *
b1011010 2
b11100 :
b11111111010 B
#32315
b1001001 "
b11000101 *
b11100010 2
b10101000 :
b11111111110 B
#32316
b11100010 "
b10100111 *
b10100111 2
b11101 :
#32317
b10110111 "
b11000101 *
b11100000 2
b1011000 :
b11111111111 B
#32318
b10101001 "
b11011110 *
b11101 2
b1011001 :
b1 B
#32319
b11010111 "
b11110101 *
b11111 2
b11110 :
b100 B
#32320
b100011 "
b11000 *
b11100010 2
b11100011 :
b1 B
#32321
b11010011 "
b1010010 *
b11011 2
b10100111 :
b11111111101 B
#32322
b11010111 "
b1011 *
b11101 2
b11100010 :
#32323
b10110000 "
b11001111 *
b1011001 2
b11100001 :
#32324
b10001110 "
b11001011 *
b1010111 2
b10100101 :
b11111111110 B
#32325
b1011001 "
b11100010 *
b11111 2
b1011001 :
#32326
b110101 "
b1110010 *
b10100111 2
#32327
b101010 "
b11111100 *
b11110 2
b11101 :
#32328
b10011 "
b1011100 *
b11100001 2
b1011001 :
b0 B
#32329
b1001000 "
b10011001 *
b1011010 2
b10101000 :
b11111111101 B
#32330
b10101110 "
b11010011 *
b10101000 2
b11100001 :
b10 B
#32331
b11101101 "
b1011100 *
b11110 2
b1011001 :
#32332
b10110000 "
b11001111 *
b10100111 2
b11111 :
#32333
b11101110 "
b100110 *
b11110 2
b11101 :
b11111111111 B
#32334
b11110 "
b10100111 *
b10100110 2
b11100100 :
b11111111110 B
#32335
b11101110 "
b11011010 *
b11100011 2
b11111 :
b11111111101 B
#32336
b1011 "
b1111101 *
b1011000 2
b10100111 :
b11111111110 B
#32337
b11000010 "
b1000110 *
b11100010 :
b11111111100 B
#32338
b10011001 "
b10111000 *
b1011010 :
b0 B
#32339
b11000 "
b100011 *
b11100010 2
b11100010 :
b11111111111 B
#32340
b11010111 "
b1011 *
b11111 2
b11100001 :
b1 B
#32341
b100 "
b11010110 *
b11101 2
b11110 :
b0 B
#32342
b10110111 "
b111011 *
b11100000 2
b10101000 :
#32343
b10100111 "
b1011001 *
b10100110 2
b10 B
#32344
b10110111 "
b11000101 *
b11100 2
b10100110 :
b11111111100 B
#32345
b10110000 "
b110001 *
b10100111 2
b11100011 :
b11111111110 B
#32346
b11010111 "
b11110101 *
b11100001 2
b11100010 :
#32347
b11000 "
b11011101 *
b11110 2
b11111111111 B
#32348
b11101000 "
b11100010 2
b11111111101 B
#32349
b10011 "
b10100100 *
b10100110 :
b0 B
#32350
b1011 "
b10000011 *
b10100111 2
b10101000 :
#32351
b1011110 "
b11111110 *
b11110 2
b10100111 :
#32352
b11100010 "
b11100010 *
b11100010 2
b11110 :
b11111111111 B
#32353
b100110 "
b11101110 *
b11100010 :
b1 B
#32354
b1011 "
b1111101 *
b1010111 2
b10100110 :
b0 B
#32355
b10100100 "
b10011 *
b1011010 2
b11011 :
#32356
b1110 "
b10100011 *
b11100100 2
b1011010 :
b11111111110 B
#32357
b1100111 "
b10111000 *
b10101001 2
b1011011 :
b11111111100 B
#32358
b100001 "
b1111010 *
b10100110 2
b10101000 :
b11111111110 B
#32359
b100010 "
b1010111 *
b10100111 2
b11100010 :
#32360
b11011010 "
b11101110 *
b11110 2
#32361
b11110 "
b11110 *
b11100010 2
b11110 :
b1 B
#32362
b1011110 "
b10 *
b11110 2
b1011001 :
b0 B
#32363
b1011 "
b1111101 *
b10100111 2
#32364
b100001 "
b10000110 *
b1011001 2
b10100110 :
b11111111111 B
#32365
b1011101 "
b1110 *
b1011010 2
b11101 :
b0 B
#32366
b100011 "
b11101000 *
b11110 2
b11100001 :
#32367
b1011 "
b101001 *
b11101 :
b11111111111 B
#32368
b100 "
b11010110 *
b11100010 2
b11100010 :
b11111111110 B
#32369
b10110111 "
b111011 *
b100000 2
b1011000 :
b11111111101 B
#32370
b10100111 "
b1011001 *
b1011010 2
b0 B
#32371
b1011110 "
b10 *
b11100001 2
b10100111 :
b11111111100 B
#32372
b1010111 "
b100010 *
b11100010 2
b11111111110 B
#32373
b10100100 "
b10011 *
b1011001 2
b11111 :
#32374
b1010010 "
b11010011 *
b10100111 2
b11101 :
b11111111111 B
#32375
b1001000 "
b1100111 *
b10101000 2
b10100111 :
b10 B
#32376
b1011100 "
b10011 *
b10100111 2
b11110 :
b1 B
#32377
b101010 "
b100 *
b11100010 2
b11101 :
b0 B
#32378
b1001001 "
b11000101 *
b100000 2
b1011000 :
b11111111111 B
#32379
b11110 "
b10100111 *
b1011001 2
b11101 :
b11 B
#32380
b11000101 "
b1001001 *
b10100110 2
b11100100 :
b11111111100 B
#32381
b10000011 "
b1011 *
b10101001 :
b11111111111 B
#32382
b11011111 "
b1111010 *
b10101000 2
b1011011 :
b11111111110 B
#32383
b10100011 "
b11110010 *
b10100110 2
b11100011 :
b11111111101 B
#32384
b11110010 "
b10100011 *
b11100001 2
b10100111 :
b11111111110 B
#32385
b10000110 "
b100001 *
b10101000 2
b1011010 :
b11111111111 B
#32386
b10101001 "
b100010 *
b11100011 2
b1011001 :
b11111111110 B
#32387
b10 "
b1011110 *
b1011001 2
b11110 :
b11111111111 B
#32388
b1011001 "
b1011001 *
b1011000 2
b10100110 :
#32389
b10001110 "
b110101 *
b1011010 2
b1011000 :
b1 B
#32390
b10101001 "
b11011110 *
b100000 2
b1010111 :
b11111111111 B
#32391
b101001 "
b1011 *
b11100001 2
b11100010 :
b11111111110 B
#32392
b1100111 "
b1001000 *
b10100110 2
b10101001 :
b11111111100 B
#32393
b11110010 "
b10100011 *
b11111 2
b1011001 :
b11111111101 B
#32394
b11101101 "
b1011100 *
b11100010 2
b10100110 :
#32395
b100 "
b11010110 *
b11101 2
b11110 :
b11111111110 B
#32396
b11111110 "
b10100010 *
b1011001 2
b11111 :
b0 B
#32397
b1011001 "
b11100010 *
b11101 2
b1011001 :
b10 B
#32398
b1011110 "
b10 *
b11110 2
#32399
b10000011 "
b1011 *
b10100110 2
b10101000 :
b1 B
#32400
b10000110 "
b11011111 *
b10100101 2
b11111111111 B
#32401
b11110010 "
b1011101 *
b11100100 2
b1011010 :
b11111111110 B
#32402
b11000 "
b100011 *
b11111 2
b11101 :
b11111111101 B
#32403
b10111010 "
b111110 *
b11100100 2
b1011001 :
b11111111110 B
#32404
b10000011 "
b11110101 *
b10101000 2
b1011010 :
b11111111011 B
#32405
b10001110 "
b11001011 *
b10100111 2
b1011001 :
b11111111110 B
#32406
b1011001 "
b10100111 *
b10101000 2
b10100110 :
b11111111111 B
#32407
b11001011 "
b10001110 *
b10100110 2
b1011000 :
b0 B
#32408
b10101001 "
b11011110 *
b11110 2
b1011001 :
b1 B
#32409
b111110 "
b10111010 *
b10101000 2
b11110 :
b10 B
#32410
b10011001 "
b10111000 *
b1011010 2
b1010111 :
b11111111111 B
#32411
b1011101 "
b11110010 *
b10100111 2
b100000 :
#32412
b10011 "
b10100100 *
b11111 2
b1011000 :
b11111111101 B
#32413
b11001111 "
b1010000 *
b11100001 2
b10100111 :
#32414
b11001011 "
b1110010 *
b10100101 2
b10101001 :
b11111111110 B
#32415
b11110 "
b10100111 *
b1011001 2
b11101 :
#32416
b10010 "
b100110 *
b11100010 2
b11110 :
b11111111101 B
#32417
b11111100 "
b11010110 *
b11101 2
b11100010 :
b11111111111 B
#32418
b11000010 "
b1000110 *
b10100111 2
b11110 :
b0 B
#32419
b100011 "
b11000 *
b11110 2
b11111111110 B
#32420
b10101110 "
b11010011 *
b10100111 2
b11100010 :
b11111111111 B
#32421
b100001 "
b1111010 *
b1011010 2
b1011001 :
b0 B
#32422
b11011110 "
b10101001 *
b10100111 2
b11100010 :
b1 B
#32423
b11011010 "
b11101110 *
b11100011 2
b11110 :
b11111111111 B
#32424
b10100111 "
b11110 *
b11111 2
b1011001 :
b1 B
#32425
b111011 "
b10110111 *
b10100110 2
b11100100 :
b11111111110 B
#32426
b10000011 "
b1011 *
b1011010 2
b1010111 :
#32427
b10111010 "
b11000010 *
b11111 2
b1011000 :
#32428
b11110010 "
b1011101 *
b11101 2
b10100110 :
b11111111101 B
#32429
b11000 "
b100011 *
b11100010 2
b11100010 :
b11111111110 B
#32430
b11011111 "
b10000110 *
b1011010 2
b1011001 :
b11111111111 B
#32431
b1010000 "
b110001 *
b10100111 2
b11110 :
b0 B
#32432
b10001110 "
b11001011 *
b1011000 2
b10100111 :
b11111111111 B
#32433
b11110 "
b11110 *
b11100010 2
b11110 :
#32434
b1001001 "
b111011 *
b11100011 2
b1011001 :
b0 B
#32435
b1011 "
b1111101 *
b10101000 2
b1011010 :
#32436
b11101101 "
b10100100 *
b11100 2
b10100111 :
b11111111111 B
#32437
b11011101 "
b11101000 *
b11100010 2
b11100011 :
#32438
b1001000 "
b1100111 *
b1011011 2
b1010111 :
b11111111110 B
#32439
b1011100 "
b10011 *
b1011001 2
b11100001 :
b11111111101 B
#32440
b11001111 "
b1010000 *
b11111 2
b1011001 :
#32441
b1110010 "
b110101 *
b1011000 2
b10100111 :
b11111111110 B
#32442
b11100010 "
b1011001 *
b1011001 2
b11110 :
#32443
b100110 "
b11101110 *
b11100010 2
b11100010 :
b0 B
#32444
b11111100 "
b11010110 *
b11100011 2
b11110 :
b1 B
#32445
b10100100 "
b10011 *
b1011001 2
b11101 :
b0 B
#32446
b11000 "
b11011101 *
b11100010 2
b11110 :
b11111111110 B
#32447
b1001000 "
b1100111 *
b10100110 2
b10101000 :
b11111111111 B
#32448
b11000010 "
b10111010 *
b1011001 2
b11101 :
b0 B
#32449
b10000011 "
b11110101 *
b1011000 2
b10100110 :
b11111111110 B
#32450
b11101110 "
b100110 *
b11100010 2
b11100010 :
b11111111111 B
#32451
b1011001 "
b11100010 *
b11111 2
b1011001 :
#32452
b11000101 "
b1001001 *
b10100111 2
b11100011 :
b0 B
#32453
b11111100 "
b11010110 *
b11101 2
b11100001 :
b11111111110 B
#32454
b1000110 "
b111110 *
b11110 2
b1011000 :
b11111111111 B
#32455
b10011001 "
b10111000 *
b10100111 2
b10101000 :
b11111111100 B
#32456
b1001000 *
b1011001 :
b11111111111 B
#32457
b11101101 "
b1011100 *
b11110 2
#32458
b101010 "
b100 *
b11100011 :
b0 B
#32459
b1110010 "
b110101 *
b1011000 2
b10100111 :
b11111111111 B
#32460
b10100111 "
b1011001 *
b1011010 2
b1011000 :
b11 B
#32461
b11111110 "
b1011110 *
b1011000 2
b11011111 :
b0 B
#32462
b11001111 "
b10110000 *
b11100101 2
b1011010 :
b11111111110 B
#32463
b11110101 "
b101001 *
b11110 2
b11100001 :
b11111111011 B
#32464
b1001000 "
b10011001 *
b10101000 2
b1011001 :
b11111111100 B
#32465
b11000 "
b100011 *
b11100010 2
b11100010 :
b11111111110 B
#32466
b11010111 "
b1011 *
b11111 2
b0 B
#32467
b10110000 "
b11001111 *
b1011010 2
b11100011 :
#32468
b100110 "
b10010 *
b11100010 2
b11110 :
b11 B
#32469
b10100111 "
b11110 *
b11100001 2
b10100111 :
b1 B
#32470
b11101110 "
b11011010 *
b11100 2
b11100001 :
b0 B
#32471
b11001111 "
b10110000 *
b11011 2
b10100110 :
b11111111110 B
#32472
b10000110 "
b11011111 *
b10100101 2
b10101000 :
b11111111010 B
#32473
b10100011 "
b11110010 *
b10100110 2
b11100010 :
b11111111100 B
#32474
b1010010 "
b101101 *
b1011000 2
b11111 :
b11111111101 B
#32475
b101001 "
b11110101 *
b11111 2
b11100010 :
b0 B
#32476
b101010 "
b100 *
b11100011 :
b10 B
#32477
b10010 "
b11011010 *
b11100010 2
b11100010 :
b11 B
#32478
b11110 "
b10100111 *
b10100111 2
b11100011 :
b101 B
#32479
b1011110 "
b10 *
b11011110 2
b10101000 :
b0 B
#32480
b100 "
b101010 *
b11100 2
b11100001 :
b11111111111 B
#32481
b1011100 "
b11101101 *
b10100101 2
b11100111 :
b11111111010 B
#32482
b11101000 "
b100011 *
b11101 2
b11100001 :
#32483
b11000 "
b11100010 2
b11100010 :
b11111111001 B
#32484
b1011 "
b101001 *
b11100001 :
b11111111100 B
#32485
b10000011 "
b11110101 *
b1011011 2
b10101001 :
b0 B
#32486
b10 "
b1011110 *
b10101000 2
b11011111 :
b10 B
#32487
b1011001 "
b11100010 *
b11101 2
b1011001 :
b11 B
#32488
b10001110 "
b110101 *
b10100111 2
b10100111 :
b101 B
#32489
b10000011 "
b1011 *
b10100101 2
b10101001 :
b1 B
#32490
b10011 "
b1011100 *
b11100110 2
b1011010 :
b0 B
#32491
b11010011 "
b10101110 *
b11011110 2
b10101001 :
b11111111101 B
#32492
b11110010 "
b10100011 *
b10101000 :
b11111111011 B
#32493
b11101101 "
b1011100 *
b100000 2
b1011000 :
b11111111001 B
#32494
b1010111 "
b11011110 *
b11110 2
b10100111 :
b11111111010 B
#32495
b111011 "
b1001001 *
b1011001 2
b11100011 :
b11111111100 B
#32496
b11110 "
b1011001 *
b1011010 2
b11100101 :
b1 B
#32497
b11111110 "
b1011110 *
b11100100 :
#32498
b100 "
b101010 *
b11101 2
b11100010 :
b100 B
#32499
b10111010 "
b11000010 *
b11110 2
b1011000 :
b10 B
#32500
b1010010 "
b11010011 *
b10101000 2
b11111 :
b11111111110 B
#32501
b10011001 "
b1001000 *
b1011000 2
b10100110 :
b11111111111 B
#32502
b1011100 "
b10011 *
b10100111 2
b11111 :
b11111111110 B
#32503
b110001 "
b10110000 *
b11111 2
b1011001 :
b11111111111 B
#32504
b1110010 "
b110101 *
b10101001 2
b1011011 :
b11111111110 B
#32505
b10100111 "
b1011001 *
b10100110 2
b10101000 :
#32506
b1110010 "
b11001011 *
b1011001 2
b1011001 :
#32507
b1011 "
b1111101 *
b10100111 2
b1011000 :
#32508
b101001 "
b1011 *
b11101 2
b11110 :
b0 B
#32509
b10011001 "
b10111000 *
b10101000 2
b10100110 :
b1 B
#32510
b10111000 "
b10011001 *
b10100110 2
b10101000 :
b10 B
#32511
b11011111 "
b10000110 *
b10100101 2
b1 B
#32512
b10000011 "
b11110101 *
b10101001 2
b1011011 :
b11111111110 B
#32513
b1011110 "
b11111110 *
b11100 2
b10100110 :
b11111111101 B
#32514
b10100111 "
b11100010 *
b11100011 2
b1011001 :
b11111111110 B
#32515
b10010 "
b100110 *
b11110 2
b11100010 :
#32516
b11110101 "
b10000011 *
b10100111 2
b1011001 :
b11111111111 B
#32517
b1111010 "
b100001 *
b10100110 2
b10100111 :
b0 B
#32518
b101101 "
b1010010 *
b11100001 2
b10101000 :
#32519
b11110010 "
b10100011 *
b11111 2
b1011001 :
b11111111111 B
#32520
b1000110 "
b11000010 *
b11100100 2
b11111111110 B
#32521
b100010 "
b1010111 *
b10100111 2
b11100011 :
#32522
b110101 "
b10001110 *
b1011001 2
b1011000 :
#32523
b10100111 "
b10100111 *
b10100111 :
b11111111111 B
#32524
b1011110 "
b10 *
b11110 2
b1011001 :
#32525
b10110000 "
b110001 *
b10100110 2
b11100011 :
b0 B
#32526
b10011 "
b1011100 *
b11100011 2
b1011001 :
b11111111111 B
#32527
b10011001 "
b10111000 *
b10100111 2
b10101000 :
#32528
b11011101 "
b11000 *
b11100011 2
b11111 :
#32529
b10011 "
b10100100 *
b11100001 2
b10100111 :
#32530
b101010 "
b100 *
b11110 2
b11100010 :
b11111111100 B
#32531
b11011010 "
b11101110 *
b11100010 2
b11110 :
b11111111110 B
#32532
b10100111 "
b1011001 *
b1011001 2
b1011001 :
b0 B
#32533
b11011010 "
b10010 *
b11110 2
b11110 :
#32534
b11111100 "
b11010110 *
b11100011 2
#32535
b1111010 "
b100001 *
b10100110 2
b10100111 :
#32536
b1110 "
b10100011 *
b11100011 2
b1011010 :
b11111111110 B
#32537
b10101110 "
b11010011 *
b1011001 2
b11101 :
b11111111111 B
#32538
b1011 "
b101001 *
b11100010 2
b11100011 :
#32539
b100 "
b11010110 *
b11101 2
b11110 :
#32540
b10010 "
b11011010 *
b11110 2
b11101 :
b11111111101 B
#32541
b11110 "
b1011001 *
b10100111 2
b11111 :
b10 B
#32542
b1001001 "
b111011 *
b11100011 2
b1011001 :
b11111111101 B
#32543
b1111101 "
b11110101 *
b1011010 2
b1011000 :
b11111111110 B
#32544
b1000110 "
b111110 *
b11110 2
b11111111111 B
#32545
b11011101 "
b11101000 *
b11100010 2
b11100010 :
b11111111110 B
#32546
b101101 "
b10101110 *
b11101 2
b10100111 :
b11111111111 B
#32547
b11010111 "
b1011 *
b11100011 2
b11110 :
b0 B
#32548
b10000011 "
b11110101 *
b10101000 2
b1011010 :
b11111111111 B
#32549
b10001110 "
b11001011 *
b10101001 2
b1011011 :
b11111111110 B
#32550
b11100010 "
b11100010 *
b11100010 2
b11110 :
b11111111111 B
#32551
b11111110 "
b1011110 *
b1011001 2
b11100001 :
b11111111110 B
#32552
b11111100 "
b11010110 *
b11100011 2
b11110 :
b0 B
#32553
b1000110 "
b111110 *
b11100010 2
b10101000 :
b11111111110 B
#32554
b11110010 "
b1011101 *
b11110 2
b10100110 :
#32555
b1100111 "
b10111000 *
b10100111 2
b1011001 :
b11111111111 B
#32556
b100001 "
b1111010 *
b10100110 2
b10100110 :
b0 B
#32557
b1010111 "
b11011110 *
b11100010 2
b1011001 :
#32558
b10110111 "
b111011 *
b10101000 :
#32559
b11100010 "
b1011001 *
b10100111 2
b11100011 :
b1 B
#32560
b1110010 "
b11001011 *
b1011011 2
b1011000 :
b11111111111 B
#32561
b101010 "
b11111100 *
b11111 2
b11100 :
#32562
b100001 "
b10000110 *
b1011000 2
b10100101 :
b11111111101 B
#32563
b1110 "
b10100011 *
b11101 2
b10100110 :
b11111111001 B
#32564
b11110010 "
b11100010 2
b11111111110 B
#32565
b1011100 "
b10011 *
b1011001 2
b11100011 :
b11111111111 B
#32566
b1011 "
b10000011 *
b10100111 2
b10100111 :
b0 B
#32567
b11000101 "
b10110111 *
b10101000 2
b11110 :
b1 B
#32568
b1011001 "
b10100111 *
b10100110 2
b10101000 :
b0 B
#32569
b111011 "
b10110111 *
b10100111 2
b11100011 :
b11111111111 B
#32570
b11110101 "
b10000011 *
b10101000 2
b1011001 :
b11111111110 B
#32571
b1011 "
b11010111 *
b11100010 2
b11111 :
b11111111111 B
#32572
b1001000 "
b10011001 *
b10101000 2
b1011001 :
b0 B
#32573
b10100011 "
b1110 *
b1011001 2
b11100001 :
b11111111110 B
#32574
b10111010 "
b111110 *
b11101 2
b10100111 :
b0 B
#32575
b11110101 "
b1111101 *
b10100110 2
b10101000 :
b11111111110 B
#32576
b10001110 "
b11001011 *
b1011000 2
b10100111 :
b11111111111 B
#32577
b10100111 "
b11100010 *
b11101 2
b11111111110 B
#32578
b11001011 "
b10001110 *
b1011001 2
b0 B
#32579
b101010 "
b11111100 *
b11110 2
b11101 :
b11111111111 B
#32580
b101001 "
b1011 *
b11111 2
b11110 :
b0 B
#32581
b11000 "
b11011101 *
b11110 2
b11100010 :
b11111111101 B
#32582
b1011101 "
b11110010 *
b1011001 2
b11100001 :
#32583
b100001 "
b1111010 *
b1011010 2
b1011001 :
b0 B
#32584
b1111101 "
b1011 *
b1011000 2
b10100111 :
b11111111110 B
#32585
b11001011 "
b1110010 *
b1011001 2
b1011001 :
b11111111111 B
#32586
b10100111 "
b11100010 *
b11100010 2
b0 B
#32587
b10010 "
b100110 *
b11110 2
b11100010 :
#32588
b1011 "
b1111101 *
b1011001 2
b10100111 :
b1 B
#32589
b10011 "
b1011100 *
b11100 2
b0 B
#32590
b10111000 "
b1100111 *
b1010111 2
b10100110 :
#32591
b11000 "
b100011 *
b11100001 2
b11100011 :
b11111111110 B
#32592
b11000010 "
b10111010 *
b1011001 2
b11100 :
#32593
b11111100 "
b101010 *
b11100011 2
b11100010 :
b11111111011 B
#32594
b11000101 "
b10110111 *
b1011000 2
b11111111110 B
#32595
b11110 "
b1011001 *
b10100111 2
b11101 :
b10 B
#32596
b100110 "
b11101110 *
b11110 2
b11110 :
b11111111111 B
#32597
b1010000 "
b11001111 *
b1011010 2
b11101 :
b1 B
#32598
b11000010 "
b1000110 *
b10101000 2
b11111 :
b0 B
#32599
b10101110 "
b101101 *
b11111111111 B
#32600
b1001000 "
b1100111 *
b1011011 2
b1010111 :
b11111111110 B
#32601
b11101101 "
b1011100 *
b11111 2
b1011001 :
#32602
b11110101 "
b1111101 *
b1011010 2
b1011000 :
b11111111101 B
#32603
b10110111 "
b111011 *
b11110 2
b11111111110 B
#32604
b10100111 "
b11100010 *
b11100010 2
b1011001 :
#32605
b10001110 "
b110101 *
b1011000 2
b1011010 :
b11111111111 B
#32606
b110001 "
b1010000 *
b11110 2
b10100111 :
b1 B
#32607
b1011 "
b11010111 *
b11100010 2
b11111 :
#32608
b11000 "
b11011101 *
b11100011 2
b11110 :
#32609
b10101110 "
b11010011 *
b1011001 2
b11011 :
b11111111110 B
#32610
b11101101 "
b1011100 *
b11100001 2
b10101000 :
#32611
b11111100 "
b101010 *
b11100011 2
b11100010 :
b11111111101 B
#32612
b11101110 "
b100110 *
b11100010 2
b11100011 :
b11111111110 B
#32613
b10100111 "
b10100111 *
b1011000 2
b10100110 :
b10 B
#32614
b11101110 "
b11011010 *
b11110 2
b11100001 :
b11111111101 B
#32615
b11010110 "
b100 *
b11100001 2
b11100011 :
b11111111111 B
#32616
b11000010 "
b1000110 *
b10101000 2
b11111 :
b11111111110 B
#32617
b1110 "
b10100011 *
b11101 2
b10100110 :
b11111111011 B
#32618
b10111000 "
b10011001 *
b10100111 2
b10100111 :
b11111111110 B
#32619
b10011 "
b10100100 *
b11100011 2
b11111111111 B
#32620
b1111101 "
b1011 *
b1011001 2
b0 B
#32621
b10100010 "
b10 *
b11100010 2
b1011001 :
b1 B
#32622
b11100010 "
b11110 *
b11110 2
b11110 :
b0 B
#32623
b100110 "
b11101110 *
b11100010 2
b11100010 :
b1 B
#32624
b1111101 "
b11110101 *
b10100110 2
b10101001 :
b0 B
#32625
b100001 "
b10000110 *
b10101001 2
b1011011 :
#32626
b11000 "
b11011101 *
b11100011 2
b11111 :
b11111111101 B
#32627
b100011 "
b11101000 *
b11111111110 B
#32628
b111110 "
b1000110 *
b10100111 2
b11100100 :
b11111111100 B
#32629
b11001111 "
b1010000 *
b11100010 2
b10100111 :
#32630
b10110111 "
b111011 *
b11100011 2
b11111111110 B
#32631
b11100010 "
b10100111 *
b1011001 2
b11100011 :
b11111111111 B
#32632
b11011010 "
b10010 *
b11100011 2
b11100010 :
b1 B
#32633
b101010 "
b11111100 *
b11110 2
b11101 :
#32634
b111110 "
b10111010 *
b1011000 2
b11100010 :
b10 B
#32635
b11110010 "
b1011101 *
b11100011 2
b1011010 :
b11111111101 B
#32636
b10101110 "
b11010011 *
b10100111 2
b11100011 :
b11111111111 B
#32637
b11010111 "
b1011 *
b11100011 2
b11110 :
#32638
b10000011 "
b11110101 *
b10101000 2
b1011011 :
#32639
b1011110 "
b11111110 *
b11100 2
b10100110 :
b11111111110 B
#32640
b11110 "
b10100111 *
b10100111 2
b11100011 :
#32641
b1011110 "
b10 *
b11100001 2
b10100111 :
#32642
b11011110 "
b1010111 *
b1011001 2
b11100010 :
b11111111111 B
#32643
b11011111 "
b1111010 *
b10100110 :
b11111111110 B
#32644
b10101110 "
b101101 *
b11100010 :
b11111111111 B
#32645
b10111000 "
b10011001 *
b1011010 2
b1011000 :
b0 B
#32646
b10100100 "
b11101101 *
b1011001 2
b11100001 :
b11111111111 B
#32647
b11001111 "
b1010000 *
b11100001 2
b10100111 :
b11111111110 B
#32648
b10 "
b1011110 *
b10100111 2
b11100010 :
#32649
b10100111 "
b10100111 *
b1011001 2
b10100111 :
#32650
b10 "
b10100010 *
b1011010 2
b11100010 :
b1 B
#32651
b10000011 "
b1011 *
b10100111 2
b10100111 :
b0 B
#32652
b1011 "
b11010111 *
b11110 2
b11100001 :
#32653
b10100011 "
b11110010 *
b10100110 2
b11100011 :
#32654
b11101000 "
b11011101 *
b11100001 2
b11100010 :
b11111111110 B
#32655
b10011 "
b10100100 *
b10100111 :
b11111111111 B
#32656
b1011 "
b10000011 *
b10100110 2
b10101000 :
b11111111101 B
#32657
b11011010 "
b11101110 *
b11100010 2
b11110 :
b11111111110 B
#32658
b1011001 "
b10100111 *
b10100111 2
b10100111 :
#32659
b111011 "
b10110111 *
b11100001 :
b0 B
#32660
b1010000 "
b11001111 *
b11100010 :
#32661
b11011111 "
b1111010 *
b1011010 2
b10100110 :
b10 B
#32662
b11010011 "
b10101110 *
b11111 2
b1011000 :
b1 B
#32663
b10011001 "
b1001000 *
b1010111 2
b10100101 :
b0 B
#32664
b1111010 "
b11011111 *
b10101001 2
b1011011 :
b11111111110 B
#32665
b11111100 "
b101010 *
b11100011 2
b11100010 :
#32666
b11001011 "
b1110010 *
b10100101 2
b10101001 :
#32667
b10100111 "
b11110 *
b11100001 2
b10100111 :
b10 B
#32668
b11011010 "
b10010 *
b11100010 :
b11111111101 B
#32669
b11011110 "
b1010111 *
b10101000 2
b11111 :
b11111111110 B
#32670
b10100100 "
b10011 *
b10100111 2
b11100011 :
b11111111101 B
#32671
b11011101 "
b11101000 *
b11100010 2
b11100010 :
b11111111110 B
#32672
b10111000 "
b10011001 *
b10100111 2
b10100111 :
b11111111111 B
#32673
b11110101 "
b11010111 *
b11100010 2
b11100001 :
b0 B
#32674
b1011 "
b10000011 *
b10100111 2
b10101000 :
#32675
b110101 "
b10001110 *
b10 B
#32676
b1011001 "
b11110 *
b11101 2
b10100111 :
b11111111111 B
#32677
b1001001 "
b111011 *
#32678
b11010110 "
b100 *
b11111 2
b11100 :
#32679
b11000010 "
b1000110 *
b1010111 2
b11100001 :
#32680
b10100011 "
b11110010 *
b1011010 2
b11100 :
b11111111001 B
#32681
b1011101 "
b10100111 2
b11111 :
b11111111101 B
#32682
b10000110 "
b100001 *
b1011010 2
b10100110 :
b11111111110 B
#32683
b101010 "
b100 *
b11100010 2
b11101 :
#32684
b10110111 "
b111011 *
b11100011 2
b10100111 :
b0 B
#32685
b11110 "
b11100010 *
b11110 2
b11110 :
b11 B
#32686
b10110111 "
b11000101 *
b11101 2
b10100111 :
b1 B
#32687
b10110000 "
b110001 *
b10100111 2
b11100100 :
b0 B
#32688
b11000010 "
b1000110 *
b10101000 2
b11111 :
b11111111111 B
#32689
b11010011 "
b10101110 *
b11011111 2
b10101000 :
b11111111110 B
#32690
b10101110 "
b11010011 *
b10100110 2
b11100100 :
#32691
b10011 "
b10100100 *
b11100001 2
b10100111 :
b11111111011 B
#32692
b11011110 "
b10101001 *
b10100111 2
b11100010 :
b11111111110 B
#32693
b111011 "
b1001001 *
b1011000 2
#32694
b11100010 "
b1011001 *
b1011001 2
b11111 :
b1 B
#32695
b11001011 "
b10001110 *
b10100111 2
b1011001 :
b11111111111 B
#32696
b1111101 "
b11110101 *
b10100111 :
b10 B
#32697
b11110101 "
b101001 *
b11110 2
b11100001 :
b0 B
#32698
b11011101 "
b11101000 *
b11101 :
#32699
b11000 "
b100011 *
b11100001 2
b11100011 :
b11111111110 B
#32700
b11011111 "
b10000110 *
b1011011 2
b1011000 :
b11111111101 B
#32701
b11011110 "
b10101001 *
b1011001 2
b11101 :
b11111111011 B
#32702
b110101 "
b10001110 *
b1011001 :
b11111111101 B
#32703
b1011001 "
b11100010 *
b11101 2
b11111111111 B
#32704
b11001011 "
b10001110 *
b1011010 2
b10101000 :
b0 B
#32705
b11010110 "
b100 *
b11100010 2
b11100011 :
b1 B
#32706
b10111010 "
b11000010 *
b10101000 :
b10 B
#32707
b1110 "
b10100011 *
b11101 2
b10100110 :
b11111111101 B
#32708
b11011101 "
b11000 *
b11100011 2
b11111 :
b11111111111 B
#32709
b1011100 "
b10011 *
b1011001 2
b11100001 :
#32710
b1011 "
b10000011 *
b10100101 2
b10101000 :
b11111111100 B
#32711
b10001110 "
b11001011 *
b10101000 2
b1011001 :
b11111111110 B
#32712
b10100111 "
b11110 *
b11110 2
b11111111101 B
#32713
b1001001 "
b111011 *
b11111 2
b10100111 :
b0 B
#32714
b11111100 "
b11010110 *
b11100011 2
b11110 :
b11111111111 B
#32715
b1111010 "
b100001 *
b10100111 2
b10100110 :
b10 B
#32716
b11010011 "
b10101110 *
b11111 2
b1011000 :
b11111111110 B
#32717
b1011101 "
b11110010 *
b10100111 2
b11111 :
b0 B
#32718
b11101101 "
b1011100 *
b11100001 2
b10100111 :
b11111111110 B
#32719
b1111101 "
b1011 *
b10101000 2
b1011001 :
#32720
b111011 "
b1001001 *
b11110 :
#32721
b11100010 "
b11100010 *
b11110 2
b11100010 :
b0 B
#32722
b11001011 "
b10001110 *
b1011010 2
b10101000 :
b11111111111 B
#32723
b100010 "
b10101001 *
b1011001 2
b11100010 :
b0 B
#32724
b1011100 "
b11101101 *
b1011010 2
b11110 :
b10 B
#32725
b10101110 "
b101101 *
b10101000 2
b11111 :
b11111111111 B
#32726
b100011 "
b11101000 *
b11110 2
b11100001 :
b0 B
#32727
b100001 "
b1111010 *
b1011011 2
b1011000 :
b11111111110 B
#32728
b101010 "
b100 *
b11110 2
b11100011 :
#32729
b11011010 "
b11101110 *
b11100010 2
b11110 :
b11111111101 B
#32730
b11110 "
b11110 *
b11110 2
b11100010 :
b11 B
#32731
b100110 "
b11101110 *
b11100001 2
b11100011 :
b0 B
#32732
b100 "
b101010 *
b11101 2
b11100001 :
#32733
b101001 "
b1011 *
b11100001 2
b11100010 :
b11111111011 B
#32734
b1001000 "
b10011001 *
b10101000 2
b1011001 :
b11111111100 B
#32735
b11101000 "
b11011101 *
b11110 2
b11110 :
b11111111101 B
#32736
b10100100 "
b11101101 *
b1011001 2
b11100011 :
b0 B
#32737
b11010110 "
b11111100 *
b11110 2
#32738
b10100010 "
b10 *
b10100111 :
b1 B
#32739
b11110 "
b1011001 *
b10100111 2
b11111 :
b11 B
#32740
b11000101 "
b1001001 *
b10100110 2
b11100100 :
b1 B
#32741
b110001 "
b1010000 *
b11100110 2
b1011010 :
b11111111110 B
#32742
b100001 "
b10000110 *
b1010111 2
b10100100 :
#32743
b101101 "
b1010010 *
b100001 2
b1011000 :
b11111111011 B
#32744
b1100111 "
b10111000 *
b1011000 2
b10100110 :
b11111111101 B
#32745
b11011111 "
b10000110 *
b10100110 2
b10101000 :
b11111111011 B
#32746
b11001111 "
b1010000 *
b11101 2
b1011010 :
b11111111111 B
#32747
b10001110 "
b11001011 *
b10100111 2
b1011001 :
b11111111110 B
#32748
b11100010 "
b1011001 *
b1011001 2
b11111 :
b1 B
#32749
b100110 "
b11101110 *
b11100010 2
b11100010 :
b0 B
#32750
b10110000 "
b110001 *
b1011010 2
b11101 :
b10 B
#32751
b11011111 "
b1111010 *
b1011000 2
b10100101 :
b0 B
#32752
b1011101 "
b1110 *
b10100110 2
b11100011 :
b11111111111 B
#32753
b11011101 "
b11000 *
b11101 2
b11100001 :
b11111111110 B
#32754
b10000110 "
b100001 *
b1011000 2
b10100101 :
b11111111111 B
#32755
b11110101 "
b1111101 *
b10100110 2
b10101000 :
b11111111100 B
#32756
b1110010 "
b110101 *
b10101000 2
b1011001 :
b11111111110 B
#32757
b11100010 "
b11100010 *
b11110 2
b11100010 :
#32758
b10010 "
b100110 *
b11100010 2
b11110 :
b0 B
#32759
b101010 "
b11111100 *
b11110 2
b11101 :
#32760
b111110 "
b10111010 *
b1011001 2
b11100010 :
#32761
b100011 "
b11000 *
b11110 2
b11110 :
b11111111101 B
#32762
b10100011 "
b1110 *
b10100110 2
b11111111111 B
#32763
b11101101 "
b1011100 *
b11110 2
b1011001 :
b0 B
#32764
b110001 "
b10110000 *
b11100010 2
b10100111 :
#32765
b10001110 "
b11001011 *
b10101000 2
b1011001 :
b11111111111 B
#32766
b10100111 "
b11100010 *
b11100011 2
#32767
b11001011 "
b10001110 *
b10101000 2
b1011010 :
b0 B
