memory_initialization_radix=2;
memory_initialization_vector=
0,
0,
0,
0,
0,
0,
0,
0,
0,
0,
0,
0,
0,
0,
0,
0,
0,
0,
0,
0,
0,
0,
0,
0,
0,
0,
0,
0,
0,
0,
0,
0,
0,
0,
0,
0,
0,
0,
0,
0,
0,
0,
0,
0,
0,
0,
0,
0,
0,
0,
0,
0,
0,
0,
0,
0,
0,
0,
0,
0,
0,
0,
0,
0,
0,
0,
0,
0,
0,
0,
0,
0,
0,
0,
0,
0,
0,
0,
0,
0,
0,
0,
0,
0,
0,
0,
0,
0,
0,
0,
0,
0,
0,
0,
0,
0,
0,
0,
0,
0,
0,
0,
0,
0,
0,
0,
0,
0,
0,
0,
0,
0,
0,
0,
0,
0,
0,
0,
0,
0,
0,
0,
0,
0,
0,
0,
0,
0,
0,
011001001000100,
100011011011100,
100111111110000,
101010011011010,
101011111100110,
101100111110110,
101101101110011,
101110010010010,
101110101110011,
101111000100111,
101111010111011,
101111100110110,
101111110011110,
101111111111000,
110000001000101,
110000010001001,
110000011000101,
110000011111011,
110000100101010,
110000101010101,
110000101111100,
110000110100000,
110000111000000,
110000111011110,
110000111111001,
110001000010010,
110001000101001,
110001000111111,
110001001010011,
110001001100110,
110001001111000,
110001010001000,
110001010011000,
110001010100110,
110001010110100,
110001011000001,
110001011001101,
110001011011001,
110001011100100,
110001011101110,
110001011111000,
110001100000010,
110001100001011,
110001100010100,
110001100011100,
110001100100100,
110001100101011,
110001100110011,
110001100111010,
110001101000000,
110001101000111,
110001101001101,
110001101010011,
110001101011001,
110001101011110,
110001101100011,
110001101101001,
110001101101101,
110001101110010,
110001101110111,
110001101111011,
110001110000000,
110001110000100,
110001110001000,
110001110001100,
110001110010000,
110001110010011,
110001110010111,
110001110011010,
110001110011110,
110001110100001,
110001110100100,
110001110101000,
110001110101011,
110001110101101,
110001110110000,
110001110110011,
110001110110110,
110001110111001,
110001110111011,
110001110111110,
110001111000000,
110001111000011,
110001111000101,
110001111000111,
110001111001001,
110001111001100,
110001111001110,
110001111010000,
110001111010010,
110001111010100,
110001111010110,
110001111011000,
110001111011010,
110001111011011,
110001111011101,
110001111011111,
110001111100001,
110001111100010,
110001111100100,
110001111100110,
110001111100111,
110001111101001,
110001111101010,
110001111101100,
110001111101101,
110001111101111,
110001111110000,
110001111110010,
110001111110011,
110001111110100,
110001111110110,
110001111110111,
110001111111000,
110001111111001,
110001111111011,
110001111111100,
110001111111101,
110001111111110,
110001111111111,
110010000000001,
110010000000010,
110010000000011,
110010000000100,
110010000000101,
110010000000110,
110010000000111,
0,
001110110101100,
011001001000100,
011111011100110,
100011011011100,
100110000101110,
100111111110000,
101001010111000,
101010011011010,
101011010001001,
101011111100110,
101100100000101,
101100111110110,
101101011000011,
101101101110011,
101110000001100,
101110010010010,
101110100001001,
101110101110011,
101110111010010,
101111000100111,
101111001110100,
101111010111011,
101111011111011,
101111100110110,
101111101101100,
101111110011110,
101111111001101,
101111111111000,
110000000100000,
110000001000101,
110000001101000,
110000010001001,
110000010101000,
110000011000101,
110000011100001,
110000011111011,
110000100010011,
110000100101010,
110000101000000,
110000101010101,
110000101101001,
110000101111100,
110000110001110,
110000110100000,
110000110110000,
110000111000000,
110000111001111,
110000111011110,
110000111101100,
110000111111001,
110001000000110,
110001000010010,
110001000011110,
110001000101001,
110001000110100,
110001000111111,
110001001001001,
110001001010011,
110001001011101,
110001001100110,
110001001101111,
110001001111000,
110001010000000,
110001010001000,
110001010010000,
110001010011000,
110001010011111,
110001010100110,
110001010101101,
110001010110100,
110001010111011,
110001011000001,
110001011000111,
110001011001101,
110001011010011,
110001011011001,
110001011011110,
110001011100100,
110001011101001,
110001011101110,
110001011110011,
110001011111000,
110001011111101,
110001100000010,
110001100000110,
110001100001011,
110001100001111,
110001100010100,
110001100011000,
110001100011100,
110001100100000,
110001100100100,
110001100101000,
110001100101011,
110001100101111,
110001100110011,
110001100110110,
110001100111010,
110001100111101,
110001101000000,
110001101000100,
110001101000111,
110001101001010,
110001101001101,
110001101010000,
110001101010011,
110001101010110,
110001101011001,
110001101011011,
110001101011110,
110001101100001,
110001101100011,
110001101100110,
110001101101001,
110001101101011,
110001101101101,
110001101110000,
110001101110010,
110001101110101,
110001101110111,
110001101111001,
110001101111011,
110001101111110,
110001110000000,
110001110000010,
110001110000100,
110001110000110,
0,
001010010011000,
010010110100010,
011001001000100,
011101101011001,
100000111110010,
100011011011100,
100101010011110,
100110110010010,
100111111110000,
101000111100001,
101001101111110,
101010011011010,
101011000000100,
101011100000101,
101011111100110,
101100010101011,
101100101011010,
101100111110110,
101101010000010,
101101100000001,
101101101110011,
101101111011011,
101110000111011,
101110010010010,
101110011100011,
101110100101110,
101110101110011,
101110110110011,
101110111101111,
101111000100111,
101111001011011,
101111010001100,
101111010111011,
101111011100110,
101111100001111,
101111100110110,
101111101011010,
101111101111101,
101111110011110,
101111110111101,
101111111011011,
101111111111000,
110000000010011,
110000000101101,
110000001000101,
110000001011101,
110000001110100,
110000010001001,
110000010011110,
110000010110010,
110000011000101,
110000011011000,
110000011101010,
110000011111011,
110000100001011,
110000100011011,
110000100101010,
110000100111001,
110000101001000,
110000101010101,
110000101100011,
110000101110000,
110000101111100,
110000110001000,
110000110010100,
110000110100000,
110000110101011,
110000110110110,
110000111000000,
110000111001010,
110000111010100,
110000111011110,
110000111100111,
110000111110000,
110000111111001,
110001000000010,
110001000001010,
110001000010010,
110001000011010,
110001000100010,
110001000101001,
110001000110001,
110001000111000,
110001000111111,
110001001000110,
110001001001101,
110001001010011,
110001001011010,
110001001100000,
110001001100110,
110001001101100,
110001001110010,
110001001111000,
110001001111101,
110001010000011,
110001010001000,
110001010001101,
110001010010011,
110001010011000,
110001010011101,
110001010100001,
110001010100110,
110001010101011,
110001010101111,
110001010110100,
110001010111000,
110001010111101,
110001011000001,
110001011000101,
110001011001001,
110001011001101,
110001011010001,
110001011010101,
110001011011001,
110001011011101,
110001011100000,
110001011100100,
110001011100111,
110001011101011,
110001011101110,
110001011110010,
110001011110101,
110001011111000,
110001011111100,
110001011111111,
110001100000010,
110001100000101,
0,
000111110101110,
001110110101100,
010100100101111,
011001001000100,
011100101011001,
011111011100110,
100001101001110,
100011011011100,
100100111000100,
100110000101110,
100111000110110,
100111111110000,
101000101101101,
101001010111000,
101001111011010,
101010011011010,
101010110111110,
101011010001001,
101011101000000,
101011111100110,
101100001111100,
101100100000101,
101100110000011,
101100111110110,
101101001100001,
101101011000011,
101101100011110,
101101101110011,
101101111000010,
101110000001100,
101110001010001,
101110010010010,
101110011010000,
101110100001001,
101110101000000,
101110101110011,
101110110100100,
101110111010010,
101110111111101,
101111000100111,
101111001001111,
101111001110100,
101111010011000,
101111010111011,
101111011011011,
101111011111011,
101111100011001,
101111100110110,
101111101010001,
101111101101100,
101111110000110,
101111110011110,
101111110110110,
101111111001101,
101111111100010,
101111111111000,
110000000001100,
110000000100000,
110000000110011,
110000001000101,
110000001010111,
110000001101000,
110000001111001,
110000010001001,
110000010011001,
110000010101000,
110000010110111,
110000011000101,
110000011010011,
110000011100001,
110000011101110,
110000011111011,
110000100000111,
110000100010011,
110000100011111,
110000100101010,
110000100110110,
110000101000000,
110000101001011,
110000101010101,
110000101011111,
110000101101001,
110000101110011,
110000101111100,
110000110000101,
110000110001110,
110000110010111,
110000110100000,
110000110101000,
110000110110000,
110000110111000,
110000111000000,
110000111001000,
110000111001111,
110000111010110,
110000111011110,
110000111100101,
110000111101100,
110000111110010,
110000111111001,
110000111111111,
110001000000110,
110001000001100,
110001000010010,
110001000011000,
110001000011110,
110001000100100,
110001000101001,
110001000101111,
110001000110100,
110001000111010,
110001000111111,
110001001000100,
110001001001001,
110001001001110,
110001001010011,
110001001011000,
110001001011101,
110001001100001,
110001001100110,
110001001101011,
110001001101111,
110001001110011,
110001001111000,
110001001111100,
110001010000000,
110001010000100,
0,
000110010100010,
001100001011010,
010001010010110,
010101100101111,
011001001000100,
011100000010001,
011110011010110,
100000011001000,
100010000010100,
100011011011100,
100100100111010,
100101101000100,
100110100001000,
100111010010100,
100111111110000,
101000100100101,
101001000111001,
101001100110001,
101010000010000,
101010011011010,
101010110010010,
101011000111010,
101011011010101,
101011101100011,
101011111100110,
101100001011111,
101100011010000,
101100100111001,
101100110011011,
101100111110110,
101101001001100,
101101010011100,
101101011101000,
101101100110000,
101101101110011,
101101110110011,
101101111101111,
101110000101000,
101110001011111,
101110010010010,
101110011000100,
101110011110011,
101110100011111,
101110101001010,
101110101110011,
101110110011010,
101110110111111,
101110111100011,
101111000000110,
101111000100111,
101111001000111,
101111001100101,
101111010000011,
101111010011111,
101111010111011,
101111011010101,
101111011101110,
101111100000111,
101111100011111,
101111100110110,
101111101001100,
101111101100001,
101111101110110,
101111110001011,
101111110011110,
101111110110001,
101111111000100,
101111111010101,
101111111100111,
101111111111000,
110000000001000,
110000000011000,
110000000100111,
110000000110111,
110000001000101,
110000001010100,
110000001100010,
110000001101111,
110000001111100,
110000010001001,
110000010010110,
110000010100010,
110000010101110,
110000010111010,
110000011000101,
110000011010000,
110000011011011,
110000011100110,
110000011110000,
110000011111011,
110000100000101,
110000100001110,
110000100011000,
110000100100001,
110000100101010,
110000100110011,
110000100111100,
110000101000101,
110000101001101,
110000101010101,
110000101011101,
110000101100101,
110000101101101,
110000101110101,
110000101111100,
110000110000100,
110000110001011,
110000110010010,
110000110011001,
110000110100000,
110000110100110,
110000110101101,
110000110110011,
110000110111010,
110000111000000,
110000111000110,
110000111001100,
110000111010010,
110000111011000,
110000111011110,
110000111100011,
110000111101001,
110000111101110,
110000111110100,
110000111111001,
110000111111110,
110001000000011,
0,
000101010010010,
001010010011000,
001110110101100,
010010110100010,
010110001110111,
011001001000100,
011011100101110,
011101101011001,
011111011100110,
100000111110010,
100010010010011,
100011011011100,
100100011011011,
100101010011110,
100110000101110,
100110110010010,
100111011010001,
100111111110000,
101000011110100,
101000111100001,
101001010111000,
101001101111110,
101010000110011,
101010011011010,
101010101110101,
101011000000100,
101011010001001,
101011100000101,
101011101111001,
101011111100110,
101100001001100,
101100010101011,
101100100000101,
101100101011010,
101100110101010,
101100111110110,
101101000111110,
101101010000010,
101101011000011,
101101100000001,
101101100111011,
101101101110011,
101101110101000,
101101111011011,
101110000001100,
101110000111011,
101110001101000,
101110010010010,
101110010111100,
101110011100011,
101110100001001,
101110100101110,
101110101010001,
101110101110011,
101110110010100,
101110110110011,
101110111010010,
101110111101111,
101111000001011,
101111000100111,
101111001000010,
101111001011011,
101111001110100,
101111010001100,
101111010100100,
101111010111011,
101111011010001,
101111011100110,
101111011111011,
101111100001111,
101111100100011,
101111100110110,
101111101001000,
101111101011010,
101111101101100,
101111101111101,
101111110001110,
101111110011110,
101111110101110,
101111110111101,
101111111001101,
101111111011011,
101111111101010,
101111111111000,
110000000000101,
110000000010011,
110000000100000,
110000000101101,
110000000111001,
110000001000101,
110000001010001,
110000001011101,
110000001101000,
110000001110100,
110000001111111,
110000010001001,
110000010010100,
110000010011110,
110000010101000,
110000010110010,
110000010111100,
110000011000101,
110000011001111,
110000011011000,
110000011100001,
110000011101010,
110000011110010,
110000011111011,
110000100000011,
110000100001011,
110000100010011,
110000100011011,
110000100100011,
110000100101010,
110000100110010,
110000100111001,
110000101000000,
110000101001000,
110000101001111,
110000101010101,
110000101011100,
110000101100011,
110000101101001,
110000101110000,
110000101110110,
110000101111100,
110000110000010,
0,
000100100010101,
001000111010000,
001100111101010,
010000100111010,
010011110110010,
010110101011010,
011001001000100,
011011010000111,
011101000111001,
011110101110010,
100000001000011,
100001010111100,
100010011101011,
100011011011100,
100100010010110,
100101000100011,
100101110001000,
100110011001011,
100110111110001,
100111011111100,
100111111110000,
101000011010001,
101000110011111,
101001001011110,
101001100001111,
101001110110011,
101010001001100,
101010011011010,
101010101011111,
101010111011100,
101011001010001,
101011011000000,
101011100100111,
101011110001001,
101011111100110,
101100000111101,
101100010010000,
101100011011111,
101100100101010,
101100101110001,
101100110110101,
101100111110110,
101101000110100,
101101001101111,
101101010101000,
101101011011110,
101101100010010,
101101101000011,
101101101110011,
101101110100001,
101101111001101,
101101111111000,
101110000100000,
101110001001000,
101110001101110,
101110010010010,
101110010110110,
101110011011000,
101110011111001,
101110100011001,
101110100111000,
101110101010110,
101110101110011,
101110110001111,
101110110101010,
101110111000101,
101110111011110,
101110111110111,
101111000001111,
101111000100111,
101111000111110,
101111001010100,
101111001101010,
101111001111111,
101111010010011,
101111010100111,
101111010111011,
101111011001101,
101111011100000,
101111011110010,
101111100000100,
101111100010101,
101111100100101,
101111100110110,
101111101000110,
101111101010101,
101111101100101,
101111101110011,
101111110000010,
101111110010000,
101111110011110,
101111110101100,
101111110111001,
101111111000110,
101111111010011,
101111111011111,
101111111101100,
101111111111000,
110000000000011,
110000000001111,
110000000011010,
110000000100101,
110000000110000,
110000000111011,
110000001000101,
110000001010000,
110000001011010,
110000001100011,
110000001101101,
110000001110111,
110000010000000,
110000010001001,
110000010010010,
110000010011011,
110000010100100,
110000010101100,
110000010110101,
110000010111101,
110000011000101,
110000011001101,
110000011010101,
110000011011101,
110000011100101,
110000011101100,
110000011110011,
110000011111011,
110000100000010,
0,
000011111110101,
000111110101110,
001011011110110,
001110110101100,
010001111000000,
010100100101111,
010111000000001,
011001001000100,
011011000000111,
011100101011001,
011110001001010,
011111011100110,
100000100111010,
100001101001110,
100010100101100,
100011011011100,
100100001100010,
100100111000100,
100101100000111,
100110000101110,
100110100111100,
100111000110110,
100111100011100,
100111111110000,
101000010110110,
101000101101101,
101001000011000,
101001010111000,
101001101001110,
101001111011010,
101010001011110,
101010011011010,
101010101001111,
101010110111110,
101011000100110,
101011010001001,
101011011100111,
101011101000000,
101011110010101,
101011111100110,
101100000110011,
101100001111100,
101100011000010,
101100100000101,
101100101000101,
101100110000011,
101100110111110,
101100111110110,
101101000101100,
101101001100001,
101101010010011,
101101011000011,
101101011110001,
101101100011110,
101101101001001,
101101101110011,
101101110011011,
101101111000010,
101101111101000,
101110000001100,
101110000101111,
101110001010001,
101110001110010,
101110010010010,
101110010110010,
101110011010000,
101110011101101,
101110100001001,
101110100100101,
101110101000000,
101110101011010,
101110101110011,
101110110001100,
101110110100100,
101110110111011,
101110111010010,
101110111101000,
101110111111101,
101111000010010,
101111000100111,
101111000111011,
101111001001111,
101111001100010,
101111001110100,
101111010000110,
101111010011000,
101111010101010,
101111010111011,
101111011001011,
101111011011011,
101111011101011,
101111011111011,
101111100001010,
101111100011001,
101111100100111,
101111100110110,
101111101000100,
101111101010001,
101111101011111,
101111101101100,
101111101111001,
101111110000110,
101111110010010,
101111110011110,
101111110101010,
101111110110110,
101111111000001,
101111111001101,
101111111011000,
101111111100010,
101111111101101,
101111111111000,
110000000000010,
110000000001100,
110000000010110,
110000000100000,
110000000101001,
110000000110011,
110000000111100,
110000001000101,
110000001001110,
110000001010111,
110000001100000,
110000001101000,
110000001110001,
110000001111001,
110000010000001,
0,
000011100010101,
000110111111111,
001010010011000,
001101011000100,
010000001110100,
010010110100010,
010101001001111,
010111010000001,
011001001000100,
011010110100001,
011100010100101,
011101101011001,
011110111000111,
011111111110111,
100000111110010,
100001110111101,
100010101011111,
100011011011100,
100100000111000,
100100101111000,
100101010011110,
100101110101110,
100110010101001,
100110110010010,
100111001101010,
100111100110100,
100111111110000,
101000010100001,
101000101000110,
101000111100001,
101001001110011,
101001011111100,
101001101111110,
101001111111000,
101010001101100,
101010011011010,
101010101000011,
101010110100110,
101011000000100,
101011001011110,
101011010110100,
101011100000101,
101011101010100,
101011110011110,
101011111100110,
101100000101010,
101100001101100,
101100010101011,
101100011101000,
101100100100010,
101100101011010,
101100110010000,
101100111000100,
101100111110110,
101101000100110,
101101001010101,
101101010000010,
101101010101110,
101101011011000,
101101100000001,
101101100101000,
101101101001110,
101101101110011,
101101110010111,
101101110111010,
101101111011011,
101101111111100,
101110000011100,
101110000111011,
101110001011001,
101110001110110,
101110010010010,
101110010101110,
101110011001001,
101110011100011,
101110011111101,
101110100010110,
101110100101110,
101110101000101,
101110101011100,
101110101110011,
101110110001001,
101110110011110,
101110110110011,
101110111001000,
101110111011100,
101110111101111,
101111000000010,
101111000010101,
101111000100111,
101111000111001,
101111001001010,
101111001011011,
101111001101100,
101111001111100,
101111010001100,
101111010011100,
101111010101011,
101111010111011,
101111011001001,
101111011011000,
101111011100110,
101111011110100,
101111100000010,
101111100001111,
101111100011100,
101111100101001,
101111100110110,
101111101000010,
101111101001110,
101111101011010,
101111101100110,
101111101110010,
101111101111101,
101111110001000,
101111110010011,
101111110011110,
101111110101001,
101111110110011,
101111110111101,
101111111001000,
101111111010001,
101111111011011,
101111111100101,
101111111101110,
101111111111000,
110000000000001,
0,
000011001100001,
000110010100010,
001001010100111,
001100001011010,
001110110101100,
010001010010110,
010011100010110,
010101100101111,
010111011100110,
011001001000100,
011010101010000,
011100000010001,
011101010010001,
011110011010110,
011111011100110,
100000011001000,
100001010000000,
100010000010100,
100010110000110,
100011011011100,
100100000010111,
100100100111010,
100101001001000,
100101101000100,
100110000101110,
100110100001000,
100110111010100,
100111010010100,
100111101000111,
100111111110000,
101000010001111,
101000100100101,
101000110110011,
101001000111001,
101001010111000,
101001100110001,
101001110100011,
101010000010000,
101010001110111,
101010011011010,
101010100111000,
101010110010010,
101010111101000,
101011000111010,
101011010001001,
101011011010101,
101011100011101,
101011101100011,
101011110100110,
101011111100110,
101100000100100,
101100001011111,
101100010011001,
101100011010000,
101100100000101,
101100100111001,
101100101101010,
101100110011011,
101100111001001,
101100111110110,
101101000100010,
101101001001100,
101101001110101,
101101010011100,
101101011000011,
101101011101000,
101101100001100,
101101100110000,
101101101010010,
101101101110011,
101101110010011,
101101110110011,
101101111010001,
101101111101111,
101110000001100,
101110000101000,
101110001000100,
101110001011111,
101110001111001,
101110010010010,
101110010101011,
101110011000100,
101110011011011,
101110011110011,
101110100001001,
101110100011111,
101110100110101,
101110101001010,
101110101011111,
101110101110011,
101110110000111,
101110110011010,
101110110101101,
101110110111111,
101110111010010,
101110111100011,
101110111110101,
101111000000110,
101111000010111,
101111000100111,
101111000110111,
101111001000111,
101111001010110,
101111001100101,
101111001110100,
101111010000011,
101111010010001,
101111010011111,
101111010101101,
101111010111011,
101111011001000,
101111011010101,
101111011100010,
101111011101110,
101111011111011,
101111100000111,
101111100010011,
101111100011111,
101111100101010,
101111100110110,
101111101000001,
101111101001100,
101111101010111,
101111101100001,
101111101101100,
101111101110110,
101111110000001,
0,
000010111001101,
000101110000011,
001000100001010,
001011001010010,
001101101001110,
001111111110101,
010010001000101,
010100000111110,
010101111100011,
010111100111000,
011001001000100,
011010100001100,
011011110010110,
011100111101001,
011110000001001,
011110111111100,
011111111000111,
100000101101100,
100001011110010,
100010001011001,
100010110100110,
100011011011100,
100011111111011,
100100100000111,
100101000000001,
100101011101010,
100101111000101,
100110010010011,
100110101010100,
100111000001010,
100111010110101,
100111101010111,
100111111110000,
101000010000001,
101000100001011,
101000110001101,
101001000001001,
101001001111111,
101001011110000,
101001101011011,
101001111000001,
101010000100011,
101010010000001,
101010011011010,
101010100110000,
101010110000010,
101010111010001,
101011000011101,
101011001100110,
101011010101100,
101011011101111,
101011100110000,
101011101101111,
101011110101011,
101011111100110,
101100000011110,
101100001010100,
101100010001001,
101100010111100,
101100011101101,
101100100011101,
101100101001011,
101100101111000,
101100110100011,
101100111001101,
101100111110110,
101101000011110,
101101001000100,
101101001101010,
101101010001110,
101101010110010,
101101011010100,
101101011110110,
101101100010110,
101101100110110,
101101101010101,
101101101110011,
101101110010001,
101101110101101,
101101111001001,
101101111100100,
101101111111111,
101110000011001,
101110000110011,
101110001001011,
101110001100100,
101110001111011,
101110010010010,
101110010101001,
101110010111111,
101110011010101,
101110011101010,
101110011111111,
101110100010011,
101110100100111,
101110100111011,
101110101001110,
101110101100001,
101110101110011,
101110110000101,
101110110010111,
101110110101000,
101110110111001,
101110111001001,
101110111011010,
101110111101010,
101110111111001,
101111000001001,
101111000011000,
101111000100111,
101111000110110,
101111001000100,
101111001010010,
101111001100000,
101111001101110,
101111001111011,
101111010001000,
101111010010101,
101111010100010,
101111010101110,
101111010111011,
101111011000111,
101111011010011,
101111011011110,
101111011101010,
101111011110101,
101111100000000,
0,
000010101010010,
000101010010010,
000111110101110,
001010010011000,
001100101000100,
001110110101100,
010000111001100,
010010110100010,
010100100101111,
010110001110111,
010111101111100,
011001001000100,
011010011010011,
011011100101110,
011100101011001,
011101101011001,
011110100110001,
011111011100110,
100000001111011,
100000111110010,
100001101001110,
100010010010011,
100010111000001,
100011011011100,
100011111100100,
100100011011011,
100100111000100,
100101010011110,
100101101101100,
100110000101110,
100110011100101,
100110110010010,
100111000110110,
100111011010001,
100111101100100,
100111111110000,
101000001110110,
101000011110100,
101000101101101,
101000111100001,
101001001001111,
101001010111000,
101001100011101,
101001101111110,
101001111011010,
101010000110011,
101010010001000,
101010011011010,
101010100101001,
101010101110101,
101010110111110,
101011000000100,
101011001001000,
101011010001001,
101011011001000,
101011100000101,
101011101000000,
101011101111001,
101011110110000,
101011111100110,
101100000011001,
101100001001100,
101100001111100,
101100010101011,
101100011011001,
101100100000101,
101100100110000,
101100101011010,
101100110000011,
101100110101010,
101100111010001,
101100111110110,
101101000011011,
101101000111110,
101101001100001,
101101010000010,
101101010100011,
101101011000011,
101101011100010,
101101100000001,
101101100011110,
101101100111011,
101101101010111,
101101101110011,
101101110001110,
101101110101000,
101101111000010,
101101111011011,
101101111110100,
101110000001100,
101110000100100,
101110000111011,
101110001010001,
101110001101000,
101110001111101,
101110010010010,
101110010100111,
101110010111100,
101110011010000,
101110011100011,
101110011110110,
101110100001001,
101110100011100,
101110100101110,
101110101000000,
101110101010001,
101110101100010,
101110101110011,
101110110000011,
101110110010100,
101110110100100,
101110110110011,
101110111000011,
101110111010010,
101110111100000,
101110111101111,
101110111111101,
101111000001011,
101111000011001,
101111000100111,
101111000110100,
101111001000010,
101111001001111,
101111001011011,
101111001101000,
101111001110100,
101111010000000,
0,
000010011101010,
000100111000101,
000111010000100,
001001100011011,
001011110000000,
001101110101101,
001111110011101,
010001101001110,
010011011000001,
010100111110111,
010110011110010,
010111110110101,
011001001000100,
011010010100011,
011011011010100,
011100011011101,
011101011000000,
011110010000000,
011111000100001,
011111110100101,
100000100001110,
100001001100000,
100001110011011,
100010011000011,
100010111010111,
100011011011100,
100011111010000,
100100010110110,
100100110001111,
100101001011100,
100101100011110,
100101111010110,
100110010000011,
100110100101000,
100110111000101,
100111001011010,
100111011101000,
100111101101111,
100111111110000,
101000001101100,
101000011100001,
101000101010010,
101000110111110,
101001000100101,
101001010001000,
101001011100111,
101001101000011,
101001110011011,
101001111101111,
101010001000000,
101010010001111,
101010011011010,
101010100100011,
101010101101001,
101010110101101,
101010111101111,
101011000101110,
101011001101011,
101011010100111,
101011011100000,
101011100011000,
101011101001110,
101011110000010,
101011110110101,
101011111100110,
101100000010110,
101100001000100,
101100001110001,
101100010011101,
101100011000111,
101100011110001,
101100100011001,
101100101000000,
101100101100111,
101100110001100,
101100110110000,
101100111010100,
101100111110110,
101101000011000,
101101000111001,
101101001011001,
101101001111000,
101101010010110,
101101010110100,
101101011010001,
101101011101110,
101101100001010,
101101100100101,
101101101000000,
101101101011010,
101101101110011,
101101110001100,
101101110100100,
101101110111100,
101101111010100,
101101111101011,
101110000000001,
101110000010111,
101110000101101,
101110001000010,
101110001010111,
101110001101011,
101110001111111,
101110010010010,
101110010100110,
101110010111001,
101110011001011,
101110011011101,
101110011101111,
101110100000001,
101110100010010,
101110100100011,
101110100110011,
101110101000100,
101110101010100,
101110101100011,
101110101110011,
101110110000010,
101110110010001,
101110110100000,
101110110101110,
101110110111101,
101110111001011,
101110111011001,
101110111100110,
101110111110011,
101111000000001,
0,
000010010010000,
000100100010101,
000110110000011,
001000111010000,
001010111110100,
001100111101010,
001110110101100,
010000100111010,
010010010010001,
010011110110010,
010101010011111,
010110101011010,
010111111100101,
011001001000100,
011010001111001,
011011010000111,
011100001110001,
011101000111001,
011101111100100,
011110101110010,
011111011100110,
100000001000011,
100000110001001,
100001010111100,
100001111011100,
100010011101011,
100010111101011,
100011011011100,
100011110111111,
100100010010110,
100100101100010,
100101000100011,
100101011011010,
100101110001000,
100110000101110,
100110011001011,
100110101100001,
100110111110001,
100111001111001,
100111011111100,
100111101111001,
100111111110000,
101000001100011,
101000011010001,
101000100111010,
101000110011111,
101001000000001,
101001001011110,
101001010111000,
101001100001111,
101001101100010,
101001110110011,
101010000000001,
101010001001100,
101010010010100,
101010011011010,
101010100011110,
101010101011111,
101010110011111,
101010111011100,
101011000011000,
101011001010001,
101011010001001,
101011011000000,
101011011110100,
101011100100111,
101011101011001,
101011110001001,
101011110111000,
101011111100110,
101100000010010,
101100000111101,
101100001100111,
101100010010000,
101100010111000,
101100011011111,
101100100000101,
101100100101010,
101100101001110,
101100101110001,
101100110010100,
101100110110101,
101100111010110,
101100111110110,
101101000010101,
101101000110100,
101101001010010,
101101001101111,
101101010001100,
101101010101000,
101101011000011,
101101011011110,
101101011111000,
101101100010010,
101101100101011,
101101101000011,
101101101011011,
101101101110011,
101101110001010,
101101110100001,
101101110110111,
101101111001101,
101101111100011,
101101111111000,
101110000001100,
101110000100000,
101110000110100,
101110001001000,
101110001011011,
101110001101110,
101110010000000,
101110010010010,
101110010100100,
101110010110110,
101110011000111,
101110011011000,
101110011101001,
101110011111001,
101110100001001,
101110100011001,
101110100101001,
101110100111000,
101110101000111,
101110101010110,
101110101100101,
101110101110011,
101110110000001,
0,
000010001000011,
000100001111100,
000110010100010,
001000010101110,
001010010011000,
001100001011010,
001101111110010,
001111101011011,
010001010010110,
010010110100010,
010100001111111,
010101100101111,
010110110110100,
011000000001111,
011001001000100,
011010001010100,
011011001000011,
011100000010001,
011100111000011,
011101101011001,
011110011010110,
011111000111011,
011111110001100,
100000011001000,
100000111110010,
100001100001011,
100010000010100,
100010100001110,
100010111111011,
100011011011100,
100011110110000,
100100001111010,
100100100111010,
100100111110001,
100101010011110,
100101101000100,
100101111100010,
100110001111000,
100110100001000,
100110110010010,
100111000010110,
100111010010100,
100111100001101,
100111110000001,
100111111110000,
101000001011011,
101000011000010,
101000100100101,
101000110000101,
101000111100001,
101001000111001,
101001010001111,
101001011100001,
101001100110001,
101001101111110,
101001111001000,
101010000010000,
101010001010110,
101010010011001,
101010011011010,
101010100011001,
101010101010111,
101010110010010,
101010111001100,
101011000000100,
101011000111010,
101011001101111,
101011010100011,
101011011010101,
101011100000101,
101011100110101,
101011101100011,
101011110010000,
101011110111011,
101011111100110,
101100000001111,
101100000111000,
101100001011111,
101100010000110,
101100010101011,
101100011010000,
101100011110100,
101100100010111,
101100100111001,
101100101011010,
101100101111011,
101100110011011,
101100110111010,
101100111011000,
101100111110110,
101101000010011,
101101000110000,
101101001001100,
101101001100111,
101101010000010,
101101010011100,
101101010110110,
101101011001111,
101101011101000,
101101100000001,
101101100011000,
101101100110000,
101101101000111,
101101101011101,
101101101110011,
101101110001001,
101101110011110,
101101110110011,
101101111000111,
101101111011011,
101101111101111,
101110000000011,
101110000010110,
101110000101000,
101110000111011,
101110001001101,
101110001011111,
101110001110000,
101110010000010,
101110010010010,
101110010100011,
101110010110100,
101110011000100,
101110011010100,
101110011100011,
101110011110011,
101110100000010,
0,
000001111111111,
000011111110101,
000101111011101,
000111110101110,
001001101100010,
001011011110110,
001101001100101,
001110110101100,
010000011001011,
010001111000000,
010011010001100,
010100100101111,
010101110101011,
010111000000001,
011000000110100,
011001001000100,
011010000110100,
011011000000111,
011011110111101,
011100101011001,
011101011011101,
011110001001010,
011110110100010,
011111011100110,
100000000011000,
100000100111010,
100001001001011,
100001101001110,
100010001000100,
100010100101100,
100011000001001,
100011011011100,
100011110100011,
100100001100010,
100100100010111,
100100111000100,
100101001101001,
100101100000111,
100101110011101,
100110000101110,
100110010111000,
100110100111100,
100110110111100,
100111000110110,
100111010101011,
100111100011100,
100111110001000,
100111111110000,
101000001010101,
101000010110110,
101000100010011,
101000101101101,
101000111000100,
101001000011000,
101001001101010,
101001010111000,
101001100000100,
101001101001110,
101001110010101,
101001111011010,
101010000011101,
101010001011110,
101010010011101,
101010011011010,
101010100010110,
101010101001111,
101010110000111,
101010110111110,
101010111110011,
101011000100110,
101011001011000,
101011010001001,
101011010111001,
101011011100111,
101011100010100,
101011101000000,
101011101101011,
101011110010101,
101011110111110,
101011111100110,
101100000001101,
101100000110011,
101100001011000,
101100001111100,
101100010100000,
101100011000010,
101100011100100,
101100100000101,
101100100100110,
101100101000101,
101100101100100,
101100110000011,
101100110100001,
101100110111110,
101100111011010,
101100111110110,
101101000010010,
101101000101100,
101101001000111,
101101001100001,
101101001111010,
101101010010011,
101101010101011,
101101011000011,
101101011011010,
101101011110001,
101101100001000,
101101100011110,
101101100110100,
101101101001001,
101101101011110,
101101101110011,
101101110000111,
101101110011011,
101101110101111,
101101111000010,
101101111010101,
101101111101000,
101101111111010,
101110000001100,
101110000011110,
101110000101111,
101110001000001,
101110001010001,
101110001100010,
101110001110010,
101110010000011,
0,
000001111000011,
000011101111111,
000101100101110,
000111011001010,
001001001001111,
001010110110111,
001100100000000,
001110000100110,
001111100101001,
010001000001000,
010010011000001,
010011101010111,
010100111001000,
010110000010111,
010111001000101,
011000001010100,
011001001000100,
011010000011000,
011010111010001,
011011101110001,
011100011111010,
011101001101101,
011101111001011,
011110100010111,
011111001010000,
011111101111000,
100000010010001,
100000110011100,
100001010011001,
100001110001001,
100010001101110,
100010101000111,
100011000010110,
100011011011100,
100011110011000,
100100001001100,
100100011110111,
100100110011100,
100101000111001,
100101011010000,
100101101100000,
100101111101011,
100110001110000,
100110011101111,
100110101101010,
100110111100000,
100111001010010,
100111010111111,
100111100101001,
100111110001110,
100111111110000,
101000001001111,
101000010101011,
101000100000011,
101000101011000,
101000110101011,
101000111111011,
101001001001001,
101001010010100,
101001011011100,
101001100100011,
101001101100111,
101001110101010,
101001111101010,
101010000101001,
101010001100110,
101010010100001,
101010011011010,
101010100010010,
101010101001001,
101010101111101,
101010110110001,
101010111100011,
101011000010100,
101011001000100,
101011001110010,
101011010100000,
101011011001100,
101011011110111,
101011100100001,
101011101001011,
101011101110011,
101011110011010,
101011111000000,
101011111100110,
101100000001010,
101100000101110,
101100001010001,
101100001110100,
101100010010101,
101100010110110,
101100011010110,
101100011110110,
101100100010101,
101100100110011,
101100101010000,
101100101101101,
101100110001010,
101100110100110,
101100111000001,
101100111011100,
101100111110110,
101101000010000,
101101000101001,
101101001000010,
101101001011010,
101101001110010,
101101010001010,
101101010100001,
101101010111000,
101101011001110,
101101011100100,
101101011111001,
101101100001111,
101101100100011,
101101100111000,
101101101001100,
101101101100000,
101101101110011,
101101110000110,
101101110011001,
101101110101100,
101101110111110,
101101111010000,
101101111100001,
101101111110011,
101110000000100,
0,
000001110001101,
000011100010101,
000101010010010,
000110111111111,
001000101010111,
001010010011000,
001011110111101,
001101011000100,
001110110101100,
010000001110100,
010001100011011,
010010110100010,
010100000001000,
010101001001111,
010110001110111,
010111010000001,
011000001110000,
011001001000100,
011001111111111,
011010110100001,
011011100101110,
011100010100101,
011101000001000,
011101101011001,
011110010011000,
011110111000111,
011111011100110,
011111111110111,
100000011111011,
100000111110010,
100001011011101,
100001110111101,
100010010010011,
100010101011111,
100011000100001,
100011011011100,
100011110001110,
100100000111000,
100100011011011,
100100101111000,
100101000001110,
100101010011110,
100101100101001,
100101110101110,
100110000101110,
100110010101001,
100110100100000,
100110110010010,
100111000000000,
100111001101010,
100111011010001,
100111100110100,
100111110010100,
100111111110000,
101000001001010,
101000010100001,
101000011110100,
101000101000110,
101000110010100,
101000111100001,
101001000101011,
101001001110011,
101001010111000,
101001011111100,
101001100111110,
101001101111110,
101001110111100,
101001111111000,
101010000110011,
101010001101100,
101010010100100,
101010011011010,
101010100001111,
101010101000011,
101010101110101,
101010110100110,
101010111010101,
101011000000100,
101011000110010,
101011001011110,
101011010001001,
101011010110100,
101011011011101,
101011100000101,
101011100101101,
101011101010100,
101011101111001,
101011110011110,
101011111000010,
101011111100110,
101100000001000,
101100000101010,
101100001001100,
101100001101100,
101100010001100,
101100010101011,
101100011001010,
101100011101000,
101100100000101,
101100100100010,
101100100111110,
101100101011010,
101100101110101,
101100110010000,
101100110101010,
101100111000100,
101100111011101,
101100111110110,
101101000001111,
101101000100110,
101101000111110,
101101001010101,
101101001101100,
101101010000010,
101101010011000,
101101010101110,
101101011000011,
101101011011000,
101101011101100,
101101100000001,
101101100010100,
101101100101000,
101101100111011,
101101101001110,
101101101100001,
101101101110011,
101101110000101,
0,
000001101011110,
000011010110110,
000101000000110,
000110101001000,
001000001111000,
001001110010100,
001011010010111,
001100110000001,
001110001010000,
001111100000010,
010000110010110,
010010000001101,
010011001100111,
010100010100100,
010101011000101,
010110011001011,
010111010110111,
011000010001001,
011001001000100,
011001111101000,
011010101110110,
011011011110001,
011100001011000,
011100110101101,
011101011110000,
011110000100100,
011110101001001,
011111001100000,
011111101101001,
100000001100110,
100000101010111,
100001000111101,
100001100011001,
100001111101011,
100010010110011,
100010101110011,
100011000101011,
100011011011100,
100011110000100,
100100000100110,
100100011000010,
100100101010111,
100100111100111,
100101001110001,
100101011110110,
100101101110110,
100101111110010,
100110001101001,
100110011011011,
100110101001010,
100110110110101,
100111000011100,
100111010000000,
100111011100001,
100111100111110,
100111110011001,
100111111110000,
101000001000101,
101000010011000,
101000011100111,
101000100110101,
101000110000000,
101000111001001,
101001000010000,
101001001010101,
101001010010111,
101001011011001,
101001100011000,
101001101010101,
101001110010001,
101001111001100,
101010000000101,
101010000111100,
101010001110010,
101010010100111,
101010011011010,
101010100001100,
101010100111101,
101010101101101,
101010110011100,
101010111001001,
101010111110101,
101011000100001,
101011001001011,
101011001110101,
101011010011101,
101011011000101,
101011011101100,
101011100010010,
101011100110111,
101011101011100,
101011101111111,
101011110100010,
101011111000100,
101011111100110,
101100000000111,
101100000100111,
101100001000110,
101100001100101,
101100010000100,
101100010100001,
101100010111111,
101100011011011,
101100011110111,
101100100010011,
101100100101110,
101100101001001,
101100101100011,
101100101111100,
101100110010110,
101100110101110,
101100111000111,
101100111011111,
101100111110110,
101101000001101,
101101000100100,
101101000111010,
101101001010000,
101101001100110,
101101001111011,
101101010010000,
101101010100101,
101101010111001,
101101011001101,
101101011100000,
101101011110100,
101101100000111,
0,
000001100110011,
000011001100001,
000100110000111,
000110010100010,
000111110101110,
001001010100111,
001010110001100,
001100001011010,
001101100010000,
001110110101100,
010000000101111,
010001010010110,
010010011100011,
010011100010110,
010100100101111,
010101100101111,
010110100010110,
010111011100110,
011000010100000,
011001001000100,
011001111010011,
011010101010000,
011011010111001,
011100000010001,
011100101011001,
011101010010001,
011101110111010,
011110011010110,
011110111100100,
011111011100110,
011111111011100,
100000011001000,
100000110101001,
100001010000000,
100001101001110,
100010000010100,
100010011010001,
100010110000110,
100011000110100,
100011011011100,
100011101111100,
100100000010111,
100100010101011,
100100100111010,
100100111000100,
100101001001000,
100101011001000,
100101101000100,
100101110111011,
100110000101110,
100110010011101,
100110100001000,
100110101110000,
100110111010100,
100111000110110,
100111010010100,
100111011101111,
100111101000111,
100111110011101,
100111111110000,
101000001000001,
101000010001111,
101000011011100,
101000100100101,
101000101101101,
101000110110011,
101000111110111,
101001000111001,
101001001111010,
101001010111000,
101001011110101,
101001100110001,
101001101101011,
101001110100011,
101001111011010,
101010000010000,
101010001000100,
101010001110111,
101010010101001,
101010011011010,
101010100001010,
101010100111000,
101010101100110,
101010110010010,
101010110111110,
101010111101000,
101011000010010,
101011000111010,
101011001100010,
101011010001001,
101011010101111,
101011011010101,
101011011111001,
101011100011101,
101011101000000,
101011101100011,
101011110000100,
101011110100110,
101011111000110,
101011111100110,
101100000000101,
101100000100100,
101100001000010,
101100001011111,
101100001111100,
101100010011001,
101100010110100,
101100011010000,
101100011101011,
101100100000101,
101100100011111,
101100100111001,
101100101010010,
101100101101010,
101100110000011,
101100110011011,
101100110110010,
101100111001001,
101100111100000,
101100111110110,
101101000001100,
101101000100010,
101101000110111,
101101001001100,
101101001100001,
101101001110101,
101101010001001,
0,
000001100001100,
000011000010100,
000100100010101,
000110000001100,
000111011110110,
001000111010000,
001010010011000,
001011101001011,
001100111101010,
001110001110001,
001111011100001,
010000100111010,
010001101111010,
010010110100010,
010011110110010,
010100110101011,
010101110001110,
010110101011010,
010111100010001,
011000010110100,
011001001000100,
011001111000001,
011010100101100,
011011010000111,
011011111010001,
011100100001100,
011101000111001,
011101101011001,
011110001101011,
011110101110010,
011111001101101,
011111101011101,
100000001000011,
100000100011111,
100000111110010,
100001010111100,
100001101111110,
100010000111000,
100010011101011,
100010110010111,
100011000111100,
100011011011100,
100011101110101,
100100000001000,
100100010010110,
100100100011111,
100100110100011,
100101000100011,
100101010011110,
100101100010101,
100101110001000,
100101111110111,
100110001100011,
100110011001011,
100110100110000,
100110110010010,
100110111110001,
100111001001100,
100111010100101,
100111011111100,
100111101010000,
100111110100001,
100111111110000,
101000000111101,
101000010001000,
101000011010001,
101000100011000,
101000101011100,
101000110011111,
101000111100001,
101001000100000,
101001001011110,
101001010011011,
101001011010110,
101001100001111,
101001101000111,
101001101111110,
101001110110011,
101001111100111,
101010000011010,
101010001001100,
101010001111100,
101010010101100,
101010011011010,
101010100001000,
101010100110100,
101010101011111,
101010110001010,
101010110110011,
101010111011100,
101011000000100,
101011000101011,
101011001010001,
101011001110111,
101011010011100,
101011011000000,
101011011100011,
101011100000101,
101011100100111,
101011101001001,
101011101101001,
101011110001001,
101011110101001,
101011111001000,
101011111100110,
101100000000100,
101100000100001,
101100000111101,
101100001011010,
101100001110101,
101100010010000,
101100010101011,
101100011000101,
101100011011111,
101100011111001,
101100100010010,
101100100101010,
101100101000010,
101100101011010,
101100101110001,
101100110001000,
101100110011111,
101100110110101,
101100111001011,
101100111100001,
101100111110110,
101101000001011,
0,
000001011101000,
000010111001101,
000100010101100,
000101110000011,
000111001001101,
001000100001010,
001001110110111,
001011001010010,
001100011011010,
001101101001110,
001110110101100,
001111111110101,
010001000101000,
010010001000101,
010011001001100,
010100000111110,
010101000011011,
010101111100011,
010110110010111,
010111100111000,
011000011000111,
011001001000100,
011001110110000,
011010100001100,
011011001011000,
011011110010110,
011100011000110,
011100111101001,
011101011111111,
011110000001001,
011110100001000,
011110111111100,
011111011100110,
011111111000111,
100000010011110,
100000101101100,
100001000110011,
100001011110010,
100001110101001,
100010001011001,
100010100000011,
100010110100110,
100011001000100,
100011011011100,
100011101101110,
100011111111011,
100100010000011,
100100100000111,
100100110000110,
100101000000001,
100101001110111,
100101011101010,
100101101011010,
100101111000101,
100110000101110,
100110010010011,
100110011110101,
100110101010100,
100110110110000,
100111000001010,
100111001100001,
100111010110101,
100111100000111,
100111101010111,
100111110100101,
100111111110000,
101000000111010,
101000010000001,
101000011000111,
101000100001011,
101000101001101,
101000110001101,
101000111001100,
101001000001001,
101001001000101,
101001001111111,
101001010111000,
101001011110000,
101001100100110,
101001101011011,
101001110001111,
101001111000001,
101001111110011,
101010000100011,
101010001010010,
101010010000001,
101010010101110,
101010011011010,
101010100000110,
101010100110000,
101010101011010,
101010110000010,
101010110101010,
101010111010001,
101010111110111,
101011000011101,
101011001000010,
101011001100110,
101011010001001,
101011010101100,
101011011001110,
101011011101111,
101011100010000,
101011100110000,
101011101010000,
101011101101111,
101011110001110,
101011110101011,
101011111001001,
101011111100110,
101100000000010,
101100000011110,
101100000111010,
101100001010100,
101100001101111,
101100010001001,
101100010100011,
101100010111100,
101100011010101,
101100011101101,
101100100000101,
101100100011101,
101100100110100,
101100101001011,
101100101100010,
101100101111000,
101100110001110,
0,
000001011001000,
000010110001101,
000100001001101,
000101100000101,
000110110110011,
001000001010101,
001001011101001,
001010101101100,
001011111011111,
001101001000000,
001110010001101,
001111011000111,
010000011101101,
010001011111111,
010010011111100,
010011011100110,
010100010111101,
010101010000000,
010110000110000,
010110111001111,
010111101011100,
011000011011000,
011001001000100,
011001110100001,
011010011101110,
011011000101110,
011011101100000,
011100010000101,
011100110011110,
011101010101011,
011101110101110,
011110010100101,
011110110010011,
011111001110111,
011111101010011,
100000000100101,
100000011110000,
100000110110010,
100001001101110,
100001100100010,
100001111010000,
100010001110111,
100010100011001,
100010110110100,
100011001001011,
100011011011100,
100011101101000,
100011111101111,
100100001110010,
100100011110000,
100100101101011,
100100111100001,
100101001010100,
100101011000011,
100101100101111,
100101110010111,
100101111111100,
100110001011110,
100110010111110,
100110100011010,
100110101110100,
100110111001100,
100111000100001,
100111001110011,
100111011000100,
100111100010010,
100111101011110,
100111110101000,
100111111110000,
101000000110111,
101000001111011,
101000010111110,
101000011111111,
101000100111111,
101000101111101,
101000110111001,
101000111110100,
101001000101110,
101001001100110,
101001010011101,
101001011010011,
101001100001000,
101001100111011,
101001101101101,
101001110011110,
101001111001110,
101001111111101,
101010000101011,
101010001011001,
101010010000101,
101010010110000,
101010011011010,
101010100000100,
101010100101100,
101010101010100,
101010101111011,
101010110100010,
101010111000111,
101010111101100,
101011000010000,
101011000110011,
101011001010110,
101011001111000,
101011010011010,
101011010111011,
101011011011011,
101011011111011,
101011100011010,
101011100111001,
101011101010111,
101011101110100,
101011110010001,
101011110101110,
101011111001010,
101011111100110,
101100000000001,
101100000011100,
101100000110110,
101100001010000,
101100001101001,
101100010000010,
101100010011011,
101100010110011,
101100011001011,
101100011100011,
101100011111010,
101100100010001,
0,
000001010101010,
000010101010010,
000011111110101,
000101010010010,
000110100100101,
000111110101110,
001001000101010,
001010010011000,
001011011110110,
001100101000100,
001101110000001,
001110110101100,
001111111000101,
010000111001100,
010001111000000,
010010110100010,
010011101110001,
010100100101111,
010101011011011,
010110001110111,
010111000000001,
010111101111100,
011000011100111,
011001001000100,
011001110010010,
011010011010011,
011011000000111,
011011100101110,
011100001001001,
011100101011001,
011101001011110,
011101101011001,
011110001001010,
011110100110001,
011111000010000,
011111011100110,
011111110110100,
100000001111011,
100000100111010,
100000111110010,
100001010100011,
100001101001110,
100001111110011,
100010010010011,
100010100101100,
100010111000001,
100011001010001,
100011011011100,
100011101100010,
100011111100100,
100100001100010,
100100011011011,
100100101010001,
100100111000100,
100101000110011,
100101010011110,
100101100000111,
100101101101100,
100101111001110,
100110000101110,
100110010001011,
100110011100101,
100110100111100,
100110110010010,
100110111100101,
100111000110110,
100111010000100,
100111011010001,
100111100011100,
100111101100100,
100111110101011,
100111111110000,
101000000110100,
101000001110110,
101000010110110,
101000011110100,
101000100110010,
101000101101101,
101000110101000,
101000111100001,
101001000011000,
101001001001111,
101001010000100,
101001010111000,
101001011101011,
101001100011101,
101001101001110,
101001101111110,
101001110101100,
101001111011010,
101010000000111,
101010000110011,
101010001011110,
101010010001000,
101010010110010,
101010011011010,
101010100000010,
101010100101001,
101010101001111,
101010101110101,
101010110011010,
101010110111110,
101010111100001,
101011000000100,
101011000100110,
101011001001000,
101011001101001,
101011010001001,
101011010101001,
101011011001000,
101011011100111,
101011100000101,
101011100100011,
101011101000000,
101011101011101,
101011101111001,
101011110010101,
101011110110000,
101011111001011,
101011111100110,
101100000000000,
101100000011001,
101100000110011,
101100001001100,
101100001100100,
101100001111100,
101100010010100,
0,
000001010001111,
000010100011100,
000011110100101,
000101000100111,
000110010100010,
000111100010011,
001000101111001,
001001111010010,
001011000011110,
001100001011010,
001101010000111,
001110010100100,
001111010110000,
010000010101100,
010001010010110,
010010001110000,
010011000111000,
010011111110000,
010100110010111,
010101100101111,
010110010110111,
010111000110000,
010111110011010,
011000011110110,
011001001000100,
011001110000101,
011010010111010,
011010111100010,
011011011111111,
011100000010001,
011100100011001,
011101000010110,
011101100001010,
011101111110100,
011110011010110,
011110110101111,
011111010000000,
011111101001010,
100000000001100,
100000011001000,
100000101111101,
100001000101011,
100001011010100,
100001101110110,
100010000010100,
100010010101100,
100010100111111,
100010111001101,
100011001010110,
100011011011100,
100011101011101,
100011111011010,
100100001010011,
100100011001000,
100100100111010,
100100110101001,
100101000010100,
100101001111100,
100101011100001,
100101101000100,
100101110100011,
100110000000000,
100110001011011,
100110010110011,
100110100001000,
100110101011011,
100110110101101,
100110111111100,
100111001001001,
100111010010100,
100111011011101,
100111100100100,
100111101101010,
100111110101110,
100111111110000,
101000000110001,
101000001110000,
101000010101110,
101000011101010,
101000100100101,
101000101011111,
101000110010111,
101000111001111,
101001000000101,
101001000111001,
101001001101101,
101001010011111,
101001011010001,
101001100000001,
101001100110001,
101001101011111,
101001110001101,
101001110111001,
101001111100101,
101010000010000,
101010000111010,
101010001100011,
101010010001100,
101010010110011,
101010011011010,
101010100000000,
101010100100110,
101010101001011,
101010101101111,
101010110010010,
101010110110101,
101010111010111,
101010111111001,
101011000011010,
101011000111010,
101011001011010,
101011001111010,
101011010011001,
101011010110111,
101011011010101,
101011011110010,
101011100001111,
101011100101011,
101011101000111,
101011101100011,
101011101111110,
101011110011000,
101011110110011,
101011111001100,
101011111100110,
101011111111111,
101100000010111,
0,
000001001110110,
000010011101010,
000011101011010,
000100111000101,
000110000101001,
000111010000100,
001000011010101,
001001100011011,
001010101010100,
001011110000000,
001100110011110,
001101110101101,
001110110101100,
001111110011101,
010000101111101,
010001101001110,
010010100010000,
010011011000001,
010100001100100,
010100111110111,
010101101111100,
010110011110010,
010111001011010,
010111110110101,
011000100000011,
011001001000100,
011001101111001,
011010010100011,
011010111000001,
011011011010100,
011011111011101,
011100011011101,
011100111010011,
011101011000000,
011101110100100,
011110010000000,
011110101010100,
011111000100001,
011111011100110,
011111110100101,
100000001011101,
100000100001110,
100000110111010,
100001001100000,
100001100000000,
100001110011011,
100010000110001,
100010011000011,
100010101001111,
100010111010111,
100011001011100,
100011011011100,
100011101011000,
100011111010000,
100100001000101,
100100010110110,
100100100100100,
100100110001111,
100100111110111,
100101001011100,
100101010111111,
100101100011110,
100101101111011,
100101111010110,
100110000101110,
100110010000011,
100110011010111,
100110100101000,
100110101111000,
100110111000101,
100111000010001,
100111001011010,
100111010100010,
100111011101000,
100111100101101,
100111101101111,
100111110110001,
100111111110000,
101000000101111,
101000001101100,
101000010100111,
101000011100001,
101000100011010,
101000101010010,
101000110001000,
101000110111110,
101000111110010,
101001000100101,
101001001010111,
101001010001000,
101001010111000,
101001011100111,
101001100010101,
101001101000011,
101001101101111,
101001110011011,
101001111000101,
101001111101111,
101010000011000,
101010001000000,
101010001101000,
101010010001111,
101010010110101,
101010011011010,
101010011111111,
101010100100011,
101010101000110,
101010101101001,
101010110001100,
101010110101101,
101010111001110,
101010111101111,
101011000001111,
101011000101110,
101011001001101,
101011001101011,
101011010001001,
101011010100111,
101011011000100,
101011011100000,
101011011111100,
101011100011000,
101011100110011,
101011101001110,
101011101101000,
101011110000010,
101011110011011,
0,
000001001011111,
000010010111011,
000011100010101,
000100101101010,
000101110111000,
000110111111111,
001000000111100,
001001001110000,
001010010011000,
001011010110011,
001100011000011,
001101011000100,
001110010111000,
001111010011101,
010000001110100,
010001000111101,
010001111110111,
010010110100010,
010011100111111,
010100011001110,
010101001001111,
010101111000010,
010110100101000,
010111010000001,
010111111001110,
011000100001111,
011001001000100,
011001101101110,
011010010001101,
011010110100001,
011011010101100,
011011110101101,
011100010100101,
011100110010100,
011101001111010,
011101101011001,
011110000101111,
011110011111111,
011110111000111,
011111010001000,
011111101000011,
011111111110111,
100000010100110,
100000101001110,
100000111110010,
100001010010000,
100001100101001,
100001110111101,
100010001001101,
100010011011000,
100010101011111,
100010111100001,
100011001100000,
100011011011100,
100011101010011,
100011111000111,
100100000111000,
100100010100110,
100100100010000,
100100101111000,
100100111011101,
100101000111111,
100101010011110,
100101011111011,
100101101010110,
100101110101110,
100110000000100,
100110001010111,
100110010101001,
100110011111000,
100110101000110,
100110110010010,
100110111011100,
100111000100100,
100111001101010,
100111010101111,
100111011110010,
100111100110100,
100111101110100,
100111110110011,
100111111110000,
101000000101100,
101000001100111,
101000010100001,
101000011011001,
101000100010000,
101000101000110,
101000101111010,
101000110101110,
101000111100001,
101001000010010,
101001001000011,
101001001110011,
101001010100001,
101001011001111,
101001011111100,
101001100101000,
101001101010011,
101001101111110,
101001110100111,
101001111010000,
101001111111000,
101010000100000,
101010001000110,
101010001101100,
101010010010010,
101010010110110,
101010011011010,
101010011111110,
101010100100000,
101010101000011,
101010101100100,
101010110000101,
101010110100110,
101010111000110,
101010111100101,
101011000000100,
101011000100010,
101011001000000,
101011001011110,
101011001111011,
101011010010111,
101011010110100,
101011011001111,
101011011101011,
101011100000101,
101011100100000,
0,
000001001001001,
000010010010000,
000011011010101,
000100100010101,
000101101001111,
000110110000011,
000111110101110,
001000111010000,
001001111100111,
001010111110100,
001011111110101,
001100111101010,
001101111010010,
001110110101100,
001111101111010,
010000100111010,
010001011101100,
010010010010001,
010011000101000,
010011110110010,
010100100101111,
010101010011111,
010110000000011,
010110101011010,
010111010100110,
010111111100101,
011000100011010,
011001001000100,
011001101100011,
011010001111001,
011010110000100,
011011010000111,
011011110000000,
011100001110001,
011100101011001,
011101000111001,
011101100010010,
011101111100100,
011110010101110,
011110101110010,
011111000101111,
011111011100110,
011111110010111,
100000001000011,
100000011101001,
100000110001001,
100001000100101,
100001010111100,
100001101001110,
100001111011100,
100010001100110,
100010011101011,
100010101101101,
100010111101011,
100011001100101,
100011011011100,
100011101001111,
100011110111111,
100100000101100,
100100010010110,
100100011111101,
100100101100010,
100100111000100,
100101000100011,
100101010000000,
100101011011010,
100101100110010,
100101110001000,
100101111011100,
100110000101110,
100110001111101,
100110011001011,
100110100010111,
100110101100001,
100110110101010,
100110111110001,
100111000110110,
100111001111001,
100111010111011,
100111011111100,
100111100111011,
100111101111001,
100111110110101,
100111111110000,
101000000101010,
101000001100011,
101000010011010,
101000011010001,
101000100000110,
101000100111010,
101000101101101,
101000110011111,
101000111010001,
101001000000001,
101001000110000,
101001001011110,
101001010001100,
101001010111000,
101001011100100,
101001100001111,
101001100111001,
101001101100010,
101001110001011,
101001110110011,
101001111011010,
101010000000001,
101010000100111,
101010001001100,
101010001110000,
101010010010100,
101010010110111,
101010011011010,
101010011111100,
101010100011110,
101010100111111,
101010101011111,
101010101111111,
101010110011111,
101010110111110,
101010111011100,
101010111111010,
101011000011000,
101011000110101,
101011001010001,
101011001101110,
101011010001001,
101011010100101,
0,
000001000110101,
000010001101000,
000011010011001,
000100011000110,
000101011101101,
000110100001111,
000111100101001,
001000100111010,
001001101000010,
001010101000000,
001011100110100,
001100100011100,
001101011111001,
001110011001001,
001111010001101,
010000001000100,
010000111101111,
010001110001101,
010010100011111,
010011010100100,
010100000011101,
010100110001001,
010101011101010,
010110000111111,
010110110001001,
010111011000111,
010111111111011,
011000100100101,
011001001000100,
011001101011010,
011010001100110,
011010101101001,
011011001100100,
011011101010110,
011100000111111,
011100100100010,
011100111111100,
011101011010000,
011101110011100,
011110001100010,
011110100100010,
011110111011011,
011111010001110,
011111100111100,
011111111100101,
100000010001000,
100000100100110,
100000111000000,
100001001010100,
100001011100101,
100001101110001,
100001111111001,
100010001111101,
100010011111101,
100010101111010,
100010111110011,
100011001101001,
100011011011100,
100011101001011,
100011110110111,
100100000100001,
100100010001000,
100100011101100,
100100101001101,
100100110101100,
100101000001001,
100101001100011,
100101010111011,
100101100010001,
100101101100101,
100101110110111,
100110000000111,
100110001010100,
100110010100001,
100110011101011,
100110100110100,
100110101111011,
100110111000000,
100111000000100,
100111001000110,
100111010000111,
100111011000111,
100111100000101,
100111101000001,
100111101111101,
100111110110111,
100111111110000,
101000000101000,
101000001011111,
101000010010101,
101000011001001,
101000011111101,
101000100101111,
101000101100001,
101000110010010,
101000111000001,
101000111110000,
101001000011110,
101001001001011,
101001001110111,
101001010100011,
101001011001101,
101001011110111,
101001100100000,
101001101001001,
101001101110001,
101001110011000,
101001110111110,
101001111100100,
101010000001001,
101010000101101,
101010001010001,
101010001110100,
101010010010111,
101010010111001,
101010011011010,
101010011111011,
101010100011100,
101010100111100,
101010101011011,
101010101111010,
101010110011000,
101010110110110,
101010111010100,
101010111110001,
101011000001110,
101011000101010,
0,
000001000100010,
000010001000011,
000011001100001,
000100001111100,
000101010010010,
000110010100010,
000111010101100,
001000010101110,
001001010100111,
001010010011000,
001011001111110,
001100001011010,
001101000101100,
001101111110010,
001110110101100,
001111101011011,
010000011111111,
010001010010110,
010010000100010,
010010110100010,
010011100010110,
010100001111111,
010100111011100,
010101100101111,
010110001110111,
010110110110100,
010111011100110,
011000000001111,
011000100101110,
011001001000100,
011001101010001,
011010001010100,
011010101010000,
011011001000011,
011011100101110,
011100000010001,
011100011101110,
011100111000011,
011101010010001,
011101101011001,
011110000011010,
011110011010110,
011110110001011,
011111000111011,
011111011100110,
011111110001100,
100000000101100,
100000011001000,
100000101011111,
100000111110010,
100001010000000,
100001100001011,
100001110010001,
100010000010100,
100010010010011,
100010100001110,
100010110000110,
100010111111011,
100011001101101,
100011011011100,
100011101000111,
100011110110000,
100100000010111,
100100001111010,
100100011011011,
100100100111010,
100100110010110,
100100111110001,
100101001001000,
100101010011110,
100101011110010,
100101101000100,
100101110010100,
100101111100010,
100110000101110,
100110001111000,
100110011000001,
100110100001000,
100110101001110,
100110110010010,
100110111010100,
100111000010110,
100111001010101,
100111010010100,
100111011010001,
100111100001101,
100111101000111,
100111110000001,
100111110111001,
100111111110000,
101000000100110,
101000001011011,
101000010001111,
101000011000010,
101000011110100,
101000100100101,
101000101010110,
101000110000101,
101000110110011,
101000111100001,
101001000001101,
101001000111001,
101001001100100,
101001010001111,
101001010111000,
101001011100001,
101001100001001,
101001100110001,
101001101011000,
101001101111110,
101001110100011,
101001111001000,
101001111101100,
101010000010000,
101010000110011,
101010001010110,
101010001110111,
101010010011001,
101010010111010,
101010011011010,
101010011111010,
101010100011001,
101010100111000,
101010101010111,
101010101110101,
101010110010010,
101010110101111,
0,
000001000010000,
000010000100000,
000011000101101,
000100000110110,
000101000111100,
000110000111100,
000111000110111,
001000000101010,
001001000010101,
001001111111000,
001010111010011,
001011110100011,
001100101101010,
001101100100110,
001110011011000,
001111001111110,
010000000011010,
010000110101011,
010001100110001,
010010010101011,
010011000011011,
010011110000000,
010100011011010,
010101000101010,
010101101101111,
010110010101010,
010110111011100,
010111100000100,
011000000100010,
011000100110111,
011001001000100,
011001101001000,
011010001000100,
011010100111000,
011011000100100,
011011100001000,
011011111100110,
011100010111100,
011100110001100,
011101001010110,
011101100011001,
011101111010110,
011110010001110,
011110101000000,
011110111101101,
011111010010100,
011111100110111,
011111111010101,
100000001101110,
100000100000011,
100000110010100,
100001000100000,
100001010101001,
100001100101110,
100001110101111,
100010000101100,
100010010100111,
100010100011110,
100010110010010,
100011000000011,
100011001110000,
100011011011100,
100011101000100,
100011110101010,
100100000001101,
100100001101110,
100100011001100,
100100100101000,
100100110000010,
100100111011001,
100101000101111,
100101010000011,
100101011010100,
100101100100100,
100101101110010,
100101110111111,
100110000001001,
100110001010010,
100110010011001,
100110011011111,
100110100100011,
100110101100110,
100110110100111,
100110111100111,
100111000100110,
100111001100100,
100111010100000,
100111011011011,
100111100010100,
100111101001101,
100111110000101,
100111110111011,
100111111110000,
101000000100101,
101000001011000,
101000010001010,
101000010111100,
101000011101100,
101000100011100,
101000101001011,
101000101111001,
101000110100110,
101000111010010,
101000111111110,
101001000101000,
101001001010010,
101001001111100,
101001010100100,
101001011001100,
101001011110011,
101001100011010,
101001101000000,
101001101100101,
101001110001010,
101001110101110,
101001111010001,
101001111110100,
101010000010111,
101010000111001,
101010001011010,
101010001111011,
101010010011011,
101010010111011,
101010011011010,
101010011111001,
101010100010111,
101010100110101,
0,
000001000000000,
000001111111111,
000010111111100,
000011111110101,
000100111101011,
000101111011101,
000110111001000,
000111110101110,
001000110001100,
001001101100010,
001010100110001,
001011011110110,
001100010110010,
001101001100101,
001110000001110,
001110110101100,
001111101000001,
010000011001011,
010001001001011,
010001111000000,
010010100101011,
010011010001100,
010011111100010,
010100100101111,
010101001110010,
010101110101011,
010110011011011,
010111000000001,
010111100011111,
011000000110100,
011000101000000,
011001001000100,
011001101000000,
011010000110100,
011010100100001,
011011000000111,
011011011100101,
011011110111101,
011100010001110,
011100101011001,
011101000011110,
011101011011101,
011101110010110,
011110001001010,
011110011111000,
011110110100010,
011111001000110,
011111011100110,
011111110000001,
100000000011000,
100000010101011,
100000100111010,
100000111000100,
100001001001011,
100001011001110,
100001101001110,
100001111001011,
100010001000100,
100010010111010,
100010100101100,
100010110011100,
100011000001001,
100011001110100,
100011011011100,
100011101000001,
100011110100011,
100100000000100,
100100001100010,
100100010111101,
100100100010111,
100100101101110,
100100111000100,
100101000010111,
100101001101001,
100101010111001,
100101100000111,
100101101010011,
100101110011101,
100101111100110,
100110000101110,
100110001110100,
100110010111000,
100110011111011,
100110100111100,
100110101111101,
100110110111100,
100110111111001,
100111000110110,
100111001110001,
100111010101011,
100111011100100,
100111100011100,
100111101010010,
100111110001000,
100111110111101,
100111111110000,
101000000100011,
101000001010101,
101000010000110,
101000010110110,
101000011100101,
101000100010011,
101000101000001,
101000101101101,
101000110011001,
101000111000100,
101000111101111,
101001000011000,
101001001000001,
101001001101010,
101001010010001,
101001010111000,
101001011011111,
101001100000100,
101001100101001,
101001101001110,
101001101110010,
101001110010101,
101001110111000,
101001111011010,
101001111111100,
101010000011101,
101010000111110,
101010001011110,
101010001111110,
101010010011101,
101010010111100,
0,
000000111110000,
000001111100000,
000010111001101,
000011110111000,
000100110100000,
000101110000011,
000110101100001,
000111100111001,
001000100001010,
001001011010101,
001010010011000,
001011001010010,
001100000000100,
001100110101110,
001101101001110,
001110011100101,
001111001110010,
001111111110101,
010000101101111,
010001011011111,
010010001000101,
010010110100010,
010011011110101,
010100000111110,
010100101111110,
010101010110101,
010101111100011,
010110100001000,
010111000100100,
010111100111000,
011000001000100,
011000101001000,
011001001000100,
011001100111000,
011010000100110,
011010100001100,
011010111101011,
011011011000100,
011011110010110,
011100001100010,
011100100101000,
011100111101001,
011101010100011,
011101101011001,
011110000001001,
011110010110100,
011110101011010,
011110111111100,
011111010011001,
011111100110010,
011111111000111,
100000001010111,
100000011100100,
100000101101100,
100000111110010,
100001001110011,
100001011110010,
100001101101101,
100001111100101,
100010001011001,
100010011001011,
100010100111010,
100010110100110,
100011000010000,
100011001110111,
100011011011100,
100011100111110,
100011110011101,
100011111111011,
100100001010110,
100100010110000,
100100100000111,
100100101011100,
100100110101111,
100101000000001,
100101001010000,
100101010011110,
100101011101010,
100101100110101,
100101101111110,
100101111000101,
100110000001011,
100110001010000,
100110010010011,
100110011010101,
100110100010101,
100110101010100,
100110110010010,
100110111001110,
100111000001010,
100111001000100,
100111001111101,
100111010110101,
100111011101100,
100111100100010,
100111101010111,
100111110001011,
100111110111110,
100111111110000,
101000000100010,
101000001010010,
101000010000001,
101000010110000,
101000011011110,
101000100001011,
101000100110111,
101000101100011,
101000110001101,
101000110110111,
101000111100001,
101001000001001,
101001000110001,
101001001011001,
101001001111111,
101001010100101,
101001011001011,
101001011110000,
101001100010100,
101001100111000,
101001101011011,
101001101111110,
101001110100000,
101001111000001,
101001111100010,
101010000000011,
101010000100011,
101010001000011,
0,
000000111100010,
000001111000011,
000010110100010,
000011101111111,
000100101011000,
000101100101110,
000110011111111,
000111011001010,
001000010010000,
001001001001111,
001010000000111,
001010110110111,
001011101011111,
001100100000000,
001101010010111,
001110000100110,
001110110101100,
001111100101001,
010000010011101,
010001000001000,
010001101101001,
010010011000001,
010011000010001,
010011101010111,
010100010010100,
010100111001000,
010101011110100,
010110000010111,
010110100110010,
010111001000101,
010111101010000,
011000001010100,
011000101001111,
011001001000100,
011001100110001,
011010000011000,
011010011111000,
011010111010001,
011011010100100,
011011101110001,
011100000111001,
011100011111010,
011100110110110,
011101001101101,
011101100011111,
011101111001011,
011110001110011,
011110100010111,
011110110110101,
011111001010000,
011111011100110,
011111101111000,
100000000000111,
100000010010001,
100000100011000,
100000110011100,
100001000011100,
100001010011001,
100001100010011,
100001110001001,
100001111111101,
100010001101110,
100010011011100,
100010101000111,
100010110110000,
100011000010110,
100011001111010,
100011011011100,
100011100111011,
100011110011000,
100011111110011,
100100001001100,
100100010100011,
100100011110111,
100100101001011,
100100110011100,
100100111101011,
100101000111001,
100101010000101,
100101011010000,
100101100011001,
100101101100000,
100101110100110,
100101111101011,
100110000101110,
100110001110000,
100110010110000,
100110011101111,
100110100101101,
100110101101010,
100110110100110,
100110111100000,
100111000011001,
100111001010010,
100111010001001,
100111010111111,
100111011110100,
100111100101001,
100111101011100,
100111110001110,
100111111000000,
100111111110000,
101000000100000,
101000001001111,
101000001111101,
101000010101011,
101000011010111,
101000100000011,
101000100101110,
101000101011000,
101000110000010,
101000110101011,
101000111010011,
101000111111011,
101001000100010,
101001001001001,
101001001101110,
101001010010100,
101001010111000,
101001011011100,
101001100000000,
101001100100011,
101001101000101,
101001101100111,
101001110001001,
101001110101010,
101001111001010,
0,
000000111010100,
000001110100111,
000010101111001,
000011101001000,
000100100010101,
000101011011110,
000110010100010,
000111001100010,
001000000011100,
001000111010000,
001001101111101,
001010100100100,
001011011000011,
001100001011010,
001100111101010,
001101101110001,
001110011110000,
001111001100111,
001111111010100,
010000100111010,
010001010010110,
010001111101010,
010010100110101,
010011001111000,
010011110110010,
010100011100100,
010101000001110,
010101100101111,
010110001001000,
010110101011010,
010111001100100,
010111101100111,
011000001100010,
011000101010111,
011001001000100,
011001100101011,
011010000001011,
011010011100101,
011010110111001,
011011010000111,
011011101001111,
011100000010001,
011100011001111,
011100110000110,
011101000111001,
011101011100111,
011101110010001,
011110000110101,
011110011010110,
011110101110010,
011111000001010,
011111010011110,
011111100101110,
011111110111010,
100000001000011,
100000011001000,
100000101001010,
100000111001000,
100001001000100,
100001010111100,
100001100110001,
100001110100100,
100010000010100,
100010010000001,
100010011101011,
100010101010011,
100010110111001,
100011000011100,
100011001111101,
100011011011100,
100011100111000,
100011110010011,
100011111101011,
100100001000010,
100100010010110,
100100011101001,
100100100111010,
100100110001001,
100100111010111,
100101000100011,
100101001101101,
100101010110110,
100101011111110,
100101101000100,
100101110001000,
100101111001011,
100110000001101,
100110001001110,
100110010001101,
100110011001011,
100110100001000,
100110101000100,
100110101111111,
100110110111000,
100110111110001,
100111000101000,
100111001011110,
100111010010100,
100111011001000,
100111011111100,
100111100101110,
100111101100000,
100111110010001,
100111111000001,
100111111110000,
101000000011111,
101000001001100,
101000001111001,
101000010100101,
101000011010001,
101000011111011,
101000100100101,
101000101001111,
101000101110111,
101000110011111,
101000111000111,
101000111101110,
101001000010100,
101001000111001,
101001001011110,
101001010000011,
101001010100111,
101001011001010,
101001011101101,
101001100001111,
101001100110001,
101001101010010,
0,
000000111000111,
000001110001101,
000010101010010,
000011100010101,
000100011010101,
000101010010010,
000110001001011,
000110111111111,
000111110101110,
001000101010111,
001001011111011,
001010010011000,
001011000101110,
001011110111101,
001100101000100,
001101011000100,
001110000111100,
001110110101100,
001111100010100,
010000001110100,
010000111001100,
010001100011011,
010010001100011,
010010110100010,
010011011011001,
010100000001000,
010100100101111,
010101001001111,
010101101100110,
010110001110111,
010110110000000,
010111010000001,
010111101111100,
011000001110000,
011000101011101,
011001001000100,
011001100100100,
011001111111111,
011010011010011,
011010110100001,
011011001101010,
011011100101110,
011011111101100,
011100010100101,
011100101011001,
011101000001000,
011101010110011,
011101101011001,
011101111111010,
011110010011000,
011110100110001,
011110111000111,
011111001011000,
011111011100110,
011111101110000,
011111111110111,
100000001111011,
100000011111011,
100000101111000,
100000111110010,
100001001101001,
100001011011101,
100001101001110,
100001110111101,
100010000101001,
100010010010011,
100010011111010,
100010101011111,
100010111000001,
100011000100001,
100011001111111,
100011011011100,
100011100110110,
100011110001110,
100011111100100,
100100000111000,
100100010001011,
100100011011011,
100100100101010,
100100101111000,
100100111000100,
100101000001110,
100101001010111,
100101010011110,
100101011100100,
100101100101001,
100101101101100,
100101110101110,
100101111101110,
100110000101110,
100110001101100,
100110010101001,
100110011100101,
100110100100000,
100110101011001,
100110110010010,
100110111001001,
100111000000000,
100111000110110,
100111001101010,
100111010011110,
100111011010001,
100111100000011,
100111100110100,
100111101100100,
100111110010100,
100111111000010,
100111111110000,
101000000011110,
101000001001010,
101000001110110,
101000010100001,
101000011001011,
101000011110100,
101000100011101,
101000101000110,
101000101101101,
101000110010100,
101000110111011,
101000111100001,
101001000000110,
101001000101011,
101001001001111,
101001001110011,
101001010010110,
101001010111000,
101001011011010,
0,
000000110111011,
000001101110101,
000010100101110,
000011011100100,
000100010011001,
000101001001010,
000101111110111,
000110110100001,
000111101000101,
001000011100101,
001001001111111,
001010000010010,
001010110100000,
001011100100111,
001100010100110,
001101000011111,
001101110010000,
001110011111010,
001111001011101,
001111110110111,
010000100001010,
010001001010101,
010001110011000,
010010011010100,
010011000001000,
010011100110100,
010100001011000,
010100101110110,
010101010001100,
010101110011010,
010110010100010,
010110110100011,
010111010011101,
010111110010000,
011000001111101,
011000101100100,
011001001000100,
011001100011110,
011001111110011,
011010011000010,
011010110001011,
011011001010000,
011011100001110,
011011111001000,
011100001111101,
011100100101110,
011100111011001,
011101010000001,
011101100100011,
011101111000010,
011110001011101,
011110011110100,
011110110000111,
011111000010110,
011111010100010,
011111100101010,
011111110101111,
100000000110000,
100000010101111,
100000100101010,
100000110100011,
100001000011001,
100001010001100,
100001011111100,
100001101101001,
100001111010101,
100010000111101,
100010010100100,
100010100001000,
100010101101001,
100010111001001,
100011000100110,
100011010000010,
100011011011100,
100011100110011,
100011110001001,
100011111011101,
100100000101111,
100100010000000,
100100011001110,
100100100011100,
100100101100111,
100100110110001,
100100111111010,
100101001000001,
100101010000111,
100101011001100,
100101100001111,
100101101010001,
100101110010001,
100101111010001,
100110000001111,
100110001001100,
100110010001000,
100110011000011,
100110011111101,
100110100110101,
100110101101101,
100110110100100,
100110111011010,
100111000001111,
100111001000011,
100111001110110,
100111010101000,
100111011011001,
100111100001010,
100111100111001,
100111101101000,
100111110010110,
100111111000100,
100111111110000,
101000000011100,
101000001001000,
101000001110010,
101000010011100,
101000011000101,
101000011101110,
101000100010110,
101000100111101,
101000101100100,
101000110001010,
101000110101111,
101000111010100,
101000111111001,
101001000011101,
101001001000000,
101001001100011,
0,
000000110101111,
000001101011110,
000010100001011,
000011010110110,
000100001011111,
000101000000110,
000101110101001,
000110101001000,
000111011100010,
001000001111000,
001001000001001,
001001110010100,
001010100011001,
001011010010111,
001100000010000,
001100110000001,
001101011101100,
001110001010000,
001110110101100,
001111100000010,
010000001010000,
010000110010110,
010001011010101,
010010000001101,
010010100111110,
010011001100111,
010011110001001,
010100010100100,
010100110111000,
010101011000101,
010101111001011,
010110011001011,
010110111000100,
010111010110111,
010111110100011,
011000010001001,
011000101101010,
011001001000100,
011001100011001,
011001111101000,
011010010110010,
011010101110110,
011011000110110,
011011011110001,
011011110100110,
011100001011000,
011100100000100,
011100110101101,
011101001010001,
011101011110000,
011101110001100,
011110000100100,
011110010111001,
011110101001001,
011110111010110,
011111001100000,
011111011100110,
011111101101001,
011111111101001,
100000001100110,
100000011100000,
100000101010111,
100000111001100,
100001000111101,
100001010101100,
100001100011001,
100001110000011,
100001111101011,
100010001010000,
100010010110011,
100010100010101,
100010101110011,
100010111010000,
100011000101011,
100011010000100,
100011011011100,
100011100110001,
100011110000100,
100011111010110,
100100000100110,
100100001110101,
100100011000010,
100100100001110,
100100101010111,
100100110100000,
100100111100111,
100101000101101,
100101001110001,
100101010110100,
100101011110110,
100101100110111,
100101101110110,
100101110110101,
100101111110010,
100110000101110,
100110001101001,
100110010100011,
100110011011011,
100110100010011,
100110101001010,
100110110000000,
100110110110101,
100110111101001,
100111000011100,
100111001001111,
100111010000000,
100111010110001,
100111011100001,
100111100010000,
100111100111110,
100111101101100,
100111110011001,
100111111000101,
100111111110000,
101000000011011,
101000001000101,
101000001101111,
101000010011000,
101000011000000,
101000011100111,
101000100001110,
101000100110101,
101000101011011,
101000110000000,
101000110100101,
101000111001001,
101000111101101,
0,
000000110100100,
000001101000111,
000010011101010,
000011010001011,
000100000101001,
000100111000101,
000101101011110,
000110011110011,
000111010000100,
001000000010000,
001000110011000,
001001100011011,
001010010011000,
001011000001111,
001011110000000,
001100011101011,
001101001001111,
001101110101101,
001110100000100,
001111001010100,
001111110011101,
010000011011111,
010001000011010,
010001101001110,
010010001111100,
010010110100010,
010011011000001,
010011111011010,
010100011101100,
010100111110111,
010101011111100,
010101111111010,
010110011110010,
010110111100100,
010111011001111,
010111110110101,
011000010010101,
011000101101111,
011001001000100,
011001100010011,
011001111011101,
011010010100011,
011010101100011,
011011000011110,
011011011010100,
011011110000110,
011100000110100,
011100011011101,
011100110000010,
011101000100011,
011101011000000,
011101101011001,
011101111101110,
011110010000000,
011110100001110,
011110110011001,
011111000100001,
011111010100101,
011111100100110,
011111110100101,
100000000100000,
100000010011000,
100000100001110,
100000110000001,
100000111110010,
100001001100000,
100001011001011,
100001100110100,
100001110011011,
100010000000000,
100010001100010,
100010011000011,
100010100100001,
100010101111101,
100010111010111,
100011000110000,
100011010000111,
100011011011100,
100011100101111,
100011110000000,
100011111010000,
100100000011110,
100100001101011,
100100010110110,
100100100000000,
100100101001000,
100100110001111,
100100111010101,
100101000011001,
100101001011100,
100101010011110,
100101011011111,
100101100011110,
100101101011100,
100101110011010,
100101111010110,
100110000010001,
100110001001011,
100110010000011,
100110010111011,
100110011110010,
100110100101000,
100110101011110,
100110110010010,
100110111000101,
100110111111000,
100111000101001,
100111001011010,
100111010001010,
100111010111010,
100111011101000,
100111100010110,
100111101000011,
100111101101111,
100111110011011,
100111111000110,
100111111110000,
101000000011010,
101000001000011,
101000001101100,
101000010010011,
101000010111011,
101000011100001,
101000100000111,
101000100101101,
101000101010010,
101000101110110,
0,
000000110011010,
000001100110011,
000010011001011,
000011001100001,
000011111110101,
000100110000111,
000101100010110,
000110010100010,
000111000101010,
000111110101110,
001000100101101,
001001010100111,
001010000011100,
001010110001100,
001011011110110,
001100001011010,
001100110111000,
001101100010000,
001110001100001,
001110110101100,
001111011110001,
010000000101111,
010000101100110,
010001010010110,
010001111000000,
010010011100011,
010011000000000,
010011100010110,
010100000100110,
010100100101111,
010101000110010,
010101100101111,
010110000100110,
010110100010110,
010111000000001,
010111011100110,
010111111000110,
011000010100000,
011000101110101,
011001001000100,
011001100001110,
011001111010011,
011010010010100,
011010101010000,
011011000000111,
011011010111001,
011011101100111,
011100000010001,
011100010110111,
011100101011001,
011100111110111,
011101010010001,
011101100100111,
011101110111010,
011110001001010,
011110011010110,
011110101011111,
011110111100100,
011111001100111,
011111011100110,
011111101100011,
011111111011100,
100000001010011,
100000011001000,
100000100111010,
100000110101001,
100001000010110,
100001010000000,
100001011101000,
100001101001110,
100001110110010,
100010000010100,
100010001110011,
100010011010001,
100010100101100,
100010110000110,
100010111011110,
100011000110100,
100011010001001,
100011011011100,
100011100101101,
100011101111100,
100011111001010,
100100000010111,
100100001100010,
100100010101011,
100100011110011,
100100100111010,
100100110000000,
100100111000100,
100101000000111,
100101001001000,
100101010001001,
100101011001000,
100101100000111,
100101101000100,
100101110000000,
100101110111011,
100101111110101,
100110000101110,
100110001100110,
100110010011101,
100110011010011,
100110100001000,
100110100111100,
100110101110000,
100110110100011,
100110111010100,
100111000000101,
100111000110110,
100111001100101,
100111010010100,
100111011000010,
100111011101111,
100111100011100,
100111101000111,
100111101110011,
100111110011101,
100111111000111,
100111111110000,
101000000011001,
101000001000001,
101000001101001,
101000010001111,
101000010110110,
101000011011100,
101000100000001,
0,
000000110010000,
000001100011111,
000010010101101,
000011000111001,
000011111000100,
000100101001101,
000101011010011,
000110001010101,
000110111010100,
000111101010000,
001000011000111,
001001000111001,
001001110100111,
001010100001111,
001011001110010,
001011111010000,
001100100101000,
001101001111010,
001101111000110,
001110100001100,
001111001001011,
001111110000101,
010000010111000,
010000111100101,
010001100001011,
010010000101011,
010010101000101,
010011001011001,
010011101100110,
010100001101110,
010100101101111,
010101001101010,
010101101100000,
010110001001111,
010110100111001,
010111000011110,
010111011111100,
010111111010110,
011000010101010,
011000101111010,
011001001000100,
011001100001001,
011001111001010,
011010010000110,
011010100111101,
011010111110001,
011011010011111,
011011101001010,
011011111110001,
011100010010011,
011100100110010,
011100111001101,
011101001100100,
011101011111000,
011101110001001,
011110000010110,
011110010100000,
011110100100110,
011110110101010,
011111000101010,
011111010101000,
011111100100011,
011111110011011,
100000000010001,
100000010000100,
100000011110101,
100000101100011,
100000111001110,
100001000111000,
100001010011111,
100001100000100,
100001101100111,
100001111001000,
100010000100110,
100010010000011,
100010011011110,
100010100111000,
100010110001111,
100010111100101,
100011000111001,
100011010001011,
100011011011100,
100011100101011,
100011101111000,
100011111000100,
100100000001111,
100100001011000,
100100010100000,
100100011100111,
100100100101100,
100100101110000,
100100110110011,
100100111110101,
100101000110101,
100101001110101,
100101010110011,
100101011110000,
100101100101100,
100101101100111,
100101110100001,
100101111011010,
100110000010010,
100110001001001,
100110001111111,
100110010110101,
100110011101001,
100110100011101,
100110101001111,
100110110000001,
100110110110010,
100110111100011,
100111000010010,
100111001000001,
100111001101111,
100111010011101,
100111011001010,
100111011110110,
100111100100001,
100111101001100,
100111101110110,
100111110011111,
100111111001000,
100111111110000,
101000000011000,
101000000111111,
101000001100110,
101000010001100,
0,
000000110000110,
000001100001100,
000010010010000,
000011000010100,
000011110010101,
000100100010101,
000101010010010,
000110000001100,
000110110000011,
000111011110110,
001000001100101,
001000111010000,
001001100110110,
001010010011000,
001010111110100,
001011101001011,
001100010011101,
001100111101010,
001101100110000,
001110001110001,
001110110101100,
001111011100001,
010000000010001,
010000100111010,
010001001011101,
010001101111010,
010010010010001,
010010110100010,
010011010101101,
010011110110010,
010100010110010,
010100110101011,
010101010011111,
010101110001110,
010110001110111,
010110101011010,
010111000111000,
010111100010001,
010111111100101,
011000010110100,
011000101111111,
011001001000100,
011001100000101,
011001111000001,
011010001111001,
011010100101100,
011010111011011,
011011010000111,
011011100101110,
011011111010001,
011100001110001,
011100100001100,
011100110100101,
011101000111001,
011101011001011,
011101101011001,
011101111100100,
011110001101011,
011110011110000,
011110101110010,
011110111110001,
011111001101101,
011111011100110,
011111101011101,
011111111010001,
100000001000011,
100000010110010,
100000100011111,
100000110001001,
100000111110010,
100001001011000,
100001010111100,
100001100011110,
100001101111110,
100001111011100,
100010000111000,
100010010010011,
100010011101011,
100010101000010,
100010110010111,
100010111101011,
100011000111100,
100011010001101,
100011011011100,
100011100101001,
100011101110101,
100011110111111,
100100000001000,
100100001010000,
100100010010110,
100100011011011,
100100100011111,
100100101100010,
100100110100011,
100100111100100,
100101000100011,
100101001100001,
100101010011110,
100101011011010,
100101100010101,
100101101001111,
100101110001000,
100101111000000,
100101111110111,
100110000101110,
100110001100011,
100110010011000,
100110011001011,
100110011111110,
100110100110000,
100110101100001,
100110110010010,
100110111000010,
100110111110001,
100111000011111,
100111001001100,
100111001111001,
100111010100101,
100111011010001,
100111011111100,
100111100100110,
100111101010000,
100111101111001,
100111110100001,
100111111001001,
100111111110000,
101000000010111,
0,
000000101111101,
000001011111001,
000010001110101,
000010111110000,
000011101101001,
000100011011111,
000101001010100,
000101111000110,
000110100110100,
000111010100000,
001000000000111,
001000101101011,
001001011001010,
001010000100101,
001010101111011,
001011011001100,
001100000011000,
001100101011111,
001101010100001,
001101111011101,
001110100010011,
001111001000100,
001111101101111,
010000010010101,
010000110110100,
010001011001110,
010001111100010,
010010011110001,
010010111111001,
010011011111101,
010011111111010,
010100011110010,
010100111100100,
010101011010010,
010101110111001,
010110010011100,
010110101111001,
010111001010010,
010111100100101,
010111111110100,
011000010111110,
011000110000011,
011001001000100,
011001100000000,
011001110111000,
011010001101100,
011010100011100,
011010111000111,
011011001101111,
011011100010011,
011011110110011,
011100001010000,
011100011101000,
011100101111110,
011101000010000,
011101010011111,
011101100101011,
011101110110100,
011110000111001,
011110010111100,
011110100111100,
011110110111001,
011111000110011,
011111010101011,
011111100100000,
011111110010011,
100000000000011,
100000001110001,
100000011011101,
100000101000111,
100000110101110,
100001000010011,
100001001110110,
100001011011000,
100001100110111,
100001110010100,
100001111110000,
100010001001001,
100010010100001,
100010011110111,
100010101001100,
100010110011111,
100010111110000,
100011001000000,
100011010001111,
100011011011100,
100011100100111,
100011101110001,
100011110111010,
100100000000001,
100100001001000,
100100010001100,
100100011010000,
100100100010011,
100100101010100,
100100110010100,
100100111010011,
100101000010001,
100101001001110,
100101010001010,
100101011000101,
100101011111111,
100101100111000,
100101101110000,
100101110101000,
100101111011110,
100110000010011,
100110001001000,
100110001111100,
100110010101111,
100110011100001,
100110100010010,
100110101000011,
100110101110010,
100110110100001,
100110111010000,
100110111111110,
100111000101011,
100111001010111,
100111010000011,
100111010101110,
100111011011000,
100111100000010,
100111100101011,
100111101010100,
100111101111100,
100111110100011,
0,
000000101110100,
000001011101000,
000010001011011,
000010111001101,
000011100111110,
000100010101100,
000101000011001,
000101110000011,
000110011101010,
000111001001101,
000111110101110,
001000100001010,
001001001100011,
001001110110111,
001010100000111,
001011001010010,
001011110011001,
001100011011010,
001101000010111,
001101101001110,
001110010000000,
001110110101100,
001111011010100,
001111111110101,
010000100010010,
010001000101000,
010001100111010,
010010001000101,
010010101001100,
010011001001100,
010011101001000,
010100000111110,
010100100101111,
010101000011011,
010101100000001,
010101111100011,
010110011000000,
010110110010111,
010111001101010,
010111100111000,
011000000000010,
011000011000111,
011000110001000,
011001001000100,
011001011111100,
011001110110000,
011010001100000,
011010100001100,
011010110110100,
011011001011000,
011011011111001,
011011110010110,
011100000110000,
011100011000110,
011100101011001,
011100111101001,
011101001110101,
011101011111111,
011101110000101,
011110000001001,
011110010001010,
011110100001000,
011110110000011,
011110111111100,
011111001110010,
011111011100110,
011111101010111,
011111111000111,
100000000110011,
100000010011110,
100000100000110,
100000101101100,
100000111010001,
100001000110011,
100001010010011,
100001011110010,
100001101001110,
100001110101001,
100010000000010,
100010001011001,
100010010101111,
100010100000011,
100010101010110,
100010110100110,
100010111110110,
100011001000100,
100011010010000,
100011011011100,
100011100100101,
100011101101110,
100011110110101,
100011111111011,
100100001000000,
100100010000011,
100100011000101,
100100100000111,
100100101000111,
100100110000110,
100100111000100,
100101000000001,
100101000111101,
100101001110111,
100101010110001,
100101011101010,
100101100100010,
100101101011010,
100101110010000,
100101111000101,
100101111111010,
100110000101110,
100110001100001,
100110010010011,
100110011000100,
100110011110101,
100110100100101,
100110101010100,
100110110000010,
100110110110000,
100110111011101,
100111000001010,
100111000110110,
100111001100001,
100111010001011,
100111010110101,
100111011011111,
100111100000111,
100111100110000,
0,
000000101101100,
000001011011000,
000010001000011,
000010110101101,
000011100010101,
000100001111100,
000100111100000,
000101101000011,
000110010100010,
000110111111111,
000111101011000,
001000010101110,
001001000000000,
001001101001110,
001010010011000,
001010111011101,
001011100011110,
001100001011010,
001100110010010,
001101011000100,
001101111110010,
001110100011010,
001111000111101,
001111101011011,
010000001110100,
010000110001000,
010001010010110,
010001110011111,
010010010100011,
010010110100010,
010011010011011,
010011110010000,
010100001111111,
010100101101001,
010101001001111,
010101100101111,
010110000001011,
010110011100001,
010110110110100,
010111010000001,
010111101001010,
011000000001111,
011000011010000,
011000110001100,
011001001000100,
011001011111000,
011001110101000,
011010001010100,
011010011111101,
011010110100001,
011011001000011,
011011011100000,
011011101111010,
011100000010001,
011100010100101,
011100100110101,
011100111000011,
011101001001101,
011101011010100,
011101101011001,
011101111011010,
011110001011001,
011110011010110,
011110101001111,
011110111000111,
011111000111011,
011111010101110,
011111100011110,
011111110001100,
011111111110111,
100000001100001,
100000011001000,
100000100101101,
100000110010000,
100000111110010,
100001001010001,
100001010101111,
100001100001011,
100001101100101,
100001110111101,
100010000010100,
100010001101001,
100010010111100,
100010100001110,
100010101011111,
100010110101110,
100010111111011,
100011001000111,
100011010010010,
100011011011100,
100011100100100,
100011101101011,
100011110110000,
100011111110101,
100100000111000,
100100001111010,
100100010111011,
100100011111011,
100100100111010,
100100101111000,
100100110110101,
100100111110001,
100101000101011,
100101001100101,
100101010011110,
100101011010110,
100101100001101,
100101101000100,
100101101111001,
100101110101110,
100101111100010,
100110000010101,
100110001000111,
100110001111000,
100110010101001,
100110011011001,
100110100001000,
100110100110111,
100110101100101,
100110110010010,
100110110111110,
100110111101010,
100111000010110,
100111001000000,
100111001101010,
100111010010100,
100111010111101,
0,
000000101100100,
000001011001000,
000010000101011,
000010110001101,
000011011101110,
000100001001101,
000100110101010,
000101100000101,
000110001011110,
000110110110011,
000111100000110,
001000001010101,
001000110100001,
001001011101001,
001010000101100,
001010101101100,
001011010101000,
001011111011111,
001100100010010,
001101001000000,
001101101101001,
001110010001101,
001110110101100,
001111011000111,
001111111011100,
010000011101101,
010000111111000,
010001011111111,
010010000000000,
010010011111100,
010010111110100,
010011011100110,
010011111010100,
010100010111101,
010100110100001,
010101010000000,
010101101011010,
010110000110000,
010110100000010,
010110111001111,
010111010010111,
010111101011100,
011000000011100,
011000011011000,
011000110010000,
011001001000100,
011001011110100,
011001110100001,
011010001001001,
011010011101110,
011010110010000,
011011000101110,
011011011001001,
011011101100000,
011011111110100,
011100010000101,
011100100010011,
011100110011110,
011101000100110,
011101010101011,
011101100101110,
011101110101110,
011110000101011,
011110010100101,
011110100011110,
011110110010011,
011111000000110,
011111001110111,
011111011100110,
011111101010011,
011111110111101,
100000000100101,
100000010001011,
100000011110000,
100000101010010,
100000110110010,
100001000010001,
100001001101110,
100001011001001,
100001100100010,
100001101111010,
100001111010000,
100010000100100,
100010001110111,
100010011001001,
100010100011001,
100010101100111,
100010110110100,
100011000000000,
100011001001011,
100011010010100,
100011011011100,
100011100100010,
100011101101000,
100011110101100,
100011111101111,
100100000110001,
100100001110010,
100100010110001,
100100011110000,
100100100101110,
100100101101011,
100100110100110,
100100111100001,
100101000011011,
100101001010100,
100101010001100,
100101011000011,
100101011111001,
100101100101111,
100101101100011,
100101110010111,
100101111001010,
100101111111100,
100110000101110,
100110001011110,
100110010001111,
100110010111110,
100110011101100,
100110100011010,
100110101001000,
100110101110100,
100110110100000,
100110111001100,
100110111110111,
100111000100001,
100111001001010,
0,
000000101011101,
000001010111001,
000010000010100,
000010101101111,
000011011001000,
000100000100000,
000100101110110,
000101011001010,
000110000011100,
000110101101011,
000111010110111,
001000000000000,
001000101000101,
001001010000111,
001001111000110,
001010100000000,
001011000110110,
001011101101000,
001100010010110,
001100111000000,
001101011100101,
001110000000101,
001110100100000,
001111000110111,
001111101001001,
010000001010111,
010000101011111,
010001001100011,
010001101100010,
010010001011100,
010010101010001,
010011001000010,
010011100101110,
010100000010101,
010100011110111,
010100111010101,
010101010101111,
010101110000100,
010110001010100,
010110100100001,
010110111101001,
010111010101100,
010111101101100,
011000000101000,
011000011100000,
011000110010100,
011001001000100,
011001011110000,
011001110011001,
011010000111111,
011010011100000,
011010101111111,
011011000011010,
011011010110010,
011011101000110,
011011111011000,
011100001100111,
011100011110010,
011100101111011,
011101000000001,
011101010000100,
011101100000101,
011101110000010,
011101111111110,
011110001110111,
011110011101101,
011110101100001,
011110111010011,
011111001000011,
011111010110000,
011111100011011,
011111110000101,
011111111101100,
100000001010001,
100000010110100,
100000100010110,
100000101110101,
100000111010011,
100001000101111,
100001010001001,
100001011100010,
100001100111001,
100001110001110,
100001111100010,
100010000110100,
100010010000101,
100010011010101,
100010100100011,
100010101101111,
100010110111011,
100011000000101,
100011001001110,
100011010010101,
100011011011100,
100011100100001,
100011101100101,
100011110100111,
100011111101001,
100100000101010,
100100001101001,
100100010101000,
100100011100110,
100100100100010,
100100101011110,
100100110011000,
100100111010010,
100101000001011,
100101001000011,
100101001111010,
100101010110000,
100101011100110,
100101100011010,
100101101001110,
100101110000001,
100101110110011,
100101111100101,
100110000010110,
100110001000110,
100110001110101,
100110010100100,
100110011010010,
100110011111111,
100110100101100,
100110101011000,
100110110000011,
100110110101110,
100110111011001,
0,
000000101010101,
000001010101010,
000001111111111,
000010101010010,
000011010100101,
000011111110101,
000100101000101,
000101010010010,
000101111011101,
000110100100101,
000111001101011,
000111110101110,
001000011101101,
001001000101010,
001001101100010,
001010010011000,
001010111001001,
001011011110110,
001100000011111,
001100101000100,
001101001100101,
001101110000001,
001110010011001,
001110110101100,
001111010111011,
001111111000101,
010000011001011,
010000111001100,
010001011001000,
010001111000000,
010010010110011,
010010110100010,
010011010001100,
010011101110001,
010100001010010,
010100100101111,
010101000000111,
010101011011011,
010101110101011,
010110001110111,
010110100111110,
010111000000001,
010111011000001,
010111101111100,
011000000110100,
011000011100111,
011000110011000,
011001001000100,
011001011101101,
011001110010010,
011010000110100,
011010011010011,
011010101101110,
011011000000111,
011011010011100,
011011100101110,
011011110111101,
011100001001001,
011100011010010,
011100101011001,
011100111011101,
011101001011110,
011101011011101,
011101101011001,
011101111010010,
011110001001010,
011110010111111,
011110100110001,
011110110100010,
011111000010000,
011111001111100,
011111011100110,
011111101001110,
011111110110100,
100000000011000,
100000001111011,
100000011011011,
100000100111010,
100000110010111,
100000111110010,
100001001001011,
100001010100011,
100001011111001,
100001101001110,
100001110100010,
100001111110011,
100010001000100,
100010010010011,
100010011100000,
100010100101100,
100010101110111,
100010111000001,
100011000001001,
100011001010001,
100011010010111,
100011011011100,
100011100011111,
100011101100010,
100011110100011,
100011111100100,
100100000100011,
100100001100010,
100100010011111,
100100011011011,
100100100010111,
100100101010001,
100100110001011,
100100111000100,
100100111111100,
100101000110011,
100101001101001,
100101010011110,
100101011010011,
100101100000111,
100101100111010,
100101101101100,
100101110011101,
100101111001110,
100101111111110,
100110000101110,
100110001011100,
100110010001011,
100110010111000,
100110011100101,
100110100010001,
100110100111100,
100110101100111,
0,
000000101001110,
000001010011100,
000001111101010,
000010100110111,
000011010000010,
000011111001100,
000100100010101,
000101001011100,
000101110100000,
000110011100010,
000111000100010,
000111101011111,
001000010011001,
001000111010000,
001001100000011,
001010000110011,
001010101011111,
001011010001000,
001011110101101,
001100011001101,
001100111101010,
001101100000010,
001110000010110,
001110100100110,
001111000110010,
001111100111001,
010000000111011,
010000100111010,
010001000110100,
010001100101001,
010010000011010,
010010100000111,
010010111101111,
010011011010011,
010011110110010,
010100010001101,
010100101100100,
010101000110111,
010101100000110,
010101111010001,
010110010010111,
010110101011010,
010111000011001,
010111011010100,
010111110001011,
011000000111111,
011000011101111,
011000110011011,
011001001000100,
011001011101001,
011001110001100,
011010000101010,
011010011000110,
011010101011111,
011010111110100,
011011010000111,
011011100010110,
011011110100011,
011100000101101,
011100010110100,
011100100111000,
011100110111010,
011101000111001,
011101010110110,
011101100110001,
011101110101001,
011110000011110,
011110010010010,
011110100000011,
011110101110010,
011110111011111,
011111001001010,
011111010110010,
011111100011001,
011111101111110,
011111111100001,
100000001000011,
100000010100010,
100000100000000,
100000101011100,
100000110110110,
100001000001111,
100001001100110,
100001010111100,
100001100010000,
100001101100011,
100001110110100,
100010000000100,
100010001010010,
100010010011111,
100010011101011,
100010100110110,
100010101111111,
100010111000111,
100011000001110,
100011001010100,
100011010011000,
100011011011100,
100011100011110,
100011101011111,
100011110011111,
100011111011111,
100100000011101,
100100001011010,
100100010010110,
100100011010010,
100100100001100,
100100101000101,
100100101111110,
100100110110110,
100100111101101,
100101000100011,
100101001011000,
100101010001101,
100101011000001,
100101011110100,
100101100100110,
100101101010111,
100101110001000,
100101110111000,
100101111101000,
100110000010111,
100110001000101,
100110001110010,
100110010011111,
100110011001011,
100110011110111,
0,
000000101001000,
000001010001111,
000001111010110,
000010100011100,
000011001100001,
000011110100101,
000100011100111,
000101000100111,
000101101100110,
000110010100010,
000110111011100,
000111100010011,
001000001001000,
001000101111001,
001001010100111,
001001111010010,
001010011111010,
001011000011110,
001011100111110,
001100001011010,
001100101110011,
001101010000111,
001101110011000,
001110010100100,
001110110101100,
001111010110000,
001111110110000,
010000010101100,
010000110100011,
010001010010110,
010001110000101,
010010001110000,
010010101010110,
010011000111000,
010011100010110,
010011111110000,
010100011000110,
010100110010111,
010101001100101,
010101100101111,
010101111110101,
010110010110111,
010110101110101,
010111000110000,
010111011100110,
010111110011010,
011000001001001,
011000011110110,
011000110011110,
011001001000100,
011001011100110,
011001110000101,
011010000100001,
011010010111010,
011010101010000,
011010111100010,
011011001110010,
011011011111111,
011011110001010,
011100000010001,
011100010010110,
011100100011001,
011100110011001,
011101000010110,
011101010010001,
011101100001010,
011101110000000,
011101111110100,
011110001100110,
011110011010110,
011110101000011,
011110110101111,
011111000011001,
011111010000000,
011111011100110,
011111101001010,
011111110101100,
100000000001100,
100000001101011,
100000011001000,
100000100100011,
100000101111101,
100000111010101,
100001000101011,
100001010000000,
100001011010100,
100001100100110,
100001101110110,
100001111000110,
100010000010100,
100010001100000,
100010010101100,
100010011110110,
100010100111111,
100010110000110,
100010111001101,
100011000010010,
100011001010110,
100011010011001,
100011011011100,
100011100011101,
100011101011101,
100011110011100,
100011111011010,
100100000010111,
100100001010011,
100100010001110,
100100011001000,
100100100000010,
100100100111010,
100100101110010,
100100110101001,
100100111011111,
100101000010100,
100101001001000,
100101001111100,
100101010101111,
100101011100001,
100101100010011,
100101101000100,
100101101110100,
100101110100011,
100101111010010,
100110000000000,
100110000101110,
100110001011011,
100110010000111,
0,
000000101000001,
000001010000010,
000001111000011,
000010100000010,
000011001000001,
000011101111111,
000100010111011,
000100111110101,
000101100101110,
000110001100100,
000110110011000,
000111011001010,
000111111111001,
001000100100101,
001001001001111,
001001101110101,
001010010011000,
001010110110111,
001011011010011,
001011111101011,
001100100000000,
001101000010000,
001101100011101,
001110000100110,
001110100101011,
001111000101100,
001111100101001,
010000000100010,
010000100010111,
010001000001000,
010001011110100,
010001111011101,
010010011000001,
010010110100010,
010011001111110,
010011101010111,
010100000101011,
010100011111100,
010100111001000,
010101010010001,
010101101010110,
010110000010111,
010110011010101,
010110110001111,
010111001000101,
010111011111000,
010111110101000,
011000001010100,
011000011111100,
011000110100010,
011001001000100,
011001011100011,
011001101111111,
011010000011000,
011010010101110,
011010101000001,
011010111010001,
011011001011111,
011011011101001,
011011101110001,
011011111110111,
011100001111010,
011100011111010,
011100101111000,
011100111110100,
011101001101101,
011101011100100,
011101101011001,
011101111001011,
011110000111100,
011110010101010,
011110100010111,
011110110000001,
011110111101001,
011111001010000,
011111010110100,
011111100010111,
011111101111000,
011111111011000,
100000000110101,
100000010010001,
100000011101100,
100000101000101,
100000110011100,
100000111110010,
100001001000110,
100001010011001,
100001011101010,
100001100111010,
100001110001001,
100001111010111,
100010000100011,
100010001101110,
100010010110111,
100010100000000,
100010101000111,
100010110001101,
100010111010010,
100011000010110,
100011001011001,
100011010011011,
100011011011100,
100011100011011,
100011101011010,
100011110011000,
100011111010101,
100100000010001,
100100001001100,
100100010000110,
100100010111111,
100100011110111,
100100100101111,
100100101100110,
100100110011100,
100100111010001,
100101000000101,
100101000111001,
100101001101100,
100101010011110,
100101011010000,
100101100000000,
100101100110001,
100101101100000,
100101110001111,
100101110111101,
100101111101011,
100110000010111,
0,
000000100111011,
000001001110110,
000001110110000,
000010011101010,
000011000100011,
000011101011010,
000100010010000,
000100111000101,
000101011111000,
000110000101001,
000110101010111,
000111010000100,
000111110101110,
001000011010101,
001000111111001,
001001100011011,
001010000111001,
001010101010100,
001011001101100,
001011110000000,
001100010010000,
001100110011110,
001101010100111,
001101110101101,
001110010101110,
001110110101100,
001111010100111,
001111110011101,
010000010001111,
010000101111101,
010001001101000,
010001101001110,
010010000110001,
010010100010000,
010010111101010,
010011011000001,
010011110010100,
010100001100100,
010100100101111,
010100111110111,
010101010111011,
010101101111100,
010110000111000,
010110011110010,
010110110101000,
010111001011010,
010111100001001,
010111110110101,
011000001011101,
011000100000011,
011000110100101,
011001001000100,
011001011100000,
011001101111001,
011010000001111,
011010010100011,
011010100110011,
011010111000001,
011011001001100,
011011011010100,
011011101011010,
011011111011101,
011100001011110,
011100011011101,
011100101011001,
011100111010011,
011101001001010,
011101011000000,
011101100110011,
011101110100100,
011110000010011,
011110010000000,
011110011101011,
011110101010100,
011110110111011,
011111000100001,
011111010000100,
011111011100110,
011111101000110,
011111110100101,
100000000000001,
100000001011101,
100000010110110,
100000100001110,
100000101100101,
100000110111010,
100001000001101,
100001001100000,
100001010110001,
100001100000000,
100001101001110,
100001110011011,
100001111100111,
100010000110001,
100010001111010,
100010011000011,
100010100001001,
100010101001111,
100010110010100,
100010111010111,
100011000011010,
100011001011100,
100011010011100,
100011011011100,
100011100011010,
100011101011000,
100011110010100,
100011111010000,
100100000001011,
100100001000101,
100100001111110,
100100010110110,
100100011101110,
100100100100100,
100100101011010,
100100110001111,
100100111000100,
100100111110111,
100101000101010,
100101001011100,
100101010001110,
100101010111111,
100101011101111,
100101100011110,
100101101001101,
100101101111011,
100101110101001,
0,
000000100110101,
000001001101010,
000001110011110,
000010011010010,
000011000000101,
000011100110111,
000100001100111,
000100110010111,
000101011000100,
000101111101111,
000110100011001,
000111001000000,
000111101100101,
001000010000111,
001000110100111,
001001011000100,
001001111011101,
001010011110100,
001011000001000,
001011100011000,
001100000100101,
001100100101110,
001101000110100,
001101100110111,
001110000110101,
001110100110000,
001111000101000,
001111100011011,
010000000001011,
010000011110111,
010000111011111,
010001011000100,
010001110100100,
010010010000001,
010010101011010,
010011000110000,
010011100000001,
010011111001111,
010100010011010,
010100101100000,
010101000100100,
010101011100011,
010101110011111,
010110001011000,
010110100001101,
010110110111111,
010111001101110,
010111100011010,
010111111000010,
011000001100111,
011000100001001,
011000110101000,
011001001000100,
011001011011101,
011001101110011,
011010000000111,
011010010010111,
011010100100101,
011010110110001,
011011000111010,
011011011000000,
011011101000100,
011011111000101,
011100001000100,
011100011000000,
011100100111011,
011100110110011,
011101000101001,
011101010011100,
011101100001110,
011101101111110,
011101111101011,
011110001010111,
011110011000001,
011110100101001,
011110110001111,
011110111110011,
011111001010110,
011111010110110,
011111100010101,
011111101110011,
011111111001111,
100000000101001,
100000010000010,
100000011011001,
100000100101111,
100000110000011,
100000111010110,
100001000101000,
100001001111000,
100001011000111,
100001100010101,
100001101100001,
100001110101100,
100001111110110,
100010000111111,
100010010000111,
100010011001101,
100010100010011,
100010101010111,
100010110011010,
100010111011101,
100011000011110,
100011001011110,
100011010011101,
100011011011100,
100011100011001,
100011101010101,
100011110010001,
100011111001100,
100100000000101,
100100000111110,
100100001110111,
100100010101110,
100100011100100,
100100100011010,
100100101001111,
100100110000011,
100100110110111,
100100111101010,
100101000011100,
100101001001101,
100101001111110,
100101010101110,
100101011011110,
100101100001100,
100101100111011,
0,
000000100101111,
000001001011111,
000001110001101,
000010010111011,
000010111101001,
000011100010101,
000100001000000,
000100101101010,
000101010010010,
000101110111000,
000110011011100,
000110111111111,
000111100011111,
001000000111100,
001000101010111,
001001001110000,
001001110000101,
001010010011000,
001010110100111,
001011010110011,
001011110111101,
001100011000011,
001100111000101,
001101011000100,
001101111000000,
001110010111000,
001110110101100,
001111010011101,
001111110001011,
010000001110100,
010000101011010,
010001000111101,
010001100011011,
010001111110111,
010010011001110,
010010110100010,
010011001110010,
010011100111111,
010100000001000,
010100011001110,
010100110010000,
010101001001111,
010101100001010,
010101111000010,
010110001110111,
010110100101000,
010110111010110,
010111010000001,
010111100101001,
010111111001110,
011000001110000,
011000100001111,
011000110101011,
011001001000100,
011001011011010,
011001101101110,
011001111111111,
011010010001101,
011010100011000,
011010110100001,
011011000101000,
011011010101100,
011011100101110,
011011110101101,
011100000101010,
011100010100101,
011100100011110,
011100110010100,
011101000001000,
011101001111010,
011101011101011,
011101101011001,
011101111000101,
011110000101111,
011110010011000,
011110011111111,
011110101100100,
011110111000111,
011111000101000,
011111010001000,
011111011100110,
011111101000011,
011111110011110,
011111111110111,
100000001001111,
100000010100110,
100000011111011,
100000101001110,
100000110100001,
100000111110010,
100001001000001,
100001010010000,
100001011011101,
100001100101001,
100001101110011,
100001110111101,
100010000000101,
100010001001101,
100010010010011,
100010011011000,
100010100011100,
100010101011111,
100010110100000,
100010111100001,
100011000100001,
100011001100000,
100011010011110,
100011011011100,
100011100011000,
100011101010011,
100011110001110,
100011111000111,
100100000000000,
100100000111000,
100100001101111,
100100010100110,
100100011011011,
100100100010000,
100100101000100,
100100101111000,
100100110101011,
100100111011101,
100101000001110,
100101000111111,
100101001101111,
100101010011110,
100101011001101,
0,
000000100101010,
000001001010100,
000001101111101,
000010010100101,
000010111001101,
000011011110100,
000100000011010,
000100100111111,
000101001100001,
000101110000011,
000110010100010,
000110111000000,
000111011011011,
000111111110100,
001000100001010,
001001000011110,
001001100110000,
001010000111110,
001010101001010,
001011001010010,
001011101011000,
001100001011010,
001100101011001,
001101001010101,
001101101001110,
001110001000011,
001110100110101,
001111000100011,
001111100001110,
001111111110101,
010000011011001,
010000110111001,
010001010010110,
010001101110000,
010010001000101,
010010100011000,
010010111100110,
010011010110010,
010011101111010,
010100000111110,
010100011111111,
010100110111101,
010101001111000,
010101100101111,
010101111100011,
010110010010100,
010110101000010,
010110111101100,
010111010010100,
010111100111000,
010111111011010,
011000001111001,
011000100010101,
011000110101110,
011001001000100,
011001011011000,
011001101101001,
011001111110111,
011010010000011,
011010100001100,
011010110010011,
011011000010111,
011011010011001,
011011100011001,
011011110010110,
011100000010001,
011100010001010,
011100100000001,
011100101110110,
011100111101001,
011101001011001,
011101011001000,
011101100110101,
011101110100000,
011110000001001,
011110001110000,
011110011010110,
011110100111010,
011110110011100,
011110111111100,
011111001011011,
011111010111000,
011111100010100,
011111101101110,
011111111000111,
100000000011110,
100000001110011,
100000011001000,
100000100011011,
100000101101100,
100000110111101,
100001000001100,
100001001011010,
100001010100110,
100001011110010,
100001100111100,
100001110000101,
100001111001101,
100010000010100,
100010001011001,
100010010011110,
100010011100010,
100010100100100,
100010101100110,
100010110100110,
100010111100110,
100011000100101,
100011001100011,
100011010100000,
100011011011100,
100011100010111,
100011101010001,
100011110001010,
100011111000011,
100011111111011,
100100000110010,
100100001101000,
100100010011110,
100100011010011,
100100100000111,
100100100111010,
100100101101101,
100100110011111,
100100111010000,
100101000000001,
100101000110001,
100101001100000,
0,
000000100100101,
000001001001001,
000001101101101,
000010010010000,
000010110110011,
000011011010101,
000011111110101,
000100100010101,
000101000110011,
000101101001111,
000110001101010,
000110110000011,
000111010011001,
000111110101110,
001000011000000,
001000111010000,
001001011011101,
001001111100111,
001010011101111,
001010111110100,
001011011110110,
001011111110101,
001100011110001,
001100111101010,
001101011011111,
001101111010010,
001110011000001,
001110110101100,
001111010010101,
001111101111010,
010000001011011,
010000100111010,
010001000010101,
010001011101100,
010001111000000,
010010010010001,
010010101011110,
010011000101000,
010011011101111,
010011110110010,
010100001110010,
010100100101111,
010100111101001,
010101010011111,
010101101010011,
010110000000011,
010110010110000,
010110101011010,
010111000000001,
010111010100110,
010111101000111,
010111111100101,
011000010000001,
011000100011010,
011000110110000,
011001001000100,
011001011010101,
011001101100011,
011001111101111,
011010001111001,
011010100000000,
011010110000100,
011011000000111,
011011010000111,
011011100000100,
011011110000000,
011011111111001,
011100001110001,
011100011100110,
011100101011001,
011100111001010,
011101000111001,
011101010100111,
011101100010010,
011101101111100,
011101111100100,
011110001001010,
011110010101110,
011110100010001,
011110101110010,
011110111010001,
011111000101111,
011111010001011,
011111011100110,
011111100111111,
011111110010111,
011111111101110,
100000001000011,
100000010010110,
100000011101001,
100000100111010,
100000110001001,
100000111011000,
100001000100101,
100001001110001,
100001010111100,
100001100000110,
100001101001110,
100001110010110,
100001111011100,
100010000100001,
100010001100110,
100010010101001,
100010011101011,
100010100101100,
100010101101101,
100010110101100,
100010111101011,
100011000101000,
100011001100101,
100011010100001,
100011011011100,
100011100010110,
100011101001111,
100011110000111,
100011110111111,
100011111110110,
100100000101100,
100100001100010,
100100010010110,
100100011001010,
100100011111101,
100100100110000,
100100101100010,
100100110010011,
100100111000100,
100100111110100,
0,
000000100011111,
000001000111111,
000001101011110,
000010001111100,
000010110011010,
000011010110110,
000011111010010,
000100011101101,
000101000000110,
000101100011101,
000110000110011,
000110101001000,
000111001011010,
000111101101010,
001000001111000,
001000110000100,
001001010001101,
001001110010100,
001010010011000,
001010110011001,
001011010010111,
001011110010011,
001100010001100,
001100110000001,
001101001110100,
001101101100100,
001110001010000,
001110100111001,
001111000011111,
001111100000010,
001111111100001,
010000010111101,
010000110010110,
010001001101100,
010001100111110,
010010000001101,
010010011011001,
010010110100010,
010011001100111,
010011100101001,
010011111101000,
010100010100100,
010100101011101,
010101000010011,
010101011000101,
010101101110101,
010110000100001,
010110011001011,
010110101110010,
010111000010110,
010111010110111,
010111101010101,
010111111110000,
011000010001001,
011000100011111,
011000110110011,
011001001000100,
011001011010010,
011001101011110,
011001111101000,
011010001101111,
011010011110100,
011010101110110,
011010111110111,
011011001110101,
011011011110001,
011011101101010,
011011111100010,
011100001011000,
011100011001011,
011100100111101,
011100110101101,
011101000011010,
011101010000110,
011101011110000,
011101101011001,
011101110111111,
011110000100100,
011110010001000,
011110011101001,
011110101001001,
011110110101000,
011111000000100,
011111001100000,
011111010111010,
011111100010010,
011111101101001,
011111110111111,
100000000010011,
100000001100110,
100000010111000,
100000100001000,
100000101010111,
100000110100101,
100000111110010,
100001000111101,
100001010001000,
100001011010001,
100001100011001,
100001101100000,
100001110100110,
100001111101011,
100010000101111,
100010001110010,
100010010110011,
100010011110100,
100010100110100,
100010101110011,
100010110110010,
100010111101111,
100011000101011,
100011001100111,
100011010100010,
100011011011100,
100011100010101,
100011101001101,
100011110000100,
100011110111011,
100011111110001,
100100000100110,
100100001011011,
100100010001111,
100100011000010,
100100011110101,
100100100100110,
100100101010111,
100100110001000,
0,
000000100011010,
000001000110101,
000001101001111,
000010001101000,
000010110000001,
000011010011001,
000011110110000,
000100011000110,
000100111011010,
000101011101101,
000101111111111,
000110100001111,
000111000011101,
000111100101001,
001000000110010,
001000100111010,
001001000111111,
001001101000010,
001010001000011,
001010101000000,
001011000111100,
001011100110100,
001100000101001,
001100100011100,
001101000001100,
001101011111001,
001101111100010,
001110011001001,
001110110101100,
001111010001101,
001111101101010,
010000001000100,
010000100011011,
010000111101111,
010001011000000,
010001110001101,
010010001011000,
010010100011111,
010010111100011,
010011010100100,
010011101100010,
010100000011101,
010100011010100,
010100110001001,
010101000111011,
010101011101010,
010101110010110,
010110000111111,
010110011100101,
010110110001001,
010111000101001,
010111011000111,
010111101100010,
010111111111011,
011000010010001,
011000100100101,
011000110110101,
011001001000100,
011001011010000,
011001101011010,
011001111100001,
011010001100110,
011010011101001,
011010101101001,
011010111100111,
011011001100100,
011011011011110,
011011101010110,
011011111001100,
011100000111111,
011100010110010,
011100100100010,
011100110010000,
011100111111100,
011101001100111,
011101011010000,
011101100110111,
011101110011100,
011110000000000,
011110001100010,
011110011000011,
011110100100010,
011110101111111,
011110111011011,
011111000110101,
011111010001110,
011111011100110,
011111100111100,
011111110010001,
011111111100101,
100000000110111,
100000010001000,
100000011011000,
100000100100110,
100000101110011,
100000111000000,
100001000001011,
100001001010100,
100001010011101,
100001011100101,
100001100101011,
100001101110001,
100001110110101,
100001111111001,
100010000111011,
100010001111101,
100010010111110,
100010011111101,
100010100111100,
100010101111010,
100010110110111,
100010111110011,
100011000101110,
100011001101001,
100011010100011,
100011011011100,
100011100010100,
100011101001011,
100011110000010,
100011110110111,
100011111101101,
100100000100001,
100100001010101,
100100010001000,
100100010111010,
100100011101100,
100100100011101,
0,
000000100010110,
000001000101011,
000001101000000,
000010001010101,
000010101101001,
000011001111100,
000011110001111,
000100010100000,
000100110110000,
000101010111111,
000101111001100,
000110011010111,
000110111100001,
000111011101001,
000111111101111,
001000011110011,
001000111110100,
001001011110100,
001001111110000,
001010011101011,
001010111100011,
001011011011000,
001011111001010,
001100010111010,
001100110100111,
001101010010001,
001101101111000,
001110001011100,
001110100111101,
001111000011011,
001111011110110,
001111111001110,
010000010100011,
010000101110101,
010001001000100,
010001100010000,
010001111011001,
010010010011111,
010010101100010,
010011000100001,
010011011011110,
010011110011000,
010100001001111,
010100100000011,
010100110110100,
010101001100010,
010101100001101,
010101110110110,
010110001011011,
010110011111110,
010110110011110,
010111000111100,
010111011010111,
010111101101111,
011000000000101,
011000010011001,
011000100101010,
011000110111000,
011001001000100,
011001011001110,
011001101010101,
011001111011010,
011010001011101,
011010011011110,
011010101011100,
011010111011001,
011011001010011,
011011011001011,
011011101000001,
011011110110110,
011100000101000,
011100010011001,
011100100000111,
011100101110100,
011100111011111,
011101001001000,
011101010110000,
011101100010110,
011101101111010,
011101111011101,
011110000111110,
011110010011101,
011110011111011,
011110101011000,
011110110110011,
011111000001100,
011111001100100,
011111010111011,
011111100010001,
011111101100101,
011111110111000,
100000000001001,
100000001011001,
100000010101001,
100000011110110,
100000101000011,
100000110001111,
100000111011001,
100001000100010,
100001001101011,
100001010110010,
100001011111000,
100001100111101,
100001110000001,
100001111000100,
100010000000111,
100010001001000,
100010010001000,
100010011000111,
100010100000110,
100010101000011,
100010110000000,
100010110111100,
100010111110111,
100011000110001,
100011001101011,
100011010100100,
100011011011100,
100011100010011,
100011101001001,
100011101111111,
100011110110100,
100011111101000,
100100000011100,
100100001001111,
100100010000001,
100100010110011,
0,
000000100010001,
000001000100010,
000001100110011,
000010001000011,
000010101010010,
000011001100001,
000011101101111,
000100001111100,
000100110000111,
000101010010010,
000101110011011,
000110010100010,
000110110101000,
000111010101100,
000111110101110,
001000010101110,
001000110101100,
001001010100111,
001001110100001,
001010010011000,
001010110001100,
001011001111110,
001011101101101,
001100001011010,
001100101000100,
001101000101100,
001101100010000,
001101111110010,
001110011010000,
001110110101100,
001111010000101,
001111101011011,
010000000101111,
010000011111111,
010000111001100,
010001010010110,
010001101011110,
010010000100010,
010010011100011,
010010110100010,
010011001011101,
010011100010110,
010011111001100,
010100001111111,
010100100101111,
010100111011100,
010101010000111,
010101100101111,
010101111010100,
010110001110111,
010110100010110,
010110110110100,
010111001001110,
010111011100110,
010111101111100,
011000000001111,
011000010100000,
011000100101110,
011000110111010,
011001001000100,
011001011001011,
011001101010001,
011001111010011,
011010001010100,
011010011010011,
011010101010000,
011010111001010,
011011001000011,
011011010111001,
011011100101110,
011011110100000,
011100000010001,
011100010000000,
011100011101110,
011100101011001,
011100111000011,
011101000101011,
011101010010001,
011101011110110,
011101101011001,
011101110111010,
011110000011010,
011110001111001,
011110011010110,
011110100110001,
011110110001011,
011110111100100,
011111000111011,
011111010010001,
011111011100110,
011111100111001,
011111110001100,
011111111011100,
100000000101100,
100000001111011,
100000011001000,
100000100010100,
100000101011111,
100000110101001,
100000111110010,
100001000111001,
100001010000000,
100001011000110,
100001100001011,
100001101001110,
100001110010001,
100001111010011,
100010000010100,
100010001010100,
100010010010011,
100010011010001,
100010100001110,
100010101001011,
100010110000110,
100010111000001,
100010111111011,
100011000110100,
100011001101101,
100011010100101,
100011011011100,
100011100010010,
100011101000111,
100011101111100,
100011110110000,
100011111100100,
100100000010111,
100100001001001,
0,
000000100001101,
000001000011001,
000001100100101,
000010000110001,
000010100111100,
000011001000110,
000011101010000,
000100001011001,
000100101100000,
000101001100110,
000101101101011,
000110001101110,
000110101110000,
000111001110000,
000111101101110,
001000001101011,
001000101100101,
001001001011101,
001001101010011,
001010001000111,
001010100111000,
001011000100111,
001011100010100,
001011111111101,
001100011100101,
001100111001001,
001101010101011,
001101110001010,
001110001100111,
001110101000001,
001111000010111,
001111011101100,
001111110111101,
010000010001011,
010000101010111,
010001000011111,
010001011100101,
010001110101000,
010010001101000,
010010100100101,
010010111100000,
010011010010111,
010011101001100,
010011111111110,
010100010101101,
010100101011010,
010101000000100,
010101010101011,
010101101010000,
010101111110010,
010110010010001,
010110100101110,
010110111001000,
010111001100000,
010111011110101,
010111110001000,
011000000011001,
011000010100111,
011000100110011,
011000110111101,
011001001000100,
011001011001001,
011001101001100,
011001111001101,
011010001001100,
011010011001001,
011010101000011,
011010110111100,
011011000110011,
011011010101000,
011011100011011,
011011110001100,
011011111111011,
011100001101001,
011100011010101,
011100100111111,
011100110100111,
011101000001110,
011101001110011,
011101011010111,
011101100111000,
011101110011001,
011101111111000,
011110001010101,
011110010110001,
011110100001100,
011110101100101,
011110110111101,
011111000010100,
011111001101001,
011111010111101,
011111100001111,
011111101100001,
011111110110001,
100000000000000,
100000001001110,
100000010011010,
100000011100110,
100000100110000,
100000101111010,
100000111000010,
100001000001001,
100001001010000,
100001010010101,
100001011011001,
100001100011100,
100001101011111,
100001110100000,
100001111100001,
100010000100000,
100010001011111,
100010010011101,
100010011011010,
100010100010110,
100010101010001,
100010110001100,
100010111000110,
100010111111111,
100011000110111,
100011001101111,
100011010100101,
100011011011100,
100011100010001,
100011101000110,
100011101111010,
100011110101101,
100011111100000,
0,
000000100001000,
000001000010000,
000001100011000,
000010000100000,
000010100100110,
000011000101101,
000011100110010,
000100000110110,
000100100111010,
000101000111100,
000101100111101,
000110000111100,
000110100111010,
000111000110111,
000111100110001,
001000000101010,
001000100100001,
001001000010101,
001001100001000,
001001111111000,
001010011100111,
001010111010011,
001011010111100,
001011110100011,
001100010001000,
001100101101010,
001101001001001,
001101100100110,
001110000000000,
001110011011000,
001110110101100,
001111001111110,
001111101001110,
010000000011010,
010000011100100,
010000110101011,
010001001101111,
010001100110001,
010001111110000,
010010010101011,
010010101100101,
010011000011011,
010011011001111,
010011110000000,
010100000101110,
010100011011010,
010100110000011,
010101000101010,
010101011001110,
010101101101111,
010110000001110,
010110010101010,
010110101000100,
010110111011100,
010111001110001,
010111100000100,
010111110010100,
011000000100010,
011000010101110,
011000100110111,
011000110111111,
011001001000100,
011001011000111,
011001101001000,
011001111000111,
011010001000100,
011010010111111,
011010100111000,
011010110101111,
011011000100100,
011011010010111,
011011100001000,
011011101111000,
011011111100110,
011100001010010,
011100010111100,
011100100100101,
011100110001100,
011100111110010,
011101001010110,
011101010111000,
011101100011001,
011101101111000,
011101111010110,
011110000110011,
011110010001110,
011110011101000,
011110101000000,
011110110010111,
011110111101101,
011111001000001,
011111010010100,
011111011100110,
011111100110111,
011111110000110,
011111111010101,
100000000100010,
100000001101110,
100000010111001,
100000100000011,
100000101001100,
100000110010100,
100000111011010,
100001000100000,
100001001100101,
100001010101001,
100001011101100,
100001100101110,
100001101101111,
100001110101111,
100001111101110,
100010000101100,
100010001101010,
100010010100111,
100010011100011,
100010100011110,
100010101011000,
100010110010010,
100010111001010,
100011000000011,
100011000111010,
100011001110000,
100011010100110,
100011011011100,
100011100010000,
100011101000100,
100011101110111,
0,
000000100000100,
000001000001000,
000001100001100,
000010000001111,
000010100010010,
000011000010100,
000011100010101,
000100000010101,
000100100010101,
000101000010011,
000101100010000,
000110000001100,
000110100000110,
000110111111111,
000111011110110,
000111111101011,
001000011011110,
001000111010000,
001001010111111,
001001110101100,
001010010011000,
001010110000000,
001011001100111,
001011101001011,
001100000101101,
001100100001101,
001100111101010,
001101011000100,
001101110011100,
001110001110001,
001110101000100,
001111000010100,
001111011100001,
001111110101100,
010000001110100,
010000100111010,
010000111111100,
010001010111100,
010001101111010,
010010000110100,
010010011101100,
010010110100010,
010011001010101,
010011100000101,
010011110110010,
010100001011101,
010100100000101,
010100110101011,
010101001001111,
010101011101111,
010101110001110,
010110000101010,
010110011000011,
010110101011010,
010110111101111,
010111010000001,
010111100010001,
010111110011111,
011000000101011,
011000010110100,
011000100111100,
011000111000001,
011001001000100,
011001011000101,
011001101000100,
011001111000001,
011010000111100,
011010010110101,
011010100101100,
011010110100001,
011011000010101,
011011010000111,
011011011110111,
011011101100101,
011011111010001,
011100000111100,
011100010100101,
011100100001100,
011100101110010,
011100111010111,
011101000111001,
011101010011011,
011101011111010,
011101101011001,
011101110110110,
011110000010001,
011110001101011,
011110011000100,
011110100011100,
011110101110010,
011110111000111,
011111000011010,
011111001101101,
011111010111110,
011111100001110,
011111101011101,
011111110101011,
011111111110111,
100000001000011,
100000010001101,
100000011010110,
100000100011111,
100000101100110,
100000110101100,
100000111110010,
100001000110110,
100001001111001,
100001010111100,
100001011111110,
100001100111110,
100001101111110,
100001110111101,
100001111111011,
100010000111000,
100010001110101,
100010010110000,
100010011101011,
100010100100101,
100010101011111,
100010110010111,
100010111001111,
100011000000110,
100011000111100,
100011001110010,
100011010100111,
100011011011100,
100011100001111,
0,
000000100000000,
000001000000000,
000001011111111,
000001111111111,
000010011111101,
000010111111100,
000011011111001,
000011111110101,
000100011110001,
000100111101011,
000101011100101,
000101111011101,
000110011010011,
000110111001000,
000111010111100,
000111110101110,
001000010011110,
001000110001100,
001001001111000,
001001101100010,
001010001001011,
001010100110001,
001011000010101,
001011011110110,
001011111010101,
001100010110010,
001100110001101,
001101001100101,
001101100111011,
001110000001110,
001110011011110,
001110110101100,
001111001111000,
001111101000001,
010000000000111,
010000011001011,
010000110001100,
010001001001011,
010001100000111,
010001111000000,
010010001110111,
010010100101011,
010010111011101,
010011010001100,
010011100111000,
010011111100010,
010100010001010,
010100100101111,
010100111010010,
010101001110010,
010101100010000,
010101110101011,
010110001000100,
010110011011011,
010110101101111,
010111000000001,
010111010010001,
010111100011111,
010111110101010,
011000000110100,
011000010111011,
011000101000000,
011000111000011,
011001001000100,
011001011000011,
011001101000000,
011001110111011,
011010000110100,
011010010101100,
011010100100001,
011010110010101,
011011000000111,
011011001110111,
011011011100101,
011011101010010,
011011110111101,
011100000100110,
011100010001110,
011100011110100,
011100101011001,
011100110111100,
011101000011110,
011101001111110,
011101011011101,
011101100111010,
011101110010110,
011101111110001,
011110001001010,
011110010100010,
011110011111000,
011110101001110,
011110110100010,
011110111110101,
011111001000110,
011111010010111,
011111011100110,
011111100110100,
011111110000001,
011111111001101,
100000000011000,
100000001100010,
100000010101011,
100000011110011,
100000100111010,
100000101111111,
100000111000100,
100001000001000,
100001001001011,
100001010001101,
100001011001110,
100001100001111,
100001101001110,
100001110001101,
100001111001011,
100010000001000,
100010001000100,
100010001111111,
100010010111010,
100010011110011,
100010100101100,
100010101100101,
100010110011100,
100010111010011,
100011000001001,
100011000111111,
100011001110100,
100011010101000,
0,
000000011111100,
000000111111000,
000001011110100,
000001111101111,
000010011101010,
000010111100100,
000011011011110,
000011111010110,
000100011001110,
000100111000101,
000101010111011,
000101110101111,
000110010100010,
000110110010100,
000111010000100,
000111101110010,
001000001011111,
001000101001010,
001001000110011,
001001100011011,
001010000000000,
001010011100011,
001010111000100,
001011010100011,
001011110000000,
001100001011010,
001100100110010,
001101000001000,
001101011011100,
001101110101101,
001110001111011,
001110101000111,
001111000010001,
001111011011000,
001111110011101,
010000001011111,
010000100011111,
010000111011100,
010001010010110,
010001101001110,
010010000000100,
010010010110111,
010010101101000,
010011000010110,
010011011000001,
010011101101010,
010100000010001,
010100010110101,
010100101010111,
010100111110111,
010101010010100,
010101100101111,
010101111001000,
010110001011110,
010110011110010,
010110110000100,
010111000010011,
010111010100001,
010111100101100,
010111110110101,
011000000111100,
011000011000001,
011000101000100,
011000111000101,
011001001000100,
011001011000001,
011001100111100,
011001110110101,
011010000101101,
011010010100011,
011010100010110,
011010110001000,
011010111111001,
011011001100111,
011011011010100,
011011101000000,
011011110101001,
011100000010001,
011100001111000,
011100011011101,
011100101000000,
011100110100010,
011101000000011,
011101001100010,
011101011000000,
011101100011100,
011101101110111,
011101111010001,
011110000101001,
011110010000000,
011110011010110,
011110100101010,
011110101111110,
011110111010000,
011111000100001,
011111001110001,
011111010111111,
011111100001101,
011111101011001,
011111110100101,
011111111101111,
100000000111000,
100000010000001,
100000011001000,
100000100001110,
100000101010100,
100000110011000,
100000111011011,
100001000011110,
100001001100000,
100001010100000,
100001011100000,
100001100011111,
100001101011110,
100001110011011,
100001111011000,
100010000010100,
100010001001111,
100010010001001,
100010011000011,
100010011111011,
100010100110011,
100010101101011,
100010110100001,
100010111010111,
100011000001101,
100011001000001,
0,
000000011111000,
000000111110000,
000001011101000,
000001111100000,
000010011010111,
000010111001101,
000011011000011,
000011110111000,
000100010101100,
000100110100000,
000101010010010,
000101110000011,
000110001110010,
000110101100001,
000111001001101,
000111100111001,
001000000100010,
001000100001010,
001000111110000,
001001011010101,
001001110110111,
001010010011000,
001010101110110,
001011001010010,
001011100101100,
001100000000100,
001100011011010,
001100110101110,
001101001111111,
001101101001110,
001110000011010,
001110011100101,
001110110101100,
001111001110010,
001111100110101,
001111111110101,
010000010110011,
010000101101111,
010001000101000,
010001011011111,
010001110010011,
010010001000101,
010010011110101,
010010110100010,
010011001001100,
010011011110101,
010011110011011,
010100000111110,
010100011011111,
010100101111110,
010101000011011,
010101010110101,
010101101001101,
010101111100011,
010110001110111,
010110100001000,
010110110010111,
010111000100100,
010111010101111,
010111100111000,
010111110111111,
011000001000100,
011000011000111,
011000101001000,
011000111000111,
011001001000100,
011001010111111,
011001100111000,
011001110110000,
011010000100110,
011010010011010,
011010100001100,
011010101111100,
011010111101011,
011011001011000,
011011011000100,
011011100101110,
011011110010110,
011011111111101,
011100001100010,
011100011000110,
011100100101000,
011100110001001,
011100111101001,
011101001000111,
011101010100011,
011101011111111,
011101101011001,
011101110110010,
011110000001001,
011110001011111,
011110010110100,
011110100001000,
011110101011010,
011110110101100,
011110111111100,
011111001001011,
011111010011001,
011111011100110,
011111100110010,
011111101111101,
011111111000111,
100000000001111,
100000001010111,
100000010011110,
100000011100100,
100000100101001,
100000101101100,
100000110110000,
100000111110010,
100001000110011,
100001001110011,
100001010110011,
100001011110010,
100001100110000,
100001101101101,
100001110101001,
100001111100101,
100010000011111,
100010001011001,
100010010010011,
100010011001011,
100010100000011,
100010100111010,
100010101110001,
100010110100110,
100010111011100,
0,
000000011110101,
000000111101001,
000001011011101,
000001111010001,
000010011000100,
000010110110111,
000011010101010,
000011110011011,
000100010001100,
000100101111011,
000101001101010,
000101101011000,
000110001000100,
000110100101111,
000111000011001,
000111100000001,
000111111100111,
001000011001100,
001000110101111,
001001010010001,
001001101110000,
001010001001110,
001010100101010,
001011000000100,
001011011011011,
001011110110001,
001100010000100,
001100101010110,
001101000100101,
001101011110010,
001101110111100,
001110010000100,
001110101001010,
001111000001110,
001111011001111,
001111110001110,
010000001001011,
010000100000101,
010000110111101,
010001001110010,
010001100100101,
010001111010110,
010010010000100,
010010100110000,
010010111011010,
010011010000001,
010011100100111,
010011111001001,
010100001101010,
010100100001000,
010100110100100,
010101000111110,
010101011010101,
010101101101010,
010101111111110,
010110010001111,
010110100011110,
010110110101010,
010111000110101,
010111010111110,
010111101000101,
010111111001001,
011000001001100,
011000011001101,
011000101001100,
011000111001001,
011001001000100,
011001010111101,
011001100110101,
011001110101011,
011010000011111,
011010010010001,
011010100000010,
011010101110001,
011010111011110,
011011001001010,
011011010110100,
011011100011101,
011011110000100,
011011111101001,
011100001001101,
011100010110000,
011100100010001,
011100101110001,
011100111001111,
011101000101100,
011101010001000,
011101011100010,
011101100111011,
011101110010011,
011101111101010,
011110000111111,
011110010010011,
011110011100110,
011110100111000,
011110110001001,
011110111011000,
011111000100111,
011111001110100,
011111011000000,
011111100001100,
011111101010110,
011111110011111,
011111111100111,
100000000101110,
100000001110101,
100000010111010,
100000011111110,
100000101000010,
100000110000101,
100000111000110,
100001000000111,
100001001000111,
100001010000110,
100001011000101,
100001100000010,
100001100111111,
100001101111011,
100001110110110,
100001111110001,
100010000101011,
100010001100100,
100010010011100,
100010011010100,
100010100001010,
100010101000001,
100010101110110,
0,
000000011110001,
000000111100010,
000001011010010,
000001111000011,
000010010110011,
000010110100010,
000011010010001,
000011101111111,
000100001101100,
000100101011000,
000101001000100,
000101100101110,
000110000010111,
000110011111111,
000110111100101,
000111011001010,
000111110101110,
001000010010000,
001000101110000,
001001001001111,
001001100101100,
001010000000111,
001010011100000,
001010110110111,
001011010001100,
001011101011111,
001100000110001,
001100100000000,
001100111001101,
001101010010111,
001101101100000,
001110000100110,
001110011101011,
001110110101100,
001111001101100,
001111100101001,
001111111100100,
010000010011101,
010000101010100,
010001000001000,
010001010111010,
010001101101001,
010010000010110,
010010011000001,
010010101101010,
010011000010001,
010011010110101,
010011101010111,
010011111110110,
010100010010100,
010100100101111,
010100111001000,
010101001011111,
010101011110100,
010101110000111,
010110000010111,
010110010100110,
010110100110010,
010110110111101,
010111001000101,
010111011001100,
010111101010000,
010111111010011,
011000001010100,
011000011010010,
011000101001111,
011000111001011,
011001001000100,
011001010111100,
011001100110001,
011001110100110,
011010000011000,
011010010001001,
011010011111000,
011010101100101,
011010111010001,
011011000111100,
011011010100100,
011011100001100,
011011101110001,
011011111010110,
011100000111001,
011100010011010,
011100011111010,
011100101011001,
011100110110110,
011101000010010,
011101001101101,
011101011000111,
011101100011111,
011101101110110,
011101111001011,
011110000100000,
011110001110011,
011110011000101,
011110100010111,
011110101100110,
011110110110101,
011111000000011,
011111001010000,
011111010011011,
011111011100110,
011111100110000,
011111101111000,
011111111000000,
100000000000111,
100000001001101,
100000010010001,
100000011010101,
100000100011000,
100000101011011,
100000110011100,
100000111011100,
100001000011100,
100001001011011,
100001010011001,
100001011010110,
100001100010011,
100001101001110,
100001110001001,
100001111000011,
100001111111101,
100010000110110,
100010001101110,
100010010100101,
100010011011100,
100010100010010,
0,
000000011101101,
000000111011011,
000001011001000,
000001110110101,
000010010100001,
000010110001101,
000011001111000,
000011101100011,
000100001001101,
000100100110110,
000101000011110,
000101100000101,
000101111101011,
000110011010000,
000110110110011,
000111010010101,
000111101110110,
001000001010101,
001000100110010,
001001000001110,
001001011101001,
001001111000001,
001010010011000,
001010101101100,
001011000111111,
001011100010000,
001011111011111,
001100010101100,
001100101110111,
001101001000000,
001101100000110,
001101111001011,
001110010001101,
001110101001101,
001111000001011,
001111011000111,
001111110000000,
010000000111000,
010000011101101,
010000110100000,
010001001010000,
010001011111111,
010001110101011,
010010001010101,
010010011111100,
010010110100010,
010011001000101,
010011011100110,
010011110000101,
010100000100010,
010100010111101,
010100101010101,
010100111101011,
010101010000000,
010101100010010,
010101110100010,
010110000110000,
010110010111100,
010110101000111,
010110111001111,
010111001010101,
010111011011001,
010111101011100,
010111111011100,
011000001011011,
011000011011000,
011000101010011,
011000111001100,
011001001000100,
011001010111010,
011001100101110,
011001110100001,
011010000010001,
011010010000001,
011010011101110,
011010101011010,
011010111000101,
011011000101110,
011011010010101,
011011011111011,
011011101100000,
011011111000011,
011100000100101,
011100010000101,
011100011100100,
011100101000010,
011100110011110,
011100111111001,
011101001010011,
011101010101011,
011101100000011,
011101101011001,
011101110101110,
011110000000001,
011110001010100,
011110010100101,
011110011110110,
011110101000101,
011110110010011,
011110111100000,
011111000101100,
011111001110111,
011111011000001,
011111100001011,
011111101010011,
011111110011010,
011111111100000,
100000000100101,
100000001101010,
100000010101101,
100000011110000,
100000100110001,
100000101110010,
100000110110010,
100000111110010,
100001000110000,
100001001101110,
100001010101011,
100001011100111,
100001100100010,
100001101011101,
100001110010111,
100001111010000,
100010000001000,
100010001000000,
100010001110111,
100010010101110,
0,
000000011101010,
000000111010100,
000001010111110,
000001110100111,
000010010010000,
000010101111001,
000011001100001,
000011101001000,
000100000101111,
000100100010101,
000100111111010,
000101011011110,
000101111000000,
000110010100010,
000110110000011,
000111001100010,
000111100111111,
001000000011100,
001000011110110,
001000111010000,
001001010100111,
001001101111101,
001010001010001,
001010100100100,
001010111110100,
001011011000011,
001011110001111,
001100001011010,
001100100100011,
001100111101010,
001101010101110,
001101101110001,
001110000110010,
001110011110000,
001110110101100,
001111001100111,
001111100011111,
001111111010100,
010000010001000,
010000100111010,
010000111101001,
010001010010110,
010001101000001,
010001111101010,
010010010010001,
010010100110101,
010010111011000,
010011001111000,
010011100010110,
010011110110010,
010100001001100,
010100011100100,
010100101111010,
010101000001110,
010101010011111,
010101100101111,
010101110111101,
010110001001000,
010110011010010,
010110101011010,
010110111100000,
010111001100100,
010111011100110,
010111101100111,
010111111100101,
011000001100010,
011000011011101,
011000101010111,
011000111001110,
011001001000100,
011001010111000,
011001100101011,
011001110011100,
011010000001011,
011010001111001,
011010011100101,
011010101010000,
011010110111001,
011011000100000,
011011010000111,
011011011101011,
011011101001111,
011011110110001,
011100000010001,
011100001110001,
011100011001111,
011100100101011,
011100110000110,
011100111100001,
011101000111001,
011101010010001,
011101011100111,
011101100111101,
011101110010001,
011101111100100,
011110000110101,
011110010000110,
011110011010110,
011110100100100,
011110101110010,
011110110111110,
011111000001010,
011111001010100,
011111010011110,
011111011100110,
011111100101110,
011111101110100,
011111110111010,
011111111111111,
100000001000011,
100000010000110,
100000011001000,
100000100001001,
100000101001010,
100000110001001,
100000111001000,
100001000000110,
100001001000100,
100001010000000,
100001010111100,
100001011110111,
100001100110001,
100001101101011,
100001110100100,
100001111011100,
100010000010100,
100010001001010,
0,
000000011100111,
000000111001101,
000001010110100,
000001110011010,
000010010000000,
000010101100101,
000011001001010,
000011100101110,
000100000010010,
000100011110101,
000100111010110,
000101010110111,
000101110010111,
000110001110110,
000110101010011,
000111000110000,
000111100001010,
000111111100100,
001000010111100,
001000110010011,
001001001101000,
001001100111011,
001010000001101,
001010011011101,
001010110101011,
001011001110111,
001011101000010,
001100000001010,
001100011010001,
001100110010110,
001101001011001,
001101100011010,
001101111011000,
001110010010101,
001110101010000,
001111000001000,
001111010111111,
001111101110011,
010000000100110,
010000011010110,
010000110000100,
010001000110000,
010001011011010,
010001110000010,
010010000100111,
010010011001011,
010010101101100,
010011000001100,
010011010101001,
010011101000101,
010011111011110,
010100001110101,
010100100001010,
010100110011101,
010101000101111,
010101010111110,
010101101001011,
010101111010110,
010110001100000,
010110011100111,
010110101101101,
010110111110001,
010111001110011,
010111011110011,
010111101110010,
010111111101110,
011000001101001,
011000011100010,
011000101011010,
011000111010000,
011001001000100,
011001010110111,
011001100101000,
011001110010111,
011010000000101,
011010001110001,
011010011011100,
011010101000101,
011010110101101,
011011000010011,
011011001111000,
011011011011100,
011011100111110,
011011110011111,
011011111111110,
011100001011101,
011100010111001,
011100100010101,
011100101101111,
011100111001001,
011101000100000,
011101001110111,
011101011001101,
011101100100001,
011101101110100,
011101111000111,
011110000011000,
011110001101000,
011110010110110,
011110100000100,
011110101010001,
011110110011101,
011110111101000,
011111000110010,
011111001111011,
011111011000010,
011111100001001,
011111101010000,
011111110010101,
011111111011001,
100000000011100,
100000001011111,
100000010100001,
100000011100010,
100000100100010,
100000101100001,
100000110100000,
100000111011101,
100001000011010,
100001001010110,
100001010010010,
100001011001101,
100001100000111,
100001101000000,
100001101111001,
100001110110001,
100001111101000,
0,
000000011100100,
000000111000111,
000001010101010,
000001110001101,
000010001110000,
000010101010010,
000011000110100,
000011100010101,
000011111110101,
000100011010101,
000100110110100,
000101010010010,
000101101101111,
000110001001011,
000110100100101,
000110111111111,
000111011010111,
000111110101110,
001000010000011,
001000101010111,
001001000101010,
001001011111011,
001001111001010,
001010010011000,
001010101100100,
001011000101110,
001011011110110,
001011110111101,
001100010000001,
001100101000100,
001101000000101,
001101011000100,
001101110000001,
001110000111100,
001110011110101,
001110110101100,
001111001100001,
001111100010100,
001111111000101,
010000001110100,
010000100100001,
010000111001100,
010001001110101,
010001100011011,
010001111000000,
010010001100011,
010010100000011,
010010110100010,
010011000111110,
010011011011001,
010011101110001,
010100000001000,
010100010011101,
010100100101111,
010100111000000,
010101001001111,
010101011011011,
010101101100110,
010101111101111,
010110001110111,
010110011111100,
010110110000000,
010111000000001,
010111010000001,
010111100000000,
010111101111100,
010111111110111,
011000001110000,
011000011100111,
011000101011101,
011000111010001,
011001001000100,
011001010110101,
011001100100100,
011001110010010,
011001111111111,
011010001101010,
011010011010011,
011010100111011,
011010110100001,
011011000000111,
011011001101010,
011011011001101,
011011100101110,
011011110001110,
011011111101100,
011100001001001,
011100010100101,
011100100000000,
011100101011001,
011100110110001,
011101000001000,
011101001011110,
011101010110011,
011101100000110,
011101101011001,
011101110101010,
011101111111010,
011110001001010,
011110010011000,
011110011100101,
011110100110001,
011110101111100,
011110111000111,
011111000010000,
011111001011000,
011111010100000,
011111011100110,
011111100101100,
011111101110000,
011111110110100,
011111111110111,
100000000111001,
100000001111011,
100000010111011,
100000011111011,
100000100111010,
100000101111000,
100000110110101,
100000111110010,
100001000101110,
100001001101001,
100001010100011,
100001011011101,
100001100010110,
100001101001110,
100001110000110,
0,
000000011100000,
000000111000001,
000001010100001,
000001110000001,
000010001100000,
000010101000000,
000011000011110,
000011011111100,
000011111011010,
000100010110111,
000100110010010,
000101001101101,
000101101000111,
000110000100000,
000110011111000,
000110111001111,
000111010100101,
000111101111001,
001000001001100,
001000100011101,
001000111101101,
001001010111100,
001001110001001,
001010001010100,
001010100011110,
001010111100110,
001011010101100,
001011101110001,
001100000110011,
001100011110100,
001100110110011,
001101001110001,
001101100101100,
001101111100101,
001110010011101,
001110101010010,
001111000000110,
001111010111000,
001111101100111,
010000000010101,
010000011000000,
010000101101010,
010001000010010,
010001010110111,
010001101011011,
010001111111100,
010010010011100,
010010100111010,
010010111010110,
010011001101111,
010011100000111,
010011110011101,
010100000110001,
010100011000011,
010100101010011,
010100111100001,
010101001101110,
010101011111000,
010101110000001,
010110000001000,
010110010001101,
010110100010000,
010110110010001,
010111000010001,
010111010001111,
010111100001100,
010111110000110,
010111111111111,
011000001110111,
011000011101100,
011000101100000,
011000111010011,
011001001000100,
011001010110011,
011001100100001,
011001110001110,
011001111111001,
011010001100010,
011010011001010,
011010100110001,
011010110010110,
011010111111010,
011011001011101,
011011010111110,
011011100011110,
011011101111101,
011011111011010,
011100000110110,
011100010010001,
011100011101011,
011100101000011,
011100110011010,
011100111110000,
011101001000101,
011101010011001,
011101011101100,
011101100111110,
011101110001110,
011101111011110,
011110000101101,
011110001111010,
011110011000111,
011110100010010,
011110101011101,
011110110100110,
011110111101111,
011111000110111,
011111001111110,
011111011000011,
011111100001001,
011111101001101,
011111110010000,
011111111010011,
100000000010100,
100000001010101,
100000010010101,
100000011010100,
100000100010011,
100000101010001,
100000110001110,
100000111001010,
100001000000101,
100001001000000,
100001001111010,
100001010110100,
100001011101101,
100001100100101,
0,
000000011011101,
000000110111011,
000001010011000,
000001101110101,
000010001010001,
000010100101110,
000011000001001,
000011011100100,
000011110111111,
000100010011001,
000100101110010,
000101001001010,
000101100100001,
000101111110111,
000110011001101,
000110110100001,
000111001110100,
000111101000101,
001000000010110,
001000011100101,
001000110110010,
001001001111111,
001001101001001,
001010000010010,
001010011011010,
001010110100000,
001011001100100,
001011100100111,
001011111100111,
001100010100110,
001100101100100,
001101000011111,
001101011011001,
001101110010000,
001110001000110,
001110011111010,
001110110101100,
001111001011101,
001111100001011,
001111110110111,
010000001100001,
010000100001010,
010000110110000,
010001001010101,
010001011111000,
010001110011000,
010010000110111,
010010011010100,
010010101101111,
010011000001000,
010011010011111,
010011100110100,
010011111000111,
010100001011000,
010100011101000,
010100101110110,
010101000000010,
010101010001100,
010101100010100,
010101110011010,
010110000011111,
010110010100010,
010110100100011,
010110110100011,
010111000100001,
010111010011101,
010111100010111,
010111110010000,
011000000000111,
011000001111101,
011000011110001,
011000101100100,
011000111010101,
011001001000100,
011001010110010,
011001100011110,
011001110001001,
011001111110011,
011010001011011,
011010011000010,
011010100100111,
011010110001011,
011010111101110,
011011001010000,
011011010110000,
011011100001110,
011011101101100,
011011111001000,
011100000100011,
011100001111101,
011100011010110,
011100100101110,
011100110000100,
011100111011001,
011101000101101,
011101010000001,
011101011010011,
011101100100011,
011101101110011,
011101111000010,
011110000010000,
011110001011101,
011110010101001,
011110011110100,
011110100111110,
011110110000111,
011110111001111,
011111000010110,
011111001011100,
011111010100010,
011111011100110,
011111100101010,
011111101101101,
011111110101111,
011111111110000,
100000000110000,
100000001110000,
100000010101111,
100000011101101,
100000100101010,
100000101100111,
100000110100011,
100000111011110,
100001000011001,
100001001010010,
100001010001100,
100001011000100,
0,
000000011011010,
000000110110101,
000001010001111,
000001101101001,
000010001000011,
000010100011100,
000010111110101,
000011011001101,
000011110100101,
000100001111100,
000100101010010,
000101000100111,
000101011111100,
000101111010000,
000110010100010,
000110101110100,
000111001000100,
000111100010011,
000111111100001,
001000010101110,
001000101111001,
001001001000011,
001001100001011,
001001111010010,
001010010011000,
001010101011011,
001011000011110,
001011011011110,
001011110011101,
001100001011010,
001100100010110,
001100111001111,
001101010000111,
001101100111101,
001101111110010,
001110010100100,
001110101010101,
001111000000100,
001111010110000,
001111101011011,
010000000000101,
010000010101100,
010000101010001,
010000111110101,
010001010010110,
010001100110110,
010001111010100,
010010001110000,
010010100001010,
010010110100010,
010011000111000,
010011011001101,
010011101011111,
010011111110000,
010100001111111,
010100100001100,
010100110010111,
010101000100001,
010101010101001,
010101100101111,
010101110110011,
010110000110110,
010110010110111,
010110100110110,
010110110110100,
010111000110000,
010111010101010,
010111100100011,
010111110011010,
011000000001111,
011000010000011,
011000011110110,
011000101100111,
011000111010110,
011001001000100,
011001010110000,
011001100011100,
011001110000101,
011001111101101,
011010001010100,
011010010111010,
011010100011110,
011010110000001,
011010111100010,
011011001000011,
011011010100010,
011011011111111,
011011101011100,
011011110110111,
011100000010001,
011100001101010,
011100011000010,
011100100011001,
011100101101110,
011100111000011,
011101000010110,
011101001101000,
011101010111001,
011101100001010,
011101101011001,
011101110100111,
011101111110100,
011110001000000,
011110010001011,
011110011010110,
011110100011111,
011110101101000,
011110110101111,
011110111110110,
011111000111011,
011111010000000,
011111011000100,
011111100001000,
011111101001010,
011111110001100,
011111111001100,
100000000001100,
100000001001100,
100000010001010,
100000011001000,
100000100000101,
100000101000001,
100000101111101,
100000110111000,
100000111110010,
100001000101011,
100001001100100,
0,
000000011011000,
000000110101111,
000001010000110,
000001101011110,
000010000110100,
000010100001011,
000010111100001,
000011010110110,
000011110001011,
000100001011111,
000100100110011,
000101000000110,
000101011011000,
000101110101001,
000110001111001,
000110101001000,
000111000010101,
000111011100010,
000111110101110,
001000001111000,
001000101000001,
001001000001001,
001001011001111,
001001110010100,
001010001010111,
001010100011001,
001010111011001,
001011010010111,
001011101010100,
001100000010000,
001100011001001,
001100110000001,
001101000111000,
001101011101100,
001101110011111,
001110001010000,
001110011111111,
001110110101100,
001111001011000,
001111100000010,
001111110101010,
010000001010000,
010000011110100,
010000110010110,
010001000110111,
010001011010101,
010001101110010,
010010000001101,
010010010100111,
010010100111110,
010010111010011,
010011001100111,
010011011111001,
010011110001001,
010100000011000,
010100010100100,
010100100101111,
010100110111000,
010101001000000,
010101011000101,
010101101001001,
010101111001011,
010110001001100,
010110011001011,
010110101001000,
010110111000100,
010111000111110,
010111010110111,
010111100101110,
010111110100011,
011000000010111,
011000010001001,
011000011111010,
011000101101010,
011000111010111,
011001001000100,
011001010101111,
011001100011001,
011001110000001,
011001111101000,
011010001001110,
011010010110010,
011010100010101,
011010101110110,
011010111010111,
011011000110110,
011011010010100,
011011011110001,
011011101001100,
011011110100110,
011100000000000,
011100001011000,
011100010101111,
011100100000100,
011100101011001,
011100110101101,
011100111111111,
011101001010001,
011101010100001,
011101011110000,
011101100111111,
011101110001100,
011101111011001,
011110000100100,
011110001101111,
011110010111001,
011110100000001,
011110101001001,
011110110010000,
011110111010110,
011111000011011,
011111001100000,
011111010100011,
011111011100110,
011111100101000,
011111101101001,
011111110101010,
011111111101001,
100000000101000,
100000001100110,
100000010100011,
100000011100000,
100000100011100,
100000101010111,
100000110010010,
100000111001100,
100001000000101,
0,
000000011010101,
000000110101001,
000001001111110,
000001101010010,
000010000100110,
000010011111010,
000010111001101,
000011010100000,
000011101110010,
000100001000100,
000100100010101,
000100111100101,
000101010110100,
000101110000011,
000110001010000,
000110100011101,
000110111101000,
000111010110010,
000111101111100,
001000001000100,
001000100001010,
001000111010000,
001001010010100,
001001101010110,
001010000011000,
001010011010111,
001010110010110,
001011001010010,
001011100001101,
001011111000111,
001100001111111,
001100100110101,
001100111101010,
001101010011101,
001101101001110,
001101111111101,
001110010101011,
001110101010111,
001111000000001,
001111010101010,
001111101010000,
001111111110101,
010000010011000,
010000100111010,
010000111011001,
010001001110111,
010001100010011,
010001110101101,
010010001000101,
010010011011100,
010010101110001,
010011000000100,
010011010010101,
010011100100100,
010011110110010,
010100000111110,
010100011001001,
010100101010001,
010100111011000,
010101001011101,
010101011100001,
010101101100011,
010101111100011,
010110001100010,
010110011011111,
010110101011010,
010110111010100,
010111001001100,
010111011000011,
010111100111000,
010111110101100,
011000000011110,
011000010001111,
011000011111110,
011000101101100,
011000111011001,
011001001000100,
011001010101110,
011001100010110,
011001101111101,
011001111100011,
011010001000111,
011010010101010,
011010100001100,
011010101101100,
011010111001100,
011011000101010,
011011010000111,
011011011100010,
011011100111101,
011011110010110,
011011111101110,
011100001000101,
011100010011011,
011100011110000,
011100101000100,
011100110010111,
011100111101001,
011101000111001,
011101010001001,
011101011011000,
011101100100110,
011101101110010,
011101110111110,
011110000001001,
011110001010011,
011110010011100,
011110011100100,
011110100101011,
011110101110010,
011110110110111,
011110111111100,
011111001000000,
011111010000011,
011111011000101,
011111100000111,
011111101000111,
011111110000111,
011111111000111,
100000000000101,
100000001000011,
100000010000000,
100000010111100,
100000011110111,
100000100110010,
100000101101100,
100000110100110,
0,
000000011010010,
000000110100100,
000001001110110,
000001101000111,
000010000011001,
000010011101010,
000010110111010,
000011010001011,
000011101011010,
000100000101001,
000100011110111,
000100111000101,
000101010010010,
000101101011110,
000110000101001,
000110011110011,
000110110111100,
000111010000100,
000111101001011,
001000000010000,
001000011010101,
001000110011000,
001001001011010,
001001100011011,
001001111011010,
001010010011000,
001010101010100,
001011000001111,
001011011001000,
001011110000000,
001100000110110,
001100011101011,
001100110011110,
001101001001111,
001101011111111,
001101110101101,
001110001011001,
001110100000100,
001110110101100,
001111001010100,
001111011111001,
001111110011101,
010000000111111,
010000011011111,
010000101111101,
010001000011010,
010001010110101,
010001101001110,
010001111100110,
010010001111100,
010010100010000,
010010110100010,
010011000110010,
010011011000001,
010011101001110,
010011111011010,
010100001100100,
010100011101100,
010100101110010,
010100111110111,
010101001111010,
010101011111100,
010101101111100,
010101111111010,
010110001110111,
010110011110010,
010110101101011,
010110111100100,
010111001011010,
010111011001111,
010111101000011,
010111110110101,
011000000100110,
011000010010101,
011000100000011,
011000101101111,
011000111011010,
011001001000100,
011001010101100,
011001100010011,
011001101111001,
011001111011101,
011010001000001,
011010010100011,
011010100000011,
011010101100011,
011010111000001,
011011000011110,
011011001111010,
011011011010100,
011011100101110,
011011110000110,
011011111011101,
011100000110100,
011100010001001,
011100011011101,
011100100110000,
011100110000010,
011100111010011,
011101000100011,
011101001110010,
011101011000000,
011101100001101,
011101101011001,
011101110100100,
011101111101110,
011110000111000,
011110010000000,
011110011001000,
011110100001110,
011110101010100,
011110110011001,
011110111011101,
011111000100001,
011111001100011,
011111010100101,
011111011100110,
011111100100110,
011111101100110,
011111110100101,
011111111100011,
100000000100000,
100000001011101,
100000010011000,
100000011010100,
100000100001110,
100000101001000,
0,
000000011001111,
000000110011111,
000001001101110,
000001100111101,
000010000001100,
000010011011010,
000010110101000,
000011001110110,
000011101000011,
000100000001111,
000100011011011,
000100110100110,
000101001110000,
000101100111010,
000110000000010,
000110011001010,
000110110010001,
000111001010110,
000111100011011,
000111111011110,
001000010100001,
001000101100010,
001001000100010,
001001011100000,
001001110011101,
001010001011001,
001010100010100,
001010111001101,
001011010000100,
001011100111010,
001011111101111,
001100010100010,
001100101010011,
001101000000011,
001101010110001,
001101101011101,
001110000001000,
001110010110010,
001110101011001,
001110111111111,
001111010100011,
001111101000110,
001111111100111,
010000010000110,
010000100100011,
010000110111111,
010001001011001,
010001011110001,
010001110001000,
010010000011101,
010010010110000,
010010101000010,
010010111010010,
010011001100000,
010011011101100,
010011101110111,
010100000000000,
010100010001000,
010100100001110,
010100110010010,
010101000010101,
010101010010110,
010101100010110,
010101110010100,
010110000010000,
010110010001011,
010110100000100,
010110101111100,
010110111110011,
010111001101000,
010111011011011,
010111101001101,
010111110111110,
011000000101101,
011000010011011,
011000100000111,
011000101110010,
011000111011100,
011001001000100,
011001010101011,
011001100010001,
011001101110101,
011001111011000,
011010000111010,
011010010011011,
011010011111011,
011010101011001,
011010110110110,
011011000010010,
011011001101101,
011011011000111,
011011100011111,
011011101110111,
011011111001101,
011100000100010,
011100001110111,
011100011001010,
011100100011100,
011100101101101,
011100110111101,
011101000001101,
011101001011011,
011101010101000,
011101011110100,
011101101000000,
011101110001010,
011101111010100,
011110000011101,
011110001100101,
011110010101100,
011110011110010,
011110100110111,
011110101111100,
011110110111111,
011111000000010,
011111001000100,
011111010000110,
011111011000110,
011111100000110,
011111101000101,
011111110000011,
011111111000001,
011111111111110,
100000000111010,
100000001110110,
100000010110000,
100000011101011,
0,
000000011001101,
000000110011010,
000001001100110,
000001100110011,
000001111111111,
000010011001011,
000010110010110,
000011001100001,
000011100101011,
000011111110101,
000100010111111,
000100110000111,
000101001001111,
000101100010110,
000101111011101,
000110010100010,
000110101100111,
000111000101010,
000111011101100,
000111110101110,
001000001101110,
001000100101101,
001000111101011,
001001010100111,
001001101100010,
001010000011100,
001010011010101,
001010110001100,
001011001000010,
001011011110110,
001011110101001,
001100001011010,
001100100001010,
001100110111000,
001101001100101,
001101100010000,
001101110111010,
001110001100001,
001110100001000,
001110110101100,
001111001001111,
001111011110001,
001111110010001,
010000000101111,
010000011001011,
010000101100110,
010000111111111,
010001010010110,
010001100101100,
010001111000000,
010010001010011,
010010011100011,
010010101110010,
010011000000000,
010011010001100,
010011100010110,
010011110011111,
010100000100110,
010100010101011,
010100100101111,
010100110110001,
010101000110010,
010101010110001,
010101100101111,
010101110101011,
010110000100110,
010110010011111,
010110100010110,
010110110001101,
010111000000001,
010111001110101,
010111011100110,
010111101010111,
010111111000110,
011000000110100,
011000010100000,
011000100001011,
011000101110101,
011000111011101,
011001001000100,
011001010101010,
011001100001110,
011001101110001,
011001111010011,
011010000110100,
011010010010100,
011010011110010,
011010101010000,
011010110101100,
011011000000111,
011011001100000,
011011010111001,
011011100010001,
011011101100111,
011011110111101,
011100000010001,
011100001100101,
011100010110111,
011100100001001,
011100101011001,
011100110101000,
011100111110111,
011101001000100,
011101010010001,
011101011011101,
011101100100111,
011101101110001,
011101110111010,
011110000000010,
011110001001010,
011110010010000,
011110011010110,
011110100011011,
011110101011111,
011110110100010,
011110111100100,
011111000100110,
011111001100111,
011111010100111,
011111011100110,
011111100100101,
011111101100011,
011111110100000,
011111111011100,
100000000011000,
100000001010011,
100000010001110,
0,
000000011001010,
000000110010100,
000001001011111,
000001100101000,
000001111110010,
000010010111011,
000010110000100,
000011001001101,
000011100010101,
000011111011101,
000100010100011,
000100101101010,
000101000101111,
000101011110100,
000101110111000,
000110001111011,
000110100111101,
000110111111111,
000111010111111,
000111101111110,
001000000111100,
001000011111001,
001000110110101,
001001001110000,
001001100101001,
001001111100001,
001010010011000,
001010101001101,
001011000000001,
001011010110011,
001011101100101,
001100000010100,
001100011000011,
001100101101111,
001101000011011,
001101011000100,
001101101101100,
001110000010011,
001110010111000,
001110101011011,
001110111111101,
001111010011101,
001111100111100,
001111111011001,
010000001110100,
010000100001110,
010000110100110,
010001000111101,
010001011010010,
010001101100101,
010001111110111,
010010010000111,
010010100010101,
010010110100010,
010011000101101,
010011010110111,
010011100111111,
010011111000101,
010100001001010,
010100011001110,
010100101001111,
010100111010000,
010101001001111,
010101011001100,
010101101001000,
010101111000010,
010110000111011,
010110010110010,
010110100101000,
010110110011101,
010111000010000,
010111010000001,
010111011110010,
010111101100001,
010111111001110,
011000000111010,
011000010100101,
011000100001111,
011000101110111,
011000111011110,
011001001000100,
011001010101000,
011001100001100,
011001101101110,
011001111001111,
011010000101110,
011010010001101,
011010011101010,
011010101000110,
011010110100001,
011010111111011,
011011001010100,
011011010101100,
011011100000011,
011011101011000,
011011110101101,
011100000000001,
011100001010011,
011100010100101,
011100011110110,
011100101000101,
011100110010100,
011100111100010,
011101000101110,
011101001111010,
011101011000101,
011101100010000,
011101101011001,
011101110100001,
011101111101001,
011110000101111,
011110001110101,
011110010111010,
011110011111111,
011110101000010,
011110110000101,
011110111000111,
011111000001000,
011111001001000,
011111010001000,
011111011000111,
011111100000101,
011111101000011,
011111101111111,
011111110111100,
011111111110111,
100000000110010,
0,
000000011001000,
000000110010000,
000001001010111,
000001100011111,
000001111100110,
000010010101101,
000010101110011,
000011000111001,
000011011111111,
000011111000100,
000100010001001,
000100101001101,
000101000010000,
000101011010011,
000101110010100,
000110001010101,
000110100010101,
000110111010100,
000111010010010,
000111101010000,
001000000001100,
001000011000111,
001000110000000,
001001000111001,
001001011110000,
001001110100111,
001010001011100,
001010100001111,
001010111000001,
001011001110010,
001011100100010,
001011111010000,
001100001111101,
001100100101000,
001100111010010,
001101001111010,
001101100100001,
001101111000110,
001110001101010,
001110100001100,
001110110101100,
001111001001011,
001111011101001,
001111110000101,
010000000011111,
010000010111000,
010000101001111,
010000111100101,
010001001111001,
010001100001011,
010001110011100,
010010000101011,
010010010111001,
010010101000101,
010010111010000,
010011001011001,
010011011100000,
010011101100110,
010011111101011,
010100001101110,
010100011101111,
010100101101111,
010100111101101,
010101001101010,
010101011100110,
010101101100000,
010101111011000,
010110001001111,
010110011000101,
010110100111001,
010110110101100,
010111000011110,
010111010001110,
010111011111100,
010111101101010,
010111111010110,
011000001000001,
011000010101010,
011000100010011,
011000101111010,
011000111011111,
011001001000100,
011001010100111,
011001100001001,
011001101101010,
011001111001010,
011010000101001,
011010010000110,
011010011100010,
011010100111101,
011010110011000,
011010111110001,
011011001001000,
011011010011111,
011011011110101,
011011101001010,
011011110011110,
011011111110001,
011100001000010,
011100010010011,
011100011100011,
011100100110010,
011100110000000,
011100111001101,
011101000011001,
011101001100100,
011101010101111,
011101011111000,
011101101000001,
011101110001001,
011101111010000,
011110000010110,
011110001011011,
011110010100000,
011110011100011,
011110100100110,
011110101101000,
011110110101010,
011110111101011,
011111000101010,
011111001101010,
011111010101000,
011111011100110,
011111100100011,
011111101100000,
011111110011011,
011111111010111,
0,
000000011000101,
000000110001011,
000001001010000,
000001100010101,
000001111011010,
000010010011110,
000010101100011,
000011000100110,
000011011101010,
000011110101101,
000100001101111,
000100100110000,
000100111110001,
000101010110010,
000101101110001,
000110000110000,
000110011101110,
000110110101011,
000111001100111,
000111100100010,
000111111011100,
001000010010101,
001000101001101,
001001000000100,
001001010111001,
001001101101110,
001010000100001,
001010011010011,
001010110000011,
001011000110011,
001011011100000,
001011110001101,
001100000111000,
001100011100010,
001100110001010,
001101000110001,
001101011010110,
001101101111010,
001110000011101,
001110010111110,
001110101011101,
001110111111011,
001111010011000,
001111100110010,
001111111001100,
010000001100100,
010000011111010,
010000110001110,
010001000100010,
010001010110011,
010001101000011,
010001111010010,
010010001011111,
010010011101010,
010010101110100,
010010111111101,
010011010000011,
010011100001001,
010011110001101,
010100000001111,
010100010010000,
010100100001111,
010100110001101,
010101000001010,
010101010000101,
010101011111111,
010101101110111,
010101111101110,
010110001100011,
010110011010111,
010110101001010,
010110110111011,
010111000101011,
010111010011010,
010111100000111,
010111101110011,
010111111011110,
011000001000111,
011000010110000,
011000100010110,
011000101111100,
011000111100001,
011001001000100,
011001010100110,
011001100000111,
011001101100111,
011001111000101,
011010000100011,
011010001111111,
011010011011011,
011010100110101,
011010110001110,
011010111100110,
011011000111101,
011011010010011,
011011011101000,
011011100111100,
011011110001111,
011011111100001,
011100000110010,
011100010000010,
011100011010001,
011100100011111,
011100101101100,
011100110111001,
011101000000100,
011101001001111,
011101010011000,
011101011100001,
011101100101001,
011101101110000,
011101110110111,
011101111111100,
011110001000001,
011110010000101,
011110011001000,
011110100001011,
011110101001101,
011110110001110,
011110111001110,
011111000001101,
011111001001100,
011111010001010,
011111011001000,
011111100000100,
011111101000000,
011111101111100,
0,
000000011000011,
000000110000110,
000001001001001,
000001100001100,
000001111001110,
000010010010000,
000010101010010,
000011000010100,
000011011010101,
000011110010101,
000100001010101,
000100100010101,
000100111010100,
000101010010010,
000101101001111,
000110000001100,
000110011001000,
000110110000011,
000111000111101,
000111011110110,
000111110101110,
001000001100101,
001000100011011,
001000111010000,
001001010000011,
001001100110110,
001001111100111,
001010010011000,
001010101000110,
001010111110100,
001011010100000,
001011101001011,
001011111110101,
001100010011101,
001100101000100,
001100111101010,
001101010001110,
001101100110000,
001101111010010,
001110001110001,
001110100010000,
001110110101100,
001111001001000,
001111011100001,
001111101111010,
010000000010001,
010000010100110,
010000100111010,
010000111001100,
010001001011101,
010001011101100,
010001101111010,
010010000000110,
010010010010001,
010010100011010,
010010110100010,
010011000101000,
010011010101101,
010011100110000,
010011110110010,
010100000110011,
010100010110010,
010100100101111,
010100110101011,
010101000100110,
010101010011111,
010101100010111,
010101110001110,
010110000000011,
010110001110111,
010110011101001,
010110101011010,
010110111001010,
010111000111000,
010111010100110,
010111100010001,
010111101111100,
010111111100101,
011000001001110,
011000010110100,
011000100011010,
011000101111111,
011000111100010,
011001001000100,
011001010100101,
011001100000101,
011001101100011,
011001111000001,
011010000011101,
011010001111001,
011010011010011,
011010100101100,
011010110000100,
011010111011011,
011011000110010,
011011010000111,
011011011011011,
011011100101110,
011011110000000,
011011111010001,
011100000100001,
011100001110001,
011100010111111,
011100100001100,
011100101011001,
011100110100101,
011100111101111,
011101000111001,
011101010000010,
011101011001011,
011101100010010,
011101101011001,
011101110011111,
011101111100100,
011110000101000,
011110001101011,
011110010101110,
011110011110000,
011110100110001,
011110101110010,
011110110110010,
011110111110001,
011111000101111,
011111001101101,
011111010101010,
011111011100110,
011111100100010,
0,
000000011000001,
000000110000001,
000001001000010,
000001100000010,
000001111000011,
000010010000011,
000010101000010,
000011000000001,
000011011000000,
000011101111111,
000100000111101,
000100011111010,
000100110110111,
000101001110011,
000101100101110,
000101111101000,
000110010100010,
000110101011011,
000111000010011,
000111011001010,
000111110000000,
001000000110110,
001000011101010,
001000110011101,
001001001001111,
001001100000000,
001001110101111,
001010001011110,
001010100001011,
001010110110111,
001011001100010,
001011100001011,
001011110110011,
001100001011010,
001100100000000,
001100110100100,
001101001000111,
001101011101000,
001101110001000,
001110000100110,
001110011000011,
001110101011111,
001110111111001,
001111010010010,
001111100101001,
001111110111111,
010000001010100,
010000011100110,
010000101111000,
010001000001000,
010001010010110,
010001100100011,
010001110101111,
010010000111001,
010010011000001,
010010101001001,
010010111001110,
010011001010010,
010011011010101,
010011101010111,
010011111010111,
010100001010101,
010100011010010,
010100101001110,
010100111001000,
010101001000001,
010101010111001,
010101100101111,
010101110100100,
010110000010111,
010110010001010,
010110011111010,
010110101101010,
010110111011000,
010111001000101,
010111010110001,
010111100011100,
010111110000101,
010111111101101,
011000001010100,
011000010111001,
011000100011110,
011000110000001,
011000111100011,
011001001000100,
011001010100100,
011001100000010,
011001101100000,
011001110111101,
011010000011000,
011010001110010,
011010011001100,
011010100100100,
011010101111011,
011010111010001,
011011000100110,
011011001111011,
011011011001110,
011011100100000,
011011101110001,
011011111000010,
011100000010001,
011100001100000,
011100010101110,
011100011111010,
011100101000110,
011100110010001,
011100111011011,
011101000100101,
011101001101101,
011101010110101,
011101011111100,
011101101000010,
011101110000111,
011101111001011,
011110000001111,
011110001010010,
011110010010100,
011110011010110,
011110100010111,
011110101010111,
011110110010110,
011110111010101,
011111000010011,
011111001010000,
011111010001100,
011111011001000,
0,
000000010111111,
000000101111101,
000001000111011,
000001011111001,
000001110110111,
000010001110101,
000010100110011,
000010111110000,
000011010101100,
000011101101001,
000100000100100,
000100011011111,
000100110011010,
000101001010100,
000101100001101,
000101111000110,
000110001111101,
000110100110100,
000110111101010,
000111010100000,
000111101010100,
001000000000111,
001000010111010,
001000101101011,
001001000011011,
001001011001010,
001001101111000,
001010000100101,
001010011010001,
001010101111011,
001011000100100,
001011011001100,
001011101110011,
001100000011000,
001100010111101,
001100101011111,
001101000000001,
001101010100001,
001101101000000,
001101111011101,
001110001111001,
001110100010011,
001110110101100,
001111001000100,
001111011011010,
001111101101111,
010000000000011,
010000010010101,
010000100100101,
010000110110100,
010001001000010,
010001011001110,
010001101011001,
010001111100010,
010010001101010,
010010011110001,
010010101110110,
010010111111001,
010011001111100,
010011011111101,
010011101111100,
010011111111010,
010100001110111,
010100011110010,
010100101101100,
010100111100100,
010101001011100,
010101011010010,
010101101000110,
010101110111001,
010110000101011,
010110010011100,
010110100001011,
010110101111001,
010110111100110,
010111001010010,
010111010111100,
010111100100101,
010111110001101,
010111111110100,
011000001011010,
011000010111110,
011000100100001,
011000110000011,
011000111100100,
011001001000100,
011001010100011,
011001100000000,
011001101011101,
011001110111000,
011010000010011,
011010001101100,
011010011000100,
011010100011100,
011010101110010,
011010111000111,
011011000011100,
011011001101111,
011011011000001,
011011100010011,
011011101100011,
011011110110011,
011100000000010,
011100001010000,
011100010011100,
011100011101000,
011100100110100,
011100101111110,
011100111001000,
011101000010000,
011101001011000,
011101010011111,
011101011100101,
011101100101011,
011101101110000,
011101110110100,
011101111110111,
011110000111001,
011110001111011,
011110010111100,
011110011111100,
011110100111100,
011110101111011,
011110110111001,
011110111110110,
011111000110011,
011111001110000,
0,
000000010111100,
000000101111001,
000001000110101,
000001011110001,
000001110101101,
000010001101000,
000010100100011,
000010111011110,
000011010011001,
000011101010011,
000100000001101,
000100011000110,
000100101111110,
000101000110110,
000101011101101,
000101110100100,
000110001011010,
000110100001111,
000110111000011,
000111001110110,
000111100101001,
000111111011010,
001000010001011,
001000100111010,
001000111101001,
001001010010110,
001001101000010,
001001111101101,
001010010011000,
001010101000000,
001010111101000,
001011010001111,
001011100110100,
001011111011000,
001100001111011,
001100100011100,
001100110111100,
001101001011011,
001101011111001,
001101110010101,
001110000101111,
001110011001001,
001110101100001,
001110111111000,
001111010001101,
001111100100001,
001111110110011,
010000001000100,
010000011010100,
010000101100010,
010000111101111,
010001001111011,
010001100000101,
010001110001101,
010010000010100,
010010010011010,
010010100011111,
010010110100010,
010011000100100,
010011010100100,
010011100100011,
010011110100000,
010100000011101,
010100010010111,
010100100010001,
010100110001001,
010101000000000,
010101001110110,
010101011101010,
010101101011101,
010101111001110,
010110000111111,
010110010101110,
010110100011100,
010110110001001,
010110111110100,
010111001011110,
010111011000111,
010111100101111,
010111110010110,
010111111111011,
011000001011111,
011000011000011,
011000100100101,
011000110000101,
011000111100101,
011001001000100,
011001010100010,
011001011111110,
011001101011010,
011001110110100,
011010000001101,
011010001100110,
011010010111101,
011010100010100,
011010101101001,
011010110111110,
011011000010001,
011011001100100,
011011010110101,
011011100000110,
011011101010110,
011011110100100,
011011111110010,
011100000111111,
011100010001100,
011100011010111,
011100100100010,
011100101101011,
011100110110100,
011100111111100,
011101001000100,
011101010001010,
011101011010000,
011101100010101,
011101101011001,
011101110011100,
011101111011111,
011110000100001,
011110001100010,
011110010100011,
011110011100010,
011110100100010,
011110101100000,
011110110011110,
011110111011011,
011111000010111,
0,
000000010111010,
000000101110100,
000001000101110,
000001011101000,
000001110100010,
000010001011011,
000010100010101,
000010111001101,
000011010000110,
000011100111110,
000011111110101,
000100010101100,
000100101100011,
000101000011001,
000101011001110,
000101110000011,
000110000110111,
000110011101010,
000110110011100,
000111001001101,
000111011111110,
000111110101110,
001000001011100,
001000100001010,
001000110110111,
001001001100011,
001001100001110,
001001110110111,
001010001100000,
001010100000111,
001010110101101,
001011001010010,
001011011110110,
001011110011001,
001100000111010,
001100011011010,
001100101111001,
001101000010111,
001101010110011,
001101101001110,
001101111101000,
001110010000000,
001110100010111,
001110110101100,
001111001000001,
001111011010100,
001111101100101,
001111111110101,
010000010000100,
010000100010010,
010000110011110,
010001000101000,
010001010110010,
010001100111010,
010001111000000,
010010001000101,
010010011001001,
010010101001100,
010010111001101,
010011001001100,
010011011001011,
010011101001000,
010011111000100,
010100000111110,
010100010110111,
010100100101111,
010100110100110,
010101000011011,
010101010001111,
010101100000001,
010101101110011,
010101111100011,
010110001010010,
010110011000000,
010110100101100,
010110110010111,
010111000000001,
010111001101010,
010111011010010,
010111100111000,
010111110011110,
011000000000010,
011000001100101,
011000011000111,
011000100101000,
011000110001000,
011000111100110,
011001001000100,
011001010100001,
011001011111100,
011001101010111,
011001110110000,
011010000001000,
011010001100000,
011010010110110,
011010100001100,
011010101100000,
011010110110100,
011011000000111,
011011001011000,
011011010101001,
011011011111001,
011011101001000,
011011110010110,
011011111100011,
011100000110000,
011100001111011,
011100011000110,
011100100010000,
011100101011001,
011100110100001,
011100111101001,
011101000101111,
011101001110101,
011101010111010,
011101011111111,
011101101000010,
011101110000101,
011101111001000,
011110000001001,
011110001001010,
011110010001010,
011110011001001,
011110100001000,
011110101000110,
011110110000011,
011110111000000,
0,
000000010111000,
000000101110000,
000001000101000,
000001011100000,
000001110010111,
000010001001111,
000010100000110,
000010110111101,
000011001110011,
000011100101001,
000011111011111,
000100010010100,
000100101001000,
000100111111100,
000101010110000,
000101101100010,
000110000010100,
000110011000110,
000110101110110,
000111000100110,
000111011010100,
000111110000010,
001000000101111,
001000011011100,
001000110000111,
001001000110001,
001001011011010,
001001110000010,
001010000101001,
001010011001111,
001010101110011,
001011000010111,
001011010111001,
001011101011011,
001011111111011,
001100010011010,
001100100110111,
001100111010100,
001101001101111,
001101100001000,
001101110100001,
001110000111000,
001110011001110,
001110101100011,
001110111110110,
001111010001000,
001111100011000,
001111110101000,
010000000110110,
010000011000010,
010000101001110,
010000111010111,
010001001100000,
010001011100111,
010001101101101,
010001111110010,
010010001110101,
010010011110111,
010010101110111,
010010111110111,
010011001110100,
010011011110001,
010011101101100,
010011111100110,
010100001011111,
010100011010110,
010100101001101,
010100111000001,
010101000110101,
010101010100111,
010101100011000,
010101110001000,
010101111110111,
010110001100100,
010110011010001,
010110100111100,
010110110100110,
010111000001110,
010111001110110,
010111011011100,
010111101000010,
010111110100110,
011000000001001,
011000001101011,
011000011001011,
011000100101011,
011000110001010,
011000111100111,
011001001000100,
011001010011111,
011001011111010,
011001101010011,
011001110101100,
011010000000100,
011010001011010,
011010010110000,
011010100000100,
011010101011000,
011010110101011,
011010111111100,
011011001001101,
011011010011101,
011011011101101,
011011100111011,
011011110001000,
011011111010101,
011100000100000,
011100001101011,
011100010110101,
011100011111111,
011100101000111,
011100110001111,
011100111010101,
011101000011100,
011101001100001,
011101010100110,
011101011101001,
011101100101100,
011101101101111,
011101110110001,
011101111110010,
011110000110010,
011110001110001,
011110010110000,
011110011101111,
011110100101100,
011110101101001,
0,
000000010110110,
000000101101100,
000001000100010,
000001011011000,
000001110001101,
000010001000011,
000010011111000,
000010110101101,
000011001100001,
000011100010101,
000011111001001,
000100001111100,
000100100101110,
000100111100000,
000101010010010,
000101101000011,
000101111110011,
000110010100010,
000110101010001,
000110111111111,
000111010101100,
000111101011000,
001000000000011,
001000010101110,
001000101010111,
001001000000000,
001001010100111,
001001101001110,
001001111110011,
001010010011000,
001010100111011,
001010111011101,
001011001111110,
001011100011110,
001011110111101,
001100001011010,
001100011110111,
001100110010010,
001101000101100,
001101011000100,
001101101011100,
001101111110010,
001110010000111,
001110100011010,
001110110101100,
001111000111101,
001111011001101,
001111101011011,
001111111101001,
010000001110100,
010000011111111,
010000110001000,
010001000010000,
010001010010110,
010001100011011,
010001110011111,
010010000100010,
010010010100011,
010010100100011,
010010110100010,
010011000011111,
010011010011011,
010011100010110,
010011110010000,
010100000001000,
010100001111111,
010100011110101,
010100101101001,
010100111011100,
010101001001111,
010101010111111,
010101100101111,
010101110011101,
010110000001011,
010110001110111,
010110011100001,
010110101001011,
010110110110100,
010111000011011,
010111010000001,
010111011100110,
010111101001010,
010111110101101,
011000000001111,
011000001110000,
011000011010000,
011000100101110,
011000110001100,
011000111101000,
011001001000100,
011001010011110,
011001011111000,
011001101010001,
011001110101000,
011001111111111,
011010001010100,
011010010101001,
011010011111101,
011010101010000,
011010110100001,
011010111110011,
011011001000011,
011011010010010,
011011011100000,
011011100101110,
011011101111010,
011011111000110,
011100000010001,
011100001011100,
011100010100101,
011100011101110,
011100100110101,
011100101111100,
011100111000011,
011101000001000,
011101001001101,
011101010010001,
011101011010100,
011101100010111,
011101101011001,
011101110011010,
011101111011010,
011110000011010,
011110001011001,
011110010011000,
011110011010110,
011110100010011,
0,
000000010110100,
000000101101000,
000001000011100,
000001011010000,
000001110000011,
000010000110111,
000010011101010,
000010110011101,
000011001001111,
000011100000001,
000011110110011,
000100001100100,
000100100010101,
000100111000101,
000101001110101,
000101100100100,
000101111010010,
000110001111111,
000110100101100,
000110111011001,
000111010000100,
000111100101110,
000111111011000,
001000010000001,
001000100101001,
001000111010000,
001001001110110,
001001100011011,
001001110111111,
001010001100001,
001010100000011,
001010110100100,
001011001000100,
001011011100010,
001011110000000,
001100000011100,
001100010110111,
001100101010001,
001100111101010,
001101010000001,
001101100011000,
001101110101101,
001110001000000,
001110011010011,
001110101100100,
001110111110100,
001111010000011,
001111100010001,
001111110011101,
010000000101000,
010000010110001,
010000100111010,
010000111000001,
010001001000111,
010001011001011,
010001101001110,
010001111010000,
010010001010001,
010010011010000,
010010101001110,
010010111001011,
010011001000111,
010011011000001,
010011100111010,
010011110110010,
010100000101001,
010100010011110,
010100100010010,
010100110000101,
010100111110111,
010101001100111,
010101011010111,
010101101000101,
010101110110010,
010110000011110,
010110010001000,
010110011110010,
010110101011010,
010110111000001,
010111000100111,
010111010001100,
010111011110000,
010111101010011,
010111110110101,
011000000010110,
011000001110101,
011000011010100,
011000100110001,
011000110001110,
011000111101001,
011001001000100,
011001010011101,
011001011110110,
011001101001110,
011001110100100,
011001111111010,
011010001001111,
011010010100011,
011010011110101,
011010101000111,
011010110011001,
011010111101001,
011011000111000,
011011010000111,
011011011010100,
011011100100001,
011011101101101,
011011110111000,
011100000000011,
011100001001100,
011100010010101,
011100011011101,
011100100100100,
011100101101011,
011100110110000,
011100111110101,
011101000111001,
011101001111101,
011101011000000,
011101100000010,
011101101000011,
011101110000100,
011101111000100,
011110000000011,
011110001000010,
011110010000000,
011110010111101,
0,
000000010110010,
000000101100100,
000001000010110,
000001011001000,
000001101111010,
000010000101011,
000010011011100,
000010110001101,
000011000111110,
000011011101110,
000011110011110,
000100001001101,
000100011111100,
000100110101010,
000101001011000,
000101100000101,
000101110110010,
000110001011110,
000110100001001,
000110110110011,
000111001011101,
000111100000110,
000111110101110,
001000001010101,
001000011111011,
001000110100001,
001001001000101,
001001011101001,
001001110001011,
001010000101100,
001010011001101,
001010101101100,
001011000001011,
001011010101000,
001011101000100,
001011111011111,
001100001111001,
001100100010010,
001100110101001,
001101001000000,
001101011010101,
001101101101001,
001101111111011,
001110010001101,
001110100011101,
001110110101100,
001111000111010,
001111011000111,
001111101010010,
001111111011100,
010000001100101,
010000011101101,
010000101110011,
010000111111000,
010001001111100,
010001011111111,
010001110000000,
010010000000000,
010010001111111,
010010011111100,
010010101111001,
010010111110100,
010011001101110,
010011011100110,
010011101011110,
010011111010100,
010100001001001,
010100010111101,
010100100101111,
010100110100001,
010101000010001,
010101010000000,
010101011101110,
010101101011010,
010101111000110,
010110000110000,
010110010011010,
010110100000010,
010110101101001,
010110111001111,
010111000110100,
010111010010111,
010111011111010,
010111101011100,
010111110111100,
011000000011100,
011000001111010,
011000011011000,
011000100110100,
011000110010000,
011000111101010,
011001001000100,
011001010011101,
011001011110100,
011001101001011,
011001110100001,
011001111110101,
011010001001001,
011010010011100,
011010011101110,
011010100111111,
011010110010000,
011010111011111,
011011000101110,
011011001111100,
011011011001001,
011011100010101,
011011101100000,
011011110101010,
011011111110100,
011100000111101,
011100010000101,
011100011001100,
011100100010011,
011100101011001,
011100110011110,
011100111100011,
011101000100110,
011101001101001,
011101010101011,
011101011101101,
011101100101110,
011101101101110,
011101110101110,
011101111101101,
011110000101011,
011110001101000,
0,
000000010110000,
000000101100000,
000001000010000,
000001011000000,
000001101110000,
000010000100000,
000010011001111,
000010101111110,
000011000101101,
000011011011011,
000011110001001,
000100000110110,
000100011100011,
000100110010000,
000101000111100,
000101011100111,
000101110010010,
000110000111100,
000110011100110,
000110110001111,
000111000110111,
000111011011110,
000111110000100,
001000000101010,
001000011001111,
001000101110010,
001001000010101,
001001010110111,
001001101011000,
001001111111000,
001010010011000,
001010100110110,
001010111010011,
001011001101111,
001011100001001,
001011110100011,
001100000111100,
001100011010011,
001100101101010,
001100111111111,
001101010010011,
001101100100110,
001101110111000,
001110001001000,
001110011011000,
001110101100110,
001110111110011,
001111001111110,
001111100001001,
001111110010010,
010000000011010,
010000010100001,
010000100100111,
010000110101011,
010001000101110,
010001010110000,
010001100110001,
010001110110000,
010010000101110,
010010010101011,
010010100100111,
010010110100010,
010011000011011,
010011010010011,
010011100001010,
010011110000000,
010011111110101,
010100001101000,
010100011011010,
010100101001011,
010100110111011,
010101000101010,
010101010010111,
010101100000100,
010101101101111,
010101111011001,
010110001000010,
010110010101010,
010110100010001,
010110101110111,
010110111011100,
010111000111111,
010111010100010,
010111100000100,
010111101100100,
010111111000100,
011000000100010,
011000001111111,
011000011011100,
011000100110111,
011000110010010,
011000111101011,
011001001000100,
011001010011100,
011001011110010,
011001101001000,
011001110011101,
011001111110001,
011010001000100,
011010010010110,
011010011100111,
011010100111000,
011010110000111,
011010111010110,
011011000100100,
011011001110001,
011011010111101,
011011100001000,
011011101010011,
011011110011101,
011011111100110,
011100000101110,
011100001110110,
011100010111100,
011100100000010,
011100101001000,
011100110001100,
011100111010000,
011101000010011,
011101001010110,
011101010011000,
011101011011001,
011101100011001,
011101101011001,
011101110011000,
011101111010110,
011110000010100,
0,
000000010101110,
000000101011101,
000001000001011,
000001010111001,
000001101100111,
000010000010100,
000010011000010,
000010101101111,
000011000011100,
000011011001000,
000011101110101,
000100000100000,
000100011001100,
000100101110110,
000101000100001,
000101011001010,
000101101110011,
000110000011100,
000110011000100,
000110101101011,
000111000010001,
000111010110111,
000111101011100,
001000000000000,
001000010100011,
001000101000101,
001000111100111,
001001010000111,
001001100100111,
001001111000110,
001010001100011,
001010100000000,
001010110011100,
001011000110110,
001011011010000,
001011101101000,
001100000000000,
001100010010110,
001100100101011,
001100111000000,
001101001010011,
001101011100101,
001101101110101,
001110000000101,
001110010010011,
001110100100000,
001110110101100,
001111000110111,
001111011000001,
001111101001001,
001111111010001,
010000001010111,
010000011011100,
010000101011111,
010000111100010,
010001001100011,
010001011100011,
010001101100010,
010001111011111,
010010001011100,
010010011010111,
010010101010001,
010010111001010,
010011001000010,
010011010111000,
010011100101110,
010011110100010,
010100000010101,
010100010000111,
010100011110111,
010100101100111,
010100111010101,
010101001000010,
010101010101111,
010101100011010,
010101110000100,
010101111101100,
010110001010100,
010110010111011,
010110100100001,
010110110000101,
010110111101001,
010111001001011,
010111010101100,
010111100001101,
010111101101100,
010111111001011,
011000000101000,
011000010000100,
011000011100000,
011000100111010,
011000110010100,
011000111101100,
011001001000100,
011001010011011,
011001011110000,
011001101000101,
011001110011001,
011001111101100,
011010000111111,
011010010010000,
011010011100000,
011010100110000,
011010101111111,
011010111001101,
011011000011010,
011011001100110,
011011010110010,
011011011111100,
011011101000110,
011011110010000,
011011111011000,
011100000100000,
011100001100111,
011100010101101,
011100011110010,
011100100110111,
011100101111011,
011100110111110,
011101000000001,
011101001000011,
011101010000100,
011101011000101,
011101100000101,
011101101000100,
011101110000010,
011101111000000,
0,
000000010101100,
000000101011001,
000001000000101,
000001010110001,
000001101011110,
000010000001001,
000010010110101,
000010101100000,
000011000001100,
000011010110110,
000011101100001,
000100000001011,
000100010110100,
000100101011101,
000101000000110,
000101010101110,
000101101010101,
000101111111100,
000110010100010,
000110101001000,
000110111101100,
000111010010000,
000111100110100,
000111111010110,
001000001111000,
001000100011001,
001000110111001,
001001001011000,
001001011110110,
001001110010100,
001010000110000,
001010011001011,
001010101100110,
001010111111111,
001011010010111,
001011100101111,
001011111000101,
001100001011010,
001100011101110,
001100110000001,
001101000010011,
001101010100100,
001101100110100,
001101111000010,
001110001010000,
001110011011100,
001110101100111,
001110111110001,
001111001111010,
001111100000010,
001111110001000,
010000000001101,
010000010010010,
010000100010100,
010000110010110,
010001000010111,
010001010010110,
010001100010100,
010001110010010,
010010000001101,
010010010001000,
010010100000010,
010010101111010,
010010111110001,
010011001100111,
010011011011100,
010011101010000,
010011111000010,
010100000110100,
010100010100100,
010100100010011,
010100110000010,
010100111101111,
010101001011010,
010101011000101,
010101100101111,
010101110011000,
010101111111111,
010110001100110,
010110011001011,
010110100101111,
010110110010011,
010110111110101,
010111001010110,
010111010110111,
010111100010110,
010111101110100,
010111111010010,
011000000101110,
011000010001001,
011000011100100,
011000100111101,
011000110010110,
011000111101101,
011001001000100,
011001010011010,
011001011101111,
011001101000011,
011001110010110,
011001111101000,
011010000111001,
011010010001010,
011010011011010,
011010100101000,
011010101110110,
011010111000100,
011011000010000,
011011001011100,
011011010100111,
011011011110001,
011011100111010,
011011110000010,
011011111001010,
011100000010001,
011100001011000,
011100010011101,
011100011100010,
011100100100110,
011100101101010,
011100110101101,
011100111101111,
011101000110000,
011101001110001,
011101010110001,
011101011110000,
011101100101111,
011101101101101,
0,
000000010101011,
000000101010101,
000001000000000,
000001010101010,
000001101010101,
000001111111111,
000010010101001,
000010101010010,
000010111111100,
000011010100101,
000011101001101,
000011111110101,
000100010011101,
000100101000101,
000100111101011,
000101010010010,
000101100111000,
000101111011101,
000110010000001,
000110100100101,
000110111001000,
000111001101011,
000111100001101,
000111110101110,
001000001001110,
001000011101101,
001000110001100,
001001000101010,
001001011000111,
001001101100010,
001001111111101,
001010010011000,
001010100110001,
001010111001001,
001011001100000,
001011011110110,
001011110001011,
001100000011111,
001100010110010,
001100101000100,
001100111010101,
001101001100101,
001101011110100,
001101110000001,
001110000001110,
001110010011001,
001110100100011,
001110110101100,
001111000110100,
001111010111011,
001111101000001,
001111111000101,
010000001001001,
010000011001011,
010000101001100,
010000111001100,
010001001001011,
010001011001000,
010001101000101,
010001111000000,
010010000111010,
010010010110011,
010010100101011,
010010110100010,
010011000010111,
010011010001100,
010011011111111,
010011101110001,
010011111100010,
010100001010010,
010100011000001,
010100100101111,
010100110011100,
010101000000111,
010101001110010,
010101011011011,
010101101000100,
010101110101011,
010110000010001,
010110001110111,
010110011011011,
010110100111110,
010110110100000,
010111000000001,
010111001100001,
010111011000001,
010111100011111,
010111101111100,
010111111011000,
011000000110100,
011000010001110,
011000011100111,
011000101000000,
011000110011000,
011000111101110,
011001001000100,
011001010011001,
011001011101101,
011001101000000,
011001110010010,
011001111100100,
011010000110100,
011010010000100,
011010011010011,
011010100100001,
011010101101110,
011010110111011,
011011000000111,
011011001010010,
011011010011100,
011011011100101,
011011100101110,
011011101110110,
011011110111101,
011100000000011,
011100001001001,
011100010001110,
011100011010010,
011100100010110,
011100101011001,
011100110011011,
011100111011101,
011101000011110,
011101001011110,
011101010011110,
011101011011101,
011101100011011,
0,
000000010101001,
000000101010010,
000000111111011,
000001010100011,
000001101001100,
000001111110100,
000010010011100,
000010101000100,
000010111101100,
000011010010011,
000011100111010,
000011111100001,
000100010000111,
000100100101100,
000100111010010,
000101001110110,
000101100011011,
000101110111110,
000110001100001,
000110100000011,
000110110100101,
000111001000110,
000111011100110,
000111110000110,
001000000100101,
001000011000011,
001000101100000,
001000111111100,
001001010011000,
001001100110010,
001001111001100,
001010001100101,
001010011111101,
001010110010100,
001011000101010,
001011010111110,
001011101010010,
001011111100101,
001100001110111,
001100100001000,
001100110011000,
001101000100111,
001101010110101,
001101101000001,
001101111001101,
001110001010111,
001110011100000,
001110101101001,
001110111110000,
001111001110110,
001111011111011,
001111101111110,
010000000000001,
010000010000011,
010000100000011,
010000110000010,
010001000000000,
010001001111101,
010001011111001,
010001101110100,
010001111101110,
010010001100110,
010010011011101,
010010101010100,
010010111001001,
010011000111101,
010011010110000,
010011100100001,
010011110010010,
010100000000010,
010100001110000,
010100011011110,
010100101001010,
010100110110101,
010101000100000,
010101010001001,
010101011110001,
010101101011000,
010101110111110,
010110000100011,
010110010000111,
010110011101010,
010110101001100,
010110110101101,
010111000001101,
010111001101100,
010111011001010,
010111100101000,
010111110000100,
010111111011111,
011000000111001,
011000010010011,
011000011101011,
011000101000011,
011000110011001,
011000111101111,
011001001000100,
011001010011000,
011001011101011,
011001100111101,
011001110001111,
011001111100000,
011010000101111,
011010001111110,
011010011001100,
011010100011010,
011010101100110,
011010110110010,
011010111111101,
011011001001000,
011011010010001,
011011011011010,
011011100100010,
011011101101001,
011011110110000,
011011111110110,
011100000111011,
011100001111111,
011100011000011,
011100100000110,
011100101001000,
011100110001010,
011100111001011,
011101000001100,
011101001001100,
011101010001011,
011101011001001,
0,
000000010100111,
000000101001110,
000000111110101,
000001010011100,
000001101000011,
000001111101010,
000010010010000,
000010100110111,
000010111011100,
000011010000010,
000011100100111,
000011111001100,
000100001110001,
000100100010101,
000100110111000,
000101001011100,
000101011111110,
000101110100000,
000110001000010,
000110011100010,
000110110000011,
000111000100010,
000111011000001,
000111101011111,
000111111111100,
001000010011001,
001000100110101,
001000111010000,
001001001101010,
001001100000011,
001001110011100,
001010000110011,
001010011001010,
001010101011111,
001010111110100,
001011010001000,
001011100011011,
001011110101101,
001100000111101,
001100011001101,
001100101011100,
001100111101010,
001101001110110,
001101100000010,
001101110001101,
001110000010110,
001110010011111,
001110100100110,
001110110101100,
001111000110010,
001111010110110,
001111100111001,
001111110111011,
010000000111011,
010000010111011,
010000100111010,
010000110110111,
010001000110100,
010001010101111,
010001100101001,
010001110100010,
010010000011010,
010010010010001,
010010100000111,
010010101111011,
010010111101111,
010011001100001,
010011011010011,
010011101000011,
010011110110010,
010100000100000,
010100010001101,
010100011111001,
010100101100100,
010100111001110,
010101000110111,
010101010011111,
010101100000110,
010101101101100,
010101111010001,
010110000110101,
010110010010111,
010110011111001,
010110101011010,
010110110111010,
010111000011001,
010111001110111,
010111011010100,
010111100110000,
010111110001011,
010111111100101,
011000000111111,
011000010010111,
011000011101111,
011000101000101,
011000110011011,
011000111110000,
011001001000100,
011001010010111,
011001011101001,
011001100111011,
011001110001100,
011001111011011,
011010000101010,
011010001111001,
011010011000110,
011010100010011,
011010101011111,
011010110101010,
011010111110100,
011011000111110,
011011010000111,
011011011001111,
011011100010110,
011011101011101,
011011110100011,
011011111101000,
011100000101101,
011100001110001,
011100010110100,
011100011110110,
011100100111000,
011100101111010,
011100110111010,
011100111111010,
011101000111001,
011101001111000,
0,
000000010100101,
000000101001011,
000000111110000,
000001010010110,
000001100111011,
000001111100000,
000010010000101,
000010100101001,
000010111001101,
000011001110001,
000011100010101,
000011110111000,
000100001011011,
000100011111110,
000100110100000,
000101001000001,
000101011100010,
000101110000011,
000110000100011,
000110011000010,
000110101100001,
000110111111111,
000111010011100,
000111100111001,
000111111010101,
001000001110000,
001000100001010,
001000110100100,
001001000111101,
001001011010101,
001001101101100,
001010000000010,
001010010011000,
001010100101100,
001010111000000,
001011001010010,
001011011100100,
001011101110101,
001100000000100,
001100010010011,
001100100100001,
001100110101110,
001101000111001,
001101011000100,
001101101001110,
001101111010110,
001110001011110,
001110011100101,
001110101101010,
001110111101110,
001111001110010,
001111011110100,
001111101110101,
001111111110101,
010000001110100,
010000011110010,
010000101101111,
010000111101011,
010001001100101,
010001011011111,
010001101011000,
010001111001111,
010010001000101,
010010010111011,
010010100101111,
010010110100010,
010011000010100,
010011010000101,
010011011110101,
010011101100100,
010011111010001,
010100000111110,
010100010101010,
010100100010101,
010100101111110,
010100111100111,
010101001001111,
010101010110101,
010101100011011,
010101101111111,
010101111100011,
010110001000110,
010110010100111,
010110100001000,
010110101101000,
010110111000111,
010111000100100,
010111010000001,
010111011011101,
010111100111000,
010111110010011,
010111111101100,
011000001000100,
011000010011100,
011000011110010,
011000101001000,
011000110011101,
011000111110001,
011001001000100,
011001010010110,
011001011101000,
011001100111000,
011001110001000,
011001111010111,
011010000100110,
011010001110011,
011010011000000,
011010100001100,
011010101010111,
011010110100001,
011010111101011,
011011000110100,
011011001111100,
011011011000100,
011011100001011,
011011101010001,
011011110010110,
011011111011011,
011100000011111,
011100001100010,
011100010100101,
011100011100111,
011100100101000,
011100101101001,
011100110101001,
011100111101001,
011101000101000,
0,
000000010100100,
000000101001000,
000000111101011,
000001010001111,
000001100110011,
000001111010110,
000010001111001,
000010100011100,
000010110111111,
000011001100001,
000011100000011,
000011110100101,
000100001000110,
000100011100111,
000100110000111,
000101000100111,
000101011000111,
000101101100110,
000110000000100,
000110010100010,
000110100111111,
000110111011100,
000111001111000,
000111100010011,
000111110101110,
001000001001000,
001000011100001,
001000101111001,
001001000010001,
001001010100111,
001001100111101,
001001111010010,
001010001100110,
001010011111010,
001010110001100,
001011000011110,
001011010101110,
001011100111110,
001011111001100,
001100001011010,
001100011100111,
001100101110011,
001100111111110,
001101010000111,
001101100010000,
001101110011000,
001110000011110,
001110010100100,
001110100101001,
001110110101100,
001111000101111,
001111010110000,
001111100110001,
001111110110000,
010000000101111,
010000010101100,
010000100101000,
010000110100011,
010001000011101,
010001010010110,
010001100001110,
010001110000101,
010001111111011,
010010001110000,
010010011100011,
010010101010110,
010010111001000,
010011000111000,
010011010101000,
010011100010110,
010011110000100,
010011111110000,
010100001011011,
010100011000110,
010100100101111,
010100110010111,
010100111111111,
010101001100101,
010101011001011,
010101100101111,
010101110010010,
010101111110101,
010110001010110,
010110010110111,
010110100010110,
010110101110101,
010110111010011,
010111000110000,
010111010001011,
010111011100110,
010111101000001,
010111110011010,
010111111110010,
011000001001001,
011000010100000,
011000011110110,
011000101001010,
011000110011110,
011000111110010,
011001001000100,
011001010010101,
011001011100110,
011001100110110,
011001110000101,
011001111010011,
011010000100001,
011010001101110,
011010010111010,
011010100000101,
011010101010000,
011010110011001,
011010111100010,
011011000101011,
011011001110010,
011011010111001,
011011011111111,
011011101000101,
011011110001010,
011011111001110,
011100000010001,
011100001010100,
011100010010110,
011100011011000,
011100100011001,
011100101011001,
011100110011001,
011100111011000,
0,
000000010100010,
000000101000100,
000000111100111,
000001010001001,
000001100101010,
000001111001100,
000010001101110,
000010100001111,
000010110110000,
000011001010001,
000011011110001,
000011110010010,
000100000110001,
000100011010001,
000100101110000,
000101000001110,
000101010101100,
000101101001010,
000101111100111,
000110010000011,
000110100011111,
000110110111010,
000111001010100,
000111011101110,
000111110001000,
001000000100000,
001000010111000,
001000101001111,
001000111100101,
001001001111011,
001001100001111,
001001110100011,
001010000110110,
001010011001000,
001010101011001,
001010111101010,
001011001111001,
001011100001000,
001011110010110,
001100000100010,
001100010101110,
001100100111001,
001100111000011,
001101001001011,
001101011010011,
001101101011010,
001101111100000,
001110001100101,
001110011101001,
001110101101011,
001110111101101,
001111001101110,
001111011101110,
001111101101100,
001111111101010,
010000001100111,
010000011100010,
010000101011101,
010000111010110,
010001001001110,
010001011000110,
010001100111100,
010001110110010,
010010000100110,
010010010011001,
010010100001011,
010010101111100,
010010111101100,
010011001011100,
010011011001010,
010011100110111,
010011110100011,
010100000001110,
010100001111000,
010100011100001,
010100101001001,
010100110110000,
010101000010110,
010101001111011,
010101011100000,
010101101000011,
010101110100101,
010110000000110,
010110001100111,
010110011000110,
010110100100101,
010110110000010,
010110111011111,
010111000111011,
010111010010101,
010111011101111,
010111101001000,
010111110100001,
010111111111000,
011000001001111,
011000010100100,
011000011111001,
011000101001101,
011000110100000,
011000111110010,
011001001000100,
011001010010101,
011001011100101,
011001100110100,
011001110000010,
011001111010000,
011010000011100,
011010001101001,
011010010110100,
011010011111110,
011010101001000,
011010110010001,
011010111011010,
011011000100001,
011011001101000,
011011010101111,
011011011110100,
011011100111001,
011011101111101,
011011111000001,
011100000000100,
011100001000110,
011100010001000,
011100011001001,
011100100001001,
011100101001001,
011100110001000,
0,
000000010100001,
000000101000001,
000000111100010,
000001010000010,
000001100100010,
000001111000011,
000010001100011,
000010100000010,
000010110100010,
000011001000001,
000011011100000,
000011101111111,
000100000011101,
000100010111011,
000100101011000,
000100111110101,
000101010010010,
000101100101110,
000101111001001,
000110001100100,
000110011111111,
000110110011000,
000111000110010,
000111011001010,
000111101100010,
000111111111001,
001000010010000,
001000100100101,
001000110111010,
001001001001111,
001001011100010,
001001101110101,
001010000000111,
001010010011000,
001010100101000,
001010110110111,
001011001000101,
001011011010011,
001011101011111,
001011111101011,
001100001110110,
001100100000000,
001100110001001,
001101000010000,
001101010010111,
001101100011101,
001101110100010,
001110000100110,
001110010101001,
001110100101011,
001110110101100,
001111000101100,
001111010101011,
001111100101001,
001111110100110,
010000000100010,
010000010011101,
010000100010111,
010000110010000,
010001000001000,
010001001111111,
010001011110100,
010001101101001,
010001111011101,
010010001010000,
010010011000001,
010010100110010,
010010110100010,
010011000010001,
010011001111110,
010011011101011,
010011101010111,
010011111000001,
010100000101011,
010100010010100,
010100011111100,
010100101100010,
010100111001000,
010101000101101,
010101010010001,
010101011110100,
010101101010110,
010101110110111,
010110000010111,
010110001110111,
010110011010101,
010110100110010,
010110110001111,
010110111101011,
010111001000101,
010111010011111,
010111011111000,
010111101010000,
010111110101000,
010111111111110,
011000001010100,
011000010101000,
011000011111100,
011000101001111,
011000110100010,
011000111110011,
011001001000100,
011001010010100,
011001011100011,
011001100110001,
011001101111111,
011001111001100,
011010000011000,
011010001100011,
011010010101110,
011010011111000,
011010101000001,
011010110001001,
011010111010001,
011011000011000,
011011001011111,
011011010100100,
011011011101001,
011011100101110,
011011101110001,
011011110110101,
011011111110111,
011100000111001,
011100001111010,
011100010111010,
011100011111010,
011100100111010,
0,
000000010011111,
000000100111110,
000000111011101,
000001001111100,
000001100011011,
000001110111001,
000010001011000,
000010011110110,
000010110010100,
000011000110010,
000011011001111,
000011101101100,
000100000001001,
000100010100101,
000100101000001,
000100111011101,
000101001111000,
000101100010011,
000101110101101,
000110001000110,
000110011011111,
000110101111000,
000111000010000,
000111010100111,
000111100111101,
000111111010011,
001000001101000,
001000011111101,
001000110010001,
001001000100100,
001001010110110,
001001101000111,
001001111011000,
001010001101000,
001010011110111,
001010110000101,
001011000010010,
001011010011111,
001011100101010,
001011110110101,
001100000111111,
001100011001000,
001100101010000,
001100111010111,
001101001011101,
001101011100010,
001101101100110,
001101111101001,
001110001101011,
001110011101100,
001110101101101,
001110111101100,
001111001101010,
001111011100111,
001111101100100,
001111111011111,
010000001011001,
010000011010011,
010000101001011,
010000111000010,
010001000111000,
010001010101110,
010001100100010,
010001110010101,
010010000000111,
010010001111001,
010010011101001,
010010101011000,
010010111000110,
010011000110100,
010011010100000,
010011100001011,
010011101110110,
010011111011111,
010100001001000,
010100010101111,
010100100010110,
010100101111011,
010100111100000,
010101001000100,
010101010100110,
010101100001000,
010101101101001,
010101111001001,
010110000101000,
010110010000110,
010110011100100,
010110101000000,
010110110011011,
010110111110110,
010111001010000,
010111010101001,
010111100000001,
010111101011000,
010111110101110,
011000000000100,
011000001011001,
011000010101100,
011000100000000,
011000101010010,
011000110100011,
011000111110100,
011001001000100,
011001010010011,
011001011100001,
011001100101111,
011001101111100,
011001111001000,
011010000010100,
011010001011110,
011010010101000,
011010011110001,
011010100111010,
011010110000010,
011010111001001,
011011000001111,
011011001010101,
011011010011010,
011011011011111,
011011100100011,
011011101100110,
011011110101000,
011011111101010,
011100000101011,
011100001101100,
011100010101100,
011100011101011,
0,
000000010011110,
000000100111011,
000000111011000,
000001001110110,
000001100010011,
000001110110000,
000010001001101,
000010011101010,
000010110000110,
000011000100011,
000011010111111,
000011101011010,
000011111110101,
000100010010000,
000100100101011,
000100111000101,
000101001011111,
000101011111000,
000101110010001,
000110000101001,
000110011000000,
000110101010111,
000110111101110,
000111010000100,
000111100011001,
000111110101110,
001000001000010,
001000011010101,
001000101100111,
001000111111001,
001001010001010,
001001100011011,
001001110101010,
001010000111001,
001010011000111,
001010101010100,
001010111100000,
001011001101100,
001011011110110,
001011110000000,
001100000001001,
001100010010000,
001100100010111,
001100110011110,
001101000100011,
001101010100111,
001101100101010,
001101110101101,
001110000101110,
001110010101110,
001110100101110,
001110110101100,
001111000101010,
001111010100111,
001111100100010,
001111110011101,
010000000010110,
010000010001111,
010000100000111,
010000101111101,
010000111110011,
010001001101000,
010001011011100,
010001101001110,
010001111000000,
010010000110001,
010010010100001,
010010100010000,
010010101111101,
010010111101010,
010011001010110,
010011011000001,
010011100101011,
010011110010100,
010011111111100,
010100001100100,
010100011001010,
010100100101111,
010100110010011,
010100111110111,
010101001011001,
010101010111011,
010101100011100,
010101101111100,
010101111011010,
010110000111000,
010110010010110,
010110011110010,
010110101001101,
010110110101000,
010111000000001,
010111001011010,
010111010110010,
010111100001001,
010111101011111,
010111110110101,
011000000001010,
011000001011101,
011000010110000,
011000100000011,
011000101010100,
011000110100101,
011000111110101,
011001001000100,
011001010010010,
011001011100000,
011001100101101,
011001101111001,
011001111000100,
011010000001111,
011010001011001,
011010010100011,
011010011101011,
011010100110011,
011010101111010,
011010111000001,
011011000000111,
011011001001100,
011011010010000,
011011011010100,
011011100011000,
011011101011010,
011011110011100,
011011111011101,
011100000011110,
011100001011110,
011100010011110,
0,
000000010011100,
000000100111000,
000000111010100,
000001001110000,
000001100001100,
000001110100111,
000010001000011,
000010011011110,
000010101111001,
000011000010100,
000011010101110,
000011101001000,
000011111100010,
000100001111100,
000100100010101,
000100110101110,
000101001000110,
000101011011110,
000101101110101,
000110000001100,
000110010100010,
000110100111000,
000110111001101,
000111001100010,
000111011110110,
000111110001001,
001000000011100,
001000010101110,
001000100111111,
001000111010000,
001001001100000,
001001011101111,
001001101111101,
001010000001011,
001010010011000,
001010100100100,
001010110101111,
001011000111001,
001011011000011,
001011101001011,
001011111010011,
001100001011010,
001100011100000,
001100101100101,
001100111101010,
001101001101101,
001101011110000,
001101101110001,
001101111110010,
001110001110001,
001110011110000,
001110101101110,
001110111101011,
001111001100111,
001111011100001,
001111101011011,
001111111010100,
010000001001101,
010000011000100,
010000100111010,
010000110101111,
010001000100011,
010001010010110,
010001100001000,
010001101111010,
010001111101010,
010010001011001,
010010011001000,
010010100110101,
010010110100010,
010011000001101,
010011001111000,
010011011100010,
010011101001010,
010011110110010,
010100000011001,
010100001111111,
010100011100100,
010100101001000,
010100110101011,
010101000001110,
010101001101111,
010101011001111,
010101100101111,
010101110001110,
010101111101011,
010110001001000,
010110010100101,
010110100000000,
010110101011010,
010110110110100,
010111000001100,
010111001100100,
010111010111011,
010111100010001,
010111101100111,
010111110111011,
011000000001111,
011000001100010,
011000010110100,
011000100000110,
011000101010111,
011000110100110,
011000111110110,
011001001000100,
011001010010010,
011001011011111,
011001100101011,
011001101110110,
011001111000001,
011010000001011,
011010001010100,
011010010011101,
011010011100101,
011010100101100,
011010101110011,
011010110111001,
011010111111110,
011011001000011,
011011010000111,
011011011001010,
011011100001101,
011011101001111,
011011110010000,
011011111010001,
011100000010001,
011100001010001,
0,
000000010011011,
000000100110101,
000000111010000,
000001001101010,
000001100000100,
000001110011110,
000010000111000,
000010011010010,
000010101101100,
000011000000101,
000011010011110,
000011100110111,
000011111001111,
000100001100111,
000100011111111,
000100110010111,
000101000101101,
000101011000100,
000101101011010,
000101111101111,
000110010000100,
000110100011001,
000110110101101,
000111001000000,
000111011010011,
000111101100101,
000111111110110,
001000010000111,
001000100010111,
001000110100111,
001001000110110,
001001011000100,
001001101010001,
001001111011101,
001010001101001,
001010011110100,
001010101111110,
001011000001000,
001011010010000,
001011100011000,
001011110011111,
001100000100101,
001100010101010,
001100100101110,
001100110110010,
001101000110100,
001101010110110,
001101100110111,
001101110110110,
001110000110101,
001110010110011,
001110100110000,
001110110101100,
001111000101000,
001111010100010,
001111100011011,
001111110010100,
010000000001011,
010000010000001,
010000011110111,
010000101101100,
010000111011111,
010001001010010,
010001011000100,
010001100110100,
010001110100100,
010010000010011,
010010010000001,
010010011101110,
010010101011010,
010010111000101,
010011000110000,
010011010011001,
010011100000001,
010011101101001,
010011111001111,
010100000110101,
010100010011010,
010100011111110,
010100101100000,
010100111000011,
010101000100100,
010101010000100,
010101011100011,
010101101000010,
010101110011111,
010101111111100,
010110001011000,
010110010110011,
010110100001101,
010110101100111,
010110110111111,
010111000010111,
010111001101110,
010111011000100,
010111100011010,
010111101101110,
010111111000010,
011000000010101,
011000001100111,
011000010111000,
011000100001001,
011000101011001,
011000110101000,
011000111110110,
011001001000100,
011001010010001,
011001011011101,
011001100101001,
011001101110011,
011001110111101,
011010000000111,
011010001001111,
011010010010111,
011010011011111,
011010100100101,
011010101101011,
011010110110001,
011010111110110,
011011000111010,
011011001111101,
011011011000000,
011011100000010,
011011101000100,
011011110000101,
011011111000101,
011100000000101,
0,
000000010011001,
000000100110010,
000000111001011,
000001001100100,
000001011111101,
000001110010110,
000010000101110,
000010011000111,
000010101011111,
000010111110111,
000011010001110,
000011100100110,
000011110111101,
000100001010100,
000100011101010,
000100110000000,
000101000010101,
000101010101011,
000101100111111,
000101111010011,
000110001100111,
000110011111010,
000110110001101,
000111000011111,
000111010110001,
000111101000001,
000111111010010,
001000001100001,
001000011110000,
001000101111111,
001001000001100,
001001010011001,
001001100100101,
001001110110001,
001010000111100,
001010011000101,
001010101001111,
001010111010111,
001011001011111,
001011011100101,
001011101101011,
001011111110000,
001100001110101,
001100011111000,
001100101111011,
001100111111100,
001101001111101,
001101011111101,
001101101111100,
001101111111010,
001110001110111,
001110011110100,
001110101101111,
001110111101010,
001111001100011,
001111011011100,
001111101010100,
001111111001010,
010000001000000,
010000010110101,
010000100101001,
010000110011100,
010001000001110,
010001010000000,
010001011110000,
010001101011111,
010001111001110,
010010000111011,
010010010101000,
010010100010100,
010010101111110,
010010111101000,
010011001010001,
010011010111001,
010011100100000,
010011110000111,
010011111101100,
010100001010000,
010100010110100,
010100100010111,
010100101111000,
010100111011001,
010101000111001,
010101010011000,
010101011110111,
010101101010100,
010101110110001,
010110000001101,
010110001101000,
010110011000010,
010110100011011,
010110101110011,
010110111001011,
010111000100010,
010111001111000,
010111011001101,
010111100100001,
010111101110101,
010111111001000,
011000000011010,
011000001101011,
011000010111100,
011000100001100,
011000101011011,
011000110101001,
011000111110111,
011001001000100,
011001010010000,
011001011011100,
011001100100110,
011001101110001,
011001110111010,
011010000000011,
011010001001011,
011010010010010,
011010011011001,
011010100011111,
011010101100100,
011010110101001,
011010111101101,
011011000110001,
011011001110100,
011011010110110,
011011011111000,
011011100111001,
011011101111001,
011011110111001,
0,
000000010011000,
000000100101111,
000000111000111,
000001001011111,
000001011110110,
000001110001101,
000010000100100,
000010010111011,
000010101010010,
000010111101001,
000011001111111,
000011100010101,
000011110101011,
000100001000000,
000100011010101,
000100101101010,
000100111111110,
000101010010010,
000101100100101,
000101110111000,
000110001001011,
000110011011100,
000110101101110,
000110111111111,
000111010001111,
000111100011111,
000111110101110,
001000000111100,
001000011001010,
001000101010111,
001000111100100,
001001001110000,
001001011111011,
001001110000101,
001010000001111,
001010010011000,
001010100100000,
001010110100111,
001011000101110,
001011010110011,
001011100111000,
001011110111101,
001100001000000,
001100011000011,
001100101000100,
001100111000101,
001101001000101,
001101011000100,
001101101000010,
001101111000000,
001110000111100,
001110010111000,
001110100110011,
001110110101100,
001111000100101,
001111010011101,
001111100010100,
001111110001011,
010000000000000,
010000001110100,
010000011101000,
010000101011010,
010000111001100,
010001000111101,
010001010101101,
010001100011011,
010001110001001,
010001111110111,
010010001100011,
010010011001110,
010010100111000,
010010110100010,
010011000001010,
010011001110010,
010011011011001,
010011100111111,
010011110100100,
010100000001000,
010100001101011,
010100011001110,
010100100101111,
010100110010000,
010100111110000,
010101001001111,
010101010101101,
010101100001010,
010101101100110,
010101111000010,
010110000011101,
010110001110111,
010110011010000,
010110100101000,
010110110000000,
010110111010110,
010111000101100,
010111010000001,
010111011010110,
010111100101001,
010111101111100,
010111111001110,
011000000011111,
011000001110000,
011000011000000,
011000100001111,
011000101011101,
011000110101011,
011000111111000,
011001001000100,
011001010001111,
011001011011010,
011001100100100,
011001101101110,
011001110110111,
011001111111111,
011010001000110,
011010010001101,
011010011010011,
011010100011000,
011010101011101,
011010110100001,
011010111100101,
011011000101000,
011011001101010,
011011010101100,
011011011101101,
011011100101110,
011011101101110,
0,
000000010010110,
000000100101101,
000000111000011,
000001001011001,
000001011101111,
000001110000101,
000010000011011,
000010010110000,
000010101000110,
000010111011011,
000011001110000,
000011100000101,
000011110011001,
000100000101101,
000100011000001,
000100101010100,
000100111100111,
000101001111001,
000101100001100,
000101110011101,
000110000101110,
000110010111111,
000110101001111,
000110111011111,
000111001101110,
000111011111100,
000111110001010,
001000000011000,
001000010100100,
001000100110000,
001000110111100,
001001001000111,
001001011010001,
001001101011010,
001001111100011,
001010001101010,
001010011110010,
001010101111000,
001010111111110,
001011010000010,
001011100000111,
001011110001010,
001100000001100,
001100010001110,
001100100001111,
001100110001111,
001101000001110,
001101010001100,
001101100001010,
001101110000110,
001110000000010,
001110001111101,
001110011110111,
001110101110000,
001110111101000,
001111001100000,
001111011010110,
001111101001100,
001111111000001,
010000000110100,
010000010100111,
010000100011001,
010000110001010,
010000111111011,
010001001101010,
010001011011000,
010001101000110,
010001110110011,
010010000011110,
010010010001001,
010010011110011,
010010101011100,
010010111000100,
010011000101100,
010011010010010,
010011011111000,
010011101011101,
010011111000000,
010100000100011,
010100010000101,
010100011100111,
010100101000111,
010100110100111,
010101000000101,
010101001100011,
010101011000000,
010101100011101,
010101101111000,
010101111010011,
010110000101100,
010110010000101,
010110011011110,
010110100110101,
010110110001100,
010110111100001,
010111000110110,
010111010001011,
010111011011110,
010111100110001,
010111110000011,
010111111010100,
011000000100101,
011000001110100,
011000011000011,
011000100010010,
011000101011111,
011000110101100,
011000111111000,
011001001000100,
011001010001111,
011001011011001,
011001100100010,
011001101101011,
011001110110011,
011001111111011,
011010001000010,
011010010001000,
011010011001101,
011010100010010,
011010101010110,
011010110011010,
011010111011101,
011011000011111,
011011001100001,
011011010100010,
011011011100011,
011011100100011,
0,
000000010010101,
000000100101010,
000000110111111,
000001001010100,
000001011101000,
000001101111101,
000010000010001,
000010010100101,
000010100111010,
000010111001101,
000011001100001,
000011011110100,
000011110000111,
000100000011010,
000100010101100,
000100100111111,
000100111010000,
000101001100001,
000101011110010,
000101110000011,
000110000010011,
000110010100010,
000110100110001,
000110111000000,
000111001001101,
000111011011011,
000111101101000,
000111111110100,
001000001111111,
001000100001010,
001000110010101,
001001000011110,
001001010100111,
001001100110000,
001001110110111,
001010000111110,
001010011000100,
001010101001010,
001010111001110,
001011001010010,
001011011010101,
001011101011000,
001011111011001,
001100001011010,
001100011011010,
001100101011001,
001100111011000,
001101001010101,
001101011010010,
001101101001110,
001101111001001,
001110001000011,
001110010111100,
001110100110101,
001110110101100,
001111000100011,
001111010011001,
001111100001110,
001111110000010,
001111111110101,
010000001101000,
010000011011001,
010000101001010,
010000110111001,
010001000101000,
010001010010110,
010001100000011,
010001101110000,
010001111011011,
010010001000101,
010010010101111,
010010100011000,
010010101111111,
010010111100110,
010011001001100,
010011010110010,
010011100010110,
010011101111010,
010011111011100,
010100000111110,
010100010011111,
010100011111111,
010100101011111,
010100110111101,
010101000011011,
010101001111000,
010101011010100,
010101100101111,
010101110001001,
010101111100011,
010110000111100,
010110010010100,
010110011101011,
010110101000010,
010110110010111,
010110111101100,
010111001000000,
010111010010100,
010111011100110,
010111100111000,
010111110001010,
010111111011010,
011000000101010,
011000001111001,
011000011000111,
011000100010101,
011000101100001,
011000110101110,
011000111111001,
011001001000100,
011001010001110,
011001011011000,
011001100100000,
011001101101001,
011001110110000,
011001111110111,
011010000111101,
011010010000011,
011010011001000,
011010100001100,
011010101010000,
011010110010011,
011010111010101,
011011000010111,
011011001011000,
011011010011001,
011011011011001,
0,
000000010010100,
000000100100111,
000000110111011,
000001001001110,
000001011100010,
000001101110101,
000010000001000,
000010010011011,
000010100101110,
000010111000000,
000011001010010,
000011011100100,
000011101110110,
000100000001000,
000100010011001,
000100100101010,
000100110111010,
000101001001010,
000101011011010,
000101101101001,
000101111110111,
000110010000110,
000110100010100,
000110110100001,
000111000101110,
000111010111010,
000111101000101,
000111111010000,
001000001011011,
001000011100101,
001000101101110,
001000111110111,
001001001111111,
001001100000110,
001001110001100,
001010000010010,
001010010011000,
001010100011100,
001010110100000,
001011000100011,
001011010100101,
001011100100111,
001011110100111,
001100000100111,
001100010100110,
001100100100101,
001100110100010,
001101000011111,
001101010011011,
001101100010110,
001101110010000,
001110000001010,
001110010000011,
001110011111010,
001110101110001,
001110111100111,
001111001011101,
001111011010001,
001111101000100,
001111110110111,
010000000101001,
010000010011010,
010000100001010,
010000101111001,
010000111100111,
010001001010101,
010001011000010,
010001100101101,
010001110011000,
010010000000010,
010010001101011,
010010011010100,
010010100111011,
010010110100010,
010011000001000,
010011001101101,
010011011010001,
010011100110100,
010011110010110,
010011111111000,
010100001011000,
010100010111000,
010100100010111,
010100101110110,
010100111010011,
010101000110000,
010101010001100,
010101011100111,
010101101000001,
010101110011010,
010101111110011,
010110001001011,
010110010100010,
010110011111000,
010110101001110,
010110110100011,
010110111110111,
010111001001010,
010111010011101,
010111011101111,
010111101000000,
010111110010000,
010111111100000,
011000000101111,
011000001111101,
011000011001011,
011000100010111,
011000101100100,
011000110101111,
011000111111010,
011001001000100,
011001010001101,
011001011010110,
011001100011110,
011001101100110,
011001110101101,
011001111110011,
011010000111001,
011010001111110,
011010011000010,
011010100000110,
011010101001001,
011010110001011,
011010111001101,
011011000001111,
011011001010000,
011011010010000,
0,
000000010010010,
000000100100101,
000000110110111,
000001001001001,
000001011011011,
000001101101101,
000001111111111,
000010010010000,
000010100100010,
000010110110011,
000011001000100,
000011011010101,
000011101100101,
000011111110101,
000100010000101,
000100100010101,
000100110100100,
000101000110011,
000101011000001,
000101101001111,
000101111011101,
000110001101010,
000110011110110,
000110110000011,
000111000001110,
000111010011001,
000111100100100,
000111110101110,
001000000110111,
001000011000000,
001000101001000,
001000111010000,
001001001010111,
001001011011101,
001001101100010,
001001111100111,
001010001101100,
001010011101111,
001010101110010,
001010111110100,
001011001110101,
001011011110110,
001011101110110,
001011111110101,
001100001110011,
001100011110001,
001100101101110,
001100111101010,
001101001100101,
001101011011111,
001101101011001,
001101111010010,
001110001001010,
001110011000001,
001110100110111,
001110110101100,
001111000100001,
001111010010101,
001111100001000,
001111101111010,
001111111101011,
010000001011011,
010000011001011,
010000100111010,
010000110101000,
010001000010101,
010001010000001,
010001011101100,
010001101010110,
010001111000000,
010010000101001,
010010010010001,
010010011111000,
010010101011110,
010010111000100,
010011000101000,
010011010001100,
010011011101111,
010011101010001,
010011110110010,
010100000010011,
010100001110010,
010100011010001,
010100100101111,
010100110001100,
010100111101001,
010101001000100,
010101010011111,
010101011111001,
010101101010011,
010101110101011,
010110000000011,
010110001011010,
010110010110000,
010110100000101,
010110101011010,
010110110101110,
010111000000001,
010111001010100,
010111010100110,
010111011110111,
010111101000111,
010111110010111,
010111111100101,
011000000110100,
011000010000001,
011000011001110,
011000100011010,
011000101100110,
011000110110000,
011000111111010,
011001001000100,
011001010001101,
011001011010101,
011001100011100,
011001101100011,
011001110101010,
011001111101111,
011010000110100,
011010001111001,
011010010111101,
011010100000000,
011010101000010,
011010110000100,
011010111000110,
011011000000111,
011011001000111,
0,
000000010010001,
000000100100010,
000000110110011,
000001001000100,
000001011010100,
000001101100101,
000001111110110,
000010010000110,
000010100010110,
000010110100110,
000011000110110,
000011011000101,
000011101010101,
000011111100100,
000100001110010,
000100100000001,
000100110001111,
000101000011100,
000101010101001,
000101100110110,
000101111000010,
000110001001110,
000110011011010,
000110101100101,
000110111101111,
000111001111001,
000111100000011,
000111110001100,
001000000010100,
001000010011100,
001000100100011,
001000110101001,
001001000101111,
001001010110101,
001001100111001,
001001110111101,
001010001000000,
001010011000011,
001010101000101,
001010111000110,
001011001000111,
001011011000110,
001011101000101,
001011111000100,
001100001000001,
001100010111110,
001100100111010,
001100110110101,
001101000110000,
001101010101001,
001101100100010,
001101110011010,
001110000010001,
001110010001000,
001110011111101,
001110101110010,
001110111100110,
001111001011001,
001111011001100,
001111100111101,
001111110101110,
010000000011110,
010000010001101,
010000011111011,
010000101101000,
010000111010101,
010001001000001,
010001010101100,
010001100010110,
010001101111111,
010001111100111,
010010001001111,
010010010110101,
010010100011011,
010010110000000,
010010111100101,
010011001001000,
010011010101011,
010011100001100,
010011101101101,
010011111001110,
010100000101101,
010100010001100,
010100011101001,
010100101000110,
010100110100011,
010100111111110,
010101001011001,
010101010110010,
010101100001100,
010101101100100,
010101110111011,
010110000010010,
010110001101000,
010110010111110,
010110100010010,
010110101100110,
010110110111001,
010111000001100,
010111001011101,
010111010101110,
010111011111110,
010111101001110,
010111110011101,
010111111101011,
011000000111000,
011000010000101,
011000011010001,
011000100011101,
011000101101000,
011000110110010,
011000111111011,
011001001000100,
011001010001100,
011001011010100,
011001100011011,
011001101100001,
011001110100111,
011001111101100,
011010000110000,
011010001110100,
011010010110111,
011010011111010,
011010100111100,
011010101111101,
011010110111110,
011010111111111,
0,
000000010010000,
000000100011111,
000000110101111,
000001000111111,
000001011001110,
000001101011110,
000001111101101,
000010001111100,
000010100001011,
000010110011010,
000011000101000,
000011010110110,
000011101000100,
000011111010010,
000100001011111,
000100011101101,
000100101111001,
000101000000110,
000101010010010,
000101100011101,
000101110101001,
000110000110011,
000110010111110,
000110101001000,
000110111010001,
000111001011010,
000111011100010,
000111101101010,
000111111110001,
001000001111000,
001000011111110,
001000110000100,
001001000001001,
001001010001101,
001001100010001,
001001110010100,
001010000010110,
001010010011000,
001010100011001,
001010110011001,
001011000011000,
001011010010111,
001011100010110,
001011110010011,
001100000010000,
001100010001100,
001100100000111,
001100110000001,
001100111111011,
001101001110100,
001101011101100,
001101101100100,
001101111011010,
001110001010000,
001110011000101,
001110100111001,
001110110101100,
001111000011111,
001111010010001,
001111100000010,
001111101110010,
001111111100001,
010000001010000,
010000010111101,
010000100101010,
010000110010110,
010001000000001,
010001001101100,
010001011010101,
010001100111110,
010001110100110,
010010000001101,
010010001110100,
010010011011001,
010010100111110,
010010110100010,
010011000000101,
010011001100111,
010011011001001,
010011100101001,
010011110001001,
010011111101000,
010100001000111,
010100010100100,
010100100000001,
010100101011101,
010100110111000,
010101000010011,
010101001101100,
010101011000101,
010101100011101,
010101101110101,
010101111001011,
010110000100001,
010110001110111,
010110011001011,
010110100011111,
010110101110010,
010110111000100,
010111000010110,
010111001100111,
010111010110111,
010111100000110,
010111101010101,
010111110100011,
010111111110000,
011000000111101,
011000010001001,
011000011010101,
011000100011111,
011000101101010,
011000110110011,
011000111111100,
011001001000100,
011001010001100,
011001011010010,
011001100011001,
011001101011110,
011001110100011,
011001111101000,
011010000101100,
011010001101111,
011010010110010,
011010011110100,
011010100110110,
011010101110110,
011010110110111,
0,
000000010001110,
000000100011101,
000000110101011,
000001000111010,
000001011001000,
000001101010110,
000001111100100,
000010001110010,
000010100000000,
000010110001101,
000011000011010,
000011010100111,
000011100110100,
000011111000001,
000100001001101,
000100011011001,
000100101100101,
000100111110000,
000101001111011,
000101100000101,
000101110001111,
000110000011001,
000110010100010,
000110100101011,
000110110110011,
000111000111011,
000111011000010,
000111101001001,
000111111001111,
001000001010101,
001000011011010,
001000101011111,
001000111100010,
001001001100110,
001001011101001,
001001101101011,
001001111101100,
001010001101101,
001010011101101,
001010101101100,
001010111101011,
001011001101001,
001011011100110,
001011101100011,
001011111011111,
001100001011010,
001100011010101,
001100101001110,
001100111000111,
001101001000000,
001101010110111,
001101100101110,
001101110100100,
001110000011001,
001110010001101,
001110100000001,
001110101110011,
001110111100101,
001111001010110,
001111011000111,
001111100110110,
001111110100101,
010000000010011,
010000010000000,
010000011101101,
010000101011000,
010000111000011,
010001000101101,
010001010010110,
010001011111111,
010001101100110,
010001111001101,
010010000110011,
010010010011000,
010010011111100,
010010101100000,
010010111000011,
010011000100101,
010011010000110,
010011011100110,
010011101000110,
010011110100101,
010100000000011,
010100001100000,
010100010111101,
010100100011000,
010100101110011,
010100111001110,
010101000100111,
010101010000000,
010101011011000,
010101100101111,
010101110000101,
010101111011011,
010110000110000,
010110010000101,
010110011011000,
010110100101011,
010110101111101,
010110111001111,
010111000100000,
010111001110000,
010111010111111,
010111100001110,
010111101011100,
010111110101001,
010111111110110,
011000001000010,
011000010001101,
011000011011000,
011000100100010,
011000101101011,
011000110110100,
011000111111100,
011001001000100,
011001010001011,
011001011010001,
011001100010111,
011001101011100,
011001110100001,
011001111100100,
011010000101000,
011010001101010,
011010010101101,
011010011101110,
011010100101111,
011010101110000,
0,
000000010001101,
000000100011010,
000000110101000,
000001000110101,
000001011000010,
000001101001111,
000001111011011,
000010001101000,
000010011110101,
000010110000001,
000011000001101,
000011010011001,
000011100100101,
000011110110000,
000100000111011,
000100011000110,
000100101010000,
000100111011010,
000101001100100,
000101011101101,
000101101110110,
000101111111111,
000110010000111,
000110100001111,
000110110010110,
000111000011101,
000111010100011,
000111100101001,
000111110101110,
001000000110010,
001000010110110,
001000100111010,
001000110111101,
001001000111111,
001001011000001,
001001101000010,
001001111000011,
001010001000011,
001010011000010,
001010101000000,
001010110111110,
001011000111100,
001011010111000,
001011100110100,
001011110101111,
001100000101001,
001100010100011,
001100100011100,
001100110010100,
001101000001100,
001101010000011,
001101011111001,
001101101101110,
001101111100010,
001110001010110,
001110011001001,
001110100111011,
001110110101100,
001111000011101,
001111010001101,
001111011111100,
001111101101010,
001111111011000,
010000001000100,
010000010110000,
010000100011011,
010000110000110,
010000111101111,
010001001011000,
010001011000000,
010001100100111,
010001110001101,
010001111110011,
010010001011000,
010010010111100,
010010100011111,
010010110000001,
010010111100011,
010011001000100,
010011010100100,
010011100000011,
010011101100010,
010011111000000,
010100000011101,
010100001111001,
010100011010100,
010100100101111,
010100110001001,
010100111100010,
010101000111011,
010101010010011,
010101011101010,
010101101000000,
010101110010110,
010101111101011,
010110000111111,
010110010010010,
010110011100101,
010110100110111,
010110110001001,
010110111011001,
010111000101001,
010111001111001,
010111011000111,
010111100010101,
010111101100010,
010111110101111,
010111111111011,
011000001000110,
011000010010001,
011000011011011,
011000100100101,
011000101101101,
011000110110101,
011000111111101,
011001001000100,
011001010001010,
011001011010000,
011001100010101,
011001101011010,
011001110011110,
011001111100001,
011010000100100,
011010001100110,
011010010101000,
011010011101001,
011010100101001,
0,
000000010001100,
000000100011000,
000000110100100,
000001000110000,
000001010111100,
000001101000111,
000001111010011,
000010001011111,
000010011101010,
000010101110101,
000011000000000,
000011010001011,
000011100010101,
000011110011111,
000100000101001,
000100010110011,
000100100111100,
000100111000101,
000101001001110,
000101011010110,
000101101011110,
000101111100101,
000110001101100,
000110011110011,
000110101111001,
000110111111111,
000111010000100,
000111100001001,
000111110001101,
001000000010000,
001000010010100,
001000100010110,
001000110011000,
001001000011010,
001001010011010,
001001100011011,
001001110011010,
001010000011001,
001010010011000,
001010100010101,
001010110010010,
001011000001111,
001011010001010,
001011100000101,
001011110000000,
001011111111001,
001100001110010,
001100011101011,
001100101100010,
001100111011001,
001101001001111,
001101011000100,
001101100111001,
001101110101101,
001110000100000,
001110010010010,
001110100000100,
001110101110100,
001110111100100,
001111001010100,
001111011000010,
001111100110000,
001111110011101,
010000000001001,
010000001110100,
010000011011111,
010000101001001,
010000110110010,
010001000011010,
010001010000010,
010001011101000,
010001101001110,
010001110110011,
010010000011000,
010010001111100,
010010011011110,
010010101000001,
010010110100010,
010011000000010,
010011001100010,
010011011000001,
010011100100000,
010011101111101,
010011111011010,
010100000110110,
010100010010001,
010100011101100,
010100101000110,
010100110011111,
010100111110111,
010101001001111,
010101010100101,
010101011111100,
010101101010001,
010101110100110,
010101111111010,
010110001001101,
010110010100000,
010110011110010,
010110101000011,
010110110010100,
010110111100100,
010111000110011,
010111010000001,
010111011001111,
010111100011100,
010111101101001,
010111110110101,
011000000000000,
011000001001011,
011000010010101,
011000011011110,
011000100100111,
011000101101111,
011000110110111,
011000111111110,
011001001000100,
011001010001010,
011001011001111,
011001100010011,
011001101010111,
011001110011011,
011001111011101,
011010000100000,
011010001100001,
011010010100011,
011010011100011,
0,
000000010001011,
000000100010110,
000000110100000,
000001000101011,
000001010110110,
000001101000000,
000001111001011,
000010001010101,
000010011011111,
000010101101001,
000010111110011,
000011001111100,
000011100000110,
000011110001111,
000100000011000,
000100010100000,
000100100101000,
000100110110000,
000101000111000,
000101010111111,
000101101000110,
000101111001100,
000110001010010,
000110011010111,
000110101011101,
000110111100001,
000111001100101,
000111011101001,
000111101101100,
000111111101111,
001000001110001,
001000011110011,
001000101110100,
001000111110100,
001001001110100,
001001011110100,
001001101110010,
001001111110000,
001010001101110,
001010011101011,
001010101100111,
001010111100011,
001011001011101,
001011011011000,
001011101010001,
001011111001010,
001100001000010,
001100010111010,
001100100110001,
001100110100111,
001101000011100,
001101010010001,
001101100000100,
001101101111000,
001101111101010,
001110001011100,
001110011001101,
001110100111101,
001110110101100,
001111000011011,
001111010001001,
001111011110110,
001111101100011,
001111111001110,
010000000111001,
010000010100011,
010000100001101,
010000101110101,
010000111011101,
010001001000100,
010001010101011,
010001100010000,
010001101110101,
010001111011001,
010010000111100,
010010010011111,
010010100000001,
010010101100010,
010010111000010,
010011000100001,
010011010000000,
010011011011110,
010011100111011,
010011110011000,
010011111110100,
010100001001111,
010100010101001,
010100100000011,
010100101011011,
010100110110100,
010101000001011,
010101001100010,
010101010111000,
010101100001101,
010101101100010,
010101110110110,
010110000001001,
010110001011011,
010110010101101,
010110011111110,
010110101001111,
010110110011110,
010110111101110,
010111000111100,
010111010001010,
010111011010111,
010111100100100,
010111101101111,
010111110111011,
011000000000101,
011000001001111,
011000010011001,
011000011100001,
011000100101010,
011000101110001,
011000110111000,
011000111111110,
011001001000100,
011001010001001,
011001011001110,
011001100010010,
011001101010101,
011001110011000,
011001111011010,
011010000011100,
011010001011101,
011010010011110,
0,
000000010001010,
000000100010011,
000000110011101,
000001000100111,
000001010110000,
000001100111001,
000001111000011,
000010001001100,
000010011010101,
000010101011110,
000010111100110,
000011001101111,
000011011110111,
000011101111111,
000100000000110,
000100010001110,
000100100010101,
000100110011100,
000101000100010,
000101010101000,
000101100101110,
000101110110011,
000110000111000,
000110010111101,
000110101000001,
000110111000100,
000111001000111,
000111011001010,
000111101001100,
000111111001110,
001000001001111,
001000011010000,
001000101010000,
001000111010000,
001001001001111,
001001011001101,
001001101001011,
001001111001000,
001010001000101,
001010011000001,
001010100111100,
001010110110111,
001011000110001,
001011010101011,
001011100100011,
001011110011011,
001100000010011,
001100010001010,
001100100000000,
001100101110101,
001100111101010,
001101001011110,
001101011010001,
001101101000011,
001101110110101,
001110000100110,
001110010010111,
001110100000110,
001110101110101,
001110111100011,
001111001010001,
001111010111101,
001111100101001,
001111110010101,
001111111111111,
010000001101001,
010000011010010,
010000100111010,
010000110100001,
010001000001000,
010001001101110,
010001011010011,
010001100110111,
010001110011011,
010001111111110,
010010001100000,
010010011000001,
010010100100010,
010010110000010,
010010111100001,
010011001000000,
010011010011101,
010011011111010,
010011101010111,
010011110110010,
010100000001101,
010100001100111,
010100011000000,
010100100011001,
010100101110001,
010100111001000,
010101000011111,
010101001110101,
010101011001010,
010101100011110,
010101101110010,
010101111000101,
010110000010111,
010110001101001,
010110010111010,
010110100001010,
010110101011010,
010110110101001,
010110111111000,
010111001000101,
010111010010010,
010111011011111,
010111100101011,
010111101110110,
010111111000000,
011000000001010,
011000001010100,
011000010011100,
011000011100100,
011000100101100,
011000101110011,
011000110111001,
011000111111111,
011001001000100,
011001010001001,
011001011001100,
011001100010000,
011001101010011,
011001110010101,
011001111010111,
011010000011000,
011010001011001,
0,
000000010001001,
000000100010001,
000000110011010,
000001000100010,
000001010101010,
000001100110011,
000001110111011,
000010001000011,
000010011001011,
000010101010010,
000010111011010,
000011001100001,
000011011101000,
000011101101111,
000011111110101,
000100001111100,
000100100000010,
000100110000111,
000101000001101,
000101010010010,
000101100010110,
000101110011011,
000110000011111,
000110010100010,
000110100100101,
000110110101000,
000111000101010,
000111010101100,
000111100101101,
000111110101110,
001000000101110,
001000010101110,
001000100101101,
001000110101100,
001001000101010,
001001010100111,
001001100100100,
001001110100001,
001010000011100,
001010010011000,
001010100010010,
001010110001100,
001011000000101,
001011001111110,
001011011110110,
001011101101101,
001011111100100,
001100001011010,
001100011010000,
001100101000100,
001100110111000,
001101000101100,
001101010011110,
001101100010000,
001101110000001,
001101111110010,
001110001100001,
001110011010000,
001110100111111,
001110110101100,
001111000011001,
001111010000101,
001111011110001,
001111101011011,
001111111000101,
010000000101111,
010000010010111,
010000011111111,
010000101100110,
010000111001100,
010001000110001,
010001010010110,
010001011111010,
010001101011110,
010001111000000,
010010000100010,
010010010000011,
010010011100011,
010010101000011,
010010110100010,
010011000000000,
010011001011101,
010011010111010,
010011100010110,
010011101110001,
010011111001100,
010100000100110,
010100001111111,
010100011010111,
010100100101111,
010100110000110,
010100111011100,
010101000110010,
010101010000111,
010101011011011,
010101100101111,
010101110000010,
010101111010100,
010110000100110,
010110001110111,
010110011000111,
010110100010110,
010110101100101,
010110110110100,
010111000000001,
010111001001110,
010111010011011,
010111011100110,
010111100110010,
010111101111100,
010111111000110,
011000000001111,
011000001011000,
011000010100000,
011000011100111,
011000100101110,
011000101110101,
011000110111010,
011000111111111,
011001001000100,
011001010001000,
011001011001011,
011001100001110,
011001101010001,
011001110010010,
011001111010011,
011010000010100,
0,
000000010000111,
000000100001111,
000000110010110,
000001000011101,
000001010100101,
000001100101100,
000001110110011,
000010000111010,
000010011000000,
000010101000111,
000010111001101,
000011001010100,
000011011011010,
000011101011111,
000011111100101,
000100001101010,
000100011101111,
000100101110100,
000100111111000,
000101001111100,
000101011111111,
000101110000011,
000110000000110,
000110010001000,
000110100001010,
000110110001100,
000111000001101,
000111010001110,
000111100001110,
000111110001110,
001000000001101,
001000010001100,
001000100001010,
001000110001000,
001001000000101,
001001010000010,
001001011111110,
001001101111010,
001001111110101,
001010001101111,
001010011101001,
001010101100010,
001010111011010,
001011001010010,
001011011001010,
001011101000000,
001011110110110,
001100000101011,
001100010100000,
001100100010100,
001100110000111,
001100111111010,
001101001101100,
001101011011101,
001101101001110,
001101110111110,
001110000101101,
001110010011011,
001110100001001,
001110101110110,
001110111100010,
001111001001110,
001111010111001,
001111100100011,
001111110001101,
001111111110101,
010000001011101,
010000011000101,
010000100101011,
010000110010001,
010000111110110,
010001001011010,
010001010111110,
010001100100001,
010001110000011,
010001111100101,
010010001000101,
010010010100101,
010010100000101,
010010101100011,
010010111000001,
010011000011110,
010011001111011,
010011011010110,
010011100110001,
010011110001100,
010011111100101,
010100000111110,
010100010010110,
010100011101110,
010100101000101,
010100110011011,
010100111110000,
010101001000101,
010101010011001,
010101011101101,
010101100111111,
010101110010010,
010101111100011,
010110000110100,
010110010000100,
010110011010011,
010110100100010,
010110101110000,
010110110111110,
010111000001011,
010111001010111,
010111010100011,
010111011101110,
010111100111000,
010111110000010,
010111111001011,
011000000010100,
011000001011100,
011000010100100,
011000011101010,
011000100110001,
011000101110110,
011000110111011,
011001000000000,
011001001000100,
011001010000111,
011001011001010,
011001100001101,
011001101001110,
011001110010000,
011001111010000,
0,
000000010000110,
000000100001101,
000000110010011,
000001000011001,
000001010011111,
000001100100101,
000001110101011,
000010000110001,
000010010110110,
000010100111100,
000010111000001,
000011001000110,
000011011001011,
000011101010000,
000011111010100,
000100001011001,
000100011011100,
000100101100000,
000100111100011,
000101001100110,
000101011101001,
000101101101011,
000101111101101,
000110001101110,
000110011110000,
000110101110000,
000110111110000,
000111001110000,
000111011110000,
000111101101110,
000111111101101,
001000001101011,
001000011101000,
001000101100101,
001000111100001,
001001001011101,
001001011011000,
001001101010011,
001001111001101,
001010001000111,
001010011000000,
001010100111000,
001010110110000,
001011000100111,
001011010011110,
001011100010100,
001011110001001,
001011111111101,
001100001110001,
001100011100101,
001100101010111,
001100111001001,
001101000111011,
001101010101011,
001101100011011,
001101110001010,
001101111111001,
001110001100111,
001110011010100,
001110101000001,
001110110101100,
001111000010111,
001111010000010,
001111011101100,
001111101010100,
001111110111101,
010000000100100,
010000010001011,
010000011110001,
010000101010111,
010000110111011,
010001000011111,
010001010000010,
010001011100101,
010001101000111,
010001110101000,
010010000001000,
010010001101000,
010010011000111,
010010100100101,
010010110000011,
010010111100000,
010011000111100,
010011010010111,
010011011110010,
010011101001100,
010011110100101,
010011111111110,
010100001010110,
010100010101101,
010100100000100,
010100101011010,
010100110101111,
010101000000100,
010101001011000,
010101010101011,
010101011111110,
010101101010000,
010101110100001,
010101111110010,
010110001000010,
010110010010001,
010110011100000,
010110100101110,
010110101111011,
010110111001000,
010111000010100,
010111001100000,
010111010101011,
010111011110101,
010111100111111,
010111110001000,
010111111010001,
011000000011001,
011000001100000,
011000010100111,
011000011101101,
011000100110011,
011000101111000,
011000110111101,
011001000000001,
011001001000100,
011001010000111,
011001011001001,
011001100001011,
011001101001100,
011001110001101,
0,
000000010000101,
000000100001010,
000000110010000,
000001000010101,
000001010011010,
000001100011111,
000001110100011,
000010000101000,
000010010101101,
000010100110001,
000010110110101,
000011000111001,
000011010111101,
000011101000001,
000011111000100,
000100001000111,
000100011001010,
000100101001101,
000100111001111,
000101001010001,
000101011010011,
000101101010100,
000101111010101,
000110001010101,
000110011010101,
000110101010101,
000110111010100,
000111001010011,
000111011010010,
000111101010000,
000111111001101,
001000001001010,
001000011000111,
001000101000011,
001000110111110,
001001000111001,
001001010110011,
001001100101101,
001001110100111,
001010000011111,
001010010011000,
001010100001111,
001010110000110,
001010111111101,
001011001110010,
001011011100111,
001011101011100,
001011111010000,
001100001000011,
001100010110110,
001100100101000,
001100110011001,
001101000001010,
001101001111010,
001101011101001,
001101101011000,
001101111000110,
001110000110011,
001110010100000,
001110100001100,
001110101110111,
001110111100010,
001111001001011,
001111010110101,
001111100011101,
001111110000101,
001111111101100,
010000001010010,
010000010111000,
010000100011101,
010000110000001,
010000111100101,
010001001001000,
010001010101010,
010001100001011,
010001101101100,
010001111001100,
010010000101011,
010010010001010,
010010011101000,
010010101000101,
010010110100010,
010010111111110,
010011001011001,
010011010110011,
010011100001101,
010011101100110,
010011110111111,
010100000010111,
010100001101110,
010100011000100,
010100100011010,
010100101101111,
010100111000011,
010101000010111,
010101001101010,
010101010111101,
010101100001110,
010101101100000,
010101110110000,
010110000000000,
010110001001111,
010110010011110,
010110011101100,
010110100111001,
010110110000110,
010110111010010,
010111000011110,
010111001101000,
010111010110011,
010111011111100,
010111101000110,
010111110001110,
010111111010110,
011000000011101,
011000001100100,
011000010101010,
011000011110000,
011000100110101,
011000101111010,
011000110111110,
011001000000001,
011001001000100,
011001010000110,
011001011001000,
011001100001001,
011001101001010,
0,
000000010000100,
000000100001000,
000000110001100,
000001000010000,
000001010010100,
000001100011000,
000001110011100,
000010000100000,
000010010100011,
000010100100110,
000010110101010,
000011000101101,
000011010101111,
000011100110010,
000011110110100,
000100000110110,
000100010111000,
000100100111010,
000100110111011,
000101000111100,
000101010111101,
000101100111101,
000101110111101,
000110000111100,
000110010111100,
000110100111010,
000110110111001,
000111000110111,
000111010110100,
000111100110001,
000111110101110,
001000000101010,
001000010100101,
001000100100001,
001000110011011,
001001000010101,
001001010001111,
001001100001000,
001001110000001,
001001111111000,
001010001110000,
001010011100111,
001010101011101,
001010111010011,
001011001001000,
001011010111100,
001011100110000,
001011110100011,
001100000010110,
001100010001000,
001100011111001,
001100101101010,
001100111011010,
001101001001001,
001101010111000,
001101100100110,
001101110010011,
001110000000000,
001110001101100,
001110011011000,
001110101000010,
001110110101100,
001111000010110,
001111001111110,
001111011100110,
001111101001110,
001111110110100,
010000000011010,
010000010000000,
010000011100100,
010000101001000,
010000110101011,
010001000001110,
010001001101111,
010001011010000,
010001100110001,
010001110010000,
010001111110000,
010010001001110,
010010010101011,
010010100001000,
010010101100101,
010010111000000,
010011000011011,
010011001110101,
010011011001111,
010011100101000,
010011110000000,
010011111011000,
010100000101110,
010100010000101,
010100011011010,
010100100101111,
010100110000011,
010100111010111,
010101000101010,
010101001111100,
010101011001110,
010101100011111,
010101101101111,
010101110111111,
010110000001110,
010110001011101,
010110010101010,
010110011111000,
010110101000100,
010110110010000,
010110111011100,
010111000100111,
010111001110001,
010111010111011,
010111100000100,
010111101001100,
010111110010100,
010111111011011,
011000000100010,
011000001101000,
011000010101110,
011000011110011,
011000100110111,
011000101111011,
011000110111111,
011001000000010,
011001001000100,
011001010000110,
011001011000111,
011001100001000,
0,
000000010000011,
000000100000110,
000000110001001,
000001000001100,
000001010001111,
000001100010010,
000001110010101,
000010000010111,
000010010011010,
000010100011100,
000010110011110,
000011000100000,
000011010100010,
000011100100011,
000011110100101,
000100000100110,
000100010100111,
000100100100111,
000100110100111,
000101000100111,
000101010100111,
000101100100110,
000101110100101,
000110000100100,
000110010100010,
000110100100000,
000110110011101,
000111000011010,
000111010010111,
000111100010011,
000111110001111,
001000000001010,
001000010000101,
001000011111111,
001000101111001,
001000111110010,
001001001101011,
001001011100011,
001001101011011,
001001111010010,
001010001001001,
001010010111111,
001010100110100,
001010110101001,
001011000011110,
001011010010001,
001011100000100,
001011101110111,
001011111101001,
001100001011010,
001100011001011,
001100100111011,
001100110101010,
001101000011001,
001101010000111,
001101011110101,
001101101100010,
001101111001110,
001110000111001,
001110010100100,
001110100001110,
001110101111000,
001110111100001,
001111001001001,
001111010110000,
001111100010111,
001111101111101,
001111111100011,
010000001001000,
010000010101100,
010000100001111,
010000101110010,
010000111010100,
010001000110110,
010001010010110,
010001011110110,
010001101010110,
010001110110100,
010010000010010,
010010001110000,
010010011001100,
010010100101000,
010010110000100,
010010111011110,
010011000111000,
010011010010001,
010011011101010,
010011101000010,
010011110011001,
010011111110000,
010100001000110,
010100010011011,
010100011110000,
010100101000100,
010100110010111,
010100111101010,
010101000111100,
010101010001110,
010101011011111,
010101100101111,
010101101111111,
010101111001110,
010110000011100,
010110001101010,
010110010110111,
010110100000011,
010110101001111,
010110110011011,
010110111100101,
010111000110000,
010111001111001,
010111011000010,
010111100001011,
010111101010010,
010111110011010,
010111111100000,
011000000100111,
011000001101100,
011000010110001,
011000011110110,
011000100111010,
011000101111101,
011000111000000,
011001000000010,
011001001000100,
011001010000101,
011001011000110,
0,
000000010000010,
000000100000100,
000000110000110,
000001000001000,
000001010001010,
000001100001100,
000001110001101,
000010000001111,
000010010010000,
000010100010010,
000010110010011,
000011000010100,
000011010010100,
000011100010101,
000011110010101,
000100000010101,
000100010010101,
000100100010101,
000100110010100,
000101000010011,
000101010010010,
000101100010000,
000101110001110,
000110000001100,
000110010001001,
000110100000110,
000110110000011,
000110111111111,
000111001111010,
000111011110110,
000111101110000,
000111111101011,
001000001100101,
001000011011110,
001000101010111,
001000111010000,
001001001001000,
001001010111111,
001001100110110,
001001110101100,
001010000100010,
001010010011000,
001010100001100,
001010110000000,
001010111110100,
001011001100111,
001011011011010,
001011101001011,
001011110111101,
001100000101101,
001100010011101,
001100100001101,
001100101111100,
001100111101010,
001101001010111,
001101011000100,
001101100110000,
001101110011100,
001110000000111,
001110001110001,
001110011011011,
001110101000100,
001110110101100,
001111000010100,
001111001111011,
001111011100001,
001111101000111,
001111110101100,
010000000010001,
010000001110100,
010000011010111,
010000100111010,
010000110011011,
010000111111100,
010001001011101,
010001010111100,
010001100011011,
010001101111010,
010001111010111,
010010000110100,
010010010010001,
010010011101100,
010010101000111,
010010110100010,
010010111111100,
010011001010101,
010011010101101,
010011100000101,
010011101011100,
010011110110010,
010100000001000,
010100001011101,
010100010110010,
010100100000101,
010100101011001,
010100110101011,
010100111111101,
010101001001111,
010101010011111,
010101011101111,
010101100111111,
010101110001110,
010101111011100,
010110000101010,
010110001110111,
010110011000011,
010110100001111,
010110101011010,
010110110100101,
010110111101111,
010111000111000,
010111010000001,
010111011001010,
010111100010001,
010111101011001,
010111110011111,
010111111100101,
011000000101011,
011000001110000,
011000010110100,
011000011111000,
011000100111100,
011000101111111,
011000111000001,
011001000000011,
011001001000100,
011001010000101,
0,
000000010000001,
000000100000010,
000000110000011,
000001000000100,
000001010000101,
000001100000101,
000001110000110,
000010000000111,
000010010000111,
000010100000111,
000010110001000,
000011000001000,
000011010000111,
000011100000111,
000011110000110,
000100000000101,
000100010000100,
000100100000011,
000100110000001,
000100111111111,
000101001111101,
000101011111010,
000101101110111,
000101111110100,
000110001110000,
000110011101100,
000110101101000,
000110111100011,
000111001011110,
000111011011001,
000111101010011,
000111111001100,
001000001000101,
001000010111110,
001000100110110,
001000110101110,
001001000100101,
001001010011011,
001001100010010,
001001110000111,
001001111111100,
001010001110001,
001010011100101,
001010101011000,
001010111001011,
001011000111110,
001011010101111,
001011100100000,
001011110010001,
001100000000001,
001100001110000,
001100011011111,
001100101001101,
001100110111011,
001101000101000,
001101010010100,
001101100000000,
001101101101011,
001101111010101,
001110000111111,
001110010101000,
001110100010001,
001110101111001,
001110111100000,
001111001000110,
001111010101100,
001111100010010,
001111101110110,
001111111011010,
010000000111101,
010000010100000,
010000100000010,
010000101100011,
010000111000100,
010001000100100,
010001010000011,
010001011100010,
010001101000000,
010001110011101,
010001111111010,
010010001010110,
010010010110001,
010010100001100,
010010101100110,
010010111000000,
010011000011000,
010011001110000,
010011011001000,
010011100011111,
010011101110101,
010011111001011,
010100000011111,
010100001110100,
010100011000111,
010100100011010,
010100101101101,
010100110111111,
010101000010000,
010101001100000,
010101010110000,
010101100000000,
010101101001110,
010101110011100,
010101111101010,
010110000110111,
010110010000011,
010110011001111,
010110100011010,
010110101100101,
010110110101111,
010110111111000,
010111001000001,
010111010001001,
010111011010001,
010111100011000,
010111101011111,
010111110100101,
010111111101010,
011000000101111,
011000001110100,
011000010111000,
011000011111011,
011000100111110,
011000110000000,
011000111000010,
011001000000011,
011001001000100;
