96 96
42 129
172 134
163 154
147 168
1 172
21 167
111 205
135 145
70 73
99 220
13 43
97 154
84 234
206 190
215 176
133 101
87 51
54 85
169 143
26 98
161 258
44 10
156 35
125 180
94 165
135 101
71 116
45 130
228 7
231 87
132 157
203 193
221 38
9 228
5 172
152 38
166 22
129 172
206 64
99 148
154 98
130 38
99 93
227 139
6 172
141 100
191 247
218 171
60 249
100 145
134 149
170 141
159 159
71 72
157 224
154 36
101 0
136 2
120 64
175 89
223 160
70 73
29 97
227 145
224 27
163 155
168 19
176 89
183 211
51 214
45 132
68 75
90 101
226 148
44 10
23 226
180 252
166 221
166 150
71 116
10 135
125 53
167 93
191 205
66 204
90 229
42 143
141 135
138 101
6 101
45 129
228 4
92 43
80 189
139 44
93 226
128 173
45 6
164 153
40 148
2 136
228 1
81 109
134 172
256 168
32 96
169 256
59 209
163 154
188 81
90 46
148 40
142 227
172 6
43 15
158 160
38 130
44 9
147 99
184 250
6 263
118 67
139 227
95 35
49 254
101 218
99 21
44 10
93 168
192 77
262 137
116 70
166 24
45 131
204 66
156 162
151 98
11 171
34 30
68 202
181 86
201 114
211 183
2 45
64 79
155 162
27 225
44 12
158 33
200 197
135 17
153 37
3 101
218 171
188 207
236 81
209 60
73 70
32 223
170 14
209 186
217 46
228 0
171 218
228 129
238 78
45 133
227 13
224 30
201 69
152 133
91 171
41 146
219 42
211 57
88 51
142 262
16 169
98 154
194 203
10 171
29 162
125 181
214 178
213 54
228 9
38 221
125 52
29 35
24 225
204 193
38 94
50 126
131 45
152 38
211 183
45 129
41 19
162 28
27 225
19 99
97 29
173 255
33 96
227 141
3 101
128 172
207 62
45 217
156 97
73 70
32 159
43 141
96 158
173 217
208 188
91 171
190 120
48 216
223 159
71 72
161 95
201 69
208 188
28 163
168 19
92 169
149 39
51 215
212 55
42 16
30 34
226 148
79 64
156 35
181 252
135 9
39 23
72 115
221 165
66 76
156 162
65 78
193 77
89 229
17 42
221 36
138 101
68 117
168 93
64 78
226 21
26 225
75 68
33 31
255 46
45 6
49 88
185 83
130 263
128 228
218 172
23 134
197 73
159 159
14 43
45 7
217 47
20 40
45 0
167 148
100 142
134 146
43 15
157 224
130 166
171 135
36 28
185 250
5 263
245 193
38 152
55 85
201 69
37 221
20 226
29 260
219 41
18 42
136 135
166 150
199 242
172 4
179 125
151 225
44 137
66 204
94 165
228 136
172 131
165 151
117 195
2 45
182 124
212 233
133 154
139 44
222 36
74 70
17 262
76 239
40 149
136 130
62 80
154 163
224 156
130 40
159 32
256 43
45 7
154 37
121 188
172 0
40 21
175 89
133 172
170 142
97 157
227 144
97 155
83 234
206 190
48 216
184 211
38 152
35 222
175 127
161 30
12 44
171 137
232 213
65 205
45 3
212 55
24 38
164 94
253 179
230 88
10 44
44 11
152 98
76 67
221 37
228 138
85 55
88 177
205 64
148 226
63 80
12 171
36 95
138 101
56 211
140 100
65 119
48 89
189 207
91 45
187 208
40 257
96 160
129 170
210 185
37 27
167 21
0 172
60 82
164 26
185 210
128 44
224 30
43 140
172 135
171 218
185 250
175 89
246 193
202 240
85 182
69 74
221 164
203 67
136 44
92 168
124 181
130 45
55 85
10 101
86 180
126 51
39 220
158 259
99 149
103 89
17 42
180 86
24 165
166 23
135 263
5 101
162 28
136 171
163 131
158 33
138 101
16 262
164 152
83 58
216 48
228 2
19 99
156 97
70 200
95 224
43 141
96 158
100 16
40 148
0 45
148 40
47 216
172 7
15 170
160 31
70 73
135 45
36 28
123 185
1 172
167 149
113 203
212 55
74 196
224 28
76 194
63 206
156 35
145 168
215 178
101 7
53 213
180 213
126 51
25 98
226 150
259 159
98 25
126 178
135 12
165 151
166 23
93 40
168 145
92 42
153 98
36 258
97 28
254 47
135 16
140 100
192 246
4 136
80 189
99 146
134 151
167 130
160 223
100 14
96 158
227 143
128 228
91 172
62 248
216 174
20 134
142 43
159 159
40 130
172 135
27 163
123 185
45 1
131 101
152 165
183 212
138 228
163 94
44 139
79 63
169 219
145 168
135 136
182 212
87 52
4 45
135 228
89 103
77 192
99 150
157 34
42 144
221 37
179 214
150 166
135 263
41 18
42 219
260 28
226 20
94 163
143 169
212 183
227 140
22 40
136 131
168 146
146 226
224 155
73 70
32 159
256 44
83 58
79 237
148 167
172 0
101 1
110 206
134 147
141 43
31 96
144 100
81 60
36 27
62 207
89 48
167 149
13 100
183 211
127 47
95 36
258 36
225 26
155 35
41 145
3 172
182 212
137 228
86 180
169 144
166 93
65 77
159 132
220 39
169 17
262 139
38 24
166 23
220 167
168 145
29 35
206 63
12 171
224 155
16 42
222 34
76 240
210 184
4 136
80 189
235 83
188 208
197 73
158 33
100 14
7 172
47 89
121 189
172 91
40 21
164 26
158 96
198 199
95 97
170 13
60 208
36 27
249 59
170 219
119 65
164 25
16 135
228 11
33 158
147 99
260 155
155 35
168 18
220 40
166 150
151 165
172 4
126 51
98 152
204 65
192 78
161 156
76 67
164 221
86 180
212 182
3 45
168 145
149 226
44 136
20 99
33 30
138 101
132 45
165 152
119 193
131 263
228 2
99 146
151 261
196 74
161 222
100 14
32 96
174 216
21 40
218 172
208 60
217 174
96 31
43 14
96 33
16 227
150 134
218 45
122 186
136 3
101 4
100 140
183 211
47 254
100 219
195 202
44 9
226 148
182 251
136 7
23 166
200 241
131 172
228 8
102 216
11 44
78 65
93 166
194 76
262 138
213 53
135 228
214 51
181 125
92 41
63 79
147 226
161 157
16 42
222 35
227 140
149 167
92 42
79 190
28 36
135 171
140 43
33 31
15 43
159 223
48 89
101 129
45 0
81 187
90 47
158 96
141 227
96 33
130 167
208 187
108 82
228 128
136 3
185 210
141 227
135 144
138 228
227 92
164 258
153 225
35 28
78 64
136 7
39 23
151 165
13 135
177 126
94 38
226 149
98 150
151 98
66 203
172 131
53 86
8 101
135 136
125 54
168 92
206 63
147 226
101 91
48 127
15 262
113 75
5 101
216 49
58 250
210 234
188 208
18 100
30 224
44 128
83 58
175 216
63 120
90 173
208 60
207 237
158 96
14 170
32 32
70 73
97 156
91 172
168 20
136 3
101 3
239 77
222 161
200 70
226 92
146 99
44 9
212 106
124 183
136 7
6 228
114 200
4 45
169 144
98 153
22 226
31 259
98 24
169 17
131 45
72 242
228 8
214 51
192 204
99 150
79 191
162 131
218 101
74 68
135 15
215 50
184 84
169 92
168 146
210 234
260 25
170 140
161 222
198 72
146 134
142 100
120 190
44 218
81 188
90 46
223 158
14 170
223 31
14 43
8 172
163 154
168 20
172 128
192 119
216 176
45 133
170 142
99 220
146 99
207 189
212 106
4 228
7 263
101 6
228 11
13 135
75 195
217 229
66 77
10 171
151 98
228 134
94 165
136 101
213 181
45 130
133 228
162 29
133 156
12 171
101 91
143 169
222 35
12 227
245 67
263 5
63 79
218 171
152 260
43 13
95 161
198 73
83 57
48 89
59 209
0 172
188 208
90 46
59 82
72 71
223 96
143 100
261 150
217 45
41 147
130 136
191 120
216 176
160 96
100 139
156 224
44 139
133 27
148 99
19 41
263 134
150 39
178 87
213 54
9 101
153 225
11 44
30 259
156 35
52 125
52 214
53 86
23 39
262 10
53 252
104 214
225 152
131 34
225 154
10 228
85 55
38 25
5 101
89 176
184 123
226 20
26 133
257 165
160 158
197 73
159 223
205 111
59 209
217 46
188 208
80 109
97 30
42 256
96 223
73 198
172 134
100 18
122 187
217 174
40 21
14 100
172 6
15 170
99 220
99 19
171 136
28 162
183 251
168 220
133 101
51 214
36 222
143 42
165 94
226 149
98 151
214 104
77 66
135 10
71 243
116 197
262 10
204 66
23 99
78 191
99 148
225 153
143 169
212 182
74 241
118 194
176 216
19 168
163 28
26 133
227 18
162 222
197 73
18 262
15 227
120 191
128 172
60 249
236 81
7 45
169 129
159 223
199 71
30 97
217 46
187 249
171 218
59 83
204 239
262 18
197 200
224 29
13 43
154 225
21 226
79 64
2 172
84 183
178 87
132 172
202 68
98 153
161 259
64 205
156 35
53 125
179 87
71 243
181 86
179 214
145 42
162 29
98 24
21 99
221 38
254 49
212 181
101 12
149 166
172 2
250 184
219 170
97 27
18 100
33 31
227 139
135 18
89 175
59 209
129 263
0 101
208 236
172 7
227 15
32 159
169 256
59 209
236 208
20 41
172 128
228 130
238 78
223 160
45 255
156 224
13 43
171 136
155 36
79 63
215 176
228 133
25 38
212 54
42 16
98 153
131 161
157 132
35 29
252 53
10 262
166 151
9 101
45 130
252 180
162 29
137 171
138 44
153 98
143 169
141 135
241 201
6 101
215 49
4 101
84 107
27 225
140 43
156 97
255 46
262 145
100 14
167 21
136 129
168 147
18 100
261 22
256 168
96 223
141 170
59 209
109 81
187 249
171 218
209 59
205 238
145 262
43 15
160 31
196 201
260 153
99 20
57 123
129 45
5 228
139 228
132 172
202 68
153 225
76 194
191 78
162 156
125 180
172 130
24 166
53 213
3 45
134 228
220 167
98 24
161 132
30 161
75 68
262 141
214 51
166 23
129 172
168 146
21 99
171 9
44 12
156 97
200 197
145 135
176 216
101 130
47 90
249 187
217 173
7 45
141 43
96 159
256 42
149 134
100 17
20 41
90 46
63 247
26 37
262 18
140 227
98 220
201 69
154 224
20 226
190 79
176 89
132 101
165 25
95 35
195 202
98 154
131 161
191 79
99 23
192 77
137 135
86 181
228 9
262 11
228 7
220 167
98 24
171 138
153 98
50 126
14 262
11 228
228 6
263 7
101 131
219 170
133 154
37 258
222 35
255 46
45 6
49 89
83 58
128 172
128 228
27 36
172 8
256 168
223 96
169 256
21 261
100 17
228 0
172 0
190 120
175 89
159 96
200 71
221 225
227 145
80 61
210 107
57 123
129 45
194 118
139 227
35 222
75 195
161 30
131 162
171 137
220 41
204 192
136 135
243 197
24 38
135 138
77 193
24 98
225 151
11 171
38 94
169 17
95 163
165 152
195 245
2 45
251 183
92 43
154 260
99 146
162 222
43 142
17 262
77 239
64 119
170 91
249 186
217 172
261 23
100 143
159 159
43 141
82 59
46 90
228 0
171 218
59 82
205 238
6 45
71 72
161 95
196 201
188 81
234 210
168 19
216 176
166 149
165 25
162 95
195 202
34 157
44 139
225 25
105 86
77 65
93 166
85 181
9 101
45 131
228 7
220 167
171 10
160 132
102 89
136 101
140 135
73 241
85 56
93 41
228 4
212 233
98 26
258 164
97 28
43 142
45 6
239 204
228 3
128 172
186 122
227 18
97 29
14 170
159 159
15 227
223 31
90 174
81 60
172 0
190 120
48 216
19 134
43 15
221 225
140 170
8 171
226 147
41 146
49 216
211 57
38 152
262 15
69 74
161 30
194 203
152 225
86 232
252 54
178 87
181 212
101 136
180 213
228 7
220 167
44 137
204 193
221 38
228 136
213 181
52 87
55 212
93 40
78 191
169 92
44 136
99 146
219 100
143 170
34 95
215 49
22 40
172 1
249 186
108 209
187 208
227 16
158 96
43 129
21 261
164 154
101 128
46 217
59 82
89 48
159 96
199 71
157 224
201 69
61 208
234 210
129 101
89 48
22 167
88 50
262 15
137 228
30 34
76 194
29 260
162 156
228 132
214 178
55 85
72 115
135 138
193 203
88 103
158 259
226 22
157 34
50 126
37 94
73 241
55 212
134 263
228 4
226 21
80 190
202 195
227 219
127 174
144 135
100 13
192 246
263 3
207 62
108 209
187 208
227 16
96 160
141 100
58 210
80 237
40 148
45 91
121 62
175 89
32 223
128 44
160 31
43 140
152 134
28 163
185 250
2 172
193 119
113 202
172 5
138 228
97 154
76 194
155 133
86 232
101 5
93 166
117 69
10 101
139 262
126 51
93 39
171 10
192 77
230 216
126 178
45 4
38 24
117 196
220 167
64 78
22 99
206 63
226 20
163 222
11 228
132 45
203 112
131 228
170 92
122 59
82 108
45 135
130 40
95 224
14 43
31 96
90 174
60 208
0 45
228 128
37 153
134 172
227 14
221 225
39 130
45 8
108 83
250 58
175 89
228 131
177 88
172 5
74 196
36 221
36 131
25 98
105 86
54 124
220 40
228 134
38 151
86 180
51 253
88 103
171 11
159 132
152 98
126 178
12 262
87 179
117 196
8 136
124 55
169 92
28 133
202 195
155 97
254 47
16 262
227 140
167 22
219 170
41 20
36 154
172 8
130 40
97 95
72 71
134 45
16 227
167 21
45 91
128 101
206 237
83 185
141 227
33 222
197 200
172 135
27 163
185 250
1 172
228 131
113 203
222 161
42 16
97 155
139 171
136 44
156 35
41 145
167 220
7 228
115 199
180 213
228 8
157 161
259 32
204 192
34 30
253 51
86 53
151 38
196 244
88 178
205 65
99 149
171 9
202 194
221 36
174 254
161 222
227 140
101 131
219 170
250 185
154 163
155 97
227 17
222 97
129 171
147 134
47 90
187 82
172 217
187 209
90 47
172 7
227 14
222 224
43 140
135 45
209 108
58 123
175 89
83 184
113 203
222 161
42 16
155 224
131 163
225 26
212 106
168 18
3 172
166 150
214 179
4 45
76 194
98 152
150 99
132 32
29 161
17 42
45 4
53 87
244 69
172 3
168 145
29 35
190 206
67 202
28 224
101 11
132 45
25 165
40 149
128 172
129 228
146 226
135 172
197 73
34 95
43 142
7 172
89 174
148 167
263 0
187 208
227 16
31 223
141 227
96 33
200 70
8 172
146 99
122 186
216 175
192 119
88 50
222 161
174 127
163 95
139 171
9 171
85 233
251 55
8 263
228 134
242 73
53 86
169 144
98 152
192 204
192 78
215 103
178 253
262 139
180 213
212 182
178 215
192 205
162 29
79 190
99 147
160 157
175 254
262 143
152 38
119 193
45 128
58 250
226 19
8 45
100 144
161 222
171 255
58 210
100 16
228 1
46 90
121 62
27 37
223 158
199 72
33 223
257 40
60 208
108 82
168 20
48 216
149 40
239 76
45 133
196 201
219 227
44 139
153 225
21 226
124 182
215 177
55 85
228 10
94 37
67 76
89 102
171 11
158 132
225 151
179 253
213 180
24 165
23 39
178 214
18 168
99 149
44 137
162 131
101 91
48 127
55 212
38 25
132 228
42 219
129 228
234 83
224 155
100 144
157 97
140 100
19 261
15 227
2 101
136 128
187 208
144 227
148 261
43 256
97 222
13 43
150 134
18 227
249 59
47 216
149 40
37 152
17 135
70 74
28 97
139 171
260 154
28 162
124 182
177 88
244 195
73 114
4 45
144 42
229 89
193 204
259 158
93 167
76 66
38 94
115 72
23 39
220 166
181 125
41 219
171 10
76 67
34 30
10 228
222 35
12 227
245 66
5 136
123 58
91 44
28 224
100 145
157 97
100 13
58 210
15 227
101 129
90 173
228 0
27 37
134 172
256 170
32 159
227 143
45 8
36 27
62 207
128 45
22 167
215 176
34 222
228 12
95 36
146 99
27 260
28 162
251 56
172 129
150 39
87 52
45 131
136 228
221 165
132 160
65 205
220 40
144 169
165 221
101 9
243 70
178 214
6 101
23 99
152 98
258 162
157 34
10 228
85 55
25 165
184 84
169 92
190 206
226 20
44 135
145 227
225 221
15 43
32 96
78 238
82 59
46 90
20 167
217 173
186 209
142 227
96 33
100 16
172 135
145 100
147 168
217 174
40 22
49 216
135 144
43 15
97 156
164 258
9 171
226 148
56 124
136 7
228 133
152 165
131 172
68 75
225 26
171 11
192 78
98 24
204 193
45 4
165 151
150 166
51 87
169 145
23 99
29 133
67 203
37 94
228 137
85 55
38 25
228 5
42 219
101 130
218 171
224 155
38 257
30 224
227 140
83 57
111 78
167 21
171 91
228 0
227 17
82 186
15 100
223 159
16 227
60 209
163 154
122 187
172 128
83 185
141 227
33 223
43 15
31 33
68 75
207 189
84 233
168 19
168 220
68 245
241 74
262 13
50 253
34 157
193 204
98 151
24 225
252 52
262 138
198 116
8 101
220 166
125 53
35 156
191 206
34 258
154 98
42 143
182 85
152 38
149 166
136 133
130 228
234 84
154 97
18 100
95 161
255 45
184 83
227 142
129 228
44 218
188 121
227 17
261 22
71 199
223 159
14 43
30 97
18 227
81 61
263 129
83 185
141 227
84 184
73 197
29 97
131 164
207 189
92 170
124 183
93 168
23 166
114 201
36 222
68 75
165 94
149 99
151 225
231 214
204 193
262 137
9 228
101 135
52 87
125 53
156 162
225 151
161 131
225 153
49 127
14 262
214 51
56 211
219 168
184 123
107 211
9 44
140 43
99 93
13 227
133 45
78 238
209 186
46 90
101 0
217 173
149 261
129 42
223 223
227 143
224 30
36 27
128 101
128 45
83 186
89 49
45 133
73 197
222 162
201 69
98 154
43 92
41 146
2 172
101 6
241 74
141 262
195 202
165 94
259 34
225 24
98 23
193 77
3 172
166 151
181 86
45 130
133 228
93 40
24 225
138 44
26 225
68 202
54 212
87 178
245 67
176 215
190 206
92 43
136 171
38 257
29 224
170 15
145 135
216 48
148 167
263 2
61 81
173 90
134 149
169 129
32 32
42 129
157 224
46 90
41 147
171 218
130 101
37 153
135 145
128 45
222 162
170 13
171 136
211 107
79 63
129 45
211 56
228 12
141 262
42 16
225 26
131 161
132 30
23 225
145 169
52 214
116 71
101 136
52 87
193 204
29 35
137 171
148 226
34 30
228 136
212 181
201 114
133 228
41 219
4 101
36 155
153 260
227 18
33 31
70 200
223 33
112 77
21 40
136 129
81 188
145 227
261 22
256 168
159 96
256 42
172 134
163 154
60 122
217 173
2 228
100 142
96 33
45 255
158 160
69 74
207 189
20 226
228 130
41 92
39 22
51 214
45 132
10 101
164 94
131 161
191 78
156 35
66 204
262 137
101 8
39 151
165 94
204 66
167 93
24 225
226 21
165 221
42 143
54 212
165 152
23 39
6 136
168 146
106 211
62 80
139 44
97 29
70 200
262 145
14 227
228 3
128 172
188 208
163 27
30 224
200 198
96 96
42 129
59 209
154 36
41 147
91 171
59 82
216 175
262 18
142 43
226 93
18 227
153 133
163 155
250 57
136 6
211 56
38 152
55 85
137 228
30 34
226 148
156 133
220 41
53 125
130 45
39 23
9 101
87 179
228 7
35 156
151 98
44 11
157 34
136 101
14 262
101 11
6 101
177 215
206 64
28 35
27 225
44 12
35 95
15 43
33 96
112 77
148 167
217 47
128 228
172 90
134 150
170 141
96 96
14 43
59 209
17 227
61 208
45 0
129 101
100 142
172 6
200 71
158 160
165 257
135 44
44 91
168 19
92 169
228 132
51 215
35 222
254 176
101 218
131 162
25 98
87 232
192 77
87 51
8 228
9 101
131 172
52 252
156 162
98 24
259 160
157 34
228 136
54 213
179 214
68 118
129 172
168 146
85 106
207 62
99 146
29 224
70 200
84 56
153 37
58 210
1 45
249 186
27 36
134 150
200 197
33 96
43 141
31 96
100 17
228 0
263 128
21 167
100 142
57 83
45 255
224 30
69 74
8 171
147 99
168 19
129 45
184 211
113 202
45 132
127 48
34 157
12 44
152 225
220 41
54 125
130 45
70 243
53 213
172 4
144 42
220 167
98 24
149 226
165 221
228 136
36 94
11 228
23 39
177 215
101 131
28 35
27 133
75 68
33 31
255 46
183 84
49 88
210 185
263 3
101 128
145 227
45 135
143 227
223 33
14 43
59 209
217 47
188 248
46 217
209 59
216 175
45 133
15 170
161 95
43 140
260 152
28 163
58 123
45 2
84 184
202 240
15 135
74 196
225 27
139 171
10 171
156 35
54 125
178 87
116 70
9 101
4 45
134 228
161 29
171 10
138 44
89 229
76 67
54 213
114 73
23 39
93 40
205 64
28 35
189 207
68 202
158 33
228 139
45 6
176 215
192 246
130 263
122 59
27 36
97 29
73 70
33 96
71 72
134 45
110 80
101 0
0 172
2 228
111 206
32 223
142 43
30 97
257 39
260 152
210 107
190 79
136 5
211 57
100 139
162 95
127 48
161 30
12 44
152 225
226 149
192 78
45 3
135 101
228 10
180 213
179 126
166 93
10 44
77 66
39 94
76 67
221 37
114 73
166 23
129 172
124 55
28 35
63 80
44 12
160 158
228 138
17 262
100 13
119 192
1 45
189 207
19 99
60 81
227 16
32 159
72 199
223 31
207 110
128 228
218 45
128 101
48 216
261 20
142 43
95 34
170 13
208 188
44 91
19 41
136 5
119 66
152 165
172 5
254 175
37 221
147 99
28 260
99 22
5 228
39 93
212 55
101 137
221 164
178 126
93 39
150 99
66 204
93 166
203 194
139 135
214 52
150 166
167 93
64 78
85 106
63 79
171 139
36 95
196 74
211 183
227 140
167 22
131 263
62 80
172 91
60 81
130 40
223 158
170 14
185 83
37 26
167 21
45 217
228 128
37 153
96 32
141 227
224 30
140 170
8 172
235 210
185 250
48 216
4 228
152 165
45 132
69 74
27 97
131 163
136 44
99 22
168 18
3 172
85 182
151 165
139 262
169 144
88 103
138 171
192 77
98 25
42 144
86 53
87 179
55 212
172 3
78 191
22 99
26 225
139 44
219 100
228 138
34 95
240 203
119 192
4 136
122 59
163 27
24 134
73 70
223 33
256 43
83 58
37 26
121 189
218 45
62 248
26 37
185 210
43 15
222 161
17 227
24 261
36 27
41 146
45 1
101 4
203 240
56 85
201 69
100 219
67 75
153 225
29 162
132 101
263 135
212 55
72 115
12 135
8 101
34 157
138 171
204 192
161 157
101 8
164 221
199 115
150 166
263 8
18 168
149 226
153 98
36 258
158 33
143 169
262 143
203 113
246 66
172 1
41 19
27 36
28 224
144 227
223 33
43 142
134 45
153 37
209 187
90 172
209 60
110 206
31 223
198 199
33 223
197 200
172 135
99 19
228 129
4 263
228 131
50 215
161 95
74 196
224 28
20 226
171 136
155 35
101 5
263 135
69 244
115 200
53 86
178 126
152 225
132 159
32 259
88 230
169 17
94 164
10 228
134 228
3 45
145 41
232 86
9 44
147 226
91 227
127 174
45 5
227 140
101 131
42 219
168 146
28 36
208 61
257 166
98 94
256 44
185 83
174 216
121 189
172 217
208 60
174 90
45 134
14 100
32 159
70 73
135 45
45 91
168 20
89 48
185 210
37 152
222 161
127 47
160 31
68 75
28 260
233 212
5 228
220 40
212 55
151 165
37 221
67 76
220 166
138 171
32 259
29 161
144 169
94 164
199 115
39 150
93 40
145 41
156 162
171 9
44 12
227 218
201 196
135 16
75 240
4 101
42 219
2 101
171 91
208 61
74 69
222 34
142 170
58 210
227 143
40 148
218 172
187 208
27 37
31 223
141 43
223 31
170 13
261 151
209 108
80 62
3 263
185 210
215 176
34 222
169 143
224 28
226 146
26 98
21 226
78 64
134 136
55 85
38 151
221 164
144 42
89 102
171 11
192 78
98 24
194 76
11 262
115 72
228 8
45 130
145 41
149 226
25 225
35 258
94 164
101 10
182 85
202 113
132 228
216 48
41 19
99 146
188 208
74 69
31 160
171 255
159 223
26 164
82 59
45 218
228 128
27 37
158 96
199 198
158 223
257 40
45 8
172 218
80 62
263 130
192 119
203 239
211 56
47 255
28 97
202 68
189 80
155 35
131 101
2 172
39 23
214 179
140 262
144 42
216 229
44 138
158 132
98 24
66 203
131 45
72 242
166 23
166 93
145 42
41 219
190 206
76 67
94 164
143 169
95 162
215 50
193 245
92 42
250 185
36 155
61 81
196 74
224 157
128 171
133 45
238 205
21 40
172 91
61 248
110 207
96 31
256 170
160 96
100 16
81 60
91 172
101 1
130 136
40 22
215 176
222 161
170 142
95 36
19 226
80 62
212 106
146 168
220 40
133 101
11 101
4 45
9 101
161 30
138 171
259 158
215 104
125 179
214 179
242 199
8 101
39 220
228 6
168 92
25 225
203 194
37 94
137 101
85 55
139 100
132 228
49 89
250 184
99 147
25 133
166 130
157 97
15 43
210 184
227 142
63 120
128 263
61 248
27 37
31 223
129 42
95 97
257 41
261 150
227 145
1 228
136 3
65 246
77 112
160 96
70 73
226 93
202 68
189 80
155 35
56 124
168 220
212 56
101 138
221 163
177 126
102 217
171 11
31 259
156 35
101 7
221 38
151 38
166 23
51 87
252 181
105 214
156 260
67 203
34 30
68 202
222 35
202 113
245 67
5 136
146 41
147 226
135 171
38 257
95 161
227 140
223 32
37 26
40 148
217 46
188 208
217 173
148 261
71 199
96 32
170 14
150 134
27 163
122 187
130 136
228 130
227 14
211 56
255 173
222 162
19 226
154 133
162 155
131 101
177 88
195 118
178 87
163 95
202 68
98 153
44 138
30 259
88 231
101 7
165 221
86 180
197 243
93 39
18 169
214 231
98 25
99 148
157 34
143 169
172 132
100 12
84 56
2 45
168 146
147 226
224 154
74 69
161 222
13 227
184 83
153 37
209 186
46 90
40 20
17 100
59 82
71 199
159 96
14 43
7 172
227 145
168 20
44 91
185 210
216 176
18 135
46 255
99 220
202 68
171 136
219 43
228 131
172 129
101 6
114 201
54 85
169 144
165 94
99 22
10 171
29 162
101 7
87 52
166 151
101 135
214 52
66 77
220 168
137 171
138 44
225 153
176 254
222 35
152 38
101 132
172 2
57 250
170 91
26 133
227 18
156 97
227 140
6 172
100 15
191 247
90 173
208 61
81 109
149 261
141 43
223 32
129 168
82 59
154 36
60 122
1 172
167 148
89 49
18 135
100 139
160 31
226 145
189 80
211 107
250 56
49 215
133 101
38 152
135 141
202 68
225 26
193 203
30 259
167 220
125 180
45 3
71 243
213 181
179 214
101 133
162 29
44 137
11 171
165 221
16 42
132 45
38 25
194 245
219 168
146 41
84 107
153 260
18 100
33 31
100 12
6 172
153 37
209 186
91 44
168 147
208 236
7 45
42 256
32 32
198 199
82 59
154 36
147 168
218 44
228 130
153 164
135 145
172 128
33 158
69 74
207 189
147 99
250 57
129 45
194 118
165 25
95 36
16 169
98 153
11 44
137 44
214 104
204 193
87 52
54 86
116 198
3 45
228 6
167 93
259 30
132 34
98 26
75 68
181 85
201 114
118 194
133 263
250 183
234 84
153 260
130 38
93 226
227 139
6 172
77 239
247 64
91 44
168 147
217 173
30 224
141 43
223 223
227 142
172 134
81 236
60 122
2 263
191 120
227 15
33 223
170 142
99 220
201 69
207 189
99 20
57 123
133 136
22 166
74 114
135 141
228 10
30 34
34 131
10 171
156 35
18 42
262 137
101 8
53 213
38 221
204 66
225 24
191 205
132 34
30 161
169 16
181 85
25 165
39 150
41 220
64 79
106 211
154 98
75 68
226 220
170 15
184 84
77 239
64 120
47 90
128 228
109 208
22 134
143 227
159 159
199 71
30 97
17 227
41 147
173 90
186 209
48 216
6 45
73 197
33 158
100 18
136 44
218 43
168 19
176 89
228 132
88 51
45 132
143 42
217 228
226 148
98 152
214 104
204 192
179 87
166 150
136 228
11 135
42 17
156 162
191 205
44 11
94 165
9 228
135 14
38 25
211 183
41 220
206 64
148 226
44 136
171 139
95 162
43 142
133 45
89 176
247 64
263 3
20 168
208 236
23 134
129 41
32 32
227 142
172 134
46 90
167 20
91 171
228 129
216 175
184 210
43 15
30 97
196 201
28 97
218 44
184 250
129 45
57 84
38 152
142 262
75 195
161 30
76 194
10 171
168 220
77 65
45 3
70 243
53 213
52 87
169 144
29 35
65 78
226 22
34 30
177 253
4 172
25 165
133 228
220 168
251 183
219 170
9 44
37 258
35 95
128 173
6 172
112 77
64 119
217 47
128 228
154 163
261 23
168 129
159 32
14 43
261 148
164 154
167 20
172 0
167 148
175 89
261 19
227 13
157 224
170 13
224 28
155 36
250 57
263 132
5 228
202 240
35 222
228 10
98 154
171 12
171 137
213 105
77 65
45 3
212 54
53 213
4 45
193 203
162 29
151 98
204 193
229 216
177 253
221 36
52 87
85 56
7 136
168 146
106 212
154 260
171 139
222 36
128 173
84 56
77 239
228 3
170 91
207 62
218 172
135 172
168 130
32 32
227 142
209 186
110 80
248 61
173 90
148 40
205 238
223 159
15 170
97 157
43 140
152 133
171 218
130 101
219 42
101 5
202 240
85 182
127 48
154 225
226 147
171 137
92 168
181 252
172 130
39 23
72 115
213 53
101 134
40 220
65 78
204 193
161 157
144 169
45 4
52 87
117 195
263 7
78 191
155 162
80 189
164 131
155 97
101 12
133 45
26 164
210 185
1 45
62 80
36 154
8 45
130 40
223 158
227 141
59 209
100 17
101 0
0 45
129 101
142 227
159 96
171 128
34 222
69 74
135 44
19 226
129 101
92 169
40 22
88 50
212 55
175 127
228 91
258 35
156 133
41 92
18 42
51 214
150 39
72 115
213 53
144 42
230 88
132 158
11 171
161 157
253 50
262 140
38 24
7 101
167 93
182 124
42 219
27 133
44 12
222 36
69 201
17 262
140 100
83 58
219 170
41 20
99 146
23 134
43 13
32 159
14 43
172 134
227 143
167 20
217 173
121 62
153 164
6 45
142 43
97 157
144 100
261 152
163 155
58 123
45 2
4 228
177 88
5 45
254 175
97 154
171 12
9 171
149 99
192 78
51 214
228 134
180 86
139 262
8 101
103 215
192 205
22 99
152 98
169 17
94 164
73 242
23 39
263 8
205 64
28 35
225 153
99 146
155 97
174 254
143 135
25 164
167 22
89 175
122 59
27 36
156 97
197 73
95 224
170 256
185 83
26 164
208 187
45 217
148 40
89 47
96 32
198 199
158 160
140 170
28 97
155 36
228 129
92 169
246 193
152 165
212 55
228 11
33 157
76 194
133 28
169 219
251 54
135 136
117 69
86 53
221 164
67 76
88 103
138 171
11 171
30 161
144 169
12 262
228 137
69 117
167 93
182 124
169 92
225 153
139 44
28 224
127 174
84 56
140 100
65 119
128 172
41 20
172 91
172 8
100 144
223 158
43 141
261 147
227 143
60 209
91 172
60 82
47 216
20 134
72 198
157 223
144 100
155 224
99 19
41 146
263 131
40 22
13 100
56 85
16 169
31 33
20 226
26 98
156 35
182 251
263 135
244 196
242 72
164 94
67 76
230 89
138 171
99 150
216 103
203 194
221 37
24 165
166 23
3 45
101 132
105 213
133 155
36 258
227 219
42 143
222 34
215 50
101 131
263 4
146 41
218 171
61 81
144 227
223 158
15 43
147 134
217 47
40 148
0 45
21 167
47 217
261 20
14 100
31 96
257 40
156 224
172 218
228 129
263 131
184 210
113 203
45 132
11 101
97 155
12 44
171 136
212 106
78 65
263 135
244 196
115 200
221 164
203 67
216 230
65 77
65 204
161 157
144 169
4 172
10 228
85 55
136 135
145 41
213 232
79 190
44 12
155 97
16 42
56 212
76 240
149 167
216 48
62 80
19 99
172 8
17 100
160 158
15 43
223 32
100 16
121 189
45 90
187 208
227 16
134 172
199 71
160 96
257 40
224 29
154 36
228 129
45 1
246 192
76 112
34 222
127 47
100 219
131 163
79 63
85 233
182 251
130 45
85 182
38 151
4 45
126 51
220 166
65 77
159 132
93 166
126 178
86 53
38 24
101 134
263 8
251 181
35 156
63 79
20 99
37 94
69 201
85 55
13 227
211 184
42 219
101 129
44 218
61 81
140 43
221 98
71 199
20 261
164 153
209 187
173 217
40 21
227 16
261 21
14 100
97 222
227 143
208 187
108 82
147 168
263 131
246 192
152 164
161 95
11 101
158 160
131 163
79 63
226 148
78 64
136 7
212 55
87 52
37 221
203 67
216 229
193 204
226 23
225 151
17 42
94 164
213 53
166 23
220 166
192 205
22 99
190 206
147 226
221 37
169 16
262 142
113 75
132 228
216 48
206 63
44 218
135 172
257 166
31 160
100 13
159 223
175 216
186 82
218 172
81 187
144 227
186 210
14 100
33 223
100 16
45 8
27 163
147 168
92 170
65 246
76 112
6 45
128 47
31 33
146 99
62 207
169 219
55 124
45 2
101 6
101 138
221 163
136 228
98 152
193 204
259 158
24 225
42 144
135 11
101 9
39 150
87 178
133 228
99 149
260 29
226 20
157 34
48 127
132 45
38 25
39 149
2 45
63 79
20 99
44 135
39 257
160 158
13 227
45 6
111 78
247 63
172 91
40 20
154 164
209 59
43 256
159 159
14 43
81 60
45 91
189 80
136 3
58 83
26 37
222 161
128 46
92 100
258 37
27 260
226 148
56 124
177 88
244 195
101 138
36 221
17 169
157 161
66 77
98 150
40 93
193 76
221 38
136 101
212 181
87 178
133 228
105 213
98 25
148 226
218 101
254 48
172 132
215 50
193 245
2 45
206 63
44 218
25 133
140 43
33 31
172 255
133 45
175 216
40 148
136 128
0 101
217 173
186 209
14 170
223 160
73 197
261 150
227 145
101 1
174 90
185 210
176 89
183 211
73 197
97 156
99 19
154 133
219 43
124 183
220 41
56 85
241 73
172 4
195 202
34 157
160 259
24 98
29 162
125 179
214 179
9 228
243 70
3 45
228 6
214 232
133 156
162 131
164 221
195 75
55 212
215 51
132 228
45 129
190 206
210 234
152 260
170 140
225 221
140 100
172 133
238 205
21 40
173 217
208 61
17 100
172 7
71 199
96 223
129 168
60 209
227 145
122 187
47 217
247 191
89 49
33 223
73 197
29 97
99 19
260 154
162 155
168 19
41 93
118 68
51 214
45 131
195 202
229 90
160 259
132 31
104 88
228 134
38 94
136 101
8 101
51 87
53 252
99 150
225 152
11 171
161 157
127 176
262 142
227 139
132 228
136 133
190 206
155 163
152 260
145 227
158 33
227 140
172 133
15 227
63 120
172 1
101 0
154 163
157 97
71 199
159 96
43 141
45 7
109 81
187 249
136 2
83 185
227 14
223 160
15 170
29 97
226 146
171 136
233 211
206 191
45 2
39 23
228 11
14 135
9 101
229 90
11 44
98 151
104 87
77 66
130 45
24 166
8 101
87 179
6 101
99 150
137 171
203 194
225 154
16 42
35 95
214 51
56 211
176 216
41 19
28 36
26 133
13 170
224 156
142 170
160 223
15 227
21 40
91 44
147 41
208 236
22 134
256 169
96 159
256 41
59 209
100 18
122 187
217 174
21 167
227 14
133 172
15 170
35 222
201 69
225 27
155 36
206 191
129 45
56 84
165 25
45 132
49 253
26 98
138 171
24 98
98 23
252 53
165 221
181 213
228 8
221 166
252 180
225 23
151 98
258 161
165 221
137 101
45 5
114 74
22 39
133 263
79 190
170 92
9 44
38 257
224 156
142 170
223 33
164 153
148 167
172 1
208 61
163 27
22 134
72 71
223 159
71 72
157 224
100 18
187 249
1 172
59 82
37 153
133 172
70 73
222 162
18 227
133 26
43 92
123 184
176 88
228 133
165 25
54 85
75 195
157 161
226 148
205 191
214 104
180 252
3 172
54 86
101 136
38 221
169 145
93 40
78 191
11 171
38 94
143 169
181 85
87 178
133 228
219 168
228 4
234 84
136 171
227 18
156 97
43 142
33 96
176 216
228 3
218 171
81 188
163 27
209 59
141 43
32 96
72 198
172 134
163 154
228 0
45 1
59 82
238 78
172 6
200 70
226 93
69 74
27 97
99 20
57 123
49 215
84 183
152 165
132 172
16 169
221 164
161 258
171 137
162 156
169 18
172 130
135 101
151 166
172 3
252 180
29 35
205 64
21 99
217 102
176 253
5 172
25 165
6 101
215 49
101 131
170 92
260 26
19 99
99 93
73 70
57 211
141 100
120 191
1 45
187 122
163 27
224 157
14 170
96 159
169 256
22 261
17 227
101 0
91 171
59 82
100 142
33 223
128 45
33 158
196 201
97 154
36 28
184 250
129 45
118 67
178 88
35 222
127 49
94 37
76 194
260 156
99 23
192 77
262 137
150 39
53 213
94 38
66 77
167 93
259 30
33 259
30 161
136 101
86 54
38 25
56 211
215 50
4 101
226 21
27 225
146 226
160 158
227 139
45 6
141 100
228 3
263 3
41 20
217 172
224 157
100 143
32 159
100 15
172 134
36 27
0 101
90 46
186 209
175 89
83 184
200 71
33 158
145 100
135 44
83 234
146 168
263 132
5 228
113 202
15 135
228 10
27 98
161 258
156 133
105 87
42 145
214 178
70 243
71 116
165 94
66 77
88 104
10 44
226 22
225 153
136 101
36 95
11 228
150 166
220 168
19 168
35 155
260 27
37 258
220 99
43 142
33 96
112 77
191 246
128 172
1 101
36 154
82 187
73 70
96 160
100 15
134 45
46 90
20 40
173 90
186 209
111 205
19 134
43 15
31 33
69 74
152 133
91 171
206 190
42 92
22 166
51 215
135 142
75 195
34 157
76 194
79 64
41 93
6 228
45 3
85 181
101 136
11 135
252 179
98 151
225 151
160 132
26 225
177 253
221 36
151 38
56 212
93 41
78 191
212 233
44 136
171 139
226 219
200 197
17 262
141 100
167 22
91 43
1 101
209 236
187 209
43 14
95 224
43 141
96 158
164 154
167 20
128 136
101 2
15 100
261 19
72 198
95 34
43 140
260 152
218 44
19 41
129 45
39 22
75 113
212 55
143 42
228 91
12 44
156 133
232 213
54 125
136 135
135 101
242 72
135 138
125 52
161 29
132 158
138 44
221 38
76 67
135 13
52 87
212 182
215 50
191 205
148 226
153 98
202 195
219 100
70 201
161 222
26 164
22 40
47 89
228 1
27 36
135 172
170 140
33 96
129 170
45 7
144 100
121 188
0 45
2 228
153 164
146 261
171 128
31 33
13 43
171 135
91 171
185 250
48 216
132 101
165 25
172 5
143 42
94 37
147 99
10 171
35 29
205 192
93 166
244 197
165 24
4 45
7 101
39 220
23 225
160 132
102 89
144 169
172 131
200 114
134 228
172 2
205 64
155 162
171 9
36 258
160 158
201 196
211 183
140 100
149 167
216 48
1 101
218 172
187 208
16 100
160 223
170 14
134 21
90 174
167 20
173 90
148 40
227 16
261 19
255 171
161 95
196 201
61 208
19 226
250 58
92 169
22 167
75 113
85 182
48 254
154 224
76 194
133 28
41 92
65 205
130 45
212 55
24 38
37 221
8 101
29 34
150 99
259 159
225 152
67 203
135 13
52 87
55 212
8 136
182 124
92 42
153 98
36 258
219 100
47 127
172 132
76 239
228 4
131 263
228 2
91 45
135 172
197 73
97 95
227 141
96 158
164 153
187 81
0 136
167 148
37 153
134 147
43 15
94 98
140 170
45 8
19 226
168 19
172 128
83 184
25 38
262 16
201 69
163 94
203 67
28 260
149 99
124 181
172 130
23 166
72 115
262 12
178 126
215 230
65 77
159 132
166 220
253 51
213 180
151 38
134 228
50 88
205 64
106 212
136 171
44 12
36 95
74 69
211 183
215 50
101 131
45 128
207 62
172 91
45 135
257 167
159 159
43 141
45 7
143 100
209 187
0 136
62 248
89 47
223 159
100 141
31 33
73 197
28 97
44 91
129 101
216 175
184 210
227 13
161 95
196 201
160 31
12 44
28 260
162 156
182 251
51 215
196 117
52 214
45 131
8 101
103 216
44 138
226 23
152 98
228 135
180 86
24 165
182 85
167 93
145 41
149 226
79 190
75 68
160 158
254 47
16 262
152 38
101 131
263 4
123 58
226 19
261 24
167 130
32 159
15 43
7 172
37 26
209 187
0 263
62 248
206 237
158 96
170 141
31 96
197 200
134 24
154 36
2 228
175 89
184 210
215 177
143 262
174 127
97 155
171 12
98 153
22 226
41 145
136 8
101 7
165 24
37 221
169 144
225 25
259 32
99 150
216 103
42 144
262 139
115 72
117 196
172 3
124 55
86 105
98 26
67 202
163 221
254 47
132 45
113 76
40 149
48 89
62 80
163 28
134 151
17 100
158 33
72 71
83 58
37 26
82 60
45 90
101 1
217 174
261 20
141 43
222 224
43 140
97 156
226 146
20 41
1 172
246 192
164 25
84 183
228 11
28 97
75 195
225 26
155 35
228 132
130 45
244 196
165 24
139 262
135 228
157 161
132 159
99 150
25 225
144 169
37 94
72 242
101 134
172 3
5 101
219 169
25 225
171 139
37 94
254 48
132 45
38 25
246 66
131 263
58 250
235 83
135 172
69 201
225 221
15 43
45 7
79 238
167 21
0 45
189 121
143 227
185 210
141 227
158 223
167 257
81 60
209 108
122 186
89 48
58 83
112 203
172 6
254 174
160 31
19 226
44 9
99 21
41 145
263 135
182 212
52 214
262 13
253 178
98 152
193 204
65 205
166 220
253 52
262 138
72 242
23 39
166 93
145 41
213 232
152 98
226 20
154 97
48 127
45 5
240 202
246 66
263 5
250 185
108 210
25 134
227 17
221 98
13 227
32 96
16 227
148 167
172 91
188 121
217 174
45 134
141 43
97 222
227 143
81 60
172 218
1 228
172 128
119 65
76 112
172 6
143 43
97 155
131 163
136 44
219 42
191 78
2 172
182 212
87 52
135 140
101 135
30 34
11 44
65 205
215 103
179 253
221 38
151 38
54 212
51 87
205 65
162 29
156 260
203 194
37 94
143 169
172 132
113 75
5 101
48 89
123 58
20 99
171 8
43 13
222 34
255 44
134 19
142 100
101 129
1 136
248 188
100 144
134 148
170 129
159 159
100 16
172 135
172 218
249 59
92 170
185 210
14 100
34 222
73 197
97 155
146 99
225 26
42 92
19 41
50 215
85 183
24 38
13 135
169 144
98 153
149 99
65 205
40 93
76 66
165 221
53 86
85 54
3 45
228 6
219 168
25 225
12 171
228 218
201 196
15 262
113 75
245 66
42 219
41 19
99 147
81 188
145 227
31 160
170 15
83 57
238 205
167 21
91 45
121 61
80 110
31 223
43 14
95 97
14 43
97 156
172 218
249 59
3 263
185 210
204 239
223 160
200 70
224 29
19 226
9 171
35 28
101 4
263 134
101 6
87 52
94 36
68 75
161 30
193 204
65 205
225 151
66 204
4 172
198 115
70 116
39 220
192 204
226 23
260 29
12 171
101 91
137 101
35 95
88 178
39 149
42 219
3 101
171 91
171 8
38 257
158 33
200 198
57 210
216 48
63 120
136 128
0 228
217 173
172 7
198 72
223 32
73 197
97 156
90 172
20 41
174 90
40 21
49 216
223 160
100 139
158 160
131 164
80 62
219 43
206 191
168 220
118 68
114 201
54 86
195 202
34 157
77 193
205 191
93 167
204 193
172 131
116 71
213 181
172 3
169 145
35 156
191 206
99 148
164 221
169 16
35 95
25 165
39 149
2 45
57 250
91 43
152 260
227 18
224 157
73 70
134 19
142 100
167 21
172 1
61 248
27 36
157 97
43 14
223 96
198 200
45 8
109 81
187 249
174 90
130 101
216 176
18 135
200 70
222 162
12 44
98 154
211 106
41 146
263 133
23 166
87 51
54 86
177 126
34 157
22 226
137 44
98 24
7 228
262 137
24 166
213 181
221 166
145 42
99 150
137 171
21 99
225 154
42 143
45 5
139 101
149 166
41 219
41 19
155 163
260 26
130 38
222 35
15 43
6 172
227 142
148 167
171 91
0 101
217 173
7 45
198 72
96 96
227 143
45 7
18 227
60 122
44 91
21 167
204 239
223 160
255 173
95 35
170 13
98 154
148 99
183 251
2 172
101 6
241 74
262 14
75 195
90 102
161 259
171 137
29 162
252 53
94 165
101 9
39 151
52 87
169 145
156 162
137 171
148 226
101 90
228 137
222 36
87 178
211 183
176 215
228 3
170 92
154 97
43 13
158 33
227 139
45 6
26 164
209 186
136 129
187 122
109 208
172 7
15 100
96 159
129 169
186 82
27 163
41 147
171 218
59 82
26 37
96 33
197 200
33 158
74 196
154 225
163 155
228 130
172 129
228 133
101 139
54 85
195 202
165 94
131 161
259 157
87 231
228 133
137 135
181 213
86 54
179 214
77 193
231 87
30 132
34 258
30 161
195 75
132 45
152 38
67 118
176 215
56 250
107 211
154 98
43 13
222 35
170 15
223 33
100 14
40 148
218 171
168 147
163 27
134 172
198 72
159 159
142 100
186 82
217 46
187 249
171 218
101 2
238 78
18 135
73 197
222 162
140 170
9 171
218 43
206 190
172 129
101 5
228 12
95 35
195 202
101 217
161 258
157 132
156 35
169 18
214 179
116 71
213 180
45 130
169 145
87 104
10 44
99 148
26 225
101 9
181 85
87 178
245 68
88 176
19 168
28 35
260 26
19 99
158 33
170 15
96 160
141 100
247 64
90 174
101 128
154 163
97 30
72 71
32 32
72 198
97 157
36 27
61 122
129 136
40 21
142 227
33 223
70 73
162 95
100 18
189 80
155 36
130 101
129 45
22 166
240 75
132 172
68 75
34 157
194 203
152 225
93 168
65 204
52 214
101 8
53 213
214 52
42 17
29 35
259 30
22 99
229 217
136 101
95 163
114 74
228 6
93 41
101 131
219 170
225 154
258 164
29 224
197 73
262 145
26 164
58 210
130 263
101 128
172 90
157 97
256 168
96 159
72 198
21 261
154 36
40 147
91 171
59 82
15 100
32 223
13 100
95 34
74 196
61 207
44 91
101 3
129 45
39 22
100 139
172 5
101 137
225 27
226 148
10 171
93 168
180 252
93 166
86 181
101 136
45 131
252 179
231 88
78 191
44 11
225 153
68 202
172 131
114 74
56 211
41 220
124 56
212 233
171 9
202 195
158 33
100 12
144 135
26 164
185 83
45 128
189 207
109 208
156 97
43 14
159 159
198 199
261 148
144 100
167 20
1 263
186 209
26 37
96 32
128 45
221 225
39 130
208 188
218 44
123 184
176 89
166 149
113 202
5 45
42 16
34 157
12 44
191 79
105 86
18 42
166 220
8 228
53 213
179 214
101 134
162 29
78 192
259 160
165 221
9 228
13 262
138 101
133 228
136 134
168 146
43 219
171 9
75 68
226 219
228 139
84 56
141 100
149 167
130 263
189 207
36 154
172 8
170 141
224 222
71 72
148 134
27 164
187 81
217 173
82 186
175 89
261 19
255 171
160 31
196 201
133 25
20 226
146 168
136 5
184 211
38 152
162 95
143 42
157 161
67 76
79 63
150 99
42 145
45 3
116 70
53 213
138 262
203 66
225 24
259 31
33 259
216 102
228 136
45 4
228 138
133 228
88 177
168 146
155 162
189 207
164 131
31 160
142 170
172 133
88 176
83 58
174 216
1 101
227 18
97 29
140 43
31 223
170 256
158 223
217 47
167 20
136 1
129 101
111 206
210 58
43 15
222 161
257 39
224 28
226 147
101 3
129 45
5 228
177 88
212 55
127 48
97 154
44 139
29 260
29 162
181 252
172 130
54 85
86 53
221 165
126 52
29 34
23 225
149 226
161 157
194 76
172 131
165 151
55 212
93 40
78 191
99 148
260 27
202 195
155 97
69 201
84 56
203 112
83 58
92 43
189 207
27 36
261 23
200 197
223 158
72 72
223 31
16 227
228 1
263 128
2 228
89 48
210 58
140 227
95 34
227 144
152 134
163 155
101 2
129 45
131 101
113 202
55 85
138 228
221 164
139 171
9 171
99 22
18 41
172 130
196 117
115 199
37 221
76 194
88 103
171 10
204 193
98 25
101 8
172 131
101 10
39 150
40 220
101 132
85 106
136 171
68 202
158 33
174 254
95 161
100 13
149 167
216 48
2 101
209 235
156 97
43 13
223 33
170 256
20 261
100 16
60 208
0 172
21 167
174 89
261 20
44 255
225 94
144 100
188 81
108 83
185 250
4 263
193 119
227 13
16 135
42 16
218 227
131 162
63 206
35 29
101 5
93 167
228 134
213 180
262 12
8 101
230 88
11 44
23 99
161 157
169 17
45 4
137 101
244 69
93 40
55 251
169 92
225 153
226 20
28 224
42 143
34 95
76 239
4 101
1 45
147 41
218 172
135 172
40 257
97 95
256 43
20 261
217 47
128 228
136 0
40 21
206 237
32 223
44 256
223 30
43 140
134 24
154 36
168 19
4 263
246 193
165 25
161 95
169 143
100 219
12 44
28 260
22 226
182 251
220 40
7 228
10 101
37 221
51 253
89 103
11 44
226 23
39 93
144 169
131 45
52 87
228 7
167 93
251 182
105 213
44 136
68 202
94 163
143 169
45 5
140 100
193 246
175 216
129 228
218 171
224 156
40 257
159 159
227 141
210 185
174 217
209 187
0 263
228 128
110 206
58 83
14 170
223 160
70 73
97 156
91 172
123 185
131 136
246 192
165 25
183 211
174 127
155 224
171 12
206 190
232 212
18 41
40 93
150 39
165 24
213 53
253 178
225 25
138 171
132 32
152 98
101 8
213 180
87 179
150 166
40 220
78 192
35 156
206 63
99 147
33 31
101 11
34 95
50 88
246 66
136 131
250 185
163 28
28 224
200 197
95 161
141 100
159 223
174 216
148 167
136 0
148 40
100 143
20 134
227 14
159 32
167 257
187 81
209 108
59 122
136 4
167 149
25 37
172 5
174 127
33 158
195 202
133 28
219 42
191 78
177 88
166 150
38 151
262 12
169 144
166 93
44 138
23 99
225 152
194 76
164 221
213 53
23 39
178 215
181 124
213 232
98 25
76 67
164 221
196 74
222 35
38 25
246 66
48 89
58 250
155 163
61 81
257 166
33 31
227 141
147 134
100 16
21 40
172 91
187 208
174 90
21 134
141 43
160 96
197 200
151 134
218 45
101 2
170 219
58 83
13 100
34 222
169 143
163 95
202 68
9 171
92 169
5 228
93 167
69 244
10 101
37 221
126 51
89 102
66 77
259 158
230 215
228 135
37 94
10 228
134 228
45 130
41 18
213 232
98 25
162 131
91 228
10 228
95 162
75 240
40 149
132 263
168 146
91 44
155 97
69 201
98 94
128 171
146 134
79 238
120 190
218 172
187 208
47 217
31 223
43 14
223 160
167 257
135 45
82 235
1 228
130 136
228 131
88 49
211 56
101 138
160 31
68 75
98 153
35 28
168 18
2 172
68 244
11 101
172 4
253 177
229 89
44 138
98 150
93 167
253 52
165 221
9 228
116 197
51 87
181 125
213 232
29 133
203 194
224 154
127 175
132 45
88 177
84 57
175 216
250 185
107 210
171 8
257 166
222 34
170 15
146 134
175 216
82 59
172 0
0 101
144 227
186 209
227 15
159 32
73 197
150 134
154 36
186 249
43 92
185 210
112 204
262 17
46 255
155 224
226 146
62 207
35 28
205 191
136 7
195 117
101 138
163 94
9 101
157 161
204 66
158 132
220 40
52 125
165 221
24 165
197 243
3 45
65 77
92 41
133 156
35 258
164 221
143 169
142 135
139 100
184 84
2 45
206 63
36 155
133 152
43 13
33 31
199 198
159 223
227 142
82 59
128 263
188 121
17 100
7 45
42 256
159 159
73 197
82 60
154 36
41 147
172 128
210 58
112 204
172 6
46 255
35 222
68 75
80 62
170 219
78 64
50 215
56 85
138 228
13 135
195 202
94 38
33 132
259 158
162 156
101 7
131 45
151 38
54 212
135 136
181 125
150 226
29 133
203 194
101 91
195 75
135 15
227 139
57 211
132 263
101 130
99 147
8 44
140 43
222 34
172 255
134 19
164 153
2 101
46 90
188 208
110 207
223 157
199 198
223 159
197 200
224 29
81 236
41 147
217 174
167 148
89 49
33 223
200 70
224 29
37 131
225 27
148 99
79 64
177 88
245 195
74 114
181 213
17 169
229 90
33 132
64 205
231 215
125 179
94 165
24 166
197 243
45 130
125 53
41 220
98 25
194 76
27 225
68 202
95 162
12 227
132 228
2 45
130 228
43 218
188 207
140 43
34 95
43 142
32 96
111 78
228 2
136 128
208 61
144 227
30 224
227 15
159 32
71 73
209 187
227 145
128 101
91 171
120 64
227 14
96 33
139 227
33 158
195 202
260 153
211 106
4 228
172 129
166 150
114 201
45 132
202 68
225 26
160 259
78 64
151 98
193 77
3 172
151 39
54 213
179 214
125 53
23 99
98 24
171 138
225 154
228 137
95 162
38 25
39 149
136 133
168 146
147 226
207 62
196 74
35 95
43 142
6 172
78 238
82 59
45 128
101 0
81 109
7 45
71 199
96 223
256 41
7 172
36 27
249 60
136 2
228 130
141 227
172 6
227 12
29 97
74 195
225 27
28 163
101 4
172 129
118 67
178 87
36 222
136 228
38 221
259 34
137 44
40 93
18 42
135 10
116 71
135 228
10 135
42 18
93 41
44 137
193 76
157 34
127 176
181 85
241 201
183 84
215 49
168 146
219 170
189 207
165 130
33 31
170 15
33 96
100 15
228 2
136 129
20 168
90 46
224 157
169 129
96 32
198 199
59 209
18 227
122 187
171 218
82 186
164 26
6 45
142 43
95 35
43 140
9 171
226 147
228 130
129 45
228 133
12 101
95 36
68 75
221 165
21 226
30 259
156 35
125 180
165 221
243 198
151 166
179 214
53 252
220 167
10 44
226 21
90 229
136 101
14 262
51 87
183 84
263 6
41 19
92 43
171 9
145 227
156 97
12 227
135 18
227 141
64 120
129 263
1 101
81 109
224 157
141 43
223 223
42 129
186 82
90 173
188 81
90 46
40 21
142 227
160 96
140 227
158 160
38 130
189 80
28 163
146 168
2 172
228 132
165 25
262 14
254 176
157 161
138 171
132 30
214 104
193 77
52 214
8 228
166 24
52 87
77 193
214 231
157 259
138 44
90 229
9 228
95 163
51 87
118 195
133 263
191 206
155 163
27 225
164 131
156 97
100 12
172 133
14 227
210 185
174 217
61 81
46 217
7 45
256 168
223 159
14 43
45 7
100 17
147 168
218 44
148 40
205 238
45 133
170 142
162 95
227 145
27 97
28 163
184 250
2 172
245 194
215 178
135 141
68 75
37 221
194 203
206 191
23 226
192 77
45 3
197 116
9 101
11 135
193 204
104 214
151 98
160 132
153 98
9 228
54 213
152 38
39 150
136 134
251 183
211 233
136 171
99 146
93 226
46 128
262 145
77 239
64 120
90 174
101 128
208 236
224 157
71 200
32 96
227 142
82 59
154 36
0 101
172 0
247 190
216 175
133 172
255 172
31 33
196 201
152 133
163 155
130 101
169 219
67 245
165 25
172 5
195 202
164 94
148 99
225 25
232 214
125 180
130 45
166 150
71 116
131 172
204 66
24 98
158 259
22 99
102 90
17 42
4 172
114 74
101 133
134 263
41 19
92 43
189 207
19 99
156 97
197 73
6 172
89 176
58 210
136 130
189 207
236 81
60 82
70 200
31 223
14 43
223 31
164 154
188 81
90 46
209 59
205 238
172 6
140 227
221 225
74 196
44 8
20 226
190 79
136 5
67 245
113 202
15 135
16 169
34 157
139 171
152 225
156 35
228 133
166 220
116 70
9 101
87 179
179 125
88 104
98 24
66 204
165 221
202 194
54 213
179 214
166 23
2 45
19 168
28 35
153 98
12 171
35 95
142 170
17 262
88 176
119 192
136 130
189 207
18 100
156 97
41 257
32 32
142 100
134 45
46 90
121 188
91 172
63 247
48 216
96 32
43 15
31 33
69 74
8 171
234 210
57 123
49 216
22 166
165 25
162 95
101 137
37 221
20 226
225 25
86 232
101 6
178 87
181 212
151 165
131 172
228 7
24 98
225 150
99 149
98 25
17 42
4 172
73 241
150 166
50 88
4 101
169 92
207 62
44 12
28 224
170 15
133 45
239 204
65 119
130 263
122 59
209 235
45 135
73 70
31 223
14 227
134 45
237 207
147 167
0 172
21 167
205 238
159 96
71 72
97 157
130 166
152 133
28 163
185 250
219 42
211 57
215 177
85 182
69 74
97 154
35 131
206 190
22 226
5 228
135 9
70 244
24 38
213 53
169 144
34 156
137 171
99 149
166 221
126 177
94 164
151 38
85 55
263 7
191 205
85 106
63 80
36 258
36 95
138 101
95 161
76 239
167 22
47 89
122 59
36 154
187 208
16 100
32 159
72 72
83 58
110 80
228 1
0 45
248 190
143 227
210 58
198 199
160 31
166 257
155 224
155 36
228 129
169 219
211 57
165 25
172 5
175 127
157 161
76 194
133 28
162 156
228 132
130 45
55 85
137 228
94 37
17 169
93 39
65 78
11 171
152 98
101 8
53 213
214 52
117 196
40 220
251 182
149 226
206 63
226 19
227 219
127 174
17 262
88 176
65 119
4 136
2 101
218 172
45 135
144 227
96 31
71 199
185 83
206 110
187 81
172 218
1 228
79 111
172 7
43 15
158 160
43 140
24 261
146 99
185 250
169 219
101 4
152 165
55 85
228 11
33 157
194 203
136 44
22 226
65 205
172 130
150 39
180 86
139 262
17 169
156 161
99 23
226 23
216 103
253 51
37 94
214 52
196 244
177 215
41 18
149 226
44 136
68 202
224 155
42 143
183 84
203 112
246 65
131 263
129 228
146 226
187 208
43 13
96 160
72 71
147 134
217 47
40 148
218 45
62 248
89 47
185 210
14 100
222 161
130 166
188 81
19 226
189 80
263 131
66 246
100 140
222 161
69 74
31 33
147 99
98 153
92 169
101 5
93 167
244 196
38 151
45 131
8 101
25 98
259 32
259 159
39 93
144 169
262 139
10 228
23 39
40 220
124 55
92 42
98 26
68 202
163 221
16 42
95 161
88 177
193 246
136 131
168 146
108 209
156 97
140 43
97 95
43 141
210 185
79 237
121 189
0 136
148 40
206 237
31 223
141 43
222 224
40 130
261 151
209 108
19 41
89 48
65 246
140 227
45 132
228 11
224 28
147 99
136 44
105 85
78 65
8 263
39 23
101 137
135 139
8 101
220 166
138 171
204 192
166 220
76 67
45 4
165 151
55 212
3 45
55 251
219 169
63 79
163 131
219 100
228 138
161 222
177 215
22 40
89 175
207 62
218 171
172 8
43 13
31 160
198 72
7 172
164 153
189 248
0 263
167 148
26 37
45 134
14 170
31 96
17 227
134 24
27 163
62 207
175 89
228 131
13 100
143 262
74 196
160 31
36 131
225 26
149 99
55 124
45 3
182 212
179 87
135 139
144 42
89 103
259 32
44 11
98 25
144 169
139 135
228 137
166 23
135 263
54 251
86 105
155 260
203 194
33 30
169 16
85 55
13 227
184 83
42 219
41 19
83 108
24 134
196 74
95 161
43 142
20 261
174 216
167 21
172 91
81 187
47 217
158 96
198 199
95 97
170 13
45 8
235 209
80 62
89 48
101 4
164 25
95 34
138 228
227 92
19 226
27 260
155 35
168 18
215 177
7 228
10 101
221 164
17 169
229 89
204 66
10 171
156 34
179 253
12 262
165 151
212 182
45 130
78 192
99 149
152 98
76 67
34 30
10 228
132 45
50 88
57 211
136 132
63 79
163 28
25 134
227 17
95 161
100 13
172 133
111 79
247 63
1 136
147 40
27 37
158 96
256 170
95 97
143 100
224 29
209 108
59 122
47 216
149 40
37 152
84 183
170 143
31 33
131 163
44 9
99 21
78 64
45 2
23 166
228 11
140 262
203 67
166 94
33 132
44 10
230 215
7 228
165 221
180 213
135 228
93 39
252 181
86 105
190 206
12 171
218 101
143 169
262 142
38 25
166 22
42 219
228 3
226 20
8 44
100 144
33 31
72 71
210 185
238 205
129 228
0 45
61 248
37 154
148 261
256 170
223 160
197 200
45 8
163 154
122 186
216 174
167 149
112 204
95 34
101 139
100 219
12 44
260 154
85 233
56 124
7 263
166 150
24 38
94 36
9 101
30 34
11 44
225 23
215 103
252 52
165 221
101 9
23 39
39 220
169 145
168 92
152 98
139 44
218 101
228 137
132 45
50 88
132 228
89 176
123 57
210 234
188 208
43 13
225 221
255 44
210 184
89 175
101 129
0 172
167 147
90 46
158 96
100 142
32 159
197 200
209 187
109 82
122 186
47 217
185 210
26 37
144 262
173 128
31 33
99 19
9 171
43 92
19 41
50 215
133 101
101 138
172 4
68 75
217 229
204 66
10 171
98 24
125 179
221 38
213 53
85 54
220 166
54 252
99 150
191 206
44 12
157 34
143 169
172 132
202 113
39 149
129 172
79 190
155 163
61 81
18 100
97 30
73 71
133 45
111 78
190 247
171 91
0 101
90 46
134 172
71 199
159 159
256 41
23 261
227 145
147 168
43 91
191 120
153 164
135 144
43 15
162 95
12 44
154 133
99 21
19 41
172 129
56 84
25 38
213 54
202 68
30 34
99 22
44 10
151 98
125 179
135 11
243 198
23 39
166 93
133 228
41 220
171 10
76 67
228 218
16 42
182 85
240 202
211 184
129 172
130 228
99 147
8 44
140 43
160 158
227 140
134 19
26 164
101 129
1 136
61 81
109 207
186 209
14 170
96 223
141 170
187 82
217 45
147 168
45 1
3 228
176 89
84 184
197 200
33 158
139 171
27 98
219 43
146 168
93 168
133 101
25 38
163 95
253 177
38 221
77 193
64 205
24 225
101 7
130 45
151 39
70 116
135 137
6 101
168 93
133 157
34 258
221 37
228 137
262 141
51 87
166 22
133 263
168 146
20 99
26 133
170 140
156 97
197 73
18 262
100 15
209 186
129 263
101 0
217 173
209 59
43 14
96 223
43 141
30 97
145 100
41 147
1 172
191 120
239 77
145 262
46 255
222 162
139 170
154 225
155 36
168 19
215 176
228 133
38 152
85 181
228 9
157 161
66 76
191 78
220 40
252 53
221 38
9 228
86 54
172 3
125 53
93 41
30 132
76 66
26 225
68 202
85 54
241 201
118 194
172 2
57 250
107 211
154 97
140 43
160 158
43 142
172 133
26 164
82 59
2 136
0 228
36 154
22 134
71 199
32 96
14 43
22 261
154 36
81 61
217 174
101 3
164 26
145 262
100 139
220 226
38 130
260 153
226 147
184 250
88 49
39 22
74 114
135 141
195 202
94 38
11 44
191 78
231 214
6 228
214 179
228 136
181 86
87 179
125 53
98 150
132 157
131 34
221 38
176 254
212 181
228 139
149 166
136 133
41 19
36 155
136 171
18 100
95 162
142 170
33 96
153 37
210 186
128 172
1 101
217 173
30 224
168 129
159 96
129 169
261 149
154 36
0 228
129 136
2 228
216 175
18 135
172 128
99 220
18 227
171 136
84 234
79 63
129 45
228 132
152 165
95 36
137 228
101 217
21 226
10 171
162 156
77 66
221 39
166 151
151 166
10 135
66 77
225 24
137 171
203 193
26 225
253 49
85 54
74 241
133 228
136 133
228 4
36 155
26 133
146 226
31 160
128 173
172 133
204 112
40 148
128 172
187 122
36 154
82 187
198 72
96 223
199 71
7 172
144 100
41 147
172 128
120 63
111 205
18 135
70 73
220 226
170 13
97 154
234 211
19 41
89 49
149 39
12 100
55 85
16 169
164 94
203 67
151 225
220 41
18 42
262 137
150 39
151 166
221 165
144 42
225 24
151 98
33 259
217 102
17 42
262 141
11 228
68 118
177 215
4 101
233 84
207 62
202 195
35 95
70 200
211 184
37 26
64 120
130 263
1 101
109 208
135 172
71 200
32 159
142 100
7 172
36 27
101 0
171 218
40 21
89 48
57 83
73 197
161 95
201 69
171 135
28 163
41 146
45 2
149 39
75 113
55 85
137 228
34 157
138 171
156 133
29 162
101 6
178 87
8 228
136 228
221 165
7 101
40 220
24 225
44 11
98 26
17 42
222 36
114 74
166 23
134 263
168 146
212 233
27 225
37 258
160 158
100 12
144 135
176 216
185 83
47 90
61 80
172 90
45 135
256 168
223 33
198 199
134 21
207 110
40 147
217 173
209 59
89 48
159 96
198 200
33 158
170 13
8 171
155 36
63 206
136 5
84 184
227 12
45 132
48 254
27 98
67 76
25 98
105 86
192 77
130 45
135 101
213 180
45 131
228 7
24 98
192 205
204 193
216 102
202 194
262 140
138 101
85 56
263 7
19 168
92 43
153 98
99 146
219 99
43 142
144 135
100 14
40 149
43 218
62 80
27 36
134 150
100 143
222 97
129 169
59 209
110 80
101 0
172 218
148 40
48 216
6 45
44 255
161 95
43 140
8 171
163 155
184 250
219 42
5 228
12 100
142 262
143 42
94 37
162 258
171 137
29 162
54 125
166 220
85 181
199 242
221 165
144 42
98 151
65 78
259 160
89 229
75 67
13 262
179 214
6 101
220 167
228 4
42 219
207 62
44 12
36 95
170 15
34 95
176 215
246 65
3 136
207 62
154 163
60 81
170 140
222 97
100 15
82 59
100 17
20 40
46 217
59 82
205 238
159 96
199 71
225 94
257 39
81 61
99 20
79 63
219 42
119 66
75 113
5 45
16 169
154 224
99 20
190 79
105 86
169 18
87 51
135 101
115 199
11 135
134 228
34 156
259 31
193 77
89 229
253 50
54 213
138 101
212 182
88 177
191 205
226 21
153 98
99 146
92 227
143 170
34 95
88 176
185 83
3 136
20 168
91 45
156 97
43 13
223 33
227 141
59 210
80 237
101 128
91 172
82 186
227 16
32 223
15 170
160 31
39 130
152 134
210 108
19 41
132 136
101 4
140 227
35 222
42 16
30 34
44 139
10 171
99 22
78 65
3 172
101 7
53 213
94 37
144 42
230 88
137 171
99 149
103 89
8 228
37 94
200 115
196 244
130 172
228 5
85 106
153 98
12 171
33 31
42 143
222 34
88 176
40 149
128 172
122 59
36 154
187 208
144 227
33 96
170 14
134 45
164 153
60 208
136 0
60 82
143 227
210 58
100 141
157 224
166 257
134 24
235 210
62 207
219 42
119 66
203 240
34 222
74 196
227 91
35 131
260 155
42 92
145 168
8 263
7 228
213 180
131 172
169 144
25 98
159 259
23 99
103 89
51 126
45 4
137 101
69 117
88 177
55 251
106 212
28 133
131 36
36 95
69 201
135 16
239 203
192 246
136 131
189 207
218 172
261 24
167 130
159 32
198 72
20 261
79 237
60 209
172 218
60 82
237 79
185 210
14 100
94 98
140 170
224 28
210 108
62 207
263 131
149 40
227 13
16 135
228 11
160 31
194 202
171 136
35 29
132 101
135 136
7 228
72 115
164 94
67 76
225 25
226 150
226 23
220 39
101 8
139 135
151 38
196 244
88 177
65 78
99 149
190 206
20 99
155 97
169 16
132 45
25 165
83 57
216 48
228 2
44 218
97 29
70 200
158 96
14 43
83 58
227 143
228 1
91 45
101 1
206 237
31 223
43 256
158 223
144 100
151 134
108 82
146 168
4 263
4 228
13 100
56 84
196 201
219 227
75 195
133 28
105 85
228 132
88 50
101 7
137 228
45 131
17 169
103 216
44 138
132 32
30 161
101 8
213 180
24 165
134 228
45 130
5 101
226 22
190 206
163 131
224 155
69 201
222 34
88 177
22 40
169 92
129 228
218 171
188 208
73 70
94 225
129 171
159 223
79 237
1 101
172 91
62 248
143 227
96 31
198 199
223 31
170 13
45 8
209 108
168 20
89 48
4 228
203 239
172 5
169 143
33 158
163 258
260 155
99 22
228 132
172 130
134 101
115 200
53 86
51 253
30 34
149 99
171 138
34 29
8 228
37 94
38 24
212 182
88 178
228 5
226 22
225 152
258 162
154 97
48 127
45 5
177 215
184 83
4 136
62 80
99 146
224 155
69 201
157 97
255 44
185 83
89 174
121 189
0 172
121 62
47 217
261 20
72 198
95 97
257 40
60 208
235 209
41 147
89 48
58 83
203 239
135 144
101 138
224 28
258 36
133 27
99 22
41 145
135 136
69 244
151 165
37 221
67 76
225 25
226 149
171 137
156 34
67 203
53 213
199 115
101 134
214 51
251 181
232 86
25 225
76 67
154 97
101 10
135 15
152 38
211 184
92 42
101 129
99 146
155 97
144 227
222 34
171 255
133 45
89 175
2 101
173 217
167 147
143 227
7 45
141 43
96 158
16 227
60 208
218 45
147 168
47 216
192 119
112 203
262 17
43 16
227 92
131 163
207 190
92 169
168 18
88 50
166 150
38 151
45 131
101 135
152 225
171 11
171 137
167 220
134 101
135 11
9 228
39 150
45 130
181 125
156 162
63 79
35 258
164 221
48 127
182 85
50 88
246 66
42 219
41 19
28 36
25 133
74 69
94 225
128 171
83 58
216 48
59 209
172 91
20 167
80 110
148 261
170 129
223 31
13 43
135 45
45 91
168 20
47 216
246 192
37 153
45 133
101 139
155 224
226 146
80 62
35 28
4 228
167 220
85 182
228 11
131 172
75 194
165 94
138 171
158 132
103 88
252 52
221 38
24 165
70 116
3 45
169 145
226 23
79 191
226 21
98 27
137 101
5 172
75 240
5 101
89 176
3 101
83 107
155 97
100 145
95 161
71 199
96 159
238 205
247 63
45 218
40 20
144 227
45 134
142 227
224 95
227 143
156 224
18 227
128 101
136 3
22 167
112 204
135 144
139 228
92 99
258 37
260 154
219 43
183 251
50 215
68 244
114 200
36 221
144 42
38 221
171 11
78 65
93 167
101 7
52 214
180 213
54 212
45 130
228 6
156 162
98 25
67 203
228 218
143 169
132 45
227 139
228 5
136 132
79 190
36 155
208 61
227 18
222 34
255 45
134 19
48 89
167 21
136 128
188 121
227 17
7 45
71 199
32 159
14 43
135 45
90 172
228 128
172 128
210 58
216 176
262 17
43 15
220 226
226 146
154 133
155 35
56 124
50 215
118 68
165 25
140 262
68 75
153 225
226 149
205 191
93 167
52 125
87 52
228 136
213 181
87 178
169 145
168 93
98 25
148 226
91 228
169 16
182 85
202 113
166 22
219 169
184 123
155 163
152 260
196 74
34 95
70 200
210 184
227 142
120 190
128 263
0 228
109 207
149 261
72 71
96 96
14 43
157 224
100 18
41 147
172 128
64 247
26 37
184 211
100 139
29 97
99 19
9 171
35 28
101 4
6 263
183 211
178 87
14 135
75 195
229 90
160 259
259 157
220 40
204 193
135 10
71 243
39 150
214 52
228 6
87 104
30 133
161 131
221 37
10 228
162 222
228 139
149 166
133 263
41 19
36 155
136 171
170 140
29 224
255 45
223 33
175 216
59 209
136 129
208 61
208 236
22 134
43 14
96 32
143 100
261 149
163 154
228 128
47 217
83 185
164 26
133 172
70 73
160 31
12 43
26 260
99 21
146 168
176 88
195 118
152 165
54 85
253 176
30 34
259 34
205 191
24 225
7 228
137 135
9 228
39 151
52 87
66 77
41 220
137 171
21 99
90 228
228 137
14 262
165 152
84 56
2 45
250 184
20 99
97 27
43 13
226 220
128 172
160 223
227 142
167 21
90 174
0 101
217 173
172 7
42 256
159 32
15 227
224 30
18 227
122 187
47 217
130 101
49 216
84 184
128 45
226 93
196 201
27 98
211 107
3 228
263 133
133 101
87 51
85 181
68 75
34 157
44 138
24 98
156 35
193 77
10 262
228 136
198 243
135 137
180 125
93 40
78 191
34 258
102 90
195 75
222 36
241 201
67 118
45 129
146 41
36 155
133 153
257 165
226 220
197 73
184 84
26 164
120 191
129 263
122 60
173 90
134 172
227 15
32 32
129 169
22 261
217 46
249 60
174 90
21 167
111 205
184 211
197 200
226 93
38 130
9 171
163 155
123 184
49 215
67 245
201 241
45 132
143 42
225 26
66 76
10 171
29 162
133 101
172 130
243 198
166 24
10 135
42 18
156 162
132 157
76 66
157 34
9 228
135 14
74 241
101 133
45 129
191 206
148 226
171 9
146 226
99 93
170 15
223 33
164 153
120 191
172 1
122 60
227 18
45 134
100 143
223 32
142 100
134 45
109 81
20 41
91 171
21 167
111 205
33 223
128 45
226 93
227 145
62 207
36 28
79 63
92 168
149 39
227 12
212 55
127 49
90 101
148 99
24 98
168 220
125 180
3 172
101 8
228 9
45 130
52 252
98 151
44 137
149 226
38 94
101 9
132 45
114 74
39 150
168 93
131 228
170 92
44 136
19 99
222 35
46 128
96 160
14 227
120 191
45 128
128 228
109 208
97 30
100 143
96 223
42 129
134 22
80 236
167 20
171 218
167 148
89 48
159 96
172 128
98 221
130 165
80 61
226 147
123 184
216 176
22 166
227 12
262 15
127 49
94 37
21 226
137 44
105 87
77 65
262 136
213 54
180 86
165 94
169 144
88 104
31 132
160 132
153 98
17 42
54 213
87 179
56 211
41 220
228 4
35 155
27 133
226 19
29 224
173 255
84 56
141 100
191 247
130 263
128 228
109 208
60 82
168 129
96 31
42 129
30 96
100 17
61 121
0 172
190 120
48 216
6 45
140 227
222 161
227 145
44 8
171 218
146 168
216 176
118 67
88 51
262 15
16 169
37 221
194 203
133 29
105 86
192 77
93 166
212 54
151 165
165 94
193 204
156 162
10 44
132 33
229 216
68 202
36 94
24 165
183 85
134 263
19 168
226 21
98 26
131 37
162 222
139 101
144 135
26 164
167 22
3 136
189 207
145 227
135 172
70 200
159 159
199 71
21 261
100 17
40 147
90 46
190 120
153 164
223 159
199 71
97 157
130 166
171 135
91 171
146 168
219 42
184 211
113 202
132 172
201 69
94 37
194 203
79 63
86 232
101 6
3 172
150 39
53 213
87 180
169 144
103 215
158 259
226 22
25 225
101 9
181 86
11 228
244 68
263 7
41 19
28 35
27 133
195 75
160 158
228 139
135 17
49 88
40 149
89 174
168 147
218 172
60 81
100 143
96 160
256 43
158 223
164 154
188 248
173 90
129 101
78 111
159 96
128 44
30 97
166 257
155 224
163 155
79 63
172 129
167 149
240 75
45 132
127 48
154 224
44 139
206 190
99 22
181 252
3 172
244 197
24 38
38 221
179 126
40 220
205 65
22 99
102 89
76 67
94 164
11 228
212 182
2 45
191 205
219 169
171 9
195 75
100 92
101 11
45 6
14 227
210 185
263 3
228 1
45 218
150 261
13 170
159 32
72 72
7 172
154 37
228 1
217 173
82 186
164 26
6 45
198 199
225 94
166 257
8 172
36 28
146 168
45 2
119 66
165 25
132 172
10 101
224 27
226 147
29 260
232 213
78 65
45 3
7 228
38 151
53 86
52 253
103 215
99 23
132 32
225 152
135 101
37 94
165 151
182 85
177 215
182 124
35 155
190 206
44 12
163 222
127 174
183 84
176 215
58 210
43 219
189 207
218 172
60 81
13 170
95 224
100 14
147 134
16 227
62 121
0 172
121 62
227 16
96 32
43 15
221 225
170 13
261 151
218 44
2 228
172 128
119 66
227 13
161 95
143 42
221 163
139 171
25 98
162 156
228 132
220 40
244 196
180 86
53 86
76 194
93 39
259 32
204 192
225 152
253 51
37 94
101 10
134 228
172 3
101 132
22 99
153 98
131 36
163 222
127 174
143 135
112 76
119 192
48 89
147 41
154 163
134 151
73 70
96 31
256 43
223 31
143 100
248 62
263 0
187 209
110 206
185 210
129 44
158 160
200 70
134 24
99 19
123 185
131 136
184 210
100 140
16 135
196 201
100 219
131 163
155 133
22 226
251 55
40 93
85 182
228 10
221 164
126 51
230 89
23 226
226 23
103 89
51 126
164 221
52 87
85 55
93 40
124 55
226 22
190 206
131 36
100 92
16 42
132 45
215 50
83 57
263 4
41 19
154 163
8 45
144 227
96 160
71 199
147 134
217 47
40 148
0 45
121 62
227 16
96 31
227 14
159 32
17 227
261 151
154 36
250 58
175 89
210 57
240 76
5 45
228 11
219 227
147 99
79 63
42 92
65 205
177 88
166 150
179 87
180 213
126 51
216 230
259 32
138 44
89 230
253 51
45 4
24 165
55 212
220 167
18 168
232 86
9 44
202 194
28 224
101 11
45 5
152 38
210 184
131 263
207 62
91 44
224 155
257 166
157 97
171 256
261 147
47 89
121 189
45 90
60 81
227 16
172 7
256 170
96 158
140 170
151 134
163 154
168 20
175 89
40 22
140 227
45 132
174 127
163 95
171 12
153 225
85 233
124 182
3 172
212 55
115 200
94 37
101 135
152 225
226 150
204 192
215 103
126 178
180 86
53 86
182 85
45 130
168 145
22 99
136 171
203 194
160 157
127 175
95 161
203 113
40 149
89 175
189 207
235 83
45 135
144 227
225 221
142 170
20 261
227 143
167 21
90 173
81 187
206 237
45 134
100 141
32 159
13 43
81 60
146 99
147 168
170 219
228 131
76 112
17 135
101 138
92 100
19 226
133 27
42 92
191 78
220 40
85 182
137 228
37 221
203 67
34 157
193 204
259 158
93 166
169 17
221 37
165 151
228 7
51 87
228 5
99 149
171 10
35 258
157 34
42 143
45 5
88 177
184 84
42 219
129 228
146 226
134 152
69 201
221 98
44 128
96 159
16 227
129 228
172 0
187 208
90 47
96 31
199 72
33 223
70 73
208 187
226 145
249 59
43 92
185 210
25 37
84 183
128 47
222 163
202 68
133 27
85 233
191 78
167 220
150 39
24 38
94 37
169 144
39 221
259 33
205 192
34 29
126 179
45 4
199 115
70 117
166 93
192 205
35 156
152 98
44 12
97 27
175 254
262 142
50 88
101 132
175 216
58 250
107 210
188 208
196 74
225 221
198 72
223 32
48 89
209 186
46 90
208 60
100 144
261 21
14 170
96 158
13 43
150 134
91 172
41 147
174 89
83 185
26 37
183 211
46 255
100 219
131 164
154 133
169 219
124 183
129 45
39 23
114 200
163 94
9 101
165 94
160 259
192 78
167 220
101 7
180 87
242 199
8 101
214 51
42 18
99 150
190 206
139 44
34 30
254 48
85 55
25 165
57 211
129 172
19 168
218 171
188 208
69 201
157 97
13 227
261 146
227 142
59 209
173 217
0 101
173 90
134 172
129 42
223 160
141 170
29 97
227 145
189 80
263 130
228 130
77 112
135 144
101 139
162 95
202 68
26 98
35 28
56 124
215 177
212 56
101 138
54 86
17 169
161 30
193 204
259 158
156 35
204 193
172 131
71 242
23 39
51 87
252 181
35 156
206 64
21 99
30 161
195 75
55 212
240 202
67 118
49 89
79 190
163 28
152 260
130 38
94 225
13 227
146 134
238 205
2 101
218 171
101 0
110 207
158 96
100 142
158 223
43 141
172 135
236 208
1 228
43 91
3 228
100 141
33 223
200 70
226 93
195 202
9 171
85 233
4 228
263 134
84 183
201 241
135 140
68 75
161 30
138 171
225 24
40 93
252 52
214 179
213 53
54 213
166 93
180 125
23 99
133 156
76 67
164 221
202 195
135 15
215 51
132 228
2 45
206 63
107 211
224 155
170 140
98 94
140 100
19 261
78 238
63 120
0 45
248 188
27 36
186 209
100 142
96 96
100 16
224 30
81 236
1 228
217 174
185 210
141 227
96 33
46 255
99 220
146 99
225 27
106 84
124 183
93 168
166 150
178 87
132 172
75 195
153 225
44 138
98 151
40 93
228 134
221 38
198 116
213 181
87 179
192 204
93 41
64 79
131 34
37 94
49 127
182 85
51 87
183 84
2 45
184 123
211 234
9 44
145 227
99 93
142 170
133 45
175 216
120 190
44 218
188 208
109 208
7 45
256 169
159 32
198 199
187 82
163 154
41 147
2 263
58 83
153 164
262 18
128 46
35 222
75 195
80 62
43 92
41 146
88 49
101 6
152 165
54 85
136 228
229 90
132 161
205 191
225 151
77 66
52 214
213 54
54 213
94 39
193 204
93 41
137 171
138 44
94 164
49 127
95 163
165 152
194 245
6 136
123 57
163 28
171 9
257 165
224 156
227 140
45 6
26 164
247 64
171 91
81 188
36 154
134 149
14 170
96 159
71 72
7 172
154 36
188 81
91 171
228 130
239 77
84 184
73 197
95 35
43 140
260 153
99 20
228 130
88 49
67 245
152 165
163 95
68 75
225 26
99 21
137 44
98 23
125 180
179 87
39 24
243 71
130 172
180 125
40 220
64 78
193 76
98 26
101 9
14 262
228 139
84 56
136 133
57 250
92 43
136 171
43 13
226 220
45 128
172 133
14 227
167 21
218 171
81 188
81 109
7 45
198 72
159 223
43 141
134 45
27 163
61 208
136 2
209 59
164 26
145 262
142 43
158 160
145 100
224 27
107 84
184 250
263 133
211 56
12 101
212 54
176 127
153 225
258 34
205 191
156 35
133 101
39 94
86 181
228 9
179 214
228 7
35 156
191 205
34 259
102 90
169 16
14 262
214 51
68 118
263 6
228 4
99 148
154 98
12 170
162 222
70 200
33 96
100 14
21 40
91 44
60 249
36 154
157 97
129 41
159 223
199 71
157 224
163 154
208 188
1 172
148 40
111 205
160 96
70 73
158 160
18 227
260 153
107 84
184 250
172 129
245 194
51 214
35 222
49 254
157 161
161 258
171 137
231 214
66 204
220 39
135 101
116 198
52 87
42 17
220 167
259 30
193 77
102 90
136 101
45 5
241 201
39 150
93 41
146 41
35 155
27 225
131 37
156 97
100 12
262 145
112 77
64 120
3 136
128 228
208 236
45 135
43 14
223 32
256 42
7 172
17 227
20 40
1 263
63 247
26 37
133 172
73 197
160 31
100 18
188 80
226 147
101 3
92 169
57 84
113 202
212 55
10 101
164 94
11 44
79 64
220 41
169 18
9 262
228 135
39 151
165 94
125 52
104 215
171 10
149 226
90 229
17 42
213 181
87 179
101 133
134 263
168 146
162 28
225 154
75 68
224 156
200 197
96 160
37 26
185 83
90 174
1 101
145 227
23 134
14 170
32 159
15 227
59 209
17 227
0 228
217 173
167 148
111 205
172 6
198 200
33 158
74 196
97 155
83 234
184 250
45 2
101 5
25 38
162 95
127 48
218 228
35 131
137 44
168 220
145 169
214 178
150 39
151 165
262 11
77 193
88 104
192 205
44 11
90 229
136 101
135 13
138 101
195 244
41 220
124 56
85 106
27 133
68 202
156 97
73 70
45 6
216 49
149 167
172 1
249 186
36 154
29 224
73 70
97 95
15 227
223 31
164 154
208 187
217 173
167 148
227 15
184 210
44 255
222 161
145 100
260 152
83 234
41 146
176 89
101 5
100 139
15 135
10 101
154 225
131 162
171 137
86 232
145 169
135 9
135 101
53 213
214 52
52 252
167 93
192 205
160 132
34 30
50 126
221 36
38 24
212 183
263 7
183 124
162 28
154 260
139 44
155 97
73 70
144 135
88 176
228 3
43 219
228 1
45 218
81 187
40 257
33 96
141 170
186 82
174 217
188 248
45 0
82 186
216 175
83 185
13 100
98 221
144 100
135 44
226 147
79 63
89 48
84 184
227 12
262 15
143 42
27 97
194 203
206 190
219 41
252 54
178 87
212 54
242 72
38 221
101 134
220 167
150 98
193 77
166 221
126 177
94 164
101 11
244 68
167 93
182 124
21 99
80 190
195 75
155 97
201 196
133 45
152 37
40 149
128 172
186 122
45 218
45 135
197 73
160 223
227 141
261 148
174 217
101 128
0 172
101 2
206 238
32 223
128 44
160 31
144 100
81 61
83 235
19 41
129 45
184 211
165 25
15 135
16 169
154 224
35 131
98 152
35 29
205 192
130 45
228 134
137 228
12 135
67 76
220 166
171 10
204 193
34 30
203 194
262 140
24 165
7 101
220 167
182 124
99 149
154 260
131 36
224 155
101 11
34 95
76 239
185 83
172 1
59 249
82 108
45 135
167 130
223 158
227 141
134 20
164 154
101 128
90 46
82 187
16 100
83 185
44 255
221 225
74 196
81 61
91 171
168 19
172 128
193 119
140 227
143 262
201 69
224 27
12 44
206 190
22 226
228 132
135 136
85 182
115 199
86 180
126 51
161 29
259 32
99 149
98 25
17 42
164 221
228 137
150 166
135 263
55 251
22 99
206 63
75 68
31 160
47 127
16 262
13 227
192 246
4 136
168 147
45 218
134 151
140 43
223 33
198 72
172 134
100 16
248 62
90 45
40 21
237 79
185 210
15 170
30 97
100 17
24 261
99 19
62 207
1 172
167 149
203 240
56 85
16 169
36 221
194 202
260 155
42 92
55 124
172 130
212 55
10 101
131 172
101 135
103 216
159 259
32 259
152 98
194 76
131 45
87 179
212 182
220 167
124 55
162 28
79 190
258 163
97 28
127 174
161 222
38 25
57 210
89 175
41 19
226 19
29 224
257 167
96 31
198 72
210 185
79 237
121 189
218 45
187 209
100 143
147 261
72 198
158 223
200 70
188 81
209 108
101 2
216 175
57 83
100 140
262 16
42 16
100 219
147 99
136 44
22 226
192 78
40 93
228 134
115 200
131 172
126 51
34 157
99 23
159 132
39 93
42 144
45 4
10 228
23 39
45 130
168 145
219 169
171 9
36 258
28 224
138 101
143 135
100 13
167 22
42 219
207 62
218 171
8 45
13 170
221 98
170 15
172 134
16 227
82 60
172 217
128 101
217 174
58 83
43 256
33 223
70 73
224 29
146 99
59 122
1 172
192 119
76 112
95 34
42 16
158 160
131 163
260 155
155 35
5 228
177 88
117 69
24 38
135 139
169 144
93 39
171 11
132 32
88 230
178 253
172 131
24 165
7 101
45 130
168 145
219 169
98 25
226 20
224 154
175 254
222 34
113 76
131 228
169 92
228 2
83 108
155 97
17 100
221 98
227 141
223 32
111 79
148 167
218 172
1 228
37 153
31 223
170 129
159 32
43 140
24 261
163 154
207 189
216 175
119 65
152 164
135 144
74 196
95 36
146 99
190 79
155 35
55 124
136 8
182 212
214 179
37 221
51 253
94 39
226 149
137 44
103 88
67 203
172 131
228 137
39 150
3 45
168 145
149 226
155 260
171 139
154 97
69 201
262 143
88 177
228 4
92 42
228 2
210 235
188 208
140 43
160 158
44 128
261 146
227 143
2 101
217 46
128 101
227 16
45 134
72 199
31 96
257 40
45 8
45 91
168 20
47 216
65 246
152 164
144 262
169 143
155 224
36 131
190 80
148 99
131 101
134 136
166 150
165 24
135 140
253 177
89 102
22 226
150 225
29 161
203 193
213 180
38 24
101 135
130 172
252 181
226 22
156 260
139 44
218 101
101 10
172 132
50 88
84 57
172 2
101 130
163 28
171 8
13 170
224 157
142 170
96 159
142 100
101 129
136 128
187 208
174 90
261 21
256 170
96 33
43 140
23 261
100 18
122 186
174 89
167 149
204 239
45 133
139 228
224 28
139 171
189 80
85 233
56 124
40 93
182 212
200 241
13 135
50 253
221 165
132 160
132 31
29 161
66 203
135 11
199 115
54 212
178 214
54 252
41 219
10 44
171 139
161 157
196 74
95 162
88 177
84 57
49 89
228 3
20 99
155 97
18 100
158 33
15 43
223 32
238 205
186 82
136 128
228 0
17 100
186 209
169 129
97 222
143 100
97 156
82 236
62 207
90 47
130 101
49 215
56 84
197 200
158 160
99 19
136 44
35 28
131 101
215 177
23 166
24 38
36 221
144 42
225 26
149 99
98 151
40 93
169 17
165 221
53 86
101 135
178 214
6 101
162 29
137 171
21 99
225 154
48 127
135 15
38 25
132 228
169 92
190 206
83 107
135 171
257 165
160 158
227 140
210 184
100 15
186 82
1 136
61 248
100 144
158 96
170 141
223 160
41 129
172 135
145 100
60 122
128 45
148 40
26 37
211 56
70 73
95 35
202 68
154 225
233 212
4 228
168 220
183 211
152 165
95 36
9 101
38 221
132 160
24 98
220 40
77 66
87 52
71 243
166 23
166 93
6 101
226 23
10 44
11 171
218 101
137 101
132 45
227 139
5 101
45 129
79 190
147 226
61 80
130 38
225 221
45 128
261 146
89 175
190 247
136 128
228 0
163 27
45 134
72 71
159 159
100 16
150 134
27 163
187 249
218 44
148 40
153 164
133 172
46 255
29 97
146 99
207 189
99 21
19 41
215 177
23 166
51 214
181 213
126 50
221 165
11 44
151 225
93 167
77 66
135 10
136 101
166 23
214 52
77 192
231 87
30 133
171 138
98 27
49 127
222 35
75 240
211 183
89 176
3 101
91 43
260 26
170 140
97 29
140 100
172 133
164 153
228 2
171 91
188 122
46 217
149 261
141 43
159 96
199 71
157 224
46 90
81 61
217 174
83 185
77 112
160 96
70 73
93 99
75 195
9 171
211 107
206 191
215 176
84 183
51 214
54 85
42 16
225 26
138 171
44 10
87 231
145 169
38 94
101 9
181 86
179 214
42 18
87 104
30 132
171 138
217 101
49 127
222 36
114 74
39 149
129 172
190 206
91 43
97 27
100 145
95 162
140 100
145 135
153 37
2 101
45 128
208 61
109 208
149 261
169 129
223 32
129 168
7 172
36 27
122 187
90 47
101 3
176 89
84 184
227 12
160 31
257 38
80 62
211 107
146 168
176 88
245 194
114 201
163 95
101 136
161 30
161 258
10 171
225 150
125 180
135 10
151 39
9 101
94 38
252 180
93 40
259 30
44 11
221 38
75 68
95 163
152 38
101 133
45 129
130 228
20 99
189 207
13 170
162 222
255 45
96 160
227 141
130 228
128 172
188 208
154 163
45 134
15 100
96 32
170 14
261 149
208 109
0 101
172 128
21 167
15 100
84 184
45 255
35 222
170 13
260 153
163 155
123 184
129 45
5 228
241 74
54 85
169 143
98 153
76 193
191 78
214 104
133 101
130 45
213 54
39 151
165 94
18 169
220 167
137 171
193 76
229 217
169 16
262 141
152 38
67 118
172 2
4 101
155 163
44 136
257 164
156 97
173 255
96 160
216 49
40 148
136 129
101 128
27 36
82 187
72 71
159 223
170 14
224 30
173 217
101 0
2 263
82 186
205 238
96 33
227 13
162 95
100 18
136 44
84 234
101 3
133 136
118 67
25 38
95 35
202 68
157 161
148 99
44 10
99 23
228 133
45 3
101 8
136 228
87 179
18 169
156 162
30 132
138 44
221 38
169 17
141 135
201 114
133 228
168 93
206 64
148 226
80 189
202 195
31 160
139 100
135 18
112 77
40 148
171 91
61 80
109 208
150 261
14 170
159 32
100 15
7 172
36 27
0 228
91 171
186 209
164 26
146 261
15 170
160 31
13 43
27 97
170 218
3 228
172 129
118 67
227 12
85 182
101 137
30 34
258 34
152 225
93 168
192 77
39 93
8 228
243 71
165 94
228 7
104 215
205 64
193 77
94 165
50 126
140 135
114 74
166 23
2 45
206 64
170 92
189 207
258 164
226 220
227 139
183 84
176 216
3 101
263 3
122 60
208 236
224 156
200 197
32 159
100 15
134 45
17 227
40 147
91 171
186 209
89 48
32 223
227 13
224 30
170 13
8 171
234 210
130 101
136 5
118 67
152 165
222 162
137 228
27 98
139 171
10 171
105 86
65 204
166 220
23 166
86 53
165 94
204 66
104 215
192 205
99 149
161 157
169 17
45 4
179 214
133 228
41 220
4 101
28 35
225 153
171 139
35 95
170 15
6 172
100 14
22 40
1 45
41 20
109 208
209 60
227 16
32 32
199 71
148 134
46 90
147 167
0 172
120 63
37 153
172 6
128 44
95 34
39 130
155 224
171 218
146 168
219 42
39 22
215 177
15 135
254 175
34 157
76 194
10 171
232 213
101 6
93 166
181 212
53 213
11 135
66 76
93 40
132 158
66 204
225 153
169 17
213 181
151 38
212 183
167 93
183 124
148 226
154 260
68 202
155 97
228 139
6 172
77 239
228 3
170 92
147 41
45 218
81 187
130 41
96 160
14 43
82 59
90 174
20 40
90 46
228 129
100 142
6 45
15 170
225 94
196 201
133 25
234 210
41 146
216 175
39 22
50 215
142 262
196 201
34 157
44 139
25 98
149 99
6 228
178 87
101 8
115 199
138 262
52 253
103 215
150 98
33 259
165 221
169 17
94 164
114 73
212 182
220 167
145 41
233 85
26 225
131 36
155 97
196 74
45 6
88 176
131 228
92 43
62 80
18 99
187 208
130 40
160 223
170 14
148 134
217 47
128 228
46 217
247 190
26 37
185 210
128 44
224 30
13 43
172 135
99 19
168 19
216 175
246 193
113 202
262 15
254 175
224 27
194 203
133 29
92 168
251 54
136 135
23 166
101 137
164 94
203 67
103 215
23 226
22 99
39 94
144 169
131 45
38 24
134 228
263 8
228 5
35 155
206 63
19 99
219 100
16 42
45 6
13 227
210 185
216 48
20 168
146 226
172 8
140 43
159 159
14 227
96 158
27 164
228 1
45 91
189 121
26 37
134 147
198 199
157 224
196 201
24 261
44 91
189 80
263 131
149 40
25 38
5 45
228 11
224 27
12 44
133 28
149 99
65 205
215 178
196 117
72 115
164 94
67 76
152 225
32 132
22 99
157 34
126 178
45 4
87 179
244 69
263 8
55 251
106 212
28 133
258 163
31 160
69 201
56 211
25 164
192 246
128 172
41 20
154 163
172 8
200 197
158 96
198 72
185 83
227 143
60 208
263 0
82 187
47 216
83 185
227 14
221 225
39 130
45 8
28 163
2 228
48 216
193 119
100 140
135 143
74 196
100 219
171 12
153 225
22 226
41 145
135 136
117 69
151 165
180 213
178 126
34 157
204 65
226 23
161 157
8 228
94 164
87 179
101 134
172 3
78 192
85 105
206 63
12 171
33 31
169 16
135 16
165 152
101 131
175 216
250 185
218 172
151 261
197 73
223 158
256 43
147 134
227 143
228 1
172 90
82 187
153 164
147 261
170 141
222 224
100 17
45 8
226 146
19 41
48 216
167 149
215 177
183 212
127 47
163 94
258 36
26 98
86 232
78 65
51 215
196 117
73 115
262 12
178 126
161 30
138 171
159 132
39 93
253 51
45 4
52 87
244 69
167 93
55 251
162 29
79 190
139 44
94 163
174 254
16 262
50 88
246 66
48 89
185 123
171 91
24 134
197 73
33 31
170 15
20 261
100 16
228 1
45 218
40 21
153 164
20 134
141 43
158 223
167 257
135 45
45 91
228 129
1 172
185 210
88 50
161 95
127 47
31 33
163 258
79 63
226 149
41 145
3 172
182 212
73 115
262 12
169 144
34 157
192 204
204 192
34 29
228 135
45 4
228 137
244 69
130 172
101 132
213 232
190 206
194 76
227 218
228 138
34 95
215 50
40 149
45 128
58 250
83 108
8 45
70 201
94 225
14 227
261 147
89 174
40 148
172 91
21 167
164 26
83 185
129 43
96 33
200 70
224 29
19 226
20 41
219 43
149 40
37 152
143 262
254 174
160 31
68 75
190 79
42 92
41 145
8 263
69 244
165 24
135 140
8 101
94 39
171 11
44 10
34 29
51 126
131 45
101 10
55 212
9 135
181 124
92 41
9 44
258 162
91 228
74 69
222 35
240 202
66 119
48 89
101 129
146 226
25 134
130 39
225 221
13 227
19 261
175 216
190 248
45 0
147 40
110 207
158 96
43 14
223 160
13 43
8 172
209 108
228 128
1 172
65 246
239 76
6 45
138 228
227 92
146 99
153 225
233 212
205 191
263 134
117 68
73 114
164 94
177 126
98 152
138 171
205 192
230 215
7 228
213 180
199 115
23 39
87 178
181 125
162 29
29 133
76 67
30 161
175 254
222 35
240 202
40 149
48 89
63 79
20 99
208 61
257 166
34 95
72 71
83 58
216 48
129 228
46 90
228 0
110 207
59 82
43 256
31 96
43 140
81 60
172 218
189 80
216 174
65 246
49 215
211 56
73 197
160 31
19 226
153 225
85 233
101 4
177 88
101 6
214 179
86 181
101 136
165 94
22 226
171 137
220 40
193 76
86 53
72 242
101 135
93 39
181 125
213 232
225 152
12 171
221 37
127 175
262 142
215 50
132 228
132 263
190 206
91 44
28 224
170 140
161 222
170 15
261 146
15 227
2 101
172 91
20 167
164 27
134 172
15 100
159 32
143 100
261 150
218 45
189 80
43 91
192 119
49 215
160 95
101 139
155 224
139 171
44 9
212 106
205 191
172 129
228 133
214 179
94 36
169 144
30 34
22 226
44 10
88 231
125 179
179 87
38 24
166 23
214 51
145 42
168 93
152 98
162 131
157 34
10 228
95 162
75 240
228 5
2 45
101 130
226 20
133 152
13 170
225 221
198 72
210 184
142 100
59 209
217 46
0 101
164 27
7 45
129 42
96 33
197 200
156 224
163 154
147 168
172 128
101 3
204 239
211 56
43 15
162 95
258 37
27 260
155 35
79 64
2 172
23 166
214 179
131 172
75 195
225 26
11 44
158 132
98 24
252 52
38 94
86 180
101 135
51 87
53 252
162 29
225 152
11 171
98 27
143 169
222 35
227 139
194 245
136 132
146 41
28 36
8 44
100 145
30 224
227 140
133 45
205 111
40 148
45 0
188 121
80 109
30 224
42 256
159 159
200 70
209 187
81 236
41 147
91 171
185 210
37 153
57 84
197 200
224 29
19 226
225 27
219 43
168 19
220 41
166 150
25 38
5 45
253 177
94 38
226 149
157 132
225 151
17 42
221 38
180 213
228 8
39 220
6 101
99 150
206 64
21 99
161 157
254 49
172 132
139 100
22 39
263 6
41 19
91 43
224 154
13 170
220 99
172 255
6 172
175 216
40 148
263 2
41 20
163 27
209 59
198 72
223 32
170 14
60 209
173 217
1 228
44 91
228 130
112 204
184 211
255 173
35 222
75 195
9 171
170 219
146 168
220 41
39 23
241 74
212 54
49 253
90 102
77 193
151 225
40 93
42 145
214 179
86 180
116 198
52 87
66 77
29 35
205 64
138 44
30 161
75 68
135 14
51 87
84 56
168 92
19 168
99 147
136 171
165 130
160 158
15 43
135 18
205 111
59 209
171 91
41 20
217 173
224 157
142 227
159 96
141 170
59 209
145 100
1 228
45 1
130 101
77 112
45 133
15 170
158 160
140 170
26 260
219 43
183 250
215 176
245 194
25 38
132 172
202 68
157 161
21 226
98 151
220 40
204 193
137 135
54 86
228 9
262 10
101 133
231 87
157 259
44 11
161 157
68 202
212 181
201 114
56 211
45 129
101 130
28 36
27 225
257 165
93 226
142 170
6 172
238 204
21 40
218 171
60 249
109 208
224 157
198 72
223 96
170 14
149 134
173 217
188 81
90 47
209 59
227 15
160 96
255 172
162 95
100 18
80 62
36 28
79 63
136 6
228 132
51 214
135 141
202 68
153 225
203 66
44 10
168 220
125 180
214 179
166 151
116 198
45 130
18 169
156 162
98 24
76 66
94 165
202 195
54 212
51 87
6 101
45 129
79 191
155 163
44 136
74 68
99 93
100 12
18 262
37 26
3 101
44 218
249 187
208 236
82 187
143 227
223 159
142 100
261 149
36 27
81 61
172 128
40 21
111 205
135 145
128 45
162 95
170 13
133 26
28 163
130 101
129 45
132 101
12 101
135 141
42 16
217 228
161 258
44 10
220 41
133 101
130 45
8 228
86 53
179 214
66 77
231 87
132 157
66 204
153 98
42 144
95 163
101 11
118 195
129 172
79 191
219 170
154 98
68 202
224 156
73 70
145 135
216 49
3 101
136 129
128 228
109 208
134 150
43 14
159 159
42 129
134 45
17 227
188 81
91 171
228 129
37 153
172 6
200 70
222 161
38 130
97 154
147 99
130 101
129 45
84 184
240 75
182 212
16 169
91 101
21 226
10 171
23 226
6 228
130 45
70 243
151 166
11 135
7 101
156 162
158 259
66 204
26 225
101 9
172 131
138 101
228 6
263 7
168 146
21 99
27 225
171 139
156 97
100 12
144 135
14 227
101 130
128 172
41 20
236 81
97 29
16 100
223 159
100 15
30 96
110 80
61 208
136 1
21 167
48 216
83 184
73 198
33 158
140 170
28 97
91 171
41 146
136 5
132 101
51 215
5 45
175 127
91 101
99 21
10 171
23 226
169 18
45 3
212 54
165 24
221 165
204 66
40 220
192 205
171 138
217 102
17 42
172 131
52 87
133 228
2 45
64 78
85 106
260 27
75 68
160 158
255 46
56 211
49 89
149 167
136 130
189 207
109 208
135 172
130 41
224 222
43 141
21 261
144 100
0 101
172 218
82 186
78 111
184 210
142 43
33 158
130 166
25 260
171 218
250 57
2 172
101 5
152 165
172 5
127 48
30 34
203 67
29 260
35 29
42 145
178 87
181 212
165 24
172 4
66 76
93 40
171 10
149 226
38 94
101 9
94 163
138 101
56 212
167 93
19 168
21 99
207 62
99 146
100 92
12 228
222 34
49 88
83 58
136 130
62 80
91 45
156 97
227 16
159 159
15 227
148 134
37 27
61 121
128 136
59 82
78 111
32 223
227 13
225 94
196 201
97 155
36 28
146 168
132 136
22 166
113 202
172 5
48 254
34 157
44 139
225 25
168 219
252 54
262 136
116 70
213 180
131 172
66 76
230 88
171 10
259 160
225 152
177 253
45 4
73 241
39 150
2 45
191 205
212 233
189 207
12 171
219 100
74 69
262 144
76 239
192 246
130 263
168 147
108 209
97 29
130 40
159 159
199 71
45 7
27 164
187 81
45 91
2 228
100 143
96 32
142 43
225 94
100 17
8 172
210 108
168 19
2 172
22 167
140 227
212 55
101 137
154 224
99 20
133 29
156 35
168 18
39 93
212 55
115 199
135 138
101 134
29 34
78 192
11 171
152 98
253 51
221 37
137 101
69 117
135 263
18 168
148 226
171 9
139 44
163 222
47 127
172 133
152 37
119 192
43 219
186 122
209 235
135 172
197 73
224 222
43 129
134 45
154 37
128 228
0 172
1 228
16 100
223 159
199 71
94 98
69 74
134 24
218 44
228 129
172 128
40 22
113 203
212 55
143 42
33 157
20 226
152 225
105 86
192 78
93 167
166 150
228 10
94 37
51 253
220 166
32 132
44 11
161 157
169 17
45 4
228 137
39 150
177 215
205 64
219 169
26 225
75 68
224 155
69 201
135 16
215 50
40 149
1 45
249 186
226 19
24 134
17 100
160 223
170 14
134 45
164 153
148 167
0 45
1 228
37 153
32 223
14 100
98 221
39 130
135 45
36 28
62 207
48 216
66 246
203 240
172 5
196 201
157 160
67 75
79 63
92 169
101 5
215 178
212 55
199 242
221 164
178 126
34 157
259 32
132 32
25 225
42 144
131 45
214 52
69 117
136 135
192 205
212 232
133 155
36 258
222 36
16 42
135 16
76 240
228 4
4 136
207 62
36 154
208 61
40 257
224 222
129 170
31 96
227 143
228 1
0 136
167 148
37 153
185 210
198 199
158 223
43 140
29 97
27 163
168 19
1 172
66 246
177 88
172 5
47 254
31 33
12 44
155 133
149 99
168 18
40 93
7 228
10 101
37 221
144 42
103 216
226 150
138 44
39 93
144 169
131 45
179 214
182 85
88 178
228 5
169 92
63 79
226 20
94 163
169 16
45 5
215 50
4 101
45 128
168 146
235 82
155 97
167 130
221 98
100 14
45 7
174 216
148 167
172 0
1 228
37 153
210 58
72 198
96 158
40 130
151 134
108 82
122 186
128 45
185 210
37 152
161 95
254 174
222 163
195 202
28 260
226 149
228 132
172 130
182 212
38 151
172 4
101 135
152 225
259 32
77 65
152 98
228 135
45 4
53 86
85 55
172 3
41 18
149 226
44 136
147 226
227 218
138 101
262 143
152 38
119 193
92 42
62 80
91 44
151 261
74 70
224 157
142 170
20 261
111 79
21 40
90 173
40 21
174 90
185 210
198 199
159 32
257 40
208 187
146 99
80 62
45 1
131 101
177 88
172 5
101 138
97 155
258 36
98 153
92 169
18 41
172 130
182 212
242 73
45 131
135 228
89 103
226 149
10 171
39 93
101 8
139 135
72 242
182 85
39 220
78 192
86 105
206 63
171 139
91 228
69 201
45 5
88 177
57 211
129 172
80 190
36 155
261 25
100 144
221 98
13 227
45 6
48 89
101 129
0 172
167 147
37 154
83 185
170 129
159 159
167 257
150 134
27 163
20 41
216 175
167 149
140 227
172 6
143 42
36 222
44 139
171 136
162 155
18 41
93 167
39 23
87 52
181 213
253 177
25 98
132 160
132 31
161 156
203 193
138 135
101 10
181 85
87 178
18 169
92 41
137 171
194 76
218 101
137 101
135 15
50 88
5 101
89 175
79 190
155 163
152 260
130 39
31 160
227 140
45 6
227 142
148 167
263 1
61 248
110 207
31 223
71 199
222 224
170 13
29 97
100 18
122 186
170 219
192 119
49 215
144 262
139 228
222 163
202 68
44 9
92 169
146 168
93 167
85 182
38 151
94 36
67 76
34 157
259 33
31 259
161 156
76 66
180 86
165 151
8 101
135 136
133 228
219 168
133 156
194 76
228 218
69 201
172 132
152 38
118 193
2 45
101 130
226 20
28 224
74 69
34 95
43 142
172 133
111 78
59 209
0 172
20 167
80 110
148 261
170 129
223 31
197 200
135 45
27 163
147 168
43 91
185 210
215 176
6 45
173 128
99 219
202 68
9 171
162 155
41 146
263 134
68 244
24 38
181 213
42 17
165 94
171 11
225 24
162 156
77 66
262 138
53 86
85 54
51 87
18 169
220 168
29 133
76 67
30 161
169 16
135 15
227 139
5 101
132 263
228 3
210 234
44 135
166 130
97 30
15 43
172 133
164 153
2 101
44 218
167 147
227 17
31 223
198 72
159 159
141 170
187 82
145 100
189 80
174 90
58 83
77 112
135 144
46 255
160 31
139 171
154 225
28 162
183 251
7 263
245 195
152 165
13 135
202 68
30 34
160 259
44 10
93 167
179 252
262 138
136 101
116 197
39 220
65 77
23 99
137 171
99 148
27 225
42 143
132 45
88 178
245 67
132 263
168 146
155 163
97 28
201 196
94 225
100 13
184 83
100 15
247 63
218 171
0 228
163 27
45 134
72 71
32 159
16 227
45 8
154 36
188 80
91 171
210 58
227 14
184 211
200 70
160 31
131 164
154 225
35 28
41 146
136 7
23 166
138 228
181 213
144 42
225 26
226 149
78 64
225 151
52 125
138 135
243 198
228 8
10 135
204 65
231 87
79 191
161 131
161 157
228 137
141 135
178 215
183 84
49 89
123 57
147 226
136 171
130 38
226 220
197 73
84 57
78 238
209 186
90 173
208 61
100 144
209 59
129 42
96 32
227 143
45 7
154 36
101 1
128 45
83 185
216 176
160 96
139 227
97 156
131 164
62 207
99 21
56 124
215 176
118 68
178 87
45 132
49 253
153 225
193 204
78 64
29 162
204 193
45 3
166 151
151 166
39 221
145 42
162 29
64 78
99 148
221 37
127 176
95 162
114 74
183 84
263 6
19 168
20 99
224 154
18 100
162 222
13 227
223 33
111 78
148 167
46 90
41 20
36 154
224 157
169 129
223 159
142 100
45 7
154 36
81 61
128 45
191 120
204 239
133 172
197 200
158 160
130 165
153 133
92 170
131 101
129 45
149 39
165 25
54 85
202 68
30 34
131 161
98 151
220 40
133 101
262 137
181 213
86 54
38 221
252 180
29 35
132 157
203 193
165 221
202 195
5 172
101 12
6 101
92 41
228 3
170 92
62 80
69 201
158 33
172 255
160 223
48 89
82 59
172 1
168 147
236 81
261 22
170 141
32 96
43 141
157 224
17 227
208 188
172 128
167 148
37 153
223 160
100 139
33 158
196 201
207 189
226 147
19 41
176 88
22 166
201 241
141 262
49 254
34 157
76 193
98 151
225 150
133 101
52 214
86 181
116 198
135 137
125 53
35 156
157 259
193 76
225 153
195 75
132 45
38 25
166 22
49 88
124 56
36 155
189 207
257 165
99 93
200 197
135 18
176 216
167 21
2 136
188 208
173 90
209 59
143 227
223 96
142 100
22 261
27 163
249 60
136 2
59 82
78 111
262 18
170 142
222 162
140 170
171 136
28 163
250 57
129 45
194 118
38 152
14 135
127 49
27 98
138 171
10 171
104 87
18 42
87 52
39 23
9 101
87 179
193 204
35 156
157 259
138 44
30 161
42 144
85 54
214 51
133 228
50 88
56 251
226 21
26 133
75 68
162 222
173 255
184 84
227 141
185 83
45 128
128 228
36 154
45 134
71 200
96 32
199 71
172 134
236 207
188 248
263 129
2 228
100 142
45 133
200 70
34 222
74 196
207 188
36 28
168 19
136 6
194 118
227 12
35 222
143 42
218 228
138 171
79 64
23 226
18 42
172 130
197 116
213 180
262 11
228 7
93 40
24 225
204 193
157 34
177 253
13 262
178 214
166 23
88 177
146 41
155 162
207 62
258 164
95 162
12 227
17 262
204 112
3 101
263 3
61 80
81 109
135 172
73 70
96 32
15 227
21 261
164 154
147 167
172 0
2 228
164 26
261 19
172 128
33 158
165 257
44 8
36 28
250 57
129 45
132 101
75 113
212 55
175 127
228 91
76 194
29 260
156 35
169 18
51 214
85 181
151 165
165 94
66 77
29 35
137 171
160 132
165 221
17 42
13 262
87 179
101 133
50 88
19 168
43 219
189 207
258 164
35 95
73 70
262 144
77 239
65 119
43 218
168 147
45 218
156 97
141 43
32 32
169 256
134 45
90 173
248 61
172 0
2 228
26 37
172 6
255 172
31 33
201 69
188 81
36 28
228 130
169 219
132 101
240 75
5 45
137 228
101 218
12 44
206 191
92 168
18 42
130 45
101 8
101 136
4 45
17 169
156 161
192 205
259 160
229 216
253 50
86 54
101 11
23 39
167 93
41 19
99 148
26 225
139 44
224 155
142 170
6 172
112 77
40 149
136 130
1 101
154 163
45 135
100 143
222 97
71 72
209 186
80 237
147 167
90 46
120 63
175 89
133 172
140 227
222 161
196 201
260 152
210 107
146 168
42 92
101 5
240 75
5 45
42 16
157 161
194 203
152 225
41 92
181 252
172 130
8 228
53 213
38 221
76 193
88 103
65 78
132 33
102 89
8 228
37 94
52 87
85 55
2 45
145 41
92 42
189 207
139 44
163 222
47 128
34 95
239 203
246 65
128 172
189 207
36 154
134 150
16 100
97 95
14 227
186 83
154 37
167 20
45 0
129 101
238 79
210 58
128 44
95 34
227 144
25 261
163 155
2 228
175 89
228 132
240 75
35 222
201 69
91 101
67 76
29 260
35 29
251 54
262 136
39 23
242 72
94 37
101 134
34 156
150 99
99 149
89 229
169 17
53 213
137 101
7 101
263 7
228 5
92 42
9 44
226 19
97 28
127 174
183 84
215 49
167 22
4 136
168 147
19 99
151 261
167 130
158 96
141 170
261 148
237 207
121 189
0 136
189 121
164 26
45 134
171 128
33 158
17 227
8 172
28 163
2 228
131 136
119 66
215 177
35 222
254 175
27 97
147 99
225 25
226 149
41 145
220 40
101 7
24 38
213 53
101 135
220 166
65 78
171 138
220 39
76 67
164 221
137 101
23 39
93 40
132 228
219 169
206 63
44 12
227 219
11 228
16 262
227 140
40 149
263 4
80 189
235 82
8 45
70 200
223 33
141 100
261 147
143 100
40 148
45 0
189 121
164 26
223 159
100 141
160 31
200 70
151 134
218 44
168 19
89 48
228 131
88 50
262 16
228 11
94 36
147 99
206 190
29 162
101 5
172 130
150 39
10 101
37 221
135 228
39 220
23 226
99 150
39 93
8 228
86 53
38 24
182 85
45 130
251 182
155 162
79 190
75 68
222 36
169 16
84 56
165 152
40 149
216 48
250 185
209 235
134 151
73 70
223 33
141 100
261 147
217 47
187 82
172 218
167 148
143 227
7 45
256 171
224 95
140 170
208 188
27 163
228 129
263 131
131 101
177 88
5 45
254 174
163 94
171 12
28 260
86 232
55 124
40 93
244 196
24 38
262 12
51 253
34 157
11 44
32 259
152 98
135 101
164 221
151 38
182 85
136 135
124 55
232 86
136 171
44 12
36 94
169 16
5 172
113 76
40 149
172 1
80 189
209 235
188 208
13 170
157 96
14 227
172 134
206 110
148 167
45 90
128 101
90 47
96 31
72 198
158 223
144 100
8 172
91 172
2 228
219 43
246 192
88 50
172 5
42 16
222 163
20 226
190 79
219 42
191 78
220 40
85 182
179 87
45 131
169 144
34 157
159 259
138 44
166 220
169 17
86 53
38 24
23 39
40 220
65 78
219 169
190 206
76 67
157 33
143 169
143 135
50 88
57 210
4 136
19 168
28 36
24 134
197 74
157 97
227 141
261 147
238 206
1 101
217 45
60 81
79 110
58 83
100 141
33 223
170 13
187 81
19 226
228 129
131 136
210 58
100 140
5 45
169 143
155 224
36 131
225 26
212 106
5 228
8 263
7 228
200 242
131 172
17 169
157 161
193 204
171 137
156 34
101 8
37 94
72 242
134 228
9 135
54 251
99 149
136 171
162 131
154 97
16 42
45 5
50 88
84 57
216 48
190 207
99 146
208 61
100 144
95 161
71 199
185 83
206 111
128 228
217 46
208 60
27 37
148 261
43 256
33 223
140 170
187 81
91 172
59 122
43 92
149 40
227 13
133 172
42 16
219 227
139 171
171 136
92 169
182 251
263 134
166 150
138 228
4 45
144 42
229 89
66 77
23 98
24 225
134 101
86 53
53 86
150 166
220 166
181 125
35 156
133 156
147 226
97 27
143 169
95 162
227 139
167 22
89 175
58 250
36 155
28 224
100 144
221 98
142 170
210 185
238 206
2 101
172 91
188 121
154 164
148 261
198 72
96 158
170 13
187 81
36 27
62 207
136 3
65 246
176 88
95 34
74 197
92 100
44 139
62 207
162 155
191 78
220 40
23 166
101 138
86 181
136 228
98 152
171 11
225 23
220 40
7 228
131 45
101 9
85 54
3 45
54 252
213 232
137 171
162 131
221 37
196 74
262 142
227 139
66 118
169 92
146 41
83 107
25 133
227 18
95 161
71 199
134 19
37 26
129 228
172 91
167 147
144 227
45 134
170 141
224 95
16 227
209 187
36 27
41 147
128 45
65 246
37 153
144 262
255 173
224 28
139 171
62 207
219 42
146 168
45 2
244 195
87 52
221 163
67 75
165 94
226 149
10 171
215 104
203 193
221 38
72 242
243 70
220 166
145 42
156 162
79 191
226 21
30 161
75 68
45 5
165 152
132 228
219 169
123 57
163 28
81 188
140 43
30 224
45 128
210 184
100 15
129 228
45 0
61 248
80 110
172 7
199 198
32 159
129 168
60 209
227 145
62 207
90 47
58 83
204 239
133 172
255 173
222 162
171 12
171 136
219 43
146 168
177 88
68 245
241 74
135 140
228 9
225 26
193 204
132 31
24 225
169 17
52 214
136 101
181 86
172 3
101 133
105 214
191 206
67 203
221 37
49 127
5 172
139 100
5 101
42 219
146 41
163 28
44 135
43 13
222 34
73 71
210 184
227 142
167 21
263 1
188 121
36 154
97 30
227 15
96 159
41 129
224 30
227 145
168 20
3 263
120 64
204 239
211 57
200 70
226 93
195 202
260 154
148 99
251 56
45 2
68 245
11 101
135 141
42 17
225 26
259 33
171 137
162 156
17 42
214 179
71 243
101 135
172 3
133 228
87 104
152 98
161 131
164 221
169 16
262 142
165 152
22 39
168 92
19 168
20 99
26 133
18 100
226 220
15 43
211 184
15 227
190 247
44 218
168 147
109 207
224 157
170 141
223 223
43 141
149 134
18 227
101 1
136 2
167 148
204 239
135 145
170 142
222 162
258 37
207 189
148 99
79 64
93 168
133 101
114 201
141 262
75 195
157 161
21 226
78 64
93 167
252 53
52 214
86 180
8 101
45 130
42 18
220 168
78 191
21 99
153 98
176 254
45 5
152 38
67 118
49 88
250 184
163 28
97 27
69 201
97 29
73 70
223 33
175 216
120 191
129 263
101 0
90 46
7 45
198 72
223 96
14 43
30 97
46 90
1 228
2 263
130 101
176 89
57 84
255 173
95 35
38 130
9 171
107 84
4 228
92 168
166 149
138 228
141 262
169 143
229 90
161 259
30 259
220 40
252 53
137 135
71 243
86 54
38 221
145 42
231 87
205 64
226 21
217 101
169 16
172 132
25 165
245 67
88 176
184 123
219 170
154 97
196 74
222 35
128 172
6 172
142 100
3 101
90 174
0 101
173 90
172 7
142 227
223 223
15 227
82 59
173 217
41 147
128 45
101 3
48 216
223 160
15 170
226 93
257 38
44 9
92 170
130 101
41 92
228 132
74 114
135 141
68 75
161 30
148 99
44 10
231 214
193 77
87 52
8 228
54 213
165 94
180 125
98 150
10 44
203 193
157 34
101 9
212 181
38 25
84 56
2 45
56 251
43 219
26 133
13 170
160 158
46 128
133 45
37 26
40 148
47 90
41 20
163 27
261 22
72 71
159 32
14 43
45 7
144 100
61 208
263 129
228 129
175 89
172 6
73 197
99 220
170 13
260 153
91 170
146 168
89 49
84 183
38 152
172 5
127 49
164 94
21 226
191 78
99 23
180 252
3 172
39 23
24 39
130 172
180 125
220 167
132 157
160 132
38 94
136 101
141 135
228 138
39 150
93 41
168 146
84 106
260 26
131 37
220 99
46 128
262 145
37 26
191 247
129 263
101 128
208 236
97 30
71 200
223 159
129 169
157 224
144 100
61 121
171 218
167 148
238 78
32 223
140 227
98 220
69 74
80 61
91 170
41 146
129 45
22 166
240 75
85 182
195 202
101 218
148 99
137 44
150 99
228 133
214 178
70 243
71 116
138 262
144 42
225 24
64 78
132 33
94 165
144 169
95 163
38 25
228 6
45 129
64 79
84 106
27 225
68 202
156 97
142 170
160 223
141 100
210 185
3 136
187 122
90 45
29 224
143 227
32 96
100 15
97 157
217 46
188 81
45 0
148 40
48 216
19 134
15 170
157 224
43 140
135 44
83 234
79 63
42 92
22 166
152 165
172 5
169 143
30 34
203 67
206 191
105 87
101 6
51 214
8 228
213 180
4 45
179 125
104 215
132 158
99 149
165 221
17 42
4 172
228 138
23 39
88 177
146 41
233 85
207 62
44 12
162 222
197 73
84 56
112 77
40 149
45 128
186 122
163 27
172 8
16 100
33 96
43 141
134 21
100 17
188 81
136 1
63 247
26 37
133 172
43 15
34 222
39 130
135 44
99 20
184 250
172 129
166 149
215 177
182 212
48 254
218 228
99 21
133 29
226 150
181 252
178 87
54 85
115 199
135 138
66 76
104 215
44 137
99 149
26 225
101 9
13 262
24 165
6 101
93 40
228 4
148 226
80 189
226 19
33 31
128 173
262 144
26 164
210 185
170 92
168 147
145 227
29 224
16 100
32 159
198 199
96 158
47 90
147 167
172 0
247 190
89 48
134 146
43 15
157 224
13 43
135 44
107 83
250 58
263 132
149 39
88 50
95 35
201 69
164 94
35 131
133 29
105 86
101 6
172 130
150 39
101 136
4 45
253 179
151 225
10 44
22 99
165 221
136 101
140 135
73 241
133 228
177 215
41 18
106 212
207 62
131 37
160 158
143 170
17 262
14 227
185 83
1 45
207 62
154 163
134 150
73 70
158 96
199 71
134 45
217 47
228 1
217 173
186 209
238 79
133 172
198 199
161 95
166 257
97 155
218 44
41 146
5 263
167 149
140 227
132 172
101 137
91 101
12 44
63 206
162 156
101 5
172 130
197 117
101 137
221 164
228 7
166 93
150 99
171 138
30 161
177 253
172 131
24 165
182 85
134 263
55 251
85 106
225 153
226 19
160 158
47 127
262 144
13 227
83 58
263 3
20 168
45 218
45 135
197 73
95 224
227 141
134 45
90 174
148 167
46 217
121 62
111 206
223 159
198 199
34 222
74 196
155 224
36 28
190 80
219 42
4 228
75 113
222 162
201 69
100 218
147 99
136 44
219 41
228 132
3 172
7 228
10 101
4 45
17 169
152 225
205 65
226 22
98 25
8 228
139 135
87 179
101 134
130 172
145 41
28 35
44 136
171 139
227 219
169 16
45 5
164 152
210 185
216 48
129 228
235 82
151 261
257 167
159 159
43 141
147 134
206 110
62 121
218 45
1 228
164 26
83 185
14 100
221 225
197 200
97 155
235 210
19 41
219 42
119 66
25 38
143 262
228 11
155 224
131 163
98 152
226 149
41 145
135 136
212 55
38 151
164 94
76 194
34 156
226 150
204 192
103 89
42 144
172 131
101 10
101 134
50 88
124 55
22 99
136 171
36 258
155 97
127 174
45 5
13 227
4 101
172 1
189 207
209 235
81 187
43 13
95 224
14 43
134 20
217 47
148 167
90 45
128 101
217 174
147 261
227 14
223 160
17 227
8 172
44 91
250 58
131 136
149 40
152 165
135 143
201 69
160 31
131 163
133 28
42 92
5 228
167 220
117 69
101 137
45 131
126 51
39 220
11 44
11 171
30 161
51 126
4 172
87 179
23 39
3 45
251 182
219 169
26 225
163 131
163 221
228 138
172 132
215 50
119 193
42 219
101 129
36 154
151 261
227 17
161 222
72 71
83 58
37 26
189 248
45 0
189 121
227 16
223 158
141 227
223 160
167 257
261 151
154 36
207 189
263 131
149 40
164 25
143 262
69 74
97 155
195 202
225 26
106 85
55 124
3 172
117 69
228 10
37 221
144 42
152 225
259 32
65 204
88 230
8 228
45 4
72 242
182 85
45 130
5 101
42 219
98 25
131 36
94 163
169 16
212 182
50 88
210 184
169 92
168 146
19 99
151 261
140 43
225 221
227 141
223 32
227 143
167 21
0 263
101 1
90 47
58 83
227 14
159 159
70 73
134 24
45 91
101 2
131 136
131 101
13 100
222 161
138 228
219 227
68 75
28 260
28 162
64 205
8 263
228 134
10 101
86 180
17 169
225 25
99 22
150 226
24 225
194 76
213 180
165 151
55 212
135 136
5 101
41 219
136 171
171 139
30 161
11 228
212 182
25 165
149 167
129 172
123 58
171 91
224 155
166 130
94 225
44 128
32 96
26 164
62 121
263 1
121 61
16 100
134 148
170 129
223 160
197 200
150 134
218 45
59 122
45 1
167 149
215 176
161 95
201 69
227 92
195 202
44 9
155 35
41 145
177 88
68 244
87 52
213 54
126 50
102 216
149 99
78 65
225 151
179 253
38 94
151 38
212 181
214 51
192 205
232 86
206 63
44 12
94 164
10 228
55 212
215 50
57 211
169 92
129 228
155 163
8 44
257 166
160 158
71 199
134 19
164 153
21 40
128 263
81 187
207 237
31 223
199 198
224 95
73 197
208 187
145 100
62 207
47 216
210 58
26 37
133 172
228 12
219 227
258 37
133 27
21 226
131 101
45 2
6 228
214 179
135 140
42 17
229 89
226 149
205 192
29 161
228 134
11 262
165 151
181 85
45 130
181 125
35 156
171 10
139 44
94 164
127 175
132 45
227 139
84 57
89 176
130 228
99 147
155 97
201 196
157 97
142 170
172 133
164 153
120 190
90 173
0 101
37 154
82 186
14 170
223 160
43 141
209 187
109 82
186 249
136 3
40 22
37 153
45 133
139 228
163 95
226 146
80 62
92 169
4 228
172 129
117 68
151 165
181 213
9 101
157 161
132 160
205 192
167 220
52 125
87 52
199 115
54 212
93 39
6 101
220 168
44 137
21 99
94 164
75 68
172 132
75 240
132 228
172 2
41 19
171 91
208 61
39 257
158 33
128 172
223 32
153 37
186 82
128 263
147 40
27 37
21 134
14 170
96 158
143 100
97 156
208 109
62 207
170 218
148 40
227 14
133 172
173 128
99 220
68 75
136 44
170 219
228 131
93 168
101 6
165 25
54 86
9 101
94 38
226 149
65 205
40 93
42 144
87 52
165 151
101 135
130 172
18 169
93 41
29 133
76 67
161 157
75 68
55 212
113 75
166 22
42 219
190 206
163 28
80 188
18 100
161 222
172 255
6 172
175 216
82 59
46 90
248 188
80 109
82 186
15 100
32 96
200 70
187 82
208 109
101 1
172 128
58 83
227 14
160 96
70 73
29 97
258 37
98 154
211 106
206 191
134 136
56 84
25 38
86 181
9 101
34 157
33 132
64 205
24 225
77 66
221 38
71 243
23 39
130 172
169 145
104 214
133 156
44 11
164 221
137 101
95 162
152 38
245 67
41 219
250 184
99 147
61 80
196 74
33 31
200 197
57 211
37 26
209 186
90 173
122 61
27 36
59 82
198 72
159 32
168 256
82 60
46 90
101 1
44 91
101 3
112 204
45 133
15 170
160 31
37 131
154 225
99 21
206 191
93 168
166 150
38 152
163 95
68 75
26 98
148 99
10 171
24 225
53 125
130 45
136 101
101 135
94 39
228 6
23 99
205 64
194 76
34 30
101 10
35 95
228 139
183 84
215 49
130 228
226 20
153 260
69 201
156 97
255 45
262 145
175 216
2 101
173 217
122 60
36 154
261 22
129 42
96 223
256 41
134 22
100 18
188 81
90 47
101 3
204 239
262 18
170 142
220 226
145 100
207 189
170 219
63 206
136 6
194 118
51 214
54 85
136 228
90 102
34 132
205 191
98 23
204 193
38 94
198 116
54 213
87 179
180 125
23 98
191 205
99 148
165 221
42 143
14 262
201 114
6 101
92 41
168 146
107 211
154 97
196 74
95 162
227 139
145 135
100 15
59 209
172 1
249 187
208 236
172 7
129 42
223 159
42 129
261 149
227 144
208 188
171 218
40 21
205 238
262 18
43 15
35 222
257 38
189 80
92 170
41 146
219 41
5 228
165 25
5 45
127 49
157 161
226 148
30 259
225 150
18 42
52 214
166 151
86 54
221 165
125 53
29 35
44 137
11 171
26 225
49 126
141 135
51 87
228 6
168 92
56 250
226 21
80 189
165 130
35 95
100 12
96 160
49 89
247 64
218 171
168 147
173 90
82 186
14 170
159 223
199 71
134 45
109 81
187 249
90 46
228 129
37 153
223 160
140 227
224 29
38 130
62 207
28 163
123 184
41 92
84 183
228 12
162 95
10 101
26 98
34 131
171 137
168 220
169 18
214 179
150 39
101 136
45 130
193 204
225 24
24 225
11 171
94 165
136 101
163 222
11 228
195 245
133 263
131 228
148 226
171 9
19 99
95 162
15 43
184 84
176 216
21 40
44 218
168 147
81 109
45 134
141 43
32 223
198 199
134 22
100 17
61 208
263 129
148 40
111 205
184 210
13 100
31 33
74 196
80 61
226 147
130 101
49 216
194 118
215 178
85 182
101 137
154 225
226 148
191 79
226 150
18 42
87 51
101 8
166 24
94 38
228 7
215 231
78 191
204 193
153 98
50 126
172 131
241 201
195 245
134 263
251 183
99 148
171 9
75 68
160 158
70 200
84 57
216 49
191 247
170 91
60 249
45 217
135 172
16 100
32 96
72 198
157 224
100 17
0 101
44 91
120 63
37 153
96 32
170 142
97 157
145 100
28 97
218 44
146 168
129 45
101 5
113 202
142 262
254 175
101 218
148 99
260 156
23 226
133 101
135 9
70 243
136 228
221 165
228 7
93 40
259 31
149 226
90 229
169 17
36 94
73 241
39 150
41 220
168 146
35 155
133 154
146 226
93 226
73 70
6 172
239 204
40 149
43 218
186 122
91 45
135 172
170 141
158 96
71 72
186 82
37 27
20 40
91 172
101 2
48 216
83 184
45 255
98 221
201 69
188 81
36 28
57 123
89 49
5 228
177 88
35 222
175 127
101 218
203 67
206 191
86 232
204 192
166 220
70 243
180 86
214 52
42 17
104 215
158 259
259 160
98 26
253 50
135 13
179 214
133 228
220 167
228 4
155 162
171 9
258 164
36 95
173 255
6 172
49 88
185 83
1 45
101 128
235 82
224 156
257 168
97 95
100 15
59 209
80 237
40 147
91 172
129 101
37 153
133 172
72 198
97 157
201 69
208 188
163 155
130 101
2 172
211 57
227 12
15 135
143 42
98 154
194 203
190 79
168 219
145 169
93 166
70 243
199 242
131 172
144 42
151 225
23 225
204 193
161 157
9 228
262 140
101 11
244 68
7 136
251 182
148 226
62 80
139 44
92 227
74 70
222 34
49 88
131 228
89 174
189 207
227 18
29 224
100 143
159 32
129 170
59 210
164 154
147 167
263 128
167 148
48 216
185 210
170 142
30 97
166 257
134 25
163 155
185 250
42 92
101 5
50 215
212 55
127 48
224 27
12 44
44 10
105 86
18 41
45 3
182 212
213 180
180 213
253 179
215 230
31 132
138 44
89 229
8 228
262 140
38 24
117 196
93 40
18 168
35 155
171 9
171 139
100 92
47 127
34 95
152 37
119 192
130 263
207 62
209 235
29 224
197 73
33 96
100 14
148 134
80 237
62 121
0 136
1 228
153 164
7 45
128 44
97 157
69 74
97 155
36 28
58 123
216 175
167 149
25 38
222 162
175 127
160 30
203 67
152 225
213 105
251 54
3 172
69 244
38 151
172 4
253 178
215 230
78 192
192 77
220 39
144 169
180 86
228 137
244 69
50 88
228 5
162 28
136 171
20 99
100 92
74 69
16 262
203 112
185 83
263 4
2 101
235 82
135 172
144 227
31 223
43 129
223 31
79 237
60 208
91 172
248 189
89 47
159 96
129 44
222 161
70 73
61 208
99 19
62 207
128 45
22 167
113 203
135 143
101 138
160 30
75 194
98 152
232 213
182 251
3 172
134 101
151 165
86 180
42 17
215 230
159 259
65 204
152 98
126 178
37 94
101 10
228 7
167 93
101 132
28 35
260 28
195 75
158 33
16 42
262 143
165 152
184 83
263 4
129 228
172 91
45 135
100 144
222 97
72 71
158 223
47 90
228 1
217 172
1 228
100 143
58 83
171 129
222 224
227 144
155 224
27 163
207 189
43 92
131 101
165 25
56 85
42 16
100 219
171 12
26 98
86 232
41 145
172 130
244 196
52 214
53 86
144 42
39 220
226 150
259 159
225 152
76 67
135 12
137 101
69 117
172 3
41 18
42 219
155 260
163 131
158 33
74 69
16 262
25 165
119 193
219 169
189 207
19 99
172 8
200 197
33 95
15 43
185 83
143 100
60 209
172 91
121 62
164 26
158 96
43 14
159 159
13 43
156 224
235 209
129 101
175 89
4 228
38 152
45 132
196 201
92 100
258 36
171 136
106 85
5 228
93 167
39 23
242 73
37 221
169 144
225 25
259 32
150 226
98 25
126 178
37 94
53 86
85 55
8 136
228 5
232 86
136 171
99 147
91 227
175 254
143 135
100 13
131 228
92 42
168 146
235 83
45 135
170 140
161 222
71 199
45 7
47 89
167 21
172 0
121 62
26 37
134 147
14 170
224 95
130 167
8 172
235 209
101 2
4 263
65 246
25 37
56 84
169 143
160 31
36 131
190 79
42 92
78 64
93 167
150 39
165 24
86 180
169 144
30 34
204 65
65 205
156 34
42 144
164 221
115 72
69 117
130 172
132 228
35 156
25 225
20 99
221 37
254 48
172 132
38 25
119 193
45 129
41 19
83 108
261 25
130 39
157 97
140 100
7 172
111 79
187 82
1 136
248 189
80 110
134 172
141 227
222 224
16 227
187 81
218 45
128 101
172 128
185 210
49 215
45 133
16 169
155 224
146 99
190 80
212 106
124 182
88 50
55 85
165 24
13 135
17 169
157 161
204 66
65 205
88 230
101 7
4 172
38 24
166 23
3 45
205 65
105 213
10 44
171 139
94 164
201 196
95 162
227 140
57 211
5 136
63 79
91 44
171 8
74 69
158 33
171 255
185 83
153 37
247 63
172 91
1 228
100 144
96 31
100 141
96 33
170 13
134 23
209 108
228 128
89 47
83 185
239 77
56 84
128 47
219 227
226 146
44 9
42 92
145 168
172 129
68 244
200 241
262 13
177 126
225 25
171 11
205 192
93 167
42 144
94 165
165 151
101 135
135 136
228 6
92 41
63 79
35 258
154 98
201 196
172 132
50 88
193 245
176 216
41 19
36 155
208 61
257 166
31 160
71 199
185 83
164 153
190 247
46 90
0 228
27 37
158 96
43 256
33 223
43 141
135 45
91 172
41 147
172 128
83 185
88 49
144 262
128 46
31 33
164 258
133 27
42 92
205 191
134 136
68 244
200 241
163 94
177 126
157 161
33 132
44 10
24 225
52 125
214 179
151 38
150 166
39 220
145 42
162 29
29 133
203 194
157 34
169 16
15 262
113 75
184 84
176 216
146 41
107 210
208 61
39 257
34 95
100 13
6 172
142 100
101 129
218 171
0 228
237 80
148 261
15 100
33 223
256 41
134 23
217 45
249 59
1 172
167 148
227 14
211 56
255 173
95 35
226 146
260 154
35 28
56 124
7 263
133 101
74 114
135 140
17 169
26 98
33 132
192 78
40 93
42 144
221 38
151 38
181 86
220 166
42 18
99 150
171 10
67 203
218 101
176 254
15 262
139 100
67 118
89 176
41 19
210 234
135 171
170 140
160 158
43 142
223 32
89 175
2 101
91 44
121 61
36 154
148 261
72 71
159 32
143 100
187 82
36 27
128 101
90 47
83 185
37 153
211 57
46 255
220 226
68 75
207 189
170 219
79 64
88 50
150 39
51 214
54 86
9 101
225 26
77 193
137 44
220 40
101 7
214 179
86 180
39 150
172 3
204 65
93 41
171 10
258 161
161 157
101 10
262 142
202 113
228 5
89 176
63 79
99 147
153 260
38 257
95 162
100 13
6 172
48 89
228 2
2 136
188 122
36 154
172 7
256 169
223 159
200 71
134 22
236 208
188 81
47 217
167 148
176 89
84 184
43 15
95 35
44 139
153 133
226 148
19 41
88 49
101 6
165 25
172 5
9 101
94 38
99 21
64 205
98 24
125 180
214 179
71 243
86 54
137 262
204 66
226 23
191 205
67 203
98 26
202 195
85 55
87 178
149 166
216 49
63 79
234 84
9 44
201 196
226 220
255 45
160 223
78 238
167 21
217 46
0 101
100 144
7 45
14 170
159 159
71 72
7 172
90 173
208 188
217 174
228 130
141 227
211 57
170 142
35 222
38 130
154 225
21 226
168 19
215 176
211 56
38 152
36 222
42 16
157 161
21 226
24 98
162 156
145 169
94 165
213 54
151 166
172 3
53 252
162 29
78 191
131 34
30 161
254 49
45 5
51 87
118 194
136 133
57 250
147 226
133 153
165 130
224 156
43 142
45 6
142 100
167 21
171 91
0 228
154 163
134 172
170 141
223 96
42 129
157 224
236 208
168 20
218 44
167 148
153 164
57 84
73 197
95 35
100 18
9 171
99 20
146 168
263 133
149 39
74 114
212 54
143 42
221 165
161 258
64 205
220 40
193 77
94 166
8 228
181 86
214 52
66 77
231 87
24 225
99 148
94 165
143 169
45 5
165 152
6 101
6 136
79 191
163 28
171 9
257 165
35 95
73 70
6 172
37 26
186 83
2 136
188 208
236 81
59 82
198 72
223 159
100 15
134 45
227 144
187 249
1 172
209 59
216 175
96 33
172 128
160 31
74 196
133 26
155 36
228 130
49 216
228 132
165 25
14 135
10 101
164 94
34 131
78 64
231 214
6 228
135 10
181 213
86 53
135 137
42 18
214 231
137 171
259 161
94 165
136 101
262 141
114 74
150 166
168 93
101 131
226 21
27 225
226 19
162 222
227 139
33 96
239 204
185 83
171 91
61 81
163 27
60 82
100 143
96 223
42 129
149 134
154 36
188 81
46 217
247 190
227 15
32 223
170 142
161 95
38 130
97 154
91 170
168 19
169 219
101 5
12 100
132 172
202 68
101 218
203 67
152 225
162 156
180 252
10 262
181 213
86 53
165 94
66 77
93 40
259 30
11 171
26 225
50 126
213 181
201 114
133 228
7 136
56 251
43 219
260 27
37 258
95 162
170 15
211 184
227 141
58 210
43 218
207 61
36 154
82 187
73 70
32 32
170 14
186 82
144 100
0 228
172 0
63 247
111 205
133 172
100 140
158 160
201 69
171 135
226 147
184 250
129 45
39 22
38 152
262 15
101 137
30 34
258 35
29 260
220 41
192 77
130 45
101 8
165 24
38 221
252 179
98 151
259 31
33 259
30 161
144 169
36 95
201 114
118 195
177 215
146 41
233 85
171 9
171 139
224 156
12 228
211 183
204 112
101 130
1 45
207 62
227 18
224 156
70 200
223 158
100 15
148 134
173 217
81 61
1 263
63 247
89 48
210 57
198 199
160 31
170 13
208 188
155 36
130 101
45 2
184 211
139 227
162 95
127 48
98 154
171 12
156 133
41 92
145 169
51 214
116 70
115 199
38 221
76 193
104 215
205 65
44 11
221 38
169 17
94 163
24 165
133 228
215 50
168 146
99 148
27 133
226 19
155 97
128 173
95 161
215 49
83 58
263 3
186 122
108 209
97 29
14 170
224 222
14 43
223 31
90 174
121 188
0 45
247 190
89 48
6 45
198 199
222 161
257 39
208 188
99 20
63 206
216 176
101 5
50 215
212 55
169 143
161 30
258 35
171 137
86 232
18 42
3 172
85 181
228 9
135 138
17 169
215 230
205 65
132 33
94 165
50 126
36 94
73 241
228 6
263 7
131 228
42 219
153 98
195 75
160 158
170 16
34 95
49 88
130 228
47 89
189 207
154 163
8 45
73 70
223 33
72 198
21 261
90 174
187 81
0 172
209 59
175 89
58 83
170 142
94 98
43 140
155 224
19 226
101 2
172 129
40 22
13 100
95 35
143 42
27 97
20 226
206 190
29 162
205 192
135 9
8 228
137 228
135 138
194 203
151 225
150 99
22 99
98 25
42 144
262 140
137 101
39 150
136 134
4 101
106 212
63 80
44 12
163 222
138 101
262 144
203 112
246 65
48 89
122 59
82 108
187 208
73 70
223 158
141 170
45 7
27 164
60 208
172 218
101 1
16 100
45 134
141 227
225 94
170 13
45 8
218 44
190 80
48 216
193 119
215 177
262 16
228 11
91 100
258 35
63 206
92 168
41 145
8 262
117 69
53 213
37 221
101 135
39 220
150 99
44 11
103 89
253 51
221 37
179 214
69 117
8 136
64 78
149 226
136 171
75 68
31 160
69 201
211 183
13 227
65 119
172 1
147 41
218 172
172 8
43 13
159 32
14 227
134 20
227 143
128 228
172 0
128 101
143 227
185 210
15 170
30 97
140 170
45 8
163 155
58 123
1 172
228 131
215 177
5 45
228 11
221 163
99 20
225 25
213 105
18 41
8 263
150 39
199 242
213 53
178 126
25 98
77 192
150 226
98 25
169 17
221 37
228 137
134 228
45 130
132 228
99 149
260 28
171 139
163 222
138 101
56 211
177 215
101 131
219 170
62 80
27 36
224 156
13 170
97 95
256 43
158 223
110 79
21 40
91 172
121 62
227 16
31 223
44 256
223 31
100 17
134 24
146 99
207 189
89 48
66 246
140 227
16 135
201 69
221 163
226 147
190 79
99 22
101 5
215 178
69 244
137 228
45 131
42 17
166 93
132 159
44 11
161 157
76 67
213 180
115 72
101 134
88 178
145 41
42 219
26 225
258 163
36 94
254 47
132 45
113 76
149 167
48 89
228 2
36 154
151 261
140 43
31 159
142 170
172 134
26 164
167 21
0 45
128 101
26 37
185 210
141 227
223 31
167 257
261 151
36 27
2 228
128 45
65 246
227 13
211 56
169 143
31 33
44 139
79 63
149 99
191 78
220 40
150 39
101 137
139 262
51 253
34 157
32 132
171 138
166 220
42 144
221 37
24 165
150 166
40 220
124 55
169 92
28 133
76 67
30 160
127 175
182 85
38 25
40 149
216 48
146 41
146 226
24 134
130 39
33 31
71 199
134 20
237 206
128 228
217 45
62 248
143 227
20 134
170 129
32 159
13 43
151 134
163 154
80 62
92 170
228 131
50 215
143 262
74 196
36 222
147 99
225 26
155 35
101 5
172 130
117 69
73 115
164 94
76 194
216 230
77 192
158 132
98 24
135 101
94 164
72 242
212 182
135 135
65 78
29 35
190 206
258 162
33 30
16 42
182 85
165 152
101 131
2 45
63 80
83 108
188 208
144 227
222 34
43 142
210 185
89 175
62 121
217 46
189 121
47 217
7 45
170 141
95 97
130 167
29 97
19 226
147 168
45 1
167 149
140 227
45 133
69 74
158 160
258 36
9 171
226 148
145 168
50 215
85 182
151 165
45 131
50 253
229 89
11 44
65 205
93 166
169 17
86 53
151 38
197 244
166 93
78 192
35 156
44 137
203 194
218 101
48 127
262 142
38 25
167 22
216 48
63 79
91 44
25 133
69 201
225 221
71 199
19 261
100 15
40 148
46 90
188 121
217 174
223 158
14 170
222 224
70 73
156 224
91 172
228 128
216 174
83 185
25 37
144 262
197 201
163 95
195 202
260 154
85 233
101 4
167 220
166 150
165 24
262 13
50 253
165 94
33 132
171 137
230 215
134 101
11 262
101 9
181 85
39 220
18 169
92 41
63 79
194 76
94 164
175 254
172 132
100 12
193 245
219 169
130 228
163 28
208 61
227 18
158 33
227 140
32 96
205 111
129 228
46 90
61 248
164 27
21 134
129 43
224 95
170 14
150 134
154 36
147 168
1 172
185 210
153 164
45 133
142 43
95 36
12 44
225 26
212 106
251 56
172 129
117 68
165 24
94 36
17 169
34 157
66 77
78 65
225 151
7 228
135 11
24 165
70 116
93 39
65 77
168 93
152 98
226 21
34 30
16 42
132 45
227 139
132 228
2 45
101 130
107 210
155 97
100 145
225 221
43 142
159 223
205 111
167 21
217 46
147 40
110 207
45 134
15 100
95 97
197 200
209 187
172 217
62 207
91 170
130 101
153 164
135 144
197 200
162 95
195 202
80 62
21 226
183 251
41 93
183 211
101 138
86 181
75 195
30 34
11 44
65 205
225 151
125 179
45 4
213 53
150 166
130 172
228 6
93 41
137 171
148 226
30 161
42 143
212 182
227 139
228 5
132 263
19 168
83 107
152 260
201 196
160 158
142 170
223 32
100 15
186 82
171 91
167 147
109 207
157 97
142 227
223 159
256 41
224 30
208 109
147 168
172 128
228 130
141 227
172 6
197 200
162 95
164 258
154 225
233 211
56 124
50 215
101 6
38 152
135 141
126 50
229 90
259 33
205 191
35 29
228 134
45 4
101 9
70 116
179 214
125 53
29 35
171 10
194 76
101 91
10 228
182 85
113 75
245 67
92 42
41 19
226 20
97 27
38 257
31 160
140 100
57 211
26 164
167 21
263 2
61 248
36 154
59 82
71 199
223 32
100 16
30 97
36 27
122 187
263 129
185 210
49 216
45 133
142 43
33 158
12 44
133 26
226 148
183 251
133 136
150 39
165 25
45 132
16 169
90 102
11 44
171 137
24 225
193 77
94 165
53 86
101 135
39 221
228 6
150 226
10 44
67 203
101 90
42 143
55 212
25 165
149 166
129 172
19 168
226 20
80 189
69 201
222 35
140 100
6 172
164 153
247 64
45 128
168 147
27 36
97 30
198 72
32 159
14 43
209 186
236 208
20 41
171 218
83 186
164 26
135 145
128 46
226 93
99 18
133 26
211 107
19 41
45 2
67 245
87 51
14 135
136 228
229 90
193 203
24 98
156 35
18 42
165 221
228 136
116 198
38 221
18 169
225 23
157 259
34 258
228 217
127 176
85 54
178 214
39 149
136 133
250 184
20 99
189 207
140 43
158 33
142 170
84 57
227 142
186 82
171 91
228 0
144 227
22 134
15 100
32 32
42 129
149 134
109 81
60 122
44 91
82 186
48 216
223 160
100 139
95 35
18 227
97 154
107 84
250 57
129 45
166 149
228 12
262 14
9 101
101 217
21 226
78 64
40 93
66 204
87 52
54 86
213 181
130 172
252 180
231 87
259 30
259 161
217 102
169 16
212 181
228 138
194 245
92 41
4 101
92 43
189 207
165 130
93 226
128 173
45 6
216 49
101 130
44 218
41 20
227 18
224 157
71 199
32 159
142 100
45 7
81 236
187 249
45 1
247 191
153 164
160 96
172 128
35 222
13 43
153 133
99 20
190 79
89 49
84 183
12 101
162 95
176 127
101 217
161 258
78 64
93 168
101 6
39 94
135 101
243 71
130 172
101 134
29 35
24 225
99 149
165 221
195 75
141 135
51 87
183 84
129 172
228 4
84 106
133 153
44 12
224 156
227 139
145 135
100 14
120 191
171 91
60 249
81 109
7 45
143 227
96 32
227 142
45 7
227 144
40 147
128 45
209 59
111 205
134 146
13 100
97 156
201 69
260 153
147 99
168 19
89 49
56 84
240 75
85 182
127 49
91 101
258 34
260 156
99 23
192 77
220 39
228 135
24 39
221 165
42 17
24 98
10 44
193 77
165 221
202 195
36 95
178 214
118 195
220 168
168 146
155 162
154 98
202 195
93 226
173 255
133 45
216 49
58 210
91 43
207 61
27 36
209 60
168 129
159 32
42 129
148 134
110 80
101 0
0 45
228 129
216 175
96 32
15 170
222 161
18 227
25 260
234 210
41 146
129 45
211 57
100 139
55 85
228 10
164 94
171 12
206 191
156 35
145 169
93 166
116 70
115 198
4 45
66 77
151 225
259 31
11 171
161 157
169 17
36 95
52 87
133 228
168 93
251 183
28 35
27 225
139 44
31 160
15 43
223 33
216 49
246 64
263 3
189 207
81 109
135 172
200 197
224 222
72 198
31 96
46 90
147 167
218 44
190 120
164 26
45 133
198 199
157 224
170 13
188 81
171 218
3 228
169 219
132 101
139 227
222 162
48 254
154 225
139 171
171 137
41 93
252 54
87 51
116 70
38 151
221 165
203 66
88 104
259 31
99 149
229 216
67 202
135 13
165 151
101 133
2 45
41 19
85 106
62 80
44 12
31 160
12 228
135 17
227 141
58 210
45 128
122 59
91 45
150 261
257 168
224 222
15 227
148 134
207 110
187 81
136 1
228 129
205 238
159 96
100 140
225 94
39 130
97 155
234 210
63 206
45 2
39 22
202 240
55 85
101 137
101 218
12 44
98 152
41 92
6 228
39 93
197 116
72 115
131 172
17 169
167 93
205 65
226 22
94 165
17 42
4 172
38 24
117 195
177 215
168 145
148 226
260 27
12 171
100 92
47 128
144 135
141 100
149 167
45 128
228 1
163 27
8 45
167 130
31 223
170 14
186 83
80 237
208 187
90 46
190 120
238 79
6 45
142 43
224 30
201 69
152 133
83 234
129 101
5 263
119 66
165 25
262 15
175 127
91 101
226 147
10 171
226 149
132 101
214 178
8 228
38 151
221 164
76 194
24 98
23 226
204 193
30 161
194 76
4 172
200 114
101 134
134 263
4 101
212 233
133 154
226 19
163 222
74 69
84 56
152 37
83 58
48 89
41 20
218 172
156 97
16 100
224 222
100 14
158 223
90 174
248 62
173 90
21 167
47 216
45 134
227 14
95 34
140 170
208 188
171 218
190 80
89 48
167 149
25 38
182 212
127 48
154 224
203 67
44 9
22 226
132 101
8 262
117 69
242 72
12 135
178 126
29 34
10 44
11 171
89 230
135 101
213 180
228 137
244 69
167 93
132 228
219 169
63 79
202 195
227 219
143 169
5 172
76 239
22 40
128 172
62 80
209 235
172 8
73 70
97 95
72 71
58 210
110 79
121 189
172 218
187 209
16 100
58 83
142 43
225 94
140 170
208 188
28 163
62 207
175 89
101 4
13 100
135 143
69 74
91 100
131 163
155 133
42 92
145 168
135 136
150 39
24 38
37 221
135 228
161 29
192 204
132 32
157 34
126 178
164 221
73 242
166 23
220 167
191 205
169 92
260 28
12 171
158 33
196 74
16 262
203 113
22 40
48 89
2 101
226 19
224 156
140 43
158 96
14 43
134 45
47 90
121 189
172 0
148 40
16 100
172 7
15 170
223 31
200 70
97 155
19 226
80 62
4 263
167 149
240 76
143 262
201 69
158 160
75 194
260 155
232 213
124 182
8 263
150 39
165 24
4 45
135 228
230 89
159 259
65 204
103 89
42 144
94 164
214 52
117 196
167 93
251 182
232 86
260 28
163 131
224 155
138 101
161 222
13 227
83 57
219 170
62 80
82 108
28 224
144 227
95 160
142 170
158 223
227 143
187 82
217 45
121 62
143 227
83 185
14 100
160 96
227 144
24 261
218 45
207 189
216 175
40 22
113 203
95 34
42 16
97 155
68 75
260 155
22 226
41 145
130 45
228 134
165 24
172 4
144 42
25 98
192 204
192 77
166 220
144 169
94 164
86 180
23 39
172 3
205 65
86 105
206 63
20 99
155 97
254 48
135 16
227 140
22 40
216 48
101 129
155 163
134 151
140 43
224 157
72 71
7 172
100 16
248 62
172 91
228 128
153 164
134 147
43 256
222 224
70 73
135 45
99 19
2 228
1 172
65 246
112 203
135 143
74 196
33 158
75 195
79 63
22 226
132 101
8 263
69 244
24 38
86 180
169 144
98 152
149 99
99 150
230 215
51 126
221 37
101 10
134 228
3 45
168 145
162 29
44 136
203 194
164 221
201 196
172 132
88 177
40 149
136 132
250 185
44 218
208 61
201 196
97 30
171 255
261 147
153 37
128 228
1 136
21 167
217 174
45 134
14 100
96 33
40 130
97 156
36 27
101 2
216 175
246 192
239 76
183 211
143 42
33 158
99 19
171 136
106 85
18 41
172 129
212 55
179 87
172 4
126 50
221 166
259 32
205 192
151 98
7 228
45 4
24 165
182 85
51 87
169 145
41 219
44 137
171 139
154 97
228 137
172 132
13 227
228 5
45 129
2 101
210 234
28 224
13 170
224 157
71 199
32 96
153 37
148 167
0 45
60 81
110 207
158 96
14 100
95 97
13 43
208 187
108 82
249 59
43 92
101 3
239 76
45 133
138 228
95 36
139 171
207 189
233 212
18 41
129 45
150 39
73 114
86 181
194 203
157 161
77 193
137 44
151 98
17 42
135 11
101 9
23 39
3 45
133 228
156 162
63 79
99 147
34 30
74 69
15 262
100 12
101 132
132 263
3 101
36 155
133 152
74 69
34 95
71 199
159 223
78 238
148 167
172 91
60 81
144 227
223 158
71 199
223 31
130 168
135 45
235 209
168 20
216 174
65 246
88 49
135 144
73 197
160 31
202 68
207 189
148 99
131 101
50 215
6 228
73 114
172 4
101 136
161 30
22 226
44 10
231 215
125 179
52 214
165 151
8 101
51 87
125 54
219 168
10 44
258 162
228 218
42 143
15 262
75 240
194 245
176 216
3 101
44 218
81 188
196 74
158 33
255 45
133 45
111 78
190 247
218 171
61 81
90 46
172 7
256 169
224 95
141 170
150 134
36 27
80 62
45 1
167 149
77 112
84 183
139 228
156 224
75 195
27 260
155 35
19 41
93 168
68 245
165 25
13 135
75 195
221 165
66 77
225 24
40 93
7 228
138 135
165 151
243 70
220 166
54 252
93 41
10 44
139 44
228 218
137 101
142 135
152 38
245 67
176 216
206 63
226 20
133 152
227 18
30 224
45 128
6 172
153 37
2 101
136 128
0 228
110 207
186 209
170 141
32 223
43 141
97 157
145 100
1 228
47 217
148 40
164 26
45 133
43 15
222 162
195 202
80 62
92 170
228 131
50 215
211 56
87 51
131 172
136 228
165 94
259 33
137 44
220 40
193 77
52 214
116 71
70 116
130 172
65 77
220 168
44 137
44 11
98 27
42 143
135 15
88 178
245 67
169 92
41 19
218 170
154 97
227 18
225 220
197 73
32 96
175 216
148 167
172 1
61 248
109 207
134 172
42 256
96 159
198 200
82 60
217 46
20 41
128 45
120 64
227 14
45 133
43 15
31 33
68 75
136 44
226 148
64 206
220 41
133 101
241 74
135 141
176 126
153 225
11 44
191 78
93 167
134 101
179 87
39 24
135 228
39 221
42 18
99 150
30 132
34 258
98 26
254 49
162 222
241 201
132 228
2 45
63 79
218 170
80 189
257 165
97 29
140 100
211 184
238 205
228 2
128 172
228 0
208 236
224 157
14 170
32 223
43 141
30 97
27 163
101 1
44 91
3 228
176 89
135 145
255 173
93 99
74 196
27 98
211 107
41 146
41 92
149 39
114 201
163 95
101 136
90 102
161 259
137 44
225 150
204 193
262 137
71 243
24 39
166 94
77 193
98 150
24 225
148 226
34 30
49 127
141 135
178 214
194 245
129 172
123 57
99 147
207 62
43 13
226 220
170 15
6 172
142 100
82 59
129 263
60 249
173 90
134 149
142 227
32 159
129 169
149 134
236 208
41 147
90 47
120 64
164 26
223 160
43 15
97 156
227 145
153 133
84 234
130 101
129 45
245 194
38 152
85 181
202 68
221 165
138 171
151 225
214 104
6 228
137 135
243 198
243 71
130 172
18 169
225 23
64 78
11 171
90 229
75 68
95 163
201 114
84 56
45 129
64 79
84 107
260 26
74 69
156 97
227 139
160 223
227 141
21 40
174 217
1 101
18 100
82 186
43 14
223 32
71 72
172 134
144 100
61 208
44 91
148 40
78 111
57 84
43 15
220 226
165 257
136 44
234 211
123 184
172 129
228 132
201 241
95 35
143 42
90 101
67 76
30 259
87 231
53 125
179 87
228 135
39 151
10 135
125 53
93 40
225 151
22 99
94 165
176 253
14 262
241 201
118 195
133 263
4 101
233 84
260 26
226 19
33 31
139 100
223 33
204 112
148 167
217 47
249 187
145 227
60 82
227 16
159 223
43 141
224 30
100 17
0 101
1 172
59 82
48 216
211 57
200 70
33 158
257 38
171 136
155 36
190 79
42 92
245 194
38 152
182 212
42 16
91 101
203 67
152 225
214 104
42 145
172 130
8 228
71 116
131 172
7 101
93 40
171 10
204 193
34 30
9 228
172 132
165 152
101 133
134 263
41 19
219 170
98 27
75 68
29 224
43 142
133 45
89 176
64 120
1 45
147 41
217 172
261 23
70 200
223 159
169 256
209 186
46 90
20 40
0 45
101 2
227 15
159 96
45 255
34 222
100 18
133 25
28 163
41 146
45 2
194 118
113 202
182 212
10 101
37 221
194 203
156 133
162 156
252 54
93 166
101 8
165 24
45 131
42 17
156 162
137 171
204 193
90 229
9 228
54 213
87 179
133 228
215 50
101 131
170 92
98 27
146 226
31 160
70 200
45 6
164 153
58 210
263 3
189 207
227 18
261 23
256 168
223 33
199 71
186 82
46 90
0 228
91 171
2 228
238 78
172 6
13 100
225 94
145 100
133 25
83 234
228 130
136 5
39 22
178 88
132 172
68 75
154 225
258 35
10 171
220 41
192 77
178 87
54 85
199 242
52 87
144 42
93 40
10 44
138 44
229 216
144 169
94 163
73 241
68 117
41 220
124 56
212 233
133 154
164 131
163 222
197 73
34 95
77 239
192 246
263 3
20 168
145 227
172 8
200 197
159 32
170 14
134 21
100 17
147 167
0 45
40 21
78 111
261 19
128 44
94 98
196 201
44 8
99 20
168 19
5 263
149 39
177 88
135 142
143 42
218 228
226 147
171 137
219 41
145 169
214 178
23 166
180 86
53 86
66 76
161 29
158 259
226 22
229 216
42 144
4 172
73 241
68 117
167 93
55 251
212 233
26 225
226 19
92 227
170 16
222 34
49 88
101 130
89 174
168 147
91 45
29 224
167 130
223 158
14 227
21 261
217 47
167 20
45 0
209 59
48 216
172 6
71 72
98 221
43 140
208 188
218 44
250 58
263 132
22 167
13 100
5 45
254 175
154 224
67 76
79 63
86 232
145 169
172 130
23 166
24 38
86 180
42 17
98 151
23 225
66 204
30 161
135 101
86 54
114 73
101 134
134 263
191 205
233 85
171 9
171 139
155 97
101 11
161 222
49 88
83 58
43 219
80 189
226 19
150 261
167 130
96 160
170 14
261 148
217 47
187 81
217 173
187 209
238 79
32 223
140 227
31 33
69 74
135 45
44 91
101 2
2 172
119 66
13 100
16 135
74 196
33 157
12 44
9 171
232 213
124 181
51 214
196 117
101 137
53 86
169 144
88 103
65 78
99 149
25 225
169 17
131 45
242 200
228 7
220 167
55 251
233 85
133 155
147 226
100 92
196 74
161 222
239 203
246 65
92 43
122 59
82 108
29 224
100 144
96 31
71 199
31 96
227 143
167 21
0 263
60 82
174 89
159 96
72 198
97 157
74 197
261 151
44 91
101 2
45 1
184 210
240 76
5 45
42 16
224 28
76 194
9 171
162 156
205 192
167 220
69 244
101 137
86 180
42 17
156 161
171 11
44 11
25 225
253 51
53 213
151 38
7 101
3 45
101 132
28 35
26 225
99 147
227 219
42 143
34 95
50 88
185 83
175 216
20 168
27 36
134 151
40 257
222 97
170 14
45 7
153 37
60 209
172 218
189 121
237 79
83 185
171 129
31 32
40 130
134 24
91 171
250 58
128 45
246 193
113 203
95 34
196 201
219 227
163 258
171 136
86 232
78 65
263 135
23 166
179 87
180 213
135 228
166 93
150 99
150 226
230 216
126 178
4 172
101 10
101 134
263 8
55 251
169 92
28 133
12 171
100 92
138 101
222 34
240 203
22 40
219 170
58 250
44 218
24 134
13 170
95 160
227 141
185 83
110 79
128 228
172 0
40 21
110 206
172 7
170 141
33 223
13 43
208 187
218 45
129 101
48 216
167 149
113 203
56 84
143 42
36 222
36 131
26 98
226 149
5 228
172 130
244 196
242 73
86 180
51 253
25 98
171 11
171 138
161 156
76 67
213 180
115 72
244 69
178 215
18 168
226 22
171 9
75 67
160 157
127 175
45 5
215 50
66 119
128 172
2 101
163 28
151 261
200 197
30 224
71 199
96 159
143 100
128 228
0 172
189 121
90 47
7 45
256 170
31 96
257 40
8 172
27 163
249 59
45 1
4 228
177 88
183 211
169 143
224 28
195 202
26 98
226 149
41 145
50 215
196 117
179 87
262 12
101 135
230 89
171 11
192 78
98 25
194 76
139 135
53 86
150 166
263 8
192 205
219 168
155 260
203 194
30 160
11 228
182 85
152 38
211 184
219 169
2 101
210 235
208 61
170 140
158 33
15 43
159 223
153 37
21 40
172 91
21 167
100 143
7 45
129 43
223 31
197 200
224 29
45 91
129 101
263 130
4 228
49 215
95 34
16 169
155 224
139 171
171 136
99 21
191 78
177 88
228 134
179 87
13 135
177 126
157 161
226 149
65 205
34 29
203 194
53 213
242 199
228 8
45 130
78 192
86 105
44 137
194 76
224 154
48 127
182 85
215 50
184 84
169 92
2 101
226 19
81 188
100 144
158 33
171 255
83 58
153 37
167 21
0 172
248 188
100 144
134 148
100 141
33 223
73 197
156 224
36 27
101 1
216 174
40 22
239 76
161 95
74 197
97 155
164 258
133 27
85 233
78 64
134 136
101 6
241 73
140 262
101 136
102 216
193 204
98 150
103 88
17 42
165 221
72 242
8 101
136 262
42 18
150 226
29 133
20 99
91 228
127 175
132 45
113 75
39 149
2 45
19 168
28 36
171 8
145 227
222 34
71 199
58 210
142 100
2 101
1 136
0 101
17 100
186 209
14 170
222 224
227 143
81 60
154 36
59 122
89 47
22 167
49 215
6 45
173 128
33 158
131 164
44 9
92 169
131 101
215 177
228 133
114 200
221 163
101 136
98 153
226 149
98 150
24 225
76 66
221 38
136 101
228 8
262 9
169 145
35 156
79 191
67 203
34 30
195 74
95 162
113 75
101 132
92 42
79 190
28 36
152 260
69 201
30 224
72 71
83 57
111 78
101 129
172 0
0 228
154 164
59 82
129 42
31 96
227 143
261 150
27 163
122 186
128 45
167 149
204 239
96 33
128 46
158 160
146 99
133 27
148 99
19 41
2 172
23 166
165 25
95 36
75 195
157 161
259 33
44 10
98 24
169 17
172 131
101 9
39 150
178 214
6 101
99 150
156 260
139 44
218 101
169 16
142 135
202 113
57 211
132 263
168 146
155 163
25 133
170 140
33 31
15 43
134 19
26 164
190 247
46 90
81 188
207 237
97 30
142 227
96 159
100 16
261 150
36 27
147 168
172 128
120 64
164 26
96 33
100 139
162 95
171 12
133 27
92 170
101 4
129 45
39 23
178 87
163 95
144 42
34 157
11 44
78 64
40 93
204 193
87 52
86 180
8 101
172 3
53 252
150 226
25 225
11 171
157 34
169 16
15 262
202 113
183 84
2 45
184 123
28 36
224 154
257 165
31 160
197 73
146 134
216 48
129 228
45 128
101 0
109 207
134 149
72 71
159 223
168 256
134 22
173 217
41 147
2 263
3 228
176 89
172 6
255 173
35 222
202 68
260 153
155 35
64 206
168 220
39 23
178 87
36 222
16 169
102 217
44 138
259 157
24 225
7 228
221 38
243 198
243 70
166 94
66 77
150 226
151 98
44 11
90 228
254 49
14 262
139 101
56 211
41 219
250 184
20 99
189 207
18 100
97 29
172 255
172 133
164 153
101 129
2 136
60 249
217 173
7 45
256 169
96 223
41 129
261 149
163 154
122 187
218 44
3 228
14 100
172 6
255 173
226 93
43 140
189 80
170 219
64 206
49 215
101 6
25 38
54 85
228 9
102 217
226 148
24 98
162 156
53 125
94 165
181 213
213 181
221 166
53 252
98 150
225 151
34 258
165 221
228 136
5 172
74 241
245 67
219 168
146 41
170 92
62 80
74 69
95 162
45 128
135 18
238 205
59 209
91 44
60 249
163 27
224 157
142 227
159 32
256 42
97 157
46 90
0 228
217 174
82 186
89 48
160 96
255 172
220 226
165 257
153 133
170 219
168 19
263 133
22 166
201 241
262 14
9 101
228 90
44 138
98 151
104 87
180 252
10 262
166 151
213 181
172 3
66 77
29 35
132 157
21 99
98 26
176 254
132 45
178 214
6 101
41 219
123 56
84 107
133 153
13 170
156 97
43 142
57 211
227 141
101 130
129 263
41 20
236 81
209 59
129 41
32 223
256 42
45 7
17 227
61 208
172 128
2 228
164 26
45 133
43 15
158 160
38 130
80 62
218 43
206 190
133 136
194 118
51 214
14 135
176 127
157 161
171 11
78 64
93 168
133 101
94 166
228 135
243 71
135 137
228 7
40 220
132 157
66 204
225 153
169 16
262 141
241 201
166 23
263 6
64 79
162 28
133 153
139 44
31 160
12 227
262 145
49 89
83 58
129 263
249 187
173 90
149 261
170 141
32 96
129 169
82 59
154 36
61 122
171 218
247 190
89 48
135 145
142 43
162 95
170 13
97 154
28 163
228 130
219 41
101 5
152 165
182 212
176 127
101 217
258 34
171 137
41 93
65 204
137 135
39 23
166 24
131 172
17 169
93 40
151 98
193 77
221 38
126 177
95 163
38 25
183 84
136 134
183 124
21 99
98 27
19 99
224 156
46 128
184 84
77 239
148 167
44 218
41 20
45 217
97 30
16 100
223 96
100 15
134 21
46 90
61 121
0 45
190 120
26 37
6 45
73 198
160 31
69 74
135 44
99 20
168 19
132 136
84 184
51 215
182 212
228 10
218 228
99 21
10 171
29 162
204 192
9 262
166 150
136 228
138 262
204 66
35 156
205 65
99 149
30 161
75 68
45 4
241 201
133 228
7 136
191 205
43 219
154 260
44 12
99 93
15 43
17 262
77 239
83 58
47 90
186 122
81 109
82 187
143 227
223 158
14 43
96 158
237 207
0 101
91 171
101 2
238 78
83 184
45 255
221 225
130 166
152 133
218 44
3 228
92 169
101 5
51 215
172 5
68 75
98 154
226 148
10 171
29 162
101 6
178 87
150 39
101 136
4 45
179 125
156 162
24 225
193 77
161 157
136 101
262 140
138 101
68 117
134 263
19 168
85 106
80 189
146 226
155 97
128 173
95 161
26 164
40 149
136 130
20 168
82 109
60 82
141 43
33 96
199 71
148 134
17 227
40 147
91 172
247 190
227 15
19 134
43 15
33 158
43 140
152 133
234 210
19 41
263 132
166 149
227 12
15 135
143 42
91 101
44 139
206 190
86 232
125 181
87 51
70 243
53 213
86 180
101 134
161 29
137 171
33 259
34 30
67 203
181 86
11 228
85 55
93 40
64 78
219 169
153 98
146 226
36 95
70 201
84 56
227 141
3 101
216 47
249 186
27 36
29 224
100 143
31 223
170 14
134 45
100 17
187 81
45 91
120 63
175 89
32 223
72 198
161 95
166 257
152 133
226 146
123 185
129 45
66 246
152 165
35 222
175 127
157 161
139 171
190 79
92 168
192 78
3 172
150 39
10 101
86 180
253 179
34 156
150 98
149 226
89 229
67 203
135 13
228 138
228 7
136 134
131 228
162 28
26 225
99 146
155 97
169 16
262 144
227 140
246 65
48 89
101 128
209 235
172 8
40 257
158 96
14 227
58 210
90 174
121 188
172 218
228 128
79 111
159 96
71 72
222 161
196 201
81 61
83 235
80 63
169 219
101 4
88 50
16 135
196 201
37 221
12 44
44 9
105 86
168 18
136 135
23 166
199 242
4 45
178 126
93 39
132 158
132 32
93 166
101 8
37 94
200 115
7 101
177 215
145 41
35 155
136 171
131 36
163 222
16 42
132 45
100 13
40 149
43 219
207 62
218 172
151 261
197 73
32 159
227 141
20 261
153 37
189 248
45 217
209 60
47 216
210 58
43 15
225 94
201 70
134 24
83 235
250 58
45 1
40 22
227 13
45 132
42 16
218 227
131 163
260 155
29 162
145 168
45 3
55 85
53 213
131 172
178 126
93 39
44 138
44 11
25 225
228 135
94 164
214 52
117 196
136 135
78 191
155 162
63 79
20 99
36 95
138 101
172 132
152 38
58 210
48 89
189 207
99 146
81 187
140 43
159 32
43 129
7 172
110 79
167 21
172 218
128 101
216 174
134 172
227 14
158 159
100 17
134 24
154 36
62 207
219 42
184 210
177 88
34 222
16 169
221 163
163 258
225 26
213 105
78 65
51 215
182 212
179 87
180 213
76 194
89 103
150 99
99 150
25 225
101 8
12 262
214 52
117 196
135 263
65 78
219 169
79 190
131 36
224 155
127 174
161 222
215 50
246 66
136 131
80 189
36 154
8 45
144 227
159 159
71 199
147 134
174 217
101 128
136 0
228 128
47 217
172 7
72 198
96 33
227 144
134 24
108 82
129 101
263 131
246 192
13 100
222 161
169 143
92 100
44 139
225 26
212 106
182 251
167 220
39 23
165 24
139 262
178 126
103 216
204 65
138 44
161 156
135 101
164 221
228 137
117 196
215 51
101 132
22 99
63 79
12 171
28 224
42 143
34 95
25 165
149 167
1 45
168 146
218 171
45 135
170 140
31 160
129 171
83 58
143 100
60 209
172 217
81 187
143 227
134 172
256 170
222 224
40 130
261 151
19 226
168 20
263 131
246 192
239 76
161 95
16 169
33 158
195 202
206 190
219 42
228 132
136 8
196 117
73 115
139 262
17 169
30 34
204 65
44 11
156 34
76 67
4 172
53 86
150 166
167 93
251 181
41 219
190 206
203 194
37 94
254 48
262 143
177 215
119 193
89 175
58 250
108 210
135 172
144 227
30 224
71 199
261 147
37 26
82 60
91 45
62 248
227 16
223 158
199 72
222 224
130 167
187 81
154 36
62 207
263 130
83 185
88 49
135 144
196 201
155 224
99 19
154 133
148 99
191 78
40 93
69 244
73 114
94 37
42 17
94 39
11 44
150 226
225 151
7 228
180 86
72 242
150 166
178 214
5 101
149 226
10 44
258 162
221 37
42 143
15 262
202 113
246 66
45 129
58 250
108 210
45 135
13 170
98 94
71 199
172 133
48 89
120 190
90 173
208 60
27 37
31 223
43 14
159 32
167 257
261 150
235 209
80 62
130 136
210 58
25 37
135 144
201 69
100 219
226 146
189 80
35 28
168 18
136 7
195 117
151 165
213 54
76 194
152 225
132 160
225 23
167 220
42 144
53 213
228 136
197 243
136 262
78 192
99 149
260 29
20 99
27 224
42 143
85 55
139 100
39 149
2 45
63 79
155 163
155 97
39 257
94 225
142 170
58 210
238 205
247 63
45 218
60 81
217 174
59 82
14 170
223 31
14 43
60 208
91 172
41 147
172 128
210 58
112 204
95 34
200 70
33 158
68 75
62 207
155 35
4 228
134 136
228 133
24 38
94 36
253 177
225 26
171 11
65 205
220 40
125 179
135 11
86 180
166 23
3 45
18 169
168 92
206 64
171 139
161 157
10 228
55 212
75 240
228 5
92 42
228 3
163 28
44 135
170 140
34 95
72 71
210 184
216 48
82 59
46 90
81 188
17 100
31 223
169 129
96 33
41 130
134 23
109 81
228 128
91 170
149 40
176 89
160 96
70 73
224 29
19 226
27 260
170 219
124 183
134 136
23 166
165 24
221 163
68 75
229 90
132 160
158 132
220 40
42 144
45 4
228 136
23 39
9 135
18 169
29 35
25 225
99 148
154 98
48 127
162 222
113 75
194 245
129 172
57 250
171 91
25 133
69 201
225 221
170 15
133 45
48 89
101 129
44 218
248 188
173 90
59 82
142 227
32 223
14 43
150 134
236 208
128 101
170 218
247 191
37 153
211 56
70 73
158 160
12 44
207 189
21 226
19 41
220 41
84 183
241 74
45 131
75 195
217 229
138 171
30 259
104 88
66 204
87 52
213 53
243 70
87 178
18 169
104 214
98 25
226 21
161 157
68 202
5 172
165 152
56 211
42 219
79 190
84 107
136 171
165 130
98 93
15 43
133 45
175 216
40 148
173 217
147 40
236 80
149 261
170 141
223 223
41 129
97 157
154 36
80 61
1 172
148 40
49 216
18 135
173 128
93 99
99 19
154 225
99 21
56 124
88 49
228 133
25 38
54 85
202 68
90 102
22 226
30 259
29 162
204 193
52 214
24 166
116 197
262 10
42 18
168 93
171 10
21 99
26 225
10 228
45 5
114 74
149 166
92 41
123 57
218 170
62 80
145 227
222 35
142 170
172 133
238 205
228 2
46 90
122 60
163 27
82 186
256 169
223 96
198 199
82 59
18 227
122 187
129 136
101 3
239 77
135 145
100 139
224 29
130 165
133 26
28 163
79 64
136 6
67 245
11 101
36 222
75 195
157 161
11 44
44 10
87 231
134 101
3 172
116 71
135 228
10 135
42 18
104 214
98 24
66 203
94 165
101 9
85 54
87 178
194 245
263 6
41 19
107 211
154 97
18 100
97 29
139 100
135 18
89 175
40 148
174 217
187 122
81 109
149 261
129 42
159 159
14 43
59 209
100 17
20 41
172 128
191 120
77 111
18 135
200 70
156 224
227 145
153 133
99 20
184 250
41 92
67 245
38 152
54 85
202 68
94 38
11 44
205 191
40 93
77 66
221 38
9 228
136 228
135 137
204 66
231 87
10 44
66 203
34 30
75 68
262 141
74 241
149 166
263 6
146 41
99 148
207 62
100 145
226 220
43 142
211 184
216 49
120 191
90 174
188 208
18 100
30 224
43 14
223 96
129 169
134 45
109 81
187 249
45 1
21 167
78 111
160 96
255 172
93 99
100 18
154 224
84 234
101 3
215 176
5 228
114 201
45 132
143 42
153 225
34 131
132 30
93 168
53 125
135 10
54 86
24 39
3 45
252 180
29 35
78 191
34 259
157 34
42 143
14 262
51 87
166 23
215 49
56 251
170 92
225 154
99 146
31 160
142 170
160 223
216 49
130 228
47 90
81 188
18 100
149 261
227 16
32 32
43 141
22 261
154 36
41 147
136 2
148 40
216 175
6 45
128 45
158 160
257 38
97 154
163 155
228 130
168 219
67 245
12 100
5 45
16 169
228 90
203 67
10 171
41 93
125 180
135 10
70 243
243 71
38 221
144 42
40 220
225 151
44 11
161 157
126 177
222 36
178 214
39 150
172 2
4 101
99 148
189 207
12 171
160 158
139 100
144 135
112 77
148 167
91 44
228 1
36 154
60 82
129 41
223 223
71 72
186 82
144 100
248 61
263 128
101 2
175 89
83 184
15 170
94 98
201 69
97 155
163 155
130 101
136 5
149 39
12 100
222 162
228 10
30 34
34 131
206 191
226 150
77 65
220 39
116 70
151 165
138 262
66 77
220 167
10 44
193 77
90 229
126 177
163 222
201 114
228 6
263 7
206 64
28 35
189 207
139 44
158 33
139 100
56 211
227 141
246 64
263 3
59 249
18 100
97 29
100 143
96 160
170 14
59 209
46 90
121 188
136 1
21 167
142 227
146 261
199 71
222 161
201 69
97 155
107 83
130 101
219 42
5 228
51 215
35 222
101 137
157 161
203 67
29 260
86 232
6 228
87 51
197 116
180 86
87 179
76 193
40 220
137 171
33 259
165 221
194 75
163 221
138 101
6 101
129 172
131 228
28 35
80 189
139 44
158 33
170 15
84 56
239 204
246 65
128 172
228 1
154 163
156 97
143 227
96 31
129 170
31 96
27 164
40 147
172 0
129 101
100 142
58 83
227 13
31 33
227 145
28 97
99 20
250 58
92 169
211 57
177 88
132 172
137 228
30 34
162 258
137 44
29 162
6 228
220 39
166 150
180 86
180 213
134 228
156 161
150 98
99 149
157 34
177 253
163 221
101 11
166 23
88 177
146 41
85 106
80 189
12 171
100 92
15 43
144 135
26 164
40 149
170 92
228 1
235 82
23 134
73 70
223 158
71 72
186 82
100 17
248 61
173 90
247 190
164 26
134 146
255 171
160 31
130 166
61 208
146 99
228 129
42 92
84 184
38 152
15 135
16 169
154 224
162 258
44 10
99 22
145 169
9 262
135 101
228 10
94 38
101 134
225 24
132 158
204 193
225 152
42 144
135 13
38 24
23 39
7 136
78 191
169 92
136 171
44 12
31 160
174 254
6 172
152 37
4 101
219 170
249 186
36 154
60 81
227 16
224 222
43 129
148 134
100 16
228 1
0 45
101 1
206 238
185 210
170 142
31 33
43 140
261 152
155 36
123 185
92 169
57 84
202 240
143 262
138 228
164 94
99 20
44 9
219 41
132 101
130 45
7 228
137 228
86 180
194 203
156 161
31 132
99 149
230 216
135 101
262 139
179 214
244 69
3 45
101 132
28 35
136 171
195 75
224 155
69 201
222 34
203 112
58 210
263 4
207 62
91 45
24 134
73 70
96 160
198 72
210 185
143 100
62 121
0 172
228 128
174 89
210 58
43 15
221 225
130 166
135 45
44 91
80 62
216 175
57 83
240 76
222 161
74 196
27 97
67 76
206 190
92 169
124 181
93 167
228 134
242 72
164 94
178 126
230 88
65 77
77 65
157 34
101 8
139 135
242 200
182 85
130 172
101 132
212 233
153 98
163 131
219 100
169 16
84 56
25 164
246 65
128 172
189 207
209 235
29 224
73 70
224 222
170 256
158 223
47 90
21 40
0 136
62 248
164 26
96 31
171 129
158 160
197 200
97 155
154 36
146 168
263 131
184 210
227 13
85 183
16 169
155 224
202 67
136 44
22 226
124 182
167 220
134 101
72 115
45 131
178 126
220 166
65 77
65 204
34 30
17 42
94 164
115 72
196 244
167 93
124 55
213 232
136 171
131 36
221 36
101 11
56 212
13 227
246 66
136 131
250 185
163 27
97 29
197 73
160 223
15 43
83 58
153 37
128 228
172 0
60 82
164 26
96 31
14 170
223 160
167 257
224 29
45 91
189 80
172 128
101 4
25 38
211 56
47 254
160 31
163 258
133 28
35 28
55 124
135 136
7 228
179 87
53 86
194 203
89 103
171 11
138 44
152 98
101 8
45 4
228 137
228 7
178 215
182 124
156 162
136 171
226 20
227 218
254 47
132 45
177 215
40 149
4 136
80 189
218 171
155 97
144 227
34 95
198 72
134 45
206 110
62 121
0 172
148 40
37 153
20 134
198 199
222 224
130 167
45 8
209 108
189 80
219 43
228 131
164 25
143 262
127 47
158 160
195 202
155 133
28 162
64 205
130 45
117 69
214 179
135 139
42 17
161 30
99 22
138 44
215 103
8 228
12 262
165 151
117 196
51 88
168 145
232 86
206 63
35 258
27 224
16 42
35 95
227 140
40 149
1 45
250 185
210 235
8 45
196 74
33 31
72 71
7 172
238 206
187 82
173 217
62 248
207 237
83 185
227 14
31 96
100 16
24 261
218 45
20 41
172 128
167 149
25 37
34 222
254 174
158 160
12 44
98 153
212 106
78 64
88 50
55 85
241 73
262 13
76 194
94 39
159 259
10 171
29 161
52 126
4 172
72 242
197 244
51 87
65 78
92 41
225 152
67 203
157 34
175 254
15 262
75 240
57 211
175 216
41 19
44 218
81 188
43 13
161 222
255 44
223 32
15 227
120 190
217 46
81 187
237 80
59 83
43 14
158 223
73 197
156 224
218 45
1 228
174 89
192 119
176 88
34 222
174 128
155 224
37 131
260 154
148 99
55 124
93 167
166 150
241 73
94 36
228 9
225 25
204 66
171 137
230 215
52 126
180 86
151 38
166 23
93 39
65 78
162 29
133 156
203 194
94 164
201 196
162 222
12 227
39 149
216 48
206 63
210 234
25 133
13 170
160 158
140 100
261 146
205 111
63 120
172 0
60 81
47 217
96 31
170 141
222 224
170 14
172 135
154 36
168 20
47 216
40 22
49 215
211 56
142 43
160 31
19 226
80 62
106 85
205 191
136 7
228 133
73 114
4 45
101 136
38 221
77 193
225 23
93 167
134 101
38 94
86 180
243 70
166 93
125 54
23 99
98 25
76 67
161 157
69 201
45 5
75 240
118 193
136 132
3 101
91 44
28 224
196 74
98 94
15 43
45 6
142 100
247 63
0 45
0 228
173 90
7 45
256 169
223 160
141 170
60 209
81 236
128 101
47 217
83 185
216 176
144 262
12 101
31 33
68 75
44 9
85 233
191 78
215 177
39 23
101 138
163 94
50 253
102 217
99 22
78 65
167 220
193 77
214 179
242 198
166 23
130 172
65 77
168 93
171 10
148 226
157 34
202 195
85 55
165 152
5 101
92 42
19 168
20 99
155 97
43 13
97 30
200 198
159 223
89 175
82 59
128 263
228 0
227 17
209 59
256 169
32 96
16 227
156 224
172 217
41 147
136 3
185 210
176 89
135 144
200 70
156 224
195 202
44 9
92 170
206 191
129 45
183 211
25 38
45 131
101 136
217 229
204 66
98 151
40 93
169 17
138 135
86 180
197 243
9 135
180 125
232 87
171 10
67 203
27 225
16 42
45 5
240 202
132 228
89 176
146 41
28 36
27 224
201 196
158 33
197 73
223 32
100 15
167 21
136 129
248 188
154 163
157 97
71 199
159 96
168 256
30 97
236 208
41 147
172 128
185 210
14 100
262 18
73 197
99 220
226 146
154 225
211 106
146 168
136 6
118 68
25 38
135 141
9 101
34 157
160 259
225 24
35 29
252 53
165 221
243 198
181 86
52 87
193 204
214 231
259 30
161 131
161 157
127 176
132 45
152 38
5 101
219 168
250 184
234 84
207 62
100 145
162 222
140 100
172 133
216 48
64 120
45 128
101 0
163 27
186 209
227 15
96 32
227 143
209 186
154 36
168 20
263 129
101 3
141 227
145 262
12 100
95 35
18 226
136 44
84 234
56 124
215 176
84 183
178 87
172 5
49 253
221 165
226 148
64 205
225 150
145 169
10 262
213 54
116 198
262 10
6 101
156 162
30 132
131 34
217 101
176 254
212 181
178 214
211 183
129 172
146 41
147 226
189 207
140 43
156 97
172 255
33 96
37 26
3 101
2 136
0 101
227 17
97 30
227 15
96 32
42 129
134 45
27 163
0 228
129 136
186 209
141 227
135 145
142 43
93 99
227 145
154 224
92 170
123 184
41 92
166 149
228 12
45 132
195 202
225 26
34 131
171 137
156 35
180 252
10 262
198 116
54 213
94 38
6 101
214 231
98 24
44 11
94 165
228 136
5 172
138 101
194 245
41 219
4 101
107 211
9 44
130 38
35 95
173 255
223 33
100 14
120 191
90 174
60 249
36 154
186 209
168 129
32 159
15 227
22 261
27 163
20 41
263 129
2 228
100 142
160 96
172 128
99 220
13 43
153 133
234 211
130 101
168 219
22 166
38 152
85 182
42 16
98 153
76 194
44 10
231 214
66 204
52 214
213 54
53 213
221 165
18 169
214 231
44 137
259 161
165 221
202 195
212 181
38 25
183 84
6 136
4 101
28 35
27 225
68 202
95 162
173 255
184 84
89 176
64 120
136 129
168 147
173 90
149 261
143 227
223 32
72 198
261 149
17 227
0 101
218 44
129 101
78 111
172 6
45 255
29 97
257 38
44 9
91 170
206 190
219 41
245 194
240 75
95 35
49 254
161 30
148 99
156 133
156 35
228 133
10 262
197 116
39 151
165 94
134 228
35 156
78 191
44 11
34 30
42 144
132 45
152 38
39 150
134 263
131 228
162 28
225 154
171 139
99 93
170 15
133 45
77 239
21 40
130 263
60 249
227 18
157 97
73 70
159 32
72 198
82 59
144 100
81 61
263 128
63 247
238 78
45 133
255 172
97 157
145 100
8 171
234 210
3 228
132 136
149 39
152 165
15 135
42 16
221 164
226 148
260 156
41 93
204 192
93 166
228 135
198 243
38 221
42 17
24 98
151 98
77 66
26 225
17 42
45 4
74 241
39 150
136 134
131 228
85 106
80 189
37 258
33 31
227 139
262 144
216 49
130 228
263 3
1 101
208 236
134 150
70 200
95 224
72 198
31 96
144 100
167 20
128 136
186 209
142 227
210 57
140 227
225 94
145 100
208 188
147 99
57 123
219 42
228 132
113 202
45 132
68 75
228 91
67 76
137 44
41 93
125 181
39 93
54 85
151 165
179 214
125 52
40 220
132 158
171 138
157 34
67 202
262 140
228 138
195 244
41 220
191 205
219 169
44 136
139 44
28 224
228 139
160 222
88 176
149 167
263 3
249 186
154 163
23 134
130 41
159 159
199 71
82 59
154 37
188 248
45 91
247 190
89 48
32 223
171 128
34 222
43 140
155 224
155 36
3 228
176 89
193 118
88 50
45 132
69 74
154 225
131 162
260 156
162 156
181 252
135 9
228 135
242 72
213 53
193 203
29 34
23 225
193 77
225 152
144 169
213 181
214 52
68 117
177 215
168 146
169 92
27 133
164 131
97 28
201 197
17 262
153 37
101 130
174 216
59 249
18 100
134 150
13 170
158 96
43 141
158 223
144 100
187 81
46 217
186 209
111 206
159 96
100 140
33 158
17 227
171 135
107 83
168 19
263 132
193 119
165 25
5 45
74 196
218 228
171 12
152 225
232 213
145 169
220 39
70 244
10 101
221 165
101 134
215 230
158 259
193 77
94 166
177 253
164 221
179 214
68 117
50 88
182 124
35 155
260 27
68 202
100 92
69 201
45 6
203 112
210 185
175 216
62 80
108 209
150 261
130 40
224 222
43 141
158 223
47 90
167 20
172 0
121 63
111 206
172 6
199 71
31 33
100 17
208 188
155 36
101 2
132 136
4 228
165 25
162 95
69 74
37 221
44 139
9 171
213 105
18 41
214 178
69 244
228 10
180 213
144 42
161 29
137 171
132 32
225 152
76 67
13 262
24 165
101 134
40 220
18 168
233 85
63 79
44 12
31 160
11 228
262 143
37 25
58 210
48 89
122 59
235 82
24 134
140 43
222 97
71 199
31 96
16 227
208 187
263 0
187 209
100 143
159 96
72 198
157 224
100 17
135 45
36 28
129 101
1 172
83 184
88 50
132 172
101 138
33 157
44 139
152 225
86 232
78 65
172 130
134 101
24 38
86 180
67 76
39 220
99 23
150 226
157 34
169 17
139 135
242 200
182 85
172 3
251 182
169 92
26 225
147 226
97 28
228 138
5 172
152 37
40 149
216 48
62 80
218 172
60 81
100 144
159 159
43 141
158 223
206 110
167 21
91 172
167 148
110 206
58 83
227 14
31 33
227 144
135 45
171 218
101 2
131 136
83 184
215 177
132 172
143 42
158 160
194 202
79 63
35 29
55 124
172 130
182 212
242 72
53 86
169 144
230 89
150 99
32 259
220 39
101 8
213 180
87 179
134 228
135 263
228 5
219 169
153 98
20 99
160 158
169 16
85 56
203 113
40 149
45 128
123 58
19 99
172 8
227 17
224 222
15 43
223 31
47 90
189 248
172 217
167 148
206 237
223 158
170 141
158 223
200 70
97 156
172 218
101 2
136 4
65 246
88 50
84 183
69 74
33 158
226 147
63 206
226 149
41 145
40 93
117 69
115 200
4 45
17 169
225 25
23 226
77 65
98 25
169 17
221 37
165 151
244 69
51 88
101 132
29 35
133 155
12 171
160 157
47 127
135 16
25 165
22 40
42 219
228 2
146 226
97 28
197 73
224 157
71 199
223 32
37 26
121 189
91 45
62 248
237 79
7 45
170 129
159 32
43 140
224 29
45 91
189 80
216 175
246 192
203 239
95 34
196 201
95 36
75 195
63 206
149 99
228 132
50 215
55 85
214 179
86 180
253 178
39 220
138 171
150 226
161 156
126 178
213 180
86 180
85 55
3 45
145 41
156 162
9 44
226 20
94 164
143 169
35 95
140 100
119 193
4 136
101 129
235 83
97 28
257 166
97 30
14 227
223 32
89 174
209 187
46 90
208 60
154 164
172 7
43 14
97 222
170 13
151 134
27 163
101 2
172 128
210 58
13 100
45 133
138 228
92 100
131 163
225 26
35 28
78 64
220 40
182 212
228 10
131 172
51 253
225 25
159 259
132 31
39 93
7 228
11 262
199 115
117 197
214 51
132 228
22 99
190 206
139 44
228 218
48 127
45 5
165 152
84 57
89 175
146 41
171 91
261 25
201 196
221 98
142 170
58 210
79 238
120 190
136 128
147 40
100 144
83 186
100 141
223 31
170 13
156 224
209 108
186 249
47 216
131 101
176 88
133 172
47 255
31 33
202 68
154 133
42 92
182 251
40 93
6 228
101 138
172 4
50 253
221 165
11 44
259 158
230 215
193 76
38 94
213 53
23 39
262 9
145 42
213 232
260 29
139 44
101 91
201 196
45 5
202 113
184 84
45 129
130 228
28 36
208 61
140 43
222 34
198 72
185 83
175 216
21 40
263 1
188 121
110 207
7 45
129 43
160 96
170 14
8 172
108 82
128 101
219 43
246 192
37 153
183 211
173 128
227 92
12 44
225 26
42 92
56 124
177 88
133 101
114 200
213 54
67 75
225 26
171 11
150 225
230 215
7 228
52 214
242 199
116 197
39 220
65 77
29 35
29 133
99 148
154 98
127 175
45 5
139 100
118 193
169 92
3 101
99 147
97 28
170 140
161 222
227 140
210 184
26 164
148 167
0 45
0 101
37 154
31 223
72 71
32 32
200 70
172 135
100 18
207 189
3 263
167 149
227 14
84 183
46 255
92 99
44 139
154 133
233 212
101 4
7 263
85 183
11 101
135 140
202 68
94 38
66 77
44 10
215 104
42 144
52 214
198 115
23 39
178 214
204 65
35 156
206 64
194 76
91 228
16 42
162 222
88 178
118 194
132 263
206 63
155 163
133 152
130 38
94 225
45 128
223 32
78 238
186 82
0 172
61 81
154 164
7 45
170 141
159 32
16 227
261 150
217 45
80 61
218 43
83 185
164 26
133 172
197 200
224 29
226 146
260 154
155 35
19 41
220 41
23 166
241 74
45 131
75 195
165 94
160 259
137 44
93 167
42 144
131 45
24 166
23 39
136 262
125 53
150 226
206 64
258 161
94 164
75 68
172 132
227 139
194 245
45 129
146 41
170 91
260 25
227 18
93 225
73 70
146 134
100 15
129 228
2 136
20 167
80 109
209 59
169 129
32 159
143 100
209 187
27 163
207 188
1 172
130 101
14 100
18 135
15 170
31 33
37 131
207 189
170 219
19 41
6 263
195 118
114 201
14 135
68 75
90 102
66 77
259 157
151 98
145 169
87 52
101 9
70 116
172 3
193 204
41 220
30 133
44 11
157 34
137 101
14 262
38 25
67 118
219 168
146 41
107 211
26 133
100 145
95 162
73 70
18 262
175 216
129 228
91 44
61 81
109 208
45 134
142 227
159 32
256 41
60 209
46 90
60 122
44 91
3 228
153 164
211 57
46 255
29 97
195 201
207 189
234 211
41 146
45 2
211 56
228 11
95 36
49 253
102 217
161 259
24 98
98 23
145 169
165 221
136 101
116 198
94 39
101 133
225 23
259 30
161 131
26 225
254 49
14 262
178 214
56 211
88 176
19 168
163 28
224 154
13 170
162 222
170 15
84 57
175 216
82 59
217 47
0 228
27 36
59 82
141 43
96 32
43 141
97 157
90 173
188 81
218 44
209 59
14 100
223 160
12 100
29 97
201 69
44 9
211 107
63 206
45 2
39 22
178 87
5 45
16 169
221 165
171 11
205 191
29 162
228 133
38 94
181 213
166 24
165 94
145 42
29 35
157 259
11 171
221 38
75 68
36 95
241 201
194 245
263 6
101 130
211 234
9 44
100 145
31 160
128 172
262 145
77 239
228 3
218 171
188 208
100 145
97 30
199 198
159 159
198 199
59 209
217 46
228 0
2 263
120 64
78 111
211 57
200 70
95 35
13 43
44 9
147 99
101 3
176 88
67 245
87 51
85 182
254 176
30 34
99 21
44 10
23 226
125 180
179 87
243 198
213 180
45 130
101 134
167 93
132 157
66 204
229 217
75 68
132 45
152 38
133 228
45 129
206 64
226 21
9 44
99 146
95 162
15 43
160 223
77 239
148 167
128 172
61 81
145 227
224 157
199 198
223 159
169 256
82 59
36 27
101 0
90 46
186 209
164 26
133 172
73 197
226 93
18 227
189 80
43 91
63 206
129 45
228 132
215 178
35 222
16 169
221 164
131 161
133 29
231 214
18 42
45 3
116 70
228 9
45 131
66 77
87 104
171 10
77 66
94 165
169 17
95 163
138 101
195 245
129 172
131 228
21 99
171 9
258 164
160 158
142 170
172 133
227 141
40 148
218 171
128 228
18 100
97 30
141 43
96 96
72 198
30 97
36 27
0 228
218 44
2 228
153 164
159 96
100 140
33 158
140 170
97 155
218 44
57 123
45 2
245 194
178 88
45 132
176 127
157 161
226 148
10 171
105 87
101 6
130 45
150 39
24 39
131 172
101 134
151 225
171 10
77 66
30 161
50 126
163 222
11 228
166 23
2 45
183 124
162 28
171 9
99 146
224 156
200 197
144 135
153 37
148 167
217 47
1 101
172 90
150 261
256 168
96 160
199 71
21 261
90 173
0 101
0 172
82 186
227 15
19 134
255 172
157 224
196 201
28 97
107 83
206 190
176 89
228 132
240 75
172 5
48 254
34 157
194 203
156 133
162 156
65 204
9 262
166 150
180 86
11 135
204 66
24 98
259 31
33 259
102 89
253 50
54 213
38 24
228 6
129 172
228 4
92 42
189 207
258 164
35 95
200 197
172 133
26 164
167 22
91 43
122 59
163 27
60 82
168 130
95 224
170 14
261 148
144 100
81 60
1 263
190 120
175 89
146 261
128 44
34 222
257 39
61 208
234 210
63 206
219 42
22 166
25 38
15 135
42 16
98 154
76 194
79 63
35 29
77 65
166 220
70 243
101 136
38 221
17 169
220 167
10 44
171 138
216 102
9 228
221 36
179 214
166 23
136 134
168 146
99 148
133 154
202 195
163 222
46 128
183 84
49 88
22 40
43 219
207 62
145 227
8 45
13 170
32 159
141 100
223 31
144 100
228 0
90 46
2 228
89 48
146 261
13 100
157 224
140 170
135 44
28 163
2 228
136 5
246 193
202 240
222 162
16 169
161 30
162 258
25 98
35 29
54 125
135 9
117 70
53 213
94 38
52 253
24 98
259 31
160 132
216 102
228 135
45 4
52 87
101 134
129 172
251 182
155 162
154 260
75 68
160 158
254 47
17 262
25 164
101 131
3 136
228 1
154 163
156 97
70 200
160 223
170 14
7 172
37 27
147 167
128 136
167 148
48 216
146 261
198 199
161 95
74 196
135 45
226 146
123 185
169 219
228 131
13 100
16 135
11 101
97 154
147 99
98 152
156 35
145 168
172 130
69 244
151 165
213 53
76 194
98 151
99 23
11 171
221 39
228 135
221 37
73 242
134 228
136 135
168 145
35 155
153 98
258 163
222 36
47 127
211 183
164 152
4 101
170 92
62 80
226 19
135 172
200 197
95 224
71 199
158 223
100 16
128 228
45 0
148 40
216 174
96 32
141 227
221 225
70 74
151 134
155 36
58 123
172 128
83 184
152 165
182 212
127 48
227 91
194 203
260 155
29 162
54 124
220 40
7 228
86 53
4 45
228 8
29 34
132 159
192 77
30 161
203 194
4 172
165 151
101 134
215 50
132 228
106 212
44 136
163 131
31 160
69 201
262 143
100 13
210 185
45 128
62 80
172 91
81 187
70 200
224 222
14 43
223 31
26 164
248 62
263 0
187 209
26 37
223 159
171 129
158 160
130 167
28 97
99 19
250 58
128 45
119 66
50 215
222 161
11 101
158 160
163 258
190 79
226 149
101 5
130 45
166 150
199 242
131 172
42 17
216 230
226 150
150 226
103 89
76 67
37 94
214 52
85 55
93 40
41 18
42 219
136 171
20 99
160 158
196 74
34 95
13 227
83 57
92 43
2 101
171 91
151 261
257 167
33 96
129 171
7 172
47 90
1 101
91 45
209 60
79 110
96 31
100 141
32 32
257 40
97 156
172 218
146 168
170 219
246 192
152 165
262 16
11 101
155 224
171 12
28 260
28 162
41 145
3 172
85 182
228 10
221 164
51 253
89 103
138 171
77 65
152 98
126 178
53 213
38 24
166 23
8 136
101 132
169 92
28 133
36 258
92 227
228 138
172 132
177 215
131 228
169 92
146 41
108 210
155 97
43 13
161 222
227 141
134 45
79 237
1 101
91 45
148 40
16 100
147 261
227 14
33 223
43 140
60 208
218 45
168 20
131 136
228 131
239 76
211 56
254 174
163 95
202 68
79 63
92 169
41 145
136 8
182 212
52 214
213 53
253 178
166 93
22 226
65 205
166 220
126 178
45 4
165 151
117 196
51 88
78 192
232 86
44 136
44 12
33 30
254 48
55 212
76 240
246 66
1 45
129 228
28 36
97 28
196 74
33 31
141 100
223 32
216 47
189 248
90 173
81 187
37 154
158 96
170 141
95 97
200 70
8 172
235 209
62 207
170 219
40 22
49 215
262 17
16 169
224 28
19 226
9 171
99 22
182 251
88 50
196 117
151 165
140 262
169 144
216 229
171 11
65 205
24 225
101 7
221 37
242 199
244 70
9 135
181 124
162 29
156 260
226 20
34 30
143 169
172 132
227 140
246 66
89 175
206 63
99 146
261 25
196 74
30 224
142 170
6 172
164 153
101 129
0 45
20 167
237 80
83 186
227 14
224 95
197 200
81 60
163 154
41 147
128 45
65 246
14 100
95 34
69 74
100 219
146 99
80 62
155 35
228 131
2 172
150 39
87 52
140 262
228 8
30 34
259 33
132 31
103 88
169 17
94 165
228 136
85 54
136 262
18 169
35 156
10 44
76 67
91 228
74 69
85 55
75 240
166 22
48 89
79 190
234 83
44 135
170 140
221 98
140 100
146 134
142 100
228 2
1 136
248 188
174 90
21 134
227 15
222 224
227 143
224 29
108 82
41 147
92 170
40 22
227 14
95 34
255 173
219 227
258 37
9 171
85 233
124 183
45 2
150 39
114 200
54 86
75 194
161 30
259 33
259 158
88 230
76 66
165 221
38 24
243 70
93 39
145 42
219 168
156 260
203 194
98 27
74 69
35 95
215 50
193 245
2 45
146 41
36 155
133 152
257 166
33 31
171 255
223 32
153 37
63 120
0 45
248 188
37 154
134 148
14 170
160 96
141 170
187 82
154 36
168 20
47 217
185 210
37 153
56 84
46 255
162 95
68 75
153 225
92 170
78 64
41 93
117 68
87 52
135 140
195 202
153 225
204 66
78 65
231 215
66 204
135 11
242 198
197 243
51 87
169 145
226 23
225 152
162 131
221 37
127 175
212 182
202 113
84 57
45 129
228 3
91 44
133 152
100 145
157 97
170 15
172 133
78 238
209 186
218 171
61 81
110 207
82 186
14 170
223 32
170 14
156 224
236 208
228 128
128 45
210 58
153 164
223 160
255 173
93 99
195 202
154 133
92 170
191 79
93 168
101 6
228 11
163 95
75 195
34 157
171 11
259 158
156 35
125 179
138 135
24 166
116 197
136 262
169 145
105 214
133 156
34 258
101 91
137 101
15 262
12 227
57 211
129 172
190 206
234 84
207 61
69 201
161 222
170 15
159 223
37 26
2 101
218 171
167 147
80 109
172 7
170 141
223 223
129 168
97 157
100 18
187 249
136 2
191 120
100 141
84 184
15 170
226 93
19 226
207 189
28 162
4 228
45 2
245 195
11 101
262 14
75 195
157 161
44 138
24 98
167 220
204 193
179 87
24 166
70 116
45 130
169 145
35 156
30 133
138 44
27 225
143 169
132 45
152 38
67 118
129 172
3 101
28 36
207 62
130 38
95 162
140 100
133 45
48 89
186 82
128 172
20 168
208 236
82 186
71 199
159 223
16 227
157 224
109 81
122 187
171 218
148 40
26 37
184 211
173 128
162 95
146 99
98 154
211 107
168 19
215 176
211 56
152 165
172 5
42 16
161 30
44 138
24 98
162 156
180 252
3 172
86 181
181 86
39 221
252 180
225 23
191 205
44 11
221 38
169 16
212 181
214 51
39 149
133 263
206 63
107 211
9 44
170 140
33 31
73 70
223 33
48 89
64 120
263 2
168 147
217 173
261 22
42 256
32 32
198 199
172 134
208 109
228 0
172 128
21 167
14 100
57 84
172 128
29 97
170 13
26 260
99 20
63 206
168 219
39 22
74 114
262 14
9 101
161 30
226 148
78 64
156 35
77 66
38 94
151 39
86 54
130 172
252 180
35 156
171 10
148 226
157 34
176 254
135 14
25 165
101 133
176 215
146 41
155 163
62 80
13 170
97 29
100 12
223 33
14 227
191 247
172 1
228 1
236 81
45 134
100 142
96 223
43 141
224 30
144 100
0 228
1 172
40 21
238 78
184 211
140 227
226 93
38 130
62 207
170 218
130 101
172 129
5 228
51 214
95 35
68 75
37 221
258 34
171 137
99 23
252 53
3 172
39 24
243 71
38 221
169 145
104 214
78 191
44 11
34 30
169 16
172 132
87 178
101 133
129 172
56 251
43 219
207 62
171 139
29 224
255 46
57 211
164 153
120 191
174 217
187 122
208 236
22 134
227 16
96 96
14 43
149 134
109 80
0 228
128 45
120 63
153 164
160 96
45 255
97 156
100 18
224 27
155 36
63 206
219 41
101 5
240 75
95 35
10 101
34 157
67 76
24 98
29 162
53 125
172 130
181 213
53 213
165 94
125 52
162 29
98 24
171 138
90 229
50 126
181 86
228 138
150 166
177 215
4 101
92 43
171 9
202 195
156 97
70 200
223 33
26 164
228 3
263 3
1 101
217 172
187 209
256 168
223 32
15 227
186 82
80 236
167 20
263 128
101 2
142 227
6 45
227 13
97 157
227 145
155 224
218 44
250 57
2 172
211 57
240 75
162 95
101 137
161 30
194 203
137 44
162 156
133 101
87 51
23 166
213 180
135 138
252 179
24 98
191 205
22 99
229 217
169 17
163 222
179 214
6 101
172 2
228 4
148 226
133 154
68 202
35 95
70 200
223 33
141 100
228 3
174 217
128 228
208 236
29 224
197 73
31 223
142 100
148 134
110 80
61 121
173 90
209 59
15 100
184 210
15 170
222 161
38 130
44 8
171 218
130 101
2 172
5 228
178 88
262 15
195 202
157 161
44 139
156 133
162 156
54 125
45 3
243 197
180 86
94 38
228 7
29 35
151 98
132 33
102 89
42 144
36 94
138 101
195 244
215 50
4 101
43 219
133 154
139 44
95 162
12 228
172 133
49 88
83 58
128 172
128 228
82 109
8 45
43 14
31 223
129 169
96 158
227 144
147 167
217 173
21 167
238 78
45 133
171 128
221 225
196 201
208 188
210 107
63 206
5 263
22 166
227 12
5 45
196 201
161 30
258 35
152 225
213 105
228 133
51 214
23 166
242 72
86 180
203 66
29 34
137 171
171 138
98 25
194 76
262 140
151 38
166 23
50 88
131 228
85 106
27 133
139 44
224 155
228 139
84 56
77 239
40 149
216 47
59 249
209 235
134 150
170 140
95 224
100 14
186 82
144 100
101 0
91 172
40 21
142 227
172 6
142 43
34 222
144 100
224 28
147 99
185 250
129 45
193 119
165 25
212 55
196 201
161 30
76 194
206 190
35 29
192 78
172 130
23 166
72 115
86 180
126 52
34 156
259 31
44 11
39 94
50 126
213 181
73 241
182 85
215 50
55 251
35 155
80 190
258 163
28 224
228 138
45 6
76 239
119 192
170 92
128 228
91 45
261 23
167 130
31 223
129 170
21 261
47 90
128 228
218 45
59 82
153 164
172 6
100 140
94 98
257 39
224 28
19 226
185 250
169 219
101 4
50 215
222 162
101 138
37 221
139 171
79 63
41 92
54 124
51 214
166 150
115 199
45 131
126 51
166 93
44 137
193 77
166 221
169 17
53 213
73 242
101 134
50 88
191 205
22 99
153 98
68 202
92 227
174 254
135 16
227 140
119 192
45 128
122 59
108 209
208 60
197 73
33 96
199 198
172 134
90 174
60 208
217 173
1 228
79 111
261 20
100 141
158 160
197 201
208 188
146 99
146 168
263 131
101 4
140 227
222 161
48 254
97 154
147 99
98 152
226 149
251 54
172 130
196 117
38 151
180 213
135 228
34 156
65 77
32 259
89 230
51 126
135 12
101 10
23 39
3 45
228 5
22 99
9 44
36 258
155 97
169 16
143 135
88 177
22 40
131 263
41 20
235 82
24 134
227 17
32 159
129 170
96 158
217 47
189 248
45 0
128 101
110 206
96 32
100 141
158 160
257 39
45 8
83 235
101 2
92 169
210 57
113 203
45 132
254 174
100 219
99 20
225 26
149 99
251 55
45 3
7 228
151 165
262 12
135 228
34 157
32 132
65 204
161 157
101 8
86 53
115 73
196 244
40 220
101 132
42 219
79 190
75 68
158 33
143 169
56 212
38 25
66 119
216 48
207 62
171 91
61 81
130 40
95 224
14 227
58 210
79 237
62 121
0 136
60 82
90 47
210 58
199 71
224 95
70 73
208 188
154 36
189 80
92 170
228 131
76 113
262 16
196 201
100 219
202 68
136 44
219 42
145 168
177 88
23 166
179 87
164 94
51 253
25 98
32 132
32 259
230 216
126 178
213 180
199 115
134 228
215 51
168 145
226 22
133 155
12 171
158 33
47 127
34 95
152 38
184 83
136 131
41 19
44 218
8 45
130 39
221 98
129 171
45 7
237 206
62 121
217 45
62 248
227 16
31 223
141 227
95 97
130 167
97 156
218 45
249 59
45 1
131 101
50 215
5 45
254 174
95 36
44 139
136 44
99 22
205 191
40 93
69 244
228 10
172 4
8 101
166 93
99 22
65 205
103 88
126 178
94 164
115 72
55 212
93 40
101 132
42 219
260 28
203 194
30 160
254 48
85 55
177 215
101 131
89 175
123 58
28 36
188 208
69 201
33 31
141 100
147 134
111 79
209 187
0 263
128 101
37 154
83 185
43 256
160 96
197 200
60 208
82 235
168 20
216 175
65 246
140 227
222 161
69 74
160 31
202 68
153 225
233 212
18 41
40 93
117 69
137 228
86 180
194 203
34 157
226 149
158 132
156 34
126 179
86 53
86 180
117 197
87 178
54 251
105 213
137 171
162 131
30 161
196 74
262 142
38 25
119 193
45 129
58 250
91 44
155 97
170 140
97 30
72 71
210 185
175 216
247 63
263 1
188 121
143 227
134 148
227 14
33 223
13 43
60 208
91 172
228 128
92 170
185 210
112 203
84 183
101 138
158 160
131 163
98 153
28 162
18 41
215 177
182 212
214 179
37 221
126 50
225 25
226 149
23 98
29 161
203 193
45 4
180 213
101 135
93 39
6 101
162 29
260 29
226 20
218 101
228 137
142 135
177 215
5 101
175 216
228 3
83 107
61 81
257 166
34 95
142 170
19 261
216 48
101 129
263 1
20 167
27 37
158 96
198 72
31 96
197 200
45 8
218 45
189 80
216 174
3 228
204 239
135 144
43 15
97 155
139 171
154 133
99 21
228 131
134 136
228 133
73 114
181 213
194 202
165 94
132 160
44 10
161 156
193 76
45 4
24 165
166 23
130 172
181 125
41 219
137 171
99 148
34 30
101 10
35 95
139 100
228 5
5 136
41 19
107 210
135 171
69 201
222 34
100 13
223 32
238 205
21 40
128 263
147 40
110 207
172 7
71 199
32 159
70 73
172 135
18 227
20 41
3 263
40 22
49 216
96 33
228 12
29 97
195 202
26 98
155 35
205 191
136 7
150 39
11 101
221 163
136 228
153 225
33 132
24 98
40 93
179 252
94 165
180 213
197 243
135 136
54 252
105 213
79 191
44 12
228 218
68 202
262 142
152 38
211 184
129 172
63 79
36 155
171 8
38 257
221 98
140 100
32 96
89 175
228 2
172 0
147 40
46 217
172 7
100 142
223 31
73 197
156 224
18 227
147 168
263 130
167 148
164 26
33 223
173 128
160 31
202 68
44 9
226 148
191 79
129 45
118 68
25 38
36 222
75 195
221 165
22 226
31 259
215 104
144 169
87 52
86 180
181 86
214 51
228 6
87 105
152 98
131 34
101 91
10 228
222 35
240 202
67 118
172 2
123 57
147 226
207 61
74 69
95 161
100 13
146 134
78 238
148 167
0 45
0 101
217 173
59 82
141 43
32 32
16 227
172 135
109 81
249 60
174 90
167 148
77 112
57 84
255 173
224 29
19 226
260 153
211 106
191 79
177 88
211 56
51 214
262 14
68 75
221 165
149 99
259 157
231 214
228 134
165 221
151 39
101 135
220 166
101 133
99 150
78 191
194 76
101 90
127 176
35 95
214 51
22 39
172 2
250 184
20 99
153 260
201 196
93 226
197 73
33 96
78 238
2 101
218 171
168 147
154 163
30 224
129 42
223 32
256 41
7 172
27 163
61 208
44 91
58 83
227 14
6 45
73 197
156 224
99 19
153 133
28 163
206 191
45 2
68 245
178 87
163 95
169 143
221 165
193 203
64 205
40 93
180 252
94 165
166 151
228 8
130 172
133 228
225 23
157 259
226 21
101 90
127 176
135 14
214 51
101 132
41 219
184 123
218 170
133 153
100 145
158 33
12 227
145 135
26 164
186 82
2 136
168 147
90 46
22 134
256 169
223 223
15 227
30 97
109 81
101 0
91 171
209 59
77 112
223 160
142 43
160 31
257 38
171 136
211 107
101 3
88 49
194 118
178 87
135 141
101 136
153 225
11 44
44 10
104 87
228 133
135 10
24 166
198 243
94 38
66 77
40 220
151 98
99 148
157 34
136 101
181 85
228 138
183 84
219 168
41 19
163 28
62 80
13 170
97 29
172 255
262 145
26 164
40 148
217 47
81 188
90 46
261 22
170 141
159 223
100 15
172 134
109 81
188 81
218 44
59 82
111 205
145 262
13 100
31 33
165 257
207 189
234 211
228 130
88 49
84 183
152 165
172 5
254 176
34 157
138 171
132 30
104 87
6 228
221 39
54 86
54 213
172 3
252 180
214 231
191 205
34 259
102 90
136 101
222 36
152 38
84 56
172 2
124 56
155 163
136 171
195 75
162 222
43 142
57 211
77 239
21 40
174 217
249 187
227 18
134 149
72 71
159 32
199 71
186 82
27 163
228 0
44 91
82 186
238 78
133 172
227 13
93 99
18 227
80 62
36 28
19 41
172 129
39 22
113 202
14 135
137 228
154 225
203 67
79 64
156 35
77 65
130 45
86 181
71 116
214 52
125 52
151 225
157 259
22 99
38 94
75 68
172 132
114 74
84 56
263 7
251 183
233 84
154 98
258 164
95 162
12 227
262 145
100 14
3 101
44 218
168 147
145 227
97 30
14 170
159 223
142 100
30 97
109 80
40 147
128 136
247 190
142 227
210 57
100 140
221 225
100 18
224 28
36 28
101 3
216 176
57 84
25 38
35 222
75 195
27 98
11 44
10 171
29 162
65 204
214 178
135 101
198 243
262 11
144 42
162 29
98 24
138 44
165 221
177 253
262 140
165 152
195 245
45 129
206 64
226 21
62 80
226 19
99 93
200 197
144 135
164 153
101 130
91 43
128 228
81 109
135 172
200 197
97 95
72 198
96 158
144 100
147 167
0 45
120 63
48 216
261 19
170 142
34 222
170 13
208 188
226 147
168 19
45 2
132 101
152 165
15 135
48 254
218 228
194 203
260 156
156 35
42 145
39 93
150 39
115 198
165 94
144 42
162 29
31 132
99 149
26 225
144 169
163 221
200 114
6 101
129 172
4 101
28 35
44 136
99 146
99 92
12 228
222 33
153 37
167 22
170 91
147 41
154 163
150 261
170 141
96 31
170 14
158 223
154 37
228 0
0 172
186 209
238 78
83 184
171 128
98 221
170 13
44 8
210 107
184 250
5 263
228 132
177 88
135 142
169 143
30 34
139 171
190 79
213 105
133 101
136 135
166 150
151 165
11 135
193 203
29 34
31 132
22 99
165 221
228 136
4 172
179 214
150 166
93 40
168 146
226 21
207 62
12 171
160 158
70 200
262 144
239 204
228 3
45 128
41 20
163 27
261 23
40 257
31 223
142 100
96 158
227 144
0 228
0 45
63 247
216 175
58 83
227 13
98 221
201 69
25 260
218 44
168 19
169 219
5 228
88 50
45 132
196 201
224 27
131 162
206 190
22 226
252 54
135 9
39 23
137 228
135 138
126 52
29 34
225 150
132 33
25 225
177 253
172 131
200 114
85 55
50 88
4 101
226 21
133 154
99 146
219 100
43 143
45 6
112 76
246 65
130 263
20 168
209 235
172 8
167 130
96 160
100 14
45 7
47 90
121 188
45 91
40 21
227 16
32 223
227 13
33 158
196 201
81 61
28 163
250 58
45 2
193 119
113 202
182 212
69 74
97 154
203 67
225 25
99 22
18 41
39 93
23 166
53 213
53 86
253 179
34 156
132 158
193 77
30 161
42 144
53 213
242 200
166 23
40 220
182 124
233 85
44 136
36 258
227 219
228 138
56 211
49 88
58 210
43 219
101 129
163 27
134 151
200 197
223 158
43 141
185 83
79 237
1 101
90 46
62 248
16 100
134 147
141 227
98 221
43 140
8 172
108 83
41 146
216 175
22 167
152 165
182 212
228 11
27 97
194 203
155 133
226 149
181 251
51 215
244 196
101 137
221 164
194 203
103 215
171 11
159 132
103 89
228 135
53 213
24 165
150 166
135 263
191 205
162 28
28 133
36 258
160 158
127 174
45 5
203 112
246 65
92 43
147 41
154 163
29 224
17 100
95 224
72 71
185 83
47 90
228 1
218 45
189 121
164 26
7 45
129 44
157 224
43 140
97 155
44 91
207 189
216 175
184 210
240 76
56 85
101 138
33 158
131 163
44 9
213 105
228 132
130 45
55 85
38 151
131 172
144 42
157 161
99 23
77 65
166 220
42 144
131 45
87 179
150 166
93 40
101 132
226 22
63 79
99 147
92 227
47 127
212 183
50 88
83 57
92 43
207 62
209 235
188 208
13 170
32 32
227 141
172 134
164 153
40 148
0 172
189 121
174 90
31 223
141 43
32 32
200 70
135 45
146 99
2 228
89 48
228 131
25 38
262 16
16 169
95 36
44 139
155 133
22 226
18 41
50 215
39 23
115 200
139 262
203 67
103 216
132 159
23 99
157 34
42 144
180 86
101 10
39 150
215 51
55 251
213 232
206 63
163 131
33 31
254 47
212 183
25 165
83 57
92 42
2 101
163 28
151 261
197 73
31 160
14 227
83 58
37 26
228 1
172 217
81 187
217 174
96 31
170 141
33 223
40 130
224 29
235 209
189 80
263 131
58 83
140 227
143 262
169 143
100 219
99 20
133 28
169 219
182 251
93 167
85 182
242 73
221 164
76 194
89 103
192 204
23 99
25 225
8 228
4 172
151 38
23 39
167 93
41 18
99 149
136 171
194 76
36 94
11 228
16 262
88 177
119 193
216 48
2 101
146 226
135 172
166 130
221 98
199 198
45 7
47 89
60 209
218 172
81 187
207 237
134 172
43 256
32 159
197 200
81 60
172 218
147 168
136 4
246 192
13 100
222 161
196 201
33 158
19 226
153 225
22 226
251 55
136 8
166 150
87 52
45 131
8 101
94 39
44 138
132 31
230 215
179 253
12 262
53 86
228 7
172 3
145 41
219 168
137 171
194 76
221 37
127 175
212 182
25 165
22 40
169 92
58 250
210 235
208 61
170 140
225 221
170 15
45 6
89 175
82 59
172 91
40 20
90 47
59 83
43 14
158 223
167 257
60 208
235 209
101 1
170 219
246 192
112 203
45 133
74 196
100 219
146 99
171 136
42 92
124 182
134 136
228 134
52 214
140 262
177 126
94 39
77 193
31 259
103 88
179 253
53 213
53 86
54 212
39 220
145 42
86 105
133 156
44 12
161 157
175 254
45 5
50 88
167 22
92 42
146 41
218 171
81 188
74 69
225 221
13 227
19 261
205 111
148 167
45 218
101 0
154 164
223 158
15 100
223 31
40 130
150 134
100 18
147 168
1 172
210 58
26 37
45 133
170 142
36 222
226 146
154 133
219 42
101 4
129 45
56 85
101 138
181 213
75 194
161 30
160 259
10 171
40 93
52 125
94 165
115 72
181 85
51 87
228 6
219 168
44 137
67 203
161 157
42 143
95 162
50 88
101 132
129 172
190 206
155 163
133 152
196 74
31 160
140 100
45 6
48 89
247 63
172 0
228 0
100 144
96 31
169 129
158 223
73 197
224 29
36 27
189 80
172 128
228 130
37 153
211 56
73 197
95 35
37 131
27 260
28 162
4 228
136 7
212 56
101 138
181 213
195 202
165 94
22 226
158 132
220 40
101 7
131 45
53 86
70 116
130 172
101 133
150 226
44 137
131 35
164 221
16 42
212 182
25 165
166 22
49 89
146 41
107 210
61 81
38 257
97 30
227 140
134 19
111 78
101 129
46 90
81 188
37 154
96 30
43 14
160 96
227 143
45 8
27 163
128 101
263 130
148 40
227 14
135 144
100 139
31 33
226 146
260 154
106 85
228 131
168 220
211 56
228 11
54 86
50 253
102 217
226 149
10 171
156 35
134 101
87 52
180 213
150 166
130 172
133 228
220 168
206 64
258 161
94 164
68 202
262 142
100 12
228 5
172 2
123 57
20 99
152 260
43 13
161 222
200 197
32 96
153 37
247 63
0 45
40 20
207 236
45 134
169 129
223 159
143 100
150 134
208 109
249 60
90 47
228 130
26 37
172 6
200 70
162 95
202 68
44 9
43 92
41 146
172 129
23 166
51 214
132 172
169 144
102 217
33 132
10 171
225 151
7 228
179 87
243 198
8 101
166 93
252 180
23 99
98 24
34 258
225 154
143 169
182 85
12 228
5 101
6 136
130 228
107 211
171 9
13 170
95 162
45 128
262 145
48 89
2 101
45 128
168 147
154 163
82 186
256 169
32 32
129 168
187 82
46 90
228 128
171 218
247 191
141 227
262 18
73 197
93 99
139 170
225 27
107 84
101 4
93 168
195 118
241 74
14 135
195 202
161 30
21 226
137 44
231 214
180 252
94 165
213 54
135 228
3 45
228 6
93 41
191 205
226 21
34 30
127 176
85 54
201 114
56 211
263 6
123 57
20 99
133 153
201 196
97 29
70 200
84 57
238 205
59 209
171 91
228 0
100 144
59 82
141 43
159 159
256 41
134 45
46 90
188 81
174 90
59 83
141 227
211 57
12 100
222 162
201 69
27 98
211 107
184 250
92 168
183 211
38 152
172 5
75 195
34 157
258 34
151 225
214 104
53 125
87 52
198 116
24 39
38 221
193 204
98 150
10 44
21 99
38 94
127 176
36 95
178 214
56 211
88 176
57 250
107 211
225 154
100 145
220 99
197 73
6 172
141 100
130 228
47 90
188 208
46 217
134 172
71 199
32 159
14 43
82 59
217 46
147 168
128 45
191 120
111 205
262 18
128 45
160 31
69 74
27 97
163 155
57 123
133 136
183 211
51 214
181 212
254 176
228 90
21 226
30 259
23 225
204 193
135 10
213 54
24 39
52 87
134 228
162 29
98 24
66 203
94 165
101 9
141 135
38 25
245 68
133 263
183 124
170 92
189 207
139 43
97 29
12 227
33 96
216 49
210 185
217 47
20 168
227 18
22 134
100 143
96 96
142 100
97 157
208 109
20 41
46 217
101 2
216 175
135 145
128 45
29 97
13 43
9 171
147 99
168 19
49 216
56 84
25 38
262 14
127 49
154 225
194 203
133 30
35 29
192 77
45 3
116 70
228 9
135 137
193 204
214 231
205 64
22 99
165 221
17 42
45 5
87 178
245 68
93 41
206 64
92 43
80 189
195 75
158 33
200 197
33 96
77 239
83 58
217 47
168 147
36 154
82 187
227 16
159 96
170 14
186 82
100 17
0 228
45 0
148 40
238 78
261 19
100 140
221 225
196 201
207 188
147 99
101 3
129 45
22 166
202 240
132 172
254 176
157 161
258 34
156 133
226 150
18 42
51 214
86 181
86 53
214 52
17 169
98 151
44 137
33 259
94 165
253 50
262 140
241 201
118 195
45 129
228 4
35 155
9 44
195 75
224 156
173 255
33 96
141 100
228 3
90 174
122 60
217 172
156 97
141 43
32 159
129 169
172 134
237 207
81 61
0 45
186 209
216 175
184 210
140 227
34 222
38 130
28 97
36 28
57 123
176 89
57 84
165 25
162 95
42 16
30 34
67 76
79 64
93 168
204 192
214 178
181 212
213 180
4 45
125 52
35 156
205 65
44 11
30 161
202 195
181 86
151 38
117 195
172 2
56 251
106 212
44 136
146 226
160 158
255 46
223 33
14 227
185 83
136 130
80 189
172 91
172 8
43 14
96 31
100 15
261 148
154 37
61 121
1 263
228 129
111 205
57 83
72 198
97 157
257 39
133 25
28 163
3 228
5 263
149 39
227 12
262 15
137 228
157 161
226 148
10 171
213 105
228 133
130 45
228 135
199 242
87 180
203 66
167 93
23 225
99 149
94 165
42 144
135 13
151 38
166 23
40 220
183 124
28 35
133 154
19 99
97 28
43 142
211 183
176 215
167 22
263 3
168 147
82 108
29 224
100 143
32 32
256 43
158 223
154 37
61 121
263 128
190 120
37 153
159 96
227 13
30 97
170 13
61 208
171 218
168 19
92 169
84 184
177 88
45 132
201 69
37 221
162 258
171 137
35 29
54 125
214 178
181 212
115 199
172 4
76 193
225 24
23 225
193 77
157 34
194 76
131 45
200 114
85 55
172 2
18 168
106 212
80 190
19 99
95 163
201 196
34 95
76 239
185 83
1 45
186 122
108 209
97 29
167 130
33 96
141 100
134 45
154 37
20 40
172 218
120 63
100 143
146 261
44 255
160 31
130 166
135 45
19 226
2 228
42 92
246 193
227 13
222 162
48 254
161 30
139 171
63 206
226 149
65 205
166 220
55 85
10 101
262 12
17 169
225 24
78 192
44 11
166 221
169 17
164 221
214 52
166 23
130 172
182 124
226 22
190 206
163 131
97 28
16 42
211 183
49 88
22 40
131 263
186 122
36 154
8 45
70 200
33 96
100 14
261 147
227 143
121 189
0 136
101 1
206 238
185 210
100 141
158 160
43 140
8 172
210 108
207 189
131 136
193 119
240 76
172 5
138 228
36 221
12 44
190 79
29 162
41 145
136 8
244 196
10 101
131 172
51 253
25 98
259 32
23 99
230 216
76 67
94 164
165 151
244 69
45 130
205 64
162 28
9 44
163 131
155 97
11 228
161 222
13 227
101 131
4 136
168 147
154 163
224 156
100 144
96 160
129 170
134 20
227 143
228 1
136 0
187 209
89 47
261 20
199 71
224 30
144 100
8 172
83 235
168 19
4 263
184 210
152 165
143 262
42 16
94 36
20 226
44 9
29 162
168 18
51 215
150 39
87 52
213 53
101 135
103 216
192 204
65 204
216 103
228 135
135 12
214 52
182 85
167 93
251 182
169 92
153 98
171 139
158 33
169 16
95 161
140 100
119 193
1 45
129 228
226 19
208 61
17 100
159 159
227 141
7 172
26 164
128 228
0 172
60 82
153 164
58 83
141 43
31 96
167 257
134 24
146 99
129 101
131 136
101 4
13 100
161 95
47 254
100 219
195 202
28 260
162 155
41 145
215 177
117 69
10 101
4 45
67 76
161 30
192 204
204 192
34 30
51 126
37 94
199 115
166 23
3 45
65 78
219 169
26 225
131 36
227 219
174 254
85 56
13 227
40 149
169 92
146 41
99 146
24 134
130 39
95 161
15 43
83 58
153 37
187 82
263 0
121 62
143 227
7 45
43 256
32 32
144 100
224 29
163 154
80 62
170 219
101 4
227 13
262 16
16 169
219 227
139 171
190 79
22 226
78 64
177 88
212 55
10 101
164 94
203 67
152 225
99 23
259 159
34 29
135 101
139 135
165 151
117 196
263 8
18 168
92 42
225 152
203 194
36 94
169 16
95 161
76 240
149 167
263 4
207 62
36 155
8 45
227 17
221 98
43 142
96 159
26 164
40 148
0 136
228 128
164 26
210 58
170 141
31 96
13 43
135 45
82 235
20 41
263 131
4 228
140 227
222 161
11 101
100 219
12 44
98 153
149 99
5 228
3 172
166 150
137 228
13 135
135 228
161 30
66 77
171 137
220 39
228 135
221 37
165 151
134 228
93 39
101 132
162 29
63 79
203 194
218 101
254 48
5 172
113 75
211 184
89 175
228 2
210 235
134 152
39 257
222 34
142 170
146 134
143 100
247 63
217 46
61 248
100 143
158 96
256 170
159 32
16 227
81 60
108 82
41 147
216 174
131 101
37 152
144 262
128 47
158 160
139 171
136 44
99 21
64 205
263 134
101 7
11 101
4 45
253 177
30 34
44 138
98 150
88 230
52 126
221 38
86 180
244 70
39 220
132 228
226 22
133 156
12 171
228 218
74 69
55 212
202 113
149 167
216 48
19 168
83 107
135 171
257 166
98 94
100 13
83 58
205 111
21 40
217 46
81 187
37 154
96 31
72 71
31 96
200 70
134 23
154 36
186 249
92 170
3 228
239 77
161 95
170 142
222 163
146 99
136 44
226 148
124 183
88 50
244 195
52 214
135 140
67 75
216 229
160 259
205 192
40 93
169 17
38 94
101 9
212 181
39 220
42 18
156 162
171 10
226 21
221 37
69 201
55 212
240 202
84 57
219 169
41 19
163 28
155 97
18 100
225 221
43 142
184 83
15 227
59 209
173 217
188 121
207 237
261 21
141 43
223 160
73 197
209 187
218 45
122 186
3 263
40 22
164 26
262 17
173 128
33 158
258 37
26 98
35 28
56 124
172 129
150 39
87 52
94 36
75 195
216 229
11 44
132 31
225 151
169 17
38 94
242 198
243 70
178 214
125 54
105 213
137 171
148 226
27 225
68 202
85 55
25 165
166 22
92 42
190 206
155 163
135 171
196 74
160 158
170 15
32 96
164 153
148 167
218 171
61 248
173 90
148 261
43 14
222 224
16 227
172 135
81 236
147 168
1 172
64 247
37 153
33 223
200 70
220 226
146 99
189 80
28 162
146 168
93 168
150 39
38 152
213 54
9 101
30 34
99 22
78 64
156 35
193 77
165 221
86 180
228 8
3 45
169 145
226 23
137 171
226 21
98 27
202 195
172 132
165 152
194 245
176 216
250 184
155 163
8 44
170 140
157 97
15 43
83 57
15 227
228 2
0 172
188 121
27 36
45 134
15 100
96 223
129 168
187 82
217 45
61 207
3 263
130 101
141 227
96 33
70 73
224 29
12 44
62 207
226 148
131 101
45 2
150 39
25 38
135 141
68 75
217 229
204 66
44 10
35 29
228 134
214 179
151 39
213 181
130 172
6 101
99 150
30 133
171 138
221 37
127 176
222 35
201 114
245 67
176 216
3 101
36 155
9 44
18 100
99 93
70 200
84 57
175 216
63 120
173 217
228 0
163 27
59 82
42 256
96 223
14 43
45 7
109 81
249 60
90 47
191 120
176 89
172 6
200 70
93 99
43 139
44 9
43 92
41 146
45 2
101 6
114 201
85 181
101 136
26 98
99 21
225 24
29 162
7 228
10 262
101 9
8 101
166 94
66 77
156 162
157 259
76 66
101 90
49 127
5 172
139 101
84 56
263 6
57 250
99 147
171 9
201 196
93 226
170 15
262 145
78 238
59 209
129 263
228 0
217 173
157 97
129 42
223 32
227 142
59 209
90 173
1 228
2 263
40 21
89 49
184 211
139 227
97 156
196 201
98 154
36 28
63 206
219 41
166 149
74 114
85 181
42 16
98 153
226 148
30 259
87 231
66 204
130 45
9 228
136 228
179 214
77 193
167 93
44 137
34 258
98 26
75 68
262 141
201 114
6 101
45 129
41 19
219 170
133 153
38 257
29 224
139 100
211 184
141 100
148 167
45 128
60 249
18 100
7 45
142 227
223 32
169 256
186 82
100 17
0 101
90 47
228 129
175 89
45 133
43 15
31 33
201 69
44 9
211 107
184 250
168 219
228 132
201 241
141 262
75 195
98 153
21 226
171 137
150 98
193 77
130 45
39 24
24 39
179 214
77 193
24 98
225 151
148 226
221 38
195 75
141 135
241 201
228 6
2 45
4 101
43 219
27 225
226 19
97 29
139 100
160 223
14 227
58 210
2 136
228 1
90 46
82 187
227 16
96 223
14 43
82 59
109 81
20 41
217 173
2 228
26 37
211 57
43 15
226 93
196 201
153 133
147 99
130 101
45 2
22 166
74 114
5 45
68 75
101 217
226 148
205 191
231 214
125 180
93 166
23 166
166 24
262 10
169 144
98 151
157 259
66 204
153 98
50 126
86 54
165 152
245 68
129 172
79 191
21 99
9 44
164 131
226 220
170 15
96 160
239 204
228 3
174 217
147 41
27 36
60 82
100 143
159 32
43 141
157 224
207 109
81 61
0 45
167 148
89 48
261 19
45 255
225 94
227 145
61 207
234 211
101 3
132 136
39 22
178 88
5 45
195 202
37 221
76 194
156 133
150 99
125 180
45 3
150 39
136 228
4 45
204 66
35 156
24 225
44 11
221 38
17 42
140 135
241 201
68 118
7 136
64 79
106 211
225 154
226 19
95 162
255 46
160 223
49 89
210 185
43 218
147 41
154 163
261 23
41 256
159 159
256 42
157 223
154 37
188 81
263 128
82 186
78 111
184 210
128 45
221 225
145 100
28 97
147 99
63 206
42 92
245 194
51 215
172 5
42 16
225 27
44 139
133 29
232 213
77 65
166 220
116 70
151 165
221 165
125 52
88 104
259 31
149 226
38 94
228 136
262 140
200 114
56 212
136 134
41 19
233 85
171 9
131 37
99 92
255 46
183 84
176 216
192 246
90 174
228 1
163 27
97 29
43 14
95 224
15 227
209 186
100 17
0 101
128 136
101 2
78 111
6 45
72 198
160 31
140 170
188 81
99 20
57 123
5 263
132 101
88 50
212 55
101 137
27 98
67 76
225 25
156 35
181 252
51 214
116 70
165 24
87 179
252 179
161 29
78 192
160 132
94 165
67 202
4 172
138 101
150 166
167 93
4 101
212 233
136 171
44 12
95 163
43 142
17 262
153 37
228 3
170 92
41 20
108 209
172 8
197 73
223 33
100 15
7 172
90 174
40 147
45 91
148 40
48 216
6 45
142 43
221 225
17 227
44 8
44 91
63 206
169 219
22 167
215 177
262 15
69 74
228 91
258 35
171 137
35 29
54 125
262 136
101 8
213 180
11 135
101 134
103 215
205 65
66 204
30 161
101 8
13 262
179 214
85 55
263 7
78 191
155 162
136 171
202 195
31 160
74 69
84 56
227 141
149 167
47 89
207 62
218 172
29 224
257 167
32 159
199 199
261 148
37 27
121 188
263 128
82 186
238 79
261 19
44 255
30 97
39 130
135 45
19 226
19 41
45 2
22 167
152 165
182 212
254 175
161 30
139 171
98 152
29 162
78 65
3 172
150 39
213 180
12 135
253 179
103 215
44 137
22 99
39 94
17 42
86 53
115 73
39 150
93 40
124 55
212 233
44 136
146 226
33 31
201 196
45 6
25 164
246 65
1 45
207 62
82 108
135 172
197 73
224 222
198 72
20 261
227 143
121 189
217 173
121 62
47 216
172 7
227 14
222 161
170 13
61 208
163 155
228 129
136 4
167 149
25 38
95 34
169 143
97 154
203 67
44 9
35 29
192 78
220 40
134 101
137 228
4 45
169 144
166 93
150 99
171 138
89 230
194 76
221 37
52 87
134 228
220 167
182 124
169 92
260 28
202 195
163 222
201 196
84 56
76 239
22 40
219 170
129 228
172 91
97 29
170 140
95 224
14 43
210 185
26 164
62 121
172 0
167 148
153 164
210 58
71 72
33 158
170 13
134 24
218 44
189 80
175 89
101 4
88 50
183 212
16 169
227 92
194 202
190 79
92 169
65 205
220 40
228 134
165 24
180 213
228 8
93 39
159 259
132 32
152 98
228 135
12 262
24 165
244 69
8 136
145 41
42 219
190 206
12 171
95 163
69 201
132 45
100 13
65 119
43 219
80 189
146 226
135 172
170 140
96 31
227 141
20 261
217 47
228 1
45 0
128 101
217 174
7 45
170 129
159 159
227 144
224 29
108 82
58 123
136 4
119 66
13 100
172 5
138 228
163 94
12 44
133 28
92 169
78 65
177 88
23 166
101 137
221 164
169 144
166 93
204 65
192 77
98 25
17 42
4 172
199 115
196 244
51 88
132 228
213 232
44 136
20 99
158 33
196 74
85 56
203 113
193 246
48 89
2 101
99 146
172 8
197 73
97 30
141 100
210 185
79 237
121 189
45 90
167 148
153 164
158 96
198 199
96 33
100 17
81 60
82 235
80 62
48 216
192 119
215 177
95 34
201 69
160 31
44 139
133 28
149 99
41 145
215 177
150 39
165 24
213 53
228 8
25 98
138 171
150 226
152 98
126 178
37 94
115 72
196 244
51 88
168 145
86 105
63 79
171 139
94 163
11 228
16 262
140 100
184 83
48 89
189 207
218 171
134 151
227 17
95 161
255 44
159 223
216 47
121 189
91 45
128 101
227 16
223 158
14 100
222 224
200 70
172 135
209 108
129 101
43 92
149 40
164 25
95 34
169 143
158 160
202 68
98 153
226 149
78 64
3 172
23 166
165 24
53 86
42 17
230 89
11 44
137 44
166 220
135 101
131 45
228 137
244 69
166 93
18 168
41 219
63 79
194 76
157 34
228 137
132 45
88 177
193 246
89 175
101 129
210 235
172 8
100 144
225 221
44 128
261 146
100 16
2 101
136 128
40 20
207 237
261 21
199 199
96 158
130 167
81 60
145 99
147 168
170 219
22 167
215 176
183 211
254 174
227 92
195 202
26 98
42 92
145 168
134 136
117 68
200 241
213 54
135 228
89 102
171 11
44 10
220 40
17 42
131 45
115 72
85 54
166 93
78 192
219 168
63 79
131 35
34 30
254 48
142 135
202 113
101 132
263 5
168 146
20 99
25 133
227 17
224 157
255 44
146 134
164 153
40 148
91 45
167 147
100 144
31 223
43 14
160 96
40 130
45 8
209 108
1 228
130 136
40 22
176 88
17 135
12 101
95 36
19 226
225 26
233 212
228 131
177 88
55 85
228 11
135 140
253 177
94 38
171 11
31 259
29 161
169 17
94 165
151 38
150 166
135 136
192 204
86 105
156 260
35 258
91 228
254 48
15 262
100 12
132 228
219 169
228 3
36 155
152 260
166 130
98 94
71 199
210 184
164 153
228 2
128 263
0 228
17 100
134 148
199 198
31 96
130 168
97 156
209 109
207 189
47 217
246 192
112 204
133 172
46 255
219 226
12 44
98 153
35 28
56 124
177 88
183 212
114 200
213 54
17 169
153 225
226 149
10 171
167 220
144 169
94 165
165 151
8 101
9 135
6 101
213 232
98 25
171 139
225 154
202 195
45 5
215 51
5 101
216 49
146 41
28 36
81 188
201 196
95 161
142 170
184 83
205 111
21 40
136 128
121 61
173 90
45 134
199 198
223 31
170 14
172 135
109 81
249 60
218 43
120 64
153 164
17 135
12 100
95 35
12 44
225 27
35 28
56 124
2 172
195 118
165 25
36 222
17 169
157 161
22 226
132 31
167 220
77 66
38 94
180 213
54 213
178 214
169 145
162 29
260 29
148 226
228 218
176 254
212 182
152 38
5 101
136 132
130 228
91 44
133 152
145 227
224 157
73 70
172 133
216 48
120 190
90 173
61 81
217 173
261 21
142 227
32 223
198 200
82 60
18 227
20 41
128 45
3 228
227 14
145 262
70 73
33 158
139 171
26 260
226 148
146 168
168 220
245 195
114 201
54 86
126 50
157 161
226 149
132 30
151 98
66 204
135 10
86 180
86 54
179 214
18 169
214 231
157 260
194 76
161 157
169 16
141 135
113 75
84 56
133 263
250 184
99 147
62 80
69 201
160 158
140 100
211 184
205 111
167 21
129 263
61 249
80 109
30 224
198 72
159 223
227 143
134 45
100 18
101 1
91 171
167 148
100 141
172 6
43 15
156 224
139 170
189 80
163 155
4 228
49 215
166 150
152 165
132 172
126 49
225 26
193 203
157 132
151 98
180 252
130 45
86 181
181 86
221 166
42 18
150 225
78 191
21 99
221 37
10 228
14 262
201 114
22 39
45 129
250 184
28 36
207 62
165 130
31 160
142 170
133 45
48 89
40 148
217 46
187 122
173 90
209 59
199 198
223 96
168 256
82 59
36 27
208 188
174 90
120 64
100 141
172 6
15 170
93 99
145 100
80 62
219 43
228 130
219 41
133 101
228 11
135 141
101 136
153 225
66 76
98 151
29 162
193 77
137 135
228 136
101 136
130 172
125 53
225 23
137 171
148 226
217 102
42 143
172 132
228 139
39 149
2 45
101 130
163 28
27 225
100 145
156 97
170 15
6 172
227 141
40 148
218 171
60 249
81 109
209 59
256 168
223 223
14 43
22 261
208 109
228 0
128 45
59 82
48 216
160 96
255 172
29 97
145 100
207 189
36 28
130 101
92 168
22 166
152 165
172 5
143 42
221 165
193 203
259 157
220 41
145 169
179 87
8 228
198 243
172 3
77 193
162 29
132 157
44 11
161 157
195 75
45 5
11 228
101 133
93 41
19 168
234 84
171 9
201 195
222 35
255 46
172 133
49 89
101 130
218 171
187 122
173 90
60 82
43 14
32 32
141 170
30 97
208 109
249 60
171 218
228 129
37 153
96 33
172 128
31 33
165 257
44 9
91 170
168 19
129 45
118 67
178 87
182 212
127 49
37 221
44 138
44 10
23 226
252 53
3 172
166 150
198 243
94 38
18 169
93 40
171 10
226 22
229 217
177 253
95 163
114 74
166 23
6 136
228 4
233 84
27 225
146 226
35 95
173 255
145 135
216 49
228 3
136 129
101 128
227 18
45 135
100 143
32 32
199 71
186 82
227 144
61 121
44 91
186 209
100 142
134 146
197 200
160 31
18 227
61 207
147 99
206 190
89 49
39 22
227 12
35 222
254 176
225 27
171 11
10 171
168 220
101 6
93 166
150 39
9 101
135 138
228 7
162 29
98 24
77 66
221 38
50 126
262 140
114 74
166 23
168 93
56 251
92 43
207 62
146 226
222 35
100 12
45 6
204 112
3 101
1 45
20 168
45 217
97 29
43 14
33 96
71 72
261 148
217 46
248 61
136 1
247 190
48 216
57 83
255 172
94 98
140 170
61 208
163 155
130 101
42 92
57 84
113 202
35 222
228 10
228 91
35 131
98 152
93 168
192 77
93 166
116 70
53 213
94 38
42 17
35 156
192 205
66 204
38 94
50 126
213 181
11 228
195 244
88 177
124 56
212 233
133 154
37 258
95 162
46 128
262 144
77 239
192 246
263 3
147 41
109 209
23 134
43 14
224 222
227 142
158 223
80 237
0 228
136 1
2 228
164 26
96 32
44 255
160 31
69 74
135 44
171 218
190 79
49 216
118 66
227 12
5 45
175 127
164 94
226 148
156 133
226 150
65 204
9 262
135 101
242 72
262 11
203 66
220 167
205 65
160 132
161 157
9 228
172 131
179 214
101 133
172 2
78 191
92 42
207 62
68 202
224 155
70 200
84 56
14 227
167 22
1 45
62 80
36 154
134 150
143 227
33 96
227 142
223 31
154 37
167 20
172 0
63 247
205 238
45 133
71 72
97 157
166 257
81 61
147 99
146 168
2 172
5 228
139 227
85 182
169 143
37 221
139 171
98 152
213 105
133 101
45 3
70 244
101 136
262 11
193 203
225 24
158 259
259 160
221 39
203 194
131 45
228 138
23 39
177 215
145 41
155 162
136 171
195 75
28 224
143 170
45 6
176 215
246 65
45 128
122 59
145 226
8 45
197 73
33 96
227 141
83 59
90 174
61 121
45 91
2 228
175 89
223 159
199 71
224 30
227 144
135 45
235 210
123 185
42 92
149 40
140 227
55 85
143 42
27 97
12 44
260 156
105 86
54 124
262 136
55 85
24 38
86 180
67 76
103 215
171 10
204 193
216 102
253 51
94 164
151 38
117 196
220 167
132 228
35 155
79 190
19 99
33 31
174 254
172 133
215 49
131 228
92 43
41 20
226 19
172 8
140 43
223 158
43 141
185 83
237 207
62 121
90 46
40 21
164 26
134 172
199 71
97 157
13 43
224 28
226 146
228 129
136 4
4 228
215 177
132 172
196 201
227 91
139 171
79 63
99 22
18 41
93 167
117 69
137 228
213 53
76 194
225 25
23 226
192 77
25 225
144 169
94 164
214 52
212 182
136 135
168 145
85 106
171 9
12 171
227 219
42 143
45 5
88 177
40 149
1 45
189 207
99 146
224 156
144 227
32 159
71 199
20 261
143 100
187 81
45 217
209 60
143 227
159 96
72 198
94 98
140 170
172 135
171 218
207 189
131 136
131 101
165 25
95 34
143 42
92 100
139 171
155 133
86 232
101 5
172 130
196 117
115 199
45 131
135 228
25 98
32 132
32 259
39 93
144 169
262 139
24 165
134 228
177 215
41 18
28 35
260 28
226 20
31 160
174 254
5 172
13 227
83 57
1 45
101 129
172 91
45 135
167 130
159 159
198 72
147 134
164 153
209 187
91 45
101 1
16 100
185 210
170 141
224 95
170 13
61 208
235 209
101 2
263 131
66 246
76 113
45 132
254 174
28 97
139 171
133 28
99 22
251 55
45 3
85 182
200 242
139 262
203 67
34 157
32 132
132 32
230 216
178 253
45 4
72 242
166 23
88 178
101 132
219 169
171 9
75 67
28 224
69 201
262 143
50 88
228 4
175 216
207 62
146 226
61 81
43 13
98 94
199 198
7 172
26 164
248 62
218 172
121 62
174 90
31 223
198 199
224 95
73 197
172 135
146 99
129 101
48 216
228 131
37 152
45 132
174 127
160 31
44 139
190 79
226 149
101 5
177 88
55 85
214 179
172 4
178 126
157 161
44 138
132 32
103 88
135 101
180 86
72 242
85 55
220 167
101 132
219 169
25 225
35 258
27 224
254 48
172 132
152 38
131 228
89 175
168 146
36 155
135 172
197 74
221 98
128 171
185 83
164 153
121 189
0 172
121 62
37 153
261 20
198 199
96 158
70 73
97 156
172 218
20 41
219 43
119 65
164 25
5 45
201 69
227 92
19 226
9 171
155 35
41 145
136 8
182 212
87 52
45 131
194 203
30 34
149 99
65 205
156 34
194 76
45 4
86 180
212 182
135 136
228 5
105 213
9 44
258 162
94 164
42 143
132 45
100 13
193 246
263 5
41 19
210 235
172 8
100 144
221 98
15 43
185 83
143 100
167 21
46 90
61 248
47 217
223 158
227 14
33 223
167 257
134 23
226 145
41 147
1 172
149 40
76 112
135 144
254 174
219 227
44 139
171 136
99 21
64 205
220 40
134 101
24 38
135 140
101 135
216 229
138 171
132 31
220 40
52 126
4 172
24 165
23 39
9 135
54 252
22 99
63 79
12 171
157 34
48 127
132 45
38 25
149 167
45 129
250 185
36 155
260 25
43 13
30 224
170 15
45 6
142 100
40 148
45 0
248 188
110 207
261 21
170 129
97 222
130 167
261 150
154 36
186 249
92 170
3 228
204 239
95 34
228 12
155 224
37 131
98 153
42 92
251 56
220 40
85 182
114 200
54 86
50 253
229 89
77 193
158 132
215 103
203 193
138 135
213 53
135 228
220 166
125 54
219 168
44 137
131 35
98 27
127 175
15 262
202 113
101 132
216 49
168 146
107 210
8 44
170 140
31 160
227 140
159 223
89 175
21 40
46 90
61 248
46 217
148 261
170 141
224 95
141 170
134 23
218 45
228 128
1 172
3 228
112 204
211 56
139 228
99 219
99 19
225 26
233 212
131 101
2 172
244 195
179 87
221 163
169 144
225 26
33 132
137 44
151 98
204 193
52 214
151 38
39 150
9 135
145 42
99 150
152 98
76 67
91 228
127 175
135 15
202 113
228 5
49 89
206 63
155 163
135 171
196 74
160 158
72 71
45 6
175 216
148 167
91 44
248 188
100 144
59 82
170 141
32 32
129 168
156 224
217 45
41 147
128 45
210 58
89 49
45 133
142 43
224 29
164 258
80 62
162 155
79 64
2 172
133 101
101 138
45 131
228 9
26 98
226 149
64 205
151 98
66 204
52 214
116 71
150 166
136 262
101 133
35 156
98 25
161 131
101 91
169 16
142 135
165 152
57 211
132 263
184 123
36 155
155 97
170 140
161 222
73 70
57 210
216 48
228 2
173 217
167 147
109 207
21 134
256 169
32 159
71 73
150 134
27 163
80 61
218 44
247 191
49 216
96 33
100 139
220 226
202 68
133 26
162 155
183 251
93 168
211 56
101 138
36 222
9 101
153 225
204 66
171 137
35 29
101 7
11 262
151 39
181 86
52 87
125 53
87 104
30 133
67 203
225 154
16 42
222 35
152 38
56 211
168 92
41 19
28 36
224 154
13 170
31 160
100 13
172 133
15 227
186 82
171 91
188 208
227 17
45 134
256 169
32 96
14 43
30 97
27 163
249 60
218 44
3 228
77 112
262 18
227 12
222 162
75 195
26 260
226 148
124 183
88 49
68 245
25 38
172 5
101 136
98 153
44 138
78 64
220 40
125 180
137 135
213 53
71 116
10 135
77 193
231 87
151 98
44 11
37 94
228 137
35 95
101 12
118 194
129 172
41 19
163 28
154 97
201 196
99 93
13 227
133 45
37 26
209 186
129 263
101 0
163 27
30 224
15 100
223 96
72 198
261 149
208 109
81 61
174 90
210 59
112 204
6 45
45 255
156 224
18 227
153 133
147 99
41 146
168 219
56 84
178 87
212 54
176 127
161 30
226 148
259 157
150 98
125 180
3 172
9 228
71 116
52 87
145 42
231 87
64 78
11 171
229 217
136 101
36 95
12 228
39 149
88 176
184 123
28 36
9 44
130 38
160 158
128 172
45 6
37 26
82 59
45 128
122 60
36 154
209 59
14 170
159 32
42 129
22 261
227 144
122 187
1 172
120 64
227 15
57 84
15 170
33 158
165 257
44 9
20 226
168 19
215 176
149 39
228 12
132 172
101 137
228 90
193 203
78 64
220 41
77 66
130 45
166 151
198 243
137 262
42 18
93 40
30 132
44 11
34 30
176 253
135 14
87 178
39 149
133 263
64 79
234 84
171 9
139 43
33 31
70 200
184 84
216 49
191 247
174 217
122 60
100 145
7 45
141 43
159 32
15 227
149 134
144 100
41 147
90 46
247 191
205 238
135 145
140 227
99 220
38 130
260 153
226 147
190 79
49 216
149 39
12 101
262 14
101 137
221 164
11 44
44 10
87 231
204 193
137 135
23 166
243 71
262 10
77 193
104 214
44 137
33 259
94 165
101 9
86 54
165 152
150 166
6 136
64 79
84 106
26 133
202 195
33 31
128 173
211 184
14 227
21 40
2 136
249 187
208 236
187 209
227 16
32 32
227 142
30 97
236 207
101 0
172 128
2 228
216 175
223 159
13 100
93 98
74 196
152 133
163 155
190 79
172 129
39 22
51 215
172 5
127 49
34 157
67 76
206 191
156 35
18 42
3 172
39 23
166 24
11 135
134 228
167 93
44 137
132 33
153 98
17 42
262 140
101 11
133 228
2 45
251 183
211 233
80 189
146 226
222 35
46 128
223 33
153 37
185 83
217 47
228 1
163 27
8 45
200 197
32 32
42 129
172 134
227 144
61 121
263 128
129 101
78 111
261 19
198 200
161 95
170 13
44 8
36 28
41 146
45 2
245 194
178 88
35 222
16 169
94 37
76 194
137 44
168 220
145 169
9 262
85 181
38 151
131 172
144 42
220 167
158 259
171 138
26 225
17 42
140 135
200 114
133 228
50 88
146 41
212 233
80 189
37 258
35 95
12 228
262 144
176 216
3 101
90 174
80 189
218 172
97 29
41 257
33 96
43 141
186 82
207 110
188 248
217 173
167 148
175 89
6 45
227 13
30 97
39 130
208 188
28 163
146 168
92 169
184 211
152 165
172 5
196 201
218 228
162 258
133 29
219 41
77 65
3 172
135 101
213 180
4 45
144 42
29 34
171 10
77 66
153 98
253 50
45 4
228 138
195 244
40 220
78 191
42 219
9 44
44 12
28 224
197 73
56 211
14 227
3 101
170 92
80 189
27 36
8 45
197 73
96 31
14 43
158 223
174 217
248 61
1 263
167 148
153 164
45 133
72 198
221 225
13 43
44 8
155 36
41 146
216 175
39 22
202 240
142 262
101 137
37 221
12 44
79 63
162 156
101 6
220 39
212 54
136 228
11 135
126 52
156 161
225 150
66 204
225 152
42 144
86 54
200 114
7 101
129 172
101 131
85 106
26 225
139 44
97 28
201 196
135 17
76 239
83 58
128 172
168 147
45 218
261 23
140 43
223 33
227 141
134 45
80 237
1 101
1 263
209 59
143 227
146 261
72 198
31 33
166 257
45 8
108 83
190 79
172 129
22 167
100 140
135 142
254 175
27 97
12 44
25 98
105 86
54 124
39 93
23 166
151 165
4 45
144 42
29 34
171 10
32 259
216 102
42 144
13 262
165 151
117 196
3 45
64 78
92 42
133 154
68 202
219 100
228 138
17 262
13 227
83 58
1 45
62 80
146 226
187 208
167 130
32 32
227 141
96 158
80 237
60 208
172 218
248 189
216 174
210 58
198 199
157 224
17 227
81 61
83 235
2 228
1 172
246 193
38 152
182 212
175 127
100 218
139 171
98 152
92 169
124 181
135 136
228 134
165 24
221 164
144 42
103 215
11 44
44 11
103 89
42 144
172 131
242 200
212 182
88 177
78 191
42 219
171 9
195 75
224 155
138 101
183 84
164 152
4 101
170 92
228 2
235 82
261 24
130 40
223 33
141 100
96 158
47 90
208 187
217 172
148 40
153 164
45 134
43 15
31 33
73 197
151 134
36 28
123 185
128 45
167 149
76 113
132 172
11 101
94 36
171 12
260 155
226 149
205 192
136 8
117 69
52 214
37 221
42 17
39 220
132 159
226 23
98 25
101 8
45 4
165 151
134 228
167 93
124 55
162 28
136 171
44 12
222 36
143 169
211 183
165 152
192 246
131 263
123 58
235 82
224 156
170 140
96 160
227 141
83 58
16 227
148 167
0 172
1 228
153 164
58 83
100 141
224 95
167 257
97 156
235 209
250 58
170 219
4 228
38 152
143 262
74 196
94 36
44 139
44 9
92 169
18 41
88 51
117 69
214 179
221 164
42 17
220 166
77 192
259 159
166 220
178 253
94 164
242 199
101 134
178 215
251 182
162 29
79 190
131 36
36 94
143 169
45 5
152 38
149 167
89 175
250 185
91 44
81 188
17 100
221 98
256 44
134 45
79 237
62 121
45 218
21 167
79 110
96 31
129 43
97 222
167 257
24 261
82 235
129 101
263 131
131 101
227 13
5 45
201 69
92 100
195 202
133 28
92 169
41 145
215 177
150 39
24 38
172 4
144 42
39 220
171 11
226 23
34 29
8 228
213 180
10 228
23 39
8 136
228 5
42 219
155 260
76 67
33 30
138 101
45 5
152 38
246 66
172 1
80 189
218 171
97 28
130 39
221 98
227 141
32 96
216 47
62 121
0 45
167 148
47 217
261 20
129 43
96 158
17 227
172 135
91 172
101 2
92 170
131 101
164 25
143 262
101 138
28 97
163 258
260 155
226 149
251 55
40 93
39 23
137 228
86 180
42 17
94 39
22 226
137 44
98 24
51 126
221 37
115 72
101 134
178 214
251 181
168 92
136 171
131 35
101 91
11 228
85 55
50 88
101 131
45 129
80 190
171 91
172 8
170 140
97 30
227 140
133 45
143 100
228 2
45 0
121 61
47 217
158 96
43 14
96 33
40 130
134 23
226 145
41 147
3 263
119 65
13 100
84 183
228 11
160 31
195 202
171 136
92 169
64 205
263 134
101 7
52 214
37 221
228 8
34 157
66 77
31 259
103 88
101 7
45 4
10 228
150 166
87 178
205 65
99 149
133 156
139 44
34 30
16 42
142 135
139 100
167 22
132 263
2 101
83 107
44 135
130 39
221 98
170 15
83 58
111 79
167 21
1 136
188 121
110 207
209 59
199 198
223 31
70 73
224 29
145 100
62 207
263 130
228 130
100 141
133 172
228 12
31 33
12 44
260 154
21 226
124 183
40 93
244 195
11 101
45 131
101 136
94 38
193 204
150 225
161 156
169 17
135 11
86 180
85 54
166 93
145 42
168 92
79 190
67 203
164 221
127 175
35 95
240 202
193 245
129 172
206 63
218 171
188 208
100 145
158 33
227 140
58 210
227 142
101 129
46 90
20 167
17 100
261 21
71 199
31 96
16 227
97 156
145 100
101 1
43 91
119 65
164 26
183 211
128 46
226 92
139 171
98 153
162 155
251 56
134 136
133 101
87 52
213 54
75 194
34 157
138 171
151 225
151 98
204 193
135 11
165 151
39 150
93 39
6 101
220 168
25 225
12 171
157 34
254 48
5 172
215 51
184 84
2 45
63 79
44 218
152 260
170 140
95 161
128 172
261 146
205 111
21 40
173 217
121 61
46 217
134 172
42 256
224 95
41 129
8 172
27 163
101 1
1 172
148 40
112 204
183 211
15 170
29 97
44 139
154 225
219 43
191 79
41 93
118 68
52 214
181 213
169 144
229 90
44 138
10 171
24 225
125 179
131 45
116 71
228 8
178 214
125 53
214 232
260 29
203 194
91 228
176 254
262 142
215 51
149 166
136 132
41 19
147 226
80 188
100 145
222 34
170 15
261 146
205 111
186 82
0 172
188 208
163 27
134 172
14 170
223 96
14 43
134 23
163 154
147 168
263 130
210 58
37 153
160 96
128 46
93 99
37 131
154 225
211 106
41 146
215 177
166 150
152 165
172 5
101 136
165 94
22 226
205 191
24 225
7 228
4 172
213 53
86 54
172 3
101 133
87 104
206 64
171 138
225 154
42 143
14 262
51 88
245 67
49 89
101 130
147 226
189 207
13 170
160 158
255 45
96 160
100 15
209 186
136 129
0 101
154 163
186 209
71 199
32 159
14 43
209 187
173 217
188 81
128 45
185 210
164 26
211 57
100 139
226 93
131 164
80 62
219 43
41 146
220 41
245 195
165 25
5 45
176 126
38 221
259 34
132 30
225 151
134 101
165 221
116 71
54 213
39 221
125 53
41 220
44 137
138 44
90 228
254 49
14 262
165 152
67 118
2 45
57 250
84 107
207 62
257 165
220 99
43 142
18 262
175 216
228 2
128 172
0 228
173 90
134 172
72 71
159 223
199 71
149 134
46 90
128 101
172 128
64 247
141 227
160 96
139 227
226 93
257 38
133 26
43 92
168 19
49 215
67 245
228 11
95 36
9 101
225 26
131 161
225 24
93 167
125 180
94 165
101 9
166 24
172 3
101 133
150 225
225 151
148 226
217 102
75 68
45 5
201 114
183 84
88 176
130 228
226 20
133 153
257 165
31 160
142 170
172 133
164 153
209 186
217 47
208 61
173 90
134 149
198 72
96 32
198 199
45 7
144 100
61 208
2 263
247 191
48 216
145 262
170 142
220 226
13 43
189 80
36 28
3 228
215 176
118 67
38 152
132 172
169 143
90 101
258 34
44 10
104 87
228 133
10 262
8 228
54 213
221 165
53 252
162 29
259 30
203 193
98 26
75 68
163 222
51 87
133 228
172 2
146 41
43 219
136 171
18 99
31 160
170 15
6 172
216 49
148 167
45 128
187 122
27 36
209 59
72 71
159 96
71 72
59 209
144 100
60 122
129 136
64 247
48 216
18 135
255 172
224 29
38 130
153 133
234 211
3 228
92 168
149 39
152 165
55 85
10 101
94 37
11 44
225 24
104 87
18 42
39 94
86 181
24 39
262 10
228 7
93 40
137 171
22 99
157 34
126 177
85 54
114 74
228 6
172 2
168 146
92 43
260 26
195 75
31 160
200 197
262 145
37 26
148 167
172 1
188 207
208 236
30 224
129 41
32 32
198 199
149 134
17 227
81 61
171 218
82 186
37 153
96 32
73 197
158 160
130 165
61 207
99 20
19 41
129 45
149 39
215 178
222 162
169 143
27 98
76 194
191 79
87 232
169 18
39 93
54 86
9 101
52 87
7 101
93 40
64 78
149 226
217 102
202 195
13 262
228 138
245 68
7 136
206 64
148 226
154 98
44 12
156 97
100 12
172 133
153 37
83 58
263 3
80 188
36 154
187 209
170 141
32 159
71 72
82 59
100 17
228 0
218 44
209 59
78 111
6 45
45 255
97 157
18 227
44 8
91 171
41 146
89 49
228 132
113 202
162 95
143 42
30 34
67 76
137 44
156 35
192 77
45 3
23 166
228 9
165 94
17 169
93 40
24 225
226 22
153 98
68 202
131 45
138 101
56 212
129 172
228 4
155 162
80 189
19 99
92 226
197 73
6 172
176 216
228 3
3 136
20 168
236 81
23 134
141 43
95 224
227 142
96 158
46 90
248 61
217 173
167 148
238 78
45 133
72 198
157 224
166 257
133 25
91 171
101 3
136 5
211 57
152 165
135 142
10 101
157 161
44 139
137 44
23 226
204 192
166 220
23 166
115 199
165 94
144 42
167 93
137 171
77 66
157 34
50 126
94 163
87 179
183 85
215 50
205 64
155 162
171 9
258 164
97 28
142 170
17 262
14 227
40 149
130 263
80 189
218 172
60 81
170 141
31 223
256 43
45 7
90 174
61 121
173 90
209 59
238 78
223 159
199 71
97 157
39 130
188 81
163 155
123 185
263 132
193 118
12 100
85 182
69 74
221 164
131 162
44 10
29 162
18 42
87 51
101 8
165 24
180 213
144 42
103 215
259 31
259 160
94 165
126 177
45 4
52 87
212 182
40 220
191 205
155 162
225 153
202 195
28 224
11 228
34 95
152 37
119 192
1 45
168 147
100 145
135 172
200 197
97 95
141 170
31 96
110 80
60 208
218 45
167 148
37 153
223 159
199 71
95 34
39 130
134 25
19 226
63 206
92 169
149 40
177 88
132 172
48 254
161 30
76 194
25 98
162 156
251 54
39 93
70 244
180 86
131 172
253 179
93 39
158 259
149 226
157 34
135 101
94 164
101 10
228 7
40 220
124 55
155 162
44 136
99 146
163 222
101 11
172 133
239 203
119 192
128 172
129 228
19 99
134 151
13 170
159 32
72 199
58 210
174 217
248 62
263 0
121 62
79 111
159 96
71 72
224 30
257 39
8 172
146 99
250 58
42 92
40 22
177 88
85 182
143 42
157 160
226 147
79 63
213 105
168 18
45 3
117 69
72 115
4 45
8 101
103 215
99 23
77 65
25 225
194 76
86 53
228 137
182 85
136 135
64 78
169 92
155 260
20 99
163 222
16 42
143 135
227 140
4 101
45 128
122 59
19 99
134 151
70 200
95 224
71 199
185 83
143 100
101 128
0 45
209 60
227 16
159 96
142 43
94 98
13 43
45 8
99 19
185 250
136 4
246 193
88 50
262 16
47 254
155 224
258 36
136 44
226 149
18 41
8 263
244 196
228 10
37 221
144 42
216 230
77 192
259 159
34 30
51 126
53 213
228 137
39 150
130 172
132 228
22 99
133 155
139 44
158 33
174 254
143 135
152 38
228 4
43 219
41 19
154 163
188 208
17 100
31 223
199 198
83 58
26 164
40 148
90 45
167 148
227 16
134 172
256 171
96 158
43 140
97 156
27 163
185 250
170 219
101 4
203 240
172 5
101 138
33 158
36 131
260 155
219 42
182 251
88 51
101 7
24 38
131 172
144 42
39 220
32 132
132 32
216 103
253 51
213 180
151 38
166 23
220 167
101 132
35 156
155 260
226 20
163 221
174 254
45 5
50 88
66 119
172 1
123 58
19 99
45 135
200 197
94 225
199 198
147 134
153 37
82 60
172 91
148 40
110 206
147 261
43 14
96 33
17 227
81 60
19 226
101 2
136 4
58 83
177 88
84 183
143 42
95 36
68 75
153 225
28 162
191 78
172 130
39 23
52 214
172 4
8 101
216 230
259 32
138 44
29 161
194 76
4 172
199 115
7 101
93 40
124 54
149 226
9 44
194 76
27 224
196 74
182 85
215 50
131 228
1 45
250 185
36 155
45 135
197 74
31 160
142 170
210 185
111 79
248 62
263 0
167 148
174 90
210 58
14 100
96 158
13 43
29 97
172 218
189 80
216 175
192 119
100 140
84 183
127 47
31 33
195 202
79 63
42 92
78 64
130 45
55 85
228 10
164 94
178 126
152 225
77 193
137 44
24 225
101 8
53 213
53 86
196 244
130 172
228 5
162 29
136 171
99 147
157 34
143 169
182 85
227 140
22 40
136 132
207 63
28 36
155 97
43 13
160 158
128 171
134 19
227 143
190 248
217 46
1 228
207 237
148 261
43 256
159 159
130 167
23 261
82 235
122 186
216 175
228 131
76 112
17 135
143 42
163 95
258 36
98 153
169 219
124 182
88 50
228 134
241 73
181 213
203 67
216 229
66 77
23 98
161 156
76 66
45 4
242 199
150 166
51 87
192 205
213 232
206 63
171 139
157 34
74 69
45 5
25 165
184 84
172 2
123 58
44 218
28 224
69 201
98 94
128 171
83 58
227 142
101 129
90 173
81 187
100 144
261 21
14 100
97 222
40 130
261 150
218 45
101 1
174 89
185 210
37 153
262 17
15 170
31 33
68 75
189 80
92 169
101 4
45 2
228 133
151 165
262 13
50 253
157 161
132 160
31 259
220 40
134 101
213 180
136 101
150 166
51 87
18 169
41 219
190 206
20 99
30 161
127 175
135 15
12 227
66 118
132 263
3 101
44 218
44 135
69 201
97 30
15 43
146 134
238 205
129 228
0 45
40 20
154 164
209 59
199 198
33 223
168 257
172 135
227 145
128 101
263 130
228 130
112 204
33 222
228 12
33 158
195 202
207 189
42 92
168 19
7 263
133 101
151 165
163 94
75 194
89 102
193 204
65 205
162 156
76 66
52 214
242 199
181 85
3 45
42 18
99 150
137 171
21 99
37 94
127 175
142 135
240 202
39 149
42 219
130 228
99 147
260 25
196 74
34 95
100 13
261 146
15 227
190 247
90 173
147 40
37 154
209 59
141 43
159 32
200 70
134 23
217 45
122 187
128 45
185 210
227 14
56 84
197 200
29 97
146 99
80 62
219 43
64 206
215 177
118 68
241 74
54 86
101 136
229 90
193 204
44 10
156 35
66 204
214 179
180 213
23 39
45 130
101 133
87 105
191 206
226 21
228 218
169 16
212 182
152 38
39 149
169 92
123 57
210 234
44 135
140 43
97 30
198 73
96 159
111 78
59 209
136 128
0 228
144 227
45 134
169 129
223 32
129 168
224 30
154 36
188 80
91 171
58 83
239 77
160 96
12 100
224 29
68 75
80 62
226 148
251 56
177 88
118 68
214 178
95 36
9 101
34 157
11 44
191 78
231 214
101 7
214 179
39 24
243 70
214 52
125 53
93 41
98 25
11 171
90 228
42 143
135 14
12 227
22 39
6 136
228 3
43 218
224 154
165 130
99 93
255 45
133 45
227 142
2 101
171 91
0 101
100 144
82 186
170 141
32 159
198 199
7 172
154 36
61 208
45 1
228 130
216 176
184 211
15 170
156 224
75 195
9 171
170 219
206 191
168 220
56 84
214 178
212 54
101 136
221 165
11 44
259 157
225 151
7 228
137 135
180 213
116 198
45 130
169 145
231 87
205 64
171 138
90 228
127 176
55 212
101 12
84 56
176 215
228 3
43 218
97 27
38 257
33 31
200 197
172 133
164 153
148 167
128 172
208 61
236 81
82 186
100 142
159 223
142 100
134 45
81 236
208 188
45 1
228 130
112 204
160 96
15 170
29 97
257 38
44 9
219 43
146 168
168 219
101 6
87 51
95 36
42 16
165 94
76 193
64 205
35 29
169 18
262 137
166 151
116 198
45 130
6 101
150 225
10 44
161 131
221 38
127 176
36 95
165 152
194 245
6 136
123 57
155 163
26 133
74 69
35 95
12 227
33 96
153 37
167 21
2 136
168 147
144 227
59 82
43 14
223 223
71 72
157 224
154 36
60 122
129 136
21 167
78 111
211 57
70 73
95 35
38 130
80 62
211 107
250 57
133 136
101 5
214 178
181 212
195 202
26 98
131 161
132 30
214 104
180 252
45 3
71 243
198 243
137 262
77 193
35 156
225 151
193 76
161 157
253 49
5 172
25 165
67 118
172 2
41 19
107 211
207 62
165 130
220 99
70 200
57 211
153 37
3 101
129 263
81 188
145 227
149 261
41 256
32 159
71 72
209 186
217 46
168 20
2 263
191 120
78 111
6 45
255 172
99 220
13 43
80 62
155 36
79 63
263 133
67 245
201 241
85 182
101 137
164 94
131 161
225 24
162 156
228 133
10 262
23 166
151 166
137 262
193 204
231 87
151 98
259 160
161 157
101 9
14 262
114 74
211 183
176 215
56 251
92 43
80 189
37 258
162 222
200 197
172 133
204 112
167 21
1 45
147 41
154 163
149 261
198 73
32 223
169 256
134 45
173 217
208 188
90 46
21 167
216 175
159 96
15 170
98 220
140 170
25 260
20 226
57 123
216 176
84 183
38 152
95 35
75 195
27 98
11 44
25 98
23 226
228 133
166 220
86 181
39 151
94 38
134 228
35 156
171 10
149 226
221 38
228 136
86 54
87 178
166 23
215 50
168 146
219 170
136 171
258 164
33 31
197 73
17 262
164 153
247 64
47 90
101 128
100 145
187 209
256 168
32 159
170 14
97 157
100 17
188 81
90 46
247 190
175 89
19 134
142 43
160 31
13 43
8 171
28 163
146 168
2 172
149 39
202 240
172 5
254 175
164 94
194 203
206 191
99 23
204 192
130 45
116 70
198 242
179 214
169 144
88 104
24 225
171 138
30 161
228 136
181 86
151 38
101 133
50 88
56 251
28 35
44 136
258 164
97 29
170 15
33 96
37 26
210 185
1 45
80 189
145 227
97 29
170 141
95 224
15 227
59 209
173 217
167 20
218 45
129 101
78 111
6 45
227 13
95 34
18 227
97 155
83 234
3 228
45 2
211 57
202 240
182 212
16 169
27 98
226 148
152 225
41 92
204 192
9 262
101 8
72 115
172 4
17 169
29 35
98 23
22 99
102 89
67 202
131 45
179 214
228 6
88 177
251 183
233 85
225 153
226 19
100 92
70 200
135 17
176 215
119 192
45 128
122 59
163 27
224 156
143 227
33 96
199 71
172 134
27 164
0 228
128 136
148 40
164 26
19 134
171 128
34 222
130 166
171 135
226 147
63 206
48 216
39 22
50 215
182 212
127 48
27 97
76 194
29 260
86 232
101 6
93 166
8 228
136 228
94 38
193 203
40 220
225 150
171 138
30 161
228 136
4 172
114 73
195 244
93 40
145 41
42 219
44 136
171 139
158 33
143 170
172 133
141 100
131 228
92 43
59 249
227 18
8 45
16 100
32 159
170 256
158 223
110 80
61 121
0 45
167 148
26 37
261 19
170 142
31 33
166 257
188 81
235 210
228 129
45 2
119 66
202 240
132 172
42 16
218 228
171 12
98 152
232 213
41 145
130 45
197 117
151 165
138 262
101 134
166 93
10 44
132 32
30 161
144 169
86 53
214 52
7 101
167 93
182 124
233 85
80 190
36 258
163 222
143 169
144 135
13 227
83 58
131 263
20 168
226 19
81 187
43 13
32 159
14 227
83 58
90 174
189 248
0 45
1 228
100 143
32 223
198 199
98 221
39 130
188 81
155 36
185 250
131 136
4 228
100 140
162 95
143 42
91 100
162 258
9 171
41 92
192 78
220 40
7 228
199 242
172 4
17 169
161 29
159 259
138 44
161 157
51 126
94 164
52 87
134 228
215 50
145 41
28 35
153 98
226 20
227 219
228 138
56 211
239 203
40 149
219 170
168 147
27 36
60 81
144 227
223 158
14 43
134 20
26 164
148 167
172 0
21 167
89 47
261 20
141 227
97 157
200 70
135 45
36 28
101 2
219 42
57 83
152 165
212 56
138 228
100 218
20 226
225 25
232 213
251 55
135 136
55 85
52 214
37 221
253 178
215 230
159 259
204 192
30 161
178 253
213 180
137 101
85 55
220 167
65 78
22 99
79 190
99 147
97 28
101 11
16 262
50 88
83 57
89 175
80 189
82 108
187 208
43 13
223 158
170 256
134 20
16 227
209 187
218 45
128 101
143 227
96 31
100 141
96 158
200 70
45 8
154 36
185 250
136 4
83 184
215 177
183 212
47 254
94 36
258 36
28 260
219 42
65 205
93 167
212 55
228 10
172 4
42 17
25 98
259 32
226 23
225 152
194 76
131 45
199 115
182 85
135 263
41 18
92 42
225 153
147 226
155 97
174 254
172 132
76 240
210 184
48 89
129 228
108 209
135 172
167 130
31 159
227 141
172 134
89 174
189 248
263 0
1 228
37 153
147 261
141 43
33 223
70 73
187 81
19 226
20 41
128 45
185 210
164 25
135 143
254 174
92 100
163 258
133 28
106 85
168 18
3 172
55 85
179 87
164 94
76 194
25 98
32 132
159 132
29 161
178 253
45 4
199 115
23 39
263 8
132 228
149 226
25 225
44 12
160 157
69 201
16 262
240 203
22 40
48 89
129 228
108 210
208 61
17 100
31 160
71 199
185 83
47 89
189 248
0 136
62 248
100 143
158 96
43 256
224 95
43 140
97 156
82 235
228 129
128 45
22 167
140 227
222 161
201 69
219 227
75 195
136 44
169 219
168 18
50 215
182 212
165 24
139 262
17 169
39 220
193 204
65 205
34 29
17 42
135 12
151 38
228 7
39 220
168 145
162 29
225 152
139 44
97 27
201 196
162 222
177 215
40 149
45 129
41 19
146 226
155 97
201 196
33 31
128 171
185 83
216 48
1 101
172 0
208 60
110 207
134 148
199 72
33 223
140 170
208 187
154 36
122 186
92 170
22 167
49 215
17 135
69 74
160 31
99 19
26 98
169 219
145 168
7 263
39 23
228 11
140 262
126 50
30 34
149 99
10 171
225 151
42 144
221 38
38 24
244 70
87 178
132 228
41 219
171 10
194 76
164 221
16 42
182 85
240 202
22 40
136 132
228 2
171 91
208 61
43 13
34 95
43 142
96 159
206 111
59 209
263 1
228 0
110 207
223 158
100 141
223 160
140 170
23 261
82 235
168 20
136 3
228 130
49 215
133 172
139 228
219 227
202 68
136 44
148 99
251 56
136 7
195 117
179 87
221 163
101 136
157 161
33 132
158 132
167 220
144 169
165 221
72 242
39 150
178 214
145 42
29 35
133 156
67 203
34 30
169 16
95 162
50 88
211 184
45 129
58 250
20 99
25 133
166 130
161 222
15 43
133 45
100 15
148 167
136 128
187 208
110 207
45 134
170 141
224 95
170 14
135 45
163 154
207 189
218 43
65 246
49 215
183 211
197 200
97 155
68 75
9 171
99 21
78 64
50 215
133 101
241 73
94 36
126 50
34 157
44 138
158 132
29 162
52 125
135 11
86 180
181 85
9 135
42 18
29 35
191 206
99 148
34 30
48 127
5 172
215 51
57 211
42 219
190 206
226 20
155 97
43 13
157 97
227 140
6 172
153 37
190 247
218 171
20 167
90 46
261 21
198 72
159 32
70 73
29 97
217 45
1 228
136 3
64 246
141 227
6 45
255 173
222 162
19 226
80 62
28 162
101 4
7 263
68 245
87 52
181 213
17 169
90 102
259 33
171 137
24 225
134 101
52 214
136 101
197 243
3 45
101 133
214 232
206 64
131 34
94 164
10 228
172 132
202 113
118 194
263 5
101 130
218 171
188 207
38 257
31 160
255 45
19 261
153 37
120 190
44 218
188 208
27 36
45 134
15 100
96 159
14 43
97 157
163 154
1 228
1 172
40 21
89 49
33 223
255 173
97 156
68 75
154 225
92 170
183 251
263 134
245 195
201 241
222 163
177 126
34 157
138 171
64 205
24 225
169 17
38 94
213 53
166 23
220 166
192 204
35 156
171 10
44 11
164 221
169 16
212 182
165 152
67 118
129 172
190 206
43 218
136 171
196 74
220 99
13 227
96 160
100 15
82 59
128 172
101 0
46 217
149 261
129 42
159 159
100 16
157 224
109 81
187 249
2 263
83 185
26 37
145 262
200 70
95 35
68 75
136 44
162 155
146 168
133 136
39 23
11 101
222 163
143 42
157 161
44 138
98 151
104 87
145 169
10 262
86 180
8 101
39 221
193 204
168 93
64 78
44 11
26 225
68 202
262 141
201 114
118 194
41 219
190 206
155 163
80 189
13 170
160 158
197 73
18 262
111 78
40 148
90 173
81 188
227 17
224 157
199 198
223 32
15 227
172 134
18 227
147 168
128 45
101 3
227 14
160 96
12 100
226 93
69 74
27 98
163 155
206 190
2 172
133 101
241 74
141 262
42 16
94 38
203 66
98 151
225 150
101 6
262 137
71 243
243 71
130 172
204 66
104 214
24 225
258 161
228 217
42 143
54 212
38 25
101 133
133 263
3 101
211 234
62 80
227 18
226 220
172 255
45 6
164 153
40 148
45 128
60 249
100 144
209 59
72 71
32 96
227 142
209 186
46 90
168 20
217 174
191 120
15 100
223 160
255 172
160 31
257 38
189 80
43 92
57 123
49 215
132 101
12 101
172 5
68 75
98 153
76 193
137 44
35 29
101 6
137 135
135 101
181 86
172 3
53 252
23 98
151 98
76 66
157 34
9 228
14 262
228 138
67 118
176 215
250 183
148 226
44 136
69 201
31 160
142 170
262 145
37 26
3 101
91 44
101 128
109 208
224 157
71 199
159 159
169 256
97 157
46 90
41 147
91 171
247 191
111 205
160 96
197 200
93 99
227 145
26 260
36 28
3 228
168 219
67 245
38 152
212 55
143 42
30 34
34 131
205 191
162 156
101 6
52 214
135 101
53 213
262 10
66 77
93 40
10 44
33 259
153 98
126 177
132 45
38 25
39 150
133 263
131 228
99 148
171 9
146 226
35 95
15 43
133 45
112 77
101 130
45 128
101 128
36 154
45 134
143 227
96 223
256 42
157 224
109 80
0 101
91 171
247 190
164 26
184 210
15 170
156 224
130 165
80 61
20 226
130 101
6 263
183 211
139 227
132 172
176 127
228 91
161 258
152 225
99 23
53 125
214 178
150 39
166 24
179 214
42 17
220 167
151 98
77 66
34 30
50 126
86 54
178 214
118 195
88 177
191 206
162 28
98 27
12 171
224 156
15 43
144 135
112 77
101 130
263 3
60 249
163 27
134 150
168 129
32 96
42 129
157 224
100 17
248 61
0 172
2 228
164 26
32 223
71 73
160 31
38 130
28 97
20 226
168 19
219 42
149 39
113 202
162 95
169 143
225 27
99 21
25 98
214 105
77 65
87 51
166 150
38 151
11 135
66 77
215 231
205 65
193 77
26 225
177 253
131 45
38 24
195 245
50 88
146 41
43 219
62 80
202 195
160 158
139 101
172 133
239 204
167 22
128 172
186 122
236 81
261 23
170 141
32 159
14 43
172 134
100 17
208 188
217 173
21 167
142 227
133 172
199 71
34 222
69 74
133 25
107 83
184 250
169 219
166 149
38 152
55 85
137 228
34 157
258 35
152 225
232 213
228 133
136 135
243 197
228 9
11 135
76 193
24 98
132 158
44 11
26 225
17 42
262 140
241 200
39 150
177 215
124 56
212 233
26 225
139 44
158 33
128 173
17 262
239 204
228 3
216 47
249 186
154 163
150 261
70 200
223 158
170 14
223 31
154 37
0 228
172 218
228 129
15 100
96 32
170 142
30 97
170 13
224 28
99 20
190 79
45 2
193 118
215 177
95 35
169 143
101 218
35 131
206 190
29 162
252 54
3 172
85 181
72 115
86 180
52 253
88 103
137 171
149 226
34 30
50 126
86 54
73 241
133 228
129 172
55 251
212 233
189 207
139 44
227 219
11 228
161 222
227 141
131 228
216 47
168 147
36 154
261 23
73 70
159 32
43 141
148 134
37 27
187 81
91 172
167 148
37 153
6 45
128 44
95 34
43 140
81 61
44 91
41 146
92 169
66 246
100 140
45 132
228 10
94 37
226 147
29 260
22 226
18 41
87 51
55 85
137 228
131 172
144 42
161 29
23 226
22 99
25 225
135 101
131 45
114 73
166 23
7 136
251 182
35 155
207 63
44 12
33 31
228 138
84 56
239 203
167 22
219 170
168 147
226 19
45 135
40 257
223 33
199 199
21 261
90 174
208 187
0 45
187 209
174 89
159 96
142 43
225 94
201 69
28 97
44 91
146 168
263 131
184 211
177 88
172 5
143 42
30 33
203 67
98 152
99 22
251 54
40 93
39 23
24 38
12 135
126 51
103 215
44 138
44 11
103 89
51 126
53 213
200 115
244 69
130 172
228 5
99 149
63 79
147 226
224 155
47 127
45 5
215 50
83 58
170 92
20 168
19 99
261 24
140 43
158 96
72 71
210 185
79 237
81 60
263 0
209 60
47 216
96 32
44 256
97 157
73 197
81 61
99 19
146 168
4 263
119 66
140 227
132 172
16 169
30 33
67 75
206 190
162 156
18 41
3 172
166 150
87 53
180 213
194 203
25 98
11 44
11 171
157 34
126 178
213 180
52 87
7 101
130 172
182 124
155 162
155 260
68 202
227 219
201 196
34 95
50 88
83 57
263 4
80 189
82 108
208 60
40 257
223 158
100 14
147 134
227 143
121 189
0 172
128 101
100 143
210 58
141 227
158 223
73 197
8 172
91 171
168 19
172 128
22 167
165 25
45 132
143 42
100 219
68 75
225 26
99 22
65 205
135 136
134 101
87 52
172 4
8 101
39 220
159 259
192 77
98 25
67 203
131 45
137 101
212 182
88 178
145 41
232 86
260 28
171 139
158 33
169 16
222 34
25 165
66 119
48 89
189 207
146 226
28 224
13 170
160 222
170 15
20 261
37 26
128 228
217 45
60 82
47 217
58 83
71 72
96 33
100 17
29 97
154 36
168 20
175 89
228 131
25 38
5 45
143 42
155 224
68 75
190 79
35 28
41 145
136 8
117 69
24 38
12 135
51 253
152 225
99 23
77 65
156 34
253 51
94 164
53 86
7 101
135 263
54 251
162 29
190 206
258 163
94 163
48 127
182 85
227 140
131 228
169 92
41 19
44 218
61 81
170 140
158 33
227 141
134 20
79 237
128 228
0 136
21 167
37 153
83 185
199 71
33 223
130 167
45 8
99 19
147 168
131 136
101 4
227 13
16 135
47 254
163 95
226 147
9 171
42 92
182 251
177 88
134 101
87 52
45 131
135 228
34 157
11 44
31 259
29 161
126 178
131 45
115 72
101 134
3 45
192 205
29 35
79 190
20 99
218 101
169 16
45 5
13 227
40 149
263 5
41 19
83 108
81 188
100 144
157 97
140 100
58 210
100 16
62 121
172 0
21 167
47 217
172 7
100 141
159 159
130 167
23 261
36 27
228 128
89 48
149 40
176 88
45 133
11 101
163 95
195 202
171 136
219 42
168 18
220 40
244 195
11 101
135 140
17 169
157 161
204 66
205 192
88 230
17 42
213 180
86 180
39 150
135 136
5 101
162 29
152 98
20 99
27 224
137 101
222 35
165 152
101 132
2 45
228 2
83 107
8 44
74 69
31 160
255 44
172 133
153 37
186 82
136 128
128 101
27 37
186 210
72 71
159 159
16 227
187 81
18 227
186 249
172 128
3 228
239 77
222 161
16 170
227 92
131 164
98 153
212 106
145 168
2 172
6 228
24 38
13 135
144 42
152 225
171 11
31 259
225 151
193 76
4 172
165 151
85 54
262 9
6 101
156 162
10 44
12 171
157 34
254 48
222 35
75 240
166 22
169 92
146 41
36 155
44 135
39 257
30 224
142 170
146 134
37 26
63 120
90 173
188 121
174 90
7 45
256 170
96 158
41 130
135 45
236 209
122 186
43 91
65 246
164 26
144 262
200 70
36 222
19 226
98 153
155 35
228 131
50 215
150 39
165 24
140 262
17 169
216 229
77 193
132 31
88 231
101 7
87 52
86 180
39 150
39 220
6 101
162 29
191 206
12 171
225 154
169 16
135 15
215 51
149 166
176 216
123 57
44 218
44 135
201 196
30 224
100 13
6 172
164 153
148 167
217 46
20 167
46 217
172 7
227 15
33 223
197 200
8 172
227 145
101 1
3 263
210 58
204 239
33 223
142 43
162 95
146 99
62 207
212 106
191 78
215 177
68 245
114 201
131 172
126 50
90 102
160 259
158 132
104 88
193 77
172 131
213 53
39 150
262 9
77 192
226 23
191 206
203 194
94 164
137 101
162 222
178 215
211 184
176 216
190 206
226 20
171 8
43 13
97 30
100 13
184 83
164 153
120 190
128 263
248 188
80 109
82 186
129 42
32 32
70 73
224 30
109 81
1 228
218 44
185 210
26 37
160 96
100 139
29 97
37 131
189 80
84 233
4 228
93 168
228 133
51 214
36 222
228 9
26 98
77 193
151 225
214 104
169 17
131 45
86 180
116 197
52 87
65 77
93 41
79 191
226 21
225 154
254 49
135 15
202 113
149 166
49 89
130 228
155 163
188 207
130 38
158 33
140 100
96 160
37 26
59 209
263 2
61 81
144 227
7 45
72 71
159 96
43 141
22 261
163 154
61 208
45 1
21 167
26 37
6 45
139 227
224 29
99 19
171 136
35 28
131 101
45 2
23 166
228 11
212 54
126 49
30 34
77 193
44 10
104 87
145 169
179 87
86 180
24 39
166 94
204 66
220 168
10 44
131 34
161 157
49 127
55 212
51 87
228 5
129 172
250 184
170 91
44 136
201 196
95 162
170 15
135 18
227 142
209 186
91 44
208 61
36 154
7 45
198 72
223 223
41 129
172 134
46 90
81 61
129 136
83 186
77 112
172 6
128 46
99 220
13 43
189 80
163 155
183 250
6 263
166 149
138 228
212 54
16 169
217 229
34 132
137 44
167 220
6 228
45 3
166 151
198 243
130 172
66 77
150 225
64 78
258 161
217 101
9 228
262 141
201 114
56 211
129 172
79 190
84 107
260 26
170 140
35 95
73 70
6 172
205 111
228 3
91 44
188 208
100 144
209 59
71 199
223 223
142 100
134 22
36 27
0 228
172 128
228 130
26 37
45 133
172 128
95 35
69 74
62 207
170 219
123 184
49 215
84 183
38 152
172 5
9 101
30 34
138 171
171 137
225 150
133 101
45 3
228 135
213 181
87 179
53 252
29 35
132 157
138 44
221 38
101 9
132 45
228 138
118 194
88 176
19 168
163 28
225 154
43 13
226 220
142 170
160 223
141 100
83 59
128 172
122 60
81 109
224 157
72 71
159 96
100 15
59 209
208 109
188 81
46 217
59 82
238 78
172 6
43 15
226 93
140 170
44 9
218 43
190 79
2 172
56 84
12 101
222 162
127 49
90 101
44 138
259 157
99 23
228 133
221 39
101 8
24 39
221 165
169 145
24 98
157 259
193 77
153 98
9 228
141 135
178 214
118 195
215 49
251 183
43 219
153 260
44 12
220 99
139 100
45 6
176 216
101 130
45 128
249 187
227 18
134 172
41 256
32 96
256 42
22 261
217 46
121 188
128 45
2 228
15 100
133 172
15 170
156 224
257 38
27 97
99 20
101 3
89 49
149 39
113 202
35 222
169 143
30 34
203 67
29 260
29 162
204 192
10 262
86 181
213 180
94 38
77 193
88 104
78 191
149 226
90 229
75 68
131 45
152 38
68 118
172 2
101 131
99 148
98 27
171 139
162 222
170 15
184 84
14 227
130 228
47 90
80 188
227 18
135 172
14 170
223 223
198 199
172 134
100 17
0 228
136 1
129 101
78 111
45 133
15 170
95 34
165 257
171 135
171 218
57 123
45 2
228 132
38 152
172 5
48 254
225 27
67 76
133 29
150 99
145 169
87 51
116 70
228 9
45 131
42 17
220 167
259 31
66 204
161 157
177 253
140 135
38 25
23 39
129 172
131 228
212 233
225 154
68 202
158 33
170 15
160 223
227 141
167 22
3 136
101 128
218 172
8 45
70 200
33 96
141 170
223 31
227 144
40 147
45 0
21 167
37 153
134 146
170 142
157 224
100 18
81 61
163 155
184 250
176 89
5 228
38 152
162 95
101 137
98 154
35 131
137 44
105 86
125 181
51 214
101 8
115 199
4 45
17 169
29 35
98 23
22 99
102 89
75 67
172 131
138 101
133 228
88 177
56 251
226 21
171 9
226 19
155 97
200 197
6 172
176 215
40 149
174 216
168 147
45 218
156 97
141 43
159 32
14 43
134 45
47 90
248 61
90 46
59 82
205 238
146 261
140 227
225 94
13 43
61 208
36 28
130 101
2 172
132 101
88 50
5 45
196 201
154 225
67 76
63 206
213 105
42 145
172 130
54 85
136 228
262 11
101 134
98 151
225 150
66 204
98 25
76 67
181 86
52 87
23 39
50 88
18 168
162 28
80 189
146 226
158 33
101 11
34 95
227 141
65 119
3 136
168 147
100 145
208 60
40 257
31 223
141 170
21 261
164 154
121 188
45 91
63 247
227 15
6 45
44 255
30 97
39 130
152 133
234 210
19 41
5 263
5 228
177 88
222 162
127 48
164 94
139 171
25 98
219 41
101 5
135 9
212 55
228 10
94 37
101 134
29 34
137 171
22 99
161 157
8 228
262 140
24 165
150 166
263 7
55 251
42 219
80 190
99 146
100 92
254 47
172 133
25 164
101 131
172 1
101 129
154 163
261 23
227 16
96 31
170 14
134 21
90 174
248 62
173 90
82 187
89 47
32 223
43 15
157 224
17 227
208 188
91 171
190 80
131 136
40 22
227 13
182 212
254 175
160 30
139 171
79 63
99 22
132 101
88 51
150 39
24 38
221 164
194 203
156 161
226 150
99 149
161 157
178 253
135 12
228 137
101 134
215 50
145 41
169 92
153 98
12 171
160 158
138 101
161 222
152 37
40 149
89 175
62 80
91 45
60 81
140 43
97 95
141 100
134 20
227 143
62 121
217 172
1 228
174 89
223 159
227 14
158 160
130 166
155 224
155 36
2 228
136 4
193 119
152 165
182 212
127 48
224 28
99 20
63 206
99 22
41 145
172 130
55 85
87 53
4 45
76 194
39 220
150 99
204 192
225 152
228 135
94 164
228 137
117 196
50 88
132 228
99 149
28 133
12 171
227 219
16 42
183 84
177 215
184 83
43 219
147 41
108 209
60 81
73 70
159 32
256 43
223 31
37 26
189 248
0 136
248 189
100 143
83 185
44 256
95 33
257 40
8 172
235 209
250 58
172 128
131 101
140 227
34 222
101 138
227 92
67 75
28 260
232 213
192 78
263 135
182 212
179 87
53 86
17 169
225 25
138 171
171 138
157 34
228 135
139 135
24 165
55 212
178 215
78 192
86 105
63 79
131 36
92 227
47 127
262 143
38 25
57 210
219 170
80 189
171 91
151 261
70 200
94 224
199 198
7 172
216 47
187 82
91 45
121 62
206 237
261 20
170 129
158 223
140 170
134 24
108 82
186 250
263 131
22 167
227 13
34 222
47 254
36 222
20 226
190 79
42 92
101 5
215 177
55 85
179 87
37 221
228 8
103 216
259 32
159 132
156 34
194 76
86 53
151 38
166 23
178 215
132 228
35 156
44 136
20 99
163 221
42 143
172 132
100 13
66 119
169 92
185 123
146 226
261 24
70 201
30 224
100 14
159 223
89 174
82 60
45 0
81 187
47 217
210 58
43 256
159 159
73 197
8 172
218 45
62 207
89 48
131 101
76 112
132 172
169 143
92 100
163 258
44 9
149 99
64 205
130 45
196 117
38 151
12 135
144 42
93 39
77 192
99 150
34 29
51 126
4 172
72 242
166 23
214 51
168 145
86 105
206 63
194 76
227 218
175 254
55 212
100 13
40 149
172 2
250 185
44 218
135 172
170 140
98 94
72 71
172 134
89 175
101 128
172 0
1 228
143 227
223 158
14 100
158 223
143 100
135 45
108 82
207 189
3 263
228 131
49 215
135 144
47 254
160 31
163 258
154 133
219 42
78 64
88 50
196 117
214 179
221 164
50 253
94 39
11 44
98 150
161 156
134 101
138 135
72 242
197 244
45 130
192 205
219 168
206 63
76 67
91 228
143 169
222 35
100 13
246 66
136 132
101 129
91 44
260 25
100 144
34 95
198 72
32 96
79 238
101 129
45 218
20 167
144 227
261 21
14 100
32 159
130 167
208 187
36 27
128 101
174 89
65 246
176 88
56 84
70 74
97 155
19 226
62 207
35 28
205 191
2 172
195 117
11 101
163 94
169 144
225 25
204 66
31 259
88 230
101 7
86 53
213 53
150 166
93 39
204 65
105 213
44 137
194 76
228 218
201 196
55 212
165 152
39 149
129 172
58 250
226 20
61 81
39 257
94 225
170 15
134 19
100 15
209 186
128 263
0 101
164 27
172 7
71 199
32 32
227 143
150 134
18 227
128 101
47 216
3 228
88 49
262 17
228 12
158 160
68 75
62 207
155 35
251 56
263 134
212 56
38 151
4 45
67 75
216 229
132 160
259 158
98 24
169 17
11 262
180 213
39 150
166 93
133 228
41 220
260 29
67 203
34 30
101 10
45 5
12 227
67 118
263 5
168 146
99 147
208 61
74 69
224 157
72 71
83 57
15 227
101 129
263 1
167 147
144 227
261 21
129 42
32 159
14 43
134 23
36 27
20 41
174 90
148 40
89 49
183 211
139 228
156 224
195 202
98 154
170 219
146 168
129 45
183 211
101 138
135 140
50 253
153 225
22 226
132 31
24 225
17 42
135 11
198 115
8 101
130 172
145 42
35 156
137 171
131 35
91 228
42 143
55 212
178 215
166 22
92 42
206 63
20 99
152 260
74 69
97 30
227 140
210 184
164 153
190 247
263 1
61 248
154 163
186 209
169 129
159 159
170 14
157 224
90 172
41 147
45 1
64 247
204 239
45 133
197 200
93 99
37 131
133 27
35 28
168 19
50 215
68 245
165 25
163 95
202 68
221 165
171 11
24 98
225 151
252 52
214 179
180 213
228 8
262 10
77 192
150 226
29 133
67 203
218 101
143 169
95 162
240 202
56 211
92 42
79 190
226 20
26 133
257 165
29 224
170 15
84 57
153 37
148 167
90 173
188 121
154 163
134 172
14 170
223 159
143 100
157 224
163 154
249 60
136 2
228 130
227 14
18 135
70 73
99 220
258 37
133 26
219 43
146 168
45 2
56 84
51 214
36 222
136 228
34 157
99 22
157 132
167 220
66 204
87 52
180 213
243 71
3 45
193 204
99 150
30 132
138 44
90 228
202 195
141 135
74 241
183 84
49 89
206 63
28 36
207 62
201 196
95 162
172 255
33 96
15 227
64 120
129 263
101 0
27 36
186 209
256 169
32 96
43 141
261 149
36 27
61 208
1 172
191 120
216 176
6 45
15 170
33 158
130 165
44 9
92 170
41 146
136 6
56 84
138 228
135 141
9 101
229 90
259 34
30 259
98 23
228 134
52 214
213 54
198 243
179 214
145 42
214 231
151 98
99 148
94 165
228 136
141 135
114 74
67 118
176 215
123 57
147 226
171 9
140 43
156 97
227 139
211 184
142 100
40 148
218 171
187 122
17 100
261 22
227 15
96 223
71 72
45 7
27 163
187 249
218 44
228 130
100 142
33 223
139 227
97 156
43 140
80 62
43 92
101 3
92 168
56 84
139 228
212 54
202 68
101 217
66 76
157 132
35 29
133 101
221 39
39 24
243 71
45 130
125 53
162 29
137 171
171 138
30 161
202 195
135 14
87 178
133 228
45 129
79 191
28 36
136 171
18 99
158 33
200 197
57 211
239 204
101 130
171 91
81 188
109 208
7 45
43 14
159 223
14 43
7 172
46 90
101 0
217 173
209 59
48 216
57 84
43 15
220 226
130 165
153 133
28 163
250 57
219 41
39 22
38 152
262 14
176 127
98 153
138 171
151 225
35 29
133 101
262 137
150 39
166 24
221 165
77 193
87 104
205 64
161 132
157 34
49 126
85 54
25 165
23 39
93 41
228 4
226 21
260 26
171 139
158 33
139 100
211 184
26 164
191 247
2 136
128 228
154 163
261 22
256 168
32 159
100 15
7 172
100 17
101 0
136 2
129 101
26 37
210 57
197 200
158 160
145 100
224 27
28 163
146 168
2 172
84 183
202 240
182 212
16 169
218 228
203 67
260 156
87 231
180 252
3 172
197 116
53 213
52 87
101 134
220 167
78 191
160 132
217 102
195 75
95 163
152 38
6 101
215 50
191 206
35 155
189 207
226 19
226 220
73 70
144 135
204 112
101 130
263 3
1 101
27 36
150 261
14 170
32 223
227 142
21 261
110 80
248 61
1 263
209 59
15 100
146 261
73 198
221 225
43 140
133 25
107 83
41 146
176 89
84 184
178 88
35 222
127 48
101 218
148 99
29 260
87 232
228 133
262 136
135 101
228 9
11 135
42 17
93 40
78 192
259 160
30 161
42 144
262 140
74 241
56 211
263 7
251 183
226 21
154 98
99 146
35 95
15 43
33 96
26 164
191 246
3 136
20 168
236 81
45 135
256 168
224 222
227 142
261 148
110 80
61 121
1 263
167 148
238 78
261 19
128 45
158 160
100 18
171 135
163 155
57 123
172 129
149 39
113 202
182 212
127 48
34 157
162 258
260 156
156 35
65 204
3 172
70 243
242 72
221 165
76 193
40 220
31 132
44 11
38 94
253 50
45 4
52 87
133 228
93 41
19 168
99 148
98 26
258 164
33 31
228 139
45 6
153 37
210 185
128 172
186 122
82 109
135 172
130 41
222 97
142 100
31 96
80 237
0 101
136 1
148 40
164 26
185 210
71 72
225 94
227 145
97 155
44 91
58 123
216 176
149 39
139 227
45 132
10 101
157 161
203 67
25 98
232 213
101 6
93 166
116 70
9 101
221 165
193 203
220 167
44 137
22 99
152 98
228 136
4 172
165 151
195 244
136 134
78 191
21 99
207 62
68 202
100 92
197 74
161 222
14 227
149 167
1 45
1 101
108 209
45 135
100 143
32 159
71 72
96 158
27 164
1 101
91 172
209 59
153 164
96 32
44 255
225 94
17 227
25 260
171 218
58 123
219 42
40 22
152 165
15 135
48 254
157 161
44 139
225 25
232 213
65 205
93 166
212 55
101 137
94 37
169 144
24 98
226 150
22 99
39 94
194 76
37 94
52 87
55 212
177 215
101 131
85 106
190 207
19 99
219 100
143 169
144 135
176 215
58 210
130 263
168 147
82 108
156 97
170 140
95 224
72 199
96 158
207 110
1 101
45 91
148 40
47 216
134 172
15 170
95 34
257 39
25 261
163 155
41 146
89 48
211 57
177 88
143 262
74 196
160 30
194 203
28 260
156 35
192 78
215 178
150 39
228 10
94 37
126 51
230 88
78 192
32 259
161 157
101 8
131 45
242 200
196 244
167 93
191 205
22 99
136 171
258 163
219 100
42 143
135 16
152 37
228 4
1 45
80 189
82 108
24 134
40 257
32 32
141 170
185 83
79 237
60 208
90 45
60 82
26 37
20 134
71 72
31 33
140 170
208 188
163 155
207 189
169 219
40 22
240 76
34 222
74 196
160 30
163 258
133 28
35 29
228 132
178 88
182 212
38 151
213 53
203 67
29 34
77 192
138 44
93 166
135 101
53 213
151 38
150 166
167 93
18 168
226 22
26 225
202 195
92 227
42 143
84 56
38 25
210 185
43 219
250 186
218 172
156 97
70 200
32 32
141 170
83 58
100 16
189 248
172 90
82 187
237 79
223 158
129 44
160 95
200 70
8 172
146 99
62 207
170 219
119 66
113 203
262 16
42 16
97 155
36 131
171 136
35 29
182 251
130 45
23 166
242 72
262 12
67 76
39 220
132 159
171 138
39 93
76 67
180 86
10 228
55 212
178 215
41 18
22 99
136 171
147 226
155 97
201 196
16 262
100 13
101 131
263 4
19 168
82 108
155 97
144 227
223 158
142 170
147 134
47 90
62 121
136 0
228 128
90 47
158 96
72 198
32 159
43 140
156 224
226 146
250 59
1 172
228 131
38 152
95 34
169 143
33 158
171 12
155 133
155 35
228 132
93 167
39 23
87 52
4 45
126 51
161 30
192 204
44 11
156 34
144 169
221 37
38 24
55 212
215 51
228 5
29 35
171 9
163 131
94 163
169 16
45 5
50 88
57 210
263 4
146 41
28 36
28 224
70 200
160 158
129 171
83 58
237 206
82 60
172 0
189 121
174 90
223 158
129 43
32 32
200 70
81 60
235 209
122 186
175 89
192 119
112 203
172 5
196 201
33 158
131 163
63 206
106 85
55 124
8 263
166 150
24 38
221 164
8 101
225 25
77 192
31 259
88 230
194 76
86 53
242 199
212 182
135 135
251 181
156 162
171 9
139 44
91 227
201 196
35 95
13 227
119 193
89 175
190 207
108 210
155 97
74 69
221 98
43 142
223 32
238 206
209 187
218 172
189 121
154 164
172 7
100 141
96 158
170 13
29 97
218 45
189 80
89 48
228 131
140 227
262 17
138 228
31 33
202 68
27 260
212 106
18 41
2 172
166 150
11 101
181 213
76 194
152 225
159 259
132 31
220 39
144 169
138 135
53 86
166 23
172 3
42 18
226 22
171 10
203 194
101 91
42 143
135 15
152 38
132 228
2 45
19 168
83 107
208 61
170 140
94 225
13 227
6 172
15 227
129 228
45 218
121 61
37 154
186 210
100 141
96 33
140 170
150 134
36 27
228 128
174 89
192 119
152 164
84 183
170 143
33 158
75 195
80 62
92 169
41 145
136 7
182 212
73 114
172 4
42 17
25 98
193 204
158 132
40 93
252 52
86 53
213 53
166 23
135 136
54 252
35 156
63 79
131 35
34 30
228 137
55 212
100 12
166 22
263 5
41 19
44 218
188 208
196 74
97 30
72 71
223 32
100 15
167 21
218 172
40 20
144 227
186 209
43 14
159 159
200 70
135 45
218 45
207 189
43 92
65 246
141 227
56 84
101 139
224 28
12 44
44 9
212 106
56 124
50 215
195 117
165 24
94 36
50 253
165 94
132 160
137 44
40 93
228 134
135 11
180 213
212 181
214 51
133 228
219 168
64 79
99 148
94 164
169 16
142 135
139 100
101 132
132 263
184 123
28 36
133 152
74 69
225 221
172 255
134 19
164 153
209 186
0 172
208 61
27 37
134 148
227 15
224 95
170 14
45 8
18 227
168 20
90 47
40 21
14 100
17 135
46 255
35 222
202 68
98 154
92 170
64 205
134 136
183 211
101 138
135 140
75 195
94 38
44 138
24 98
151 98
193 77
221 38
24 165
86 54
45 130
42 18
162 29
79 191
162 131
94 164
254 48
172 132
240 202
22 39
2 45
57 250
107 210
171 8
257 165
34 95
198 73
210 184
142 100
209 186
172 0
248 188
80 110
97 30
14 170
159 96
143 100
134 23
236 208
207 188
128 45
101 3
112 204
223 160
173 128
226 93
226 146
189 80
84 233
101 4
41 93
245 195
11 101
262 13
126 50
98 153
77 193
151 225
29 162
193 77
262 138
86 180
54 213
10 135
77 192
214 231
260 29
138 44
154 98
137 101
132 45
75 240
194 245
2 45
130 228
84 107
27 224
13 170
160 158
15 43
159 223
216 48
40 148
217 46
101 0
154 163
157 97
227 15
96 159
100 16
60 209
154 36
81 61
174 90
58 83
14 100
57 84
139 227
97 156
164 258
98 154
92 170
191 79
176 88
84 183
165 25
85 181
68 75
38 221
77 193
78 64
162 156
193 77
221 38
86 180
213 181
3 45
53 252
214 231
24 225
171 138
164 221
137 101
182 85
12 228
166 22
136 133
3 101
43 218
224 154
100 145
160 158
43 142
160 223
142 100
21 40
45 128
249 187
81 109
97 30
141 43
96 32
41 129
45 7
208 109
81 61
91 171
186 210
204 239
262 18
142 43
158 160
69 74
27 98
234 211
250 56
133 136
245 194
51 214
95 36
75 195
229 90
203 66
10 171
40 93
193 77
262 137
39 24
181 86
137 262
53 252
98 150
64 78
148 226
217 101
101 9
141 135
178 214
166 22
136 133
190 206
36 155
136 171
165 130
158 33
43 142
45 6
227 142
167 21
218 171
20 168
208 236
45 134
256 169
159 159
199 71
59 209
227 144
0 228
1 172
148 40
153 164
223 160
73 197
29 97
145 100
80 62
226 147
19 41
129 45
245 194
87 51
222 163
68 75
225 26
21 226
225 24
104 87
53 125
130 45
8 228
181 86
38 221
66 77
98 150
137 171
132 34
165 221
68 202
95 163
74 241
84 56
176 215
56 250
234 84
225 154
226 18
95 162
173 255
133 45
49 89
130 228
44 218
20 168
154 163
149 261
256 168
223 159
14 43
22 261
17 227
60 122
128 45
2 228
164 26
133 172
70 73
31 33
130 165
207 189
226 147
19 41
2 172
56 84
228 12
162 95
49 254
157 161
21 226
132 30
214 104
228 133
45 3
228 135
180 86
179 214
66 77
29 35
10 44
132 34
153 98
228 136
132 45
25 165
39 150
136 133
168 146
43 219
171 9
131 37
158 33
15 43
184 84
37 26
40 148
90 174
60 249
27 36
7 45
43 14
96 159
15 227
22 261
109 80
147 167
45 1
63 247
26 37
160 96
43 15
220 225
100 18
9 171
20 226
190 79
89 49
39 22
152 165
212 55
101 137
154 225
11 44
191 79
99 23
145 169
137 135
39 23
198 243
172 4
7 101
162 29
10 44
160 132
94 165
169 17
86 54
138 101
183 84
88 177
56 251
219 170
225 154
226 19
93 226
255 46
45 6
227 141
83 58
171 91
168 147
27 36
30 224
168 129
32 96
72 198
224 30
27 163
188 248
217 173
21 167
111 205
32 223
255 172
33 158
227 145
135 44
171 218
63 206
136 5
118 67
88 51
222 162
202 68
157 161
139 171
152 225
41 93
65 204
87 51
70 243
115 198
94 38
169 144
104 215
137 171
44 11
157 34
68 202
36 95
38 25
39 150
93 41
19 168
162 28
27 225
139 44
95 162
139 101
172 133
49 89
21 40
90 174
249 186
100 145
29 224
143 227
160 223
43 141
45 7
90 173
101 0
1 263
2 228
227 15
32 223
199 71
222 161
69 74
155 224
91 171
146 168
89 49
211 57
38 152
172 5
10 101
164 94
258 35
137 44
168 220
101 6
220 39
54 85
151 165
214 52
193 203
215 231
205 65
160 132
225 153
253 50
181 86
200 114
68 117
129 172
101 131
99 148
98 26
164 131
95 163
142 170
161 222
215 49
185 83
3 136
168 147
82 109
60 82
16 100
223 33
227 142
148 134
17 227
121 188
45 0
167 148
48 216
32 223
72 198
98 221
130 166
81 61
171 218
206 190
219 42
184 211
240 75
162 95
169 143
37 221
139 171
29 260
156 35
54 125
87 51
8 228
228 9
262 11
101 134
29 34
31 132
193 77
89 229
101 9
213 181
241 200
133 228
263 7
101 131
99 148
136 171
258 164
163 222
170 16
133 45
14 227
167 22
47 89
128 228
108 209
29 224
197 73
224 222
199 71
158 223
144 100
228 1
128 136
59 82
153 164
159 96
198 199
98 221
43 140
152 133
36 28
206 190
219 42
228 132
152 165
5 45
175 127
154 224
44 139
156 133
29 162
169 18
9 262
182 212
72 115
164 94
194 203
230 88
44 137
22 99
94 166
42 144
37 94
11 228
55 212
93 40
228 4
226 21
153 98
226 19
227 219
254 47
161 222
37 25
246 65
170 92
228 2
45 218
150 261
73 70
224 222
256 43
96 158
100 16
248 62
0 45
1 228
79 111
147 261
170 142
157 224
39 130
134 25
99 19
146 168
42 92
40 22
152 165
262 16
254 175
27 97
20 226
152 225
226 149
101 5
214 178
101 7
115 199
164 94
169 144
156 161
158 259
192 77
230 216
76 67
131 45
179 214
150 166
3 45
41 18
162 28
190 206
44 12
31 160
16 42
161 222
50 88
83 58
45 128
59 249
226 19
224 156
70 200
33 96
72 71
83 58
174 217
248 62
263 0
167 148
174 89
20 134
170 142
98 221
74 197
224 28
19 226
189 80
175 89
83 184
165 25
135 143
138 228
33 157
139 171
63 206
149 99
54 124
172 130
85 182
242 72
172 4
42 17
156 161
171 11
138 44
225 152
135 101
37 94
200 115
85 55
93 40
124 55
169 92
79 190
171 139
160 158
42 143
56 211
100 13
149 167
172 1
186 123
91 45
81 187
144 227
97 95
43 129
58 210
227 143
148 167
90 45
62 248
216 174
147 261
199 71
32 158
170 13
135 45
171 218
168 19
172 128
119 66
113 203
95 34
47 254
100 219
194 202
9 171
156 35
65 205
263 135
85 182
151 165
172 4
76 194
157 161
192 204
32 259
225 152
51 126
45 4
137 101
7 101
178 215
251 182
162 29
171 9
75 67
227 219
201 196
172 132
13 227
66 119
89 175
250 185
209 235
135 172
167 130
95 160
129 171
134 45
237 206
62 121
136 0
189 121
79 110
158 96
43 14
223 31
227 144
81 60
235 209
80 62
131 136
192 119
165 25
161 95
127 47
224 28
12 44
26 98
149 99
64 205
172 130
228 134
228 10
221 164
8 101
220 166
138 171
11 171
156 34
51 126
12 262
115 72
117 196
130 172
182 124
169 92
28 133
226 20
91 227
196 74
5 172
50 88
228 4
216 48
146 41
19 99
45 135
140 43
224 157
170 15
185 83
110 79
228 1
45 90
121 62
26 37
31 223
141 227
97 222
257 40
135 45
154 36
147 168
175 89
58 83
239 76
262 16
143 42
222 163
36 131
190 79
99 22
18 41
136 8
7 228
151 165
45 131
144 42
98 152
259 32
137 44
225 152
51 126
53 213
213 53
228 7
135 262
251 181
105 213
136 171
203 194
221 37
138 101
132 45
202 113
101 131
1 45
41 19
146 226
135 172
43 13
33 31
71 199
210 185
206 111
82 60
128 263
189 121
237 80
148 261
199 199
33 223
257 40
150 134
91 172
207 189
170 219
185 210
239 76
222 161
69 74
31 33
131 163
190 80
169 219
41 145
88 50
23 166
200 241
221 164
228 8
98 152
66 77
259 158
161 156
203 194
94 164
199 115
8 101
39 220
205 65
149 226
133 156
203 194
34 30
10 228
142 135
50 88
57 211
216 48
206 63
171 91
171 8
140 43
98 94
199 198
185 83
48 89
167 21
1 136
101 1
90 47
134 172
170 129
159 32
70 73
172 135
100 18
207 189
172 128
185 210
37 152
161 95
228 11
92 100
12 44
260 154
92 169
205 191
220 40
212 55
101 138
131 172
203 67
94 38
160 259
171 137
40 93
228 134
180 86
228 136
150 166
45 130
54 252
29 35
137 171
67 203
27 225
69 201
55 212
240 202
66 118
172 2
250 185
91 44
260 25
145 227
34 95
43 142
96 159
15 227
148 167
0 172
0 101
237 80
21 134
170 141
31 96
141 170
261 150
218 45
101 1
128 45
210 58
37 153
183 211
128 46
224 28
44 139
207 189
28 162
228 131
263 134
212 56
52 214
262 13
202 67
98 153
22 226
192 78
220 40
7 228
138 135
242 199
228 8
45 130
65 77
219 168
191 206
99 148
164 221
48 127
262 142
202 113
184 84
42 219
57 250
210 234
135 171
145 227
222 34
172 255
146 134
227 142
120 190
217 46
121 61
173 90
186 209
256 169
223 160
100 16
172 135
218 45
189 80
47 217
149 40
239 77
17 135
15 170
29 97
139 171
98 154
21 226
101 4
168 220
68 245
52 214
95 36
42 17
229 90
44 138
259 158
225 151
101 7
165 221
38 24
181 86
51 87
133 228
156 162
25 225
76 67
91 228
68 202
35 95
202 113
245 67
263 5
101 130
155 163
133 152
43 13
31 160
100 13
133 45
89 175
120 190
217 46
0 101
17 100
224 157
42 256
159 32
200 70
23 261
236 208
147 168
174 90
210 58
204 239
57 84
255 173
156 224
68 75
133 27
148 99
64 206
215 177
84 183
138 228
135 140
17 169
26 98
204 66
137 44
98 24
193 77
172 131
39 24
23 39
178 214
18 169
99 150
44 137
131 34
221 37
49 127
135 15
113 75
211 183
172 2
101 130
99 147
97 27
140 43
31 160
13 227
223 32
216 48
2 101
46 90
167 147
173 90
22 134
169 129
32 223
141 170
209 187
208 109
249 60
90 47
3 228
77 112
160 96
70 73
224 29
19 226
44 9
35 28
131 101
6 263
84 183
241 74
222 163
169 143
153 225
138 171
205 191
93 167
101 7
3 172
39 24
150 166
137 262
53 252
150 226
10 44
258 161
161 157
16 42
262 141
74 241
149 166
172 2
250 184
36 155
62 80
201 196
97 29
73 70
262 145
216 48
82 59
1 45
147 41
100 144
45 134
15 100
159 32
72 198
186 82
145 100
168 20
2 263
191 120
141 227
135 145
12 100
99 220
257 38
9 171
219 43
228 131
263 133
166 149
241 74
212 54
126 49
38 221
34 132
151 225
214 104
7 228
137 135
101 9
39 151
87 179
125 53
23 98
24 225
148 226
26 225
143 169
163 222
241 201
133 228
176 215
101 130
43 219
97 27
227 18
160 158
139 100
135 18
78 238
148 167
2 136
41 20
81 109
149 261
170 141
159 223
14 43
157 224
81 236
20 41
90 47
186 209
15 100
145 262
170 142
160 31
69 74
133 26
28 163
57 123
219 41
133 101
38 152
222 163
42 16
228 90
34 131
171 137
40 93
42 145
87 52
71 243
101 136
262 10
169 145
35 156
44 137
66 203
38 94
228 136
181 85
178 214
149 166
2 45
183 123
99 148
133 153
196 74
162 222
200 197
184 84
37 26
247 64
218 171
208 61
163 27
261 22
143 227
96 32
141 170
97 157
17 227
228 0
217 173
148 40
175 89
133 172
140 227
29 97
43 140
44 9
84 234
41 146
129 45
132 101
51 214
132 172
127 49
34 157
21 226
205 191
29 162
18 42
87 52
116 71
101 136
172 3
252 180
151 225
30 132
66 204
90 229
143 169
222 36
178 214
23 39
45 129
79 191
106 211
207 62
146 226
160 158
227 139
160 223
204 112
58 210
128 172
147 41
90 46
224 157
71 200
96 159
198 199
157 224
80 236
168 20
217 173
101 2
227 15
135 145
100 140
33 158
170 13
207 188
36 28
250 57
2 172
101 5
227 12
262 15
101 137
98 154
76 194
191 79
156 35
53 125
179 87
23 166
86 53
38 221
125 52
156 162
78 191
204 193
221 38
228 136
95 163
114 74
68 118
7 136
131 228
21 99
62 80
202 195
226 220
73 70
135 17
112 77
148 167
174 217
228 1
81 109
187 209
14 170
159 96
169 256
261 148
80 236
40 147
91 171
190 120
100 142
57 83
15 170
222 161
165 257
155 224
226 147
41 146
92 169
57 84
113 202
142 262
202 68
225 27
171 12
171 137
220 41
65 204
172 130
86 181
86 53
172 4
179 125
231 88
98 24
44 11
94 165
17 42
222 36
101 11
84 56
93 41
251 183
233 85
225 154
44 12
97 29
170 15
223 33
14 227
167 21
128 172
128 228
227 18
156 97
70 200
96 31
15 227
261 148
110 80
81 61
217 173
2 228
48 216
210 57
199 71
34 222
227 145
188 81
36 28
228 130
92 169
194 118
25 38
35 222
101 137
218 228
131 162
10 171
162 156
204 192
87 51
70 243
242 72
214 52
42 17
40 220
171 10
160 132
89 229
9 228
4 172
165 151
212 183
172 2
168 146
92 42
153 98
195 75
36 95
170 15
17 262
26 164
58 210
43 218
101 128
236 82
23 134
227 16
159 32
100 15
31 96
237 207
20 40
172 218
2 228
175 89
172 6
44 255
158 160
140 170
208 188
226 147
41 146
169 219
5 228
227 12
142 262
175 127
27 98
147 99
79 63
92 168
18 42
45 3
70 243
9 101
213 53
144 42
103 215
225 150
44 11
102 89
50 126
181 86
165 151
182 85
45 129
191 205
226 21
153 98
202 195
95 163
16 43
17 262
26 164
3 101
130 263
189 207
45 218
135 172
140 43
159 32
170 14
96 158
217 47
167 20
90 46
40 21
142 227
45 133
71 72
160 31
43 140
224 28
44 91
58 123
219 42
228 132
13 100
262 15
74 196
101 218
76 194
29 260
29 162
5 228
214 178
23 166
38 151
86 180
144 42
166 93
158 259
259 160
89 229
126 177
140 135
151 38
244 68
215 50
228 4
28 35
190 207
131 36
92 227
42 143
172 133
227 140
246 65
48 89
207 62
45 218
187 208
227 16
159 32
14 43
83 58
217 47
60 208
45 0
40 21
26 37
7 45
171 128
221 225
201 69
152 134
146 99
129 101
45 2
84 184
50 215
222 162
254 175
161 30
203 67
133 28
29 162
205 192
166 220
55 85
72 115
139 262
169 144
39 220
226 150
99 149
34 30
228 135
86 53
52 87
196 244
172 3
205 64
99 149
171 9
12 171
92 227
254 47
183 84
100 13
4 101
170 92
207 62
154 163
156 97
130 40
224 222
141 100
20 261
47 90
128 228
0 263
189 121
79 110
185 210
141 227
98 221
13 43
45 8
91 171
189 80
175 89
246 193
152 165
222 161
169 143
28 97
171 12
260 155
219 42
192 78
136 8
69 244
180 86
4 45
76 194
161 29
159 259
150 226
98 25
17 42
135 12
151 38
117 196
135 263
78 191
169 92
28 133
99 147
158 33
138 101
132 45
25 165
228 4
219 170
207 62
82 108
8 45
257 167
33 96
100 14
31 96
217 47
40 148
0 263
101 1
89 47
158 96
14 100
32 158
170 13
172 135
218 44
189 80
4 263
22 167
13 100
222 161
196 201
92 100
67 75
28 260
213 105
192 78
167 220
244 196
137 228
45 131
169 144
30 34
159 259
138 44
157 34
228 135
172 131
228 137
117 196
45 130
65 78
213 232
9 44
75 68
97 28
138 101
183 85
165 152
246 66
175 216
2 101
171 91
97 28
197 73
159 159
129 171
96 158
47 90
62 121
45 218
248 189
217 174
83 185
43 256
158 223
167 257
134 24
99 19
101 2
92 170
119 65
100 140
211 56
201 69
100 219
36 131
206 190
155 35
191 78
177 88
134 101
115 200
164 94
51 253
216 230
150 99
159 132
166 220
135 101
45 4
10 228
39 150
215 51
78 192
92 42
133 155
139 44
33 30
201 196
135 16
227 140
210 184
219 169
58 250
108 210
224 155
73 70
33 31
227 141
45 7
37 26
128 228
217 45
62 248
37 153
83 185
170 129
96 33
17 227
97 156
226 146
59 122
89 48
167 149
203 239
143 262
228 11
219 227
171 12
155 133
149 99
55 124
136 8
69 244
24 38
164 94
194 203
98 152
132 159
11 171
225 152
253 51
12 262
101 10
85 55
3 45
5 101
213 232
190 206
226 20
37 94
48 127
162 222
152 38
22 40
172 1
19 168
19 99
208 61
257 166
224 157
199 198
58 210
206 111
40 148
91 45
148 40
174 90
58 83
227 14
32 159
197 200
60 208
146 99
101 2
170 219
192 119
164 25
161 95
101 138
158 160
36 131
80 63
21 226
168 18
50 215
101 7
151 165
45 131
194 203
98 152
99 22
259 158
29 161
67 203
172 131
101 10
244 70
172 3
54 251
41 219
137 171
131 35
30 161
254 48
5 172
165 152
66 119
216 48
185 123
226 19
8 45
69 201
30 224
71 199
146 134
37 26
40 148
1 136
228 128
207 237
31 223
227 14
95 97
70 73
81 60
172 218
101 1
136 3
58 83
203 239
45 133
128 47
97 155
131 164
189 80
85 233
205 191
45 2
55 85
138 228
45 131
177 126
34 157
11 44
98 150
167 220
253 52
213 180
136 101
135 228
3 45
18 169
156 162
44 137
12 171
98 27
143 169
222 35
165 152
57 211
132 263
206 63
218 171
260 25
100 145
94 225
171 255
45 6
26 164
120 190
90 173
121 61
47 217
21 134
141 43
33 223
100 16
150 134
227 145
186 249
170 219
40 22
49 215
135 144
255 173
224 28
139 171
62 207
219 42
146 168
134 136
133 101
165 24
163 94
253 177
89 102
138 171
65 205
40 93
42 144
179 87
9 228
197 243
166 93
192 204
226 23
260 29
162 131
228 218
69 201
135 15
240 202
57 211
45 129
123 57
234 83
208 61
18 100
94 225
170 15
172 133
15 227
82 59
1 136
81 188
164 27
261 21
142 227
96 33
16 227
29 97
218 45
189 80
218 43
228 130
141 227
262 17
200 70
95 35
131 164
44 9
226 148
124 183
136 7
101 6
114 200
54 86
144 42
217 229
138 171
158 132
93 167
204 193
221 38
71 242
101 135
262 9
145 42
23 99
64 79
12 171
91 228
169 16
85 55
139 100
101 132
263 5
19 168
226 20
25 133
227 18
222 34
255 45
133 45
48 89
120 190
91 44
61 81
100 144
157 97
256 169
32 223
41 129
135 45
208 109
101 1
43 91
3 228
227 14
84 184
12 100
97 156
75 195
98 154
233 211
146 168
136 7
6 228
165 25
262 13
50 253
30 34
171 11
225 24
88 231
42 144
4 172
198 116
86 54
51 87
169 145
220 168
29 133
99 148
98 27
101 10
5 172
100 12
211 183
92 42
130 228
170 91
260 26
74 69
225 220
45 128
83 57
153 37
120 190
136 129
61 248
173 90
97 30
198 72
223 32
200 71
157 224
163 154
207 188
90 47
167 148
26 37
96 33
200 70
29 97
37 131
44 9
155 35
124 183
49 215
118 68
178 87
45 132
101 136
26 98
77 193
137 44
156 35
53 125
179 87
24 166
135 228
130 172
42 18
150 226
191 205
11 171
221 37
228 137
45 5
214 51
118 194
168 92
228 3
147 226
80 189
38 257
33 31
142 170
145 135
216 48
129 228
90 173
122 60
236 81
82 186
71 199
223 223
72 198
157 224
100 18
168 20
47 217
59 83
112 204
135 145
15 170
156 224
13 43
171 136
84 234
206 191
263 133
211 56
178 87
141 262
228 9
153 225
138 171
10 171
93 167
134 101
221 38
181 213
166 24
94 39
133 228
29 35
151 98
148 226
30 161
254 49
222 36
178 214
183 84
45 129
101 130
211 234
224 154
257 165
226 220
70 200
45 6
142 100
186 82
128 172
168 147
217 173
224 157
198 72
96 159
227 142
82 59
236 208
0 101
91 171
228 130
175 89
33 223
142 43
222 162
43 140
97 154
36 28
146 168
133 136
194 118
51 214
5 45
49 254
225 26
161 258
151 225
167 220
53 125
10 262
101 9
213 181
52 87
180 125
104 214
44 137
99 148
34 30
202 195
95 163
38 25
194 245
6 136
131 228
99 148
260 26
145 227
93 226
227 139
57 211
14 227
210 186
91 44
147 41
217 173
209 59
256 168
223 159
199 71
45 7
27 163
188 81
128 45
228 129
227 15
184 211
200 70
31 33
74 196
260 153
20 226
168 19
136 6
166 149
87 51
222 162
42 16
228 90
131 161
191 78
150 99
42 145
3 172
8 228
116 198
165 94
77 193
151 225
191 205
66 204
157 34
101 9
14 262
11 228
195 245
172 2
64 79
28 35
9 44
99 146
31 160
255 46
145 135
100 14
40 148
217 47
208 61
154 163
209 60
73 71
96 32
43 141
172 134
207 109
168 20
173 90
209 59
142 227
84 184
227 13
222 162
130 165
80 61
147 99
168 19
168 219
183 211
202 240
212 55
176 127
225 27
21 226
133 29
226 150
192 77
87 52
116 70
116 198
52 87
125 52
151 225
98 24
259 160
217 102
42 144
135 14
201 114
195 245
263 7
101 131
155 162
225 154
164 131
29 224
43 142
6 172
227 141
191 247
130 263
249 187
90 45
82 187
73 70
32 32
14 43
261 148
90 173
40 147
90 46
190 120
164 26
32 223
172 128
161 95
196 201
28 97
171 218
101 3
172 129
22 166
152 165
85 182
176 127
164 94
171 11
206 191
232 214
6 228
136 135
181 213
242 71
172 4
228 7
156 162
225 151
132 33
225 153
228 136
222 36
179 214
228 6
2 45
146 41
92 43
27 133
37 258
160 158
200 197
56 211
77 239
167 21
174 217
207 62
227 18
150 261
129 41
223 158
129 169
134 21
217 46
188 248
46 217
63 247
100 142
184 210
71 72
225 94
170 13
25 260
20 226
228 130
5 263
132 101
165 25
212 55
169 143
154 225
171 12
79 64
168 220
204 192
87 51
166 150
38 151
165 94
101 134
93 40
24 225
44 11
153 98
67 202
4 172
200 114
195 244
220 168
228 4
28 35
136 171
226 19
97 28
197 73
17 262
37 26
101 130
174 216
228 1
236 82
45 135
170 141
33 96
198 199
45 7
207 110
0 101
217 173
129 101
175 89
146 261
71 72
94 98
227 145
208 188
226 147
185 250
5 263
184 211
38 152
85 182
143 42
98 154
67 76
156 133
162 156
77 65
93 166
243 197
38 151
4 45
76 193
88 103
150 98
138 44
30 161
101 9
45 4
114 73
166 23
93 40
183 124
35 155
9 44
164 131
95 163
197 74
6 172
112 77
130 228
172 1
59 249
36 154
45 135
200 197
96 160
170 256
59 209
37 27
248 61
128 136
120 63
111 206
172 6
171 128
160 31
69 74
97 155
99 19
146 168
136 5
167 149
50 215
142 262
101 137
91 101
12 44
79 63
168 219
101 5
130 45
244 197
180 86
138 262
101 134
225 24
137 171
193 77
94 166
42 144
13 262
241 200
101 134
7 136
4 101
21 99
27 133
171 139
92 227
16 42
161 222
239 203
119 192
45 128
20 168
108 209
134 150
73 70
96 31
141 170
31 96
47 90
1 101
172 218
82 187
89 48
96 32
100 140
95 34
227 144
25 261
99 19
129 101
132 136
246 193
240 75
95 35
143 42
157 161
194 203
79 63
219 41
124 181
136 135
196 117
86 53
221 164
203 67
39 220
10 44
44 11
39 93
203 194
262 139
179 214
182 85
167 93
124 55
149 226
28 133
36 258
36 95
42 143
183 84
140 100
149 167
128 172
189 207
172 91
261 24
197 73
96 31
141 170
210 185
143 100
81 60
45 91
228 128
164 26
83 185
100 141
97 157
166 257
28 97
36 28
19 41
4 263
101 4
113 203
16 135
169 143
97 154
147 99
79 63
213 105
41 145
135 136
150 39
115 199
139 262
169 144
230 88
99 23
171 138
93 166
228 135
94 164
200 115
117 196
8 136
251 182
149 226
9 44
171 139
33 31
127 174
135 16
88 177
40 149
172 1
62 80
108 209
261 24
227 17
33 96
141 100
134 20
110 79
189 248
218 45
189 121
206 237
7 45
43 15
31 32
167 257
61 208
82 235
41 146
175 89
66 246
140 227
183 212
74 196
36 221
139 171
28 260
99 22
18 41
136 8
101 7
101 137
135 139
8 101
103 216
99 23
132 32
157 34
67 203
135 12
179 214
212 182
263 8
145 41
169 92
44 136
226 20
227 219
47 127
135 16
152 38
119 193
92 43
101 129
218 171
224 156
170 140
223 33
170 15
45 7
26 164
167 21
45 218
40 21
153 164
83 185
170 141
158 223
43 140
8 172
36 27
168 19
136 4
40 22
76 113
45 132
11 101
36 222
68 75
155 133
92 169
65 205
50 215
196 117
101 137
94 37
126 51
34 157
159 259
192 77
34 29
76 67
180 86
242 199
182 85
178 215
182 124
162 29
9 44
12 171
30 160
16 42
161 222
227 140
131 228
4 136
146 41
19 99
28 224
200 197
225 221
198 72
20 261
26 164
60 209
136 0
101 1
174 90
96 31
227 14
96 158
43 140
156 224
163 154
186 249
136 4
65 246
112 203
16 135
174 127
33 158
68 75
225 26
162 155
205 191
8 263
166 150
24 38
213 53
17 169
166 93
11 44
65 205
225 152
126 178
172 131
213 53
55 212
263 8
124 54
29 35
206 63
35 258
221 37
127 175
35 95
227 140
184 84
48 89
129 228
28 36
28 224
43 13
98 94
100 14
159 223
143 100
62 121
218 172
167 148
110 207
31 223
141 43
96 33
130 167
60 208
99 19
2 228
170 219
58 83
140 227
262 17
47 254
224 28
163 258
190 80
212 106
228 132
220 40
134 101
87 52
13 135
67 76
25 98
11 44
31 259
230 215
42 144
262 138
165 151
212 182
136 262
41 18
99 149
225 152
76 67
157 34
74 69
95 162
75 240
211 184
136 132
2 101
226 19
261 25
257 166
222 34
72 71
146 134
227 142
101 129
45 0
40 20
17 100
7 45
199 198
32 159
167 257
150 134
45 91
186 249
3 263
101 4
239 76
45 133
143 43
158 160
75 195
44 9
148 99
41 145
220 40
150 39
228 11
172 4
50 253
89 102
22 226
225 23
230 215
228 134
131 45
136 101
70 116
220 166
18 169
213 232
63 79
258 162
101 91
101 10
162 222
177 215
228 5
136 132
130 228
99 147
135 171
257 166
95 161
140 100
210 185
216 48
120 190
172 91
40 20
174 90
7 45
170 129
95 97
14 43
29 97
145 100
101 1
170 219
246 192
77 112
17 135
228 12
28 97
226 146
62 207
106 85
101 4
2 172
244 195
73 114
4 45
50 253
161 30
138 171
171 137
24 225
179 252
45 4
180 213
181 85
9 135
6 101
86 105
44 137
35 258
30 161
169 16
5 172
152 38
39 149
216 49
79 190
99 147
152 260
201 196
33 31
198 72
19 261
15 227
21 40
45 218
101 0
173 90
96 31
256 169
159 159
257 41
209 187
18 227
189 80
45 1
83 185
216 176
172 6
12 101
224 29
44 139
27 260
148 99
41 146
136 7
118 68
165 24
4 45
136 228
165 94
77 193
137 44
24 225
17 42
45 4
180 213
101 135
172 3
252 181
99 150
10 44
21 99
37 94
175 254
135 15
51 88
67 118
2 45
206 63
171 91
97 28
13 170
33 31
255 45
223 32
89 175
167 21
173 217
208 61
37 154
30 224
72 71
32 96
256 41
224 29
227 145
168 20
263 130
64 247
14 100
172 6
173 128
226 93
68 75
171 136
219 43
206 191
220 41
118 68
201 241
262 13
195 202
225 26
193 204
158 132
93 167
17 42
135 11
151 39
181 86
93 39
145 42
162 29
98 25
258 161
161 157
228 137
212 182
240 202
245 67
45 129
79 190
226 20
97 27
100 145
222 34
128 172
133 45
227 142
63 120
46 90
228 0
36 154
134 149
14 170
96 32
41 129
172 134
81 236
249 60
136 2
120 64
112 204
6 45
139 227
95 35
44 139
80 62
35 28
206 191
220 41
166 150
51 214
95 36
136 228
94 38
259 33
137 44
162 156
77 66
137 135
24 166
86 54
10 135
228 6
226 23
30 132
11 171
221 37
101 10
5 172
101 12
67 118
176 216
184 123
20 99
26 133
13 170
156 97
100 13
133 45
153 37
129 228
46 90
168 147
90 46
149 261
43 14
32 223
100 16
97 157
46 90
147 168
45 1
83 186
49 216
145 262
73 197
29 97
196 201
225 27
36 28
4 228
136 6
39 22
165 25
141 262
16 169
221 165
11 44
137 44
40 93
252 53
262 137
213 54
213 181
39 221
42 18
231 87
10 44
11 171
101 90
202 195
132 45
101 12
166 22
133 263
3 101
20 99
207 62
165 130
160 158
43 142
172 133
175 216
120 191
90 174
208 61
173 90
261 22
42 256
223 96
129 169
134 45
36 27
249 60
47 217
59 82
142 227
211 57
70 73
33 158
130 165
189 80
28 163
184 250
129 45
228 133
12 101
36 222
143 42
30 34
66 76
24 98
35 29
101 6
3 172
181 213
166 24
10 135
42 18
93 40
205 64
99 148
229 217
49 127
85 54
214 51
39 149
263 6
228 4
148 226
171 9
201 196
95 162
197 73
96 160
239 204
59 210
136 129
20 168
100 145
149 261
15 100
32 32
256 42
134 45
90 173
187 249
136 2
101 2
111 205
57 84
128 45
220 226
227 145
207 189
28 163
206 190
172 129
22 166
139 228
172 5
42 16
221 164
203 67
24 98
35 29
228 133
94 166
116 71
166 24
38 221
228 7
220 167
151 98
193 77
225 153
75 68
222 36
74 241
183 84
136 133
56 251
219 170
207 62
131 37
220 99
128 173
184 84
49 89
130 228
47 90
122 60
236 81
134 172
168 129
223 32
198 199
149 134
173 217
81 61
173 90
247 190
78 111
211 57
170 142
226 93
145 100
97 154
170 218
79 63
168 219
22 166
240 75
14 135
195 202
37 221
76 194
137 44
214 104
180 252
52 214
150 39
151 166
4 45
77 193
93 40
137 171
44 11
157 34
9 228
86 54
152 38
195 245
177 215
206 64
28 35
44 136
12 171
222 35
255 46
6 172
239 204
64 120
218 171
61 80
45 217
82 187
16 100
96 159
227 142
59 209
100 17
81 61
136 1
82 186
153 164
159 96
71 73
224 30
74 196
171 135
218 44
57 123
49 216
245 194
165 25
162 95
42 16
161 30
258 34
206 191
214 105
6 228
51 214
86 181
24 39
262 11
134 228
88 104
65 78
44 11
94 165
101 9
54 213
138 101
195 245
172 2
4 101
21 99
9 44
258 164
97 29
139 100
183 84
164 153
167 21
136 130
60 249
217 172
45 135
141 43
33 96
43 141
45 7
173 217
121 188
171 218
21 167
78 111
19 134
140 227
95 34
69 74
155 224
218 44
57 123
136 5
166 149
75 113
222 162
42 16
221 164
35 131
10 171
86 232
6 228
220 39
54 85
24 38
179 214
179 125
215 231
65 78
193 77
225 153
67 202
140 135
228 138
212 183
177 215
78 191
169 92
9 44
44 12
36 95
15 43
144 135
14 227
210 185
170 91
101 128
82 109
82 187
197 73
223 158
100 15
45 7
237 207
0 101
90 46
228 129
111 205
32 223
44 255
95 34
227 145
171 135
107 83
130 101
219 42
101 5
75 113
262 15
16 169
221 164
67 76
260 156
226 150
54 125
3 172
70 243
101 136
138 262
66 76
40 220
150 98
11 171
98 25
228 136
135 13
241 200
150 166
40 220
168 146
162 28
26 225
164 131
224 155
173 255
183 84
26 164
3 101
174 216
207 62
227 18
134 150
200 197
223 158
129 170
45 7
47 90
0 101
263 128
228 129
216 175
58 83
255 171
34 222
144 100
135 44
234 210
101 2
45 2
119 66
240 75
262 15
201 69
221 164
131 162
152 225
156 35
18 42
136 135
181 212
72 115
45 131
193 203
39 220
259 31
259 160
39 94
42 144
181 86
228 138
7 101
136 134
124 55
212 233
225 153
258 163
31 160
169 16
34 95
239 203
167 22
175 216
101 128
146 226
187 208
227 16
158 96
199 72
261 148
27 164
81 60
173 90
60 82
164 26
134 146
199 71
225 94
13 43
172 135
218 44
168 19
2 172
193 119
140 227
135 143
74 196
37 221
171 12
260 155
232 213
168 18
136 135
134 101
213 180
139 262
67 76
93 39
205 65
138 44
221 39
101 8
135 13
214 52
55 212
220 167
132 228
42 219
79 190
171 139
219 100
174 254
135 16
88 177
192 246
92 43
20 168
91 45
187 208
257 167
33 96
43 129
172 134
47 90
228 1
90 45
62 248
100 143
185 210
129 44
157 224
166 257
28 97
226 146
101 2
42 92
101 4
203 240
135 143
69 74
94 36
131 162
136 44
42 92
41 145
263 135
23 166
115 199
53 86
203 67
230 88
44 138
32 259
103 89
144 169
53 213
214 52
23 39
3 45
5 101
22 99
155 260
12 171
224 155
143 169
34 95
13 227
58 210
263 4
189 207
163 27
156 97
227 17
223 33
170 14
7 172
26 164
167 21
172 90
21 167
16 100
96 31
256 171
96 157
17 227
134 24
146 99
80 62
89 48
149 40
76 113
95 34
254 174
94 36
12 44
9 171
149 99
228 132
263 135
7 228
199 242
262 12
169 144
93 39
159 259
132 32
220 39
135 101
53 213
137 101
101 134
130 172
228 5
232 86
171 9
258 163
92 227
201 196
172 132
50 88
101 131
43 219
146 41
154 163
24 134
70 200
159 32
14 227
58 210
26 164
21 40
217 45
82 187
174 90
31 223
170 129
158 223
257 40
61 208
19 226
228 129
172 128
22 167
25 38
95 34
11 101
158 160
195 202
44 9
92 169
101 5
263 135
196 117
10 101
172 4
144 42
93 39
11 44
138 44
220 39
51 126
12 262
165 151
7 101
136 135
182 124
35 156
155 260
194 75
157 33
174 254
5 172
165 152
228 4
169 92
80 189
218 171
97 28
13 170
94 225
100 14
159 223
110 79
21 40
217 45
1 228
100 143
158 96
141 43
160 96
73 197
261 151
235 209
249 59
43 92
167 149
100 140
45 132
201 69
158 160
139 171
28 260
212 106
64 205
136 8
150 39
137 228
213 53
203 67
98 152
149 99
44 11
29 161
42 144
213 180
115 72
69 117
93 40
205 65
29 35
171 9
258 162
227 218
254 48
172 132
165 152
228 4
48 89
228 2
36 155
261 24
130 39
98 94
198 72
147 134
238 206
248 62
263 0
40 21
100 143
96 31
141 43
223 160
143 100
156 224
172 218
101 2
136 4
167 149
37 152
84 183
16 169
155 224
36 131
260 154
99 21
18 41
263 134
196 117
165 24
164 94
144 42
89 102
204 66
78 65
34 29
203 194
53 213
242 199
55 212
172 3
41 18
41 219
25 225
131 35
221 37
127 175
95 162
165 152
149 167
45 129
168 146
19 99
155 97
17 100
33 31
170 15
185 83
89 175
101 129
172 91
147 40
37 154
83 186
129 43
32 32
73 197
150 134
36 27
122 186
92 170
101 4
112 203
56 84
170 143
92 100
171 12
189 80
219 42
131 101
177 88
228 133
24 38
86 181
76 194
94 38
138 171
137 44
156 34
126 179
138 135
242 199
135 228
87 178
78 192
99 149
79 190
194 76
91 228
175 254
55 212
100 12
211 184
42 219
146 41
226 20
208 61
144 227
222 34
43 142
19 261
142 100
247 63
263 1
61 248
110 207
209 59
170 141
159 159
143 100
97 156
108 82
59 122
3 263
101 3
100 141
6 45
197 200
97 155
146 99
171 136
148 99
64 205
263 134
166 150
11 101
213 54
144 42
102 216
226 149
44 10
88 230
76 66
4 172
72 242
23 39
3 45
169 145
150 226
137 171
171 139
94 164
74 69
135 15
165 152
57 211
129 172
146 41
83 107
260 25
227 18
222 34
198 72
223 32
205 111
82 59
173 217
228 0
144 227
186 209
43 14
223 31
168 257
29 97
36 27
168 20
91 170
185 210
204 239
135 144
12 101
29 97
202 68
26 98
99 21
41 146
88 50
195 117
165 24
4 45
202 68
34 157
66 77
44 10
104 88
179 252
11 262
53 86
8 101
136 262
18 169
220 168
206 64
194 76
37 94
175 254
15 262
152 38
39 149
136 132
250 184
99 147
155 97
69 201
94 225
15 43
172 133
26 164
120 190
0 45
0 228
110 207
186 209
141 43
96 159
16 227
82 60
172 217
122 187
217 174
130 101
100 141
17 135
197 200
160 31
164 258
80 62
148 99
4 228
50 215
150 39
51 214
172 4
9 101
98 153
171 11
98 151
40 93
101 7
262 138
71 243
39 150
130 172
252 180
99 150
152 98
44 11
157 34
68 202
95 162
38 25
194 245
45 129
146 41
84 107
25 133
130 38
33 31
197 73
57 210
48 89
101 129
263 2
121 61
80 109
172 7
141 43
96 32
170 14
157 224
27 163
249 60
218 44
167 148
37 153
96 33
170 142
158 160
146 99
171 136
219 43
64 206
2 172
195 118
201 241
54 85
101 136
165 94
99 22
132 30
87 231
77 66
52 214
53 86
243 70
135 137
204 66
29 35
137 171
34 258
101 90
42 143
262 141
25 165
5 101
6 136
228 3
107 211
62 80
100 145
33 31
73 70
262 145
175 216
120 191
45 128
60 249
163 27
209 59
199 198
159 223
199 71
157 224
81 236
208 188
172 128
228 130
216 176
172 6
197 200
95 35
99 18
207 189
36 28
228 131
219 41
67 245
241 74
132 172
143 42
94 38
171 11
137 44
231 214
77 66
130 45
181 213
39 151
135 137
145 42
104 214
44 137
138 44
34 30
10 228
172 132
152 38
211 183
263 6
206 63
226 20
26 133
201 196
33 31
139 100
184 84
89 175
59 209
174 217
188 208
46 217
224 157
142 227
32 32
42 129
186 82
227 145
20 41
44 91
3 228
26 37
223 160
128 45
222 162
227 145
9 171
155 36
130 101
129 45
228 133
178 87
135 141
176 127
34 157
34 131
44 10
167 220
252 53
214 179
54 86
24 39
179 214
53 252
93 40
30 132
66 203
90 229
9 228
14 262
38 25
6 101
263 6
131 228
107 211
260 26
74 69
97 29
43 142
135 18
100 14
191 247
45 128
41 20
173 90
172 7
142 227
223 223
42 129
22 261
17 227
41 147
172 128
148 40
142 227
223 160
128 45
29 97
170 13
27 97
147 99
101 3
45 2
132 101
178 87
182 212
42 16
94 37
171 11
259 157
87 231
42 145
3 172
198 116
71 116
172 3
125 53
104 214
191 205
11 171
26 225
9 228
36 95
74 241
183 84
93 41
4 101
233 84
27 225
12 171
222 35
70 200
145 135
216 49
130 228
174 217
208 61
109 208
224 157
72 71
159 96
227 142
59 209
207 109
147 168
217 173
148 40
175 89
172 6
15 170
224 29
140 170
189 80
226 147
3 228
45 2
22 166
25 38
55 85
68 75
30 34
34 131
64 206
156 35
252 53
179 87
181 213
86 53
131 172
125 52
29 35
157 259
149 226
153 98
195 75
262 141
138 101
166 23
88 177
64 79
92 43
154 98
195 75
99 93
12 227
45 6
89 176
191 247
44 218
187 122
163 27
82 187
73 70
96 159
141 170
224 30
90 173
208 188
218 44
82 186
238 78
32 223
70 73
224 30
140 170
260 152
44 91
63 206
5 263
194 118
12 100
85 182
127 49
98 154
21 226
171 137
35 29
252 53
166 220
150 39
86 53
221 165
204 66
167 93
64 78
77 66
221 38
195 75
222 36
241 201
6 101
168 93
41 19
148 226
80 189
131 37
95 162
43 142
211 183
176 216
40 148
45 128
168 147
217 172
156 97
256 168
223 158
71 72
223 31
37 27
81 61
0 45
167 148
15 100
134 146
172 128
95 34
13 43
44 8
20 226
57 123
2 172
22 166
75 113
15 135
228 10
218 228
194 203
44 10
220 41
65 204
166 220
181 212
165 24
94 38
228 7
156 162
192 205
77 66
221 38
228 136
262 140
52 87
244 68
93 41
41 19
169 92
225 153
139 44
95 162
128 173
135 17
100 14
246 65
174 216
186 122
36 154
135 172
100 143
95 224
71 72
148 134
144 100
187 81
172 218
167 148
37 153
133 172
198 199
225 94
166 257
8 171
226 147
63 206
129 45
149 39
50 215
182 212
201 69
157 161
12 44
44 10
168 219
252 54
39 93
101 8
213 180
262 11
193 203
24 98
78 192
259 160
152 98
17 42
213 181
138 101
23 39
172 2
19 168
92 42
98 26
258 164
219 100
197 74
262 144
153 37
101 130
3 136
59 249
36 154
172 8
170 140
96 31
141 100
96 158
227 144
187 81
0 172
63 247
48 216
261 19
140 227
95 34
170 13
61 208
83 234
58 123
169 219
132 101
152 165
85 182
254 175
224 27
258 35
44 10
29 162
145 169
45 3
197 117
72 115
11 135
66 76
166 93
23 225
204 193
30 161
50 126
94 164
179 214
101 134
134 263
182 124
212 233
133 154
99 146
100 92
11 228
56 211
164 152
4 101
89 175
147 41
209 235
172 8
40 257
159 159
199 199
261 148
154 37
187 81
91 172
82 187
164 26
133 172
100 140
158 160
100 17
208 188
36 28
250 58
5 263
4 228
100 140
172 5
228 11
154 224
12 44
225 25
92 168
228 132
3 172
182 212
10 101
86 180
101 135
88 103
158 259
132 32
89 230
67 203
180 86
73 242
69 117
172 3
55 251
149 226
26 225
75 68
222 36
127 174
143 135
239 203
149 167
172 1
2 101
146 226
24 134
257 167
158 96
43 129
185 83
100 16
81 60
46 217
248 189
111 206
223 159
170 142
221 225
257 39
81 61
28 163
123 185
45 1
131 101
140 227
222 161
169 143
154 224
147 99
98 152
92 169
228 132
178 88
244 196
199 242
135 139
101 135
230 88
192 204
11 171
230 216
169 17
37 94
87 179
117 196
40 220
41 18
212 233
133 155
226 20
33 31
138 101
56 211
239 203
149 167
4 136
2 101
99 146
8 45
130 40
96 160
256 43
223 31
47 90
1 101
136 0
1 228
174 89
58 83
171 129
34 222
227 144
224 28
235 209
146 168
172 128
228 131
25 38
183 212
138 228
224 28
147 99
136 44
213 105
145 168
130 45
55 85
52 214
4 45
253 178
39 220
32 132
32 259
34 30
253 51
164 221
214 52
212 182
136 135
65 78
232 86
155 260
20 99
160 158
143 169
132 45
50 88
22 40
216 48
62 80
99 146
97 29
70 200
224 222
198 72
172 134
79 237
209 187
0 136
40 21
164 26
96 31
256 170
96 33
130 167
45 8
154 36
123 185
216 175
210 57
25 38
172 5
11 101
97 155
12 44
26 98
92 169
18 41
45 3
212 55
24 38
262 12
194 203
157 161
259 32
192 77
25 225
169 17
12 262
179 214
150 166
178 215
18 168
232 86
153 98
194 75
157 33
74 69
95 161
113 76
66 119
131 263
41 19
210 235
8 45
39 257
98 94
71 199
134 20
100 16
40 148
45 90
128 101
16 100
7 45
129 43
31 96
43 140
60 208
226 146
228 129
43 92
83 185
100 140
5 45
74 196
97 155
75 195
155 133
35 28
205 191
3 172
23 166
101 137
94 37
253 178
25 98
77 192
99 150
215 103
178 253
12 262
228 137
117 196
220 167
41 18
105 213
98 25
226 20
157 33
127 175
95 162
13 227
131 228
48 89
58 250
218 171
8 45
39 257
94 225
227 141
159 223
153 37
167 21
0 263
62 248
27 37
31 223
256 170
96 158
13 43
135 45
163 154
41 147
128 45
83 185
239 76
183 211
69 74
36 222
44 139
27 260
219 42
64 205
172 130
244 196
38 151
213 53
76 194
98 152
171 11
99 150
156 34
67 203
262 138
242 199
85 55
130 172
251 181
92 41
260 29
35 258
164 221
254 48
162 222
227 140
57 211
263 5
63 79
218 171
135 172
17 100
158 33
255 44
133 45
48 89
247 63
0 172
187 208
47 217
172 7
100 141
32 32
167 257
81 60
235 209
186 249
128 45
58 83
227 14
56 84
196 201
33 158
36 131
133 27
35 28
251 55
263 134
195 117
11 101
4 45
169 144
98 152
149 99
137 44
151 98
17 42
135 11
151 38
228 8
87 178
78 192
92 41
133 156
67 203
164 221
169 16
85 55
25 165
22 39
219 169
130 228
83 107
81 188
39 257
98 94
198 72
134 19
205 111
2 101
91 45
248 188
37 154
209 59
199 198
33 223
170 14
29 97
36 27
59 122
263 130
210 58
14 100
144 262
101 139
222 163
195 202
207 189
219 42
64 205
220 40
195 117
179 87
262 13
101 136
165 94
204 66
192 78
34 29
252 52
172 131
38 24
135 228
93 39
192 204
41 219
191 206
139 44
228 218
101 10
182 85
25 165
245 66
172 2
190 206
171 91
61 81
43 13
34 95
198 72
223 32
26 164
167 21
0 172
40 20
144 227
186 209
72 71
223 31
168 257
150 134
208 109
128 101
1 172
130 101
112 204
262 17
15 170
29 97
75 195
153 225
28 162
251 56
220 41
212 56
52 214
140 262
9 101
161 30
33 132
259 158
162 156
144 169
138 135
165 151
85 54
45 130
252 181
93 41
79 191
12 171
225 154
42 143
212 182
215 51
228 5
45 129
250 184
107 210
155 97
165 130
95 161
142 170
96 159
205 111
190 247
44 218
40 20
207 237
261 21
141 43
159 159
129 168
261 150
18 227
128 101
91 170
21 167
89 49
33 223
170 142
29 97
68 75
9 171
43 92
146 168
263 134
118 68
101 138
36 222
169 144
153 225
171 11
78 64
220 40
179 252
45 4
243 198
101 135
3 45
77 192
35 156
225 152
67 203
101 91
176 254
55 212
152 38
211 184
89 176
228 3
170 91
188 207
38 257
158 33
170 15
184 83
142 100
59 209
90 173
228 0
236 80
134 149
14 170
32 159
227 143
30 97
90 173
1 228
45 1
40 21
89 49
160 96
227 12
93 99
226 146
80 62
28 162
146 168
129 45
133 101
201 241
213 54
228 9
217 229
149 99
10 171
104 87
101 7
3 172
228 136
101 135
135 137
125 53
168 93
157 260
11 171
37 94
127 176
172 132
101 12
132 228
219 168
79 190
170 91
26 133
13 170
33 31
100 13
96 160
37 26
21 40
44 218
20 168
81 109
82 186
71 199
96 96
227 143
60 209
81 236
187 249
174 90
83 185
112 204
223 160
43 15
162 95
145 99
9 171
234 211
79 64
88 49
245 194
74 114
5 45
68 75
165 94
193 203
30 259
29 162
228 134
130 45
151 39
228 8
221 166
193 204
220 168
191 205
226 21
98 26
169 16
262 141
214 51
166 22
92 41
206 63
107 211
80 189
38 257
93 226
139 100
160 223
15 227
191 247
174 217
208 61
227 17
45 134
198 72
32 96
42 129
186 82
227 145
122 187
172 128
186 209
111 204
57 84
170 142
97 156
69 74
27 98
43 92
79 63
172 129
183 211
139 228
5 45
195 202
34 157
99 21
24 98
162 156
18 42
172 130
24 166
9 101
137 262
204 66
93 40
132 157
34 258
38 94
101 9
45 5
152 38
149 166
176 215
79 190
155 163
26 133
165 130
99 93
100 12
133 45
227 141
3 101
128 172
81 188
109 208
186 209
170 141
223 223
43 141
261 149
227 144
0 101
218 44
247 191
89 48
184 211
142 43
31 33
43 140
62 207
211 107
146 168
2 172
149 39
178 87
35 222
75 195
164 94
11 44
151 225
104 87
125 180
130 45
151 39
228 9
10 135
18 169
29 35
10 44
77 66
221 38
101 9
132 45
178 214
118 195
129 172
64 79
162 28
153 260
195 75
95 162
197 73
18 262
26 164
101 130
129 263
128 228
227 18
261 22
72 71
159 96
141 170
149 134
154 36
228 0
172 128
120 63
175 89
96 33
13 100
222 162
130 165
136 44
155 36
123 184
129 45
183 211
215 178
212 55
127 49
101 217
138 171
44 10
220 41
65 204
220 39
243 197
166 24
214 52
228 7
93 40
259 30
138 44
98 26
228 136
36 95
228 138
23 39
168 93
191 206
226 21
225 154
139 44
224 156
255 46
211 184
216 49
247 64
128 172
207 61
45 217
135 172
256 168
159 159
43 141
148 134
227 144
0 101
263 128
190 120
164 26
32 223
100 140
97 157
165 257
188 80
163 155
63 206
5 263
5 228
88 51
262 15
143 42
30 34
67 76
133 29
214 105
42 145
172 130
228 135
136 228
138 262
52 252
215 231
64 78
138 44
229 217
136 101
172 131
11 228
166 23
168 93
124 56
35 155
260 27
171 139
220 99
46 128
84 56
153 37
101 130
263 3
62 80
154 163
45 135
197 73
32 32
72 198
96 158
217 46
208 188
172 0
82 186
48 216
83 184
142 43
94 98
130 165
171 135
36 28
123 184
176 89
228 132
38 152
5 45
202 68
164 94
12 44
260 156
162 156
204 192
9 262
181 212
24 38
11 135
17 169
225 24
31 132
160 132
34 30
144 169
140 135
87 179
56 212
134 263
131 228
162 28
98 26
202 195
99 92
139 101
183 84
37 26
149 167
1 45
62 80
218 172
82 187
257 168
31 223
227 142
148 134
154 37
121 188
263 128
40 21
216 175
96 32
44 255
221 225
43 140
133 25
91 171
3 228
172 129
149 39
38 152
135 142
196 201
91 101
226 147
260 156
35 29
65 204
3 172
23 166
53 213
213 53
101 134
230 88
192 205
160 132
98 25
228 136
13 262
214 52
212 182
220 167
228 4
226 21
136 171
171 139
224 155
139 101
211 183
26 164
149 167
130 263
228 1
27 36
150 261
200 197
160 223
43 141
209 186
227 144
81 60
91 172
228 129
153 164
32 223
72 198
222 161
166 257
224 28
155 36
19 41
169 219
119 66
227 12
142 262
69 74
224 27
258 35
29 260
168 219
65 205
172 130
197 117
86 53
135 138
253 179
34 156
44 137
259 160
34 30
50 126
45 4
87 179
150 166
129 172
64 78
212 233
27 133
131 36
28 224
138 101
144 135
49 88
246 65
43 219
41 20
18 99
29 224
40 257
97 95
227 141
261 148
207 110
1 101
45 0
228 129
26 37
96 32
140 227
161 95
39 130
188 81
226 146
190 80
92 169
131 101
240 75
95 35
101 138
91 101
20 226
190 79
86 232
228 132
214 178
23 166
199 242
180 213
101 135
98 151
23 226
149 226
34 30
67 203
4 172
137 101
23 39
172 3
18 168
155 162
136 171
36 258
160 158
11 228
56 211
37 25
228 4
216 48
228 2
36 154
134 151
130 40
222 97
170 14
134 45
100 16
21 40
172 0
148 40
100 143
20 134
141 227
30 97
130 166
81 61
83 235
168 19
89 48
57 83
227 13
182 212
69 74
94 36
20 226
133 28
22 226
65 205
40 93
182 212
228 10
12 135
51 253
29 34
44 138
226 23
166 220
203 194
172 131
165 151
55 212
3 45
145 41
106 212
9 44
139 44
97 28
143 169
5 172
164 152
4 101
128 172
101 129
226 19
187 208
170 140
97 95
43 141
134 20
217 47
187 82
0 136
128 101
79 110
159 96
129 44
30 97
100 17
261 151
210 108
168 19
48 216
210 57
38 152
5 45
254 174
160 31
12 44
98 153
162 156
101 5
40 93
150 39
137 228
37 221
51 253
157 161
44 138
77 65
89 230
178 253
135 12
214 52
134 228
215 51
41 18
86 105
260 28
99 147
160 158
47 127
45 5
215 50
57 210
128 172
207 62
91 44
81 188
170 140
224 222
43 141
83 58
90 174
101 128
218 45
187 209
37 153
134 172
256 170
33 223
40 130
135 45
82 235
189 80
1 172
149 40
88 50
34 222
201 69
163 95
75 195
190 79
219 42
41 145
172 130
166 150
242 73
37 221
101 135
225 25
23 226
44 11
225 152
203 194
221 37
137 101
23 39
263 8
124 55
92 42
155 260
171 139
28 224
127 174
45 5
177 215
149 167
42 219
101 129
99 146
97 28
13 170
34 95
141 100
210 185
227 143
148 167
172 217
60 81
37 153
134 147
141 227
31 96
200 70
208 187
209 108
122 186
89 48
246 192
140 227
172 5
196 201
100 219
258 36
133 28
226 149
41 145
220 40
212 55
242 73
53 86
228 8
152 225
138 171
132 32
93 166
42 144
4 172
72 242
23 39
167 93
124 54
156 162
25 225
147 226
27 224
201 196
95 162
38 25
184 83
169 92
168 146
36 155
24 134
74 69
95 161
44 128
172 134
79 238
60 209
173 217
40 21
207 237
185 210
14 100
31 96
17 227
81 60
209 108
207 189
131 136
149 40
215 176
95 34
127 47
155 224
12 44
26 98
42 92
145 168
215 177
101 7
179 87
45 131
228 8
221 166
204 66
65 205
225 151
52 126
164 221
180 213
182 85
135 136
18 168
92 41
206 63
226 20
94 164
42 143
222 35
13 227
211 184
219 169
123 58
36 155
208 61
13 170
160 158
43 142
210 185
48 89
82 59
1 136
101 1
47 217
261 21
72 199
32 32
73 197
81 60
27 163
80 62
172 128
210 58
203 239
222 161
228 11
28 97
139 171
153 225
42 92
145 168
172 129
23 166
228 11
213 54
67 76
89 102
193 204
31 259
161 156
42 144
131 45
199 115
150 166
3 45
252 181
99 149
260 29
162 131
91 228
101 10
212 182
50 88
211 184
5 136
130 228
163 28
25 133
74 69
95 161
44 128
19 261
153 37
247 63
217 46
147 40
100 144
209 59
170 141
223 160
16 227
45 8
145 100
20 41
3 263
83 185
164 26
172 6
12 101
95 36
164 258
133 27
148 99
64 205
177 88
117 68
114 200
181 213
144 42
94 38
204 66
78 65
93 167
76 66
4 172
38 24
8 101
262 9
228 6
226 23
137 171
258 162
94 164
175 254
182 85
25 165
132 228
42 219
190 206
107 210
188 208
170 140
222 34
13 227
57 210
15 227
129 228
173 217
81 188
154 164
7 45
142 227
158 223
227 143
60 209
145 100
186 249
218 43
119 65
37 153
133 172
197 200
31 33
131 164
62 207
21 226
183 251
2 172
183 212
151 165
262 13
9 101
161 30
33 132
151 225
88 231
144 169
87 52
136 101
166 23
220 166
228 6
41 220
44 137
162 131
101 91
195 75
182 85
202 113
184 84
263 5
130 228
234 83
8 44
18 100
31 160
45 128
6 172
175 216
190 247
44 218
0 228
164 27
134 148
198 72
96 33
100 16
261 150
172 217
249 60
170 218
191 120
164 26
96 33
170 142
97 156
164 258
27 260
84 233
206 191
41 93
56 84
11 101
213 54
75 195
229 90
66 77
98 151
93 167
252 52
221 38
213 53
135 228
178 214
228 6
150 226
206 64
99 148
154 98
202 195
142 135
75 240
39 149
49 89
184 123
211 234
224 154
165 130
33 31
197 73
32 96
26 164
2 101
44 218
101 0
217 173
261 22
129 42
96 32
16 227
150 134
100 18
80 61
263 129
191 120
77 112
262 18
70 73
226 93
226 146
225 27
211 106
206 191
41 93
56 84
138 228
36 222
75 195
165 94
22 226
259 157
98 24
134 101
87 52
180 213
213 181
94 39
6 101
41 220
64 78
44 11
161 157
254 49
212 182
101 12
22 39
263 6
146 41
20 99
136 171
130 38
160 158
70 200
223 33
26 164
209 186
172 1
61 81
163 27
45 134
199 198
159 223
129 168
157 224
36 27
187 249
171 218
21 167
176 89
262 18
227 12
158 160
130 164
133 26
219 43
251 56
172 129
166 149
114 201
135 141
195 202
38 221
11 44
98 151
87 231
77 66
52 214
198 116
71 116
262 10
125 53
162 29
24 225
226 21
221 38
137 101
172 132
165 152
101 132
172 2
168 146
99 147
136 171
38 257
99 93
142 170
172 133
100 15
148 167
44 218
61 81
17 100
261 22
227 15
96 223
72 198
172 134
90 173
101 0
136 2
186 209
49 216
57 84
197 200
95 35
69 74
154 225
92 170
168 19
136 6
149 39
101 139
262 14
68 75
30 34
203 66
225 24
93 167
66 204
10 262
166 151
228 9
45 130
193 204
23 98
98 24
171 138
94 165
49 127
262 141
214 51
67 118
215 49
184 123
211 234
27 225
170 140
158 33
227 139
223 33
204 112
186 83
263 2
122 60
27 36
186 209
168 129
32 159
42 129
209 186
227 144
249 60
129 136
129 101
216 175
223 160
13 100
35 222
74 196
171 136
36 28
228 130
88 49
245 194
214 178
85 182
10 101
90 101
161 258
191 78
220 41
145 169
262 137
24 166
213 181
221 165
18 169
104 214
10 44
226 21
221 38
176 253
262 141
11 228
118 195
220 168
4 101
155 163
189 207
139 43
226 220
73 70
160 223
153 37
101 130
90 174
187 122
90 46
172 7
199 198
159 159
71 72
186 82
17 227
249 61
90 46
2 228
89 48
133 172
140 227
99 220
13 43
80 62
218 43
206 190
168 219
22 166
100 139
222 162
169 143
228 90
11 44
206 191
23 226
228 133
179 87
54 86
180 86
165 94
7 101
156 162
10 44
66 204
98 26
169 17
262 141
165 152
150 166
93 41
191 206
226 21
153 260
37 258
97 29
128 173
160 223
176 216
247 64
136 130
41 20
100 145
60 82
141 43
32 32
14 43
148 134
217 46
101 0
171 218
21 167
37 153
261 19
13 100
161 95
100 18
260 152
234 211
206 190
2 172
22 166
12 100
262 15
137 228
154 225
99 21
29 260
105 87
204 192
166 220
181 213
71 116
45 131
125 52
35 156
205 64
66 204
165 221
136 101
213 181
11 228
56 211
136 134
168 146
162 28
27 133
258 164
93 226
170 15
84 56
227 141
228 3
90 174
188 207
217 172
82 187
197 73
96 31
72 198
158 223
144 100
0 101
128 136
40 21
78 111
159 96
72 198
157 224
74 196
188 81
226 147
250 57
169 219
194 118
100 139
142 262
10 101
154 225
162 258
225 25
232 213
133 101
87 51
228 135
228 9
131 172
252 179
40 220
158 259
22 99
225 153
75 67
172 131
101 11
39 150
50 88
101 131
35 155
9 44
75 68
222 35
139 101
262 144
100 14
83 58
91 43
189 207
172 91
135 172
130 41
31 223
100 15
148 134
237 207
40 147
91 172
82 186
15 100
45 133
128 44
31 33
166 257
135 44
226 147
184 250
136 5
193 118
75 113
15 135
254 175
34 157
162 258
171 137
219 41
181 252
51 214
39 23
199 242
221 165
228 7
40 220
158 259
11 171
229 216
17 42
54 213
101 11
150 166
2 45
251 183
148 226
154 260
164 131
36 95
128 173
262 144
26 164
210 185
219 170
62 80
18 100
81 187
143 227
33 96
43 129
82 59
27 164
20 40
218 45
186 209
216 175
6 45
13 100
94 98
144 100
152 133
234 210
63 206
89 48
22 167
113 202
55 85
101 137
34 157
44 139
225 25
213 105
65 205
9 262
197 117
101 137
138 262
52 253
29 34
31 132
22 99
166 221
135 101
262 140
114 73
117 195
136 134
191 205
35 155
190 207
131 36
31 160
42 143
144 135
164 152
4 101
172 1
147 41
235 82
8 45
13 170
224 222
141 170
31 96
37 27
60 208
45 0
59 82
227 16
185 210
171 128
157 224
140 170
61 208
83 235
129 101
48 216
167 149
215 177
135 143
127 48
161 30
171 12
63 206
35 29
145 168
9 262
228 134
180 86
164 94
228 8
24 98
259 31
11 171
30 161
42 144
164 221
115 73
55 212
88 177
228 5
35 155
155 260
226 19
163 222
16 42
161 222
140 100
192 246
175 216
186 122
226 19
151 261
73 70
32 159
256 43
223 31
153 37
128 228
0 136
82 187
174 89
223 159
142 43
30 97
201 70
8 172
210 108
62 207
263 131
4 228
140 227
45 132
169 143
157 160
171 12
44 9
162 156
18 41
263 135
228 134
24 38
172 4
8 101
93 39
11 44
44 11
30 161
253 51
164 221
137 101
134 228
88 177
124 55
149 226
206 63
20 99
36 95
47 127
45 5
215 50
210 185
219 170
129 228
99 146
97 29
130 40
222 97
141 170
96 158
90 174
121 189
218 45
82 187
174 89
185 210
129 44
225 94
227 144
151 134
83 235
185 250
169 219
40 22
177 88
16 135
174 127
33 158
202 67
155 133
42 92
18 41
93 167
69 244
242 72
180 213
144 42
30 34
159 259
204 192
34 30
67 203
53 213
214 52
212 182
167 93
168 145
85 105
155 260
44 12
155 97
69 201
45 5
165 152
66 119
170 92
129 228
209 235
261 24
40 257
32 32
141 100
96 158
164 153
209 187
91 45
248 189
110 206
7 45
141 43
222 224
130 167
81 61
82 235
58 123
45 1
167 149
140 227
172 5
143 42
219 227
171 12
98 153
99 22
168 18
88 50
166 150
151 165
221 164
253 178
39 220
99 23
259 159
39 93
144 169
172 131
199 115
55 212
8 136
205 65
169 92
98 26
131 36
158 33
16 42
16 262
203 113
22 40
4 136
207 62
83 108
155 97
227 17
221 98
44 129
7 172
174 216
248 62
91 45
148 40
16 100
134 147
198 199
96 158
167 257
172 135
27 163
101 2
263 131
22 167
88 50
183 211
174 127
160 31
163 258
63 206
42 92
101 5
50 215
7 228
179 87
262 12
178 126
25 98
171 11
150 226
156 34
76 67
213 180
10 228
23 39
215 51
124 54
162 29
133 155
258 162
163 221
228 138
212 182
215 50
40 149
1 45
58 250
28 36
97 28
166 130
94 225
199 198
96 159
143 100
148 167
0 136
187 208
47 217
147 261
227 14
32 159
197 200
134 24
163 154
249 59
45 1
192 119
25 37
56 84
143 42
95 36
36 131
26 98
233 212
205 191
177 88
7 228
24 38
45 131
126 51
152 225
32 132
23 99
161 156
144 169
221 37
24 165
197 244
136 262
205 65
22 99
29 133
171 139
37 94
74 69
182 85
113 75
101 132
136 132
250 185
28 36
155 97
17 100
157 97
128 171
6 172
48 89
228 2
173 217
208 60
47 217
148 261
227 14
96 33
40 130
81 60
172 218
41 147
1 172
83 185
164 25
45 133
138 228
33 158
75 195
133 27
219 42
145 168
88 50
85 182
24 38
221 164
228 8
30 34
22 226
137 44
225 151
228 134
172 131
101 9
244 70
93 39
54 252
162 29
190 206
258 162
94 164
10 228
55 212
100 12
167 22
169 92
63 79
20 99
25 133
201 196
224 157
128 171
19 261
37 26
59 209
172 0
20 167
237 80
186 209
129 43
159 32
143 100
208 187
172 218
80 62
136 3
246 192
227 14
183 211
142 43
92 100
171 12
26 98
212 106
251 56
129 45
133 101
11 101
262 13
136 228
30 34
160 259
137 44
34 29
66 203
214 179
115 72
70 116
3 45
192 204
86 105
64 79
194 76
225 154
175 254
262 142
202 113
22 39
219 169
19 168
171 91
28 224
69 201
161 222
198 72
83 57
227 142
59 209
217 46
187 208
90 46
7 45
42 256
224 95
41 130
261 150
227 145
80 62
45 1
210 58
164 26
211 56
101 139
29 97
12 44
153 225
148 99
131 101
7 263
56 85
101 138
45 131
136 228
161 30
259 33
65 205
104 88
66 204
11 262
242 198
212 181
87 178
181 125
213 232
156 260
99 148
228 218
10 228
135 15
100 12
184 84
132 263
123 57
147 226
133 152
13 170
158 33
227 140
83 57
142 100
167 21
173 217
228 0
173 90
209 59
14 170
31 96
16 227
187 82
27 163
122 187
45 1
228 130
153 164
172 6
170 142
95 35
171 12
80 62
28 162
191 79
45 2
228 133
241 74
262 13
169 144
38 221
99 22
24 98
104 88
77 66
214 179
71 243
86 54
262 9
53 252
87 105
137 171
161 131
98 27
101 10
132 45
202 113
5 101
172 2
41 19
28 36
8 44
227 18
222 34
45 128
172 133
48 89
82 59
91 44
167 147
173 90
149 261
42 256
32 159
200 71
134 23
163 154
188 80
172 128
40 21
49 216
84 184
170 142
226 93
139 171
80 62
43 92
168 19
215 177
84 183
11 101
14 135
228 9
161 30
138 171
157 132
98 24
134 101
52 214
198 116
181 86
87 179
66 77
150 226
24 225
194 76
154 98
10 228
222 35
152 38
211 183
219 168
190 206
36 155
154 97
196 74
158 33
142 170
45 6
142 100
40 148
90 173
41 20
163 27
224 157
100 142
223 223
256 41
60 209
163 154
147 168
263 129
58 83
37 153
18 135
200 70
158 160
68 75
133 26
36 28
146 168
136 6
84 183
87 51
172 5
16 169
225 26
171 11
191 78
29 162
125 180
94 165
86 181
39 151
166 94
18 169
225 23
225 151
148 226
34 30
169 16
5 172
51 87
149 166
6 136
146 41
170 91
260 26
43 13
224 156
170 15
6 172
100 15
129 228
136 129
122 60
17 100
134 172
100 142
32 32
43 141
134 45
145 100
249 60
91 171
186 210
77 112
133 172
73 197
35 222
145 100
27 98
28 163
79 63
133 136
118 67
25 38
132 172
49 254
34 157
258 34
191 78
220 40
101 6
52 214
198 116
116 198
165 94
101 133
35 156
98 24
99 148
26 225
42 143
36 95
12 228
228 6
172 2
101 130
234 84
153 260
18 100
97 29
142 170
33 96
37 26
83 59
47 90
81 188
18 100
97 30
72 71
223 223
170 14
209 186
227 144
0 228
171 218
64 247
111 205
45 133
70 73
162 95
100 18
171 136
170 218
130 101
41 92
149 39
38 152
95 36
228 10
217 228
193 203
64 205
168 220
180 252
214 179
181 213
9 101
45 130
18 169
24 98
259 30
44 11
38 94
16 42
163 222
152 38
183 84
93 41
124 56
155 163
133 153
19 99
224 156
100 12
145 135
26 164
83 58
91 44
208 61
227 18
172 7
141 43
96 223
42 129
261 149
227 144
122 187
91 171
101 2
111 205
18 135
128 45
162 95
130 165
27 97
170 218
250 57
172 129
39 22
114 201
35 222
143 42
30 34
67 76
78 64
162 156
101 6
135 10
70 243
53 213
87 179
228 7
162 29
171 10
204 193
90 229
253 50
95 163
241 201
84 56
134 263
131 228
148 226
136 171
146 226
220 99
73 70
6 172
164 153
191 247
91 44
188 207
172 90
60 82
14 170
32 96
72 198
45 7
100 17
188 248
1 263
59 82
111 205
159 96
172 128
161 95
43 140
188 80
28 163
146 168
263 132
132 101
100 139
5 45
137 228
101 218
226 148
64 206
87 232
42 145
178 87
23 166
71 116
138 262
179 125
104 215
10 44
160 132
26 225
42 144
213 181
228 138
183 84
215 50
183 124
21 99
80 189
12 171
99 93
70 200
33 96
153 37
130 228
3 136
249 187
145 227
8 45
100 143
32 32
199 71
96 157
46 90
167 20
44 91
2 228
89 48
184 210
255 172
221 225
196 201
133 25
163 155
168 19
42 92
245 194
139 227
212 55
137 228
154 225
171 12
137 44
156 35
192 77
178 87
85 181
9 101
221 165
179 125
220 167
132 158
259 160
221 38
42 144
262 140
11 228
117 195
129 172
78 191
148 226
154 260
146 226
92 226
46 128
56 211
14 227
22 40
128 172
189 207
100 145
135 172
168 130
158 96
42 129
186 82
37 27
188 248
46 217
2 228
37 153
6 45
170 142
161 95
170 13
81 61
226 147
190 79
49 216
5 228
152 165
132 172
201 69
225 27
139 171
133 29
226 150
77 65
262 136
39 23
53 213
38 221
76 193
230 88
137 171
226 22
38 94
67 202
94 163
101 11
23 39
88 177
19 168
106 212
98 26
195 75
224 155
142 170
211 183
164 153
65 119
263 3
189 207
27 36
134 150
167 130
32 32
256 43
261 148
154 37
0 101
128 136
186 209
238 78
19 134
72 198
30 97
170 13
8 171
147 99
63 206
263 132
149 40
177 88
132 172
175 127
228 91
67 76
206 190
41 92
18 42
262 136
85 181
199 242
221 165
228 7
230 88
31 132
99 149
98 25
194 76
262 140
179 214
117 195
2 45
18 168
106 212
171 9
171 139
219 100
170 16
211 183
215 49
228 4
92 43
147 41
91 45
81 187
100 143
32 159
141 170
148 134
80 237
228 1
0 45
247 190
16 100
6 45
128 44
97 157
43 140
134 25
155 36
168 19
136 5
57 84
25 38
55 85
175 127
97 154
67 76
133 29
86 232
101 5
262 136
228 134
242 72
53 86
126 52
98 151
137 171
132 32
89 230
67 203
180 86
214 52
7 101
136 135
5 101
35 155
225 153
195 75
224 155
174 254
84 56
76 239
228 4
172 1
228 2
146 226
135 172
144 227
31 223
71 199
147 134
153 37
189 248
172 218
128 101
26 37
261 20
255 171
34 222
144 100
208 188
218 44
250 58
4 263
131 101
100 140
85 182
101 138
91 100
99 20
133 28
42 92
65 205
135 136
117 69
137 228
86 180
101 135
34 156
226 150
171 138
166 220
135 101
221 37
228 137
55 212
177 215
182 124
106 212
171 9
36 258
100 92
174 254
161 222
37 25
131 228
136 131
228 2
45 218
151 261
40 257
159 32
198 72
134 20
153 37
21 40
0 136
121 62
47 216
223 159
14 100
221 225
39 130
28 97
83 235
80 62
219 42
149 40
240 76
56 85
143 42
155 224
20 226
79 63
99 22
145 168
220 40
212 55
242 72
135 139
51 253
230 89
226 150
32 259
98 25
135 101
180 86
137 101
228 7
93 40
205 65
149 226
26 225
20 99
100 92
47 127
212 183
113 76
101 131
4 136
19 168
99 146
208 61
43 13
96 160
14 43
96 158
153 37
209 187
218 172
167 148
143 227
20 134
43 256
223 31
167 257
45 8
91 172
228 129
131 136
167 149
88 50
132 172
196 201
92 100
139 171
133 28
28 162
41 145
215 177
69 244
115 200
262 12
253 178
220 166
132 159
138 44
93 166
101 8
4 172
10 228
69 117
220 167
132 228
162 29
9 44
194 75
227 219
174 254
172 132
177 215
119 193
1 45
41 19
235 83
24 134
100 144
30 224
15 43
45 7
227 143
248 62
0 172
60 81
153 164
45 134
256 170
159 159
13 43
261 151
154 36
228 129
43 92
101 4
50 215
5 45
169 143
36 222
202 68
26 98
226 149
78 64
172 130
134 101
228 10
37 221
135 228
34 157
171 11
192 78
93 166
42 144
139 135
165 151
166 23
3 45
205 65
29 35
190 206
131 35
163 221
228 138
161 222
177 215
210 184
172 1
168 146
171 91
155 97
74 70
95 161
14 227
45 7
238 206
167 21
0 263
128 101
37 153
58 83
141 227
224 95
200 70
81 60
82 235
20 41
172 128
192 119
112 203
56 84
127 47
155 224
44 139
98 153
233 212
251 55
136 8
39 23
165 24
45 131
126 51
103 216
99 22
65 205
93 166
179 253
139 135
115 72
212 182
214 51
18 168
162 29
152 98
20 99
27 224
74 69
212 182
75 240
149 167
169 92
185 123
91 44
45 135
69 201
94 225
44 128
223 32
153 37
247 63
90 173
40 20
27 37
21 134
199 199
33 223
200 70
150 134
154 36
249 59
92 170
210 58
25 37
183 211
174 128
100 219
68 75
225 26
162 155
18 41
172 129
101 7
151 165
172 4
194 203
161 30
44 138
132 31
88 230
7 228
53 213
72 242
166 23
214 51
125 54
41 219
44 137
147 226
221 37
74 69
85 55
88 177
101 132
219 169
250 185
155 163
133 152
17 100
33 31
171 255
45 6
175 216
63 120
218 172
0 101
217 174
261 21
15 100
33 223
73 197
150 134
82 235
101 1
45 1
167 149
112 204
17 135
73 197
28 97
99 19
154 133
148 99
168 19
220 40
166 150
38 151
163 94
75 194
25 98
44 138
98 150
93 167
169 17
53 214
151 38
23 39
51 87
125 54
86 105
79 190
21 99
37 94
169 16
15 262
177 215
228 5
2 45
3 101
147 226
260 25
13 170
97 30
255 44
32 96
78 238
209 186
172 91
61 248
90 46
186 209
169 129
33 223
73 197
156 224
100 18
41 147
170 218
130 101
37 153
45 133
200 70
162 95
139 171
136 44
170 219
41 146
177 88
39 23
200 241
135 140
68 75
157 161
193 204
31 259
162 156
77 66
45 4
213 53
39 150
51 87
42 18
156 162
206 64
76 67
218 101
137 101
15 262
215 51
57 211
92 42
168 146
36 155
208 61
13 170
222 34
255 45
96 159
100 15
120 190
0 172
101 0
207 237
261 21
170 141
223 160
16 227
82 60
227 145
228 128
47 217
64 247
89 49
84 183
43 15
160 31
68 75
225 27
212 106
228 131
172 129
228 133
74 114
172 4
9 101
34 157
44 138
78 64
231 215
144 169
45 4
39 24
197 243
9 135
180 125
105 214
10 44
203 194
101 91
176 254
5 172
139 100
149 166
49 89
3 101
147 226
188 207
130 38
34 95
100 13
146 134
100 15
101 129
44 218
40 20
217 173
149 261
100 142
96 223
100 16
172 135
27 163
101 1
128 45
148 40
89 49
6 45
12 100
160 31
171 12
260 153
155 35
4 228
263 134
39 23
101 138
132 172
42 17
157 161
22 226
225 24
98 24
228 134
165 221
86 180
70 116
93 39
145 42
29 35
151 98
99 148
90 228
127 176
141 135
139 100
194 245
41 219
146 41
163 28
207 62
38 257
220 99
43 142
96 160
153 37
186 82
172 1
147 41
17 100
134 149
42 256
96 96
72 198
22 261
173 217
208 188
129 136
64 247
141 227
135 145
12 100
95 35
195 202
62 207
148 99
56 124
263 133
183 211
214 178
45 132
101 136
225 26
21 226
132 30
231 214
252 53
52 214
136 101
86 54
172 3
169 145
168 93
78 191
34 258
221 38
137 101
222 36
101 12
39 149
219 168
79 190
91 43
97 27
227 18
33 31
255 45
160 223
175 216
64 120
129 263
20 168
27 36
261 22
141 43
96 96
142 100
172 134
90 173
147 168
2 263
3 228
49 216
211 57
170 142
156 224
257 38
207 189
147 99
146 168
41 92
194 118
165 25
141 262
75 195
38 221
138 171
191 78
162 156
18 42
10 262
39 24
243 71
135 137
133 228
220 167
259 30
44 11
30 161
75 68
222 36
12 228
183 84
136 133
184 123
219 170
207 62
145 227
162 222
170 15
133 45
141 100
210 186
263 2
101 0
217 173
261 22
141 43
159 159
14 43
22 261
109 81
20 41
263 129
2 228
26 37
160 96
142 43
99 220
13 43
171 136
170 218
19 41
41 92
166 149
101 139
132 172
254 176
165 94
34 131
44 10
231 214
18 42
172 130
166 151
213 181
10 135
53 252
87 104
78 191
226 21
90 229
253 49
141 135
241 201
183 84
45 129
228 4
84 107
189 207
146 226
226 220
139 100
84 57
14 227
247 64
90 174
81 188
154 163
60 82
71 199
32 32
43 141
22 261
154 36
249 60
129 136
101 2
142 227
262 18
142 43
156 224
140 170
224 27
155 36
184 250
89 49
132 101
38 152
172 5
16 169
27 98
76 194
225 24
231 214
252 53
220 39
181 213
180 86
172 3
125 52
24 98
132 157
99 149
38 94
228 136
213 181
138 101
245 68
177 215
41 19
226 21
44 136
164 131
33 31
43 142
223 33
89 176
167 21
217 47
20 168
208 236
261 23
14 170
32 223
71 72
157 224
109 80
20 40
0 45
82 186
48 216
45 133
45 255
33 158
74 196
135 44
218 44
250 57
129 45
194 118
38 152
182 212
137 228
27 98
44 138
10 171
23 226
145 169
45 3
243 197
198 243
45 131
42 17
225 24
225 151
66 204
217 102
202 195
36 95
214 52
118 195
263 7
191 206
155 162
171 9
258 164
220 99
200 197
33 96
239 204
120 191
43 218
188 207
27 36
172 8
73 70
96 160
199 71
148 134
164 154
20 40
217 173
21 167
153 164
134 146
200 71
225 94
69 74
28 97
163 155
250 57
92 169
245 194
25 38
162 95
254 175
91 101
203 67
152 225
23 226
133 101
130 45
70 243
165 24
138 262
7 101
88 104
205 65
44 11
221 38
75 68
221 36
52 87
68 117
129 172
19 168
212 233
27 133
171 139
97 29
173 255
84 56
215 49
65 119
130 263
101 128
145 227
8 45
43 14
158 96
14 43
134 21
80 237
101 0
217 173
228 129
37 153
6 45
72 198
31 33
43 140
97 155
99 20
168 19
172 129
66 245
38 152
172 5
254 175
101 218
194 203
29 260
35 29
18 42
45 3
212 54
24 38
45 131
101 134
151 225
23 225
226 22
30 161
228 136
13 262
52 87
183 85
7 136
64 78
169 92
136 171
131 37
160 158
15 43
262 144
227 141
185 83
128 172
147 41
163 27
224 156
13 170
97 95
142 100
261 148
110 80
121 188
172 218
167 148
111 205
159 96
71 72
33 158
227 144
8 171
28 163
250 58
48 216
84 184
165 25
85 182
74 196
218 228
139 171
44 10
226 149
192 78
87 51
228 135
180 86
131 172
76 193
230 88
23 225
138 44
221 39
203 194
131 45
73 241
85 55
167 93
101 131
99 148
133 154
68 202
158 33
16 43
161 222
152 37
83 58
172 1
62 80
226 18
97 29
70 200
97 95
170 14
83 59
100 16
101 128
46 217
186 209
216 175
6 45
227 13
97 157
144 100
208 188
19 226
2 228
172 129
193 119
165 25
142 262
48 254
30 34
139 171
156 133
105 86
228 132
136 135
39 23
24 38
45 131
135 228
34 156
205 65
204 193
221 39
135 101
37 94
214 52
212 182
40 220
55 251
212 233
136 171
75 68
95 163
42 143
95 161
88 176
228 4
263 4
59 249
36 154
135 172
130 40
33 96
227 141
185 83
90 174
60 208
0 136
1 228
164 26
45 134
71 72
98 221
74 196
151 134
218 44
250 58
263 131
4 228
240 76
95 34
143 42
97 154
67 76
155 133
29 162
132 101
45 3
150 39
38 151
172 4
76 194
88 103
78 192
22 99
89 230
144 169
53 213
87 179
55 212
172 3
55 251
22 99
79 190
75 68
95 163
69 201
34 95
37 25
4 101
263 4
2 101
19 99
151 261
130 40
32 32
227 141
172 134
227 143
208 187
45 0
60 82
89 47
210 58
199 71
222 161
166 257
188 81
36 28
101 2
48 216
83 184
177 88
45 132
174 127
221 163
75 194
153 225
213 105
5 228
178 88
23 166
38 151
262 12
67 76
39 220
171 11
32 259
103 89
228 135
164 221
52 87
150 166
50 88
65 78
28 35
225 153
147 226
222 36
138 101
84 56
88 177
131 228
92 43
129 228
146 226
135 172
130 40
31 223
43 141
223 31
47 90
248 62
172 218
121 62
206 237
185 210
141 227
223 31
40 130
151 134
36 27
58 123
172 128
167 149
240 76
161 95
201 69
94 36
131 163
155 133
28 162
132 101
220 40
182 212
137 228
12 135
194 203
225 25
138 171
11 171
216 103
42 144
172 131
165 151
134 228
263 8
228 5
86 105
225 153
258 163
155 97
11 228
45 5
152 38
167 22
128 172
250 185
99 146
24 134
13 170
158 33
227 141
83 58
47 89
128 228
136 0
228 128
47 217
172 7
71 72
158 223
167 257
81 60
108 82
249 59
1 172
246 192
152 164
183 211
42 16
160 31
36 131
153 225
85 233
191 78
220 40
39 23
52 214
172 4
76 194
98 152
11 44
65 204
225 152
203 194
180 86
180 213
182 85
45 130
124 54
213 232
25 225
67 203
27 224
11 228
55 212
165 152
246 66
169 92
207 62
235 83
8 45
13 170
33 31
255 44
223 32
89 174
21 40
263 0
167 148
47 217
83 185
100 141
31 96
40 130
29 97
235 209
62 207
216 175
167 149
88 49
17 135
143 42
100 219
226 146
206 190
28 162
205 191
8 263
7 228
228 10
131 172
8 101
221 166
171 11
65 205
215 103
179 253
172 131
10 228
85 55
262 9
192 205
168 92
206 63
12 171
161 157
127 175
222 35
38 25
22 40
172 2
207 63
19 99
8 45
257 166
95 161
171 255
146 134
48 89
59 209
45 218
187 208
154 164
261 21
129 43
32 32
167 257
134 23
226 145
186 249
89 47
228 131
203 239
211 56
43 16
36 222
12 44
63 207
169 219
168 18
220 40
101 7
165 24
86 181
101 135
229 89
193 204
225 23
24 225
228 134
172 131
213 53
228 8
135 136
5 101
86 105
152 98
171 139
228 218
127 175
142 135
215 50
184 84
48 89
101 130
147 226
133 152
144 227
30 224
43 142
96 159
164 153
120 190
90 173
60 81
47 217
148 261
71 199
33 223
143 100
261 150
218 45
249 59
170 219
185 210
14 100
133 172
101 139
92 100
37 131
189 80
148 99
228 131
134 136
55 85
73 114
86 181
169 144
89 102
204 66
23 98
225 151
76 66
11 262
86 180
101 135
135 136
252 181
150 226
152 98
162 131
37 94
74 69
95 162
38 25
211 184
89 176
19 168
28 36
135 171
69 201
31 160
171 255
134 19
238 205
129 228
263 1
121 61
37 154
45 134
199 198
96 33
143 100
60 209
18 227
80 62
1 172
185 210
14 100
262 17
197 200
31 33
258 37
80 62
148 99
4 228
172 129
23 166
24 38
54 86
50 253
89 102
132 160
98 151
151 98
101 7
221 38
198 115
243 70
51 87
101 133
93 41
156 260
194 76
30 161
202 195
172 132
165 152
57 211
216 49
184 123
155 163
155 97
165 130
95 161
72 71
172 133
175 216
101 129
0 172
81 188
27 37
82 186
100 142
159 159
143 100
150 134
154 36
207 188
218 43
191 120
89 49
262 17
200 70
29 97
202 68
171 136
148 99
124 183
41 93
84 183
114 201
163 95
202 68
90 102
171 11
151 225
88 231
42 144
214 179
86 180
181 86
130 172
204 65
220 168
10 44
148 226
228 218
228 137
262 142
113 75
149 166
219 169
79 190
91 44
80 188
13 170
33 31
43 142
96 159
15 227
82 59
171 91
121 61
163 27
134 148
100 142
96 223
170 14
134 23
90 172
187 249
218 44
167 148
153 164
33 223
197 200
158 160
12 44
9 171
99 21
191 79
129 45
195 118
201 241
222 163
126 50
221 165
77 193
137 44
156 35
193 77
130 45
180 213
54 213
10 135
18 169
99 150
260 30
148 226
98 27
68 202
5 172
51 87
211 183
92 41
57 250
170 91
224 154
170 140
226 220
255 45
57 211
175 216
59 209
172 1
249 188
109 207
224 157
227 15
32 223
72 198
134 45
100 18
81 61
128 45
120 64
77 112
135 145
255 173
35 222
226 146
207 189
211 107
124 183
133 136
150 39
241 74
181 212
253 176
225 26
99 21
225 24
151 98
252 53
135 10
116 71
135 228
3 45
228 6
23 98
44 137
67 203
98 26
42 143
163 222
228 139
149 166
219 168
19 168
170 91
224 154
43 13
226 220
45 128
184 84
37 26
129 228
91 44
187 122
27 36
209 59
72 71
159 32
43 141
224 30
173 217
249 60
45 1
167 148
26 37
135 145
45 255
224 29
165 257
136 44
36 28
3 228
6 263
67 245
201 241
5 45
75 195
225 26
226 148
30 259
87 231
42 145
172 130
24 166
54 213
214 52
169 145
29 35
24 225
21 99
90 229
254 49
163 222
152 38
67 118
219 168
184 123
107 211
80 189
165 130
31 160
172 255
133 45
176 216
82 59
128 172
188 208
173 90
82 186
198 72
159 96
198 199
134 22
109 81
60 122
2 263
64 247
15 100
223 160
170 142
29 97
140 170
154 224
211 107
101 3
41 92
118 67
25 38
181 212
49 254
153 225
66 76
64 205
168 220
6 228
3 172
54 86
228 9
165 94
204 66
167 93
78 191
171 138
221 38
42 143
163 222
74 241
56 211
93 41
19 168
219 170
171 9
146 226
224 156
43 142
184 84
77 239
83 58
263 2
61 81
145 227
187 209
198 72
96 159
100 15
209 186
27 163
249 60
173 90
63 247
164 26
33 223
227 13
222 162
13 43
9 171
99 20
3 228
41 92
22 166
101 139
162 95
75 195
217 228
99 21
44 10
104 87
145 169
93 166
39 23
86 53
135 137
134 228
214 231
44 137
77 66
98 26
228 136
222 36
138 101
150 166
93 41
191 206
233 84
62 80
195 75
226 220
173 255
18 262
141 100
130 228
218 171
228 1
27 36
150 261
129 41
32 159
15 227
149 134
27 163
228 0
90 46
247 190
238 78
184 210
15 170
33 158
69 74
133 25
28 163
206 190
5 263
67 245
178 88
172 5
68 75
34 157
44 138
191 79
156 35
101 6
214 178
116 70
116 198
131 172
101 134
220 167
98 24
193 77
153 98
9 228
131 45
74 241
6 101
129 172
19 168
170 92
136 171
44 12
226 220
173 255
133 45
100 14
130 228
136 130
80 188
36 154
8 45
14 170
95 224
71 72
45 7
90 173
61 208
172 0
59 82
26 37
210 57
200 71
221 225
165 257
133 25
99 20
168 19
136 5
166 149
152 165
135 142
42 16
164 94
226 148
133 29
99 23
145 169
93 166
212 54
101 136
45 131
169 144
231 88
10 44
66 204
30 161
228 136
181 86
38 24
68 117
7 136
101 131
219 170
62 80
131 37
156 97
101 12
223 33
216 49
22 40
136 130
20 168
163 27
8 45
143 227
223 158
15 227
158 223
17 227
61 208
172 218
40 21
100 142
83 184
140 227
158 160
140 170
61 208
234 210
57 123
263 132
211 57
177 88
182 212
169 143
27 98
139 171
191 79
86 232
228 133
39 93
181 212
53 213
131 172
7 101
24 98
192 205
138 44
221 38
194 75
45 4
165 151
150 166
50 88
56 251
212 233
154 260
44 12
158 33
197 73
172 133
141 100
58 210
43 219
59 249
18 100
60 81
167 130
95 224
141 170
158 223
100 17
40 147
45 0
120 63
175 89
210 58
227 13
95 34
170 13
135 44
234 210
79 63
42 92
118 66
25 38
15 135
196 201
161 30
226 147
206 190
105 86
192 78
93 166
117 70
136 228
262 11
203 66
93 40
259 31
204 193
34 30
17 42
262 140
241 200
134 228
167 93
182 124
226 21
44 136
195 75
160 158
16 43
45 6
76 239
101 131
219 170
228 1
27 36
8 45
170 140
158 96
199 199
186 83
16 227
128 228
91 172
186 209
175 89
133 172
171 128
94 98
166 257
81 61
226 146
2 228
132 136
66 246
240 75
222 162
42 16
91 101
76 194
44 10
86 232
145 168
45 3
7 228
137 228
37 221
8 101
220 166
31 132
132 32
152 98
203 194
221 37
214 52
55 212
167 93
228 5
226 22
27 133
171 139
95 163
138 101
45 6
239 203
22 40
131 263
249 186
45 218
187 208
227 17
224 222
227 141
96 158
164 154
189 248
0 136
228 128
26 37
45 134
142 43
34 222
43 140
61 208
235 210
189 80
128 45
246 193
38 152
95 35
143 42
218 227
226 147
171 136
213 105
18 41
45 3
23 166
199 242
131 172
144 42
39 220
32 132
259 159
89 230
51 126
139 135
52 87
150 166
45 130
145 41
162 28
63 79
99 147
28 224
74 69
161 222
112 76
58 210
89 175
62 80
99 146
24 134
130 40
32 159
14 43
210 185
90 174
187 81
263 0
128 101
174 89
261 20
199 71
31 33
197 200
81 61
163 155
58 123
4 263
149 40
76 113
172 5
228 11
36 221
99 20
155 133
156 35
41 145
263 135
228 134
101 137
213 53
42 17
25 98
132 159
23 99
152 98
203 194
180 86
179 214
23 39
172 3
124 55
169 92
260 28
163 131
160 158
254 47
16 262
240 203
83 57
170 92
146 41
235 82
135 172
197 73
160 223
170 256
147 134
110 79
60 209
0 45
209 60
47 217
134 172
14 170
223 160
200 70
81 61
36 27
189 80
219 43
228 131
50 215
143 262
169 143
94 36
171 12
206 190
219 42
228 132
135 136
69 244
151 165
135 139
203 67
25 98
171 11
159 132
225 152
178 253
94 164
214 52
228 7
130 172
78 192
169 92
171 9
75 67
160 158
169 16
183 85
152 38
246 66
89 175
62 80
44 218
208 61
100 144
160 158
100 14
210 185
100 16
128 228
90 172
21 167
47 217
158 96
100 141
96 33
257 40
29 97
154 36
228 129
45 1
4 228
37 152
262 16
169 143
163 95
163 258
133 28
219 42
101 5
135 136
196 117
115 200
37 221
144 42
30 34
204 65
192 77
25 225
178 253
37 94
101 10
182 85
45 130
78 192
105 213
190 206
258 162
227 218
138 101
161 222
140 100
4 101
42 219
129 228
218 171
134 151
130 39
224 157
71 199
20 261
206 111
40 148
0 263
60 81
26 37
223 158
43 256
223 160
70 73
261 151
82 235
228 129
1 172
119 65
100 140
5 45
16 169
160 31
258 36
26 98
162 155
132 101
88 50
244 196
200 242
37 221
178 126
161 30
149 99
150 226
93 166
101 8
4 172
180 213
23 39
135 136
65 78
213 232
155 260
20 99
91 228
196 74
135 16
152 38
228 4
5 136
146 41
99 146
172 8
257 166
33 31
198 72
134 19
26 164
40 148
173 217
81 187
90 47
172 7
14 170
96 158
73 197
8 172
108 82
1 228
219 43
228 131
152 164
172 6
143 42
163 95
75 195
133 27
219 42
55 124
7 263
195 117
200 241
140 262
42 17
221 166
22 226
132 31
151 98
193 76
4 172
101 10
23 39
93 39
145 42
41 219
171 10
76 67
164 221
127 175
85 55
100 12
228 5
136 132
130 228
147 226
133 152
13 170
222 34
170 15
19 261
48 89
120 190
91 45
121 61
237 80
223 158
100 141
160 96
16 227
172 135
209 108
122 186
170 219
40 22
14 100
6 45
173 128
160 31
12 44
98 153
99 21
4 228
93 167
244 195
87 52
135 140
126 50
221 165
259 33
23 98
40 93
76 66
213 180
213 53
181 85
166 93
54 252
150 226
206 63
194 76
27 225
175 254
95 162
12 227
211 184
5 136
146 41
36 155
152 260
196 74
160 158
199 198
58 210
26 164
82 59
0 45
20 167
164 27
172 7
15 100
224 95
16 227
82 60
227 145
189 80
91 170
119 65
112 204
183 211
170 142
160 31
44 139
80 62
148 99
78 64
168 220
195 117
214 179
172 4
177 126
225 26
149 99
132 31
98 24
7 228
87 52
24 165
54 212
87 178
54 252
105 213
206 64
162 131
218 101
10 228
162 222
202 113
22 39
219 169
57 250
163 28
133 152
170 140
33 31
100 13
45 6
227 142
209 186
172 0
228 0
173 90
261 21
14 170
224 95
73 197
172 135
145 100
189 80
90 47
247 191
26 37
84 183
15 170
162 95
139 171
225 27
148 99
168 19
2 172
101 6
138 228
213 54
177 126
221 165
171 11
31 259
162 156
125 179
45 4
53 86
101 135
3 45
77 192
168 93
191 206
138 44
164 221
49 127
222 35
165 152
5 101
2 45
250 184
155 163
155 97
140 43
224 157
172 255
172 133
100 15
59 209
1 136
81 188
217 173
157 97
169 129
159 96
168 256
209 187
217 45
228 128
217 174
3 228
227 14
184 211
128 46
156 224
139 171
207 189
28 162
41 146
50 215
6 228
11 101
163 95
195 202
221 165
77 193
205 191
24 225
7 228
165 221
180 213
135 228
262 10
77 192
35 156
137 171
21 99
27 225
49 127
135 14
178 215
194 245
49 89
19 168
226 20
136 171
74 69
158 33
73 70
172 133
37 26
228 2
2 136
228 0
173 90
82 186
72 71
223 32
71 72
261 149
109 81
1 228
44 91
167 148
26 37
135 145
142 43
31 33
139 171
153 133
35 28
168 19
41 93
133 101
178 87
262 14
126 49
38 221
99 21
10 171
231 214
101 7
52 214
136 101
228 8
10 135
125 53
214 231
157 259
11 171
157 34
137 101
262 141
51 87
183 84
129 172
168 146
211 234
171 9
18 100
31 160
140 100
135 18
48 89
129 228
172 1
249 187
109 208
30 224
142 227
223 159
15 227
30 97
154 36
147 168
45 1
186 210
176 89
33 223
100 139
226 93
74 196
9 171
170 219
63 206
2 172
101 6
165 25
222 163
16 169
225 26
203 66
64 205
156 35
125 180
130 45
39 24
39 151
172 3
180 125
23 98
171 10
131 34
217 102
101 9
85 54
12 228
6 101
45 129
206 63
107 211
207 62
227 18
224 156
128 172
18 262
176 216
40 148
1 45
147 41
154 163
149 261
141 43
32 32
43 141
224 30
90 173
41 147
263 129
82 186
26 37
18 135
142 43
224 29
201 69
133 26
163 155
146 168
168 219
211 56
51 214
222 163
195 202
101 217
21 226
98 151
150 98
133 101
87 52
54 86
39 151
52 87
252 180
98 150
157 259
161 132
102 90
195 75
135 14
38 25
101 133
49 88
124 56
234 84
27 225
68 201
226 220
12 227
45 6
239 204
101 130
171 91
101 128
46 217
97 30
198 72
32 96
15 227
7 172
217 46
147 168
218 44
247 191
15 100
135 145
128 45
31 33
196 201
207 189
155 36
168 19
219 41
228 132
87 51
35 222
202 68
98 154
21 226
98 151
23 226
42 145
166 221
39 23
53 213
262 10
180 125
225 24
98 24
171 138
26 225
202 195
95 163
51 87
245 68
172 2
131 228
148 226
225 154
19 99
226 220
128 173
211 184
26 164
247 64
218 171
188 207
100 145
134 150
43 14
32 223
100 15
157 224
17 227
228 0
0 172
209 59
89 48
133 172
197 200
220 225
257 38
152 133
218 43
228 130
132 136
118 67
51 215
35 222
42 16
228 91
131 161
191 79
93 168
77 65
3 172
197 116
86 53
135 138
66 77
156 162
31 132
11 171
30 161
177 253
45 4
241 201
228 6
177 215
228 4
233 84
189 207
139 44
222 35
200 197
211 183
141 100
83 58
47 90
60 249
172 90
23 134
14 170
159 96
42 129
261 148
90 173
101 0
128 136
228 129
227 15
32 223
45 255
222 161
227 145
28 97
107 83
250 57
132 136
39 22
178 88
212 55
175 127
37 221
67 76
225 25
99 23
181 252
136 135
101 8
24 38
11 135
101 134
151 225
132 158
44 11
229 217
68 202
94 163
73 241
39 150
2 45
41 19
35 155
136 171
19 99
35 95
255 46
172 133
26 164
101 130
136 130
147 41
27 36
261 23
197 73
97 95
141 170
59 209
237 207
81 61
45 91
209 59
142 227
45 133
128 44
158 160
100 18
133 25
210 107
206 190
45 2
228 132
227 12
15 135
254 175
94 37
21 226
79 64
105 86
125 181
178 87
181 212
165 24
94 38
193 203
34 156
98 23
138 44
34 30
144 169
140 135
101 11
101 133
88 177
251 183
92 42
98 26
99 146
36 95
200 197
144 135
153 37
167 22
216 47
147 41
18 100
208 60
143 227
32 32
129 170
45 7
100 17
60 208
0 172
129 101
111 205
6 45
100 140
225 94
43 140
260 152
99 20
190 79
175 89
166 149
227 12
162 95
16 169
161 30
139 171
171 137
213 105
54 125
166 220
70 243
151 165
11 135
193 203
225 24
31 132
149 226
89 229
67 203
54 213
214 52
228 7
88 177
182 124
219 169
189 207
258 163
163 222
201 196
45 6
25 164
22 40
1 45
41 20
172 91
156 97
200 197
95 224
100 14
148 134
237 207
40 147
217 173
186 209
37 153
210 58
72 198
221 225
43 140
8 172
83 235
185 250
169 219
193 119
140 227
172 5
42 16
34 157
147 99
79 63
22 226
132 101
214 178
23 166
10 101
262 11
17 169
39 220
171 10
259 159
98 25
8 228
172 131
242 200
182 85
167 93
124 55
28 35
171 9
75 68
95 163
11 228
17 262
88 176
58 210
263 4
147 41
36 154
224 156
167 130
95 224
199 198
83 58
217 47
81 60
0 45
128 101
143 227
172 7
128 44
160 31
43 140
188 81
155 36
123 185
4 263
131 101
165 25
135 143
69 74
221 164
139 171
98 152
35 29
228 132
51 215
69 244
180 86
94 37
51 253
93 39
65 78
65 204
161 157
126 178
86 53
24 165
196 244
263 8
101 132
212 233
9 44
75 68
155 97
42 143
34 95
177 215
119 192
128 172
186 122
27 36
134 151
170 140
224 222
199 198
58 210
227 143
189 248
263 0
167 148
227 16
32 223
71 72
98 221
17 227
135 45
210 108
189 80
1 172
149 40
140 227
56 85
11 101
158 160
75 194
171 136
162 156
168 18
220 40
228 134
179 87
262 12
101 135
103 216
77 192
159 132
161 157
203 194
135 12
151 38
150 166
88 177
145 41
155 162
190 206
163 131
222 36
47 127
143 135
13 227
22 40
89 175
2 101
19 99
224 156
17 100
96 160
141 170
210 185
164 153
101 128
45 217
248 189
164 26
210 58
44 256
222 224
43 140
24 261
209 108
80 62
170 219
57 83
165 25
95 34
138 228
31 33
131 163
98 153
169 219
41 145
167 220
85 182
179 87
12 135
76 194
98 152
44 138
159 132
34 30
203 194
164 221
38 24
39 150
93 40
192 205
105 213
171 9
99 147
155 97
42 143
95 161
152 38
131 228
169 92
41 19
218 171
188 208
140 43
221 98
71 199
20 261
89 174
60 209
45 90
101 1
90 47
20 134
141 43
33 223
200 70
29 97
226 146
249 59
45 1
58 83
215 177
45 132
47 254
163 95
258 36
260 155
169 219
145 168
45 3
166 150
52 214
135 139
126 51
93 39
11 44
259 159
29 161
76 67
94 164
213 53
212 182
40 220
124 54
213 232
28 133
99 147
33 30
196 74
45 5
13 227
228 4
263 4
123 58
108 210
8 45
170 140
33 31
198 72
172 134
206 111
1 101
91 45
189 121
206 237
261 20
256 170
159 159
257 40
8 172
36 27
189 80
263 131
40 22
203 239
5 45
254 174
224 28
19 226
260 155
219 42
64 205
136 8
7 228
228 10
131 172
228 8
157 161
99 22
78 65
29 161
253 51
139 135
10 228
244 69
3 45
145 41
35 156
44 136
203 194
27 224
254 48
262 143
140 100
57 211
48 89
101 129
155 163
134 152
69 201
34 95
142 170
159 223
100 16
129 228
1 136
128 101
27 37
223 158
43 256
160 96
197 200
97 156
18 226
20 41
136 3
101 4
76 112
133 172
201 69
160 31
139 171
190 80
226 148
168 18
172 129
212 55
200 241
4 45
228 8
39 221
226 149
225 23
225 151
126 179
4 172
86 180
23 39
51 87
181 125
86 105
44 137
139 44
94 164
169 16
35 95
177 215
246 66
169 92
206 63
28 36
135 171
170 140
33 31
170 15
159 223
89 175
247 63
217 46
0 228
174 90
209 59
141 43
32 159
170 13
23 261
227 145
207 189
174 89
192 119
141 227
17 135
46 255
31 33
258 37
80 62
85 233
131 101
7 263
117 68
179 87
86 181
101 136
34 157
138 171
23 98
40 93
179 252
213 180
101 9
39 150
214 51
252 181
23 99
10 44
99 147
34 30
101 10
95 162
38 25
5 101
45 129
250 185
163 28
61 81
201 196
31 160
13 227
58 210
26 164
148 167
172 0
167 147
100 144
209 59
199 198
159 32
143 100
156 224
18 227
186 249
170 218
149 40
49 215
135 144
170 142
97 155
131 164
44 9
212 106
4 228
215 177
212 56
38 151
140 262
50 253
161 30
77 193
225 24
35 29
252 52
221 38
101 9
39 150
166 93
181 125
226 23
133 156
171 139
161 157
75 68
142 135
139 100
22 39
49 89
168 146
36 155
208 61
13 170
95 161
170 15
210 184
26 164
129 228
0 172
81 188
46 217
82 186
72 71
32 159
43 141
150 134
109 81
62 207
263 130
185 210
26 37
172 6
197 200
97 156
99 19
44 9
219 43
4 228
41 93
166 150
179 87
4 45
126 50
161 30
44 138
158 132
156 35
228 134
38 94
71 243
23 39
9 135
65 77
220 168
10 44
258 161
101 91
254 49
262 142
227 139
118 194
136 132
57 250
83 107
61 80
170 140
97 30
200 197
45 6
111 78
247 63
90 173
61 81
144 227
157 97
71 199
159 96
200 70
261 150
36 27
147 168
1 172
247 191
239 77
33 223
70 73
160 31
139 171
80 62
226 148
183 251
88 50
245 195
51 214
132 172
42 17
161 30
66 77
171 137
156 35
7 228
138 135
213 53
197 243
166 93
65 77
23 99
225 152
44 11
37 94
176 254
262 141
25 165
194 245
168 92
19 168
226 20
9 44
165 130
33 31
197 73
160 223
37 26
82 59
44 218
188 208
90 46
224 157
227 15
159 159
256 41
30 97
18 227
249 60
172 128
64 247
77 112
262 18
15 170
31 33
37 131
44 9
226 148
183 251
168 220
101 6
165 25
141 262
176 126
38 221
193 204
157 132
104 87
7 228
45 3
198 116
71 116
221 166
125 53
162 29
78 191
258 161
30 161
143 169
172 132
201 114
166 22
136 133
206 63
99 147
44 136
145 227
224 156
128 172
45 6
37 26
209 186
218 171
41 20
81 109
261 22
142 227
32 96
71 72
82 59
81 236
147 168
263 129
120 64
141 227
184 211
255 172
162 95
13 43
225 27
28 163
206 190
2 172
39 22
38 152
141 262
195 202
229 90
76 193
98 151
214 104
252 53
172 130
54 86
54 213
172 3
42 18
214 231
171 10
161 131
225 153
136 101
135 14
87 178
39 149
176 215
3 101
163 28
207 62
43 13
35 95
12 227
223 33
175 216
186 82
217 47
20 168
236 81
82 186
256 169
223 159
170 14
149 134
208 109
101 0
90 47
40 21
205 238
160 96
227 12
160 31
130 165
154 224
107 84
184 250
45 2
183 211
38 152
141 262
10 101
228 90
99 21
98 151
41 93
18 42
221 39
101 8
166 24
38 221
42 18
87 104
44 137
76 66
102 90
42 143
212 181
152 38
149 166
219 168
64 79
28 36
62 80
140 43
97 29
15 43
145 135
37 26
58 210
1 45
81 188
109 208
261 22
14 170
223 96
170 14
149 134
100 17
81 61
172 128
59 82
227 15
84 184
15 170
35 222
140 170
27 97
218 43
41 146
168 219
228 132
38 152
45 132
169 143
154 225
131 161
225 24
220 41
77 66
166 221
70 243
228 9
221 165
180 125
87 104
191 205
99 149
157 34
75 68
222 36
87 178
39 150
41 220
64 79
233 84
207 62
99 146
220 99
12 227
33 96
89 176
40 148
44 218
147 41
90 46
97 30
71 200
96 223
170 14
30 97
90 173
0 228
173 90
129 101
37 153
32 223
140 227
225 93
130 165
135 44
84 234
184 250
49 216
245 194
51 215
135 142
143 42
154 225
161 258
79 64
162 156
145 169
135 9
213 54
198 243
221 165
144 42
93 40
31 132
149 226
217 102
177 253
172 131
138 101
118 195
177 215
146 41
99 148
9 44
195 75
224 156
227 139
56 211
49 89
120 191
218 170
80 188
18 100
172 8
16 100
32 32
199 71
59 209
100 17
208 188
217 173
120 63
15 100
172 6
227 13
33 158
18 227
224 28
147 99
228 130
5 263
166 149
100 139
262 15
127 48
98 154
258 35
29 260
226 150
54 125
136 135
39 23
38 151
138 262
169 144
93 40
44 137
259 160
38 94
169 17
262 140
87 179
195 244
45 129
251 183
106 212
80 189
99 146
224 156
200 197
45 6
227 141
192 246
1 45
189 207
163 27
23 134
70 200
159 32
227 142
21 261
100 17
121 188
128 136
59 82
26 37
134 146
15 170
158 160
145 100
61 208
147 99
3 228
92 169
132 101
12 100
35 222
254 175
164 94
162 258
10 171
150 99
18 42
93 166
150 39
213 180
45 131
144 42
24 98
150 98
99 149
30 161
253 50
140 135
151 38
23 39
220 167
131 228
162 28
9 44
37 258
227 219
173 255
144 135
49 88
65 119
128 172
147 41
154 163
29 224
73 70
159 159
15 227
21 261
144 100
101 0
217 173
120 63
164 26
45 133
15 170
160 31
166 257
61 208
28 163
228 130
136 5
184 211
113 202
45 132
169 143
228 91
131 162
206 190
232 213
169 18
9 262
135 101
9 101
221 165
253 179
29 34
192 205
66 204
94 165
101 8
140 135
165 151
68 117
50 88
145 41
99 148
9 44
163 131
219 100
47 128
211 183
164 152
228 4
219 170
20 168
163 27
172 8
170 140
159 159
170 14
261 148
217 47
20 40
46 217
247 190
100 143
45 133
44 255
34 222
140 170
25 261
83 235
168 19
263 132
22 167
38 152
45 132
196 201
228 91
171 12
25 98
92 168
205 192
172 130
85 182
24 38
138 262
228 7
225 24
65 78
204 193
229 216
42 144
140 135
115 73
69 117
50 88
228 5
162 28
260 27
68 202
163 222
47 127
34 95
13 227
185 83
216 48
41 20
27 36
45 135
100 143
96 31
72 199
21 261
100 16
101 128
263 0
187 209
153 164
20 134
71 72
225 94
130 166
151 134
210 108
123 185
216 175
84 184
100 140
16 135
138 228
91 100
258 35
225 25
29 162
18 41
88 51
7 228
165 24
45 131
253 178
166 93
44 138
65 204
39 93
101 8
53 213
87 179
166 23
8 136
145 41
99 149
79 190
195 75
224 155
11 228
183 84
88 177
83 58
128 172
249 186
82 108
45 135
70 200
32 32
199 198
7 172
37 26
21 40
0 45
209 60
26 37
96 32
129 44
225 94
43 140
155 224
99 19
207 189
263 131
101 4
152 165
143 262
201 69
157 160
202 67
28 260
169 219
41 145
178 88
244 196
242 72
45 131
8 101
34 157
204 65
150 226
30 161
228 135
221 37
165 151
55 212
45 130
192 205
35 155
26 225
226 20
28 224
47 127
56 211
50 88
40 149
43 219
168 146
163 27
156 97
200 197
95 224
227 141
58 210
47 90
40 148
0 263
209 60
153 164
96 31
199 71
222 224
17 227
135 45
235 209
19 41
131 136
228 131
240 76
143 262
196 201
155 224
258 36
153 225
22 226
205 192
220 40
196 117
87 52
135 139
51 253
152 225
23 226
99 150
225 152
203 194
12 262
137 101
39 150
45 130
41 18
92 42
98 26
12 171
224 155
101 11
85 56
140 100
228 4
1 45
41 19
171 91
172 8
200 197
31 160
171 256
147 134
89 174
167 21
217 45
167 148
217 174
58 83
227 14
159 159
73 197
151 134
82 235
80 62
48 216
101 4
227 13
56 84
74 196
219 227
12 44
98 153
155 35
64 205
3 172
228 134
73 115
53 86
76 194
220 166
65 77
77 65
156 34
51 126
45 4
242 199
244 69
93 40
145 41
156 162
98 25
162 131
91 227
138 101
161 222
88 177
22 40
172 1
41 19
171 91
61 81
70 201
95 161
199 198
159 223
26 164
209 187
90 173
21 167
206 237
134 147
227 14
160 96
70 73
8 172
209 108
228 129
219 43
185 210
227 13
143 262
74 196
36 222
19 226
98 153
162 155
78 64
177 88
117 69
87 52
13 135
101 135
103 216
226 149
44 10
88 230
8 228
45 4
101 10
166 23
136 262
205 65
213 232
171 9
147 226
221 37
254 48
172 132
227 140
22 40
172 2
80 190
155 163
172 8
130 39
157 97
15 43
32 96
111 79
209 187
1 136
188 121
237 80
31 223
199 199
159 32
70 73
29 97
235 209
207 189
3 263
65 246
25 37
144 262
101 138
222 163
44 139
190 80
28 162
4 228
40 93
101 7
114 200
86 181
228 8
221 166
77 193
259 158
93 166
203 193
86 53
38 24
244 70
220 166
252 181
29 35
137 171
162 131
228 218
69 201
142 135
12 227
193 246
132 263
58 250
107 210
25 133
39 257
98 94
100 13
45 6
89 175
167 21
128 263
40 20
174 90
59 82
141 43
224 95
197 200
150 134
18 227
59 122
3 263
192 119
49 215
45 133
46 255
97 155
171 12
153 225
233 212
228 131
2 172
6 228
200 241
172 4
144 42
152 225
149 99
132 31
167 220
144 169
213 180
180 213
8 101
166 93
169 145
92 41
137 171
76 67
164 221
101 10
85 55
75 240
132 228
5 136
185 123
234 83
155 97
145 227
97 30
15 43
58 210
111 78
228 2
217 46
187 208
46 217
172 7
72 71
32 159
41 130
172 135
145 100
41 147
3 263
40 22
49 215
262 17
101 139
219 226
258 37
260 154
233 212
146 168
172 129
133 101
73 114
94 36
75 194
229 89
33 132
78 65
40 93
52 125
87 52
228 136
135 228
135 136
65 77
93 41
44 137
131 35
91 228
169 16
172 132
75 240
22 39
42 219
123 57
210 234
97 28
74 69
225 221
199 198
261 146
78 238
148 167
171 91
101 0
207 237
59 82
42 256
160 96
43 141
187 82
145 100
80 62
172 128
40 21
77 112
172 6
200 70
226 93
68 75
207 189
162 155
124 183
88 50
183 211
87 52
4 45
169 144
161 30
138 171
225 24
220 40
77 66
11 262
228 136
228 8
3 45
54 252
99 150
191 206
44 11
37 94
68 202
212 182
165 152
67 118
219 169
146 41
44 218
224 155
165 130
34 95
140 100
133 45
164 153
186 82
173 217
61 81
17 100
82 186
169 129
32 32
227 143
261 150
27 163
20 41
136 3
40 21
37 153
172 6
200 70
33 158
202 68
44 9
21 226
146 168
263 134
56 84
165 25
36 222
68 75
94 38
99 22
137 44
151 98
144 169
138 135
180 213
150 166
3 45
204 65
150 226
137 171
194 76
90 228
176 254
45 5
100 12
39 149
168 92
206 63
91 43
207 61
201 196
29 224
227 140
84 57
37 26
63 120
172 1
41 20
144 227
97 30
14 170
96 32
16 227
157 224
236 208
122 187
47 217
148 40
112 204
172 6
128 46
33 158
226 146
98 154
155 35
251 56
136 6
84 183
25 38
212 54
136 228
225 26
66 77
64 205
24 225
134 101
137 135
101 9
86 54
179 214
77 193
226 23
78 191
258 161
98 26
16 42
85 55
139 101
211 183
215 49
250 184
36 155
171 9
227 18
222 35
227 140
172 133
153 37
2 101
217 46
187 122
17 100
7 45
14 170
159 159
227 142
7 172
46 90
228 128
91 171
59 83
239 77
45 133
128 46
97 156
170 13
62 207
155 36
41 146
88 49
22 166
228 11
135 141
75 195
229 90
193 203
259 157
225 150
204 193
3 172
54 86
166 24
165 94
193 204
23 98
78 191
161 131
165 221
169 16
135 14
87 178
149 166
41 219
19 168
219 170
80 189
196 74
29 224
142 170
33 96
238 204
148 167
129 263
60 249
217 173
30 224
129 42
223 159
15 227
45 7
144 100
228 0
128 45
228 130
164 26
57 84
255 172
93 99
257 38
9 171
36 28
190 79
215 176
101 5
114 201
141 262
101 137
30 34
76 193
171 137
93 167
66 204
179 87
116 71
101 136
45 130
7 101
162 29
64 78
226 21
217 102
169 16
135 14
138 101
101 133
219 168
228 4
170 92
154 98
257 165
222 35
128 173
211 184
239 204
130 228
263 2
61 81
163 27
59 82
16 100
223 96
42 129
22 261
27 163
60 122
171 218
247 191
205 238
133 172
45 255
93 99
130 165
133 26
211 107
130 101
6 263
245 194
87 51
135 141
16 169
37 221
161 258
259 157
104 87
6 228
135 10
166 150
9 101
172 3
77 193
40 220
132 157
33 259
217 102
195 75
5 172
138 101
245 68
2 45
131 228
226 21
136 171
19 99
162 222
139 100
172 133
204 112
3 101
174 217
187 122
208 236
134 172
170 141
32 223
227 142
59 209
217 46
61 208
45 1
228 129
37 153
146 261
70 73
97 157
257 38
61 207
107 84
168 19
92 169
5 228
38 152
85 182
228 10
94 37
203 67
206 191
156 35
65 204
166 220
228 135
86 53
135 138
144 42
156 162
191 205
259 160
161 157
50 126
222 36
241 201
133 228
93 41
64 79
219 170
98 27
99 146
95 162
173 255
135 17
14 227
130 228
47 90
1 101
90 45
150 261
43 14
96 96
15 227
21 261
144 100
101 0
1 263
21 167
26 37
146 261
200 71
97 157
130 165
44 8
226 147
168 19
219 42
132 101
215 178
132 172
48 254
94 37
258 35
137 44
232 214
125 181
130 45
228 135
86 53
262 11
101 134
93 40
158 259
226 22
90 229
177 253
213 181
241 200
183 85
88 177
64 78
226 21
207 62
258 164
222 35
255 46
17 262
112 77
119 192
45 128
41 20
91 45
60 82
143 227
97 95
43 141
7 172
144 100
61 121
45 0
63 247
37 153
32 223
71 72
31 33
145 100
28 97
171 218
250 57
89 49
101 5
38 152
222 162
169 143
154 225
258 35
64 206
168 219
145 169
262 136
166 150
38 151
135 138
252 179
151 225
225 150
99 149
34 30
253 50
131 45
24 165
101 133
88 177
131 228
169 92
154 260
131 37
100 92
228 139
144 135
100 14
22 40
45 128
168 147
235 82
134 150
16 100
223 33
100 15
134 45
47 90
20 40
46 217
2 228
100 142
19 134
71 72
225 94
227 144
81 61
20 226
79 63
219 42
22 166
177 88
45 132
101 137
94 37
35 131
190 79
99 22
228 133
87 51
85 181
242 72
135 138
193 203
34 156
158 259
66 204
157 34
17 42
86 54
11 228
23 39
167 93
131 228
148 226
27 133
99 146
92 227
69 201
262 144
88 176
246 65
219 170
228 1
82 108
29 224
140 43
96 160
170 256
83 59
47 90
167 20
0 45
190 120
15 100
45 133
43 15
157 224
201 69
152 134
210 108
185 250
169 219
22 167
140 227
142 262
201 69
218 228
44 139
79 63
22 226
65 205
135 9
244 197
242 72
164 94
203 67
98 151
132 158
99 149
225 152
17 42
37 94
200 114
212 182
215 50
55 251
106 212
98 26
258 163
222 36
138 101
6 172
100 13
228 4
1 45
147 41
209 235
24 134
143 227
97 95
227 141
31 96
37 27
21 40
172 0
101 1
238 79
185 210
100 141
98 221
227 144
188 81
155 36
101 2
45 1
167 149
165 25
95 35
16 169
160 30
226 147
9 171
22 226
5 228
8 263
134 101
228 10
180 213
178 126
156 161
259 32
99 149
225 152
8 228
86 53
242 200
228 7
130 172
251 182
226 22
190 206
68 202
28 224
47 127
183 84
164 152
83 58
1 45
189 207
218 172
224 156
40 257
96 31
198 72
223 31
174 217
101 128
45 217
62 248
227 16
223 159
100 141
98 221
100 17
97 155
83 235
80 62
131 136
119 66
152 165
143 262
69 74
155 224
12 44
63 206
213 105
251 55
220 40
228 134
101 137
262 12
253 178
39 220
171 11
259 159
220 39
144 169
12 262
151 38
212 182
3 45
192 205
226 22
225 153
202 195
97 28
174 254
16 262
227 140
4 101
48 89
2 101
82 108
134 151
100 144
97 95
100 14
134 20
26 164
121 189
0 263
248 189
143 227
58 83
100 141
160 96
13 43
172 135
209 108
189 80
43 92
149 40
177 88
143 262
69 74
219 227
75 195
171 136
105 86
205 192
8 263
212 55
151 165
45 131
76 194
157 161
23 226
65 204
34 30
169 17
37 94
52 87
23 39
130 172
192 205
213 232
206 63
147 226
28 224
254 47
132 45
76 240
167 22
175 216
19 168
99 146
224 155
197 73
34 95
199 198
31 96
153 37
121 189
90 172
128 101
206 237
58 83
141 227
96 33
167 257
60 208
45 91
228 129
219 43
167 149
37 152
222 161
196 201
155 224
147 99
63 206
219 42
101 5
135 136
69 244
242 73
262 12
253 178
216 230
226 150
77 65
93 166
144 169
53 213
24 165
212 182
88 178
192 205
35 156
171 9
36 258
97 27
69 201
135 16
215 50
40 149
92 42
168 146
171 91
45 135
43 13
221 98
43 142
58 210
89 174
209 187
172 0
40 21
16 100
58 83
129 43
95 97
43 140
29 97
146 99
186 249
4 263
185 210
88 50
16 135
169 143
28 97
12 44
171 136
35 28
55 124
263 135
23 166
52 214
94 37
194 203
34 157
159 259
192 78
225 151
17 42
221 37
53 86
166 23
3 45
101 132
168 92
136 171
99 147
221 37
16 42
55 212
227 140
228 4
175 216
250 185
171 91
135 172
227 17
34 95
44 128
210 185
206 111
128 228
0 45
228 128
154 164
134 172
256 170
223 31
100 16
81 60
218 45
62 207
216 175
40 22
152 164
222 161
201 69
227 92
12 44
154 133
148 99
124 182
177 88
23 166
214 179
172 4
76 194
89 102
11 44
78 65
103 88
42 144
213 180
180 213
39 150
214 51
42 18
99 149
152 98
194 76
228 218
254 48
55 212
38 25
193 246
263 5
63 79
171 91
260 25
227 17
34 95
72 71
185 83
100 15
82 59
45 0
208 60
154 164
261 21
72 71
95 97
197 200
224 29
45 91
186 249
89 47
119 65
100 141
144 262
255 173
227 92
37 131
189 80
28 162
205 191
88 50
195 117
228 11
163 94
9 101
216 229
226 149
158 132
151 98
169 17
172 131
151 38
166 23
262 9
6 101
219 168
225 152
67 203
101 91
16 42
132 45
12 227
84 57
176 216
101 130
91 44
152 260
227 18
160 158
199 198
210 185
164 153
209 186
172 0
20 167
100 144
134 148
43 14
158 223
143 100
156 224
163 154
1 228
216 174
130 101
49 215
222 161
15 170
155 224
139 171
171 136
28 162
101 4
263 134
6 228
87 52
135 140
136 228
26 98
193 204
158 132
162 156
52 125
179 87
151 38
243 70
3 45
54 252
156 162
156 260
12 171
94 164
254 48
172 132
227 139
5 101
219 169
184 123
147 226
155 97
166 130
34 95
43 142
45 6
216 48
82 59
91 44
101 0
110 207
223 158
141 43
159 32
143 100
8 172
109 81
80 62
136 3
210 58
176 89
172 6
100 139
31 33
99 19
136 44
35 28
183 251
7 263
68 245
74 114
181 213
177 126
217 229
160 259
225 24
98 24
134 101
221 38
242 198
86 54
220 166
252 181
29 35
206 64
203 194
91 228
49 127
85 55
227 139
84 57
172 2
123 57
210 234
207 61
165 130
97 30
227 140
134 19
100 15
167 21
46 90
248 188
154 163
82 186
141 43
32 96
100 16
157 224
90 172
101 1
91 171
247 191
176 89
17 135
128 46
33 158
99 19
207 189
43 92
228 131
7 263
101 6
114 201
36 222
101 136
102 217
33 132
137 44
104 87
228 134
52 214
116 71
101 135
3 45
125 53
93 41
64 79
34 258
221 37
68 202
222 35
215 51
166 22
172 2
101 130
218 170
133 153
100 145
95 162
70 200
172 133
100 15
186 82
2 136
122 61
227 17
209 59
129 42
223 96
143 100
30 97
236 208
1 228
218 44
83 185
216 176
184 211
255 173
31 33
131 164
171 136
35 28
183 251
215 176
68 245
228 11
45 132
42 16
165 94
226 148
225 24
156 35
180 252
221 38
243 198
243 71
179 214
66 77
156 162
78 191
76 67
161 157
75 68
55 212
25 165
5 101
2 45
3 101
99 147
80 189
100 145
99 93
170 15
6 172
78 238
209 186
128 172
61 81
90 46
97 30
71 199
223 96
227 142
209 186
163 154
101 1
174 90
210 59
112 204
160 96
227 12
93 99
38 130
27 98
84 234
228 131
49 215
56 84
25 38
181 212
136 228
165 94
76 193
98 151
40 93
252 53
130 45
24 166
71 116
179 214
6 101
29 35
225 151
148 226
153 98
143 169
36 95
241 201
194 245
133 263
206 63
219 170
133 153
165 130
156 97
43 142
57 211
216 48
82 59
136 129
81 188
173 90
224 157
71 199
96 223
129 169
134 22
144 100
20 41
44 91
59 82
48 216
211 57
227 12
158 160
165 257
260 153
211 107
228 130
129 45
67 245
87 51
36 222
16 169
228 90
34 131
151 225
40 93
18 42
137 135
54 86
136 228
262 10
77 193
104 214
151 98
193 76
102 90
195 75
262 141
38 25
56 211
92 41
146 41
155 163
62 80
170 140
226 220
227 139
18 262
49 89
148 167
128 172
122 60
109 208
149 261
227 16
159 159
256 42
186 82
144 100
168 20
45 1
247 191
111 205
145 262
13 100
162 95
227 145
171 136
147 99
63 206
129 45
22 166
51 214
14 135
228 10
221 164
138 171
205 191
35 29
133 101
45 3
116 70
228 9
165 94
193 204
29 35
191 205
193 77
161 157
177 253
135 14
228 138
68 118
129 172
228 4
233 84
44 136
37 258
31 160
197 73
135 18
216 49
247 64
90 174
168 147
81 109
261 22
71 200
96 96
72 198
186 82
100 17
20 40
45 1
63 247
238 78
45 133
45 255
161 95
13 43
27 97
211 107
146 168
169 219
194 118
202 240
172 5
195 202
101 218
203 67
133 29
220 41
192 77
45 3
39 23
71 116
135 138
252 179
167 93
151 98
226 22
94 165
42 144
95 163
114 74
183 84
45 129
101 131
226 21
98 27
37 258
162 222
12 227
172 133
112 77
247 64
174 217
80 188
100 145
224 156
141 43
96 223
42 129
157 224
46 90
0 228
136 1
120 63
153 164
146 261
100 140
34 222
100 18
135 44
28 163
123 184
216 176
245 194
240 75
5 45
16 169
218 228
35 131
191 79
29 162
125 181
178 87
166 150
165 24
87 179
66 77
93 40
65 78
259 160
229 217
202 195
181 86
228 138
85 56
129 172
101 131
92 43
153 98
146 226
162 222
228 139
223 33
227 141
246 65
217 47
189 207
100 145
224 156
168 130
31 223
142 100
31 96
237 207
81 61
45 91
167 148
89 48
6 45
172 128
30 97
201 69
97 155
147 99
101 3
92 169
228 132
152 165
182 212
137 228
34 157
44 139
137 44
162 156
181 252
166 220
197 116
24 38
94 38
17 169
215 231
225 150
22 99
26 225
42 144
213 181
87 179
195 244
7 136
191 205
35 155
225 153
139 44
163 222
170 15
222 34
14 227
40 149
263 3
59 249
100 145
224 156
16 100
96 160
14 43
21 261
217 47
20 40
0 45
190 120
205 238
6 45
227 13
98 221
74 196
171 135
36 28
190 79
48 216
166 149
38 152
135 142
10 101
30 34
162 258
156 133
168 219
6 228
172 130
212 54
228 9
180 213
228 7
24 98
192 205
259 160
25 225
228 136
36 94
73 241
23 39
50 88
191 205
233 85
80 189
258 164
160 158
255 47
262 144
227 141
119 192
3 136
168 147
45 218
208 60
16 100
160 223
100 14
31 96
144 100
208 187
0 45
148 40
89 48
6 45
142 43
160 31
201 69
188 81
235 210
228 129
45 2
193 119
227 13
5 45
69 74
37 221
35 131
10 171
86 232
181 251
214 178
39 23
86 53
135 138
134 228
220 166
259 31
77 66
39 94
50 126
37 94
179 214
55 212
2 45
182 124
92 42
225 153
75 68
95 163
201 196
133 45
25 164
83 58
92 43
59 249
45 218
208 60
13 170
223 158
199 72
134 45
174 217
208 187
172 0
82 187
16 100
147 261
14 100
225 94
196 201
24 261
44 91
190 80
89 48
57 84
240 75
35 222
138 228
27 97
99 20
28 260
92 168
251 54
172 130
23 166
137 228
37 221
126 51
161 29
65 78
204 192
103 89
67 203
4 172
179 214
101 134
40 220
18 168
99 149
225 153
99 147
224 155
69 201
161 222
88 177
22 40
131 263
147 41
235 82
172 8
170 140
223 158
227 141
58 210
227 143
62 121
45 91
60 82
206 237
134 172
170 142
33 158
170 13
134 24
235 210
129 101
4 263
193 119
13 100
85 182
74 196
36 221
194 202
63 206
219 42
192 78
263 135
182 212
242 72
135 139
76 194
220 166
159 259
11 171
103 89
8 228
180 86
73 242
166 23
220 167
168 145
169 92
44 136
36 258
219 100
138 101
211 183
177 215
40 149
43 219
58 250
235 82
81 187
13 170
32 32
170 14
20 261
100 16
121 189
0 45
228 128
79 110
223 158
100 141
222 224
227 144
135 45
44 91
41 146
89 48
22 167
25 38
222 161
101 138
31 33
202 68
9 171
213 105
205 192
167 220
196 117
165 24
94 37
76 194
216 230
192 204
192 77
166 220
101 8
164 221
87 179
23 39
220 167
65 78
156 162
44 136
226 20
224 155
11 228
212 183
100 13
101 131
169 92
185 123
82 108
208 61
200 197
223 157
141 100
134 20
227 143
228 1
218 172
21 167
227 16
96 31
141 227
32 159
73 197
151 134
209 108
228 129
1 172
185 210
50 215
183 211
11 101
36 222
163 258
225 26
42 92
182 251
8 263
85 182
179 87
164 94
194 203
25 98
132 159
132 32
152 98
101 8
4 172
137 101
228 7
215 51
251 181
156 162
136 171
171 139
33 30
74 69
45 5
76 240
66 119
128 172
80 189
36 155
172 8
201 197
161 222
171 256
185 83
174 216
1 101
91 45
81 187
164 26
210 58
14 170
159 32
227 144
261 151
235 209
122 186
263 131
149 40
25 37
172 5
138 228
100 219
147 99
190 79
92 169
182 251
220 40
196 117
214 179
135 139
203 67
93 39
11 44
65 205
34 29
178 253
37 94
165 151
228 7
172 3
145 41
29 35
79 190
147 226
91 228
127 175
5 172
25 165
4 101
169 92
207 63
91 44
172 8
257 166
98 94
100 13
58 210
206 111
82 60
136 128
20 167
27 37
158 96
199 72
97 222
13 43
134 23
226 146
80 62
136 3
246 192
164 25
6 45
169 143
95 36
19 226
260 154
99 21
182 251
220 40
166 150
200 241
45 131
42 17
152 225
22 226
205 192
220 39
76 66
4 172
10 228
244 70
166 93
101 132
168 92
156 260
147 226
94 164
254 48
35 95
152 38
211 184
2 45
228 2
234 83
152 260
140 43
95 161
198 72
134 19
37 26
2 101
218 172
121 61
174 90
210 59
100 141
97 222
40 130
208 187
227 145
168 20
136 3
185 210
112 204
84 183
47 255
95 36
202 68
27 260
21 226
18 41
215 177
244 195
101 138
262 13
169 144
161 30
226 149
225 23
29 161
169 17
138 135
199 115
54 212
220 166
228 6
168 92
190 206
12 171
154 98
42 143
135 15
202 113
57 211
129 172
79 190
107 210
8 44
140 43
95 161
43 142
185 83
153 37
209 186
263 1
121 61
144 227
134 148
141 43
95 97
100 16
135 45
82 236
207 189
218 43
22 167
204 239
34 222
228 12
155 224
131 164
225 26
233 212
19 41
134 136
183 212
11 101
140 262
169 144
161 30
193 204
10 171
98 24
203 193
94 165
38 24
150 166
45 130
18 169
150 226
133 156
194 76
98 27
169 16
142 135
165 152
67 118
263 5
19 168
91 44
81 188
166 130
157 97
15 43
45 6
48 89
101 129
90 173
40 20
100 144
186 209
129 42
32 32
70 73
97 156
36 27
147 168
3 263
101 3
26 37
172 6
228 12
220 226
75 195
133 27
148 99
64 205
177 88
166 150
201 241
163 95
68 75
229 90
160 259
24 98
215 104
7 228
131 45
9 228
23 39
220 166
228 6
29 35
133 156
139 44
94 164
49 127
262 142
165 152
149 166
42 219
57 250
147 226
25 133
13 170
98 94
140 100
223 32
100 15
82 59
263 1
0 228
17 100
21 134
227 15
32 159
43 141
135 45
154 36
188 80
217 174
21 167
26 37
160 96
170 142
156 224
37 131
207 189
211 106
101 4
134 136
228 133
11 101
14 135
50 253
34 157
193 204
64 205
156 35
193 77
172 131
198 116
181 86
214 52
42 18
162 29
79 191
161 131
27 225
143 169
142 135
227 139
149 166
92 41
250 184
107 211
207 61
13 170
93 226
142 170
184 84
26 164
190 247
44 218
61 81
46 217
59 82
198 72
159 32
170 14
149 134
173 217
128 101
136 2
191 120
227 14
84 184
73 197
226 93
37 131
225 27
21 226
228 131
136 6
228 133
101 138
172 5
195 202
102 217
204 66
225 24
93 167
252 53
172 130
180 213
101 135
52 87
66 77
231 87
44 137
138 44
221 37
10 228
85 55
178 214
67 118
215 49
57 250
226 20
44 136
140 43
226 220
172 255
160 223
26 164
101 129
45 128
81 188
144 227
172 7
256 169
32 96
43 141
172 134
208 109
1 228
90 47
3 228
89 49
84 184
197 200
31 33
145 100
136 44
43 92
4 228
6 263
228 133
51 214
141 262
9 101
165 94
66 76
30 259
35 29
252 53
87 52
151 39
228 8
52 87
125 53
23 98
10 44
161 131
98 26
202 195
181 85
114 74
67 118
49 88
146 41
28 36
44 136
140 43
222 35
128 172
172 133
100 15
191 247
171 91
60 249
36 154
224 157
170 141
32 159
256 42
149 134
17 227
101 0
263 129
186 209
48 216
6 45
43 15
226 93
13 43
44 9
84 234
190 79
2 172
183 211
201 241
5 45
228 9
165 94
258 34
10 171
162 156
66 204
45 3
101 8
213 181
3 45
169 145
162 29
259 30
99 148
161 157
195 75
262 141
178 214
211 183
136 133
64 79
148 226
62 80
74 69
158 33
139 100
33 96
26 164
167 21
172 1
101 128
236 81
59 82
43 14
32 96
42 129
224 30
236 208
0 228
128 45
82 186
15 100
135 145
73 197
99 220
38 130
207 189
170 218
130 101
45 2
22 166
139 228
262 14
137 228
94 37
21 226
151 225
231 214
77 66
172 130
70 243
24 39
137 262
125 53
167 93
171 10
149 226
165 221
49 126
14 262
74 241
183 84
168 93
228 4
162 28
98 27
19 99
162 222
197 73
84 57
216 49
120 191
171 91
81 188
81 109
134 172
100 143
96 96
169 256
97 157
17 227
228 0
129 136
82 186
37 153
57 83
15 170
98 220
196 201
9 171
28 163
130 101
89 49
67 245
113 202
55 85
49 254
30 34
99 21
64 206
214 104
252 53
135 10
243 197
116 198
45 131
252 179
231 88
191 205
77 66
102 90
169 17
36 95
114 74
68 118
168 93
4 101
28 35
207 62
195 75
226 220
43 142
45 6
100 14
247 64
43 218
147 41
45 217
8 45
41 256
32 159
43 141
45 7
27 164
167 20
0 45
2 228
227 15
261 19
255 172
94 98
170 13
28 97
147 99
184 250
2 172
245 194
215 178
212 55
16 169
94 37
162 258
44 10
87 232
101 6
9 262
8 228
151 165
52 87
101 134
231 88
44 137
11 171
165 221
144 169
54 213
101 11
150 166
215 50
56 251
162 28
27 225
99 146
33 31
43 142
17 262
176 216
130 228
217 47
41 20
45 218
187 209
16 100
223 158
43 141
82 59
100 17
81 61
171 218
2 228
175 89
32 223
170 142
33 158
257 39
81 61
163 155
130 101
2 172
101 5
152 165
5 45
195 201
91 101
171 12
260 156
156 35
125 181
220 39
85 181
24 38
138 262
193 203
35 156
205 65
132 33
26 225
101 9
86 54
179 214
195 244
45 129
19 168
99 148
171 9
19 99
227 219
228 139
183 84
239 204
210 185
43 219
41 20
82 108
135 172
16 100
96 160
142 100
134 21
37 27
147 167
172 218
247 190
164 26
96 32
72 198
30 97
74 196
28 97
234 210
168 19
263 132
149 39
165 25
132 172
101 137
157 161
20 226
10 171
226 150
181 252
136 135
212 54
115 199
45 131
7 101
103 215
132 158
204 193
152 98
76 67
4 172
73 241
182 85
2 45
41 18
226 21
44 136
99 146
224 155
11 228
34 95
164 152
40 149
216 47
122 59
227 18
172 8
13 170
32 159
14 43
210 186
37 27
128 228
128 136
148 40
48 216
58 83
171 128
221 225
69 74
155 224
226 146
79 63
169 219
57 84
113 202
45 132
201 69
218 228
162 258
190 79
92 168
169 18
3 172
101 8
38 151
262 11
52 253
166 93
226 150
204 193
30 161
228 135
262 140
73 241
85 55
129 172
101 131
219 169
133 154
163 131
31 160
74 69
45 6
176 215
40 149
263 3
189 207
19 99
29 224
130 40
96 31
199 199
7 172
143 100
1 101
45 0
128 101
206 238
83 185
128 44
34 222
13 43
134 24
108 83
185 250
92 169
22 167
152 165
55 85
127 48
94 37
99 20
63 206
156 35
124 181
40 93
55 85
165 24
53 86
67 76
152 225
137 171
132 32
98 25
76 67
139 135
242 200
85 55
40 220
228 5
42 219
206 63
75 68
95 163
138 101
222 34
88 177
58 210
219 170
80 189
108 209
60 81
200 197
32 32
71 199
261 147
143 100
62 121
45 0
148 40
89 47
223 159
14 100
225 94
13 43
172 135
163 155
62 207
92 169
119 66
177 88
135 143
196 201
33 157
44 139
225 25
226 149
251 55
51 215
196 117
228 10
94 37
51 253
215 230
259 32
44 11
152 98
126 178
139 135
101 10
196 244
263 8
55 251
42 219
63 79
36 258
31 160
47 127
211 183
240 203
210 184
43 219
101 129
27 36
224 156
73 70
32 159
72 71
20 261
37 26
101 128
45 0
62 248
26 37
134 147
44 256
222 224
167 257
24 261
36 27
58 123
45 1
4 228
215 177
132 172
74 196
31 33
139 171
190 79
42 92
182 251
130 45
196 117
101 137
164 94
203 67
216 230
192 204
77 65
161 157
51 126
37 94
151 38
244 69
135 263
251 182
219 169
63 79
67 202
31 160
174 254
172 132
38 25
193 246
216 48
2 101
218 171
45 135
130 40
31 223
198 72
261 147
227 143
248 62
218 172
187 209
143 227
147 261
14 100
159 159
200 70
81 60
226 146
189 80
131 136
149 40
203 240
45 132
47 254
95 36
202 68
206 190
28 162
55 124
220 40
85 182
165 24
37 221
76 194
89 103
65 77
192 77
215 103
76 67
86 53
53 86
55 212
40 220
145 41
105 213
9 44
36 258
224 155
16 42
55 212
177 215
101 131
4 136
62 80
28 36
28 224
140 43
95 161
171 256
134 45
227 143
167 21
0 172
40 21
79 110
31 223
71 72
223 31
144 100
208 187
209 108
186 249
131 136
65 246
88 50
262 16
196 201
100 219
195 202
190 79
155 35
251 55
135 136
166 150
115 200
37 221
178 126
225 25
138 171
44 10
24 225
135 101
135 12
72 242
212 182
172 3
251 181
22 99
25 225
35 258
37 94
175 254
35 95
100 13
40 149
42 219
185 123
226 19
152 261
144 227
30 224
170 15
210 185
227 143
40 148
173 217
101 1
110 207
148 261
72 72
33 223
200 70
224 29
27 163
129 101
89 48
167 149
76 112
222 161
74 196
28 97
12 44
225 26
106 85
228 131
136 7
55 85
52 214
13 135
228 8
161 30
99 22
192 78
103 88
17 42
180 86
180 213
101 135
3 45
54 252
168 92
44 137
147 226
154 97
169 16
262 142
25 165
22 40
129 172
79 190
36 155
208 61
144 227
33 31
170 15
133 45
206 111
190 247
172 91
61 248
237 80
59 83
170 129
158 223
170 13
172 135
36 27
101 1
130 136
185 210
77 112
34 222
128 47
95 36
75 195
260 154
226 148
145 168
93 167
195 117
73 114
54 86
177 126
216 229
11 44
192 78
161 156
228 134
11 262
101 9
101 135
172 3
101 133
35 156
98 25
35 258
94 164
16 42
212 182
202 113
118 193
5 136
19 168
107 210
260 25
39 257
161 222
140 100
32 96
37 26
2 101
136 128
228 0
207 237
134 172
43 14
222 224
16 227
156 224
163 154
122 186
47 216
83 185
227 14
95 34
12 101
222 163
75 195
225 26
212 106
205 191
172 129
101 6
138 228
262 13
194 202
34 157
22 226
98 151
220 40
134 101
45 4
115 72
116 197
220 166
42 18
29 35
191 206
131 35
161 157
228 137
132 45
139 100
22 39
45 129
146 41
171 91
152 260
170 140
33 31
142 170
134 19
48 89
101 129
0 172
147 40
164 27
261 21
42 256
33 223
256 41
45 8
109 81
20 41
174 90
191 119
204 239
45 133
228 12
99 220
171 12
133 27
226 148
205 191
129 45
118 68
11 101
45 131
42 17
217 229
149 99
259 158
225 151
252 52
131 45
180 213
228 8
45 130
77 192
150 226
171 10
44 12
91 228
169 16
15 262
25 165
149 166
169 92
184 123
36 155
97 28
74 69
225 221
170 15
19 261
153 37
82 59
0 45
101 0
236 80
172 7
199 198
32 32
143 100
261 150
45 90
187 249
91 171
58 83
26 37
223 160
73 197
222 162
171 12
80 62
21 226
191 79
129 45
39 23
51 214
163 95
68 75
26 98
66 77
78 64
104 87
101 7
87 52
136 101
228 8
130 172
101 133
104 214
260 29
171 138
37 94
143 169
45 5
75 240
132 228
45 129
19 168
211 234
207 61
38 257
33 31
227 140
33 96
153 37
190 247
46 90
249 188
90 46
186 209
72 71
159 96
43 141
187 82
145 100
101 1
128 45
167 148
239 77
84 184
43 15
220 226
139 171
260 153
106 84
79 64
172 129
211 56
87 51
135 141
68 75
225 26
149 99
157 132
220 40
66 204
87 52
151 39
116 198
39 221
101 133
162 29
78 191
203 194
37 94
176 254
55 212
25 165
211 183
2 45
130 228
211 234
224 154
165 130
162 222
100 13
160 223
205 111
101 129
171 91
122 60
109 208
261 22
169 129
159 96
41 129
157 224
236 208
122 187
136 2
247 191
216 176
135 145
139 227
33 158
201 69
153 133
28 163
4 228
136 6
101 6
152 165
85 181
101 136
34 157
66 76
137 44
93 167
101 7
3 172
213 54
39 151
262 10
53 252
35 156
98 24
44 11
30 161
9 228
54 212
87 178
84 56
88 176
79 190
84 107
171 9
18 100
158 33
12 227
57 211
164 153
209 186
136 129
249 187
36 154
30 224
14 170
159 223
14 43
7 172
217 46
208 188
172 128
101 3
175 89
84 184
100 139
222 162
201 69
9 171
211 107
250 57
176 88
194 118
139 228
36 222
195 202
165 94
66 76
171 137
29 162
180 252
45 3
86 181
228 9
94 38
77 193
225 23
157 259
21 99
229 217
49 127
5 172
87 178
6 101
263 6
168 146
155 163
44 136
196 74
31 160
128 173
223 33
112 77
120 191
218 171
208 61
173 90
186 209
198 72
159 159
170 14
224 30
227 144
41 147
45 1
2 228
216 175
18 135
142 43
29 97
165 257
26 260
84 234
101 3
2 172
22 166
228 12
182 212
228 10
153 225
258 34
205 191
23 226
125 180
52 214
54 86
116 198
130 172
169 145
151 225
137 171
171 138
38 94
176 253
212 181
101 11
211 183
93 41
19 168
92 43
153 260
99 146
99 93
12 227
145 135
204 112
247 64
47 90
128 228
163 27
97 30
141 43
96 223
43 141
172 134
163 154
40 147
2 263
21 167
216 175
223 159
13 100
160 31
165 257
171 136
218 43
57 123
129 45
56 84
227 12
55 85
228 10
164 94
21 226
133 29
156 35
101 6
135 10
70 243
71 116
138 262
179 125
231 88
78 191
44 11
217 102
136 101
54 213
214 51
150 166
215 50
101 131
21 99
80 189
68 202
97 29
173 255
17 262
112 77
3 101
170 91
249 187
100 145
134 150
129 41
96 223
43 141
30 97
80 237
121 188
46 217
2 228
142 227
96 32
128 45
224 30
100 18
152 133
226 147
250 57
176 89
84 184
88 51
45 132
16 169
157 161
44 139
191 79
23 226
77 65
166 220
243 197
115 198
172 4
204 66
151 225
171 10
11 171
98 26
9 228
163 222
11 228
56 211
136 134
131 228
21 99
44 136
202 195
222 35
73 70
6 172
89 176
58 210
130 263
41 20
27 36
172 8
141 43
95 224
71 72
158 223
46 90
20 40
173 90
63 247
100 142
133 172
198 199
98 221
196 201
208 188
210 107
101 3
169 219
22 166
75 113
35 222
16 169
225 27
99 21
98 152
29 162
125 181
136 135
54 85
242 72
172 4
228 7
29 35
31 132
204 193
26 225
17 42
213 181
24 165
228 6
45 129
131 228
92 42
26 225
171 139
226 219
200 197
222 34
37 26
3 101
172 1
62 80
45 218
60 82
197 73
160 223
141 170
59 209
174 217
208 187
263 128
59 82
205 238
96 32
198 199
160 31
13 43
171 135
20 226
41 146
45 2
211 57
152 165
45 132
10 101
37 221
258 35
260 156
41 92
145 169
45 3
197 116
115 199
86 180
179 125
230 88
44 137
171 138
152 98
203 194
131 45
165 151
182 85
45 129
101 131
233 85
260 27
37 258
222 36
16 43
34 95
100 14
167 22
1 45
41 20
27 36
60 81
73 70
158 96
141 100
158 223
90 174
20 40
218 45
129 101
89 48
146 261
140 227
97 157
257 39
135 44
44 91
228 129
2 172
57 84
25 38
45 132
42 16
34 157
20 226
152 225
226 149
169 18
45 3
166 150
53 213
94 37
179 126
93 39
259 31
226 22
89 229
253 50
45 4
52 87
23 39
40 220
78 191
35 155
80 190
226 19
97 28
16 42
262 144
239 203
119 192
175 216
228 2
91 45
45 135
16 100
159 32
170 14
96 158
217 47
187 81
172 218
60 82
174 89
32 223
255 171
31 33
43 140
8 172
146 99
41 146
216 175
66 246
215 177
162 95
228 11
27 97
203 67
28 260
232 213
5 228
172 130
101 7
165 24
12 135
203 67
220 166
65 78
77 65
93 166
135 101
164 221
228 137
101 134
130 172
168 145
226 22
190 206
36 258
160 158
228 138
211 183
177 215
131 228
45 128
168 147
209 235
208 60
43 13
160 223
141 170
185 83
227 143
228 1
0 136
187 209
237 79
172 7
71 72
33 158
130 166
134 24
19 226
41 146
128 45
57 83
88 50
132 172
16 169
218 227
67 76
44 9
162 156
124 182
45 3
134 101
38 151
131 172
135 228
166 93
150 99
150 226
89 230
17 42
53 213
87 179
101 134
167 93
55 251
155 162
206 63
202 195
97 28
169 16
84 56
203 113
40 149
263 4
62 80
163 27
134 151
13 170
95 224
141 170
31 96
110 79
248 62
136 0
248 189
217 174
7 45
129 44
95 97
144 100
155 224
146 99
129 101
172 128
131 101
215 177
5 45
201 69
31 33
163 258
153 225
213 105
192 78
130 45
101 7
242 72
45 131
228 8
225 25
32 132
192 77
157 34
76 67
86 53
115 72
244 69
220 167
65 78
213 232
225 153
202 194
224 155
228 138
56 212
165 152
184 83
128 172
62 80
82 108
208 61
197 73
33 95
15 43
31 96
47 89
128 228
263 0
148 40
237 79
172 7
170 129
31 96
73 197
135 45
27 163
228 129
175 89
58 83
240 76
132 172
74 196
224 28
139 171
206 190
219 42
205 191
88 50
196 117
200 242
86 180
8 101
103 216
77 192
159 132
220 39
126 178
135 12
24 165
212 182
130 172
101 132
92 42
25 225
12 171
218 100
11 228
45 5
100 13
167 22
131 263
228 2
171 91
97 28
227 17
34 95
256 44
223 32
100 16
248 62
0 45
81 187
47 217
83 185
141 227
160 96
70 73
208 187
45 91
101 2
128 45
149 40
164 25
172 5
16 169
163 95
44 139
206 190
233 212
168 18
177 88
134 101
151 165
53 86
76 194
39 220
99 22
78 65
161 156
194 76
53 213
53 86
55 212
172 3
54 251
41 219
155 260
194 76
218 100
16 42
132 45
75 240
246 66
2 45
63 80
28 36
25 134
227 17
30 224
15 43
261 147
37 26
121 189
217 46
62 248
16 100
134 172
170 129
96 158
43 140
60 208
108 82
20 41
170 219
192 119
88 49
262 17
254 174
100 219
139 171
9 171
226 148
64 205
177 88
117 69
165 24
181 213
228 8
89 102
159 259
31 259
230 215
67 203
221 37
53 86
228 8
136 262
169 145
213 232
29 133
226 20
91 228
137 101
35 95
38 25
246 66
92 42
206 63
218 171
260 25
74 69
158 33
255 44
159 223
15 227
63 120
172 0
61 248
227 17
134 172
170 141
223 31
16 227
45 8
108 82
122 186
92 170
192 119
215 176
56 84
255 174
160 31
37 131
62 207
92 169
251 55
2 172
212 55
179 87
262 13
228 9
221 165
171 11
259 158
103 88
52 125
131 45
151 38
39 150
178 214
101 133
99 150
137 171
12 171
228 218
48 127
132 45
177 215
211 184
45 129
206 63
99 147
25 133
100 145
94 225
255 44
185 83
111 78
186 82
128 263
40 20
217 174
7 45
199 198
158 223
70 73
60 209
209 109
249 59
43 92
101 3
37 153
211 56
173 128
99 219
146 99
133 27
169 219
56 124
45 2
195 117
241 73
140 262
42 17
89 102
204 66
192 78
98 24
179 252
52 214
38 24
212 181
87 178
192 204
162 29
225 152
76 67
221 37
137 101
132 45
38 25
132 228
263 5
206 63
234 83
224 155
69 201
30 224
199 198
45 6
175 216
129 228
136 128
121 61
46 217
96 31
169 129
32 32
100 16
150 134
45 91
168 20
91 170
228 130
216 176
17 135
128 46
99 220
37 131
260 154
219 43
191 78
168 220
23 166
114 201
262 13
42 17
165 94
171 11
132 31
167 220
52 125
38 94
38 24
243 70
87 178
169 145
41 220
156 260
194 76
94 164
48 127
142 135
152 38
228 5
169 92
130 228
171 91
155 97
130 38
94 225
172 255
83 57
164 153
190 247
263 1
61 81
207 237
261 21
15 100
159 223
41 129
172 135
45 90
122 187
1 172
228 130
112 204
223 160
12 100
220 226
12 44
171 136
35 28
19 41
7 263
39 23
11 101
54 86
253 177
34 157
160 259
137 44
151 98
169 17
87 52
101 9
39 150
178 214
169 145
162 29
10 44
171 138
228 218
143 169
182 85
178 215
118 194
263 6
3 101
234 84
133 153
196 74
33 31
170 15
184 83
153 37
190 247
217 46
228 0
27 36
59 82
43 14
159 159
100 16
82 60
145 100
81 61
1 172
148 40
100 141
160 96
173 128
95 35
146 99
98 154
99 21
124 183
176 88
84 183
201 241
85 181
253 176
165 94
99 22
10 171
87 231
252 53
130 45
136 101
150 166
39 221
125 53
231 87
30 132
99 148
98 26
169 16
5 172
241 201
101 132
89 176
101 130
226 20
80 189
100 145
156 97
200 197
84 57
164 153
101 129
263 2
0 228
163 27
30 224
142 227
32 223
71 72
172 134
227 145
1 228
171 218
120 64
37 153
160 96
200 70
99 220
140 170
225 27
84 234
19 41
49 215
245 194
241 74
172 5
254 176
38 221
226 148
64 205
104 87
228 134
94 165
136 101
101 135
221 166
145 42
156 162
225 151
34 258
38 94
202 195
5 172
214 51
67 118
129 172
130 228
226 20
27 224
18 100
226 220
200 197
33 96
111 78
82 59
91 44
187 122
90 46
30 224
43 14
159 159
142 100
134 22
100 17
228 0
172 128
130 101
216 175
96 33
139 227
93 99
227 145
171 136
170 219
130 101
6 263
166 149
178 87
163 95
101 136
26 98
171 11
64 205
35 29
133 101
94 165
243 198
198 243
179 214
66 77
156 162
137 171
259 161
221 38
176 254
212 181
114 74
183 84
45 129
4 101
36 155
62 80
170 140
99 93
15 43
262 145
37 26
64 120
2 136
101 128
100 145
261 22
41 256
159 32
141 170
149 134
144 100
249 60
46 217
148 40
216 175
18 135
43 15
35 222
13 43
154 224
20 226
130 101
219 41
118 67
114 201
45 132
169 143
94 37
138 171
78 64
231 214
42 145
87 52
228 135
213 180
52 87
228 7
225 24
259 30
11 171
102 90
228 136
262 141
178 214
183 84
2 45
79 191
99 148
44 136
139 44
224 156
142 170
96 160
100 14
3 101
218 171
81 188
81 109
45 134
43 14
159 96
43 141
134 45
236 207
81 61
173 90
82 186
37 153
33 223
142 43
95 35
38 130
188 80
20 226
123 184
136 6
211 56
113 202
95 35
195 202
228 91
194 203
25 98
99 23
6 228
137 135
228 135
53 213
45 131
204 66
225 24
225 151
132 33
94 165
50 126
36 95
74 241
68 118
93 41
168 146
170 92
27 225
171 139
158 33
43 142
262 144
153 37
130 228
130 263
101 128
208 236
30 224
129 41
96 223
170 14
97 157
207 109
121 188
173 90
247 190
100 142
19 134
43 15
158 160
257 38
44 8
155 36
130 101
263 132
149 39
165 25
35 222
49 254
34 157
258 35
79 64
23 226
65 204
166 220
150 39
101 136
45 131
52 252
162 29
132 158
99 149
102 90
202 195
262 140
214 52
39 150
7 136
19 168
233 85
27 225
12 171
222 35
255 46
183 84
153 37
3 101
3 136
20 168
163 27
172 8
41 256
32 32
141 170
96 158
154 37
121 188
1 263
101 2
78 111
146 261
142 43
225 94
170 13
135 44
107 83
123 184
263 132
149 39
139 227
45 132
42 16
98 154
67 76
64 206
23 226
145 169
87 51
243 197
151 165
138 262
169 144
29 35
225 150
132 33
89 229
194 75
86 54
241 200
39 150
177 215
78 191
212 233
9 44
226 19
226 219
46 128
95 161
215 49
130 228
91 43
186 122
227 18
45 135
41 257
96 31
256 43
158 223
27 164
188 248
46 217
148 40
37 153
146 261
227 13
34 222
170 13
28 97
218 44
63 206
172 129
211 57
227 12
45 132
127 48
221 164
99 20
206 190
86 232
125 181
9 262
54 85
180 86
135 138
66 76
88 103
65 78
33 259
30 161
253 50
135 13
200 114
55 212
167 93
228 4
28 35
260 27
99 146
28 224
138 101
183 84
49 88
58 210
43 219
228 1
172 91
81 187
167 130
32 32
198 199
134 45
80 237
20 40
263 128
101 2
175 89
83 185
128 44
97 157
144 100
260 152
19 226
2 228
219 42
211 57
227 13
222 162
42 16
94 37
67 76
171 137
105 86
42 145
45 3
244 197
24 38
131 172
126 52
29 34
259 31
226 22
229 216
194 76
135 13
101 11
134 228
7 136
182 124
35 155
63 80
139 44
155 97
74 69
172 133
112 76
101 131
89 175
186 122
27 36
208 60
200 197
95 224
14 43
31 96
90 174
208 187
136 1
121 62
16 100
83 185
43 15
97 157
69 74
134 25
99 19
190 80
172 129
131 101
50 215
5 45
228 11
91 100
203 67
152 225
168 219
124 181
130 45
23 166
115 199
12 135
228 8
151 225
99 23
226 22
30 161
178 253
45 4
228 137
85 55
220 167
251 182
28 35
136 171
163 131
163 222
69 201
143 135
239 203
4 101
216 48
189 207
146 226
156 97
140 43
159 159
227 141
210 185
206 110
248 62
90 45
21 167
216 174
32 223
100 141
221 225
74 197
151 134
163 155
168 19
4 263
4 228
215 177
161 95
254 175
28 97
44 139
152 225
22 226
5 228
135 136
166 150
213 180
262 12
101 135
230 88
171 11
171 138
93 166
67 203
94 164
242 200
212 182
220 167
18 168
219 169
155 260
99 147
92 227
228 138
222 34
165 152
131 228
45 128
41 20
45 218
60 81
257 167
224 222
43 129
134 45
26 164
189 248
45 217
128 101
237 79
20 134
43 15
221 224
130 167
45 8
108 82
207 189
263 131
66 246
13 100
16 135
127 47
31 33
36 131
28 260
42 92
132 101
178 88
7 228
214 179
262 12
76 194
230 89
226 150
65 204
103 89
101 8
213 180
214 52
166 23
178 215
145 41
22 99
28 133
67 202
36 94
127 174
56 212
88 177
66 119
43 219
41 19
146 226
61 81
40 257
32 159
100 14
31 96
174 217
82 60
0 45
187 209
79 110
172 7
170 129
223 31
170 13
261 151
226 146
189 80
216 175
228 131
165 25
143 262
143 42
224 28
163 258
225 26
149 99
101 5
45 3
196 117
10 101
172 4
101 135
103 216
159 259
77 65
34 29
169 17
53 213
165 151
228 7
178 215
251 182
35 156
136 171
139 44
28 224
196 74
172 132
203 113
22 40
48 89
146 41
36 155
155 97
100 144
221 98
199 198
185 83
237 206
60 209
263 0
101 1
79 110
147 261
199 71
32 32
170 13
8 172
209 108
62 207
1 172
101 4
76 112
84 183
138 228
100 219
12 44
171 136
162 155
182 251
130 45
134 101
52 214
53 86
203 67
161 30
159 259
78 65
220 39
76 67
37 94
180 213
101 134
51 88
168 145
219 168
63 79
44 12
94 164
127 175
55 212
100 13
22 40
263 4
190 207
44 218
208 61
43 13
221 98
171 255
223 32
174 216
189 248
45 218
40 21
174 90
83 185
227 14
97 222
73 197
8 172
27 163
2 228
48 216
58 83
112 203
56 84
143 42
28 97
258 36
260 154
162 155
228 131
263 134
85 182
24 38
172 4
144 42
39 221
22 226
158 132
220 39
144 169
135 11
10 228
212 182
9 135
18 169
162 29
156 260
162 131
37 94
127 175
45 5
240 202
167 22
132 263
250 185
210 234
81 188
227 17
30 224
171 255
185 83
111 79
247 63
172 91
81 187
154 164
158 96
170 141
223 31
143 100
23 261
145 100
80 62
43 92
167 149
100 141
172 6
197 201
31 33
195 202
44 9
106 85
228 131
177 88
212 55
151 165
181 213
9 101
25 98
171 11
78 65
88 230
179 252
38 94
136 101
243 70
136 262
228 6
168 92
25 225
162 131
94 164
10 228
132 45
50 88
22 39
216 49
123 58
44 218
135 171
69 201
34 95
142 170
146 134
142 100
82 59
90 173
167 147
164 27
59 82
100 142
160 96
257 41
8 172
227 145
186 249
263 130
65 246
112 204
95 34
70 73
163 95
12 44
26 98
92 169
124 183
7 263
39 23
200 241
36 221
253 177
102 216
138 171
225 23
156 35
7 228
172 131
38 24
166 23
262 9
204 65
219 168
10 44
258 162
37 94
74 68
85 55
152 38
118 194
263 5
79 190
91 44
135 171
13 170
222 34
255 45
19 261
100 15
40 148
45 0
40 20
227 17
158 96
227 15
33 223
70 73
135 45
154 36
147 168
1 172
58 83
77 112
135 144
255 173
226 93
37 131
80 62
43 92
124 183
50 215
166 150
165 25
86 181
9 101
153 225
171 11
225 24
98 24
204 193
262 138
151 38
197 243
93 39
145 42
226 23
98 25
67 203
225 154
16 42
45 5
240 202
194 245
132 263
57 250
210 234
260 25
196 74
95 161
142 170
19 261
89 175
186 82
1 136
0 228
227 17
134 148
199 198
32 96
143 100
172 135
154 36
101 1
3 263
130 101
112 204
6 45
100 139
226 93
44 139
44 9
28 162
101 4
136 7
118 68
101 138
213 54
177 126
161 30
171 11
137 44
215 104
144 169
87 52
116 71
70 116
220 166
192 204
220 168
260 29
226 21
98 27
137 101
162 222
178 215
67 118
89 176
206 63
99 147
44 136
74 69
34 95
15 43
6 172
26 164
129 228
263 2
188 121
36 154
97 30
15 100
32 159
43 141
30 97
154 36
168 20
174 90
185 210
227 14
84 184
73 197
222 162
258 37
26 260
226 148
124 183
172 129
84 183
101 138
163 95
176 126
26 98
44 138
64 205
231 214
193 77
137 135
213 53
166 23
130 172
42 18
150 226
151 98
11 171
90 228
68 202
5 172
214 51
39 149
49 89
63 79
155 163
224 154
43 13
160 158
15 43
33 96
111 78
40 148
136 129
20 168
236 81
134 172
14 170
96 223
100 16
224 30
173 217
228 128
217 174
120 64
89 49
6 45
139 227
93 99
38 130
9 171
28 163
19 41
41 92
67 245
228 11
95 36
253 176
165 94
34 132
157 132
23 225
18 42
214 179
243 198
213 181
3 45
180 125
23 98
157 259
11 171
38 94
75 68
163 222
51 87
245 67
136 133
57 250
107 211
62 80
74 69
226 220
100 12
84 57
205 111
130 228
218 171
60 249
208 236
134 149
169 129
96 223
72 198
186 82
27 163
188 81
174 90
209 59
153 164
57 84
73 197
160 31
38 130
153 133
36 28
19 41
6 263
67 245
38 152
141 262
68 75
165 94
193 203
132 30
29 162
180 252
38 94
39 24
71 116
52 87
77 193
98 150
259 30
161 132
30 161
101 9
163 222
228 138
101 133
92 41
146 41
170 92
225 154
130 38
93 226
173 255
262 145
153 37
167 21
174 217
60 249
217 173
59 82
199 198
223 159
71 72
82 59
100 17
0 228
128 45
148 40
100 142
133 172
15 170
95 35
257 38
27 97
20 226
79 63
6 263
39 22
214 178
35 222
49 254
217 228
171 11
132 30
156 35
193 77
10 262
86 181
24 39
221 165
252 180
24 98
10 44
21 99
165 221
169 16
14 262
74 241
56 211
45 129
183 124
155 162
98 27
131 37
156 97
227 139
135 18
204 112
120 191
218 171
147 41
208 236
187 209
200 198
159 32
227 142
261 149
46 90
228 0
217 173
228 129
37 153
223 160
255 172
220 225
201 69
97 154
43 91
79 63
176 89
228 132
152 165
132 172
143 42
91 101
131 161
225 25
231 214
6 228
130 45
86 181
24 39
214 52
17 169
93 40
171 10
11 171
229 217
101 9
36 95
38 25
245 68
2 45
4 101
21 99
207 62
12 171
97 29
200 197
160 223
239 204
148 167
1 45
20 168
236 81
224 157
16 100
159 223
169 256
7 172
217 46
0 228
90 46
2 228
26 37
159 96
71 73
161 95
74 196
80 61
234 210
79 63
176 89
67 245
25 38
85 182
254 176
218 228
258 35
152 225
99 23
228 133
39 93
101 8
136 228
179 214
179 125
225 24
44 137
33 259
102 90
101 9
222 36
114 74
68 118
45 129
101 131
219 170
80 189
75 68
29 224
228 139
6 172
204 112
228 3
3 136
168 147
90 45
150 261
100 143
31 223
14 43
158 223
100 17
0 228
217 173
186 209
142 227
134 146
72 198
225 94
145 100
188 81
163 155
79 63
45 2
101 5
38 152
135 142
42 16
94 37
21 226
98 152
156 35
228 133
135 9
54 85
228 9
172 4
66 76
24 98
225 151
171 138
98 26
228 136
36 94
52 87
244 68
50 88
205 64
233 85
27 133
19 99
36 95
255 46
135 17
227 141
167 22
170 91
228 1
209 236
156 97
43 14
159 32
170 14
209 186
207 110
20 40
45 0
101 2
175 89
32 223
199 71
160 31
18 227
44 8
210 107
19 41
136 5
118 66
88 50
262 15
69 74
98 154
35 131
260 156
226 150
133 101
93 166
150 39
9 101
221 165
76 193
88 103
10 44
204 193
152 98
194 76
140 135
52 87
6 101
40 220
18 168
155 162
225 153
44 12
36 95
47 128
133 45
100 14
83 58
136 130
228 1
145 227
135 172
143 227
32 159
14 43
45 7
174 217
167 20
172 218
101 2
153 164
134 146
15 170
95 34
74 196
188 81
234 210
101 2
136 5
132 101
215 177
15 135
143 42
157 161
67 76
137 44
92 168
101 5
51 214
39 23
151 165
131 172
228 7
225 24
158 259
193 77
161 157
76 67
45 4
114 73
228 7
136 134
18 168
85 106
98 26
146 226
28 224
11 228
84 56
49 88
22 40
175 216
168 147
218 172
23 134
43 13
32 159
43 129
148 134
237 207
208 187
218 45
248 189
37 153
7 45
44 255
95 34
39 130
152 134
44 91
63 207
132 136
149 40
50 215
262 16
74 196
154 224
20 226
133 28
41 92
65 205
9 262
228 134
24 38
12 135
228 8
230 88
226 150
32 259
34 30
17 42
135 12
242 200
228 7
263 8
5 101
226 22
79 190
20 99
97 28
196 74
172 132
100 13
40 149
175 216
129 228
99 146
29 224
167 130
159 159
170 256
210 185
79 237
208 187
218 45
82 187
110 206
134 172
71 72
97 157
170 13
24 261
163 155
146 168
175 89
184 210
25 38
161 95
143 42
221 163
99 20
79 63
92 169
54 124
3 172
85 182
38 151
4 45
228 8
230 88
32 132
138 44
161 157
169 17
53 213
87 179
150 166
88 177
251 182
233 85
171 9
20 99
28 224
42 143
172 132
240 203
228 4
4 136
62 80
91 45
224 156
200 197
33 96
71 199
134 45
90 174
82 60
172 90
209 60
37 153
210 58
142 43
159 31
197 200
28 97
226 146
41 146
216 175
228 131
76 113
143 262
101 138
100 219
20 226
79 63
35 29
5 228
93 167
228 134
38 151
86 180
67 76
230 89
204 65
44 11
216 103
51 126
94 164
24 165
166 23
215 51
101 132
162 29
79 190
139 44
155 97
138 101
56 212
240 203
83 57
4 136
250 185
171 91
81 188
73 70
222 33
142 170
134 20
16 227
167 21
172 217
209 60
110 206
83 185
198 199
160 96
167 257
187 81
235 209
80 62
216 175
167 149
227 13
95 34
74 196
28 97
75 195
260 155
99 22
55 124
215 177
166 150
115 200
213 53
228 8
230 89
226 150
77 65
103 88
194 76
131 45
53 87
101 134
220 167
5 101
213 232
206 63
194 75
163 221
228 138
143 135
13 227
228 4
48 89
189 207
226 19
155 97
17 100
158 33
199 198
147 134
110 79
82 60
172 217
40 21
174 90
83 185
129 43
159 159
257 40
8 172
163 154
168 20
219 43
131 101
215 177
161 95
228 11
28 97
226 147
9 171
169 219
145 168
130 45
85 182
214 179
45 131
126 51
161 30
77 192
226 23
220 39
126 178
86 53
165 151
85 55
215 51
18 168
232 86
25 225
194 76
30 160
143 169
45 5
88 177
246 66
42 219
185 123
155 163
28 224
166 130
98 94
128 171
96 159
100 16
228 1
173 217
60 81
80 110
261 21
43 14
97 222
43 140
135 45
99 19
122 186
89 48
101 4
152 164
95 34
169 143
219 227
171 12
225 26
21 226
191 78
167 220
228 134
228 10
131 172
194 203
216 229
204 66
158 132
156 34
169 17
131 45
101 10
212 182
172 3
65 78
22 99
133 156
20 99
218 101
254 48
162 222
13 227
22 40
169 92
58 250
28 36
134 152
69 201
160 158
170 15
133 45
111 79
148 167
0 45
121 61
207 237
223 158
170 141
222 224
140 170
134 23
145 100
207 189
89 47
131 101
239 76
144 262
11 101
227 92
37 131
154 133
226 148
145 168
7 263
23 166
241 73
181 213
194 203
34 157
171 11
171 137
34 29
7 228
4 172
24 165
228 8
166 93
6 101
162 29
190 206
44 12
218 101
42 143
222 35
240 202
166 22
92 42
168 146
210 234
25 133
257 166
222 34
227 140
96 159
78 238
247 63
91 45
101 0
207 237
209 59
170 141
32 32
16 227
156 224
154 36
228 128
89 47
130 101
14 100
34 222
128 46
31 33
131 164
171 136
92 169
191 78
263 134
39 23
151 165
94 36
42 17
157 161
226 149
205 192
151 98
7 228
45 4
213 53
166 23
135 136
125 54
99 150
25 225
131 35
37 94
201 196
95 162
165 152
22 39
216 49
206 63
36 155
188 208
69 201
31 160
172 255
172 133
111 78
209 186
0 172
61 81
144 227
148 261
71 199
158 223
43 141
150 134
81 236
186 249
217 174
83 185
89 49
45 133
139 228
158 160
164 258
225 27
219 43
251 56
41 93
183 212
241 73
13 135
228 9
165 94
99 22
151 225
156 35
204 193
45 4
165 151
85 54
130 172
65 77
214 232
225 152
12 171
225 154
75 68
182 85
75 240
194 245
49 89
123 57
107 210
155 97
201 196
95 161
128 172
184 83
227 142
228 2
136 128
228 0
227 17
59 82
169 129
96 159
73 197
23 261
163 154
20 41
136 3
83 185
89 49
6 45
170 142
95 35
171 12
44 9
226 148
168 19
168 220
56 84
241 74
222 163
202 68
225 26
226 149
225 24
29 162
252 52
138 135
101 9
150 166
220 166
65 77
104 214
133 156
11 171
154 98
176 254
45 5
38 25
118 194
263 6
57 250
91 43
26 133
227 18
158 33
13 227
19 261
15 227
247 63
45 128
61 248
207 236
45 134
42 256
32 159
100 16
209 187
81 236
128 101
45 1
130 101
26 37
33 223
139 227
158 160
37 131
225 27
84 233
4 228
172 129
133 101
87 51
172 5
228 9
225 26
132 160
205 191
156 35
101 7
10 262
86 180
101 135
3 45
101 133
87 104
44 137
194 76
221 37
101 10
85 55
51 87
84 56
45 129
206 63
107 211
80 189
130 38
35 95
170 15
135 18
153 37
21 40
91 44
147 41
227 17
22 134
42 256
159 223
71 72
224 30
208 109
101 1
1 172
40 21
49 216
133 172
46 255
222 162
170 13
9 171
21 226
206 191
2 172
39 22
201 241
85 181
169 143
225 26
226 148
98 151
150 98
252 53
52 214
181 213
135 228
3 45
125 53
104 214
24 225
66 203
157 34
68 202
14 262
101 12
132 228
219 168
130 228
234 84
80 189
130 38
222 35
142 170
96 160
227 142
3 101
263 2
101 0
217 173
149 261
71 199
32 159
100 15
224 30
17 227
147 168
90 47
167 148
238 78
57 84
142 43
31 33
227 145
207 189
163 155
123 184
133 136
6 228
51 214
5 45
16 169
217 228
34 131
44 10
23 225
53 125
87 52
101 9
213 181
172 3
133 228
98 150
157 259
132 34
225 153
254 49
36 95
74 241
56 211
133 263
146 41
219 170
171 9
38 257
220 99
173 255
96 160
77 239
64 120
129 263
208 61
18 100
7 45
43 14
32 159
71 72
157 224
27 163
168 20
91 171
191 120
78 111
160 96
13 100
162 95
170 13
9 171
163 155
101 3
219 41
228 132
38 152
162 95
228 10
164 94
171 11
64 205
99 23
204 193
94 166
135 101
53 213
94 38
145 42
35 156
225 151
193 77
94 165
75 68
45 5
165 152
228 6
172 2
79 191
28 35
62 80
226 19
160 158
200 197
135 18
153 37
64 120
263 2
187 122
208 236
82 187
73 71
159 32
227 142
186 82
100 17
147 168
128 45
209 59
164 26
145 262
142 43
97 156
201 69
260 153
155 36
206 190
2 172
183 211
240 75
212 55
195 202
225 27
171 11
225 25
23 226
6 228
52 214
135 101
228 9
94 38
66 77
40 220
137 171
226 22
157 34
195 75
172 132
51 87
6 101
134 263
101 131
211 233
44 136
19 99
95 162
142 170
17 262
26 164
247 64
45 128
228 1
36 154
45 135
129 41
223 96
227 142
261 148
17 227
0 228
0 45
209 59
26 37
184 210
71 73
97 157
18 227
28 97
218 44
63 206
129 45
5 228
178 88
212 55
75 195
34 157
21 226
225 25
156 35
145 169
51 214
228 135
71 115
45 131
252 179
167 93
225 151
138 44
94 165
202 195
95 163
152 38
84 56
220 168
64 78
148 226
133 154
19 99
35 95
173 255
211 183
100 14
58 210
1 45
168 147
90 45
150 261
41 256
97 95
71 72
148 134
154 37
167 20
45 0
40 21
216 175
19 134
15 170
222 161
74 196
208 188
147 99
130 101
169 219
194 118
25 38
15 135
195 202
98 154
162 258
156 133
99 23
18 42
3 172
228 135
24 38
221 165
101 134
29 35
137 171
138 44
94 165
253 50
163 221
52 87
244 68
88 177
251 183
169 92
27 133
44 12
160 158
12 228
133 45
153 37
130 228
218 170
168 147
209 236
29 224
43 14
223 158
43 141
158 223
217 47
0 228
91 172
190 120
164 26
6 45
44 255
34 222
257 39
188 81
226 147
228 130
129 45
66 245
12 100
132 172
10 101
37 221
162 258
133 29
35 29
18 42
9 262
39 23
9 101
38 221
228 7
225 24
225 150
171 138
157 34
42 144
86 54
38 24
150 166
177 215
182 124
92 42
154 260
139 44
160 158
197 74
34 95
215 49
246 65
128 172
20 168
163 27
208 60
40 257
31 223
129 170
223 31
207 110
188 248
91 172
209 59
15 100
83 185
170 142
157 224
13 43
135 44
226 146
2 228
219 42
149 40
88 50
135 142
101 137
30 34
226 147
98 152
22 226
65 205
178 87
244 197
199 242
131 172
7 101
88 103
171 10
11 171
221 39
101 8
262 140
24 165
68 117
134 263
228 4
169 92
207 63
75 68
224 155
47 127
144 135
49 88
83 58
219 170
41 20
45 218
81 187
40 257
31 223
227 141
58 210
80 237
188 248
45 0
40 21
111 206
58 83
71 72
225 94
166 257
135 45
91 171
41 146
263 132
4 228
240 75
182 212
196 201
101 218
131 162
260 155
226 149
41 145
39 93
182 212
115 199
94 37
17 169
166 93
10 44
66 204
225 152
51 126
213 180
179 214
7 101
136 135
168 145
85 106
260 28
139 44
97 28
143 169
211 183
164 152
58 210
175 216
122 59
19 99
151 261
257 167
222 97
141 170
261 147
217 47
62 121
263 0
1 228
89 47
7 45
14 100
160 31
144 100
208 188
146 99
123 185
219 42
131 101
140 227
262 16
69 74
97 154
258 36
171 136
219 42
5 228
167 220
166 150
228 10
45 131
169 144
225 25
99 23
77 65
34 30
194 76
94 164
101 10
196 244
215 50
182 124
226 22
44 136
226 20
31 160
174 254
45 5
112 76
167 22
172 1
2 101
154 163
261 24
197 73
32 32
170 14
134 45
79 237
209 187
172 218
209 60
37 153
134 147
44 256
97 221
144 100
155 224
218 44
123 185
216 175
4 228
100 140
5 45
127 47
94 36
171 12
28 260
226 149
168 18
172 130
69 244
52 214
53 86
228 8
161 30
226 150
204 192
157 34
8 228
221 37
24 165
85 55
215 51
182 124
86 105
63 79
258 163
163 221
138 101
56 212
38 25
167 22
4 136
146 41
27 36
81 188
227 17
159 32
44 129
7 172
100 16
248 62
172 217
148 40
237 79
20 134
100 141
159 32
70 73
45 8
218 45
129 101
175 89
101 4
240 76
84 183
101 138
28 97
258 36
153 225
106 85
18 41
167 220
244 196
137 228
139 262
67 76
152 225
192 204
44 11
39 93
178 253
139 135
228 137
69 117
130 172
228 5
86 105
155 260
202 194
157 33
101 11
132 45
140 100
131 228
42 219
41 19
36 155
28 224
140 43
33 31
72 71
58 210
237 206
187 82
45 0
208 60
110 206
210 58
14 170
96 33
197 200
261 151
172 218
101 2
89 48
228 131
177 88
45 132
169 143
160 31
36 131
98 153
28 162
55 124
40 93
23 166
151 165
139 262
194 203
93 39
32 132
150 226
225 152
203 194
221 37
72 242
7 101
172 3
205 65
105 213
98 25
147 226
221 37
16 42
212 182
202 113
57 211
219 169
129 228
146 226
224 155
17 100
160 158
15 43
83 58
79 238
101 128
263 0
40 21
154 164
261 21
14 170
96 158
140 170
172 135
218 45
41 147
48 216
228 131
100 140
95 34
254 174
158 160
68 75
136 44
35 28
228 132
215 177
134 101
73 114
53 86
144 42
39 221
66 77
259 158
230 215
134 101
4 172
213 53
101 135
172 3
5 101
226 22
206 63
20 99
30 161
74 69
85 55
50 88
193 246
45 129
146 41
155 163
8 45
39 257
222 34
71 199
96 159
48 89
228 2
172 0
208 60
237 80
134 148
72 71
97 222
170 13
261 150
235 209
207 189
43 92
4 228
141 227
84 183
255 174
155 224
139 171
136 44
219 42
228 131
263 134
182 212
73 114
94 36
194 203
25 98
33 132
23 98
161 156
42 144
53 213
115 72
150 166
135 136
78 192
99 149
156 260
226 20
218 101
143 169
222 35
202 113
211 184
136 132
190 206
234 83
224 155
130 39
225 221
15 43
134 19
164 153
82 59
217 46
187 208
174 90
158 96
198 72
224 95
100 16
45 8
209 108
1 228
219 43
3 228
14 100
17 135
139 228
155 224
37 131
9 171
219 42
131 101
167 220
39 23
24 38
36 221
169 144
34 157
204 66
171 137
98 24
42 144
94 165
24 165
243 70
9 135
77 192
219 168
10 44
194 76
225 154
10 228
222 35
100 12
245 66
92 42
190 206
155 163
224 155
69 201
161 222
227 140
172 133
238 205
59 209
46 90
101 0
227 17
261 21
141 43
96 158
16 227
60 209
218 45
128 101
174 90
58 83
37 153
144 262
173 128
160 31
171 12
98 153
85 233
41 146
263 134
39 23
228 11
86 181
17 169
229 90
259 33
137 44
220 40
125 179
172 131
71 242
243 70
87 178
252 181
226 23
156 260
12 171
221 37
175 254
132 45
227 139
228 5
176 216
101 130
107 210
80 188
18 100
34 95
170 15
146 134
111 78
228 2
46 90
40 20
217 173
30 224
198 72
223 159
170 14
187 82
208 109
228 128
91 170
3 228
37 153
17 135
70 73
31 33
99 19
133 27
148 99
4 228
220 41
56 84
74 114
163 95
75 195
26 98
99 22
30 259
29 162
134 101
38 94
166 151
213 181
214 51
6 101
87 104
260 29
131 34
164 221
127 176
45 5
88 178
228 5
133 263
130 228
91 43
135 171
43 13
31 160
73 70
57 210
238 205
63 120
2 136
188 208
36 154
172 7
129 42
223 96
141 170
97 157
208 109
147 168
174 90
83 185
227 14
172 6
46 255
222 162
139 171
153 133
211 106
206 191
2 172
68 245
87 51
95 36
50 253
157 161
193 204
64 205
35 29
125 180
10 262
9 228
150 166
262 10
228 6
99 150
132 157
194 76
37 94
228 137
95 162
74 241
101 132
176 216
190 206
226 20
133 153
13 170
33 31
43 142
211 184
238 205
129 228
263 2
187 122
81 109
261 22
199 198
223 96
198 199
134 22
236 208
188 81
263 129
21 167
26 37
172 6
170 142
35 222
226 145
80 62
219 43
19 41
263 133
101 6
87 51
5 45
253 176
38 221
11 44
171 137
220 40
252 53
172 130
39 24
116 198
214 52
66 77
231 87
151 98
138 44
153 98
176 254
45 5
114 74
22 39
133 263
130 228
20 99
189 207
74 69
97 29
43 142
96 160
26 164
148 167
263 2
20 168
100 144
30 224
169 129
32 96
142 100
45 7
17 227
249 60
47 217
191 120
100 142
18 135
142 43
97 156
196 201
189 80
211 107
250 57
136 6
56 84
87 51
141 262
176 127
90 101
171 11
30 259
225 150
169 18
179 87
228 136
39 151
165 94
204 66
150 225
78 191
148 226
165 221
49 127
132 45
138 101
133 228
172 2
41 19
226 21
207 62
43 13
220 99
100 12
33 96
14 227
40 148
90 174
147 41
109 208
134 172
72 71
223 223
170 14
261 149
236 208
228 0
218 44
129 101
142 227
223 160
170 142
158 160
227 145
97 154
99 20
228 130
172 129
84 183
12 101
85 182
101 137
94 37
11 44
205 191
35 29
77 66
87 52
198 116
151 166
52 87
228 7
156 162
157 259
21 99
34 30
9 228
14 262
178 214
23 39
93 41
79 191
43 219
133 153
258 164
99 93
227 139
262 145
141 100
228 3
136 129
41 20
217 173
134 149
14 170
223 159
15 227
172 134
207 109
208 188
263 129
21 167
78 111
135 145
13 100
160 31
165 257
260 153
218 43
63 206
89 49
149 39
88 51
5 45
228 10
154 225
76 194
191 79
168 220
101 6
87 52
228 135
166 24
4 45
101 134
24 98
10 44
171 138
30 161
195 75
95 163
241 201
195 245
88 177
41 19
148 226
133 154
99 146
93 226
73 70
84 57
49 89
21 40
217 47
147 41
236 81
209 60
168 129
223 159
43 141
59 209
109 80
167 20
263 128
148 40
205 238
83 184
43 15
31 33
227 145
224 28
28 163
190 79
42 92
245 194
139 227
15 135
202 68
98 154
99 21
206 191
232 214
204 192
220 39
116 70
116 198
87 179
101 134
40 220
132 158
149 226
26 225
17 42
45 4
214 52
68 118
220 168
168 146
148 226
62 80
195 75
160 158
70 200
144 135
26 164
40 148
90 174
122 59
27 36
187 209
168 129
158 96
15 227
96 158
154 37
167 20
217 173
120 63
205 238
184 210
140 227
30 97
74 196
28 97
83 234
3 228
216 176
211 57
215 178
142 262
137 228
221 164
12 44
133 29
150 99
145 169
166 220
8 228
136 228
52 87
228 7
29 35
44 137
99 149
98 26
144 169
36 94
138 101
195 244
172 2
78 191
42 219
171 9
68 202
31 160
73 70
34 95
49 88
246 65
136 130
168 147
100 145
97 29
73 70
97 95
72 198
261 148
46 90
187 81
217 173
247 190
15 100
146 261
128 44
30 97
140 170
133 25
44 91
130 101
45 2
39 22
100 139
135 142
228 10
27 98
194 203
260 156
219 41
42 145
51 214
85 181
151 165
262 11
125 52
215 230
10 44
204 193
94 165
228 136
163 221
38 24
101 133
7 136
19 168
219 169
225 153
19 99
100 92
70 201
17 262
141 100
210 185
170 92
1 101
27 36
60 81
167 130
32 32
170 14
82 59
227 144
208 187
1 263
190 120
26 37
172 6
227 13
34 222
140 170
44 8
163 155
168 19
2 172
57 84
38 152
222 162
201 69
161 30
12 44
225 25
226 149
18 42
39 93
54 85
151 165
180 213
42 17
98 151
44 137
171 138
98 25
135 101
54 213
38 24
101 134
263 7
124 55
226 21
26 225
36 258
219 100
74 69
183 84
239 203
149 167
219 170
80 189
218 172
150 261
257 167
97 95
129 170
134 21
237 207
147 167
263 128
248 189
100 143
172 6
72 198
225 94
130 166
208 188
44 91
190 80
2 172
22 167
240 75
212 55
228 11
154 224
258 35
98 152
41 92
228 132
93 166
196 117
242 72
86 180
67 76
161 29
44 137
138 44
39 93
194 76
131 45
73 242
134 228
135 263
18 168
42 219
136 171
19 99
222 36
74 69
262 143
140 100
192 246
48 89
2 101
91 45
8 45
13 170
33 96
141 100
261 147
237 206
208 187
263 0
228 128
206 238
83 185
256 171
30 97
13 43
208 188
163 155
41 146
169 219
228 131
100 140
34 222
138 228
157 160
99 20
133 28
29 162
41 145
136 8
117 69
199 242
86 180
144 42
93 39
132 159
23 99
93 166
228 135
180 86
200 115
134 228
45 130
228 5
85 106
133 155
68 202
31 160
74 69
161 222
152 37
246 65
45 128
228 2
91 45
29 224
170 140
96 31
14 227
185 83
237 206
187 82
172 0
1 228
79 110
185 210
198 199
158 160
100 17
134 24
218 44
168 19
1 172
131 101
140 227
16 135
11 101
160 31
99 20
44 9
219 42
132 101
220 40
244 196
179 87
45 131
126 51
25 98
99 23
226 23
225 152
178 253
53 213
38 24
228 7
263 8
205 65
149 226
26 225
44 12
227 219
143 169
222 34
227 140
184 83
136 131
123 58
226 19
45 135
170 140
223 33
227 141
20 261
79 237
187 82
263 0
187 209
16 100
147 261
170 141
31 96
40 130
151 134
218 45
189 80
4 263
184 210
140 227
172 5
228 11
36 222
171 12
155 133
35 28
65 205
45 3
101 7
115 200
139 262
135 228
98 152
99 23
44 11
166 220
178 253
45 4
52 87
244 69
8 136
132 228
42 219
63 79
36 258
227 218
11 228
161 222
38 25
228 4
92 42
2 101
210 235
224 155
13 170
222 34
129 171
261 147
110 79
209 187
0 136
101 1
143 227
7 45
43 14
159 32
40 130
29 97
163 154
129 101
219 43
246 192
227 13
132 172
42 16
227 92
68 75
9 171
212 106
251 55
215 177
182 212
242 73
180 213
228 8
166 93
159 259
23 99
152 98
144 169
135 12
199 115
23 39
3 45
41 18
92 41
25 225
20 99
164 221
143 169
95 162
177 215
211 184
136 131
228 2
171 91
151 261
39 257
161 222
171 255
45 7
47 89
121 189
172 91
62 248
143 227
134 172
170 129
96 158
257 40
81 60
27 163
20 41
216 175
210 58
37 152
6 45
47 254
160 31
19 226
9 171
148 99
191 78
7 263
134 101
179 87
13 135
144 42
98 152
77 193
171 137
151 98
194 76
164 221
10 228
150 166
172 3
181 124
162 29
156 260
226 20
164 221
196 74
212 182
113 75
228 5
5 136
41 19
155 163
155 97
43 13
98 94
43 142
133 45
238 206
40 148
1 136
188 121
144 227
210 59
227 14
159 159
257 40
224 29
145 100
186 249
43 92
101 4
49 215
95 34
101 138
155 224
258 37
171 136
35 28
4 228
7 263
68 244
101 138
94 37
177 126
25 98
11 44
23 98
24 225
169 17
165 221
38 24
39 150
136 262
133 228
219 168
137 171
67 203
37 94
69 201
222 35
113 75
39 149
48 89
190 206
163 28
44 135
196 74
224 157
140 100
96 159
78 238
101 129
173 217
121 61
217 174
82 186
100 142
160 96
200 70
156 224
45 91
122 186
130 136
149 40
176 88
84 183
142 43
92 100
12 44
9 171
99 21
191 78
167 220
56 85
114 200
94 36
177 126
26 98
193 204
150 225
225 151
203 193
4 172
38 24
70 116
9 135
77 192
168 92
79 191
44 12
30 161
196 74
85 55
113 75
245 66
49 89
184 123
44 218
135 171
100 145
224 157
172 255
96 159
238 205
2 101
173 217
20 167
164 27
186 209
15 100
33 223
100 16
224 29
27 163
186 249
47 217
185 210
89 49
84 183
73 197
162 95
226 146
207 189
106 85
101 4
136 7
212 56
24 38
181 213
228 9
217 229
171 11
24 98
156 35
42 144
45 4
38 24
85 54
172 3
145 42
41 220
152 98
226 21
225 154
10 228
95 162
100 12
118 194
219 169
57 250
234 83
28 224
201 196
158 33
73 71
57 210
205 111
148 167
91 44
167 147
46 217
134 172
100 142
159 96
227 143
187 82
208 109
61 207
130 136
58 83
14 100
183 211
173 128
31 33
164 258
62 207
35 28
183 251
2 172
245 195
165 25
13 135
126 50
102 217
259 33
171 137
29 162
7 228
11 262
53 86
166 23
39 220
204 65
87 105
171 10
203 194
27 225
228 137
142 135
25 165
228 5
263 6
19 168
170 91
27 224
170 140
158 33
227 140
96 159
227 142
21 40
218 171
167 147
173 90
134 149
42 256
159 96
71 73
157 224
154 36
61 207
91 171
101 3
112 204
133 172
227 12
99 220
12 44
9 171
35 28
206 191
172 129
228 133
101 138
135 141
126 50
98 153
259 33
157 132
98 24
204 193
221 38
213 53
135 228
214 52
42 18
41 220
157 260
76 67
221 37
10 228
162 222
241 201
194 245
133 263
130 228
43 218
260 26
140 43
156 97
43 142
135 18
216 48
129 228
2 136
81 188
208 236
172 7
72 71
96 96
168 256
157 224
236 208
81 61
44 91
21 167
89 49
6 45
73 197
95 35
226 145
26 260
163 155
146 168
136 6
149 39
152 165
222 163
228 9
38 221
193 203
259 157
225 150
18 42
87 52
198 116
116 198
179 214
145 42
150 225
30 132
66 203
228 217
10 228
141 135
25 165
149 166
129 172
3 101
155 163
171 9
196 74
33 31
45 128
33 96
216 48
82 59
90 174
168 147
100 144
45 134
141 43
32 159
15 227
224 30
36 27
122 187
218 44
3 228
77 111
6 45
45 255
222 162
100 18
153 133
155 36
41 146
88 49
6 228
12 101
54 85
228 9
153 225
138 171
78 64
29 162
133 101
262 137
116 71
181 86
10 135
252 180
93 40
64 78
66 203
217 102
202 195
172 132
11 228
56 211
219 168
101 131
92 43
62 80
69 201
33 31
12 227
57 211
37 26
148 167
129 263
41 20
90 46
261 22
41 256
32 32
15 227
134 22
154 36
187 249
44 91
64 247
205 238
172 6
255 172
95 35
130 165
154 224
84 234
184 250
2 172
118 67
241 74
262 14
169 143
221 164
34 131
259 157
220 41
42 145
179 87
151 39
136 228
3 45
169 145
214 231
205 64
259 161
153 98
136 101
262 141
201 114
118 195
93 41
206 64
211 233
9 44
68 202
220 99
200 197
84 57
153 37
148 167
44 218
168 147
27 36
45 134
168 129
96 159
129 169
22 261
109 80
41 147
263 129
186 209
142 227
18 135
70 73
31 33
69 74
44 9
218 43
19 41
129 45
183 211
113 202
141 262
143 42
164 94
171 11
137 44
156 35
169 18
45 3
39 23
116 198
262 11
101 134
156 162
151 98
149 226
90 229
136 101
5 172
51 87
101 133
220 168
101 131
43 219
27 225
68 202
31 160
197 73
184 84
176 216
120 191
45 128
60 249
81 109
8 45
143 227
159 96
199 71
97 157
173 217
61 121
218 44
209 59
153 164
146 261
255 172
157 224
69 74
188 80
155 36
57 123
176 89
245 194
25 38
172 5
228 10
228 91
161 258
64 206
23 226
77 65
45 3
8 228
53 213
11 135
204 66
151 225
171 10
77 66
98 26
17 42
131 45
114 74
39 150
136 134
146 41
170 92
80 189
44 12
95 162
43 142
17 262
141 100
130 228
3 136
62 80
90 45
224 156
70 200
159 32
227 142
96 158
173 217
208 188
46 217
120 63
89 48
261 19
255 172
160 31
196 201
8 171
171 218
130 101
2 172
228 132
178 88
45 132
228 10
94 37
131 162
133 29
23 226
192 77
178 87
243 197
228 9
165 94
204 66
35 156
31 132
259 160
216 102
50 126
213 181
24 165
39 150
129 172
191 205
21 99
207 62
171 139
95 162
12 228
211 183
37 26
149 167
216 47
189 207
154 163
261 23
41 257
31 223
199 71
82 59
110 80
40 147
217 173
120 63
238 78
223 159
15 170
224 30
145 100
135 44
210 107
19 41
129 45
57 84
25 38
35 222
196 201
91 101
67 76
156 133
86 232
192 77
262 136
8 228
38 151
94 38
228 7
40 220
31 132
193 77
102 89
101 9
213 181
73 241
195 244
88 177
56 251
28 35
171 9
146 226
158 33
170 15
135 17
215 49
40 149
128 172
249 186
36 154
187 208
170 140
158 96
71 72
186 82
174 217
248 61
172 0
101 2
89 48
45 133
128 44
225 94
69 74
135 44
147 99
228 129
89 48
167 149
152 165
212 55
143 42
164 94
147 99
206 190
232 213
145 169
51 214
135 101
101 137
138 262
52 253
29 34
225 150
99 149
229 216
177 253
213 181
179 214
55 212
129 172
182 124
42 219
27 133
258 163
227 219
201 196
56 211
215 49
149 167
45 128
207 62
18 99
187 208
130 40
223 33
227 141
83 58
143 100
187 81
91 172
21 167
216 175
223 159
71 72
225 94
100 17
188 81
226 146
58 123
175 89
211 57
152 165
172 5
127 48
37 221
139 171
152 225
35 29
205 192
172 130
55 85
38 151
131 172
42 17
215 230
192 205
171 138
166 221
67 203
262 140
101 10
101 134
215 50
41 18
85 106
206 63
68 202
100 92
42 143
161 222
88 177
65 119
170 92
122 59
36 154
29 224
70 200
159 32
71 199
134 45
143 100
148 167
263 0
21 167
79 111
134 147
255 171
97 157
43 140
24 261
210 108
2 228
216 175
119 66
165 25
95 34
16 169
91 100
35 131
28 260
29 162
251 54
130 45
196 117
24 38
12 135
194 203
230 88
32 132
23 99
30 161
194 76
172 131
73 242
117 196
135 263
145 41
233 85
136 171
20 99
158 33
169 16
5 172
76 239
119 192
128 172
59 249
27 36
156 97
257 167
96 160
43 129
20 261
16 227
21 40
172 90
209 60
174 89
20 134
227 14
225 94
227 144
24 261
235 209
250 58
1 172
228 131
88 50
132 172
47 254
100 219
194 202
79 63
86 232
5 228
178 88
85 182
24 38
221 164
42 17
25 98
204 65
226 23
89 230
101 8
180 86
165 151
212 182
3 45
41 18
22 99
133 155
36 258
28 224
47 127
34 95
25 165
4 101
43 219
168 146
163 27
188 208
13 170
224 222
170 15
210 185
164 153
187 82
136 0
21 167
90 47
96 31
14 170
223 31
17 227
8 172
91 172
250 58
263 131
210 57
215 177
222 161
127 47
28 97
99 20
153 225
99 22
41 145
50 215
166 150
10 101
4 45
101 135
98 152
99 23
226 23
103 89
126 178
37 94
24 165
117 196
178 215
55 251
92 42
136 171
20 99
221 36
201 196
212 183
38 25
167 22
175 216
123 58
235 83
8 45
170 140
33 31
71 199
147 134
174 216
187 82
0 263
148 40
153 164
261 20
141 227
31 96
227 144
134 24
99 19
168 20
89 48
119 65
13 100
172 5
143 42
158 160
12 44
133 28
162 155
251 55
40 93
228 134
73 115
45 131
51 253
39 220
259 32
11 171
152 98
17 42
53 213
24 165
212 182
45 130
168 145
226 22
190 206
76 67
37 94
228 138
162 222
152 38
4 101
4 136
189 207
226 19
45 135
170 140
225 221
141 100
134 45
79 238
248 62
45 218
128 101
207 237
58 83
100 141
158 223
130 167
60 208
209 108
101 2
136 4
65 246
49 215
17 135
254 174
227 92
163 258
44 9
162 155
101 5
263 135
228 134
115 200
140 262
169 144
221 166
226 149
192 78
39 93
203 194
172 131
199 115
150 166
166 93
168 145
86 105
190 206
171 139
228 218
228 137
15 262
113 75
228 5
129 172
228 2
218 171
97 28
69 201
95 161
199 198
210 185
89 175
209 186
46 90
228 128
174 90
223 158
14 100
160 96
70 73
135 45
82 235
228 128
1 172
185 210
88 49
95 34
69 74
36 222
68 75
225 26
35 28
205 191
88 50
39 23
73 114
262 13
228 8
34 157
171 11
225 23
98 24
66 203
4 172
72 242
116 197
3 45
252 181
92 41
98 25
99 147
221 37
74 69
222 35
202 113
22 39
175 216
101 130
147 226
8 44
130 39
222 34
44 128
133 45
78 238
228 2
1 136
188 121
227 17
45 134
170 141
223 31
43 141
261 150
227 145
186 249
174 89
22 167
204 239
172 6
46 255
100 219
19 226
133 27
85 233
228 131
172 129
85 183
214 179
13 135
67 75
30 34
66 77
192 78
40 93
203 193
135 11
53 86
150 166
135 136
18 169
41 219
137 171
226 21
164 221
69 201
95 162
100 12
184 84
129 172
57 250
91 44
133 152
69 201
224 157
198 72
45 6
37 26
2 101
0 45
61 248
46 217
209 59
169 129
95 97
14 43
60 209
109 81
207 189
1 172
246 192
100 141
211 56
70 73
224 29
146 99
189 80
99 21
251 56
2 172
56 85
228 11
163 94
101 136
38 221
132 160
132 31
220 40
169 17
38 94
101 9
101 135
262 9
181 125
150 226
79 191
226 21
161 157
195 75
45 5
25 165
84 57
42 219
101 130
226 20
28 224
170 140
97 30
227 140
133 45
78 238
247 63
136 128
208 61
227 17
134 148
129 42
32 159
129 168
82 60
217 45
61 207
91 170
3 228
239 77
135 144
46 255
29 97
139 171
9 171
148 99
56 124
134 136
166 150
165 25
45 131
68 75
221 165
99 22
10 171
88 231
228 134
94 165
86 180
243 70
136 262
101 133
105 214
133 156
67 203
30 161
68 202
222 35
139 100
228 5
129 172
123 57
99 147
61 80
145 227
97 30
200 197
32 96
78 238
186 82
1 45
0 101
36 154
149 261
142 227
32 32
170 14
172 135
145 100
20 41
44 91
148 40
100 141
18 135
173 128
158 160
146 99
207 189
43 92
228 131
6 263
211 56
214 178
86 181
144 42
229 90
138 171
132 30
24 225
228 134
3 172
53 86
166 23
45 130
228 6
87 104
64 78
161 131
228 217
202 195
45 5
101 12
245 67
41 219
79 190
99 147
260 26
170 140
220 99
197 73
211 184
37 26
186 82
263 2
249 187
36 154
224 157
227 15
96 159
14 43
134 45
18 227
168 20
263 129
228 130
77 112
33 223
12 100
220 226
12 43
62 207
43 92
183 251
45 2
67 245
11 101
14 135
49 253
26 98
259 34
132 30
87 231
180 252
38 94
71 243
181 86
214 52
18 169
98 150
259 30
11 171
90 228
169 16
212 181
139 101
39 149
219 168
101 130
219 170
27 224
130 38
95 162
70 200
262 145
216 48
129 228
91 44
0 101
217 173
82 186
199 198
223 32
256 42
157 224
217 46
147 168
136 2
21 167
89 49
96 33
100 139
222 162
43 140
260 153
92 170
250 57
49 215
6 228
178 87
85 181
9 101
165 94
66 76
24 98
29 162
169 18
262 137
166 151
54 213
262 10
66 77
29 35
30 132
138 44
161 157
176 254
135 14
11 228
149 166
45 129
41 19
234 84
9 44
170 140
99 93
197 73
84 57
164 153
167 21
218 171
61 81
81 109
7 45
141 43
96 96
256 42
261 149
46 90
60 122
171 218
186 209
48 216
135 145
70 73
35 222
69 74
224 27
36 28
41 146
49 215
211 56
165 25
212 55
202 68
37 221
161 258
191 78
156 35
125 180
135 10
54 86
24 39
38 221
42 18
162 29
137 171
161 132
161 157
42 143
5 172
228 138
211 183
93 41
206 64
106 211
98 27
164 131
158 33
173 255
6 172
176 216
64 120
217 47
188 208
46 217
45 134
143 227
32 159
169 256
209 186
154 36
168 20
217 173
120 63
48 216
223 160
227 13
156 224
74 196
97 154
99 20
146 168
6 263
118 67
152 165
45 132
127 49
27 98
203 67
10 171
23 226
77 65
179 87
8 228
243 71
45 131
101 134
87 104
191 205
171 138
157 34
136 101
213 181
165 152
6 101
45 129
124 56
43 219
171 9
258 164
220 99
128 173
135 18
176 216
101 130
128 172
207 61
154 163
97 30
41 256
159 96
256 42
134 45
217 46
61 121
172 0
167 148
205 238
146 261
13 100
225 94
18 227
260 152
147 99
228 130
132 136
118 67
178 88
5 45
68 75
30 34
11 44
137 44
162 156
101 6
39 93
23 166
101 136
4 45
169 144
220 167
205 64
259 160
157 34
75 68
140 135
114 74
245 68
41 220
101 131
170 92
260 27
146 226
158 33
170 15
172 133
100 14
58 210
263 3
187 122
145 227
156 97
14 170
95 224
100 15
186 82
164 154
248 61
45 0
101 2
78 111
133 172
199 71
31 33
39 130
97 155
163 155
146 168
216 176
5 228
51 215
5 45
202 68
221 164
67 76
29 260
29 162
77 65
136 135
101 8
151 165
45 131
101 134
98 151
192 205
33 259
153 98
67 202
172 131
87 179
39 150
177 215
101 131
106 212
171 9
44 12
222 35
197 73
262 144
26 164
192 246
43 218
168 147
82 109
187 209
141 43
33 96
43 141
261 148
164 154
187 81
45 91
21 167
164 26
185 210
171 128
98 221
100 18
171 135
218 44
19 41
5 263
57 84
177 88
15 135
228 10
91 101
67 76
29 260
99 23
133 101
3 172
85 181
53 213
180 213
42 17
40 220
171 10
77 66
152 98
76 67
54 213
73 241
85 55
167 93
183 124
21 99
171 9
258 164
28 224
170 15
222 34
77 239
101 130
3 136
249 186
91 45
187 208
130 40
33 96
199 71
96 158
47 90
208 187
173 90
40 21
164 26
172 6
255 171
98 221
144 100
171 135
155 36
101 3
92 169
22 167
139 227
132 172
169 143
221 164
131 162
152 225
105 86
101 5
3 172
85 181
53 213
213 53
7 101
151 225
259 31
160 132
89 229
8 228
54 213
101 11
101 134
45 129
55 251
219 169
225 153
258 163
222 36
101 11
222 34
100 14
131 228
174 216
20 168
36 154
224 156
140 43
159 32
256 43
261 148
174 217
20 40
218 45
82 187
79 111
223 159
198 199
157 224
201 69
97 155
108 83
80 63
5 263
57 84
113 202
162 95
127 48
228 91
203 67
225 25
22 226
54 124
135 9
228 134
38 151
135 139
203 67
156 161
205 65
99 149
25 225
51 126
13 262
151 38
134 228
263 8
5 101
35 155
153 98
163 131
31 160
143 169
161 222
112 76
40 149
175 216
228 2
226 19
29 224
197 73
159 159
141 170
96 158
26 164
62 121
45 0
128 101
206 238
45 134
198 199
98 221
170 13
135 45
226 146
2 228
131 136
193 119
177 88
132 172
228 11
154 224
258 35
260 155
232 213
181 251
136 8
7 228
115 199
12 135
51 253
215 230
171 11
132 32
152 98
178 253
172 131
52 87
117 196
172 3
191 205
162 28
155 260
139 44
222 36
69 201
222 34
177 215
58 210
45 128
168 147
172 91
8 45
73 70
33 96
198 72
134 45
79 237
228 1
0 172
167 148
100 143
223 159
15 170
30 96
40 130
261 151
36 27
80 62
219 42
57 83
215 177
34 222
69 74
160 31
67 75
206 190
162 156
168 18
136 8
117 69
101 137
53 86
203 67
161 30
159 259
150 226
98 25
178 253
12 262
115 73
196 244
45 130
205 65
29 35
98 26
147 226
97 28
228 138
183 85
113 76
40 149
136 131
123 58
146 226
134 151
130 40
96 31
198 72
185 83
26 164
148 167
45 90
121 62
153 164
58 83
198 199
95 97
40 130
61 208
91 172
62 207
1 172
210 57
165 25
211 56
16 169
155 224
68 75
155 133
155 35
182 251
135 136
55 85
52 214
213 53
51 253
89 103
44 138
150 226
220 39
178 253
135 12
165 151
55 212
215 51
5 101
162 29
225 153
36 258
158 33
254 47
222 34
38 25
167 22
4 136
80 189
28 36
135 172
166 130
160 158
199 198
134 20
237 206
187 82
0 136
189 121
143 227
58 83
72 198
31 96
73 197
224 29
82 235
59 122
1 172
83 185
140 227
34 222
74 196
28 97
75 195
133 28
149 99
55 124
263 135
228 134
52 214
94 37
126 51
89 103
44 138
226 23
88 230
67 203
45 4
86 180
7 101
130 172
78 192
35 156
79 190
147 226
30 160
175 254
35 95
203 113
167 22
42 219
123 58
210 235
208 61
39 257
158 33
198 72
134 20
164 153
209 187
173 217
228 128
16 100
148 261
43 256
32 32
167 257
187 81
226 146
20 41
45 1
119 65
37 152
17 135
254 174
28 97
68 75
190 79
85 233
124 182
167 220
117 69
10 101
172 4
51 253
25 98
77 193
99 150
93 166
144 169
11 262
180 213
150 166
220 166
65 78
213 232
79 190
67 203
27 224
74 69
135 15
38 25
132 228
216 48
129 228
218 171
45 135
17 100
161 222
15 43
32 96
111 79
2 101
172 91
167 147
227 16
83 186
170 129
160 96
73 197
8 172
235 209
186 249
92 170
210 58
88 49
84 183
201 69
222 163
99 19
26 98
42 92
251 55
7 263
182 212
200 241
45 131
194 203
221 165
77 193
205 192
103 88
52 126
262 138
9 228
70 116
136 262
125 54
29 35
25 225
99 147
228 218
201 196
85 55
215 50
118 193
136 132
146 41
234 83
8 44
140 43
158 33
227 140
83 58
142 100
63 120
173 217
208 60
27 37
134 148
256 170
160 96
141 170
29 97
218 45
20 41
45 1
149 40
153 164
144 262
228 12
163 95
171 12
44 9
92 169
131 101
2 172
195 117
151 165
135 140
17 169
89 102
77 193
205 192
230 215
101 7
131 45
72 242
23 39
39 220
6 101
226 23
10 44
76 67
94 164
143 169
132 45
240 202
101 132
176 216
190 206
20 99
8 44
43 13
97 30
255 44
32 96
227 142
228 2
0 45
61 248
80 110
223 158
141 43
32 32
170 14
156 224
154 36
189 80
130 136
40 22
49 216
262 17
200 70
160 31
164 258
44 9
35 28
228 131
177 88
23 166
214 179
163 94
42 17
161 30
204 66
225 24
40 93
125 179
165 221
180 213
197 243
172 3
181 125
99 150
44 137
35 258
27 225
228 137
262 142
202 113
149 166
169 92
146 41
163 28
44 135
38 257
97 30
142 170
83 57
142 100
148 167
91 44
228 0
80 110
148 261
142 227
32 32
41 129
261 150
163 154
41 147
91 170
120 64
216 176
172 6
200 70
162 95
139 171
98 154
233 211
228 131
220 41
245 195
201 241
95 36
75 195
38 221
138 171
24 98
35 29
52 125
262 138
116 71
166 23
87 178
125 53
99 150
260 29
76 67
37 94
10 228
182 85
178 215
57 211
132 263
3 101
20 99
260 25
140 43
158 33
15 43
133 45
227 142
167 21
1 136
147 40
144 227
59 82
141 43
96 223
71 73
209 187
208 109
80 61
217 174
101 3
26 37
223 160
197 200
158 160
12 44
27 98
28 162
183 251
129 45
133 101
74 114
181 213
75 195
229 90
226 149
191 78
225 151
42 145
52 214
166 151
213 181
10 135
193 204
99 150
191 205
161 131
225 154
137 101
262 141
228 139
132 228
41 219
57 250
211 234
207 62
18 100
35 95
140 100
172 133
15 227
101 129
129 263
208 61
236 81
97 30
198 72
159 96
256 41
134 45
236 208
188 81
90 47
148 40
77 112
84 184
173 128
220 226
226 146
171 136
163 155
19 41
176 88
133 101
165 25
135 141
195 202
161 30
171 11
30 259
225 150
169 18
172 130
181 213
8 101
52 87
42 18
225 23
64 78
193 76
38 94
101 10
135 14
228 139
84 56
2 45
168 146
211 234
260 26
43 13
226 220
128 172
145 135
78 238
186 82
172 1
0 228
144 227
224 157
129 42
96 32
170 14
209 186
154 36
60 122
136 2
59 82
216 176
184 211
172 128
97 156
130 165
133 26
155 36
41 146
129 45
39 22
51 214
132 172
136 228
229 90
11 44
44 10
23 225
228 133
3 172
151 39
181 86
172 3
42 18
40 220
191 205
34 258
30 161
169 16
85 54
165 152
6 101
92 41
19 168
211 234
154 98
170 140
224 156
227 139
145 135
100 14
247 64
45 128
228 1
208 236
134 149
41 256
223 96
170 14
59 209
27 163
228 0
46 217
186 209
142 227
84 184
227 13
158 160
38 130
171 136
170 218
190 79
172 129
228 132
38 152
182 212
10 101
221 164
44 138
151 225
150 98
101 6
135 10
135 101
228 9
45 130
169 145
98 151
98 24
203 193
90 229
202 195
172 132
38 25
150 166
41 220
168 146
226 21
154 98
68 202
95 162
43 142
133 45
204 112
130 228
44 218
228 1
18 100
209 60
198 72
96 32
198 199
209 186
17 227
188 81
1 172
186 209
15 100
6 45
100 140
224 29
165 257
26 260
28 163
206 190
172 129
5 228
75 113
172 5
195 202
101 217
11 44
24 98
99 23
18 42
130 45
135 101
151 166
135 137
66 77
156 162
137 171
44 11
225 153
50 126
135 14
214 51
84 56
220 168
19 168
219 170
207 62
226 19
158 33
255 46
6 172
89 176
130 228
44 218
41 20
227 18
97 30
168 129
32 32
100 15
97 157
36 27
208 188
90 46
247 190
175 89
96 32
142 43
224 30
74 196
61 207
147 99
101 3
42 92
149 39
165 25
162 95
143 42
91 101
67 76
152 225
168 220
42 145
87 51
23 166
86 53
262 11
204 66
98 151
10 44
226 22
102 90
68 202
36 95
201 114
245 68
93 41
56 251
226 21
136 171
19 99
158 33
70 200
183 84
112 77
3 101
45 128
122 60
236 81
187 209
227 16
32 32
256 42
45 7
17 227
208 188
0 45
101 2
48 216
45 133
43 15
94 98
257 38
61 208
44 91
190 79
92 169
84 184
88 51
132 172
10 101
218 228
76 194
225 25
156 35
145 169
130 45
23 166
101 136
4 45
193 204
29 35
132 158
149 226
161 157
50 126
221 36
179 214
56 212
93 41
183 124
155 162
44 136
195 75
92 226
139 101
33 95
239 204
83 58
263 3
20 168
27 36
150 261
170 141
31 223
227 142
223 31
80 237
0 228
172 0
190 120
26 37
133 172
15 170
224 30
18 227
8 171
99 20
130 101
2 172
184 211
38 152
95 35
48 254
161 30
21 226
98 152
99 23
54 125
93 166
243 197
101 136
4 45
7 101
88 103
171 10
22 99
34 30
17 42
45 4
151 38
150 166
220 167
78 191
35 155
260 27
226 19
219 100
139 101
262 144
49 88
58 210
1 45
80 189
27 36
150 261
200 197
96 160
43 129
134 45
174 217
188 248
91 172
167 148
142 227
261 19
170 142
34 222
144 100
44 8
107 83
19 41
45 2
246 193
50 215
162 95
48 254
161 30
20 226
63 206
156 35
252 54
178 87
181 212
165 24
94 38
179 126
151 225
98 23
44 11
225 152
76 67
45 4
11 228
23 39
172 2
41 18
28 35
153 98
146 226
160 158
11 228
183 84
164 152
101 131
263 3
20 168
209 235
156 97
16 100
32 32
100 14
31 96
164 154
248 61
263 128
190 121
26 37
223 159
142 43
224 30
100 17
152 134
235 210
207 190
172 129
246 193
152 165
5 45
74 196
154 224
139 171
63 206
168 219
181 251
166 220
39 23
199 242
86 180
144 42
103 215
99 23
159 132
161 157
42 144
13 262
228 137
55 212
135 263
182 124
92 42
225 153
131 36
95 163
127 174
133 45
76 239
246 65
1 45
101 129
82 108
208 60
17 100
32 159
141 100
261 147
174 217
60 208
46 217
128 101
26 37
185 210
72 198
157 224
74 197
24 261
99 19
168 19
216 175
131 101
88 50
135 143
196 201
154 224
258 35
260 155
86 232
18 41
51 215
69 244
72 115
12 135
203 67
39 220
171 11
99 150
161 157
194 76
12 262
24 165
101 134
8 136
251 182
22 99
28 133
68 202
28 224
101 11
161 222
100 13
167 22
1 45
147 41
209 235
24 134
227 17
95 224
129 170
45 7
47 90
187 82
45 91
187 209
153 164
20 134
43 15
30 97
17 227
81 61
83 235
207 189
263 131
22 167
203 240
135 143
196 201
92 100
258 36
44 9
219 42
132 101
136 8
212 55
101 137
94 37
17 169
166 93
171 11
65 204
103 89
169 17
180 86
115 73
7 101
167 93
124 55
92 42
26 225
202 195
33 31
101 11
56 212
165 152
119 193
128 172
2 101
19 99
29 224
17 100
222 97
198 72
45 7
206 110
248 62
0 136
248 189
90 47
20 134
198 199
97 222
140 170
24 261
235 209
207 189
45 1
65 246
38 152
161 95
101 138
222 163
68 75
136 44
232 212
101 5
167 220
166 150
73 115
86 180
101 135
161 30
259 32
132 32
166 220
169 17
213 180
38 24
166 23
263 8
5 101
105 213
9 44
139 44
227 219
201 196
183 85
50 88
66 119
175 216
80 189
210 235
97 28
166 130
98 94
44 129
134 20
153 37
148 167
263 0
62 248
110 206
172 7
100 141
31 96
13 43
45 8
45 91
147 168
175 89
210 58
239 76
183 211
11 101
100 219
226 147
63 206
233 212
205 191
40 93
39 23
115 200
12 135
169 144
230 89
259 32
259 159
230 215
126 178
37 94
115 72
39 150
220 167
145 41
169 92
133 155
99 147
30 160
228 138
5 172
203 113
66 119
219 169
207 62
235 83
24 134
74 69
98 94
14 227
210 185
79 238
121 189
263 0
81 187
143 227
134 147
43 256
97 222
257 40
135 45
91 172
249 59
136 4
58 83
140 227
6 45
143 42
95 36
131 163
98 153
212 106
78 64
135 136
212 55
200 242
37 221
42 17
39 221
193 204
259 158
88 230
52 126
86 53
213 53
212 182
87 178
205 65
41 219
206 63
44 12
154 97
143 169
162 222
177 215
66 119
132 263
80 190
210 235
152 261
100 144
97 30
227 140
133 45
37 26
209 186
128 263
61 248
227 16
21 134
256 170
159 32
73 197
135 45
235 209
122 186
43 92
246 192
239 76
95 34
101 138
97 155
171 12
44 9
219 42
251 55
40 93
68 244
241 73
37 221
194 203
25 98
66 77
150 225
156 34
144 169
131 45
9 228
39 150
220 166
133 228
86 105
152 98
131 35
30 161
127 175
135 15
12 227
149 167
45 129
185 123
91 44
260 25
257 166
160 158
227 140
134 19
216 48
59 209
173 217
0 228
174 90
209 59
170 141
159 32
73 197
224 29
45 91
59 122
47 216
210 58
88 49
17 135
43 15
224 28
171 12
9 171
212 106
64 205
50 215
101 6
165 24
262 13
126 50
221 165
193 204
98 150
230 215
179 252
11 262
9 228
150 166
9 135
145 42
92 41
25 225
12 171
218 101
69 201
222 35
88 177
84 57
132 263
250 184
234 83
133 152
170 140
221 98
198 72
210 184
238 205
190 247
218 172
208 60
37 154
134 148
15 100
159 32
73 197
134 23
91 172
186 249
172 128
83 185
49 216
56 84
70 73
95 35
37 131
153 225
99 21
205 191
215 177
244 195
228 11
13 135
169 144
221 165
259 33
158 132
156 35
125 179
131 45
165 151
197 243
93 39
42 18
105 213
191 206
76 67
157 34
228 137
182 85
202 113
67 118
172 2
206 63
155 163
155 97
140 43
221 98
170 15
133 45
78 238
209 186
263 1
167 147
154 164
7 45
42 256
223 31
14 43
82 60
90 172
249 60
217 174
83 185
204 239
96 33
15 170
224 29
202 68
189 80
233 211
79 64
172 129
150 39
11 101
172 4
101 136
94 38
259 33
44 10
24 225
66 204
11 262
9 228
70 116
172 3
101 133
41 220
260 29
11 171
161 157
228 137
142 135
165 152
39 149
172 2
41 19
155 163
133 152
74 69
31 160
170 15
57 210
100 15
167 21
44 218
228 0
109 207
186 209
100 142
223 96
227 143
209 187
109 81
41 147
47 217
167 148
112 204
172 6
173 128
156 224
258 37
9 171
28 162
251 56
93 168
101 6
114 201
14 135
202 68
26 98
99 22
151 225
231 214
169 17
172 130
71 243
197 243
179 214
66 77
150 226
98 24
203 194
90 228
202 195
35 95
114 74
245 67
129 172
206 63
234 84
207 62
140 43
158 33
197 73
160 223
37 26
167 21
136 129
228 0
36 154
22 134
71 199
32 159
256 41
97 157
109 81
101 1
45 1
247 191
37 153
57 84
139 227
99 220
130 164
225 27
92 170
131 101
41 93
183 211
11 101
132 172
195 202
229 90
132 161
98 151
104 87
169 18
87 52
181 213
116 198
10 135
204 66
41 220
132 157
258 161
94 165
143 169
36 95
228 139
84 56
263 6
63 79
84 107
80 189
18 100
99 93
200 197
33 96
153 37
167 21
174 217
60 249
109 208
224 157
141 43
159 32
142 100
261 149
236 208
147 168
1 172
120 64
100 141
145 262
128 45
29 97
145 100
9 171
234 211
101 3
263 133
6 228
165 25
54 85
68 75
221 165
193 203
225 24
23 225
42 145
10 262
9 228
24 39
172 3
145 42
162 29
151 98
76 66
157 34
254 49
222 36
228 139
84 56
263 6
184 123
155 163
80 189
227 18
226 220
139 100
84 57
204 112
247 64
90 174
101 128
46 217
82 186
141 43
159 32
72 198
186 82
173 217
0 101
91 171
191 120
164 26
262 18
45 255
220 226
165 257
207 189
99 20
250 57
129 45
67 245
101 139
222 163
228 10
98 153
203 66
132 30
162 156
145 169
52 214
39 24
181 86
221 165
228 7
151 225
24 225
21 99
225 153
9 228
132 45
74 241
68 118
263 6
228 4
226 21
153 260
43 12
97 29
197 73
223 33
77 239
185 83
172 1
41 20
36 154
60 82
100 143
96 223
142 100
186 82
90 173
208 188
136 2
228 129
37 153
33 223
140 227
224 29
257 38
44 9
170 218
146 168
129 45
166 149
38 152
55 85
254 176
157 161
148 99
157 133
99 23
180 252
214 179
39 23
151 166
45 130
169 144
220 167
64 78
66 204
90 229
202 195
36 95
241 201
211 183
7 136
41 19
92 43
62 80
258 164
226 220
73 70
262 145
37 26
3 101
172 1
20 168
90 45
60 82
168 129
223 159
14 43
7 172
80 236
228 0
1 263
120 63
164 26
133 172
140 227
97 157
130 165
207 188
107 84
57 123
2 172
211 57
100 139
35 222
101 137
34 157
76 194
206 191
41 93
228 133
3 172
228 135
53 213
94 38
228 7
35 156
64 78
149 226
161 157
195 75
135 13
52 87
245 68
41 220
64 79
28 35
27 225
99 146
29 224
197 73
172 133
77 239
101 130
172 1
60 249
81 109
187 209
100 143
160 223
129 169
209 186
80 237
20 40
0 172
209 59
238 78
32 223
172 128
30 97
170 13
25 260
155 36
3 228
263 132
101 5
165 25
262 15
195 202
225 27
131 162
156 133
156 35
42 145
166 220
8 228
136 228
172 4
7 101
220 167
44 137
132 33
102 89
50 126
163 221
24 165
150 166
136 134
251 183
170 92
153 98
44 12
219 99
139 101
183 84
100 14
149 167
91 43
59 249
154 163
150 261
143 227
31 223
129 169
7 172
207 110
121 188
45 0
82 186
205 238
210 57
170 142
94 98
69 74
155 224
107 83
146 168
129 45
118 66
100 139
5 45
42 16
34 157
44 139
171 137
162 156
18 42
93 166
243 197
213 180
4 45
193 203
88 103
65 78
99 149
102 89
253 50
45 4
138 101
166 23
93 40
78 191
226 21
98 26
99 146
224 155
139 101
17 262
215 49
228 3
130 263
20 168
91 45
150 261
130 40
95 224
256 43
261 148
144 100
101 0
0 172
148 40
26 37
32 223
100 140
221 225
100 17
155 224
163 155
185 250
2 172
167 149
100 139
85 182
10 101
164 94
35 131
137 44
92 168
18 42
130 45
197 117
86 53
94 38
52 253
88 103
132 158
22 99
161 157
203 194
135 13
228 138
101 134
220 167
55 251
99 148
98 26
12 171
95 163
255 47
211 183
152 37
65 119
172 1
189 207
18 99
97 29
257 167
97 95
14 227
96 158
154 37
188 248
0 45
21 167
100 143
6 45
128 44
225 94
43 140
134 25
210 108
185 250
132 136
57 84
75 113
262 15
143 42
37 221
20 226
260 156
22 226
18 41
130 45
55 85
151 165
86 180
67 76
98 151
65 78
159 132
98 25
8 228
172 131
10 228
244 69
45 130
228 5
169 92
260 27
226 19
160 158
11 228
17 262
164 152
101 131
175 216
41 20
218 172
81 187
197 73
223 33
199 198
172 134
47 90
208 187
172 218
209 60
47 216
223 159
14 100
94 98
17 227
8 172
218 44
80 62
131 136
131 101
50 215
172 5
16 169
97 154
131 162
136 44
149 99
41 145
51 215
117 69
10 101
37 221
228 8
225 25
226 150
192 77
103 89
101 8
94 164
24 165
244 69
40 220
228 5
42 219
260 28
163 131
36 95
127 174
161 222
239 203
228 4
43 219
129 228
172 91
134 151
43 13
32 32
199 198
158 223
237 206
187 81
136 0
121 62
153 164
7 45
72 198
98 221
43 140
155 224
28 163
41 146
92 169
40 22
177 88
16 135
254 174
97 155
20 226
136 44
219 42
65 205
88 51
55 85
10 101
12 135
194 203
98 152
32 132
132 32
157 34
178 253
180 86
137 101
166 23
215 50
251 182
162 28
9 44
171 139
221 36
138 101
262 143
177 215
4 101
175 216
62 80
27 36
156 97
144 227
160 223
227 141
83 58
79 237
128 228
0 136
82 187
153 164
134 172
14 100
223 31
170 13
29 97
218 45
189 80
128 45
184 210
227 13
183 211
101 138
31 33
195 202
79 63
162 155
5 228
177 88
69 244
73 115
135 139
253 178
30 34
226 150
204 192
98 25
169 17
37 94
165 151
212 182
45 130
124 55
105 213
133 155
226 20
221 36
143 169
132 45
13 227
57 210
131 263
146 41
108 210
155 97
200 197
222 34
141 100
134 20
143 100
62 121
45 90
248 189
153 164
7 45
129 43
222 224
144 100
208 187
91 172
147 168
219 43
58 83
203 239
45 132
169 143
95 36
195 202
153 225
219 42
101 5
215 177
150 39
87 52
139 262
135 228
103 216
226 149
32 259
230 215
101 8
164 221
53 86
244 69
45 130
205 65
149 226
79 190
35 258
154 97
143 169
16 262
152 38
149 167
89 175
207 62
28 36
155 97
17 100
221 98
142 170
58 210
227 143
62 121
218 172
60 81
100 143
31 223
141 227
158 223
144 100
97 156
146 99
20 41
89 48
210 58
164 25
222 161
127 47
97 155
131 163
79 63
85 233
5 228
93 167
134 101
10 101
37 221
126 51
157 161
77 193
10 171
34 29
126 179
213 180
242 199
39 150
214 51
54 251
156 162
79 190
139 44
221 37
42 143
142 135
100 13
211 184
169 92
228 2
44 218
172 8
74 69
31 160
140 100
210 185
164 153
21 40
128 263
167 147
164 27
134 148
256 170
158 223
170 13
261 150
218 45
80 62
92 170
149 40
203 239
17 135
74 196
33 158
195 202
260 154
155 35
228 131
263 134
150 39
138 228
54 86
169 144
152 225
204 66
65 205
167 220
101 7
86 53
53 86
85 54
214 51
101 132
86 105
225 152
35 258
224 154
10 228
45 5
240 202
84 57
89 175
79 190
36 155
133 152
166 130
95 161
72 71
210 185
15 227
59 209
136 128
0 101
80 110
45 134
199 198
33 223
100 16
134 23
100 18
1 228
43 92
167 149
176 88
262 17
197 200
222 163
258 37
27 260
21 226
228 131
215 177
23 166
87 52
163 94
144 42
94 38
77 193
23 98
24 225
76 66
11 262
136 101
39 150
262 9
204 65
232 86
260 29
194 76
94 164
201 196
135 15
113 75
245 66
5 136
206 63
155 163
8 44
69 201
221 98
72 71
146 134
175 216
21 40
0 172
60 81
144 227
59 82
170 141
224 95
100 16
209 187
100 18
128 101
217 174
210 58
227 14
96 33
12 101
162 95
202 68
171 136
155 35
19 41
93 168
212 56
228 11
135 140
195 202
221 165
226 149
10 171
98 24
134 101
11 262
136 101
166 23
87 178
252 181
168 93
260 29
131 35
161 157
254 48
15 262
139 100
194 245
45 129
184 123
44 218
97 28
227 18
31 160
227 140
83 57
238 205
247 63
0 172
147 40
27 37
59 82
227 15
159 32
197 200
23 261
27 163
80 61
47 217
185 210
164 26
17 135
142 43
222 162
19 226
27 98
162 155
131 101
263 134
101 6
228 11
135 140
101 136
221 165
226 149
205 191
215 104
125 179
94 165
24 166
86 54
39 220
169 145
93 41
44 137
21 99
30 161
143 169
172 132
139 100
132 228
219 169
79 190
20 99
61 80
257 165
161 222
200 197
45 6
153 37
190 247
0 172
228 0
163 27
224 157
42 256
32 223
227 143
172 135
109 81
20 41
45 1
247 191
239 77
33 223
197 200
97 156
37 131
171 136
92 170
124 183
215 177
84 183
101 138
45 132
169 144
229 90
204 66
171 137
231 214
101 7
172 130
166 151
243 70
130 172
18 169
41 220
171 10
131 34
225 154
254 49
222 35
178 214
56 211
129 172
79 190
99 147
171 9
43 13
226 220
142 170
135 18
111 78
186 82
90 173
41 20
236 81
224 157
142 227
96 159
199 71
60 209
90 173
81 61
90 47
148 40
100 141
172 6
173 128
31 33
68 75
98 154
155 36
41 146
45 2
245 195
25 38
141 262
16 169
90 102
11 44
10 171
40 93
77 66
179 87
54 86
71 116
130 172
42 18
168 93
10 44
131 34
26 225
16 42
14 262
241 201
22 39
172 2
250 184
99 147
171 9
170 140
95 162
15 43
262 145
78 238
209 186
45 128
0 101
173 90
157 97
42 256
159 96
71 72
157 224
109 81
187 249
136 2
3 228
77 112
172 6
128 45
35 222
196 201
98 154
147 99
123 184
92 168
22 166
201 241
172 5
136 228
161 30
66 76
30 259
150 98
252 53
94 165
24 166
54 213
137 262
6 101
93 40
132 157
171 138
98 26
202 195
132 45
74 241
6 101
88 176
228 3
155 163
62 80
257 165
29 224
70 200
84 57
153 37
3 101
1 45
61 81
208 236
22 134
15 100
32 96
227 142
22 261
90 173
208 188
129 136
59 82
111 205
211 57
15 170
33 158
100 18
154 224
28 163
63 206
88 49
132 101
152 165
95 36
254 176
98 153
76 193
259 157
231 214
204 193
52 214
135 101
243 71
87 179
169 145
93 40
259 30
259 161
157 34
195 75
132 45
214 51
23 39
172 2
79 191
148 226
27 225
202 195
99 93
128 173
135 18
227 141
21 40
2 136
168 147
154 163
82 187
143 227
96 159
72 198
149 134
163 154
187 249
91 171
120 63
100 142
211 57
200 70
93 99
13 43
26 260
147 99
19 41
129 45
166 149
152 165
182 212
68 75
34 157
131 161
78 64
29 162
169 18
220 39
135 101
53 213
52 87
77 193
214 231
30 132
171 138
217 102
228 136
14 262
241 201
68 118
88 177
124 56
84 106
133 153
131 37
35 95
100 12
211 184
14 227
247 64
218 171
41 20
18 100
45 135
198 73
223 159
14 43
22 261
144 100
228 0
136 1
120 63
26 37
210 57
45 255
160 31
196 201
97 154
226 147
123 184
42 92
245 194
215 178
135 142
169 143
30 34
171 11
156 133
93 168
6 228
9 262
116 70
243 71
4 45
252 179
35 156
98 24
33 259
34 30
126 177
163 222
201 114
68 118
129 172
168 146
212 233
44 136
99 146
31 160
100 12
84 56
164 153
191 247
172 1
168 147
145 227
45 135
41 256
32 159
142 100
82 59
27 164
81 61
0 45
148 40
238 78
210 57
200 71
221 225
140 170
152 133
44 91
3 228
216 176
84 184
240 75
142 262
101 137
161 30
76 194
260 156
23 226
65 204
3 172
243 197
24 38
38 221
144 42
88 104
205 65
11 171
153 98
50 126
163 221
101 11
117 195
134 263
64 78
92 43
62 80
99 146
92 226
139 101
172 133
204 112
58 210
263 3
228 1
154 163
8 45
197 73
32 32
141 170
172 134
154 37
121 188
263 128
186 209
100 142
159 96
15 170
94 98
13 43
155 224
44 91
228 130
42 92
228 132
139 227
132 172
175 127
98 154
226 148
171 137
162 156
145 169
220 39
85 181
53 213
180 214
125 52
88 103
192 205
204 193
152 98
194 75
36 94
138 101
212 182
215 50
228 4
148 226
171 9
44 12
97 28
15 43
211 183
215 49
58 210
43 219
59 249
108 209
134 150
227 16
32 159
256 43
134 45
227 144
167 20
90 46
247 190
205 238
159 96
15 170
98 221
43 140
61 208
44 91
185 250
136 5
211 57
38 152
85 182
143 42
94 37
99 20
10 171
219 41
18 42
130 45
117 70
72 115
86 180
193 203
40 220
10 44
132 33
34 30
169 17
13 262
11 228
134 228
134 263
145 41
28 35
26 225
75 68
158 33
43 143
6 172
164 152
192 246
89 174
249 186
145 226
23 134
13 170
224 222
227 141
31 96
90 174
248 61
1 263
167 148
175 89
261 19
100 140
33 158
196 201
97 155
99 19
146 168
169 219
149 40
113 202
95 35
254 175
101 218
139 171
206 190
29 162
18 41
166 220
70 244
38 151
172 4
8 101
220 166
259 31
138 44
34 30
194 76
94 164
151 38
228 7
263 8
228 5
106 212
153 98
163 131
31 160
11 228
135 17
100 13
83 58
219 170
122 59
154 163
45 135
43 13
223 158
72 71
223 31
153 37
167 21
0 45
121 62
89 47
210 58
171 128
34 222
74 196
208 188
226 146
2 228
169 219
40 22
227 13
172 5
11 101
30 33
139 171
155 133
232 213
168 18
215 178
244 196
101 137
164 94
67 76
220 166
132 159
32 259
34 30
203 194
172 131
242 200
166 23
172 3
64 78
35 155
260 28
75 68
163 222
47 127
172 132
239 203
149 167
219 170
228 2
209 235
24 134
13 170
96 31
100 14
158 223
79 237
167 21
172 218
128 101
153 164
134 172
43 15
33 158
39 130
151 134
36 28
58 123
1 172
83 184
76 113
95 34
138 228
92 100
163 258
136 44
149 99
124 182
40 93
244 196
52 214
12 135
194 203
220 166
65 77
259 159
89 230
228 135
135 12
115 73
166 23
50 88
145 41
162 28
171 9
20 99
33 31
69 201
183 84
215 50
167 22
43 219
168 146
146 226
151 261
167 130
33 96
170 256
172 134
37 26
128 228
0 45
248 189
206 237
134 147
170 129
31 96
70 73
24 261
171 218
185 250
1 172
22 167
38 152
262 16
127 47
221 163
226 147
136 44
28 162
41 145
88 50
134 101
38 151
37 221
169 144
225 25
65 77
259 159
230 216
203 194
213 180
115 72
85 55
51 88
192 205
226 22
225 153
131 36
221 36
11 228
85 56
38 25
83 57
48 89
2 101
218 171
97 28
140 43
95 161
43 142
172 134
227 143
187 82
263 0
62 248
26 37
7 45
43 256
96 158
100 17
151 134
226 146
62 207
89 48
65 246
50 215
5 45
16 169
155 224
44 139
133 28
149 99
124 182
263 135
55 85
52 214
86 180
67 76
98 152
99 23
65 204
215 103
169 17
53 213
72 242
134 228
178 215
192 205
92 42
225 152
44 12
36 94
101 11
5 172
113 76
184 83
169 92
228 2
146 226
135 172
144 227
222 34
141 100
147 134
111 79
148 167
45 0
189 121
79 110
172 7
198 199
31 96
40 130
24 261
45 91
189 80
43 92
246 192
25 37
6 45
11 101
219 227
131 163
260 154
219 42
41 145
93 167
69 244
87 52
94 37
76 194
34 157
66 77
171 137
220 39
76 67
53 213
24 165
85 55
178 214
205 65
226 22
225 152
147 226
161 157
169 16
222 35
202 113
22 40
132 263
228 2
235 83
135 172
39 257
158 33
71 199
146 134
216 48
167 21
218 172
40 20
47 217
134 148
256 170
97 222
227 143
135 45
154 36
189 80
263 130
65 246
88 49
6 45
196 201
95 36
226 146
171 136
85 233
64 205
50 215
23 166
228 11
94 37
144 42
157 161
11 44
98 150
151 98
101 7
135 11
9 228
197 244
220 166
125 54
168 92
25 225
162 131
30 161
201 196
85 55
215 50
193 246
89 175
250 185
218 171
188 208
257 166
30 224
15 43
159 223
164 153
40 148
217 46
40 20
237 80
82 186
170 129
31 96
257 40
134 23
36 27
20 41
1 172
119 65
77 112
34 222
15 170
28 97
202 68
80 62
219 42
78 64
7 263
6 228
11 101
135 140
202 67
165 94
259 33
65 205
98 24
42 144
4 172
199 115
85 54
93 39
204 65
23 99
156 260
99 148
218 101
196 74
132 45
75 240
184 84
129 172
79 190
20 99
135 171
13 170
95 161
199 198
223 32
78 238
101 129
90 173
188 121
164 27
186 209
170 141
32 32
43 141
224 29
227 145
59 122
128 45
65 246
112 204
222 160
228 12
160 31
202 68
136 44
43 92
4 228
41 93
150 39
52 214
262 13
144 42
229 89
22 226
171 137
40 93
101 7
131 45
198 115
135 228
45 130
54 252
162 29
171 10
226 21
228 218
48 127
222 35
100 12
184 84
132 263
3 101
36 155
25 133
140 43
31 160
73 71
57 210
205 111
120 190
44 218
167 147
80 110
186 209
43 14
222 224
16 227
82 60
163 154
60 122
43 91
228 130
112 204
183 211
139 227
224 29
44 139
225 27
85 233
168 19
220 41
195 118
228 11
95 36
136 228
225 26
33 132
98 151
151 98
144 169
94 165
53 86
86 54
172 3
77 192
35 156
44 137
138 44
98 27
10 228
262 142
51 88
166 22
42 219
228 3
211 234
44 135
201 196
31 160
45 128
146 134
205 111
120 190
171 91
81 188
144 227
45 134
198 72
223 223
143 100
150 134
100 18
207 188
218 44
58 83
89 49
160 96
173 128
31 33
75 195
133 26
28 162
146 168
45 2
101 6
114 201
262 14
75 195
94 38
149 99
205 191
98 24
101 7
38 94
180 213
243 70
172 3
252 180
23 99
206 64
171 138
164 221
127 176
262 141
113 74
194 245
168 92
168 146
147 226
9 44
165 130
95 162
140 100
184 84
15 227
82 59
263 2
188 208
81 109
22 134
198 72
32 223
256 41
60 209
100 18
60 122
129 136
101 3
216 176
262 18
15 170
162 95
226 146
189 80
155 36
146 168
6 263
166 150
138 228
141 262
42 16
161 30
226 148
30 259
35 29
193 77
172 130
213 54
86 54
3 45
42 18
35 156
44 137
99 148
34 30
228 137
85 55
25 165
245 67
41 219
101 130
147 226
80 189
196 74
222 35
255 45
211 184
238 205
120 191
218 171
101 0
36 154
22 134
14 170
223 96
142 100
224 30
227 145
188 81
129 136
186 210
14 100
96 33
227 12
97 156
100 18
136 44
36 28
41 146
41 92
118 67
241 74
95 36
9 101
229 90
34 131
205 191
167 220
169 18
137 135
101 9
9 101
137 262
42 18
231 87
132 157
226 21
98 26
68 202
132 45
201 114
84 56
49 88
190 206
20 99
171 9
257 165
31 160
172 255
84 57
100 14
64 120
171 91
61 81
27 36
172 7
43 14
159 159
170 14
22 261
36 27
61 208
129 136
247 191
37 153
33 223
128 45
160 31
100 18
44 9
155 36
101 3
88 49
56 84
101 139
222 163
101 137
225 26
131 161
225 24
87 231
53 125
52 214
228 135
101 136
262 10
42 18
156 162
30 132
193 76
34 30
68 202
262 141
87 178
118 195
49 88
131 228
163 28
154 98
130 37
158 33
12 227
57 211
141 100
167 21
1 45
61 81
227 18
134 149
227 16
223 32
43 141
82 59
173 217
188 81
46 217
148 40
205 238
96 33
73 197
33 158
170 13
97 154
211 107
250 57
219 41
183 211
25 38
14 135
195 202
98 154
67 76
137 44
214 104
42 145
220 39
23 166
151 166
179 214
228 7
225 24
151 98
149 226
94 165
75 68
95 163
38 25
56 211
50 88
183 124
35 155
136 171
75 68
31 160
100 12
223 33
164 153
210 185
263 3
61 80
90 45
30 224
200 198
96 96
71 72
22 261
109 80
20 40
172 0
190 120
100 142
96 32
13 100
33 158
170 13
25 260
171 218
190 79
169 219
22 166
113 202
55 85
228 10
154 225
44 138
25 98
226 150
18 42
166 220
213 54
166 24
87 179
169 144
231 88
225 151
132 33
165 221
17 42
54 213
214 52
245 68
88 177
146 41
99 148
9 44
202 195
160 158
73 70
144 135
112 77
21 40
43 218
168 147
208 236
134 150
256 168
95 224
256 42
209 186
237 207
188 81
172 0
101 2
37 153
223 159
255 172
97 157
13 43
135 44
99 20
146 168
5 263
39 22
113 202
95 35
169 143
157 161
67 76
79 64
29 162
133 101
262 136
54 85
165 24
45 131
7 101
88 104
205 65
149 226
217 102
253 50
262 140
87 179
85 56
172 2
19 168
148 226
9 44
202 195
95 162
200 197
133 45
14 227
65 119
3 136
1 101
91 45
156 97
43 14
159 32
42 129
148 134
217 46
147 167
218 45
148 40
111 205
45 133
255 171
221 225
130 166
44 8
226 147
19 41
49 216
184 211
113 202
5 45
69 74
27 98
203 67
29 260
219 41
204 192
39 93
23 166
101 136
172 4
76 193
156 161
65 78
33 259
229 216
126 177
135 13
38 24
228 6
2 45
168 146
85 106
98 26
12 171
97 28
142 170
135 17
141 100
3 101
263 3
207 62
218 172
150 261
40 257
32 159
14 43
223 31
227 144
228 0
136 1
167 148
15 100
146 261
171 128
30 97
69 74
25 260
107 83
123 185
132 136
245 193
50 215
15 135
228 10
224 27
44 139
29 260
226 149
169 18
172 130
244 197
9 101
45 131
52 253
167 93
23 225
226 22
102 89
76 67
262 140
228 138
85 55
134 263
131 228
92 42
63 80
75 68
31 160
228 138
95 161
176 215
65 119
3 136
41 20
226 18
45 135
130 40
159 159
256 43
134 45
100 16
20 40
173 90
209 59
79 111
58 83
140 227
224 30
166 257
45 8
235 210
2 228
169 219
132 101
177 88
55 85
48 254
101 218
139 171
137 44
41 92
41 145
51 214
39 23
165 24
45 131
135 228
98 151
132 158
132 32
229 216
228 135
213 180
101 10
182 85
136 135
205 64
149 226
154 260
171 139
28 224
201 196
211 183
215 49
246 65
128 172
2 101
82 108
208 60
167 130
32 159
170 14
96 158
16 227
40 148
91 172
40 21
100 143
20 134
100 141
160 31
166 257
208 188
83 235
250 58
1 172
22 167
50 215
262 16
175 127
157 160
203 67
98 152
156 35
181 251
88 51
244 196
213 180
164 94
178 126
225 25
259 32
11 171
157 34
178 253
94 164
214 52
101 134
135 263
64 78
106 212
133 155
99 147
95 163
16 42
262 143
215 50
58 210
89 175
59 249
154 163
156 97
130 40
31 223
72 71
185 83
100 16
228 1
0 172
82 187
26 37
83 185
199 71
31 33
144 100
151 134
171 218
129 101
4 263
149 40
140 227
34 222
127 47
97 155
99 20
171 136
29 162
41 145
167 220
196 117
214 179
12 135
42 17
166 93
159 259
77 65
161 157
203 194
139 135
24 165
69 117
45 130
251 182
232 85
26 225
12 171
155 97
196 74
34 95
76 240
57 210
89 175
62 80
235 82
29 224
167 130
224 222
141 100
147 134
227 143
21 40
0 45
40 21
16 100
172 7
14 100
160 96
70 73
45 8
44 91
41 146
172 128
101 4
100 140
16 135
127 47
28 97
171 12
171 136
156 35
101 5
3 172
134 101
228 10
139 262
203 67
161 30
77 192
226 23
220 39
101 8
53 213
52 87
101 134
93 40
251 182
99 149
44 136
99 147
219 100
196 74
5 172
165 152
66 119
48 89
207 62
235 83
135 172
166 130
221 98
129 171
45 7
153 37
187 82
0 263
148 40
227 16
172 7
141 43
96 158
17 227
60 208
99 19
207 189
136 4
58 83
50 215
161 95
169 143
158 160
163 258
63 206
28 162
5 228
135 136
196 117
151 165
221 164
8 101
152 225
65 77
32 259
156 34
228 135
172 131
72 242
101 134
93 40
132 228
35 156
28 133
258 162
94 163
138 101
132 45
165 152
22 40
92 42
189 207
218 171
151 261
17 100
158 33
171 255
172 134
37 26
228 1
136 0
60 81
79 110
58 83
199 71
96 33
13 43
8 172
82 235
122 186
263 131
185 210
140 227
45 133
42 16
100 219
131 163
9 171
155 35
168 18
172 130
182 212
242 73
94 37
144 42
230 89
22 226
158 132
34 29
178 253
12 262
199 115
85 55
220 166
251 181
168 92
63 79
35 258
164 221
175 254
262 143
152 38
84 57
92 42
146 41
99 146
28 224
196 74
225 221
198 72
83 58
26 164
129 228
173 217
20 167
164 27
21 134
72 199
223 31
170 13
224 29
82 235
122 186
92 170
210 58
25 37
34 222
69 74
160 31
226 146
98 153
42 92
64 205
129 45
39 23
214 179
164 94
76 194
225 25
149 99
192 78
34 29
76 66
221 38
242 199
244 70
166 93
192 205
86 105
225 152
203 194
228 218
101 10
35 95
50 88
193 246
219 169
146 41
226 20
81 188
257 166
222 34
227 140
159 223
78 238
247 63
91 45
81 187
37 154
21 134
14 170
96 158
197 200
208 187
18 227
101 1
47 216
228 130
77 112
84 183
46 255
160 31
139 171
207 189
85 233
101 4
177 88
228 133
179 87
45 131
194 203
216 229
171 11
137 44
215 103
193 76
38 94
38 24
181 85
214 51
6 101
226 23
44 137
20 99
154 98
175 254
222 35
165 152
132 228
263 5
168 146
155 163
97 28
43 13
97 30
171 255
96 159
100 15
148 167
263 1
228 0
144 227
261 21
43 14
96 33
227 143
209 187
209 109
228 128
172 128
65 246
176 88
84 183
197 200
162 95
258 37
207 189
21 226
168 19
129 45
23 166
24 38
135 140
101 136
157 161
160 259
158 132
220 40
134 101
38 94
38 24
197 243
45 130
192 204
213 232
10 44
139 44
101 91
143 169
222 35
75 240
228 5
132 263
123 57
44 218
8 44
38 257
30 224
255 45
184 83
37 26
190 247
0 45
61 248
37 154
148 261
142 227
97 222
41 129
23 261
109 81
189 80
91 170
130 101
14 100
33 223
173 128
29 97
75 195
171 136
92 170
101 4
88 50
6 228
228 11
135 140
144 42
225 26
204 66
225 24
231 215
52 125
138 135
136 101
197 243
136 262
42 18
220 168
25 225
171 138
101 91
254 49
55 212
202 113
228 5
49 89
57 250
163 28
61 80
38 257
33 31
200 197
32 96
15 227
129 228
171 91
20 167
100 144
209 59
169 129
96 159
168 256
82 60
172 217
249 60
44 91
64 247
153 164
6 45
200 70
158 160
195 202
44 9
233 211
191 79
177 88
245 195
178 87
54 86
228 9
165 94
171 11
44 10
167 220
42 144
262 137
9 228
197 243
87 179
192 204
226 23
64 79
203 194
225 154
16 42
45 5
139 100
211 183
133 263
101 130
43 218
154 97
201 196
29 224
43 142
223 33
205 111
2 101
172 1
0 101
227 17
22 134
14 170
159 223
168 256
209 187
236 208
20 41
218 44
120 64
216 176
160 96
255 173
162 95
131 164
9 171
219 43
251 56
41 93
6 228
178 87
95 36
42 16
153 225
161 259
10 171
151 98
145 169
87 52
24 166
101 135
221 166
145 42
93 41
10 44
194 76
228 217
101 10
222 35
165 152
132 228
88 176
41 19
163 28
171 9
74 69
226 220
142 170
262 145
238 205
167 21
91 44
188 208
46 217
22 134
198 72
223 159
198 199
59 209
100 18
41 147
44 91
83 186
100 141
57 84
43 15
156 224
196 201
26 260
107 84
168 19
263 133
166 149
11 101
212 54
228 9
165 94
44 138
225 24
40 93
169 18
94 165
9 228
116 198
135 137
53 252
225 23
10 44
258 161
38 94
9 228
54 212
25 165
84 56
176 215
101 130
92 43
44 136
165 130
99 93
197 73
33 96
89 176
167 21
2 136
188 208
173 90
134 172
14 170
159 32
42 129
59 209
163 154
122 187
1 172
167 148
89 48
133 172
255 172
226 93
100 18
207 189
163 155
228 130
88 49
101 5
228 12
222 163
127 49
101 217
44 138
205 191
214 104
133 101
179 87
24 166
101 136
45 130
101 134
23 98
157 259
203 193
225 153
202 195
212 181
201 114
118 194
136 133
206 64
43 219
189 207
146 226
160 158
255 46
96 160
164 153
3 101
47 90
228 1
173 90
82 187
198 72
32 96
129 169
82 59
81 236
0 228
172 128
228 129
37 153
223 160
73 197
160 31
257 38
9 171
234 211
250 57
172 129
245 194
38 152
162 95
42 16
217 228
148 99
64 205
23 226
133 101
87 52
228 135
151 166
221 165
180 125
87 104
132 157
259 160
161 157
42 144
36 95
228 138
133 228
129 172
228 4
162 28
26 133
195 75
224 156
70 200
211 184
141 100
210 185
218 171
207 61
36 154
23 134
168 129
159 159
129 169
209 186
217 46
248 61
172 0
21 167
238 78
96 32
15 170
95 34
170 13
171 135
226 147
130 101
169 219
57 84
139 227
222 162
68 75
218 228
258 34
25 98
150 99
169 18
51 214
213 54
86 53
45 131
77 193
98 151
259 31
226 22
34 30
75 68
4 172
214 51
228 6
41 220
131 228
92 43
136 171
139 44
220 99
200 197
144 135
26 164
185 83
128 172
147 41
208 236
172 8
168 129
96 32
227 142
134 21
173 217
40 147
0 45
228 129
153 164
32 223
128 45
31 33
38 130
44 8
44 91
41 146
132 136
57 84
113 202
15 135
228 10
225 27
21 226
260 156
220 41
65 204
3 172
197 116
71 115
4 45
7 101
88 104
151 98
204 193
98 26
50 126
221 36
24 165
244 68
50 88
64 78
155 162
154 260
195 75
31 160
70 200
183 84
239 204
22 40
3 136
59 249
154 163
135 172
170 141
32 32
72 198
21 261
17 227
228 0
173 90
21 167
15 100
146 261
255 171
33 158
166 257
61 208
107 83
41 146
42 92
245 193
139 227
142 262
143 42
94 37
21 226
152 225
150 99
54 125
130 45
243 197
115 199
38 221
252 179
156 161
171 10
226 22
229 216
9 228
86 54
24 165
23 39
93 40
205 64
21 99
225 153
37 258
28 224
173 255
45 6
204 112
22 40
1 45
186 122
108 209
45 135
257 168
159 159
142 100
31 96
154 37
0 228
172 218
129 101
111 205
261 19
227 13
158 160
257 39
155 224
163 155
123 185
175 89
39 22
113 202
95 35
143 42
218 228
35 131
171 137
105 86
228 133
172 130
23 166
72 115
86 180
169 144
40 220
23 225
99 149
161 157
253 50
135 13
165 151
134 228
136 134
64 78
21 99
154 260
171 139
160 158
255 47
6 172
112 76
119 192
43 219
20 168
218 172
23 134
13 170
96 160
43 141
223 31
217 47
61 121
45 91
190 120
206 238
6 45
199 71
30 97
144 100
81 61
44 91
228 129
5 263
193 119
50 215
172 5
175 127
164 94
12 44
152 225
35 29
132 101
166 220
117 70
213 180
11 135
52 253
39 220
99 23
132 32
94 166
228 135
37 94
228 137
166 23
135 263
191 205
162 28
98 26
195 75
163 222
16 42
183 84
112 76
22 40
263 4
101 129
99 146
156 97
70 200
158 96
71 199
7 172
164 154
121 189
217 173
1 228
153 164
83 185
128 44
31 33
257 39
135 45
210 108
19 41
136 4
193 119
152 165
212 55
74 196
37 221
35 131
155 133
99 22
54 124
172 130
212 55
72 115
4 45
76 194
215 230
11 44
149 226
230 216
169 17
262 139
228 137
244 69
220 167
132 228
35 155
136 171
131 36
163 222
201 196
143 135
203 112
40 149
175 216
80 189
235 82
187 208
144 227
160 223
43 129
185 83
100 16
81 60
217 172
228 128
143 227
83 185
227 14
94 98
130 166
135 45
83 235
101 2
4 263
228 131
13 100
95 34
196 201
158 160
202 67
133 28
29 162
55 124
136 8
85 182
52 214
172 4
126 51
152 225
132 159
65 204
34 30
101 8
135 12
151 38
85 55
215 50
145 41
162 28
63 79
131 36
31 160
143 169
135 16
165 152
210 184
48 89
228 2
146 226
29 224
13 170
97 95
100 14
210 185
26 164
1 101
217 172
82 187
227 16
58 83
14 100
96 33
40 130
24 261
82 235
146 168
175 89
66 246
100 140
222 161
11 101
31 33
99 20
44 9
219 42
78 65
263 135
39 23
214 179
94 37
17 169
25 98
65 77
132 32
157 34
178 253
221 37
24 165
69 117
215 51
124 55
35 156
206 63
131 36
92 227
254 47
95 161
227 140
119 193
1 45
168 146
154 163
28 224
257 167
221 98
170 15
172 134
47 89
209 187
0 45
40 21
153 164
31 223
71 72
159 159
43 140
60 208
91 172
62 207
1 172
101 4
88 50
56 84
69 74
219 227
20 226
9 171
106 85
251 55
50 215
117 69
73 115
139 262
126 51
225 25
44 138
99 150
88 230
101 8
131 45
137 101
39 150
8 136
5 101
232 86
190 206
147 226
33 30
127 175
143 135
50 88
22 40
136 131
58 250
218 171
188 208
74 70
225 221
44 128
58 210
216 47
121 189
173 217
60 81
37 153
172 7
141 227
96 158
257 40
134 24
146 99
62 207
170 219
65 246
37 152
84 183
254 174
31 33
139 171
98 153
226 149
191 78
215 177
182 212
179 87
140 262
51 253
94 39
44 138
171 137
93 166
67 203
262 139
86 180
150 166
166 93
78 192
213 232
98 25
76 67
91 228
101 11
95 162
100 13
131 228
5 136
123 58
226 19
134 152
140 43
224 157
142 170
261 146
206 111
63 121
128 263
188 121
100 143
96 31
43 14
159 159
70 73
60 208
209 108
80 62
263 130
192 119
14 100
95 34
174 127
160 31
146 99
9 171
155 35
131 101
88 50
117 68
200 241
13 135
144 42
34 157
22 226
132 31
88 230
66 203
94 165
38 24
228 8
51 87
205 65
156 162
225 152
171 139
34 30
127 175
85 55
75 240
57 211
42 219
168 146
163 28
81 188
196 74
94 225
255 44
185 83
164 153
209 186
45 218
187 208
154 164
31 223
71 199
223 160
73 197
261 150
18 227
128 101
130 136
130 101
227 14
34 222
197 201
36 222
37 131
207 189
28 162
101 4
40 93
68 244
38 151
135 140
144 42
102 216
22 226
158 132
88 230
76 66
262 138
151 38
116 197
39 220
228 6
162 29
171 10
20 99
157 34
42 143
85 55
139 100
57 211
129 172
123 58
99 147
133 152
130 39
97 30
43 142
134 19
26 164
40 148
136 128
101 0
17 100
59 82
142 227
32 32
14 43
187 82
218 45
1 228
47 216
130 101
88 49
222 160
101 139
224 28
37 131
27 260
35 28
19 41
88 50
6 228
11 101
221 163
228 9
26 98
149 99
225 24
220 40
204 193
131 45
136 101
212 181
51 87
145 42
35 156
98 25
67 203
164 221
42 143
45 5
202 113
184 84
172 2
168 146
20 99
133 152
201 196
161 222
45 128
45 6
48 89
21 40
0 172
208 61
110 207
59 82
100 142
31 96
200 70
224 29
18 227
62 207
170 218
64 246
153 164
144 262
142 43
35 222
164 258
260 154
99 21
124 183
88 50
133 101
38 152
36 222
195 202
102 217
149 99
191 78
29 162
144 169
94 165
116 71
86 54
93 39
101 133
41 220
64 79
11 171
98 27
49 127
142 135
88 178
184 84
136 132
101 130
99 147
188 207
140 43
34 95
170 15
184 83
89 175
2 101
217 46
0 101
17 100
134 172
256 169
159 223
197 200
30 97
36 27
60 122
171 218
130 101
26 37
6 45
70 73
160 31
258 37
133 26
99 21
251 56
50 215
56 84
101 138
45 132
42 17
157 161
77 193
225 24
87 231
252 52
52 214
116 71
101 135
87 179
53 252
231 87
171 10
226 21
98 27
68 202
135 14
12 227
39 149
172 2
168 146
36 155
62 80
165 130
160 158
142 170
33 96
100 15
247 63
44 218
81 188
36 154
149 261
129 42
32 32
141 170
60 209
163 154
187 249
128 45
210 58
77 112
211 57
12 100
97 156
37 131
133 26
99 21
101 4
41 93
6 228
87 51
135 141
9 101
26 98
193 204
24 98
24 225
77 66
87 52
24 166
243 71
135 137
252 180
104 214
171 10
161 131
94 164
202 195
262 141
51 87
22 39
41 219
41 19
99 147
9 44
227 18
156 97
197 73
96 160
142 100
59 209
218 171
20 168
208 236
134 149
169 129
32 32
43 141
172 134
173 217
81 61
128 45
186 210
100 141
172 6
142 43
156 224
100 18
207 189
234 211
130 101
49 215
118 67
165 25
141 262
136 228
90 102
21 226
44 10
40 93
145 169
165 221
166 151
228 9
165 94
125 53
162 29
259 30
99 148
225 153
49 127
36 95
87 178
101 133
172 2
250 184
219 170
62 80
43 13
93 226
139 100
135 18
77 238
21 40
129 263
101 0
217 173
30 224
198 72
32 32
72 198
134 45
109 81
101 0
263 129
191 120
100 142
211 57
172 128
222 162
100 18
260 153
147 99
41 146
49 215
149 39
201 241
36 222
195 202
221 165
193 203
157 132
220 41
145 169
87 52
116 71
71 116
137 262
66 77
220 167
225 151
44 11
98 26
136 101
95 163
178 214
22 39
41 219
79 191
21 99
189 207
43 13
226 220
255 46
96 160
77 239
228 3
90 174
20 168
46 217
82 187
256 168
96 96
72 198
82 59
90 173
0 101
45 1
120 64
164 26
223 160
13 100
162 95
13 43
80 62
91 170
130 101
176 89
183 211
12 101
132 172
169 143
221 164
194 203
30 260
99 23
145 169
130 45
116 70
213 180
52 87
228 7
104 214
151 98
149 226
90 229
75 68
222 36
201 114
166 23
168 93
56 251
162 28
98 27
202 195
160 158
170 15
160 223
227 141
40 148
2 136
1 101
100 145
60 82
143 227
32 223
14 43
59 209
217 46
147 167
171 218
63 247
142 227
172 6
140 227
158 160
165 257
154 224
155 36
130 101
136 5
57 84
178 88
172 5
254 176
161 30
34 131
10 171
29 162
53 125
45 3
116 70
9 101
45 131
52 252
40 220
191 205
66 204
153 98
169 17
95 163
101 11
150 166
177 215
56 251
106 211
80 189
68 202
220 99
139 100
6 172
204 112
3 101
128 172
1 101
36 154
187 209
16 100
96 32
256 42
209 186
37 27
40 147
218 44
120 63
164 26
146 261
170 142
33 158
13 43
171 135
218 44
206 190
136 5
84 184
152 165
262 15
101 137
161 30
226 148
79 64
156 35
228 133
220 39
166 150
180 86
165 94
17 169
220 167
225 151
99 149
90 229
101 9
135 13
52 87
6 101
134 263
101 131
212 233
171 9
139 44
29 224
128 173
211 183
176 216
246 65
45 128
59 249
172 91
261 23
143 227
33 96
227 142
134 21
227 144
0 228
0 172
120 63
227 15
83 184
71 72
224 30
39 130
97 155
83 234
130 101
5 263
101 5
139 227
162 95
228 10
218 228
131 162
191 79
29 162
252 54
214 178
243 197
228 9
179 214
179 125
103 215
44 137
171 138
157 34
136 101
262 140
241 200
85 56
40 220
251 183
162 28
189 207
99 146
31 160
197 73
6 172
204 112
167 22
174 216
128 228
45 218
208 60
70 200
31 223
43 141
31 96
27 164
188 248
172 0
120 63
164 26
134 146
140 227
94 98
196 201
135 44
91 171
19 41
132 136
118 66
240 75
172 5
127 48
97 154
99 20
156 133
232 213
42 145
166 220
85 181
151 165
4 45
7 101
40 220
205 65
77 66
89 229
144 169
135 13
228 138
195 244
50 88
101 131
226 21
26 225
171 139
95 163
228 138
56 211
215 49
22 40
174 216
62 80
45 218
187 208
130 40
158 96
129 170
186 83
100 16
208 187
0 172
101 2
26 37
146 261
199 71
222 161
140 170
81 61
218 44
41 146
216 175
132 101
202 240
132 172
137 228
30 34
12 44
171 137
149 99
168 18
136 135
70 244
24 38
94 37
76 194
215 230
10 44
259 159
34 30
8 228
262 140
73 242
55 212
88 177
182 124
42 219
206 63
131 36
97 28
174 254
183 84
13 227
131 228
219 170
249 186
172 91
172 8
257 167
95 224
43 141
21 261
16 227
148 167
218 45
209 60
47 216
20 134
227 14
33 158
196 201
172 135
163 155
63 207
219 42
84 184
165 25
45 132
143 42
164 94
12 44
79 63
169 219
205 192
263 135
182 212
24 38
172 4
194 203
230 88
99 23
259 159
89 230
203 194
131 45
179 214
244 69
177 215
5 101
106 212
155 260
202 195
227 219
138 101
84 56
227 140
65 119
48 89
207 62
209 235
134 151
144 227
160 223
256 43
20 261
174 217
21 40
45 0
1 228
110 206
96 32
142 43
95 34
144 100
81 61
44 91
58 123
263 131
22 167
38 152
135 143
47 254
30 33
20 226
63 206
219 42
5 228
167 220
244 196
228 10
221 164
178 126
166 93
138 171
138 44
220 39
135 101
45 4
151 38
150 166
263 8
228 5
85 105
171 9
99 147
28 224
16 42
56 211
165 152
184 83
92 43
207 62
91 45
29 224
200 197
32 32
141 100
7 172
110 79
40 148
90 45
60 82
206 237
172 7
198 199
96 33
73 197
135 45
235 209
101 2
131 136
167 149
240 76
183 212
74 196
33 158
68 75
28 260
29 162
55 124
8 263
101 7
214 179
221 164
144 42
220 166
226 150
192 77
25 225
203 194
37 94
214 52
7 101
172 3
18 168
29 35
225 153
75 67
28 224
101 11
135 16
76 240
83 57
263 4
2 101
108 209
151 261
130 40
221 98
43 142
172 134
100 16
1 101
45 90
248 189
26 37
147 261
198 199
159 159
140 170
151 134
45 91
168 20
89 48
101 4
152 164
222 161
201 69
160 31
68 75
26 98
22 226
182 251
40 93
150 39
87 52
37 221
42 17
166 93
99 23
23 99
225 152
228 135
262 139
38 24
117 196
130 172
41 18
99 149
98 25
139 44
163 221
69 201
212 182
177 215
83 57
216 48
19 168
155 163
97 28
39 257
222 34
71 199
185 83
47 89
189 248
45 218
101 1
37 153
223 158
141 227
223 31
43 140
134 24
163 154
62 207
43 92
246 192
239 76
135 143
11 101
222 163
139 171
171 136
149 99
5 228
45 3
150 39
137 228
172 4
76 194
230 89
259 32
171 137
34 29
67 203
172 131
86 180
212 182
220 166
101 132
22 99
25 225
194 76
224 154
254 48
143 135
25 165
40 149
136 132
168 146
108 210
135 172
227 17
95 161
100 13
261 146
48 89
121 190
0 45
1 228
90 47
158 96
199 72
159 32
167 257
156 224
36 27
186 249
92 170
119 65
88 49
172 6
254 174
224 28
139 171
171 136
99 21
131 101
40 93
166 150
228 11
213 54
42 17
94 39
138 171
205 192
225 151
179 253
131 45
53 86
23 39
51 87
65 78
99 149
10 44
162 131
91 228
48 127
222 35
152 38
101 132
89 175
19 168
163 28
28 224
74 69
94 225
140 100
210 185
89 175
120 190
46 90
0 101
207 237
148 261
170 141
97 222
100 16
29 97
45 91
168 20
92 170
65 246
215 176
222 161
15 170
36 222
139 171
27 260
226 148
4 228
45 2
117 68
73 114
4 45
194 203
157 161
226 149
205 192
24 225
125 179
165 221
38 24
23 39
220 166
181 125
150 226
98 25
226 20
91 228
101 10
85 55
177 215
57 211
5 136
130 228
163 28
25 133
145 227
158 33
198 72
146 134
216 48
59 209
172 0
81 187
237 80
45 134
170 141
32 159
41 130
156 224
145 100
80 62
43 91
3 228
88 49
172 6
142 43
158 160
226 146
225 26
219 42
78 64
134 136
117 68
101 138
45 131
194 202
221 165
226 149
44 10
88 231
125 179
138 135
9 228
166 23
51 87
77 192
29 35
10 44
226 21
98 27
143 169
182 85
38 25
57 211
132 263
190 206
218 171
61 81
100 145
161 222
72 71
19 261
216 48
63 120
45 0
147 40
144 227
96 31
142 227
32 159
170 14
8 172
217 45
249 60
47 217
191 119
176 89
6 45
170 142
220 226
68 75
9 171
85 233
191 79
136 7
133 101
101 138
181 213
9 101
161 30
193 204
137 44
88 231
252 52
11 262
180 213
101 135
39 220
42 18
214 232
64 79
21 99
228 218
169 16
172 132
51 88
211 184
216 49
79 190
234 83
8 44
74 69
34 95
13 227
134 19
164 153
2 101
45 0
188 208
46 217
172 7
42 256
223 32
227 143
157 224
217 45
147 168
174 90
185 210
153 164
262 18
43 15
97 156
75 195
207 189
211 106
168 19
134 136
211 56
138 228
135 141
228 9
225 26
66 77
225 24
24 225
169 17
179 87
101 9
150 166
137 262
42 18
214 231
25 225
138 44
161 157
195 75
5 172
38 25
39 149
168 92
79 190
107 211
153 260
43 13
162 222
70 200
172 133
15 227
59 209
46 90
188 122
109 207
172 7
42 256
32 32
198 199
209 187
208 109
1 228
171 218
83 185
49 216
145 262
128 46
35 222
139 171
189 80
28 162
168 19
168 220
6 228
38 152
36 222
202 68
217 229
77 193
10 171
104 87
145 169
52 214
198 116
151 166
3 45
125 53
23 99
78 191
203 194
164 221
137 101
45 5
201 114
194 245
45 129
41 19
107 211
80 189
165 130
99 93
100 13
184 84
89 175
101 129
46 90
122 60
236 81
157 97
14 170
96 159
227 142
22 261
18 227
249 60
136 2
167 148
37 153
145 262
45 255
93 99
130 165
225 27
107 84
101 4
172 129
118 67
214 178
45 132
9 101
229 90
131 161
225 24
29 162
193 77
137 135
9 228
39 151
179 214
125 53
214 231
78 191
226 21
102 90
42 143
262 141
87 178
183 84
215 49
168 146
211 234
9 44
196 74
220 99
73 70
133 45
164 153
148 167
217 47
60 249
145 227
224 157
170 141
159 96
15 227
157 224
17 227
61 208
217 174
186 209
37 153
184 211
73 197
226 93
227 145
9 171
43 92
63 206
92 168
211 56
12 101
135 141
176 127
217 228
161 258
157 132
29 162
42 145
39 94
101 8
86 54
87 179
77 193
162 29
157 259
138 44
30 161
9 228
132 45
241 201
84 56
49 88
206 64
226 21
154 98
38 257
29 224
128 173
84 57
216 49
191 247
45 128
122 60
100 145
186 209
43 14
32 223
71 72
172 134
46 90
147 168
46 217
247 191
153 164
184 211
172 128
156 224
201 69
27 97
36 28
101 3
263 133
245 194
201 241
141 262
16 169
101 217
148 99
151 225
99 23
18 42
166 221
70 243
101 136
137 262
101 134
29 35
64 78
160 132
165 221
101 9
172 132
165 152
39 150
6 136
146 41
35 155
9 44
146 226
95 162
227 139
45 6
49 89
247 64
44 218
122 60
173 90
209 60
141 43
159 223
15 227
134 22
17 227
61 121
171 218
59 82
15 100
172 6
45 255
98 220
130 165
44 8
28 163
3 228
219 42
184 211
165 25
85 182
143 42
221 164
161 258
152 225
232 214
180 252
172 130
243 197
166 24
38 221
125 52
215 231
44 137
132 33
98 26
195 75
181 86
51 87
211 183
2 45
146 41
35 155
154 260
75 68
224 156
200 197
211 183
26 164
167 21
172 1
60 249
81 109
261 23
200 197
96 159
198 199
134 45
217 46
61 208
45 0
101 2
175 89
45 133
227 13
98 221
130 165
61 208
44 91
228 130
49 216
84 184
25 38
132 172
101 137
154 225
67 76
156 133
220 41
54 125
178 87
54 85
53 213
38 221
7 101
215 231
44 137
259 160
38 94
202 195
140 135
200 114
183 85
50 88
124 56
162 28
154 260
164 131
160 158
139 101
172 133
153 37
167 22
217 47
207 62
109 208
8 45
130 41
32 159
100 15
45 7
17 227
228 0
0 172
59 82
227 15
146 261
227 13
161 95
166 257
260 152
155 36
206 190
5 263
66 245
50 215
135 142
101 137
225 27
226 148
206 191
226 150
133 101
178 87
39 23
101 136
38 221
42 17
167 93
259 31
226 22
34 30
9 228
54 213
228 138
228 6
134 263
64 78
219 169
27 133
12 171
219 100
170 15
211 183
204 112
210 185
1 45
59 249
209 235
172 8
14 170
159 159
100 15
21 261
110 80
61 121
1 263
120 63
26 37
210 58
170 142
95 34
17 227
224 28
171 218
185 250
172 129
101 5
215 177
172 5
196 201
27 97
162 258
225 25
105 86
133 101
172 130
116 70
115 199
180 213
193 203
215 230
259 31
138 44
165 221
17 42
262 140
138 101
68 117
215 50
182 124
155 162
260 27
164 131
28 224
196 74
133 45
49 88
83 58
128 172
122 59
145 227
150 261
167 130
223 33
199 71
186 83
27 164
121 188
173 90
82 186
142 227
146 261
44 255
222 161
43 140
134 25
171 218
63 206
5 263
228 132
240 75
35 222
201 69
224 27
171 12
206 190
86 232
228 132
136 135
117 70
213 180
94 37
76 194
24 98
192 205
259 159
166 221
144 169
180 86
228 137
117 196
177 215
78 191
219 169
136 171
195 75
158 33
127 174
144 135
176 215
40 149
48 89
207 62
146 226
151 261
16 100
223 158
227 141
96 158
237 207
187 81
91 172
228 128
26 37
147 261
71 72
222 161
144 100
81 61
91 171
41 146
172 128
66 246
165 25
45 132
16 169
164 94
203 67
79 63
105 86
145 168
172 130
150 39
38 151
37 221
253 178
166 93
226 150
132 32
39 93
126 178
37 94
137 101
196 244
215 50
55 251
28 35
206 63
131 36
158 33
196 74
45 5
88 177
22 40
216 48
101 129
226 19
97 29
167 130
222 97
199 198
31 96
227 143
128 228
45 0
21 167
110 206
223 159
15 170
158 160
130 166
155 224
36 28
129 101
92 169
167 149
25 38
56 85
228 11
227 91
147 99
225 25
219 42
5 228
130 45
196 117
137 228
172 4
17 169
39 220
99 23
23 99
157 34
51 126
180 86
179 214
85 55
172 3
18 168
99 149
153 98
99 147
155 97
74 69
222 34
113 76
210 184
4 136
146 41
45 218
24 134
17 100
223 158
14 43
96 158
206 110
21 40
172 218
21 167
16 100
96 31
199 71
31 96
130 167
261 151
19 226
80 62
170 219
149 40
203 240
34 222
196 201
97 155
139 171
44 9
35 29
251 55
8 263
23 166
72 115
45 131
144 42
34 157
192 204
226 23
157 34
169 17
262 139
87 179
39 150
40 220
18 168
92 42
133 155
202 194
31 160
138 101
16 262
38 25
228 4
89 175
62 80
171 91
135 172
257 167
221 98
198 72
223 31
237 206
209 187
217 45
62 248
16 100
83 185
43 256
159 32
70 73
151 134
27 163
101 2
263 131
228 131
215 177
211 56
174 127
158 160
195 202
155 133
233 212
205 191
130 45
55 85
137 228
86 180
51 253
93 39
132 159
150 226
225 152
253 51
94 164
53 86
134 228
130 172
181 124
29 35
133 155
226 20
154 97
201 196
143 135
38 25
83 57
128 172
58 250
99 146
135 172
17 100
30 224
71 199
134 20
238 206
62 121
136 0
62 248
164 26
7 45
170 141
223 31
200 70
151 134
226 146
207 189
89 48
246 192
25 37
172 5
69 74
92 100
146 99
98 153
92 169
55 124
172 130
134 101
200 242
13 135
126 51
166 93
171 11
192 78
34 29
203 194
86 53
228 137
85 55
3 45
41 18
219 168
133 155
44 12
221 37
48 127
222 35
152 38
57 211
172 2
123 58
108 210
61 81
69 201
224 157
227 140
223 32
26 164
1 101
136 128
167 147
47 217
261 21
141 227
159 32
130 167
97 156
154 36
207 189
3 263
246 192
49 215
262 17
16 169
97 155
139 171
9 171
155 35
124 182
7 263
85 182
179 87
221 164
67 76
98 152
22 226
259 158
103 88
193 76
165 221
86 180
39 150
87 178
78 192
105 213
25 225
12 171
161 157
254 48
55 212
12 227
211 184
216 48
250 185
83 107
97 28
201 196
221 98
44 128
133 45
15 227
209 186
263 1
167 147
217 174
21 134
129 43
96 33
16 227
224 29
235 209
186 249
136 3
3 228
239 77
56 84
43 15
36 222
202 68
133 27
35 28
124 183
50 215
85 182
52 214
135 140
194 203
25 98
33 132
132 31
167 220
101 7
221 38
199 115
70 116
39 220
77 192
35 156
190 206
44 12
221 37
143 169
85 55
177 215
118 193
49 89
206 63
171 91
28 224
196 74
222 34
171 255
134 19
175 216
209 186
263 1
208 60
173 90
59 82
43 256
95 97
73 197
135 45
145 100
20 41
216 174
246 192
37 153
56 84
70 73
92 99
226 146
62 207
21 226
4 228
93 168
228 133
151 165
221 163
177 126
34 157
66 77
44 10
215 104
76 66
45 4
165 151
166 23
135 136
228 6
41 220
64 79
35 258
228 218
254 48
85 55
38 25
67 118
176 216
184 123
83 107
224 155
39 257
94 225
255 45
6 172
78 238
101 129
46 90
0 228
110 207
223 158
15 100
224 95
129 168
60 209
172 217
189 80
136 3
119 64
153 164
133 172
43 15
33 158
68 75
44 9
106 85
64 206
172 129
84 183
52 214
135 140
169 144
153 225
193 204
98 151
151 98
66 204
131 45
213 53
213 181
166 93
133 228
232 87
152 98
67 203
157 34
169 16
15 262
152 38
118 194
136 132
146 41
83 107
224 155
201 196
95 161
170 15
134 19
238 205
59 209
128 263
208 61
217 173
7 45
170 141
159 32
197 200
45 8
27 163
101 1
44 91
247 191
216 176
6 45
128 46
158 160
12 44
44 9
170 219
183 251
2 172
245 195
228 11
213 54
228 9
102 217
259 33
171 137
162 156
42 144
165 221
71 243
70 116
220 166
53 252
226 23
10 44
258 161
157 34
68 202
212 182
215 51
132 228
41 219
168 146
43 218
61 80
145 227
224 156
255 45
172 133
205 111
82 59
218 171
168 147
207 236
59 82
256 169
159 223
71 73
97 157
145 100
81 61
47 217
185 210
77 112
184 211
12 100
158 160
99 19
225 27
211 106
146 168
93 168
56 84
214 178
85 181
202 68
34 157
99 21
78 64
24 225
77 66
135 10
136 101
166 24
87 179
125 53
150 226
64 78
148 226
225 153
68 202
141 135
12 228
84 56
41 219
184 123
28 36
154 97
201 196
95 162
170 15
57 211
78 238
101 129
129 263
61 81
100 144
209 59
72 71
223 96
14 43
172 134
100 18
208 188
2 263
64 247
176 89
96 33
43 15
31 33
257 38
80 62
84 234
101 4
219 41
22 166
228 11
181 212
202 68
30 34
76 193
259 157
87 231
125 180
137 135
198 116
198 243
130 172
66 77
225 23
10 44
131 34
98 26
75 68
14 262
12 228
149 166
92 41
228 3
163 28
207 62
227 18
95 162
12 227
211 184
204 111
120 191
1 45
0 101
81 109
59 82
14 170
32 96
71 72
30 97
81 236
0 101
218 44
167 148
37 153
223 160
100 139
226 93
201 69
97 154
155 36
146 168
172 129
211 56
139 228
222 163
16 169
98 153
11 44
137 44
23 225
193 77
179 87
116 71
71 116
214 52
252 180
220 167
24 225
203 193
157 34
16 42
45 5
25 165
84 56
136 133
79 191
99 148
27 225
99 145
99 93
70 200
57 211
153 37
228 3
218 171
20 168
36 154
172 7
14 170
96 32
15 227
134 45
109 81
0 228
129 136
101 2
205 238
145 262
172 128
222 162
43 140
62 207
20 226
228 130
92 168
132 101
201 241
35 222
195 202
153 225
11 44
157 132
220 41
228 133
262 137
228 135
198 243
137 262
228 7
93 40
171 10
44 11
30 161
169 17
262 141
201 114
68 118
88 176
64 79
43 219
9 44
164 131
31 160
200 197
262 145
14 227
3 101
218 171
187 122
217 173
172 7
168 129
96 223
256 42
224 30
236 207
20 40
263 129
101 2
227 15
133 172
73 197
160 31
165 257
188 80
163 155
190 79
133 136
228 132
215 178
212 55
68 75
157 161
44 138
225 25
162 156
101 6
93 166
116 70
53 213
94 38
77 193
88 104
157 259
160 132
229 217
228 136
213 181
114 74
195 245
168 93
168 146
148 226
154 98
19 99
226 220
142 170
160 223
164 153
148 167
130 263
1 101
45 217
45 135
41 256
159 96
129 169
134 21
154 37
188 248
1 263
148 40
227 15
134 146
13 100
97 157
100 18
80 61
44 91
41 146
2 172
184 211
113 202
262 15
175 127
91 101
203 67
225 25
168 220
54 125
178 87
85 181
71 115
135 138
144 42
167 93
259 31
193 77
90 229
202 195
221 36
151 38
228 6
136 134
228 4
219 170
189 207
171 139
33 31
101 12
17 262
239 204
228 3
170 91
80 189
100 145
23 134
16 100
33 96
198 199
158 223
173 217
208 188
0 45
247 190
238 78
172 6
71 72
33 158
39 130
188 81
171 218
228 130
263 132
118 66
202 240
55 85
201 69
228 91
194 203
156 133
226 150
54 125
214 178
85 181
24 38
165 94
144 42
167 93
150 98
193 77
89 229
101 9
135 13
165 151
85 56
134 263
168 146
162 28
154 260
75 68
100 92
15 43
222 34
112 77
167 22
130 263
186 122
145 227
187 208
143 227
223 33
170 256
96 158
27 164
20 40
46 217
247 190
48 216
45 133
100 140
221 225
196 201
61 208
226 147
146 168
5 263
184 211
38 152
172 5
137 228
157 161
147 99
206 190
41 92
228 133
166 220
85 181
72 115
138 262
203 66
230 88
225 150
132 33
98 25
76 67
262 140
114 73
182 85
40 220
41 18
233 85
260 27
44 12
28 224
128 174
144 135
239 203
83 58
172 1
207 62
82 108
81 187
13 170
97 95
141 100
148 134
144 100
101 128
0 45
167 148
79 111
159 96
43 15
160 31
170 13
188 81
28 163
129 101
45 2
101 5
88 50
212 55
196 201
101 218
171 12
137 44
22 226
65 205
214 178
55 85
38 151
11 135
17 169
39 220
10 44
149 226
34 30
126 177
53 213
228 137
196 244
172 2
5 101
106 212
44 136
44 12
92 227
169 16
172 133
215 49
131 228
219 170
101 129
154 163
24 134
13 170
33 96
227 141
58 210
207 110
128 228
218 45
189 121
16 100
134 172
128 44
160 31
166 257
81 61
28 163
250 58
45 1
119 66
100 140
16 135
254 175
160 30
203 67
206 190
92 168
124 181
45 3
39 23
24 38
12 135
203 67
29 34
65 78
22 99
220 39
144 169
131 45
73 242
196 244
177 215
64 78
92 42
171 9
131 36
97 28
127 174
5 172
112 76
185 83
219 170
62 80
99 146
60 81
257 167
159 32
256 43
31 96
37 26
60 208
218 45
1 228
153 164
172 7
170 142
161 95
13 43
135 45
171 218
146 168
48 216
4 228
113 203
135 143
101 138
224 28
75 194
225 25
232 213
251 55
220 40
150 39
228 10
135 139
126 51
98 152
99 23
192 77
157 34
203 194
53 213
228 137
182 85
93 40
65 78
35 155
44 136
99 147
28 224
127 174
222 34
227 140
228 4
170 92
123 58
108 209
172 8
140 43
96 160
43 141
223 31
227 143
248 62
136 0
228 128
227 16
83 185
43 15
224 95
43 140
155 224
82 235
80 62
172 128
22 167
88 50
135 143
201 69
227 92
258 36
28 260
35 29
41 145
8 263
85 182
165 24
221 164
51 253
230 89
99 23
23 99
152 98
126 178
213 180
10 228
85 55
263 8
182 124
22 99
26 225
171 139
219 100
11 228
143 135
140 100
131 228
45 128
19 168
27 36
155 97
170 140
32 31
100 14
158 223
79 237
21 40
91 45
228 128
164 26
158 96
72 198
96 158
170 13
172 135
218 45
20 41
89 48
167 149
13 100
183 211
11 101
100 219
75 195
136 44
155 35
124 182
177 88
101 7
179 87
164 94
17 169
166 93
192 204
171 138
166 220
194 76
12 262
213 53
166 23
8 136
78 192
213 232
171 9
99 147
91 227
143 169
95 161
100 13
83 57
175 216
62 80
171 91
172 8
70 201
158 33
15 43
96 159
26 164
228 1
218 172
167 148
26 37
185 210
170 141
33 223
130 167
172 135
108 82
228 129
43 92
58 83
50 215
56 84
16 169
95 36
171 12
155 133
28 162
5 228
136 8
117 69
10 101
135 139
8 101
30 34
22 226
171 137
220 39
101 8
213 180
165 151
182 85
166 93
168 145
232 86
225 152
139 44
218 101
175 254
85 55
88 177
101 131
132 263
146 41
83 108
28 224
100 144
30 224
255 44
172 134
153 37
148 167
172 91
147 40
227 16
134 172
72 72
224 95
70 73
45 8
99 19
62 207
136 3
119 65
13 100
17 135
16 169
31 33
195 202
26 98
219 42
4 228
45 2
101 7
200 241
221 164
8 101
25 98
204 66
192 78
34 29
7 228
180 86
180 213
70 117
166 93
78 192
156 162
25 225
171 139
91 228
74 69
132 45
88 177
40 149
2 45
19 168
226 19
188 208
130 39
31 160
71 199
6 172
206 111
59 209
263 1
188 121
17 100
83 186
141 43
32 159
16 227
81 60
145 100
62 207
1 172
83 185
77 112
161 95
170 143
158 160
99 19
153 225
42 92
191 78
177 88
244 195
114 200
94 36
194 203
98 152
259 33
225 23
230 215
144 169
262 138
213 53
181 85
87 178
145 42
213 232
29 133
162 131
101 91
48 127
142 135
38 25
39 149
132 263
168 146
36 155
61 81
130 39
33 31
43 142
19 261
15 227
209 186
218 172
228 0
174 90
172 7
15 100
32 159
170 14
261 150
163 154
189 80
216 174
83 185
204 239
17 135
43 15
28 97
146 99
153 225
85 233
56 124
177 88
117 68
114 200
163 94
144 42
26 98
44 138
171 137
156 35
101 7
138 135
180 213
181 85
135 136
54 252
41 220
98 25
35 258
98 27
137 101
35 95
202 113
184 84
263 5
123 57
147 226
135 171
69 201
95 161
140 100
32 96
48 89
21 40
263 1
188 208
46 217
172 7
72 71
97 222
227 143
45 8
18 227
186 249
1 172
21 167
14 100
133 172
142 43
93 99
12 44
136 44
170 219
146 168
41 93
228 133
101 138
13 135
253 177
102 217
22 226
158 132
151 98
17 42
138 135
86 180
8 101
172 3
252 181
226 23
64 79
12 171
101 91
195 75
85 55
12 227
101 132
132 263
146 41
163 28
155 97
170 140
94 225
227 140
96 159
48 89
167 21
217 46
167 147
80 109
45 134
43 14
159 32
200 70
82 60
154 36
207 188
171 218
247 191
204 239
135 144
43 15
29 97
171 12
9 171
106 84
79 64
263 134
101 6
228 11
222 163
228 9
98 153
171 11
191 78
29 162
252 52
135 11
228 136
213 181
93 39
192 204
87 104
44 137
99 148
161 157
10 228
5 172
25 165
84 56
172 2
190 206
163 28
136 171
38 257
93 226
255 45
223 33
15 227
101 129
1 45
61 81
227 17
22 134
141 43
159 223
14 43
97 157
27 163
128 101
2 263
191 120
14 100
133 172
73 197
29 97
146 99
62 207
170 219
131 101
133 136
6 228
74 114
45 132
228 9
229 90
77 193
78 64
225 151
77 66
45 3
198 116
198 243
130 172
204 66
162 29
151 98
11 171
30 161
127 176
132 45
74 241
5 101
129 172
206 63
147 226
154 97
13 170
224 156
227 140
145 135
142 100
247 64
217 46
0 101
154 163
186 209
256 169
223 223
227 142
134 22
154 36
187 249
129 136
167 148
153 164
45 133
197 200
156 224
145 100
171 136
43 92
183 250
129 45
67 245
201 241
36 222
176 127
165 94
138 171
64 205
150 98
252 53
137 135
54 86
101 135
221 165
193 204
156 162
191 205
138 44
38 94
101 9
163 222
152 38
118 194
88 176
130 228
92 43
26 133
201 196
95 162
12 227
6 172
164 153
186 82
44 218
0 228
17 100
149 261
43 14
223 32
15 227
134 22
163 154
101 0
263 129
148 40
78 111
145 262
12 100
29 97
18 227
224 27
20 226
41 146
92 168
84 183
101 139
95 36
75 195
161 30
99 21
24 98
93 167
228 133
166 221
54 86
243 71
221 165
204 66
104 214
151 98
148 226
30 161
42 143
132 45
214 51
118 194
176 215
206 64
107 211
171 9
226 18
220 99
200 197
223 33
112 77
247 64
217 47
61 81
163 27
82 186
71 199
223 32
256 42
134 22
27 163
187 249
136 2
191 120
227 15
84 184
197 200
97 156
13 43
26 260
155 36
228 130
2 172
228 132
101 139
262 14
195 202
26 98
99 21
157 132
93 168
42 145
52 214
213 54
86 53
135 137
66 77
24 98
259 30
171 138
225 153
9 228
36 95
25 165
6 101
2 45
124 56
92 43
260 26
146 226
158 33
46 128
160 223
49 89
191 247
44 218
249 187
90 46
224 157
100 143
32 96
129 169
149 134
173 217
81 61
2 263
59 82
205 238
133 172
15 170
29 97
74 196
61 207
28 163
19 41
172 129
245 194
240 75
5 45
101 137
27 98
44 138
152 225
231 214
18 42
3 172
166 150
243 71
221 165
179 125
104 215
24 225
259 160
217 102
136 101
222 36
38 25
6 101
263 7
228 4
106 211
260 27
164 131
226 220
73 70
144 135
89 176
185 83
45 128
20 168
27 36
150 261
141 43
96 32
71 72
134 21
154 37
248 61
0 172
228 129
26 37
133 172
198 200
30 97
257 38
207 188
218 44
168 19
89 49
101 5
113 202
132 172
42 16
98 154
21 226
25 98
99 23
181 252
45 3
135 101
53 213
262 11
134 228
24 98
31 132
259 160
90 229
169 17
54 213
87 179
68 118
129 172
64 78
35 155
154 260
68 202
97 29
170 15
223 33
77 239
22 40
174 217
62 80
81 109
23 134
227 16
32 159
129 169
223 31
17 227
20 40
136 1
167 148
153 164
210 57
72 198
34 222
257 39
155 224
163 155
206 190
169 219
132 101
88 50
35 222
169 143
30 34
21 226
79 64
232 213
54 125
39 93
39 23
228 9
179 214
134 228
29 35
98 23
44 11
98 26
17 42
131 45
200 114
195 244
167 93
146 41
85 106
98 26
195 75
28 224
197 73
183 84
100 14
192 246
170 92
1 101
172 91
187 208
197 73
159 159
43 141
158 223
154 37
40 147
0 172
40 21
48 216
45 133
43 15
34 222
43 140
260 152
163 155
63 206
2 172
84 184
100 139
142 262
143 42
161 30
139 171
156 133
156 35
181 252
45 3
39 23
24 38
11 135
228 7
24 98
171 10
138 44
225 152
228 136
45 4
200 114
101 133
40 220
205 64
42 219
44 136
75 68
224 155
228 138
133 45
176 215
4 101
43 219
168 147
218 172
23 134
16 100
159 159
199 71
31 96
37 27
228 1
217 173
82 186
26 37
6 45
72 198
94 98
17 227
28 97
107 83
190 79
42 92
101 5
240 75
85 182
254 175
101 218
226 147
156 133
168 219
192 78
178 87
228 135
228 10
37 221
203 67
39 220
23 226
11 171
94 166
126 177
135 13
165 151
7 101
220 167
191 205
233 85
133 154
12 171
224 155
138 101
6 172
112 76
40 149
172 1
122 59
99 146
23 134
100 143
32 32
72 199
58 210
37 27
248 62
217 173
82 187
164 26
185 210
141 227
97 157
130 166
24 261
99 19
185 250
136 4
131 101
13 100
182 212
143 42
91 100
147 99
79 63
41 92
251 54
215 178
101 7
115 199
37 221
76 194
34 156
158 259
132 32
30 161
17 42
164 221
10 228
55 212
40 220
168 145
226 22
98 26
20 99
97 28
254 47
211 183
76 239
119 192
216 48
62 80
226 19
208 60
17 100
159 159
227 141
134 20
90 174
121 189
136 0
62 248
89 47
172 7
170 142
97 157
227 144
224 28
44 91
250 58
48 216
167 149
177 88
5 45
101 138
94 36
75 194
98 152
105 86
168 18
135 136
244 196
38 151
131 172
194 203
166 93
204 65
138 44
93 166
101 8
213 180
228 137
150 166
177 215
191 205
28 35
133 155
44 12
92 227
169 16
135 16
13 227
192 246
45 128
207 62
108 209
8 45
73 70
95 224
170 256
83 58
47 90
248 62
0 172
248 189
153 164
134 147
100 141
160 95
73 197
28 97
108 82
2 228
43 92
119 66
113 203
56 85
143 42
97 155
194 202
9 171
226 149
205 192
172 130
7 228
24 38
135 139
51 253
93 39
99 23
32 259
216 103
101 8
135 12
214 52
55 212
45 130
228 5
232 86
28 133
139 44
97 28
254 47
135 16
177 215
83 57
169 92
146 41
154 163
61 81
140 43
95 160
170 15
172 134
237 206
40 148
0 136
62 248
153 164
147 261
141 43
222 224
257 40
151 134
209 108
207 189
175 89
65 246
100 140
45 132
201 69
224 28
20 226
136 44
226 149
41 145
215 177
134 101
228 10
262 12
76 194
25 98
226 150
204 192
39 93
126 178
221 37
115 72
39 150
40 220
18 168
169 92
28 133
194 76
155 97
201 196
34 95
13 227
210 184
4 136
80 189
44 218
28 224
257 166
33 31
171 256
223 32
100 16
248 62
263 0
148 40
90 47
185 210
256 170
32 32
144 100
135 45
163 154
147 168
43 92
210 58
100 140
211 56
74 196
160 31
195 202
79 63
42 92
55 124
50 215
166 150
101 137
86 180
135 228
216 230
99 22
259 158
220 39
169 17
94 164
242 199
134 228
39 220
41 18
29 35
25 225
44 12
157 33
201 196
172 132
202 113
167 22
136 132
58 250
28 36
81 188
144 227
160 158
43 142
159 223
100 16
248 62
90 173
248 189
80 110
158 96
72 199
223 160
100 16
134 23
172 218
62 207
136 3
167 149
49 215
6 45
47 254
95 36
146 99
27 260
212 106
251 55
177 88
196 117
101 138
131 172
8 101
25 98
132 160
23 98
161 156
253 52
135 11
86 180
70 117
166 93
54 252
213 232
10 44
99 147
101 91
48 127
35 95
25 165
149 167
42 219
101 129
19 99
171 8
43 13
222 34
100 13
261 146
153 37
120 190
173 217
121 61
217 174
148 261
170 141
31 96
100 16
23 261
218 45
101 1
130 136
185 210
100 141
45 133
128 47
158 160
171 12
260 154
226 148
251 55
220 40
244 195
200 241
172 4
253 177
157 161
33 132
192 78
167 220
203 193
86 53
165 151
181 85
51 87
54 252
150 226
25 225
171 139
30 161
228 137
182 85
113 75
22 39
169 92
79 190
147 226
224 155
130 39
98 94
13 227
19 261
205 111
120 190
217 46
0 228
110 207
96 31
170 129
96 33
14 43
224 29
163 154
207 189
130 136
246 192
14 100
45 133
70 73
36 222
164 258
260 154
35 28
251 56
220 41
244 195
241 73
4 45
144 42
89 102
149 99
192 78
167 220
42 144
221 38
165 151
23 39
3 45
169 145
226 23
152 98
76 67
218 101
42 143
35 95
113 75
149 166
169 92
101 130
155 163
171 8
196 74
221 98
100 13
172 133
205 111
148 167
44 218
188 208
217 173
82 186
15 100
31 96
256 41
224 29
163 154
147 168
217 174
191 119
204 239
84 183
128 46
35 222
171 12
80 62
106 85
64 205
220 41
183 211
201 241
222 163
126 50
90 102
226 149
158 132
231 215
101 7
165 221
86 180
213 181
135 136
169 145
35 156
137 171
258 162
37 94
228 137
95 162
202 113
22 39
132 263
130 228
171 91
97 28
140 43
221 98
140 100
83 57
15 227
167 21
45 0
0 101
207 236
186 209
14 170
96 96
170 14
97 157
100 18
20 41
44 91
130 101
112 204
262 17
46 255
33 158
75 195
133 27
233 211
131 101
45 2
245 195
152 165
86 181
68 75
217 229
77 193
259 157
29 162
144 169
4 172
136 101
86 54
166 93
101 133
35 156
29 133
203 194
218 101
16 42
5 172
178 215
39 149
219 169
190 206
170 91
154 97
38 257
222 35
73 70
133 45
78 238
21 40
44 218
228 0
163 27
7 45
100 142
96 159
71 73
261 149
27 163
208 188
171 218
148 40
164 26
133 172
139 227
31 33
139 171
153 133
226 148
19 41
168 220
211 56
228 11
5 45
42 16
102 217
193 204
157 132
214 104
53 125
172 130
151 39
101 135
52 87
252 180
104 214
98 24
99 148
217 101
101 10
172 132
178 214
228 5
89 176
190 206
218 170
171 9
13 170
220 99
172 255
135 18
78 238
40 148
218 171
122 60
81 109
209 59
199 198
96 223
14 43
172 134
217 46
249 60
263 129
210 59
100 141
145 262
46 255
162 95
145 99
80 62
43 92
41 146
41 92
149 39
201 241
5 45
202 68
102 217
99 21
24 98
23 225
66 204
130 45
213 54
213 181
179 214
18 169
40 220
98 24
76 66
38 94
202 195
262 141
241 201
194 245
219 168
206 63
92 43
260 26
201 196
33 31
15 43
33 96
216 48
21 40
129 263
122 60
36 154
157 97
199 198
159 96
129 169
224 30
227 144
60 122
45 1
120 64
142 227
84 184
100 139
160 31
100 18
9 171
163 155
146 168
2 172
245 194
165 25
36 222
101 136
101 217
138 171
157 132
23 225
53 125
166 221
86 181
101 136
10 135
193 204
156 162
151 98
34 259
161 157
42 143
54 212
138 101
101 133
45 129
228 4
43 219
62 80
130 38
29 224
15 43
223 33
89 176
83 59
172 1
208 61
109 208
97 30
199 198
96 159
14 43
134 45
173 217
187 249
2 263
40 21
48 216
135 145
170 142
226 93
257 38
153 133
43 91
79 63
136 6
183 211
101 139
14 135
228 10
217 228
161 258
10 171
23 226
18 42
166 221
197 116
53 213
130 172
228 7
167 93
225 151
149 226
225 153
16 42
212 181
152 38
166 23
136 133
124 56
92 43
207 62
164 131
35 95
170 15
45 6
14 227
228 3
129 263
1 101
100 145
224 157
170 141
32 159
198 199
30 97
46 90
40 147
46 217
209 59
26 37
32 223
227 13
156 224
145 100
154 224
218 43
228 130
169 219
84 183
113 202
35 222
176 127
98 154
34 131
79 64
23 226
101 6
130 45
86 181
24 39
165 94
125 52
24 98
98 24
160 132
157 34
68 202
181 86
228 138
211 183
168 93
101 131
211 233
207 62
139 44
158 33
200 197
33 96
204 112
191 247
3 136
61 80
208 236
261 23
73 70
32 223
14 43
148 134
100 17
61 208
173 90
21 167
238 78
133 172
71 73
31 33
140 170
44 8
83 234
250 57
89 49
57 84
88 51
45 132
101 137
34 157
35 131
10 171
105 87
65 204
3 172
243 197
242 71
179 214
179 125
98 151
192 205
44 11
94 165
202 195
135 13
101 11
166 23
93 41
146 41
155 162
133 154
195 75
99 93
197 73
262 144
216 49
185 83
1 45
147 41
172 91
224 156
41 256
31 223
142 100
45 7
164 154
208 188
90 46
101 2
15 100
184 210
140 227
95 34
13 43
28 97
107 83
3 228
129 45
84 184
215 177
162 95
137 228
94 37
203 67
137 44
226 150
228 133
178 87
101 8
9 101
38 221
42 17
156 162
65 78
77 66
225 153
101 9
140 135
228 138
117 195
134 263
19 168
148 226
207 62
202 195
160 158
255 46
34 95
164 153
228 3
1 45
207 62
172 91
23 134
43 14
97 95
71 72
45 7
80 237
40 147
0 45
167 148
89 48
159 96
140 227
221 225
196 201
188 81
83 234
58 123
49 216
5 228
177 88
35 222
201 69
98 154
12 44
29 260
99 23
228 133
45 3
54 85
38 151
86 180
7 101
24 98
158 259
171 138
89 229
67 203
221 36
165 151
68 117
215 50
168 145
233 85
44 136
164 131
92 227
101 11
84 56
112 76
167 22
174 216
62 80
45 218
135 172
140 43
224 222
141 170
210 186
80 237
101 128
91 172
186 209
175 89
83 185
170 142
33 158
43 140
260 152
210 107
123 185
172 129
66 246
75 113
135 142
69 74
224 27
99 20
260 156
219 41
192 78
3 172
85 182
213 180
4 45
7 101
98 151
150 99
132 32
39 94
17 42
213 180
200 114
39 150
129 172
4 101
233 85
63 80
195 75
92 227
69 201
222 34
25 164
65 119
43 219
80 189
218 172
156 97
130 40
96 160
227 141
96 158
237 207
248 62
90 46
82 187
37 153
45 134
255 171
222 161
13 43
134 24
163 155
250 58
89 48
184 211
25 38
135 143
175 127
94 37
12 44
225 25
29 162
124 181
130 45
244 196
180 86
262 12
51 253
152 225
78 192
138 44
216 103
76 67
86 53
137 101
166 23
93 40
55 251
169 92
155 260
226 20
155 97
74 69
132 45
177 215
40 149
4 136
41 20
154 163
261 24
17 100
158 96
170 256
134 45
153 37
248 62
45 0
209 60
110 206
20 134
141 227
34 222
140 170
61 208
146 99
80 62
92 169
131 101
240 76
143 262
101 138
163 94
147 99
25 98
232 213
168 18
130 45
7 228
24 38
180 213
194 203
93 39
32 132
192 77
25 225
17 42
12 262
137 101
69 117
177 215
55 251
162 28
155 260
68 202
100 92
101 11
95 161
13 227
65 119
128 172
80 189
235 82
261 24
130 40
31 223
199 198
172 134
47 90
101 128
218 45
60 82
16 100
45 134
142 43
222 160
167 257
24 261
36 27
189 80
128 45
101 4
177 88
172 5
228 11
28 97
194 202
98 153
213 105
78 65
130 45
117 69
10 101
86 180
8 101
216 230
138 171
159 132
152 98
76 67
135 12
24 165
55 212
88 178
228 5
226 22
63 79
163 131
163 221
201 196
132 45
113 76
4 101
128 172
62 80
27 36
155 97
170 140
159 32
129 171
210 185
237 206
21 40
218 172
121 62
110 206
31 223
100 141
32 32
130 167
172 135
172 218
189 80
219 43
185 210
140 227
84 183
174 127
28 97
171 12
171 136
106 85
5 228
136 8
23 166
101 137
213 53
126 51
98 152
171 11
11 171
34 29
144 169
213 180
10 228
166 23
88 178
5 101
42 219
225 152
171 139
218 100
48 127
55 212
177 215
246 66
92 42
185 123
163 28
45 135
43 13
34 95
44 129
134 20
26 164
101 128
218 172
208 60
79 110
134 172
100 141
160 96
227 144
45 8
163 154
168 20
48 216
185 210
76 112
16 135
127 47
160 31
99 20
171 136
22 226
64 205
263 135
196 117
137 228
86 180
178 126
25 98
149 99
31 259
24 225
169 17
172 131
72 242
244 69
215 51
124 54
156 162
63 79
226 20
33 30
196 74
172 132
113 75
228 4
175 216
250 185
83 108
135 172
201 196
225 221
198 72
20 261
16 227
248 62
263 1
1 228
174 90
83 185
256 170
222 224
73 197
8 172
99 19
80 62
219 43
131 101
100 140
262 17
138 228
160 31
195 202
44 9
155 35
251 55
2 172
150 39
101 138
262 13
169 144
34 157
66 77
150 225
93 166
253 52
45 4
72 242
23 39
3 45
132 228
35 156
25 225
44 12
30 161
143 169
142 135
202 113
101 132
89 175
19 168
99 146
171 8
39 257
33 31
140 100
133 45
89 175
167 21
173 217
81 187
110 207
186 210
170 129
95 97
130 167
8 172
45 91
207 189
43 92
119 65
25 37
56 84
43 16
219 227
139 171
171 136
85 233
55 124
93 167
6 228
114 200
172 4
144 42
225 25
77 193
137 44
24 225
101 7
180 86
165 151
135 228
166 93
133 228
105 213
10 44
147 226
98 27
10 228
15 262
215 50
22 39
89 176
206 63
28 36
97 28
196 74
161 222
171 255
159 223
15 227
63 120
128 263
228 0
17 100
172 7
199 198
96 33
168 257
187 82
154 36
20 41
170 218
167 149
112 204
144 262
200 70
155 224
68 75
80 62
28 162
78 64
168 220
133 101
114 200
13 135
67 75
98 153
259 33
150 225
162 156
42 144
131 45
72 242
54 212
166 93
77 192
226 23
152 98
35 258
221 37
143 169
35 95
38 25
166 22
132 263
184 123
28 36
25 133
43 13
160 158
72 71
96 159
89 175
82 59
263 1
228 0
207 237
134 172
256 169
31 96
170 14
8 172
36 27
168 20
91 170
185 210
164 26
96 33
128 46
162 95
226 146
44 9
212 106
146 168
88 50
195 118
138 228
163 95
50 253
26 98
171 11
65 205
156 35
52 125
262 138
228 136
197 243
93 39
228 6
87 105
64 79
44 12
91 228
228 137
15 262
51 88
194 245
42 219
184 123
36 155
171 8
170 140
98 94
142 170
96 159
142 100
247 63
173 217
147 40
46 217
134 148
141 43
159 223
70 73
224 30
100 18
1 228
172 128
101 3
26 37
33 223
255 173
93 99
202 68
225 27
43 92
131 101
177 88
150 39
101 138
132 172
75 195
217 229
193 204
157 132
93 167
125 179
214 179
53 86
116 197
130 172
228 6
168 93
206 64
203 194
98 27
176 254
55 212
75 240
245 67
263 6
79 190
211 234
260 26
201 196
29 224
70 200
133 45
227 142
186 82
263 2
167 147
109 207
261 22
199 198
96 32
43 141
82 60
90 173
101 1
91 171
3 228
216 176
262 18
12 100
95 35
75 195
225 27
28 162
4 228
129 45
68 245
87 51
212 54
228 9
225 26
193 204
44 10
162 156
101 7
262 137
86 180
116 197
137 262
6 101
93 41
132 157
99 148
37 94
101 10
14 262
178 214
194 245
136 133
168 146
211 234
189 207
165 130
95 162
172 255
160 223
15 227
101 129
2 136
249 187
154 163
224 157
169 129
96 32
227 143
172 134
81 236
81 61
218 44
186 210
153 164
184 211
43 15
162 95
38 130
27 98
170 219
101 4
219 41
67 245
138 228
132 172
169 143
38 221
21 226
78 64
93 167
169 18
135 10
151 39
8 101
262 10
6 101
225 23
137 171
138 44
26 225
75 68
36 95
178 214
183 84
41 219
57 250
43 219
224 154
130 38
226 220
15 43
135 18
175 216
130 228
129 263
147 41
46 217
97 30
170 141
96 96
129 169
59 209
236 208
187 249
129 136
64 247
153 164
135 145
15 170
160 31
201 69
80 62
226 147
57 123
176 88
39 22
201 241
54 85
254 176
161 30
138 171
98 151
29 162
53 125
3 172
54 86
243 71
214 52
145 42
98 150
259 30
66 203
98 26
169 16
36 95
138 101
39 149
172 2
79 191
170 92
136 171
145 226
33 31
100 12
135 18
141 100
120 191
172 1
61 81
46 217
149 261
16 100
223 32
170 14
45 7
173 217
0 228
172 128
59 82
227 15
57 84
142 43
162 95
201 69
80 62
99 20
146 168
168 219
5 228
178 87
222 162
49 254
217 228
44 138
30 259
23 226
193 77
221 39
39 23
53 213
221 165
7 101
231 87
98 24
34 259
165 221
253 49
141 135
241 201
118 195
176 215
101 131
155 162
207 62
131 37
160 158
142 170
18 262
164 153
58 210
128 172
60 249
46 217
134 172
71 200
32 159
15 227
134 22
144 100
20 40
91 171
101 2
111 205
134 145
15 170
225 93
74 196
133 26
91 170
130 101
89 49
183 211
165 25
5 45
10 101
157 161
138 171
171 137
99 23
53 125
214 178
213 54
71 116
135 138
77 193
35 156
151 98
66 204
157 34
195 75
36 95
214 51
166 23
45 129
146 41
28 35
260 27
131 37
220 99
170 15
211 184
204 112
130 228
44 218
60 249
172 90
157 97
141 43
96 223
14 43
7 172
110 80
228 0
44 91
129 101
15 100
210 57
73 198
98 221
201 69
188 80
226 147
168 19
5 263
22 166
178 88
142 262
48 254
228 91
258 35
98 152
93 168
169 18
93 166
243 197
24 38
221 165
169 144
35 156
44 137
66 204
229 217
101 9
172 131
38 25
118 195
2 45
191 205
106 212
98 27
164 131
224 156
101 12
144 135
153 37
148 167
90 174
62 80
236 81
209 60
141 43
31 223
42 129
96 158
227 144
81 61
45 0
190 120
227 15
45 133
198 199
30 97
69 74
224 28
234 210
123 184
169 219
194 118
178 88
162 95
42 16
94 37
203 67
156 133
226 150
65 204
130 45
8 228
213 180
214 52
134 228
225 24
65 78
138 44
102 89
136 101
36 94
24 165
133 228
168 93
183 124
212 233
136 171
139 44
160 158
200 197
161 222
215 49
65 119
216 47
189 207
227 18
29 224
257 168
159 32
43 129
45 7
90 174
121 188
136 1
190 120
216 175
32 223
71 72
224 30
100 18
133 25
218 44
185 250
132 136
39 22
38 152
182 212
74 196
101 218
139 171
63 206
162 156
125 181
39 93
8 228
86 53
138 262
193 203
230 88
23 225
259 160
225 152
136 101
36 94
38 24
23 39
129 172
78 191
169 92
260 27
226 19
36 95
197 74
262 144
203 112
22 40
170 92
62 80
36 154
45 135
140 43
158 96
72 198
148 134
37 27
128 228
45 0
129 101
238 79
223 159
43 15
98 221
74 196
97 155
163 155
58 123
5 263
101 5
227 13
45 132
169 143
27 97
20 226
25 98
149 99
169 18
45 3
228 135
24 38
172 4
194 203
230 88
192 205
204 193
216 102
42 144
213 181
138 101
212 182
50 88
145 41
233 85
225 153
44 12
155 97
47 127
34 95
49 88
131 228
43 219
186 122
99 146
261 23
43 13
160 223
141 170
185 83
237 207
101 128
45 0
148 40
164 26
96 32
43 15
158 160
144 100
25 261
226 146
228 129
216 175
149 40
140 227
85 182
143 42
157 160
226 147
136 44
22 226
18 41
8 262
134 101
199 242
262 12
253 178
98 151
65 78
11 171
166 220
228 135
45 4
38 24
166 23
45 130
5 101
99 149
98 26
75 68
163 222
16 42
95 161
37 25
4 101
128 172
2 101
163 27
151 261
43 13
222 97
170 256
45 7
174 217
248 62
0 45
228 128
47 216
147 261
199 71
94 98
13 43
97 155
19 226
146 168
216 175
66 246
76 113
143 262
101 138
218 227
171 12
79 63
99 22
124 182
178 88
212 55
213 180
164 94
178 126
103 215
11 44
171 138
25 225
126 178
213 180
179 214
23 39
3 45
145 41
169 92
206 63
147 226
160 158
74 69
222 34
38 25
58 210
1 45
207 62
27 36
24 134
13 170
158 96
43 141
185 83
153 37
128 228
0 172
187 209
79 110
83 185
256 171
160 95
100 17
134 24
235 209
129 101
128 45
119 66
76 113
262 16
228 11
155 224
202 67
44 9
105 86
41 145
130 45
166 150
179 87
213 53
135 228
34 157
226 150
226 23
152 98
228 135
131 45
179 214
196 244
215 51
101 132
86 105
190 206
67 202
28 224
143 169
56 212
25 165
57 210
128 172
207 62
19 99
155 97
70 200
32 159
72 71
83 58
143 100
62 121
90 172
167 148
37 153
147 261
141 227
32 159
70 73
172 135
163 154
80 62
89 48
210 58
215 177
95 34
254 174
158 160
147 99
136 44
22 226
251 55
88 50
55 85
214 179
45 131
228 8
157 161
204 65
65 204
225 152
8 228
139 135
86 180
182 85
178 215
41 18
86 105
225 152
194 76
157 33
175 254
172 132
152 38
210 184
89 175
185 123
146 226
172 8
39 257
221 98
256 44
83 58
237 206
121 189
217 45
128 101
100 143
210 58
100 141
159 32
140 170
134 24
82 235
122 186
4 263
185 210
203 239
5 45
47 254
33 158
195 202
153 225
42 92
18 41
50 215
101 7
52 214
262 12
17 169
39 220
138 171
44 10
220 39
126 178
164 221
24 165
166 23
51 88
168 145
156 162
206 63
20 99
30 160
48 127
45 5
50 88
4 101
4 136
101 129
210 235
261 24
130 39
224 157
170 15
134 20
206 111
209 187
90 173
60 81
110 207
7 45
14 100
223 31
167 257
224 29
163 154
129 101
170 219
58 83
13 100
45 133
196 201
158 160
131 163
260 154
42 92
64 205
136 7
23 166
114 200
86 180
177 126
30 34
171 11
78 65
151 98
253 52
221 37
228 137
55 212
87 178
132 228
86 105
206 63
226 20
218 101
16 42
35 95
25 165
22 40
219 169
41 19
218 171
133 152
43 13
221 98
142 170
146 134
227 142
63 120
91 45
128 101
174 90
158 96
170 141
31 96
227 143
172 135
27 163
168 20
130 136
22 167
100 141
45 133
43 16
97 155
12 44
153 225
42 92
4 228
88 50
133 101
52 214
86 181
203 67
25 98
160 259
150 225
220 40
228 134
11 262
165 151
70 116
87 178
6 101
23 99
44 137
194 76
221 37
228 137
85 55
152 38
57 211
89 176
228 3
91 44
260 25
74 69
158 33
255 44
133 45
153 37
21 40
128 263
147 40
110 207
261 21
43 14
224 95
130 168
60 209
163 154
41 147
263 130
192 119
153 164
133 172
101 139
158 160
44 139
62 207
92 169
146 168
136 7
56 85
114 200
262 13
67 75
225 26
259 33
137 44
220 40
193 76
135 11
213 53
181 85
262 9
181 125
23 99
191 206
148 226
101 91
16 42
45 5
88 177
84 57
132 263
130 228
218 171
152 260
201 196
160 158
100 13
134 19
37 26
40 148
90 173
147 40
110 207
45 134
170 141
97 222
256 41
224 29
154 36
20 41
136 3
58 83
112 204
6 45
255 173
29 97
44 139
62 207
43 92
4 228
168 220
150 39
165 25
13 135
253 177
34 157
77 193
151 225
156 35
125 179
45 4
101 9
8 101
45 130
18 169
35 156
44 137
171 139
98 27
143 169
172 132
240 202
132 228
169 92
146 41
99 147
28 224
145 227
157 97
198 73
172 133
164 153
63 120
45 0
228 0
227 17
21 134
170 141
96 32
16 227
97 157
172 217
101 1
47 217
101 3
49 216
262 17
142 43
224 29
37 131
44 9
35 28
131 101
41 93
166 150
178 87
45 131
228 9
34 157
160 259
205 191
225 151
179 252
131 45
71 243
86 54
45 130
180 125
231 87
191 206
131 34
218 101
202 195
95 162
152 38
5 101
169 92
250 184
20 99
171 9
196 74
35 95
100 13
96 159
227 142
2 101
91 44
208 61
100 144
134 172
15 100
159 159
168 256
157 224
100 18
249 60
174 90
83 185
141 227
184 211
100 139
226 93
171 12
133 26
170 219
131 101
172 129
133 101
74 114
85 181
75 195
161 30
138 171
64 205
87 231
252 53
38 94
228 136
116 197
45 130
125 53
23 99
64 78
203 194
225 153
16 42
222 35
12 228
84 56
172 2
228 3
234 84
153 260
145 227
29 224
128 172
184 84
100 15
129 228
90 173
249 187
144 227
30 224
43 14
159 159
199 71
157 224
163 154
128 101
44 91
3 228
89 49
45 133
139 227
162 95
13 43
207 189
148 99
228 131
176 88
39 22
38 152
135 141
195 202
26 98
148 99
98 151
40 93
42 145
10 262
86 181
101 135
94 39
228 6
162 29
259 30
148 226
161 157
101 9
163 222
228 139
133 228
2 45
3 101
36 155
44 136
100 145
29 224
12 227
262 145
205 111
209 186
91 44
60 249
17 100
172 7
14 170
159 159
100 15
59 209
236 208
208 188
90 47
59 82
26 37
45 133
70 73
226 93
13 43
133 26
155 36
63 206
88 49
22 166
214 178
222 163
136 228
38 221
171 11
225 24
220 40
66 204
137 135
228 135
9 101
130 172
193 204
150 225
191 205
171 138
38 94
101 9
163 222
241 201
166 22
168 92
206 64
107 211
26 133
201 196
35 95
100 12
96 160
100 14
83 59
47 90
1 101
81 109
149 261
256 168
159 159
14 43
209 186
109 81
208 188
44 91
40 21
15 100
84 184
13 100
97 156
165 257
260 153
99 20
41 146
263 133
166 149
101 139
132 172
228 10
221 164
226 148
78 64
231 214
193 77
45 3
116 71
180 86
221 165
66 77
40 220
137 171
161 132
229 217
68 202
135 14
228 138
84 56
49 88
64 79
148 226
98 27
202 195
224 156
12 227
211 184
239 204
101 130
47 90
188 208
163 27
187 209
14 170
32 159
129 169
172 134
46 90
147 168
136 2
21 167
111 205
172 6
15 170
98 220
257 38
154 224
226 147
41 146
6 263
118 67
38 152
35 222
195 202
27 98
34 131
171 137
41 93
204 192
262 137
213 54
198 243
87 179
66 77
35 156
10 44
204 193
34 30
101 9
36 95
38 25
101 133
50 88
101 131
106 211
171 9
37 258
97 29
200 197
262 144
176 216
3 101
44 218
60 249
45 217
172 8
141 43
223 32
14 43
134 45
144 100
167 20
263 128
186 209
227 15
159 96
172 128
225 94
140 170
61 207
147 99
123 184
169 219
245 194
165 25
142 262
143 42
161 30
171 12
152 225
226 150
101 6
3 172
101 8
38 151
87 179
66 77
156 162
151 98
77 66
217 102
68 202
54 213
241 201
166 23
177 215
191 205
43 219
154 98
131 37
33 31
101 12
172 133
227 141
58 210
45 128
80 189
27 36
60 82
16 100
158 96
141 170
148 134
37 27
40 147
171 218
2 228
238 78
32 223
71 72
34 222
130 166
25 260
20 226
184 250
169 219
132 101
139 227
212 55
175 127
225 27
99 21
10 171
29 162
204 192
136 135
70 243
213 180
87 179
193 203
162 29
158 259
138 44
225 153
9 228
94 163
228 138
101 133
93 41
205 64
155 162
27 133
37 258
99 92
46 128
133 45
215 49
167 22
128 172
189 207
145 227
8 45
16 100
160 223
100 15
134 45
164 154
101 0
0 45
63 247
111 205
45 133
140 227
157 224
74 196
155 224
28 163
185 250
132 136
166 149
139 227
162 95
169 143
157 161
35 131
98 152
99 23
6 228
136 135
23 166
165 24
138 262
252 179
103 215
158 259
204 193
157 34
76 67
4 172
214 52
228 6
134 263
124 55
155 162
44 136
195 75
224 155
139 101
56 211
37 26
228 3
3 136
62 80
36 154
29 224
70 200
33 96
72 198
148 134
80 237
248 61
172 218
101 2
175 89
19 134
128 44
98 221
100 17
8 171
171 218
206 190
2 172
57 84
165 25
212 55
69 74
30 34
35 131
29 260
149 99
205 192
3 172
212 55
151 165
213 53
52 253
225 24
65 78
193 77
225 152
67 203
4 172
179 214
39 150
172 2
182 124
155 162
136 171
258 163
163 222
74 69
144 135
140 100
40 149
43 219
147 41
108 209
208 60
200 197
96 160
72 72
172 134
237 207
1 101
90 46
101 1
16 100
7 45
71 72
33 158
17 227
208 188
155 36
2 228
2 172
22 167
100 140
5 45
138 228
37 221
147 99
63 206
41 92
181 251
172 130
212 55
165 24
53 86
17 169
215 230
99 23
226 22
152 98
8 228
135 12
10 228
166 23
130 172
55 251
149 226
28 133
75 68
222 36
127 174
143 135
203 112
149 167
172 1
186 122
108 209
261 24
140 43
159 159
100 14
20 261
47 90
208 187
172 218
209 60
206 237
83 185
129 44
160 31
17 227
45 8
163 155
189 80
48 216
40 22
13 100
132 172
11 101
218 227
163 258
98 152
213 105
205 192
167 220
150 39
115 199
172 4
178 126
166 93
11 44
159 132
220 39
8 228
86 53
137 101
23 39
130 172
132 228
106 212
79 190
139 44
36 95
228 138
56 211
100 13
101 131
89 175
189 207
82 108
29 224
100 144
32 32
72 71
158 223
37 26
209 187
172 0
101 1
110 206
210 58
141 227
33 222
144 100
97 155
226 146
185 250
263 131
149 40
25 38
5 45
69 74
221 163
44 139
79 63
226 149
124 182
172 130
23 166
101 137
180 213
194 203
161 30
171 11
44 11
216 103
253 51
45 4
165 151
55 212
263 8
205 65
232 86
206 63
99 147
97 28
16 42
85 56
13 227
40 149
219 170
250 185
108 209
97 28
197 73
97 95
142 170
185 83
206 110
228 1
45 0
121 62
217 174
223 158
72 198
222 224
13 43
60 208
27 163
207 189
4 263
40 22
203 240
211 56
169 143
95 36
36 131
190 79
99 22
251 55
136 8
7 228
10 101
94 37
67 76
98 152
159 259
32 259
93 166
194 76
164 221
10 228
244 69
136 135
205 65
156 162
206 63
226 20
221 36
42 143
143 135
165 152
40 149
45 128
146 41
210 235
172 8
130 39
225 221
199 198
210 185
89 174
121 189
0 263
189 121
79 110
158 96
199 71
97 222
170 13
151 134
91 172
249 59
4 263
185 210
37 152
183 211
169 143
97 155
44 139
153 225
226 149
124 182
220 40
23 166
87 52
4 45
17 169
216 230
32 132
259 158
225 152
126 178
37 94
151 38
101 134
88 178
192 205
92 41
25 225
76 67
33 30
143 169
135 16
38 25
131 228
169 92
123 58
44 218
151 261
39 257
31 160
72 71
134 20
111 79
189 248
263 1
208 60
154 164
134 172
199 199
158 223
140 170
134 23
27 163
228 129
172 128
119 65
13 100
183 211
16 169
92 100
12 44
225 26
148 99
64 205
93 167
150 39
214 179
94 37
194 203
152 225
171 11
23 99
34 29
76 67
53 213
101 10
85 55
9 135
65 78
29 35
156 260
194 76
164 221
175 254
262 142
215 50
119 193
219 169
228 2
218 171
28 224
13 170
225 221
255 44
146 134
15 227
101 129
0 45
121 61
217 174
134 148
141 227
223 31
170 13
150 134
18 227
80 62
92 170
65 246
112 203
262 17
228 11
97 155
226 146
189 80
106 85
18 41
215 177
133 101
52 214
45 131
203 67
34 157
11 44
23 98
215 103
134 101
94 165
101 9
70 116
51 87
133 228
35 156
98 25
226 20
228 218
228 137
222 35
50 88
101 132
89 175
250 185
44 218
61 81
130 39
157 97
71 199
32 96
111 78
40 148
45 218
248 188
164 27
148 261
100 142
96 158
197 200
29 97
235 209
20 41
219 43
192 119
204 239
17 135
173 128
100 219
164 258
260 154
226 148
56 124
215 177
183 212
38 151
94 36
202 67
165 94
204 66
98 150
162 156
134 101
135 11
213 53
243 70
172 3
18 169
23 99
64 79
131 35
98 27
175 254
55 212
139 100
39 149
45 129
130 228
147 226
81 188
100 145
94 225
198 72
19 261
164 153
209 186
136 128
61 81
164 27
31 223
227 15
158 223
70 73
172 135
236 208
189 80
218 43
192 119
26 37
172 6
255 173
95 35
146 99
225 27
170 219
124 183
129 45
6 228
179 87
4 45
75 195
153 225
11 44
137 44
156 35
52 125
94 165
180 213
85 54
9 135
54 252
168 93
206 64
258 162
37 94
137 101
85 55
240 202
57 211
176 216
79 190
44 218
28 224
13 170
225 221
100 13
159 223
227 142
101 129
263 1
167 147
90 46
7 45
71 199
159 223
129 168
134 23
217 45
80 61
217 174
58 83
77 112
84 184
70 73
31 33
195 202
9 171
148 99
79 64
45 2
56 84
228 11
86 181
126 50
26 98
11 44
30 259
24 225
66 204
11 262
24 166
166 23
45 130
169 145
226 23
25 225
76 67
161 157
254 49
182 85
51 88
101 132
136 133
206 63
147 226
171 9
196 74
31 160
200 197
210 184
78 238
148 167
172 1
61 248
154 163
134 172
129 42
96 32
16 227
172 134
145 100
147 168
129 136
83 185
49 216
57 84
142 43
99 220
139 171
189 80
21 226
228 131
176 88
133 101
38 152
5 45
253 176
153 225
132 160
225 24
162 156
193 77
214 179
166 151
135 228
52 87
125 53
231 87
259 30
131 34
225 153
176 254
172 132
87 178
22 39
133 263
3 101
170 91
136 171
18 100
29 224
100 13
6 172
37 26
64 120
90 173
81 188
109 208
134 149
142 227
159 96
227 143
172 134
163 154
101 1
263 129
64 247
49 216
135 145
70 73
97 156
99 18
62 207
107 84
79 64
92 168
39 22
87 51
163 95
49 253
30 34
226 148
259 157
150 98
204 193
172 130
101 9
116 198
135 137
42 18
225 23
132 157
258 161
225 153
136 101
222 36
74 241
183 84
133 263
123 57
84 107
154 97
100 145
99 93
12 227
160 223
100 15
191 247
128 172
249 187
27 36
134 149
72 71
223 159
15 227
209 186
17 227
81 61
217 174
101 3
111 205
18 135
200 70
33 158
140 170
26 260
226 147
206 190
263 133
228 133
228 12
85 181
136 228
26 98
34 131
132 30
23 225
125 180
94 165
8 228
228 9
135 137
18 169
225 23
259 30
76 66
153 98
49 127
172 132
51 87
133 228
133 263
79 190
99 148
153 260
18 100
29 224
128 173
45 6
227 141
210 186
172 1
60 249
145 227
134 172
227 15
32 159
14 43
22 261
236 208
0 228
263 129
21 167
48 216
160 96
142 43
29 97
130 165
97 154
234 211
146 168
2 172
166 149
101 139
212 55
143 42
26 98
76 194
171 137
99 23
145 169
87 52
39 24
228 9
165 94
125 53
93 40
10 44
21 99
225 153
75 68
36 95
241 201
245 68
133 263
64 79
170 92
260 26
171 139
35 95
73 70
135 18
37 26
191 247
2 136
20 168
163 27
224 157
198 73
96 159
42 129
134 22
27 163
61 208
90 46
148 40
227 15
135 145
45 255
162 95
69 74
97 154
211 107
190 79
176 89
149 39
38 152
5 45
49 254
27 98
161 258
171 137
99 23
18 42
130 45
243 197
166 24
11 135
204 66
35 156
191 205
33 259
38 94
253 50
135 14
74 241
56 211
168 93
101 131
99 148
27 133
139 44
95 162
255 46
133 45
239 204
191 247
172 1
61 80
27 36
23 134
14 170
96 32
129 169
134 21
154 36
101 0
44 91
21 167
100 142
32 223
45 255
97 157
201 69
28 97
218 44
19 41
132 136
149 39
51 215
35 222
16 169
161 30
258 35
225 25
35 29
204 192
178 87
197 116
71 115
38 221
228 7
162 29
151 98
171 138
225 153
17 42
222 36
87 179
39 150
177 215
191 205
233 85
133 154
171 139
226 220
197 73
211 183
216 49
185 83
90 174
59 249
163 27
172 8
41 256
96 160
256 42
45 7
207 110
0 228
172 0
167 148
48 216
159 96
43 15
222 161
74 196
44 8
226 147
190 79
172 129
194 118
113 202
172 5
175 127
225 27
12 44
79 64
29 162
77 65
166 220
116 70
228 9
172 4
203 66
98 151
259 31
33 259
229 216
101 9
4 172
73 241
183 85
45 129
131 228
21 99
189 207
195 75
219 99
12 228
133 45
14 227
210 185
216 47
147 41
36 154
82 187
257 168
222 97
170 256
186 82
100 17
101 0
173 90
82 186
142 227
96 32
198 199
30 97
74 196
61 208
218 44
3 228
129 45
5 228
88 50
95 35
10 101
98 154
194 203
137 44
232 213
101 6
220 39
101 8
115 199
94 38
228 7
151 225
78 192
149 226
25 225
42 144
4 172
214 52
39 150
220 167
145 41
35 155
153 98
75 68
155 97
43 143
56 211
215 49
130 228
170 92
147 41
91 45
187 208
100 143
158 96
227 141
172 134
227 144
208 187
218 45
247 190
111 206
134 146
72 198
34 222
39 130
208 188
107 83
228 129
172 129
40 22
25 38
162 95
175 127
221 164
147 99
63 206
168 219
205 192
135 9
150 39
72 115
131 172
228 7
166 93
10 44
44 11
152 98
135 101
181 86
73 241
23 39
215 50
182 124
21 99
133 154
12 171
28 224
143 169
34 95
13 227
185 83
172 1
128 228
226 19
156 97
40 257
159 32
256 43
83 58
237 207
81 60
263 128
167 148
37 153
261 20
128 44
160 31
196 201
155 224
83 235
63 207
172 129
228 131
227 13
45 132
101 138
34 157
203 67
79 63
99 22
101 5
220 39
55 85
24 38
131 172
17 169
220 166
132 158
66 204
93 166
76 67
37 94
24 165
166 23
130 172
182 124
85 106
26 225
68 202
28 224
174 254
262 143
203 112
22 40
48 89
129 228
27 36
261 24
13 170
33 96
43 129
31 96
110 79
101 128
45 217
40 21
26 37
172 7
100 141
221 225
74 197
61 208
99 19
101 2
92 169
101 4
38 152
222 161
74 196
218 227
44 139
63 206
213 105
192 78
172 130
69 244
24 38
221 164
203 67
39 220
259 32
132 32
89 230
51 126
172 131
24 165
39 150
3 45
124 55
219 169
133 155
44 12
28 224
196 74
262 143
215 50
185 83
175 216
62 80
163 27
208 60
40 257
31 223
141 100
158 223
100 16
228 1
45 91
167 148
174 89
45 134
198 199
221 224
130 167
261 151
209 108
189 80
128 45
119 66
50 215
16 135
69 74
94 36
258 36
225 26
156 35
78 65
51 215
244 196
214 179
4 45
135 228
98 152
11 44
150 226
230 216
169 17
131 45
38 24
228 7
88 178
228 5
219 169
63 79
68 202
97 28
169 16
143 135
227 140
66 119
1 45
250 185
27 36
61 81
227 17
97 95
15 43
58 210
164 153
121 189
172 91
82 187
37 153
210 58
100 141
223 160
170 13
208 187
154 36
19 41
216 175
40 22
152 165
56 84
174 127
36 222
258 36
153 225
233 212
65 205
177 88
244 196
242 73
12 135
253 178
30 34
226 150
150 226
225 152
17 42
172 131
199 115
117 196
51 88
145 41
22 99
63 79
12 171
157 33
127 174
132 45
203 113
210 184
172 1
189 207
235 83
134 151
100 144
160 158
14 227
134 20
47 89
101 128
136 0
81 187
237 79
261 20
141 227
32 159
200 70
135 45
99 19
122 186
4 263
22 167
25 37
172 5
138 228
97 155
171 12
206 190
169 219
168 18
45 3
150 39
10 101
135 139
67 76
34 157
192 204
132 32
156 34
76 67
4 172
115 72
69 117
136 135
124 54
156 162
133 155
258 162
94 164
127 175
143 135
202 113
184 84
45 128
190 207
108 210
28 224
166 130
222 34
199 198
83 58
26 164
167 21
172 91
81 187
90 47
83 185
227 14
33 223
43 140
81 60
226 146
122 186
172 128
167 149
100 140
135 144
201 69
97 155
12 44
44 9
169 219
168 18
215 177
166 150
101 137
135 140
177 126
89 102
226 149
205 192
88 230
228 134
131 45
115 72
197 244
9 135
124 54
105 213
44 137
203 194
221 37
196 74
55 212
140 100
246 66
263 5
185 123
19 99
188 208
166 130
160 158
255 44
133 45
142 100
2 101
1 136
121 61
207 237
134 148
72 71
33 223
170 13
134 23
82 235
59 122
89 47
185 210
14 100
56 84
74 196
160 31
44 139
153 225
28 162
41 145
45 2
85 182
87 52
94 36
228 9
30 34
33 132
10 171
98 24
42 144
4 172
165 151
70 116
214 51
133 228
232 86
133 156
147 226
221 37
10 228
162 222
215 50
84 57
216 48
19 168
163 28
28 224
69 201
157 97
170 15
45 6
111 78
129 228
136 128
187 208
164 27
209 59
142 227
95 97
100 16
156 224
235 209
228 128
216 174
149 40
227 14
222 161
12 101
28 97
19 226
98 153
226 148
191 78
136 7
6 228
38 151
135 140
169 144
89 102
132 160
259 158
162 156
7 228
131 45
180 213
23 39
166 93
6 101
232 86
79 191
139 44
37 94
127 175
35 95
165 152
211 184
219 169
168 146
163 28
61 81
13 170
97 30
199 198
6 172
142 100
59 209
90 173
0 101
217 173
223 158
142 227
31 96
197 200
150 134
81 236
168 20
45 1
149 40
100 141
6 45
170 142
226 93
75 195
154 133
28 162
101 4
220 41
212 56
52 214
221 163
9 101
98 153
226 149
24 98
24 225
7 228
11 262
228 136
101 135
3 45
54 252
87 105
64 79
258 162
157 34
202 195
262 142
215 51
39 149
2 45
168 146
234 83
207 61
170 140
225 221
140 100
223 32
100 15
209 186
173 217
81 188
37 154
157 97
170 141
32 96
143 100
224 29
18 227
187 249
1 172
185 210
216 176
45 133
73 197
226 93
195 202
80 62
99 21
41 146
215 177
150 39
201 241
172 4
195 202
34 157
193 204
44 10
40 93
66 204
45 4
151 39
70 116
87 178
6 101
87 104
260 29
171 138
221 37
228 137
222 35
38 25
132 228
129 172
57 250
234 84
44 135
13 170
222 34
200 197
159 223
48 89
129 228
2 136
188 121
17 100
134 149
198 72
96 96
143 100
134 22
100 18
1 228
44 91
120 64
176 89
184 211
200 70
29 97
131 164
171 136
106 84
124 183
45 2
150 39
152 165
45 132
253 177
217 229
138 171
171 137
156 35
134 101
135 10
166 151
150 166
94 39
169 145
99 150
64 78
258 161
221 37
143 169
182 85
12 228
183 84
172 2
63 79
36 155
97 27
18 100
220 99
45 128
223 33
227 142
191 247
45 128
249 187
236 81
172 7
169 129
159 159
199 71
134 45
227 145
61 208
90 47
59 83
49 216
184 211
12 100
93 99
38 130
62 207
226 148
131 101
45 2
228 133
51 214
135 141
202 68
90 102
44 138
30 259
98 23
169 18
221 38
136 101
181 86
52 87
18 169
225 23
171 10
138 44
90 228
101 9
14 262
214 51
84 56
219 168
57 250
226 20
207 62
140 43
224 156
128 172
45 6
100 15
82 59
174 217
60 249
27 36
97 30
129 42
96 159
129 169
30 97
227 144
249 60
128 45
3 228
204 238
262 18
128 45
31 33
257 38
62 207
219 43
146 168
168 219
118 67
178 87
172 5
9 101
228 90
161 258
10 171
167 220
193 77
52 214
54 86
181 86
10 135
66 77
93 40
151 98
171 138
98 26
42 143
141 135
201 114
56 211
88 176
250 183
219 170
62 80
18 100
29 224
170 15
96 160
14 227
59 210
47 90
122 60
236 81
149 261
227 15
223 223
129 169
45 7
227 144
101 0
2 263
21 167
238 78
96 33
197 200
156 224
69 74
154 224
170 218
130 101
88 49
149 39
74 114
55 85
42 16
90 101
76 194
225 24
150 99
66 204
94 166
151 39
166 24
45 130
252 180
93 40
30 132
204 193
90 229
68 202
14 262
228 138
23 39
2 45
79 191
162 28
133 153
202 195
220 99
15 43
96 160
227 141
247 64
263 2
1 101
100 145
149 261
71 200
32 159
169 256
134 45
27 163
147 168
173 90
247 190
78 111
184 211
140 227
158 160
145 100
27 97
43 91
184 250
172 129
56 84
178 88
162 95
75 195
157 161
203 67
133 29
231 214
204 192
172 130
213 54
116 198
38 221
7 101
162 29
30 132
33 259
225 153
202 195
95 163
87 178
166 23
172 2
101 131
84 106
44 136
68 202
29 224
170 15
57 211
176 216
228 3
44 218
60 249
27 36
187 209
73 70
223 223
14 43
186 82
144 100
0 101
128 136
209 59
100 142
184 210
172 128
157 224
100 18
155 224
234 210
130 101
129 45
194 118
240 75
222 162
42 16
98 154
76 194
133 29
41 93
169 18
136 135
70 243
86 53
94 38
204 66
98 151
137 171
44 11
90 229
126 177
54 213
152 38
228 6
263 7
4 101
148 226
260 27
37 258
220 99
197 73
144 135
77 239
83 58
45 128
168 147
163 27
209 60
200 197
97 95
71 72
96 158
100 17
248 61
263 128
148 40
100 142
261 19
13 100
158 160
130 166
188 81
226 147
3 228
49 216
194 118
139 227
85 182
48 254
154 225
99 21
206 191
168 220
204 192
39 93
8 228
72 115
138 262
17 169
225 24
259 31
193 77
89 229
202 194
181 86
241 200
228 6
172 2
64 78
99 148
153 98
171 139
226 219
255 46
45 6
153 37
130 228
128 172
228 1
172 91
45 135
130 41
32 32
71 72
96 158
100 17
0 101
263 128
129 101
238 78
19 134
15 170
158 160
74 196
25 260
226 147
41 146
132 136
84 184
152 165
15 135
16 169
91 101
226 147
190 79
219 41
252 54
135 9
85 181
38 151
86 180
17 169
225 24
23 225
138 44
157 34
42 144
262 140
228 138
166 23
220 167
183 124
35 155
171 9
12 171
95 163
139 101
84 56
153 37
65 119
172 1
249 186
108 209
150 261
140 43
97 95
43 141
172 134
217 47
121 188
1 263
209 59
15 100
172 6
171 128
160 31
17 227
25 260
226 146
63 206
172 129
167 149
12 100
95 35
10 101
97 154
162 258
79 63
105 86
228 132
220 39
8 228
228 10
38 221
253 179
161 29
225 150
138 44
157 34
42 144
213 181
151 38
212 182
40 220
41 18
233 85
9 44
75 68
219 100
138 101
172 133
112 76
149 167
43 219
207 62
235 82
172 8
13 170
223 158
72 199
148 134
100 16
60 208
172 218
121 62
16 100
45 133
71 72
95 34
170 13
172 135
36 28
80 63
42 92
131 101
38 152
182 212
11 101
154 224
139 171
25 98
92 168
101 5
220 39
134 101
53 213
94 37
42 17
98 151
99 23
138 44
230 216
8 228
131 45
137 101
244 69
167 93
41 18
233 85
206 63
195 75
222 36
16 42
211 183
13 227
246 65
172 1
207 62
218 172
45 135
70 200
33 96
198 72
147 134
26 164
121 189
45 91
1 228
79 111
185 210
170 142
224 30
74 197
224 28
146 99
168 19
89 48
210 57
165 25
95 34
74 196
36 221
203 67
98 152
86 232
41 145
8 263
182 212
24 38
12 135
17 169
166 93
23 226
171 138
30 161
178 253
221 37
151 38
150 166
136 135
182 124
106 212
98 26
20 99
97 28
143 169
56 211
76 239
101 131
136 131
62 80
108 209
8 45
70 200
96 160
141 170
185 83
164 153
128 228
218 45
209 60
16 100
7 45
142 43
221 225
227 144
81 61
218 44
146 168
172 128
101 4
50 215
16 135
42 16
100 219
139 171
260 155
149 99
145 168
45 3
117 69
101 137
135 139
203 67
39 220
171 11
65 204
98 25
228 135
53 213
72 242
7 101
3 45
124 55
35 156
225 153
36 258
160 158
47 127
85 56
50 88
40 149
136 131
189 207
36 154
24 134
40 257
32 32
142 170
261 147
143 100
167 21
90 172
121 62
79 110
172 7
14 170
159 159
170 13
45 8
108 82
19 41
45 1
184 210
76 113
84 183
228 11
158 160
202 68
260 155
149 99
5 228
135 136
39 23
115 200
12 135
8 101
34 157
226 150
226 23
93 166
228 135
221 37
165 151
182 85
45 130
145 41
35 156
9 44
20 99
160 157
138 101
161 222
177 215
66 119
216 48
185 123
226 19
28 224
13 170
225 221
142 170
7 172
16 227
82 60
45 218
62 248
164 26
134 172
170 141
159 159
140 170
135 45
209 108
168 20
48 216
22 167
227 13
262 16
74 196
92 100
68 75
28 260
226 149
101 5
130 45
55 85
200 242
12 135
67 76
103 216
11 44
32 259
161 156
76 67
139 135
72 242
196 244
167 93
145 41
156 162
79 190
162 131
91 227
16 42
55 212
215 50
119 193
92 42
58 250
226 19
208 61
227 17
222 34
142 170
96 159
89 174
101 128
217 46
121 62
207 237
134 172
43 14
33 223
43 140
135 45
163 154
101 2
45 1
192 119
215 176
211 56
138 228
31 33
44 139
260 154
233 212
55 124
167 220
85 182
73 114
4 45
169 144
157 161
11 44
23 99
161 156
169 17
11 262
38 24
166 23
166 93
5 101
22 99
137 171
76 67
224 154
74 69
5 172
25 165
149 167
48 89
101 129
83 108
152 261
100 144
95 161
142 170
32 96
48 89
101 129
90 173
60 81
37 154
186 210
170 129
158 223
100 16
172 135
154 36
228 128
45 1
101 4
25 37
17 135
74 196
160 31
75 195
27 260
99 21
124 182
93 167
55 85
151 165
86 181
194 203
165 94
132 160
259 158
215 103
66 203
38 94
72 242
150 166
262 9
205 65
162 29
190 206
147 226
161 157
175 254
132 45
165 152
166 22
92 42
206 63
36 155
28 224
130 39
94 225
128 171
223 32
175 216
120 190
0 172
0 101
207 237
45 134
256 170
222 224
143 100
208 187
100 18
186 249
1 172
83 185
176 88
161 95
139 228
163 95
44 139
133 27
162 155
41 146
167 220
244 195
87 52
163 94
42 17
225 26
33 132
10 171
156 34
228 134
94 165
136 101
181 85
130 172
133 228
213 232
98 25
67 203
94 164
48 127
132 45
12 227
39 149
172 2
146 41
226 20
208 61
170 140
224 157
71 199
83 57
142 100
120 190
0 45
188 121
110 207
82 186
100 142
31 96
257 41
135 45
236 208
186 249
136 3
246 192
176 89
172 6
15 170
219 226
195 202
98 153
85 233
146 168
7 263
244 195
24 38
4 45
169 144
94 38
160 259
44 10
151 98
7 228
138 135
38 24
101 135
136 262
54 252
105 214
25 225
131 35
154 98
254 48
45 5
100 12
84 57
132 263
79 190
171 91
188 207
74 69
98 94
100 13
96 159
15 227
40 148
136 128
188 208
80 110
186 209
256 169
223 32
43 141
82 60
145 100
147 168
3 263
148 40
176 89
45 133
197 200
158 160
195 202
27 98
162 155
206 191
215 177
39 23
178 87
262 13
50 253
26 98
149 99
191 78
231 215
193 77
4 172
24 166
181 86
172 3
125 53
226 23
206 64
194 76
98 27
42 143
182 85
152 38
101 132
129 172
57 250
155 163
61 80
227 18
93 225
142 170
184 83
164 153
148 167
91 44
61 248
80 109
97 30
169 129
32 32
170 14
149 134
208 109
80 61
1 172
83 185
164 26
160 96
200 70
224 29
68 75
26 260
155 35
251 56
93 168
84 183
241 74
5 45
202 68
161 30
44 138
98 151
156 35
145 169
221 38
39 24
116 197
39 221
252 180
93 41
30 133
99 148
157 34
127 176
132 45
228 139
5 101
133 263
41 19
91 43
9 44
18 100
156 97
197 73
160 223
153 37
148 167
218 171
187 122
163 27
134 149
227 15
32 223
43 141
45 7
100 18
60 122
44 91
247 191
89 49
96 33
197 200
162 95
130 165
189 80
211 107
191 79
263 133
56 84
25 38
132 172
9 101
94 38
34 132
78 64
40 93
66 204
38 94
213 54
243 71
172 3
204 66
40 220
171 10
66 203
153 98
254 49
181 85
214 51
211 183
172 2
3 101
219 170
44 136
69 201
158 33
197 73
33 96
205 111
40 148
171 91
249 187
163 27
59 82
100 142
223 159
227 142
22 261
208 109
20 41
44 91
228 130
26 37
160 96
15 170
160 31
165 257
62 207
28 163
101 3
133 136
56 84
214 178
222 163
68 75
30 34
258 34
151 225
23 225
125 180
172 130
166 151
86 54
179 214
77 193
35 156
98 24
203 193
161 157
195 75
132 45
38 25
183 84
215 49
56 250
219 170
225 154
69 201
160 158
170 15
45 6
77 239
186 83
217 47
61 81
173 90
82 186
41 256
223 159
129 169
59 209
163 154
0 101
44 91
209 59
227 15
45 133
45 255
158 160
227 145
80 62
226 147
206 190
219 41
132 101
165 25
132 172
202 68
161 30
44 138
137 44
29 162
180 252
172 130
166 151
86 53
221 165
125 53
151 225
151 98
11 171
165 221
9 228
212 181
152 38
101 133
215 49
251 183
155 162
154 98
12 171
95 162
197 73
262 145
26 164
210 185
172 1
208 61
154 163
60 82
72 71
223 223
14 43
172 134
217 46
41 147
91 171
40 21
205 238
172 6
172 128
224 29
227 145
171 136
226 147
146 168
176 89
166 149
12 100
85 182
195 202
34 157
148 99
206 191
231 214
18 42
172 130
101 8
228 9
135 138
17 169
220 167
171 10
11 171
34 30
126 177
54 213
11 228
6 101
93 41
146 41
28 35
189 207
99 146
220 99
73 70
96 160
141 100
191 247
130 263
168 147
154 163
97 30
16 100
223 159
142 100
82 59
173 217
0 101
136 1
63 247
15 100
6 45
43 15
161 95
43 140
8 171
83 234
228 130
136 5
5 228
139 227
142 262
10 101
98 154
194 203
171 137
232 214
125 180
136 135
116 70
86 53
221 165
77 193
29 35
24 225
259 160
153 98
228 136
45 4
25 165
68 118
215 50
183 124
219 170
171 9
44 12
156 97
70 200
211 183
164 153
130 228
170 91
249 187
27 36
60 82
100 143
159 32
169 256
82 59
90 173
101 0
0 172
21 167
227 15
172 6
43 15
95 34
39 130
224 28
210 107
19 41
42 92
5 228
51 215
15 135
195 202
30 34
99 21
152 225
226 150
42 145
262 136
8 228
115 199
45 131
193 203
231 88
78 192
160 132
216 102
144 169
36 94
138 101
150 166
220 168
124 56
28 35
171 9
99 146
92 226
255 46
172 133
239 204
228 3
263 3
62 80
145 227
23 134
14 170
160 223
198 199
134 45
90 173
167 20
128 136
40 21
164 26
146 261
72 198
161 95
74 196
61 208
83 234
101 3
216 176
132 101
12 100
35 222
16 169
98 154
131 162
44 10
213 105
18 42
51 214
101 8
101 136
172 4
144 42
230 88
31 132
22 99
98 25
42 144
163 221
52 87
55 212
134 263
191 205
106 212
133 154
146 226
31 160
142 170
84 56
176 215
246 65
92 43
62 80
172 91
45 135
43 13
31 223
170 14
261 148
217 47
147 167
91 172
148 40
15 100
96 32
198 199
30 97
144 100
28 97
107 83
129 101
172 129
167 149
202 240
142 262
42 16
27 97
139 171
63 206
29 162
252 54
9 262
228 135
72 115
38 221
42 17
225 24
31 132
149 226
216 102
126 177
135 13
138 101
101 134
215 50
228 4
155 162
136 171
12 171
155 97
74 69
95 161
227 140
58 210
48 89
168 147
45 218
81 187
40 257
96 160
256 43
45 7
174 217
20 40
45 0
63 248
100 143
185 210
199 71
98 221
201 69
8 172
210 108
101 2
216 175
57 84
100 140
5 45
138 228
97 154
44 139
9 171
219 41
18 41
51 214
85 182
228 10
139 262
253 178
156 161
78 192
138 44
152 98
51 126
164 221
137 101
101 134
3 45
5 101
149 226
79 190
226 19
158 33
174 254
84 56
152 37
167 22
4 136
168 147
146 226
24 134
130 40
224 222
141 170
158 223
143 100
101 128
91 172
248 189
238 79
261 20
170 142
30 97
166 257
208 188
83 235
41 146
219 42
184 210
140 227
34 222
254 175
160 30
171 12
190 79
169 219
54 124
8 263
134 101
38 151
94 37
194 203
161 29
99 23
171 138
89 230
51 126
262 139
228 137
150 166
3 45
168 145
28 35
155 260
195 75
28 224
16 42
34 95
215 50
192 246
89 175
207 62
99 146
45 135
257 167
33 96
198 72
210 185
174 217
1 101
217 172
128 101
89 47
58 83
71 72
34 222
73 197
8 172
171 218
101 2
219 42
4 228
240 76
132 172
74 196
224 28
12 44
260 155
86 232
78 65
3 172
166 150
24 38
139 262
228 8
103 216
11 44
226 23
93 166
51 126
135 12
200 115
55 212
93 40
65 78
86 105
133 155
195 75
31 160
138 101
135 16
203 113
83 57
48 89
146 41
154 163
61 81
257 167
96 31
71 199
147 134
217 47
248 62
90 172
189 121
164 26
31 223
43 14
159 32
140 170
156 224
209 108
129 101
216 175
131 101
165 25
172 5
16 169
163 95
147 99
225 26
85 232
18 41
167 220
23 166
165 24
4 45
67 76
216 230
192 204
150 226
157 34
67 203
86 53
242 199
212 182
3 45
18 168
105 213
136 171
12 171
91 227
254 47
183 85
240 203
22 40
4 136
101 129
155 163
45 135
197 73
160 158
43 142
159 223
237 206
121 189
172 0
121 62
153 164
58 83
100 141
223 31
200 70
187 81
209 108
20 41
4 263
131 101
37 152
45 132
143 42
97 155
258 36
26 98
212 106
228 132
263 135
23 166
52 214
139 262
178 126
230 89
32 132
65 205
103 88
67 203
131 45
38 24
7 101
135 263
5 101
29 35
9 44
44 12
30 160
169 16
35 95
227 140
66 119
48 89
190 207
28 36
28 224
74 69
158 33
171 255
58 210
100 16
101 128
263 0
167 148
217 174
158 96
141 43
31 96
143 100
29 97
27 163
20 41
216 175
246 192
152 164
6 45
74 196
155 224
226 146
136 44
169 219
182 251
2 172
196 117
165 24
37 221
135 228
89 102
132 159
158 132
161 156
7 228
53 213
180 213
39 150
51 87
192 205
92 41
44 137
203 194
91 228
143 169
35 95
165 152
101 132
175 216
250 185
19 99
261 25
17 100
30 224
128 171
32 96
206 111
167 21
45 0
20 167
80 110
96 31
100 141
223 31
16 227
97 156
108 82
80 62
1 172
58 83
203 239
183 211
128 47
222 163
131 163
27 260
92 169
191 78
220 40
6 228
101 138
131 172
169 144
216 229
149 99
158 132
40 93
17 42
131 45
151 38
39 150
214 51
65 78
219 168
152 98
226 20
218 101
254 48
85 55
100 12
166 22
45 129
206 63
210 234
61 81
227 17
95 161
44 128
134 19
89 175
186 82
1 136
208 60
144 227
261 21
71 199
95 97
200 70
8 172
227 145
249 59
170 219
3 228
141 227
17 135
70 73
33 158
131 164
225 26
92 169
19 41
177 88
117 68
11 101
140 262
194 202
38 221
204 66
65 205
225 151
101 7
214 179
24 165
54 212
51 87
6 101
156 162
44 137
12 171
221 37
101 10
95 162
75 240
245 66
129 172
184 123
234 83
61 81
145 227
221 98
255 44
134 19
227 142
190 247
0 45
40 20
90 46
134 172
227 15
160 96
14 43
209 187
145 100
20 41
136 3
65 246
227 14
133 172
255 173
97 156
164 258
80 62
99 21
228 131
220 41
228 133
87 52
172 4
169 144
161 30
138 171
137 44
40 93
52 125
172 131
86 180
181 85
262 9
181 125
150 226
10 44
171 139
225 154
254 48
262 142
178 215
39 149
89 176
146 41
210 234
208 61
140 43
98 94
198 73
184 83
78 238
129 228
46 90
208 61
37 154
209 59
256 169
159 96
70 73
172 135
208 109
61 207
263 130
40 21
14 100
262 17
255 173
162 95
195 202
27 98
148 99
168 19
129 45
101 6
11 101
54 86
50 253
26 98
77 193
78 64
98 24
228 134
221 38
166 151
150 166
39 220
228 6
232 87
171 10
148 226
228 218
127 176
212 182
240 202
67 118
263 5
228 3
155 163
260 25
196 74
157 97
200 197
172 133
26 164
101 129
128 172
167 147
17 100
149 261
227 15
159 223
170 14
150 134
18 227
122 187
174 90
247 191
77 112
184 211
46 255
162 95
44 139
154 225
21 226
124 183
172 129
228 133
25 38
141 262
177 126
30 34
160 259
64 205
151 98
66 204
52 214
243 198
213 181
166 94
53 252
104 214
151 98
194 76
225 154
137 101
55 212
201 114
228 5
136 133
184 123
170 91
133 153
201 196
35 95
43 142
18 262
48 89
64 120
2 136
249 187
144 227
22 134
141 43
96 96
71 72
209 187
36 27
128 101
91 171
58 83
216 176
33 223
170 142
220 226
140 170
133 26
219 43
41 146
6 263
84 183
138 228
85 181
49 253
165 94
66 76
44 10
220 40
169 18
52 214
213 54
166 24
221 166
252 180
156 162
132 157
99 148
34 30
42 143
45 5
165 152
101 132
215 49
184 123
147 226
9 44
18 100
35 95
227 139
133 45
89 175
191 247
172 1
249 187
109 208
172 7
43 14
223 96
72 198
7 172
90 173
101 0
263 129
64 247
37 153
211 57
15 170
29 97
257 38
9 171
234 211
228 130
215 176
166 149
139 228
14 135
42 16
38 221
193 203
78 64
220 40
228 133
3 172
243 198
151 166
52 87
6 101
98 150
44 137
193 76
90 229
169 16
212 181
228 138
133 228
88 176
41 19
92 43
9 44
74 69
99 93
73 70
135 18
216 49
120 191
129 263
249 187
90 46
97 30
129 41
32 32
141 170
149 134
100 17
20 41
91 171
82 186
48 216
145 262
227 13
95 35
165 257
80 62
155 36
79 63
136 6
84 183
201 241
14 135
10 101
225 26
226 148
137 44
41 93
125 180
3 172
39 24
101 136
87 179
66 77
231 87
64 78
171 138
90 229
16 42
141 135
11 228
195 245
93 41
19 168
226 21
62 80
226 19
158 33
227 139
57 211
141 100
130 228
171 91
128 228
109 208
261 22
143 227
159 32
100 15
172 134
46 90
168 20
128 45
186 209
89 48
223 160
100 140
160 31
145 100
224 27
218 43
146 168
6 263
245 194
202 240
222 162
137 228
161 30
226 148
10 171
29 162
192 77
10 262
181 213
198 243
45 131
52 252
98 151
157 259
99 149
229 217
177 253
135 14
241 201
150 166
93 41
146 41
21 99
154 98
68 202
222 35
73 70
57 211
216 49
185 83
45 128
80 188
154 163
30 224
16 100
32 223
129 169
134 21
109 80
248 61
217 173
209 59
175 89
19 134
73 197
30 97
145 100
224 28
171 218
101 3
176 89
84 184
152 165
35 222
42 16
225 27
11 44
98 152
162 156
204 192
39 93
86 181
243 71
52 87
144 42
40 220
137 171
160 132
225 153
126 177
13 262
52 87
133 228
168 93
183 124
233 85
207 62
202 195
35 95
170 15
183 84
14 227
21 40
136 130
60 249
36 154
97 29
168 129
31 223
142 100
261 148
237 207
101 0
128 136
63 247
111 205
57 83
140 227
95 34
18 227
44 8
36 28
168 19
2 172
166 149
113 202
5 45
127 48
221 164
162 258
137 44
35 29
204 192
136 135
116 70
101 136
221 165
193 204
35 156
151 98
193 77
153 98
50 126
36 94
165 151
228 6
177 215
64 78
92 43
98 26
12 171
92 226
170 15
56 211
141 100
167 22
174 216
128 228
154 163
209 60
73 70
159 32
256 43
134 21
90 173
188 248
0 45
21 167
15 100
6 45
128 44
30 97
227 145
171 135
163 155
146 168
216 176
84 184
165 25
182 212
42 16
94 37
258 35
10 171
105 86
145 169
51 214
150 39
213 180
213 53
228 7
230 88
171 10
66 204
94 165
169 17
131 45
138 101
39 150
220 167
41 19
233 85
26 225
164 131
227 219
12 228
133 45
77 239
58 210
92 43
59 249
82 108
261 23
43 13
96 160
227 141
21 261
207 110
60 208
0 172
190 120
79 111
185 210
128 44
33 158
69 74
260 152
147 99
19 41
175 89
246 193
139 227
222 162
201 69
221 164
147 99
260 156
213 105
145 169
135 9
39 23
101 137
262 11
76 193
24 98
150 98
226 22
98 25
17 42
13 262
241 200
85 55
215 50
124 55
85 106
80 190
12 171
160 158
143 169
45 6
141 100
22 40
263 3
1 101
163 27
134 150
16 100
97 95
43 129
31 96
37 27
81 60
263 128
121 63
89 48
159 96
227 13
224 30
39 130
135 45
108 83
63 207
136 5
84 184
140 227
212 55
228 11
30 34
44 139
136 44
105 86
228 132
220 39
150 39
38 151
164 94
126 51
166 93
150 99
22 99
221 39
76 67
86 53
137 101
23 39
130 172
228 5
149 226
133 155
258 163
100 92
101 11
172 132
164 152
246 65
1 45
41 20
163 27
151 261
70 200
159 159
129 170
45 7
206 110
167 21
91 172
82 187
238 79
223 159
198 199
157 224
144 100
135 45
171 218
146 168
216 175
4 228
13 100
182 212
11 101
94 36
76 194
225 25
99 22
168 18
167 220
196 117
228 10
94 37
135 228
29 34
171 11
11 171
103 89
67 203
37 94
165 151
212 182
88 177
132 228
162 28
44 136
163 131
100 92
201 196
34 95
50 88
149 167
48 89
189 207
27 36
81 187
167 130
160 223
227 141
45 7
110 79
248 62
91 172
209 60
47 216
20 134
227 14
225 94
13 43
28 97
99 19
62 207
92 169
101 4
88 50
262 16
174 127
97 155
12 44
153 225
226 149
55 124
45 3
196 117
52 214
262 12
101 135
230 89
11 44
99 150
230 216
194 76
37 94
73 242
101 134
3 45
168 145
42 219
63 79
163 131
31 160
74 69
132 45
177 215
40 149
175 216
41 19
154 163
8 45
40 257
97 95
129 170
31 96
237 206
209 187
217 45
189 121
26 37
31 223
43 256
222 224
140 170
61 208
209 108
41 146
45 1
167 149
113 203
45 132
74 196
219 227
20 226
28 260
85 232
168 18
40 93
166 150
24 38
135 139
178 126
230 89
204 65
99 150
93 166
67 203
135 12
87 179
69 117
263 8
41 18
29 35
260 28
131 36
28 224
201 196
212 183
88 177
66 119
48 89
228 2
28 36
61 81
130 39
34 95
256 44
20 261
153 37
21 40
45 218
1 228
110 206
210 58
199 71
222 224
200 70
60 208
99 19
129 101
43 92
246 192
152 164
132 172
127 47
33 158
131 163
26 98
149 99
101 5
172 130
101 7
228 10
172 4
194 203
25 98
32 132
138 44
25 225
203 194
86 53
101 10
134 228
8 136
124 54
156 162
28 133
203 194
160 157
101 11
45 5
215 50
57 211
92 42
250 185
99 146
8 45
201 196
98 94
198 72
32 96
37 26
82 60
45 0
1 228
27 37
83 185
170 129
32 32
143 100
60 208
36 27
2 228
1 172
149 40
100 140
34 222
196 201
222 163
171 12
136 44
85 233
78 64
93 167
69 244
228 10
45 131
203 67
166 94
259 32
226 23
215 103
126 179
53 213
72 242
7 101
220 166
181 124
156 162
98 25
162 131
218 101
137 101
35 95
75 240
5 101
48 89
58 250
99 146
188 208
170 140
34 95
100 13
133 45
48 89
228 2
0 172
128 101
217 174
83 186
100 141
31 96
257 40
134 23
99 18
168 20
216 174
101 4
112 203
183 211
255 174
219 227
163 258
207 190
106 85
251 55
167 220
55 85
38 151
164 94
177 126
221 165
44 138
78 65
230 215
101 7
165 221
101 9
23 39
9 135
145 42
105 213
29 133
139 44
228 218
101 10
135 15
215 50
57 211
136 132
3 101
234 83
208 61
196 74
224 157
13 227
210 185
111 78
167 21
0 45
228 0
207 237
148 261
100 142
32 159
227 143
81 60
27 163
41 147
130 136
149 40
77 112
144 262
43 15
97 155
68 75
153 225
92 169
64 205
177 88
183 212
228 11
36 221
194 202
89 102
138 171
65 205
98 24
17 42
131 45
228 136
166 23
39 220
77 192
35 156
225 152
171 139
161 157
74 69
95 162
75 240
228 5
263 5
19 168
107 210
25 133
196 74
31 160
13 227
261 146
89 175
247 63
45 0
81 188
27 37
7 45
170 141
158 223
170 14
156 224
18 227
228 128
263 130
167 149
49 216
262 17
170 142
162 95
37 131
133 27
92 170
64 205
50 215
6 228
214 179
45 131
144 42
217 229
22 226
10 171
215 104
252 52
4 172
24 165
23 39
93 39
204 65
86 105
133 156
44 12
91 228
143 169
212 182
165 152
132 228
136 132
168 146
36 155
135 171
100 145
221 98
13 227
83 57
238 205
190 247
218 171
188 208
90 46
21 134
42 256
32 32
168 256
134 23
217 45
1 228
174 90
40 21
141 227
96 33
142 43
158 160
226 146
133 27
233 211
131 101
7 263
166 150
214 178
140 262
144 42
38 221
33 132
191 78
167 220
17 42
38 94
136 101
197 243
39 220
192 204
87 105
10 44
161 131
27 225
143 169
45 5
100 12
39 149
176 216
146 41
211 234
135 171
196 74
94 225
172 255
134 19
48 89
63 120
263 1
0 228
100 144
261 22
129 42
223 96
16 227
60 209
208 109
20 41
2 263
58 83
164 26
184 211
43 15
35 222
202 68
27 98
99 21
79 64
41 93
39 23
87 51
163 95
9 101
102 217
160 259
64 205
151 98
204 193
179 87
53 86
150 166
39 221
6 101
231 87
98 24
131 34
225 154
68 202
162 222
25 165
22 39
168 92
41 19
99 147
9 44
74 69
29 224
140 100
262 145
164 153
120 191
217 46
168 147
90 46
172 7
169 129
159 159
143 100
134 45
109 81
187 249
263 129
64 247
89 49
84 184
73 197
97 156
12 43
26 260
28 163
131 101
41 93
228 133
228 11
5 45
253 176
34 157
99 21
157 132
150 98
180 252
52 214
243 198
181 86
3 45
101 133
214 231
78 191
148 226
165 221
10 228
163 222
201 114
22 39
41 219
101 130
234 84
171 9
165 130
160 158
170 15
45 6
205 111
59 209
172 1
61 81
154 163
157 97
100 142
223 96
72 198
59 209
173 217
228 0
1 172
209 59
153 164
172 6
172 128
95 35
201 69
136 44
147 99
19 41
88 49
118 67
165 25
212 54
101 136
90 102
138 171
10 171
87 231
252 53
221 38
24 166
54 213
137 262
169 145
231 87
10 44
203 193
221 38
202 195
5 172
51 87
194 245
172 2
183 123
155 163
189 207
170 140
35 95
45 128
135 18
89 176
3 101
129 263
187 122
217 173
97 30
142 227
96 96
199 71
59 209
81 236
122 187
173 90
101 2
153 164
57 84
13 100
31 33
130 165
207 189
36 28
79 63
41 92
132 101
165 25
95 35
127 49
164 94
11 44
30 259
168 220
204 193
130 45
135 101
228 9
10 135
193 204
24 98
78 191
11 171
165 221
49 126
54 212
25 165
68 118
49 88
56 251
211 234
154 98
164 131
158 33
170 15
84 57
49 89
21 40
44 218
81 188
217 173
22 134
198 72
159 159
42 129
172 134
100 17
81 61
90 46
228 129
15 100
57 84
100 140
99 220
227 145
153 133
107 84
79 63
176 89
183 211
202 240
14 135
16 169
34 157
194 203
191 79
41 93
77 65
166 220
228 135
213 180
262 11
42 17
167 93
191 205
132 33
98 26
195 75
36 95
101 11
195 245
168 93
183 124
170 92
133 153
19 99
99 93
197 73
45 6
227 141
167 21
47 90
228 1
208 236
224 157
100 143
32 223
15 227
59 209
27 163
81 61
0 172
186 209
100 142
159 96
100 140
158 160
201 69
224 28
91 171
190 79
5 263
5 228
178 88
5 45
127 49
27 98
21 226
225 25
156 35
204 192
130 45
54 86
24 39
172 4
101 134
225 24
10 44
99 149
34 30
136 101
140 135
11 228
211 183
93 41
206 64
43 219
98 27
68 202
160 158
142 170
84 56
227 141
21 40
174 217
228 1
227 18
156 97
141 43
31 223
42 129
134 45
154 37
0 228
172 0
40 21
205 238
172 6
172 128
160 31
145 100
61 208
107 83
79 63
42 92
57 84
51 215
135 142
228 10
154 225
12 44
25 98
23 226
54 125
172 130
85 181
136 228
214 52
17 169
24 98
259 31
193 77
26 225
42 144
86 54
101 11
68 117
220 168
4 101
28 35
260 27
164 131
160 158
139 101
183 84
49 88
167 22
174 217
207 62
82 109
60 82
16 100
97 95
142 100
45 7
110 80
101 0
128 136
63 247
238 78
185 210
198 199
157 224
196 201
25 260
234 210
184 250
169 219
39 22
152 165
182 212
69 74
225 27
258 35
225 25
105 86
181 252
172 130
228 135
86 53
172 4
228 7
93 40
225 150
160 132
34 30
9 228
135 13
165 151
195 244
167 93
191 205
99 148
62 80
19 99
31 160
197 73
95 161
112 77
246 65
130 263
147 41
172 91
156 97
227 16
159 159
14 43
186 82
174 217
0 101
173 90
40 21
238 78
96 32
140 227
221 225
140 170
97 155
20 226
123 185
132 136
149 40
75 113
15 135
74 196
34 157
162 258
29 260
168 219
169 18
178 87
54 85
199 242
135 138
17 169
34 156
98 23
99 149
98 25
101 8
131 45
151 38
117 195
45 129
124 55
155 162
26 225
202 195
100 92
47 127
95 161
203 112
149 167
45 128
147 41
82 108
134 150
257 167
159 32
14 43
172 134
90 174
128 228
91 172
209 59
37 153
96 32
44 255
98 221
166 257
28 97
171 218
207 190
92 169
40 22
25 38
5 45
127 48
37 221
67 76
190 79
99 22
192 78
172 130
7 228
228 10
172 4
17 169
156 161
158 259
22 99
39 94
76 67
164 221
242 200
150 166
167 93
191 205
226 22
44 136
146 226
28 224
47 127
45 6
25 164
65 119
263 4
228 2
36 154
172 8
227 17
95 224
129 170
96 158
206 110
60 208
218 45
40 21
111 206
210 58
128 44
31 33
13 43
28 97
155 36
146 168
1 172
210 57
50 215
45 132
196 201
100 218
67 76
98 152
156 35
18 41
172 130
212 55
137 228
12 135
42 17
103 215
32 132
44 11
216 103
228 135
221 37
52 87
244 69
93 40
124 55
35 155
98 26
226 20
33 31
74 69
135 16
100 13
210 185
216 48
59 249
163 27
135 172
140 43
159 159
43 141
147 134
79 237
209 187
136 0
121 62
47 216
159 96
198 199
224 30
13 43
155 224
19 226
2 228
175 89
4 228
76 113
34 222
138 228
224 28
131 163
79 63
105 86
5 228
88 51
134 101
10 101
86 180
135 228
220 166
259 32
23 99
93 166
178 253
262 139
151 38
134 228
8 136
41 18
92 42
133 155
171 139
33 31
101 11
183 85
88 177
83 57
175 216
41 19
209 235
81 188
13 170
32 159
256 43
45 7
110 79
121 189
45 0
82 187
16 100
134 172
71 72
31 96
17 227
8 172
218 45
123 185
263 131
192 119
203 240
183 211
196 201
222 163
147 99
260 155
226 149
65 205
93 167
166 150
151 165
135 139
253 178
220 166
138 171
44 11
93 166
101 8
4 172
165 151
244 69
135 263
5 101
169 92
44 136
44 12
155 97
196 74
95 161
50 88
184 83
169 92
146 41
99 146
28 224
70 200
157 97
15 43
159 223
100 16
187 82
217 45
21 167
47 217
210 58
100 141
223 160
140 170
151 134
108 82
186 249
89 48
149 40
112 203
222 161
47 254
227 92
195 202
9 171
155 35
132 101
263 135
117 69
151 165
12 135
101 135
39 220
159 259
132 32
93 166
228 135
12 262
38 24
7 101
51 88
65 78
156 162
136 171
226 20
157 33
69 201
182 85
13 227
167 22
131 263
19 168
163 28
155 97
43 13
225 221
142 170
261 147
227 143
187 82
46 90
1 228
16 100
31 223
100 141
222 224
40 130
29 97
235 209
168 20
219 43
83 185
140 227
172 6
69 74
95 36
131 163
190 79
212 106
191 78
40 93
55 85
73 115
221 164
126 51
89 102
226 149
65 205
220 39
8 228
135 11
213 53
212 182
87 178
18 168
86 105
25 225
99 147
91 228
143 169
85 55
25 165
22 40
175 216
168 146
171 91
188 208
257 166
160 158
44 128
133 45
238 206
82 59
172 91
228 128
174 90
210 59
14 100
159 32
257 40
187 81
91 172
62 207
1 172
22 167
141 227
34 222
69 74
160 31
226 146
260 154
99 21
4 228
45 2
55 85
165 24
86 181
50 253
221 166
132 160
137 44
230 215
126 179
135 11
242 199
85 54
93 39
6 101
168 92
137 171
44 12
221 37
143 169
222 35
88 177
245 66
132 263
168 146
99 147
97 28
170 140
97 30
128 171
19 261
164 153
167 21
173 217
248 188
207 237
45 134
71 199
96 158
143 100
23 261
227 145
62 207
130 136
65 246
100 141
95 34
200 70
33 158
68 75
27 260
155 35
78 64
172 129
56 85
165 24
36 221
144 42
216 229
160 259
259 158
24 225
66 203
94 165
115 72
23 39
51 87
133 228
92 41
225 152
148 226
101 91
254 48
132 45
227 139
101 132
216 49
184 123
210 234
135 171
130 39
224 157
71 199
6 172
111 78
63 120
172 0
248 188
27 37
158 96
141 43
223 160
168 257
8 172
109 82
228 128
128 45
167 149
89 49
135 144
128 46
99 219
68 75
9 171
92 170
78 64
215 177
133 101
179 87
86 181
50 253
94 38
77 193
132 31
35 29
77 66
135 11
9 228
181 85
93 39
54 252
29 35
44 137
99 148
27 225
137 101
262 142
88 178
118 194
89 176
63 79
28 36
171 8
227 18
34 95
128 172
223 32
15 227
59 209
0 172
0 228
37 154
209 59
142 227
97 222
256 41
134 23
90 172
122 187
1 172
83 185
100 141
33 223
70 73
93 99
164 258
136 44
28 162
64 206
136 7
118 68
25 38
13 135
9 101
38 221
77 193
151 225
93 167
204 193
138 135
39 24
166 23
262 9
53 252
232 87
29 133
99 148
161 157
127 176
85 55
100 12
245 67
176 216
19 168
107 211
61 80
201 196
160 158
255 45
96 159
48 89
63 120
1 136
248 188
109 207
157 97
256 169
223 159
73 198
209 187
27 163
249 60
91 171
3 228
112 204
160 96
197 200
31 33
226 146
171 136
233 211
183 251
136 6
118 68
214 178
36 222
253 177
229 90
204 66
137 44
162 156
7 228
38 94
24 166
166 23
135 137
193 204
162 29
171 10
76 67
161 157
254 49
55 212
25 165
39 149
2 45
101 130
43 218
97 27
227 18
99 93
227 140
145 135
216 48
247 63
45 128
41 20
154 163
134 172
170 141
223 159
14 43
134 45
217 46
249 60
47 217
64 247
49 216
262 18
139 227
158 160
202 68
9 171
28 163
146 168
133 136
183 211
138 228
181 212
253 176
225 26
171 11
151 225
225 150
204 193
165 221
54 86
71 116
166 94
204 66
104 214
10 44
66 203
34 30
101 10
135 14
228 139
22 39
49 88
250 184
211 234
97 27
100 145
93 226
45 128
6 172
37 26
120 191
129 263
60 249
27 36
30 224
199 198
32 32
41 129
186 82
227 145
0 101
171 218
167 148
227 14
45 133
139 227
97 156
18 227
44 9
147 99
57 123
263 133
149 39
139 228
163 95
127 49
30 34
76 193
137 44
162 156
66 204
135 10
86 181
181 86
179 214
204 66
156 162
24 225
34 258
94 165
176 254
141 135
228 139
183 84
172 2
168 146
36 155
62 80
165 130
35 95
45 128
133 45
26 164
59 210
2 136
81 188
217 173
157 97
227 15
223 159
142 100
209 186
208 109
81 61
45 1
2 228
227 15
172 6
200 70
220 226
196 201
26 260
84 234
146 168
49 215
166 149
228 12
163 95
143 42
217 228
21 226
10 171
214 104
193 77
221 39
181 213
151 166
94 38
228 7
93 40
78 191
99 148
94 165
68 202
14 262
87 178
133 228
176 215
183 124
99 148
154 98
75 68
226 220
128 173
262 145
49 89
120 191
128 172
208 61
154 163
149 261
199 198
32 96
227 142
224 30
227 144
249 61
2 263
209 59
100 142
33 223
197 200
156 224
13 43
136 44
20 226
101 3
168 219
228 132
240 74
85 182
137 228
101 217
21 226
206 191
29 162
204 192
93 166
135 101
116 198
3 45
228 7
214 231
205 64
66 204
225 153
177 253
172 132
165 152
101 133
41 220
101 131
155 162
207 62
12 171
93 226
70 200
18 262
176 216
3 101
45 128
147 41
145 227
97 30
143 227
223 223
129 169
97 157
207 109
167 20
171 218
190 120
26 37
83 184
100 140
33 158
257 38
224 28
234 211
184 250
2 172
39 22
113 202
172 5
68 75
94 37
203 67
25 98
105 87
42 145
45 3
70 243
101 136
214 52
144 42
167 93
137 171
33 259
157 34
101 9
4 172
87 179
23 39
50 88
64 79
170 92
154 260
75 68
95 162
197 73
45 6
239 204
58 210
130 263
41 20
217 172
156 97
170 141
32 159
169 256
172 134
17 227
147 167
218 44
63 247
216 175
210 57
198 200
30 97
38 130
155 224
99 20
130 101
263 132
67 245
75 113
172 5
169 143
154 225
44 139
98 152
93 168
192 77
51 214
181 212
180 86
4 45
228 7
220 167
158 259
132 33
98 26
253 50
4 172
151 38
228 6
134 263
19 168
155 162
207 62
258 164
219 99
128 173
211 183
227 141
101 130
263 3
207 62
172 91
135 172
70 200
160 223
100 15
261 148
237 207
20 40
173 90
167 148
175 89
146 261
44 255
157 224
130 166
171 135
91 171
41 146
216 176
22 166
177 88
55 85
101 137
27 98
258 35
156 133
232 213
101 6
130 45
39 23
9 101
262 11
66 76
98 151
137 171
22 99
221 38
126 177
221 36
38 24
39 150
167 93
19 168
162 28
225 153
164 131
158 33
255 46
56 211
204 112
167 22
1 45
128 228
108 209
150 261
16 100
96 160
198 199
209 186
17 227
121 188
263 128
228 129
175 89
134 146
255 171
94 98
201 69
61 208
163 155
101 3
132 136
246 193
38 152
162 95
127 48
154 224
76 194
260 156
22 226
169 18
87 51
166 150
180 86
165 94
193 203
29 34
10 44
77 66
166 221
203 194
135 13
101 11
117 195
215 50
182 124
99 148
27 133
171 139
158 33
47 128
211 183
112 76
228 4
136 130
128 228
18 99
23 134
143 227
160 223
199 199
261 148
80 237
20 40
172 218
101 2
143 227
261 19
227 13
161 95
170 13
155 224
91 171
2 228
2 172
101 4
25 38
162 95
48 254
161 30
99 20
63 206
35 29
18 41
9 262
101 7
86 53
180 213
67 76
98 151
132 158
226 22
225 152
42 144
4 172
101 10
244 69
3 45
132 228
92 42
153 98
195 75
163 222
201 196
45 6
164 152
22 40
136 131
168 147
154 163
97 29
197 73
32 159
43 129
31 96
79 237
148 167
263 0
121 62
47 216
58 83
100 141
94 98
257 39
97 155
108 83
207 189
45 1
101 4
240 76
172 5
16 169
163 94
194 203
63 206
226 149
78 65
215 178
182 212
101 137
213 53
8 101
88 103
226 150
23 99
98 25
51 126
4 172
38 24
101 134
40 220
64 78
162 28
155 260
36 258
158 33
69 201
222 34
239 203
246 65
4 136
249 186
27 36
151 261
73 70
31 223
141 170
134 20
153 37
1 101
45 91
209 60
79 110
223 159
71 72
95 34
70 73
151 134
146 99
207 189
128 45
57 83
88 50
135 143
174 127
219 227
131 163
136 44
22 226
145 168
215 178
101 7
151 165
172 4
8 101
216 230
132 159
192 77
216 103
203 194
135 12
242 200
69 117
177 215
55 251
155 162
79 190
226 20
92 227
201 196
85 56
38 25
131 228
48 89
168 146
171 91
135 172
17 100
223 158
129 170
261 147
143 100
121 189
45 218
82 187
143 227
223 158
72 198
96 33
13 43
188 81
226 146
58 123
128 45
83 184
50 215
172 5
174 127
163 95
195 202
190 79
92 169
251 55
172 130
134 101
228 10
135 139
126 51
89 103
99 23
77 65
152 98
126 178
86 53
101 10
101 134
45 130
182 124
99 149
136 171
36 258
28 224
143 169
85 56
177 215
101 131
1 45
101 129
171 91
61 81
144 227
33 31
142 170
159 223
100 16
62 121
263 0
60 81
164 26
134 172
14 170
96 158
170 13
156 224
91 172
249 59
48 216
65 246
37 152
16 135
101 138
36 222
75 195
133 28
28 162
228 132
136 8
23 166
101 137
53 86
228 8
93 39
99 22
226 23
25 225
76 67
164 221
199 115
117 196
130 172
132 228
22 99
171 9
76 67
94 163
74 69
222 34
227 140
167 22
4 136
189 207
36 155
155 97
144 227
31 160
72 71
45 7
206 111
82 60
173 217
128 101
164 27
185 210
256 170
33 223
200 70
261 151
108 82
41 147
136 4
210 58
176 88
211 56
42 16
95 36
163 258
9 171
42 92
18 41
215 177
244 196
73 115
94 37
51 253
161 30
204 66
158 132
98 24
101 8
12 262
72 242
228 7
39 220
145 41
168 92
137 171
131 35
97 27
143 169
35 95
25 165
149 167
216 48
123 58
28 36
224 155
170 140
224 157
198 72
261 146
26 164
209 186
173 217
167 147
174 90
31 223
72 199
32 32
130 167
156 224
154 36
1 228
128 45
192 119
203 239
56 84
69 74
33 158
171 12
136 44
28 162
168 18
88 50
134 101
87 52
4 45
169 144
216 229
66 77
259 158
40 93
134 101
262 138
180 213
54 212
130 172
192 205
213 232
133 156
258 162
27 224
127 175
182 85
88 177
167 22
89 175
79 190
218 171
135 171
39 257
33 31
170 15
83 58
205 111
190 247
173 217
40 20
90 47
158 96
43 256
95 97
170 13
23 261
18 227
41 147
136 3
83 185
14 100
6 45
200 70
219 227
171 12
133 27
99 21
4 228
129 45
166 150
228 11
221 163
101 136
216 229
149 99
98 150
230 215
17 42
165 221
101 9
8 101
214 51
54 252
35 156
191 206
99 148
30 161
10 228
262 142
139 100
245 66
49 89
250 184
155 163
224 155
74 69
95 161
128 171
133 45
89 175
167 21
128 263
40 20
90 46
96 31
43 14
31 96
141 170
156 224
100 18
189 80
45 1
228 130
227 14
223 160
12 101
160 31
171 12
27 260
170 219
56 124
263 134
39 23
114 200
262 13
202 68
216 229
193 204
98 151
162 156
179 252
52 214
136 101
181 85
93 39
42 18
213 232
64 79
44 12
91 228
127 175
55 212
165 152
84 57
263 5
206 63
171 91
188 208
257 165
98 94
45 128
83 57
37 26
82 59
217 46
101 0
37 154
7 45
142 227
222 224
141 170
224 29
18 227
249 60
174 90
58 83
37 153
84 183
15 170
31 33
146 99
207 189
85 233
168 19
168 220
150 39
114 201
131 172
169 144
30 34
226 149
132 31
162 156
144 169
135 11
198 116
101 135
136 262
53 252
93 41
156 260
76 67
101 91
176 254
222 35
88 178
166 22
176 216
79 190
107 211
171 8
43 13
31 160
142 170
45 6
37 26
228 2
263 1
61 81
90 46
186 209
14 170
96 159
170 14
134 23
208 109
60 122
174 90
228 130
227 14
172 6
100 139
162 95
75 195
225 27
170 219
64 206
45 2
6 228
241 74
95 36
169 144
34 157
66 77
137 44
167 220
101 7
165 221
71 243
101 135
166 93
77 193
41 220
24 225
194 76
101 90
169 16
141 135
87 178
183 84
129 172
57 250
43 218
136 171
74 69
29 224
255 45
18 262
142 100
167 21
129 263
60 249
154 163
186 209
227 15
32 96
129 168
157 224
217 46
147 168
1 172
83 185
141 227
45 133
200 70
93 99
19 226
189 80
170 219
131 101
168 220
68 245
228 11
5 45
136 228
157 161
161 259
132 30
220 40
7 228
10 262
151 39
243 71
39 221
6 101
162 29
205 64
258 161
153 98
75 68
95 163
38 25
22 39
92 41
79 190
155 163
224 154
74 69
35 95
255 45
160 223
227 142
120 191
174 217
0 228
173 90
172 7
72 71
223 32
227 142
134 22
236 208
249 60
218 44
21 167
204 239
172 6
70 73
162 95
227 145
44 9
92 170
130 101
219 41
149 39
12 101
5 45
9 101
90 102
131 161
44 10
98 23
101 6
165 221
101 9
86 54
165 94
125 53
231 87
259 30
138 44
225 153
228 136
262 141
12 228
56 211
49 88
63 79
147 226
26 133
145 227
33 31
197 73
18 262
176 216
167 21
218 171
168 147
36 154
186 209
168 129
223 96
141 170
149 134
163 154
168 20
136 2
120 64
37 153
135 145
200 70
156 224
170 13
44 9
99 20
101 3
88 49
67 245
152 165
54 85
75 195
228 90
66 76
225 24
23 225
6 228
221 39
54 86
228 9
94 38
18 169
24 98
30 132
76 66
90 229
9 228
172 132
178 214
101 133
172 2
4 101
170 92
44 136
139 43
226 220
43 142
96 160
239 204
210 185
128 172
128 228
208 236
97 30
71 199
223 32
199 71
224 30
109 81
188 81
128 45
120 63
175 89
145 262
200 70
162 95
165 257
189 80
84 234
79 63
168 219
149 39
12 100
5 45
16 169
90 101
203 67
30 260
156 35
77 66
135 10
181 213
213 180
179 214
77 193
167 93
24 225
22 99
90 229
195 75
135 14
165 152
133 228
133 263
4 101
155 162
189 207
12 171
95 162
12 227
45 6
89 176
83 58
130 263
122 60
154 163
224 157
71 200
159 96
14 43
149 134
27 163
81 61
46 217
148 40
227 15
19 134
172 128
161 95
69 74
224 27
107 84
41 146
176 89
245 194
240 75
222 162
68 75
101 218
148 99
152 225
87 232
6 228
3 172
101 8
228 9
221 165
7 101
225 24
98 24
171 138
90 229
42 144
95 163
38 25
150 166
129 172
228 4
219 170
44 136
75 68
29 224
46 128
223 33
100 14
58 210
1 45
60 249
18 100
187 209
141 43
95 224
227 142
172 134
100 17
61 121
46 217
2 228
216 175
134 146
198 200
98 221
69 74
260 152
226 147
130 101
136 5
101 5
152 165
15 135
75 195
218 228
194 203
98 152
213 105
228 133
9 262
8 228
198 242
38 221
134 228
93 40
259 31
11 171
229 216
169 17
54 213
24 165
68 117
45 129
251 183
21 99
80 189
75 68
158 33
128 173
262 144
26 164
246 65
43 218
41 20
236 82
97 29
70 200
159 159
15 227
31 96
164 154
101 0
91 172
247 190
26 37
210 57
128 44
157 224
43 140
81 61
91 171
146 168
92 169
132 101
240 75
15 135
169 143
34 157
131 162
260 156
92 168
252 54
93 166
212 54
86 53
38 221
42 17
93 40
65 78
44 11
102 89
101 9
213 181
200 114
212 182
93 40
168 146
99 148
225 153
19 99
28 224
73 70
135 17
176 215
83 58
128 172
147 41
100 145
97 29
197 73
223 33
100 15
45 7
144 100
81 60
91 172
40 21
164 26
19 134
227 13
95 34
74 196
8 171
44 91
19 41
132 136
132 101
75 113
222 162
196 201
94 37
12 44
171 137
168 219
205 192
135 9
181 212
180 86
38 221
193 203
29 34
192 205
132 33
221 39
76 67
131 45
165 151
39 150
93 40
168 145
21 99
80 190
99 146
224 155
255 47
56 211
100 14
58 210
128 172
189 207
108 209
60 81
73 70
96 160
129 170
261 148
143 100
248 61
217 173
129 101
48 216
83 185
142 43
158 160
144 100
224 28
83 235
80 63
263 132
22 167
25 38
182 212
175 127
94 37
226 147
190 79
41 92
192 78
39 93
101 7
213 180
262 12
253 179
93 39
78 192
132 32
98 25
135 101
4 172
242 200
85 55
45 130
182 124
219 169
63 79
68 202
158 33
169 16
6 172
13 227
210 185
48 89
41 20
36 154
60 81
13 170
160 223
141 170
31 96
237 206
21 40
45 91
121 62
164 26
134 172
171 128
224 30
170 13
261 151
146 99
41 146
216 175
246 193
113 203
132 172
201 69
36 221
20 226
152 225
149 99
18 41
215 178
85 182
151 165
53 86
51 253
98 152
192 205
138 44
166 220
76 67
135 12
10 228
7 101
135 263
132 228
28 35
190 206
226 20
219 100
228 138
95 161
164 152
40 149
4 136
186 122
99 146
187 208
197 73
159 159
43 129
96 158
237 206
62 121
0 172
62 248
164 26
7 45
100 141
98 221
39 130
81 61
163 155
168 19
136 4
131 101
240 76
34 222
69 74
155 224
194 202
153 225
149 99
65 205
3 172
101 7
101 137
164 94
253 178
25 98
204 65
192 77
25 225
42 144
131 45
52 87
150 166
167 93
192 205
212 232
153 98
12 171
28 224
228 138
132 45
113 76
83 57
92 43
185 123
45 218
29 224
140 43
96 31
199 198
261 147
110 79
167 21
172 0
128 101
16 100
58 83
14 170
96 158
170 13
151 134
82 235
207 189
4 263
4 228
88 50
172 5
16 169
163 94
226 147
28 260
85 232
55 124
130 45
23 166
151 165
180 213
253 178
220 166
159 259
138 44
161 157
203 194
164 221
199 115
39 150
51 88
18 168
162 29
206 63
202 194
92 227
101 11
212 183
177 215
101 131
172 1
62 80
91 44
208 61
73 70
224 157
141 100
134 45
110 79
228 1
45 218
21 167
37 153
134 172
43 14
223 160
70 73
24 261
146 99
41 147
48 216
246 192
37 152
211 56
47 254
163 95
202 68
260 155
99 22
124 182
88 50
212 55
179 87
94 37
253 178
89 103
132 159
11 171
215 103
51 126
45 4
199 115
39 150
45 130
168 145
99 149
44 136
12 171
154 97
143 169
16 262
140 100
193 246
263 4
250 185
91 44
97 28
257 166
97 30
199 198
223 32
89 174
187 82
91 45
248 189
164 26
134 172
198 199
224 95
167 257
60 208
91 172
80 62
128 45
83 185
37 152
222 161
101 138
95 36
226 146
153 225
212 106
101 5
8 263
69 244
137 228
140 262
169 144
216 230
193 204
10 171
98 24
67 203
94 164
228 137
70 117
172 3
18 168
86 105
133 156
258 162
161 157
48 127
135 15
13 227
57 211
129 172
41 19
36 155
81 188
74 69
225 221
43 142
261 146
206 111
121 190
218 172
60 81
174 90
186 210
43 14
158 223
167 257
135 45
145 99
1 228
89 47
119 65
100 141
144 262
196 201
28 97
68 75
9 171
169 219
205 191
172 129
39 23
101 138
131 172
203 67
216 229
77 193
78 65
103 88
52 126
131 45
228 136
244 70
51 87
132 228
226 22
137 171
20 99
164 221
74 69
222 35
88 177
167 22
42 219
250 185
163 28
260 25
257 166
157 97
199 198
185 83
142 100
82 59
91 45
121 61
80 110
59 82
43 256
32 159
227 143
224 29
108 82
128 101
128 45
65 246
215 176
161 95
255 173
100 219
12 44
207 189
28 162
4 228
134 136
68 244
200 241
135 140
50 253
221 165
44 138
171 137
29 161
144 169
53 214
86 180
135 228
178 214
6 101
86 105
10 44
76 67
101 91
48 127
212 182
12 227
149 166
136 132
184 123
226 20
152 260
227 18
225 221
72 71
6 172
227 142
190 247
172 91
60 81
110 207
186 209
42 256
224 95
130 168
8 172
45 91
228 128
218 43
192 119
14 100
84 183
12 101
226 92
12 44
225 26
43 92
168 19
50 215
212 56
114 200
4 45
17 169
89 102
44 138
158 132
231 215
169 17
165 221
180 213
228 8
178 214
192 204
226 23
29 133
131 35
225 154
16 42
95 162
25 165
194 245
132 263
123 57
99 147
25 133
69 201
97 30
43 142
96 159
227 142
59 209
136 128
228 0
27 37
96 31
71 199
31 96
73 197
23 261
227 145
207 188
3 263
167 148
141 227
183 211
255 173
95 35
202 68
9 171
28 162
4 228
168 220
183 211
52 214
262 13
202 68
153 225
77 193
158 132
231 215
7 228
131 45
243 198
23 39
93 39
65 77
232 87
191 206
76 67
218 101
42 143
45 5
240 202
228 5
2 45
123 57
211 234
155 97
38 257
98 94
13 227
159 223
153 37
63 120
44 218
20 167
100 144
148 261
100 142
223 32
256 41
135 45
172 217
207 188
136 3
247 191
37 153
18 135
70 73
31 33
139 171
136 44
99 21
251 56
172 129
166 150
114 201
132 172
17 169
229 90
193 204
44 10
151 98
125 179
214 179
243 198
228 8
52 87
77 192
87 104
24 225
161 131
221 37
202 195
182 85
214 51
56 211
136 133
168 146
20 99
27 224
145 227
33 31
13 227
172 133
37 26
186 82
45 128
61 249
154 163
149 261
15 100
96 96
170 14
187 82
208 109
20 41
47 217
3 228
14 100
160 96
200 70
160 31
43 139
171 136
36 28
191 79
2 172
150 39
152 165
85 181
49 253
38 221
34 132
98 151
104 87
42 145
165 221
39 24
166 24
39 221
18 169
29 35
132 157
76 66
217 101
75 68
45 5
139 101
228 5
219 168
146 41
155 163
207 62
170 140
31 160
13 227
133 45
216 48
167 21
91 44
60 249
227 17
134 149
71 199
96 96
72 198
209 186
217 46
249 60
90 47
83 186
153 164
172 6
170 142
93 99
18 227
133 26
107 84
146 168
215 176
22 166
87 51
14 135
169 143
94 38
99 21
205 191
93 167
42 145
94 165
86 181
39 151
38 221
169 145
214 231
64 78
193 76
94 165
228 136
5 172
101 12
22 39
129 172
146 41
43 219
9 44
170 140
97 29
45 128
145 135
14 227
40 148
44 218
168 147
145 227
172 7
71 199
159 223
72 198
149 134
227 144
0 228
91 171
82 186
175 89
262 18
12 100
158 160
69 74
62 207
84 234
168 19
136 6
84 183
165 25
222 163
143 42
38 221
226 148
10 171
214 104
53 125
3 172
116 71
39 151
179 214
53 252
93 40
64 78
21 99
26 225
228 136
172 132
87 178
166 23
45 129
183 124
211 234
27 225
170 139
99 93
15 43
18 262
141 100
120 191
172 1
1 101
236 81
22 134
100 143
159 32
141 170
7 172
208 109
0 101
128 45
167 148
78 111
145 262
70 73
99 220
38 130
153 133
211 107
123 184
136 6
118 67
12 101
212 55
176 127
217 228
203 67
30 260
162 156
133 101
10 262
243 197
136 228
38 221
204 66
231 87
259 30
160 132
225 153
144 169
45 5
165 152
183 84
88 177
183 124
211 233
133 153
139 44
95 162
139 100
160 223
176 216
191 247
1 45
128 228
45 217
172 8
43 14
159 96
141 170
7 172
154 36
228 0
91 171
186 209
238 78
184 210
255 172
222 161
130 165
171 135
84 234
184 250
89 49
101 5
165 25
132 172
68 75
154 225
76 194
206 191
168 220
42 145
172 130
116 70
9 101
165 94
204 66
225 24
259 31
226 22
165 221
202 195
95 163
25 165
166 23
136 134
79 191
106 211
225 154
131 37
31 160
170 15
17 262
49 89
191 247
174 217
207 61
90 45
23 134
43 14
223 158
14 43
157 223
17 227
40 147
217 173
59 82
153 164
210 57
13 100
97 157
38 130
152 133
163 155
190 79
219 42
5 228
51 215
15 135
143 42
37 221
226 148
29 260
150 99
101 6
178 87
197 116
71 115
262 11
204 66
225 24
65 78
149 226
34 30
144 169
4 172
214 52
244 68
134 263
101 131
85 106
98 26
226 19
162 222
43 142
6 172
153 37
210 185
91 43
128 228
100 145
150 261
41 257
31 223
129 169
261 148
144 100
20 40
1 263
167 148
26 37
133 172
15 170
158 160
145 100
135 44
234 210
41 146
2 172
193 118
100 139
35 222
169 143
161 30
171 12
171 137
226 150
54 125
87 51
23 166
115 199
52 87
228 7
225 24
65 78
226 22
38 94
42 144
54 213
114 73
85 56
215 50
4 101
42 219
207 62
12 171
100 92
255 46
262 144
153 37
40 149
219 170
147 41
108 209
8 45
70 200
223 33
142 100
21 261
227 144
167 20
217 173
63 247
111 205
96 32
227 13
225 94
166 257
97 155
210 107
19 41
136 5
40 22
88 50
35 222
196 201
161 30
20 226
79 63
86 232
65 205
172 130
244 197
228 9
180 213
193 203
161 29
192 205
99 149
39 94
126 177
213 181
11 228
195 244
93 40
78 191
226 21
98 26
258 163
92 227
11 228
45 6
14 227
149 167
43 219
228 1
18 99
8 45
197 73
159 32
43 141
83 59
27 164
147 167
91 172
21 167
216 175
19 134
255 171
97 157
144 100
208 188
235 210
250 58
42 92
22 167
140 227
182 212
169 143
37 221
131 162
260 156
29 162
132 101
178 87
55 85
199 242
213 53
135 228
24 98
137 171
171 138
221 39
42 144
4 172
87 179
196 244
167 93
64 78
35 155
133 154
19 99
163 222
201 196
262 144
49 88
58 210
136 131
20 168
172 91
97 29
130 40
158 96
256 43
83 58
174 217
128 228
0 136
209 60
100 143
134 172
227 14
98 221
166 257
188 81
171 218
168 19
45 1
83 184
177 88
5 45
196 201
36 221
12 44
206 190
169 219
168 18
3 172
212 55
180 86
12 135
126 51
98 152
11 44
204 192
166 220
17 42
53 213
115 73
55 212
50 88
78 191
226 22
225 153
75 68
160 158
196 74
135 16
50 88
4 101
45 128
20 168
154 163
97 29
170 140
31 223
227 141
96 158
16 227
101 128
45 0
40 21
47 216
45 134
256 171
222 161
140 170
208 188
36 28
168 19
92 169
184 210
25 38
143 262
174 127
94 36
258 36
206 190
35 29
192 78
51 215
117 69
87 52
86 180
8 101
216 230
132 159
132 32
166 220
67 203
131 45
165 151
69 117
88 177
168 145
42 219
26 225
20 99
158 33
228 138
161 222
240 203
210 184
4 136
41 19
146 226
134 151
144 227
159 159
170 256
58 210
217 47
62 121
91 172
62 248
237 79
147 261
170 129
32 159
100 17
61 208
44 91
207 189
48 216
119 66
227 13
34 222
228 11
219 227
12 44
26 98
105 86
18 41
220 40
196 117
151 165
53 86
126 51
39 220
159 259
11 171
25 225
135 101
180 86
179 214
228 7
93 40
78 192
162 29
26 225
147 226
224 155
143 169
183 85
140 100
246 66
216 48
168 146
226 19
208 61
140 43
31 160
129 171
134 20
143 100
167 21
90 172
167 148
110 206
172 7
14 170
223 160
170 13
151 134
108 82
20 41
131 136
101 4
100 140
5 45
11 101
92 100
20 226
190 79
106 85
78 64
130 45
85 182
137 228
262 12
101 135
34 157
138 171
11 171
152 98
101 8
94 164
137 101
244 69
130 172
124 54
149 226
260 28
12 171
160 157
101 11
132 45
215 50
149 167
48 89
19 168
28 36
188 208
130 39
34 95
43 142
96 159
89 174
40 148
0 172
121 62
16 100
158 96
72 198
33 223
227 144
81 60
218 45
147 168
92 170
210 58
227 13
45 133
74 196
28 97
68 75
190 79
92 169
101 5
93 167
23 166
151 165
4 45
42 17
39 221
132 159
23 99
34 29
126 179
135 12
165 151
182 85
93 39
181 124
99 149
152 98
131 35
91 228
143 169
5 172
140 100
246 66
219 169
80 190
146 226
45 135
196 74
95 161
100 13
32 96
175 216
209 186
128 263
101 1
207 237
261 21
141 43
32 159
73 197
224 29
145 99
207 189
263 130
22 167
164 25
161 95
127 47
227 92
44 139
80 63
233 212
228 131
263 134
85 182
214 179
172 4
203 67
39 221
66 77
225 23
230 215
228 134
138 135
213 53
212 181
136 262
42 18
41 219
206 63
44 12
97 27
175 254
162 222
75 240
149 167
263 5
3 101
171 91
61 81
13 170
98 94
13 227
83 58
37 26
129 228
172 0
61 248
144 227
59 82
256 170
223 160
16 227
29 97
235 209
59 122
1 172
130 101
153 164
262 17
70 73
224 28
99 19
62 207
85 233
41 146
88 50
166 150
87 52
163 94
101 136
102 216
44 138
171 137
93 167
169 17
135 11
53 86
150 166
87 178
101 133
92 41
156 260
258 162
157 34
74 69
162 222
152 38
57 211
129 172
250 184
28 36
260 25
39 257
94 225
72 71
133 45
100 15
190 247
45 0
0 228
164 27
21 134
100 142
32 159
143 100
8 172
82 236
207 189
217 174
192 119
88 49
17 135
70 73
35 222
19 226
189 80
170 219
64 205
2 172
117 68
165 24
213 54
228 9
161 30
66 77
10 171
104 88
134 101
52 214
101 9
116 197
51 87
6 101
150 226
191 206
258 162
164 221
48 127
212 182
88 178
57 211
45 129
146 41
91 44
133 152
74 69
31 160
45 128
19 261
78 238
59 209
1 136
121 61
173 90
45 134
227 15
223 31
200 70
45 8
36 27
207 188
170 218
167 148
204 239
144 262
128 46
31 33
12 44
44 9
162 155
64 206
45 2
84 183
114 201
54 86
136 228
38 221
99 22
24 98
162 156
169 17
138 135
101 9
8 101
214 51
169 145
220 168
29 133
138 44
218 101
16 42
55 212
38 25
57 211
219 169
206 63
91 44
25 133
74 69
160 158
70 200
83 57
15 227
2 101
44 218
101 0
217 173
134 172
72 71
96 32
100 16
157 224
227 145
128 101
128 45
148 40
49 216
184 211
43 15
97 156
258 37
225 27
43 92
183 251
45 2
101 6
25 38
213 54
9 101
161 30
171 11
44 10
167 220
252 52
179 87
24 166
197 243
137 262
77 192
87 104
151 98
171 138
154 98
68 202
222 35
152 38
183 84
2 45
57 250
36 155
133 153
196 74
35 95
142 170
172 133
26 164
129 228
90 173
0 228
80 109
134 172
170 141
32 159
143 100
187 82
90 173
1 228
172 128
210 58
176 89
211 57
46 255
162 95
146 99
171 136
84 234
206 191
263 133
101 6
25 38
45 132
49 253
38 221
99 21
191 78
40 93
66 204
130 45
166 151
166 24
135 137
204 66
98 150
132 157
203 194
221 37
49 127
222 36
201 114
183 84
215 49
19 168
36 155
9 44
170 140
35 95
170 15
33 96
142 100
129 228
45 128
61 81
90 46
186 209
256 169
96 159
141 170
22 261
227 145
228 128
136 2
167 148
100 141
96 33
200 70
224 29
130 165
9 171
155 36
41 146
92 168
183 211
201 241
135 141
176 127
225 26
66 76
64 205
231 214
101 6
262 137
39 24
136 228
179 214
6 101
162 29
191 205
34 258
165 221
143 169
141 135
25 165
67 118
168 92
206 63
36 155
136 171
74 69
160 158
45 128
133 45
204 111
228 3
47 90
0 101
36 154
59 82
142 227
96 159
198 199
22 261
81 236
249 60
218 44
59 82
111 205
133 172
197 200
226 93
201 69
44 9
107 84
57 123
172 129
149 39
228 12
212 54
169 143
30 34
138 171
137 44
35 29
42 145
52 214
24 166
166 24
262 10
193 204
98 150
44 137
66 203
102 90
42 143
36 95
51 87
67 118
215 49
64 79
99 148
153 260
37 257
93 226
70 200
133 45
49 89
167 21
218 171
61 81
18 100
60 82
170 141
223 223
198 199
22 261
90 173
60 122
128 45
228 129
48 216
18 135
197 200
31 33
38 130
80 62
147 99
41 146
2 172
166 149
87 51
182 212
42 16
157 161
34 131
260 157
214 104
133 101
52 214
228 135
180 86
179 214
180 125
225 24
64 78
44 11
30 161
136 101
135 14
138 101
195 245
2 45
191 206
148 226
44 136
99 146
222 35
15 43
45 6
49 89
210 185
263 2
60 249
154 163
30 224
141 43
223 159
43 141
172 134
154 36
101 0
90 46
190 120
205 238
172 6
142 43
30 97
43 140
25 260
84 234
123 184
132 136
84 184
139 227
85 182
68 75
91 101
194 203
260 156
41 93
18 42
3 172
181 213
53 213
135 138
144 42
215 231
44 137
11 171
229 217
126 177
140 135
138 101
118 195
93 41
206 64
219 170
154 260
139 44
31 160
173 255
56 211
204 112
3 101
3 136
228 1
45 217
135 172
141 43
223 158
72 198
134 45
164 154
0 228
45 0
186 209
227 15
134 146
170 142
225 94
201 69
133 25
44 91
123 184
169 219
228 132
139 227
182 212
143 42
161 30
258 35
156 133
41 93
18 42
172 130
85 181
24 38
179 214
169 144
24 98
132 158
138 44
165 221
228 136
4 172
214 52
133 228
41 220
78 191
219 170
98 26
164 131
92 226
228 139
133 45
141 100
22 40
217 47
101 128
227 18
29 224
73 70
224 222
169 256
31 96
217 46
40 147
172 218
63 247
26 37
223 159
15 170
98 221
196 201
61 208
147 99
3 228
176 89
228 132
75 113
95 35
228 10
27 98
203 67
156 133
105 86
133 101
214 178
135 101
151 165
221 165
203 66
40 220
98 23
171 138
153 98
75 67
135 13
228 138
117 195
7 136
101 131
35 155
80 189
164 131
163 222
255 46
144 135
100 14
101 130
128 172
80 189
108 209
150 261
14 170
32 159
142 100
31 96
227 144
60 208
45 91
21 167
205 238
133 172
100 140
161 95
43 140
171 135
218 44
123 185
175 89
22 166
202 240
5 45
69 74
228 91
12 44
98 152
99 22
42 145
262 136
166 150
242 72
180 213
134 228
215 230
171 10
204 193
94 165
144 169
135 13
200 114
182 85
2 45
101 131
42 219
80 190
258 163
158 33
196 74
17 262
88 176
4 101
172 1
1 101
36 154
135 172
200 197
32 159
43 129
134 45
27 164
81 60
136 1
82 186
89 48
210 58
100 140
34 222
144 100
135 45
218 44
228 129
136 5
84 184
50 215
172 5
175 127
164 94
20 226
206 190
92 168
124 181
45 3
39 23
10 101
94 37
253 179
151 225
226 150
77 66
98 25
203 194
180 86
24 165
134 228
8 136
64 78
226 22
26 225
163 131
227 219
201 196
56 211
164 152
167 22
4 136
101 129
154 163
261 24
197 73
95 224
14 43
210 185
90 174
189 248
218 45
40 21
16 100
20 134
128 44
94 98
227 144
155 224
83 235
168 19
42 92
228 131
165 25
135 143
69 74
33 157
44 139
136 44
86 232
205 192
167 220
166 150
213 180
221 164
144 42
230 88
132 159
259 159
225 152
169 17
37 94
228 137
55 212
8 136
101 132
28 35
153 98
202 195
155 97
42 143
161 222
177 215
4 101
216 48
80 189
36 154
97 29
144 227
222 97
170 14
134 45
164 153
128 228
172 218
228 128
237 79
58 83
129 44
224 30
73 197
261 151
218 44
250 58
216 175
246 193
113 203
85 183
74 196
227 92
36 131
171 136
35 29
228 132
3 172
212 55
242 72
86 180
42 17
39 220
204 65
150 226
93 166
17 42
164 221
165 151
39 150
136 135
182 124
35 155
79 190
99 147
222 36
11 228
161 222
215 50
210 184
89 175
129 228
27 36
208 61
144 227
33 96
100 14
147 134
79 237
167 21
172 0
209 60
90 47
58 83
227 14
32 159
43 140
151 134
99 19
228 129
48 216
210 57
25 38
45 132
169 143
155 224
226 147
155 133
226 149
168 18
3 172
244 196
115 200
172 4
194 203
30 34
138 171
65 204
98 25
76 67
164 221
87 179
182 85
45 130
145 41
149 226
28 133
202 194
28 224
42 143
5 172
13 227
228 4
45 128
207 62
146 226
81 188
140 43
221 98
141 100
58 210
237 206
187 82
45 218
189 121
227 16
31 223
256 170
96 158
170 13
134 24
45 91
147 168
45 1
192 119
177 88
183 211
138 228
222 163
20 226
190 79
35 28
132 101
263 135
39 23
214 179
164 94
169 144
216 230
77 192
259 159
103 88
51 126
53 213
213 53
69 117
93 40
192 205
92 42
155 260
139 44
160 157
16 42
95 161
100 13
40 149
172 1
19 168
146 226
8 45
201 197
225 221
198 72
261 147
16 227
228 1
217 46
187 208
110 206
158 96
170 129
224 95
73 197
208 187
235 209
122 186
89 48
65 246
164 25
161 95
74 196
28 97
99 19
190 79
162 155
132 101
3 172
228 134
137 228
45 131
178 126
152 225
66 77
259 158
34 29
228 135
180 86
228 137
182 85
9 135
5 101
162 29
260 28
20 99
224 154
69 201
35 95
75 240
167 22
2 45
168 146
83 108
81 188
170 140
95 161
100 13
159 223
227 143
101 129
46 90
208 60
47 217
185 210
129 43
96 33
13 43
97 156
18 226
20 41
47 216
119 65
239 76
262 17
201 69
92 100
146 99
63 207
35 28
101 4
220 40
85 182
87 52
213 54
228 8
94 39
99 22
137 44
34 29
179 253
135 11
180 213
135 228
87 178
5 101
29 35
133 156
226 20
34 30
196 74
262 142
38 25
40 149
169 92
19 168
44 218
44 135
227 17
222 34
72 71
159 223
111 78
186 82
263 1
147 40
227 17
172 7
256 170
224 95
73 197
97 156
172 218
122 186
136 3
246 192
141 227
161 95
255 173
92 100
258 37
260 154
148 99
4 228
50 215
244 195
73 114
45 131
50 253
225 25
160 259
225 23
34 29
76 66
53 213
38 24
150 166
87 178
252 181
226 23
10 44
20 99
30 161
169 16
222 35
215 50
66 118
136 132
41 19
91 44
224 155
140 43
160 158
13 227
58 210
100 15
63 120
128 263
208 60
17 100
96 31
43 14
159 159
100 16
209 187
227 145
249 59
3 263
119 65
77 112
160 95
197 200
222 162
164 258
171 136
233 212
191 78
93 168
166 150
73 114
181 213
101 136
161 30
138 171
24 98
231 215
66 204
94 165
165 151
116 197
3 45
252 181
162 29
156 260
76 67
164 221
10 228
172 132
202 113
166 22
172 2
184 123
155 163
44 135
196 74
160 158
198 72
96 159
15 227
40 148
172 0
0 228
217 173
82 186
71 199
160 96
16 227
23 261
27 163
62 207
128 45
210 58
227 14
144 262
100 139
220 226
99 19
154 133
28 162
251 56
134 136
150 39
87 52
222 163
68 75
30 34
160 259
259 158
40 93
252 52
87 52
86 180
8 101
87 178
133 228
162 29
137 171
171 138
27 225
169 16
212 182
165 152
118 194
42 219
190 206
44 218
152 260
130 38
33 31
255 45
261 146
37 26
129 228
172 0
188 121
46 217
21 134
198 72
32 32
41 129
261 150
100 18
101 1
171 218
40 21
37 153
223 160
227 12
93 99
146 99
153 133
148 99
4 228
220 41
133 101
114 201
141 262
202 68
217 229
204 66
137 44
87 231
204 193
38 94
116 71
23 39
93 39
42 18
214 231
64 79
99 148
27 225
195 75
5 172
227 139
84 56
129 172
228 3
218 170
44 136
38 257
29 224
73 70
45 6
175 216
40 148
171 91
61 249
36 154
82 186
142 227
159 96
227 143
30 97
163 154
249 60
136 2
120 64
77 112
184 211
46 255
156 224
202 68
27 98
84 233
19 41
2 172
84 183
74 114
141 262
126 49
157 161
99 21
259 157
35 29
53 125
38 94
53 86
228 8
130 172
228 6
104 214
98 24
203 194
98 26
75 68
95 162
214 51
118 194
129 172
123 57
170 91
9 44
140 43
222 35
255 45
133 45
238 205
59 209
1 45
41 20
46 217
186 209
72 71
159 159
72 198
172 134
109 81
147 168
90 47
120 64
141 227
6 45
139 227
224 29
201 69
207 189
211 107
146 168
45 2
183 211
74 114
14 135
127 49
30 34
131 161
157 132
225 150
42 145
137 135
24 166
151 166
45 130
6 101
162 29
132 157
161 131
98 26
176 254
141 135
139 101
194 245
45 129
130 228
92 43
9 44
170 140
226 220
139 100
6 172
164 153
120 191
90 174
187 122
27 36
261 22
199 198
159 223
256 42
134 22
81 236
228 0
47 217
247 191
37 153
135 145
200 70
31 33
257 38
153 133
170 219
228 130
45 2
149 39
51 214
54 85
228 10
98 153
258 34
10 171
225 150
228 133
52 214
24 166
86 54
94 38
228 7
93 40
205 64
259 161
98 26
16 42
54 212
165 152
39 149
136 133
4 101
84 107
62 80
99 145
99 93
128 173
211 184
204 112
101 130
172 1
20 168
227 18
82 187
199 198
32 223
169 256
22 261
144 100
188 81
217 173
59 82
15 100
135 145
227 13
35 222
257 38
136 44
211 107
168 19
216 176
194 118
87 51
212 55
254 176
161 30
67 76
98 151
23 226
53 125
52 214
39 23
53 213
262 10
53 252
151 225
151 98
77 66
102 90
75 68
132 45
178 214
195 245
215 50
146 41
155 162
26 133
164 131
220 99
46 128
184 84
37 26
64 120
263 2
41 20
100 145
60 82
73 71
32 96
170 14
149 134
46 90
167 20
1 172
101 2
142 227
57 83
13 100
220 225
140 170
152 133
226 147
63 206
45 2
67 245
139 227
45 132
101 137
154 225
203 67
137 44
35 29
145 169
93 166
23 166
198 243
135 138
42 17
88 104
225 151
99 149
34 30
9 228
36 95
228 138
84 56
134 263
101 131
219 170
27 225
75 68
224 156
12 227
144 135
164 153
210 185
218 170
1 101
109 208
8 45
143 227
32 32
42 129
157 223
110 80
61 121
173 90
82 186
142 227
19 134
45 255
98 221
196 201
133 25
234 210
130 101
49 216
211 57
227 12
132 172
195 202
34 157
35 131
206 191
220 41
169 18
87 51
116 70
115 198
4 45
17 169
220 167
10 44
226 22
94 165
50 126
13 262
11 228
244 68
168 93
19 168
35 155
44 136
37 258
33 31
255 46
211 183
227 141
83 58
128 172
20 168
45 218
97 29
168 130
159 159
227 142
223 31
227 144
81 61
91 172
82 186
216 175
134 146
128 44
31 33
196 201
224 28
44 91
206 190
49 216
101 5
165 25
182 212
228 10
37 221
44 139
152 225
219 41
145 169
220 39
135 101
199 242
214 52
144 42
151 225
225 150
99 149
94 165
17 42
45 4
241 200
101 133
50 88
64 78
28 35
153 98
258 164
222 36
12 228
34 95
100 14
101 130
92 43
186 122
18 100
135 172
257 168
97 95
100 15
96 158
90 174
208 187
45 91
148 40
78 111
6 45
44 255
160 31
196 201
61 208
20 226
58 123
2 172
166 149
177 88
45 132
228 10
218 228
139 171
44 10
226 149
78 65
262 136
23 166
86 53
4 45
228 7
88 103
158 259
160 132
229 216
101 8
4 172
241 200
182 85
45 129
124 55
21 99
207 62
99 146
222 36
228 138
6 172
203 112
149 167
130 263
249 186
235 82
208 60
167 130
95 224
71 72
83 59
154 37
188 248
263 128
167 148
37 153
32 223
198 199
161 95
100 17
135 45
99 19
250 58
216 175
57 84
152 165
15 135
201 69
97 154
20 226
190 79
219 41
192 78
262 136
228 134
53 213
262 11
203 67
156 161
158 259
138 44
221 39
228 135
53 213
165 151
7 101
8 136
55 251
162 28
98 26
202 195
155 97
69 201
135 17
112 76
192 246
128 172
129 228
146 226
45 135
40 257
95 224
14 43
148 134
154 37
81 60
45 91
82 187
47 216
185 210
227 14
221 225
166 257
208 188
108 83
58 123
42 92
131 101
88 50
55 85
69 74
227 91
131 162
206 190
169 219
251 54
220 40
23 166
115 199
12 135
135 228
215 230
44 138
22 99
220 39
51 126
53 213
52 87
69 117
3 45
145 41
106 212
225 153
75 68
227 219
196 74
161 222
215 50
40 149
4 136
80 189
108 209
261 24
170 140
222 97
170 256
134 20
110 79
248 62
45 91
1 228
206 237
83 185
71 72
95 34
144 100
134 24
226 146
228 129
48 216
167 149
215 177
262 16
47 254
100 218
67 75
136 44
213 105
182 251
167 220
134 101
101 137
180 213
67 76
161 30
77 192
77 65
157 34
51 126
262 139
137 101
166 23
45 130
228 5
149 226
63 79
147 226
97 28
228 138
56 211
13 227
131 228
43 219
189 207
154 163
81 188
257 167
32 32
43 141
96 158
16 227
121 189
45 0
148 40
164 26
210 58
199 71
160 96
144 100
134 24
171 218
19 41
216 175
119 66
13 100
45 132
201 69
100 219
131 163
155 133
105 86
132 101
93 167
69 244
10 101
139 262
51 253
98 152
259 32
138 44
230 216
42 144
180 86
52 87
166 23
130 172
18 168
42 219
153 98
20 99
227 219
174 254
212 183
140 100
228 4
128 172
2 101
27 36
188 208
170 140
34 95
44 129
45 7
227 143
21 40
0 263
248 189
16 100
20 134
100 141
223 31
13 43
151 134
163 154
62 207
92 170
40 22
88 50
132 172
74 196
219 227
44 139
136 44
212 106
41 145
215 177
150 39
101 137
37 221
51 253
30 34
150 99
226 23
25 225
51 126
53 213
151 38
85 55
45 130
18 168
162 29
155 260
12 171
33 30
143 169
182 85
76 240
184 83
1 45
168 146
28 36
151 261
227 17
30 224
255 44
134 20
111 79
189 248
0 263
128 101
16 100
147 261
170 141
222 224
144 100
24 261
226 146
228 129
219 43
58 83
88 50
34 222
196 201
222 163
36 131
206 190
42 92
18 41
215 177
212 55
38 151
53 86
144 42
152 225
204 66
150 226
34 29
51 126
4 172
213 53
228 7
9 135
78 192
162 29
190 206
12 171
224 154
169 16
212 182
202 113
22 40
132 263
228 2
44 218
45 135
69 201
97 30
44 128
19 261
227 143
63 121
128 263
228 128
207 237
210 58
43 14
224 95
200 70
224 29
209 108
122 186
48 216
131 101
215 176
6 45
143 42
155 224
19 226
9 171
219 42
251 55
136 7
101 7
52 214
213 54
144 42
39 221
204 66
150 225
93 166
42 144
172 131
72 242
117 197
135 136
125 54
149 226
98 25
139 44
34 30
169 16
135 15
202 113
84 57
169 92
2 101
147 226
28 224
257 166
34 95
100 13
210 185
238 206
247 63
172 0
187 208
207 237
261 21
71 199
95 97
257 40
23 261
100 18
207 189
219 43
3 228
153 164
262 17
128 46
100 219
258 37
9 171
35 28
228 131
167 220
228 133
52 214
45 131
50 253
216 229
149 99
158 132
215 103
169 17
53 213
72 242
166 23
135 136
65 77
29 35
63 79
171 139
30 161
101 10
5 172
25 165
22 39
89 176
190 206
44 218
260 25
39 257
161 222
255 44
261 146
37 26
2 101
172 0
101 0
154 164
7 45
100 142
96 158
197 200
45 8
163 154
20 41
1 172
130 101
37 153
17 135
46 255
160 31
258 37
80 62
106 85
251 56
129 45
6 228
87 52
131 172
169 144
165 94
77 193
171 137
98 24
66 204
221 38
136 101
101 135
39 220
125 54
213 232
137 171
76 67
27 225
68 202
132 45
38 25
57 211
176 216
168 146
210 234
61 81
130 39
224 157
140 100
172 133
78 238
120 190
44 218
101 0
164 27
59 82
43 14
222 224
100 16
134 23
217 45
62 207
174 90
64 246
141 227
96 33
70 73
29 97
258 37
189 80
233 212
19 41
134 136
133 101
52 214
4 45
126 50
229 90
44 138
205 191
156 35
101 7
214 179
86 180
116 197
9 135
169 145
150 226
191 206
99 148
37 94
195 75
35 95
139 100
84 57
219 169
123 57
28 36
28 224
18 100
221 98
128 172
146 134
37 26
247 63
0 172
188 208
100 144
134 172
141 43
32 159
70 73
97 157
227 145
187 249
263 130
83 185
216 176
6 45
255 173
97 156
146 99
154 133
21 226
146 168
45 2
245 195
114 201
163 95
177 126
98 153
149 99
44 10
104 87
252 52
38 94
53 86
181 86
179 214
145 42
93 41
225 152
138 44
228 217
254 49
132 45
178 215
211 183
168 92
3 101
36 155
80 189
18 100
95 162
200 197
262 145
37 26
148 167
128 172
208 61
217 173
157 97
170 141
32 96
168 256
60 209
36 27
61 208
172 128
3 228
14 100
262 18
170 142
160 31
202 68
26 260
162 155
251 56
93 168
166 150
165 25
172 5
49 253
161 30
77 193
157 132
151 98
125 180
94 165
116 71
8 101
262 10
169 145
104 214
137 171
203 194
30 161
75 68
45 5
214 51
118 194
219 168
146 41
99 147
207 62
69 201
29 224
100 13
135 18
175 216
191 247
172 1
0 228
46 217
59 82
43 14
32 32
227 142
82 59
173 217
81 61
128 45
247 191
216 176
223 160
200 70
160 31
38 130
80 62
92 170
56 123
136 6
56 84
101 138
132 172
75 195
102 217
21 226
171 137
220 40
193 77
3 172
151 39
39 151
214 52
77 193
29 35
132 157
193 76
26 225
228 136
163 222
25 165
39 149
133 263
190 206
170 92
26 133
140 43
95 162
43 142
145 135
26 164
186 82
136 129
0 228
208 236
82 186
141 43
159 159
15 227
209 186
163 154
187 249
218 44
82 186
89 48
223 160
200 70
31 33
170 13
133 26
28 163
19 41
219 41
39 22
74 114
141 262
101 137
94 38
99 21
205 191
29 162
228 133
94 166
101 8
213 181
52 87
169 145
29 35
24 225
21 99
225 153
75 68
85 54
74 241
84 56
92 41
146 41
155 163
153 260
257 165
95 162
170 15
160 223
216 49
21 40
47 90
1 101
90 46
134 172
129 41
96 96
142 100
45 7
17 227
41 147
91 171
186 209
100 142
262 18
15 170
31 33
18 227
27 97
234 211
19 41
136 6
245 194
12 101
55 85
176 127
27 98
161 258
24 98
220 41
125 180
3 172
86 181
228 9
38 221
101 134
162 29
98 24
138 44
30 161
101 9
14 262
138 101
39 150
50 88
56 251
43 219
207 62
99 146
162 222
46 128
223 33
216 49
210 185
171 91
128 228
163 27
134 172
71 200
96 96
170 14
30 97
100 17
248 61
91 171
186 209
153 164
83 184
70 73
158 160
100 18
80 61
218 43
3 228
216 176
166 149
88 51
162 95
169 143
98 154
203 67
152 225
168 220
133 101
87 51
197 116
39 151
172 4
193 204
104 215
151 98
160 132
94 165
228 136
262 140
11 228
195 245
215 50
56 251
155 162
27 133
44 12
35 95
73 70
56 211
204 112
21 40
128 172
20 168
100 145
209 60
73 70
32 96
43 141
186 82
110 80
188 81
0 172
148 40
48 216
261 19
255 172
95 34
38 130
133 25
155 36
57 123
136 5
228 132
215 178
45 132
48 254
221 164
12 44
29 260
150 99
77 65
166 220
197 116
228 9
45 131
179 125
220 167
24 225
33 259
165 221
177 253
54 213
151 38
117 195
7 136
101 131
92 43
153 98
99 146
29 224
73 70
135 17
89 176
83 58
43 218
59 249
100 145
135 172
16 100
158 96
72 198
172 134
27 164
20 40
128 136
101 2
175 89
32 223
71 72
158 160
166 257
260 152
226 147
206 190
5 263
22 166
100 139
15 135
127 48
225 27
67 76
206 191
156 35
125 181
262 136
54 85
199 242
52 87
193 203
88 103
10 44
138 44
229 216
75 67
45 4
179 214
244 68
167 93
56 251
219 169
62 80
131 37
97 28
255 46
262 144
204 112
3 101
45 128
207 62
45 218
60 81
14 170
222 97
15 227
59 209
17 227
187 81
46 217
209 59
205 238
133 172
15 170
98 221
140 170
81 61
83 234
190 79
2 172
245 193
12 100
45 132
201 69
91 101
99 20
190 79
168 219
192 78
172 130
39 23
180 86
45 131
76 193
151 225
78 192
226 22
38 94
101 8
13 262
38 24
23 39
263 7
18 168
162 28
207 62
164 131
95 163
74 69
183 84
227 141
149 167
172 1
186 122
108 209
224 156
70 200
32 159
43 129
7 172
110 80
20 40
136 1
63 247
153 164
96 32
15 170
34 222
100 17
134 25
155 36
123 185
216 175
228 132
202 240
85 182
69 74
34 157
20 226
133 29
168 219
228 132
220 39
244 197
115 199
221 164
253 179
103 215
137 171
77 66
94 166
194 76
172 131
179 214
7 101
134 263
228 5
219 169
153 98
36 258
219 100
69 201
262 144
152 37
167 22
4 136
147 41
235 82
261 24
200 197
31 223
14 43
31 96
80 237
128 228
90 46
40 21
16 100
172 7
170 142
161 95
144 100
24 261
44 91
80 63
48 216
101 4
165 25
55 85
196 201
37 221
20 226
206 190
86 232
101 5
135 136
196 117
151 165
262 12
126 51
215 230
32 132
171 138
220 39
101 8
221 37
24 165
182 85
167 93
64 78
169 92
225 153
258 163
92 227
127 174
222 34
13 227
149 167
172 1
168 147
27 36
81 187
170 140
160 223
199 198
210 185
47 90
101 128
172 0
189 121
237 79
185 210
43 15
222 161
130 166
135 45
218 44
129 101
128 45
83 184
76 113
262 16
201 69
224 28
67 75
79 63
213 105
65 205
3 172
117 69
228 10
262 12
42 17
93 39
150 99
32 259
157 34
194 76
12 262
87 179
134 228
40 220
168 145
155 162
206 63
171 139
36 95
169 16
34 95
13 227
4 101
263 4
207 62
172 91
151 261
197 73
224 222
256 43
20 261
153 37
148 167
90 45
189 121
16 100
223 158
142 43
159 159
170 13
45 8
226 146
2 228
263 131
66 246
38 152
16 135
42 16
227 92
12 44
28 260
42 92
78 65
130 45
166 150
165 24
45 131
203 67
166 93
171 11
77 65
103 89
51 126
221 37
87 179
166 23
135 263
182 124
92 42
153 98
36 258
160 158
196 74
172 132
25 165
4 101
216 48
228 2
82 108
224 155
257 167
223 157
44 129
210 185
47 89
167 21
0 172
82 187
110 206
158 96
43 14
159 32
200 70
97 156
82 235
101 2
43 92
149 40
164 25
45 132
228 11
36 222
171 12
98 153
226 149
101 5
177 88
196 117
137 228
4 45
51 253
34 157
259 32
99 150
88 230
178 253
180 86
228 137
69 117
136 135
132 228
86 105
25 225
194 76
224 154
138 101
161 222
88 177
193 246
89 175
101 129
146 226
81 188
13 170
224 157
15 43
7 172
174 216
189 248
263 0
208 60
143 227
134 147
170 141
158 223
43 140
208 187
146 99
2 228
48 216
58 83
50 215
135 143
201 69
100 219
99 19
171 136
155 35
191 78
40 93
69 244
179 87
53 86
228 8
166 93
66 77
259 158
34 29
51 126
135 12
38 24
117 196
172 3
228 5
232 86
171 9
20 99
218 101
16 42
5 172
140 100
22 40
216 48
228 2
83 108
188 208
130 39
31 160
71 199
185 83
100 16
148 167
218 172
188 121
143 227
134 148
72 199
96 33
197 200
60 208
45 91
128 101
136 3
149 40
112 203
135 144
228 11
100 219
12 44
80 63
169 219
182 251
167 220
39 23
38 151
181 213
8 101
102 216
138 171
132 31
24 225
144 169
11 262
101 10
101 135
45 130
78 192
41 219
152 98
12 171
157 34
101 10
162 222
240 202
228 5
132 263
190 206
155 163
171 8
39 257
160 158
43 142
210 185
142 100
247 63
45 218
40 20
154 164
96 31
71 199
96 33
130 167
187 81
145 100
1 228
45 1
101 3
164 26
6 45
15 170
95 36
195 202
27 260
219 42
56 124
7 263
195 117
241 73
140 262
17 169
94 38
259 33
132 31
161 156
144 169
138 135
101 9
197 243
3 45
65 77
219 168
79 190
35 258
27 225
137 101
212 182
177 215
132 228
42 219
250 185
20 99
28 224
69 201
33 31
100 13
45 6
175 216
40 148
263 1
147 40
237 80
82 186
43 256
32 159
141 170
187 82
36 27
62 207
43 91
185 210
49 215
161 95
12 101
97 155
68 75
44 9
212 106
191 78
215 177
56 85
138 228
45 131
202 67
157 161
138 171
24 98
231 215
144 169
45 4
151 38
166 23
45 130
169 145
162 29
133 156
12 171
225 154
254 48
172 132
25 165
245 67
132 263
168 146
83 107
135 171
69 201
222 34
140 100
184 83
48 89
63 120
0 45
167 147
173 90
158 96
141 43
223 31
170 14
187 82
172 217
249 59
90 47
148 40
89 49
17 135
12 100
97 156
139 171
80 62
85 233
64 206
41 93
84 183
214 179
135 140
228 9
153 225
138 171
205 192
220 40
17 42
45 4
9 228
116 197
51 87
18 169
232 87
44 137
138 44
91 228
49 127
162 222
51 88
67 118
176 216
146 41
20 99
61 80
13 170
161 222
15 43
159 223
15 227
167 21
46 90
0 101
163 27
7 45
72 71
32 159
197 200
97 157
45 90
101 1
172 128
120 64
216 176
160 96
12 100
220 226
19 226
207 189
211 106
4 228
41 93
101 6
51 214
14 135
177 126
153 225
99 22
30 259
214 104
125 179
11 262
151 39
166 23
52 87
192 204
35 156
79 191
138 44
164 221
143 169
135 15
12 227
84 56
168 92
123 57
28 36
154 97
13 170
35 95
227 140
33 96
142 100
129 228
46 90
0 101
27 36
209 59
15 100
159 223
256 41
7 172
109 81
249 60
174 90
58 83
89 49
6 45
170 142
31 33
68 75
207 189
170 219
79 64
215 176
133 101
178 87
85 181
101 136
153 225
226 148
24 98
87 231
193 77
10 262
9 228
213 181
94 39
193 204
214 231
205 64
258 161
26 225
137 101
132 45
214 51
183 84
45 129
57 250
28 36
9 44
257 165
29 224
170 15
33 96
15 227
167 21
90 173
0 228
17 100
59 82
142 227
223 32
170 14
82 59
145 100
20 41
171 218
210 59
216 176
135 145
227 12
160 31
145 100
154 225
28 163
56 123
49 215
228 133
51 214
45 132
143 42
161 30
203 66
137 44
98 23
53 125
45 3
166 151
101 136
52 87
228 6
40 220
259 30
161 131
94 165
202 195
85 54
201 114
245 67
2 45
79 190
147 226
224 154
74 69
99 93
15 43
172 133
48 89
101 130
1 45
188 208
163 27
224 157
43 14
159 159
72 198
82 59
46 90
20 41
44 91
186 209
111 205
184 211
100 139
97 156
13 43
133 26
43 92
79 63
172 129
228 132
25 38
85 181
10 101
225 26
193 203
64 205
87 231
145 169
166 221
181 213
181 86
172 3
252 180
104 214
191 205
148 226
217 102
253 49
181 85
201 114
22 39
219 168
228 4
155 163
153 260
145 226
156 97
142 170
145 135
239 204
3 101
129 263
228 1
109 208
224 157
199 198
159 96
198 199
97 157
81 236
122 187
2 263
120 64
100 142
96 33
43 15
162 95
43 140
154 224
163 155
101 3
89 49
84 183
178 87
162 95
101 137
30 34
34 131
259 157
231 214
125 180
130 45
166 150
53 213
87 179
77 193
151 225
205 64
149 226
225 153
101 9
45 5
138 101
228 6
45 129
64 79
99 148
207 62
12 171
156 97
43 142
160 223
204 112
148 167
217 47
207 61
227 18
45 134
168 129
96 223
43 141
209 186
217 46
40 147
46 217
247 190
78 111
159 96
200 70
95 34
13 43
80 61
84 234
41 146
216 176
149 39
100 139
222 162
169 143
91 101
194 203
25 98
220 41
252 53
220 39
8 228
101 136
262 11
52 252
151 225
98 24
226 22
229 217
202 195
213 181
228 138
39 150
168 93
206 64
211 233
44 136
37 258
99 93
46 128
45 6
49 89
210 185
43 218
80 188
81 109
135 172
14 170
223 223
142 100
261 148
237 207
188 81
263 128
148 40
164 26
96 32
142 43
158 160
196 201
25 260
44 91
184 250
132 136
101 5
139 227
132 172
127 48
221 164
12 44
206 191
220 41
133 101
51 214
8 228
86 53
135 138
144 42
162 29
151 98
226 22
102 90
50 126
36 94
87 179
245 68
45 129
251 183
233 85
62 80
19 99
162 222
43 142
45 6
112 77
185 83
128 172
59 249
27 36
172 8
41 257
33 96
169 256
172 134
144 100
167 20
0 45
247 190
100 142
57 83
128 45
94 98
130 166
61 208
226 147
79 63
132 136
132 101
25 38
5 45
137 228
91 101
35 131
206 191
219 41
125 181
214 178
23 166
115 199
262 11
66 76
24 98
23 225
138 44
153 98
253 50
262 140
11 228
23 39
136 134
101 131
106 212
189 207
19 99
92 227
228 139
144 135
77 239
22 40
170 92
80 189
163 27
29 224
43 14
32 32
15 227
31 96
37 27
208 187
128 136
59 82
175 89
159 96
142 43
161 95
227 144
97 155
163 155
3 228
216 175
84 184
215 177
182 212
175 127
37 221
35 131
29 260
149 99
78 65
9 262
228 135
213 180
135 138
42 17
29 34
98 23
22 99
89 229
42 144
163 221
241 200
39 150
134 263
131 228
99 148
9 44
202 195
160 158
170 16
135 17
152 37
228 4
170 92
147 41
108 209
29 224
200 197
222 97
199 71
210 186
27 164
147 167
45 91
167 148
37 153
133 172
199 71
157 224
69 74
25 261
83 235
190 79
132 136
193 119
227 13
212 55
42 16
34 157
147 99
25 98
92 168
228 132
87 51
244 197
199 242
94 37
169 144
34 156
205 65
193 77
221 39
126 177
262 140
241 200
134 228
45 129
78 191
219 169
190 207
195 75
155 97
11 228
144 135
88 176
210 185
219 170
101 129
163 27
224 156
100 143
160 223
141 170
134 45
174 217
1 101
91 172
148 40
216 174
210 58
71 72
30 97
201 69
261 151
108 83
63 207
45 1
193 119
38 152
45 132
228 11
33 157
194 203
25 98
105 86
5 228
172 130
244 196
10 101
37 221
228 8
152 225
171 11
259 159
216 103
203 194
262 139
101 10
85 55
8 136
228 5
42 219
190 206
36 258
31 160
201 196
262 143
25 164
149 167
48 89
189 207
19 99
24 134
197 73
224 222
129 170
261 147
90 174
228 1
218 45
187 209
227 16
32 223
227 14
221 225
257 39
155 224
155 36
58 123
45 1
40 22
152 165
85 183
127 47
160 30
202 67
79 63
35 29
192 78
135 136
69 244
137 228
213 53
51 253
29 34
159 259
226 23
216 103
17 42
53 213
179 214
39 150
220 167
145 41
28 35
79 190
171 139
224 155
201 196
95 161
152 38
83 57
172 1
146 41
146 226
29 224
73 70
159 32
141 170
185 83
16 227
82 60
263 0
121 62
143 227
185 210
43 15
159 159
17 227
8 172
226 146
185 250
263 131
101 4
76 113
5 45
143 42
219 227
147 99
133 28
169 219
168 18
172 130
150 39
38 151
135 139
8 101
39 220
32 132
32 259
25 225
101 8
86 53
137 101
7 101
135 263
65 78
86 105
26 225
20 99
92 227
228 138
212 183
177 215
228 4
1 45
123 58
27 36
61 81
167 130
158 32
256 44
223 31
237 206
21 40
217 45
187 209
47 217
45 134
14 170
222 224
130 167
81 60
19 226
59 122
1 172
22 167
203 239
211 56
47 254
100 219
75 195
171 136
212 106
64 205
40 93
101 7
214 179
45 131
194 203
98 152
226 150
259 159
34 29
203 194
37 94
151 38
101 134
178 215
132 228
149 226
260 28
194 76
97 27
42 143
95 161
13 227
167 22
92 42
207 62
210 235
61 81
201 197
30 224
129 171
32 96
47 89
62 121
218 172
189 121
16 100
134 147
43 256
31 96
144 100
97 156
172 218
189 80
45 1
246 192
88 50
183 211
174 127
163 95
195 202
155 133
35 28
124 182
172 130
23 166
87 52
94 37
101 135
216 230
132 159
192 78
156 34
76 67
221 37
228 137
196 244
166 93
228 5
213 232
98 25
147 226
101 91
101 11
135 16
75 240
167 22
92 42
228 2
210 235
81 188
170 140
225 221
198 72
210 185
16 227
128 228
172 0
147 40
207 237
148 261
43 14
31 96
130 167
29 97
36 27
59 122
216 175
119 65
152 164
6 45
169 143
219 227
146 99
63 207
85 233
145 168
40 93
55 85
114 200
140 262
67 76
30 34
33 132
137 44
93 166
193 76
94 165
213 53
101 135
9 135
228 5
86 105
44 137
162 131
218 101
74 69
135 15
165 152
22 40
216 48
190 206
36 155
224 155
170 140
95 161
140 100
83 58
227 142
101 129
0 172
248 188
17 100
134 148
170 129
31 96
140 170
97 156
209 108
20 41
1 172
228 130
49 215
183 211
197 201
160 31
75 195
225 26
28 162
251 55
88 50
6 228
73 114
172 4
76 194
229 89
204 66
31 259
167 220
179 252
180 86
180 213
228 8
166 93
65 77
232 86
156 260
20 99
101 91
201 196
212 182
113 75
84 57
136 132
130 228
163 28
155 97
130 39
34 95
255 44
172 133
164 153
82 59
172 91
147 40
164 27
172 7
100 142
97 222
73 197
29 97
91 172
189 80
174 89
3 228
77 112
262 17
15 170
97 155
202 68
171 136
162 155
131 101
45 2
6 228
214 179
94 36
9 101
89 102
149 99
78 65
104 88
76 66
221 38
24 165
8 101
9 135
18 169
150 226
225 152
99 148
94 164
254 48
135 15
139 100
57 211
219 169
41 19
218 171
25 133
166 130
33 31
255 45
184 83
37 26
167 21
0 45
101 0
227 17
82 186
198 72
159 159
197 200
82 60
154 36
168 20
218 43
246 191
227 14
172 6
197 200
224 29
37 131
136 44
21 226
124 183
7 263
245 195
87 52
163 95
75 195
30 34
99 22
171 137
88 231
179 252
262 138
71 242
8 101
135 136
18 169
87 105
44 137
138 44
91 228
195 75
135 15
75 240
39 149
45 129
184 123
210 234
152 260
227 18
221 98
227 140
19 261
111 78
167 21
171 91
167 147
100 144
224 157
141 43
159 223
256 41
150 134
90 172
147 168
174 90
120 64
216 176
6 45
227 12
224 29
139 171
44 9
155 35
79 64
215 177
68 245
178 87
14 135
202 68
34 157
138 171
132 30
167 220
252 52
4 172
39 24
243 70
130 172
6 101
226 23
79 191
194 76
27 225
16 42
262 142
51 88
101 132
168 92
57 250
91 43
136 171
145 227
158 33
73 70
57 211
227 142
167 21
2 136
188 208
80 109
224 157
14 170
223 159
129 168
22 261
36 27
81 61
171 218
130 101
164 26
133 172
173 128
33 158
44 139
9 171
35 28
168 19
6 263
23 166
38 152
212 54
126 49
94 38
148 99
191 78
87 231
180 252
165 221
198 116
24 39
94 39
53 252
226 23
191 205
76 67
94 164
228 137
55 212
214 51
149 166
88 176
63 79
163 28
97 27
130 38
222 35
100 13
223 33
37 26
247 64
136 129
60 249
217 173
134 172
199 198
32 223
199 71
59 209
173 217
187 249
171 218
210 59
204 239
223 160
12 100
162 95
69 74
207 189
92 170
183 250
168 219
194 118
74 114
5 45
143 42
225 26
138 171
30 259
104 87
133 101
3 172
54 86
228 9
87 179
42 18
23 98
225 151
131 34
221 38
136 101
181 85
165 152
84 56
219 168
123 57
43 219
62 80
130 38
162 222
172 255
145 135
205 111
40 148
45 128
188 208
173 90
172 7
256 169
96 159
141 170
149 134
217 46
0 101
171 218
247 191
78 111
96 33
172 128
220 226
69 74
153 133
36 28
57 123
41 92
132 101
214 178
212 54
127 49
101 217
171 11
225 24
23 225
228 133
262 137
213 54
151 166
137 262
193 204
225 23
78 191
226 21
34 30
75 68
222 36
241 201
245 67
41 219
250 183
226 21
171 9
74 69
222 35
173 255
45 6
141 100
3 101
217 47
187 122
27 36
134 149
168 129
32 96
169 256
149 134
154 36
249 60
129 136
82 186
78 111
211 57
70 73
93 99
38 130
9 171
20 226
228 130
172 129
245 194
114 201
35 222
49 254
225 26
67 76
30 259
220 41
6 228
52 214
101 8
116 198
221 165
77 193
225 24
157 259
204 193
30 161
177 253
14 262
241 201
228 6
88 176
206 64
170 92
133 153
99 146
33 31
15 43
6 172
176 216
83 58
136 129
147 41
109 208
187 209
129 41
223 223
198 199
149 134
80 236
248 61
173 90
247 190
15 100
6 45
142 43
224 29
43 140
44 9
91 170
206 190
45 2
245 194
75 113
55 85
176 127
91 101
171 11
171 137
226 150
145 169
135 10
101 8
71 116
45 131
193 204
151 225
171 10
66 204
34 30
50 126
36 95
201 114
133 228
134 263
228 4
28 35
133 154
12 171
156 97
15 43
160 223
77 239
247 64
130 263
147 41
172 90
224 157
170 141
96 96
43 141
21 261
17 227
147 167
46 217
40 21
37 153
6 45
13 100
225 94
43 140
61 207
155 36
184 250
136 5
245 194
12 100
45 132
127 48
225 27
131 162
260 156
41 93
145 169
136 135
85 181
9 101
179 214
77 193
151 225
151 98
226 22
229 217
9 228
86 54
101 11
150 166
45 129
4 101
233 85
98 27
202 195
31 160
15 43
133 45
227 141
185 83
43 218
59 249
81 109
60 82
130 41
97 95
198 199
31 96
164 154
81 61
218 45
40 21
175 89
172 6
198 199
97 157
18 227
171 135
234 210
168 19
5 263
66 245
152 165
55 85
143 42
164 94
194 203
156 133
213 105
204 192
3 172
166 150
86 53
221 165
252 179
215 231
98 23
11 171
34 30
202 194
45 4
241 200
166 23
40 220
56 251
162 28
27 133
44 12
36 95
173 255
211 183
26 164
228 3
43 219
186 122
172 91
150 261
73 70
222 97
71 72
172 134
207 110
228 0
1 263
129 101
89 48
159 96
100 140
30 97
43 140
28 97
218 44
130 101
219 42
57 84
12 100
45 132
228 10
37 221
203 67
44 10
232 213
77 65
9 262
150 39
165 24
138 262
125 52
230 88
259 31
33 259
38 94
136 101
262 140
114 73
68 117
136 134
182 124
155 162
9 44
68 202
95 163
128 174
17 262
37 25
131 228
130 263
41 20
235 82
172 8
140 43
224 222
72 198
96 158
154 37
167 20
218 45
209 59
89 48
96 32
44 255
222 161
140 170
135 45
218 44
63 206
136 5
101 5
38 152
95 35
101 137
97 154
99 20
152 225
226 149
78 65
130 45
8 228
213 180
37 221
101 134
151 225
158 259
44 11
161 157
169 17
221 37
73 241
7 101
45 129
18 168
92 42
207 63
258 163
28 224
228 138
17 262
164 152
101 131
170 92
168 147
209 235
60 81
73 70
95 224
199 72
31 96
90 174
228 1
136 0
187 209
216 174
32 223
128 44
30 97
201 69
81 61
99 19
101 2
89 48
22 167
215 177
162 95
74 196
30 33
131 162
155 133
226 149
78 65
215 178
166 150
53 213
12 135
42 17
225 25
192 205
11 171
98 25
51 126
4 172
214 52
182 85
135 263
55 251
155 162
133 155
44 12
100 92
69 201
183 84
215 50
167 22
263 4
228 2
218 172
261 24
130 40
222 97
199 198
20 261
110 79
62 121
45 0
101 1
174 89
172 7
14 100
98 221
200 70
45 8
36 28
123 185
128 45
22 167
177 88
182 212
196 201
28 97
12 44
225 25
35 29
18 41
263 135
244 196
72 115
94 37
194 203
220 166
132 159
138 44
103 89
253 51
135 12
73 242
39 150
3 45
168 145
85 106
260 28
258 163
227 219
254 47
211 183
165 152
101 131
216 48
185 123
154 163
151 261
17 100
32 159
129 170
20 261
227 143
187 82
0 136
189 121
16 100
96 31
14 100
33 223
43 140
188 81
146 99
41 146
175 89
228 131
140 227
5 45
47 254
28 97
44 139
206 190
169 219
65 205
51 215
117 69
24 38
4 45
169 144
230 89
226 150
11 171
98 25
101 8
221 37
101 10
7 101
51 88
101 132
213 232
225 153
36 258
33 31
143 169
135 16
227 140
119 193
89 175
19 168
36 154
224 155
167 130
97 94
142 170
134 45
153 37
40 148
45 90
1 228
100 143
261 20
227 14
96 158
40 130
45 8
209 108
41 147
170 219
167 149
13 100
95 34
127 47
155 224
147 99
44 9
155 35
5 228
172 130
55 85
73 115
172 4
253 178
225 25
23 226
23 99
103 88
135 101
135 12
151 38
69 117
220 167
228 5
99 149
44 136
36 258
221 36
48 127
135 16
215 50
83 57
1 45
19 168
83 108
45 135
17 100
224 157
141 100
147 134
26 164
82 60
0 263
128 101
37 153
210 58
43 256
159 32
257 40
261 151
172 218
41 147
43 92
119 65
100 140
16 135
127 47
28 97
226 147
171 136
28 162
64 205
177 88
23 166
151 165
262 12
194 203
152 225
171 11
158 132
24 225
144 169
164 221
115 72
150 166
178 214
205 65
219 168
225 152
226 20
157 33
196 74
16 262
13 227
40 149
132 263
19 168
171 91
208 61
130 39
31 160
255 44
210 185
26 164
82 60
173 217
228 128
174 90
83 185
43 14
96 33
227 143
134 23
209 108
80 62
170 219
210 58
152 164
135 144
138 228
224 28
75 195
98 153
219 42
41 145
134 136
195 117
228 11
262 13
169 144
229 89
11 44
171 137
161 156
76 66
4 172
151 38
135 228
178 214
42 18
92 41
44 137
99 147
94 164
196 74
135 15
88 177
167 22
216 48
129 228
163 28
97 28
17 100
94 225
44 128
134 19
164 153
190 247
173 217
128 101
217 174
31 223
72 71
159 159
140 170
135 45
235 209
189 80
170 219
40 22
49 215
172 6
228 12
33 158
226 146
98 153
233 212
78 64
93 167
133 101
11 101
13 135
101 136
102 216
171 11
158 132
161 156
228 134
38 94
213 53
135 228
93 39
125 54
23 99
206 63
203 194
154 98
69 201
85 55
215 50
211 184
169 92
3 101
44 218
25 133
100 145
30 224
255 44
6 172
111 78
21 40
263 1
60 81
217 174
82 186
256 170
97 222
43 141
8 172
145 100
20 41
91 170
130 101
14 100
17 135
142 43
224 28
37 131
62 207
226 148
205 191
215 177
150 39
114 200
94 36
9 101
225 26
226 149
171 137
29 162
228 134
94 165
136 101
54 212
130 172
133 228
150 226
64 79
131 35
94 164
169 16
132 45
152 38
211 184
136 132
190 206
210 234
152 260
130 39
97 30
172 255
159 223
205 111
101 129
128 263
248 188
217 173
186 209
142 227
97 222
129 168
135 45
208 109
20 41
1 172
101 3
77 112
45 133
255 173
160 31
139 171
80 62
28 162
41 146
215 177
133 101
101 138
172 4
75 195
229 90
77 193
158 132
231 215
125 179
179 87
151 38
86 54
3 45
101 133
168 93
133 156
148 226
218 101
195 75
132 45
113 75
67 118
169 92
184 123
20 99
224 155
13 170
98 94
45 128
83 57
78 238
148 167
128 263
147 40
154 163
157 97
256 169
223 159
170 14
224 30
109 81
61 207
128 45
167 148
77 112
262 17
12 100
158 160
44 139
225 27
162 155
56 124
168 220
23 166
241 74
163 95
195 202
98 153
99 22
259 157
214 104
169 17
94 165
101 9
23 39
130 172
145 42
231 87
171 10
99 148
98 27
169 16
132 45
227 139
166 22
219 169
101 130
163 28
26 133
13 170
162 222
70 200
18 262
175 216
247 63
173 217
188 208
236 80
45 134
71 199
223 96
73 198
60 209
163 154
122 187
172 128
3 228
77 112
45 133
43 15
158 160
258 37
98 154
84 233
251 56
172 129
133 101
74 114
141 262
126 49
38 221
138 171
225 24
220 40
180 252
214 179
213 53
151 166
172 3
42 18
87 104
157 259
34 258
164 221
195 75
45 5
114 74
132 228
133 263
228 3
84 107
80 189
201 196
93 226
100 13
57 211
227 142
167 21
171 91
0 228
27 36
186 209
256 169
96 223
141 170
22 261
227 145
1 228
47 217
21 167
153 164
33 223
100 139
93 99
145 99
207 189
170 219
123 183
168 219
84 183
138 228
181 212
49 254
98 153
132 161
30 259
104 87
66 204
165 221
71 243
151 166
87 179
18 169
225 23
171 10
11 171
153 98
101 9
36 95
201 114
6 101
6 136
3 101
92 43
62 80
196 74
31 160
12 227
6 172
111 78
40 148
263 2
228 0
163 27
59 82
71 199
223 96
256 42
82 59
90 173
208 188
44 91
209 59
100 142
223 160
73 197
162 95
18 227
9 171
84 234
123 184
176 88
39 22
51 214
222 163
136 228
165 94
258 34
137 44
231 214
66 204
45 3
166 151
54 213
87 179
42 18
162 29
151 98
66 203
217 102
195 75
181 85
51 87
166 22
88 176
168 146
155 163
136 171
13 170
162 222
139 100
223 33
204 112
130 228
44 218
1 101
18 100
45 134
72 71
223 32
227 142
172 134
17 227
122 187
90 46
82 186
89 48
160 96
142 43
162 95
227 145
154 224
147 99
168 19
129 45
183 211
87 51
5 45
195 202
228 90
161 258
64 205
220 41
204 193
214 179
8 228
71 116
221 165
101 134
98 151
151 98
66 204
30 161
126 176
14 262
87 178
183 84
133 263
101 131
162 28
9 44
37 258
158 33
100 12
160 223
112 77
167 21
2 136
61 81
100 145
261 22
41 256
96 223
72 198
7 172
207 109
0 228
217 173
148 40
100 142
32 223
15 170
93 98
196 201
171 136
36 28
41 146
92 169
132 101
178 88
55 85
101 137
164 94
161 258
44 10
41 93
125 180
262 137
23 166
39 151
45 131
204 66
24 98
191 205
259 160
34 30
169 17
131 45
74 241
6 101
172 2
183 124
226 21
62 80
202 195
156 97
200 197
17 262
227 141
185 83
263 3
80 188
236 81
150 261
143 227
159 32
141 170
261 148
100 17
0 228
0 45
148 40
15 100
146 261
100 140
33 158
196 201
8 171
107 83
57 123
132 136
39 22
51 215
35 222
16 169
164 94
226 148
64 206
93 168
65 204
3 172
213 54
101 136
172 4
179 125
225 24
44 137
132 33
94 165
195 75
36 95
152 38
133 228
263 7
41 19
43 219
80 189
68 202
35 95
128 173
17 262
77 239
149 167
90 174
59 249
81 109
209 60
70 200
159 32
199 71
158 223
144 100
0 101
44 91
59 82
238 78
159 96
72 198
161 95
39 130
61 208
107 83
123 184
92 169
118 67
88 50
95 35
101 137
30 34
203 67
44 10
150 99
252 54
130 45
101 8
53 213
179 214
125 52
93 40
205 65
66 204
157 34
194 75
172 131
114 73
244 68
168 93
78 191
28 35
62 80
146 226
97 28
142 170
84 56
153 37
149 167
136 130
41 20
27 36
224 156
143 227
159 32
129 170
31 96
237 207
121 188
217 173
186 209
89 48
261 19
171 128
98 221
39 130
81 61
83 234
168 19
45 2
228 132
75 113
45 132
175 127
164 94
147 99
98 152
41 92
101 6
214 178
135 101
165 24
213 53
66 76
93 40
31 132
77 66
157 34
194 76
45 4
11 228
212 182
134 263
18 168
233 85
80 189
12 171
31 160
74 70
183 84
100 14
228 3
89 174
189 207
163 27
172 8
130 40
222 97
170 256
148 134
27 164
248 61
91 172
228 129
238 79
134 146
198 199
157 224
100 17
28 97
210 107
206 190
219 42
22 167
113 202
182 212
196 201
97 154
203 67
44 10
168 219
205 192
166 220
197 117
228 10
53 86
203 67
39 220
31 132
99 149
39 94
203 194
140 135
114 73
182 85
172 2
191 205
148 226
136 171
171 139
219 100
169 16
172 133
176 215
131 228
263 3
101 129
19 99
23 134
227 16
95 224
14 227
172 134
227 143
1 101
45 91
128 101
26 37
147 261
128 44
160 31
144 100
151 134
163 155
185 250
175 89
211 57
140 227
135 143
42 16
33 157
76 194
133 28
226 149
54 124
262 135
134 101
101 137
4 45
135 228
225 25
23 226
192 77
34 30
144 169
180 86
115 73
182 85
215 50
124 55
106 212
136 171
258 163
92 227
169 16
262 143
37 25
65 119
1 45
129 228
235 82
135 172
197 73
159 32
100 14
7 172
237 206
81 60
45 91
121 62
89 47
210 58
170 142
94 98
13 43
134 24
210 108
80 62
136 4
184 210
165 25
262 16
101 138
157 160
163 258
155 133
105 86
41 145
220 40
150 39
53 213
213 53
101 135
215 230
259 32
159 132
89 230
144 169
131 45
200 115
39 150
263 8
78 191
219 169
153 98
226 20
28 224
69 201
16 262
13 227
246 65
216 48
168 147
209 235
172 8
130 40
222 97
43 129
210 185
206 110
1 101
45 217
189 121
100 143
172 7
199 71
95 97
70 73
208 188
27 163
207 189
175 89
57 83
113 203
5 45
254 174
221 163
12 44
260 155
169 219
168 18
215 178
69 244
38 151
4 45
101 135
103 216
192 204
192 77
30 161
42 144
45 4
38 24
166 23
178 215
101 132
213 232
63 79
12 171
227 219
69 201
85 56
113 76
193 246
136 131
2 101
91 44
155 97
43 13
222 33
72 71
134 20
110 79
248 62
172 91
1 228
37 153
58 83
43 14
96 158
17 227
208 187
36 27
129 101
48 216
131 101
165 25
211 56
127 47
224 28
20 226
44 9
85 233
228 132
130 45
55 85
73 115
94 37
67 76
89 103
132 159
192 77
225 152
228 135
53 213
199 115
134 228
130 172
5 101
105 213
44 136
76 67
221 36
254 48
5 172
140 100
149 167
89 175
80 189
28 36
155 97
166 130
221 98
170 15
261 147
206 110
62 121
91 45
62 248
100 143
210 58
71 72
159 159
200 70
81 60
154 36
20 41
172 128
22 167
215 177
45 132
169 143
95 36
44 139
133 28
219 42
132 101
93 167
182 212
115 200
180 213
101 135
230 89
22 226
44 10
230 215
194 76
53 213
242 199
69 117
51 88
205 65
86 105
25 225
44 12
218 100
11 228
262 143
165 152
184 84
263 5
58 250
226 19
188 208
144 227
94 225
72 71
185 83
79 238
1 101
45 0
228 128
16 100
96 31
141 227
97 222
197 200
135 45
154 36
249 59
1 172
185 210
37 152
183 211
143 42
219 227
12 44
80 63
219 42
41 145
215 177
39 23
114 200
131 172
42 17
94 39
171 11
225 23
98 24
7 228
180 86
10 228
228 8
262 9
205 65
22 99
152 98
67 203
221 37
42 143
262 142
165 152
119 193
129 172
58 250
210 234
25 133
140 43
157 97
171 255
32 96
37 26
247 63
136 128
187 208
237 80
186 210
100 141
158 223
170 13
208 187
45 91
189 80
43 92
58 83
227 14
144 262
228 11
224 28
146 99
44 9
155 35
131 101
215 177
117 68
179 87
4 45
126 50
157 161
149 99
137 44
88 230
125 179
138 135
213 53
135 228
130 172
252 181
219 168
79 190
226 20
221 37
196 74
85 55
240 202
57 211
45 129
3 101
234 83
171 8
201 196
222 34
100 13
6 172
78 238
186 82
91 45
228 0
207 237
7 45
227 15
32 159
143 100
172 135
109 82
20 41
45 1
58 83
100 141
161 95
197 200
97 155
146 99
98 153
21 226
205 191
134 136
150 39
52 214
54 86
194 202
225 26
204 66
44 10
215 104
101 7
221 38
136 101
8 101
220 166
204 65
105 213
156 260
194 76
218 101
74 68
55 212
240 202
84 57
216 49
190 206
218 171
25 133
18 100
30 224
45 128
96 159
227 142
101 129
44 218
101 0
173 90
82 186
227 15
96 33
256 41
150 134
172 217
189 80
91 170
210 58
141 227
56 84
200 70
156 224
75 195
260 154
219 43
146 168
172 129
183 211
101 138
135 140
228 9
30 34
226 149
31 259
156 35
7 228
38 94
24 165
228 8
178 214
125 54
105 214
191 206
67 203
157 34
10 228
142 135
12 227
184 84
263 5
184 123
171 91
80 188
43 13
224 157
100 13
223 32
78 238
101 129
91 44
248 188
173 90
209 59
72 71
96 96
143 100
23 261
90 172
101 1
172 128
83 185
112 204
160 96
15 170
29 97
195 202
225 27
233 211
131 101
177 88
150 39
51 214
5 45
202 68
94 38
132 160
98 151
35 29
252 52
135 11
9 228
8 101
220 166
101 133
35 156
171 10
11 171
161 157
68 202
135 15
202 113
166 22
169 92
57 250
99 147
80 188
69 201
97 29
45 128
145 134
216 48
247 63
217 46
101 0
236 80
261 22
141 43
159 32
198 200
30 97
109 81
147 168
128 45
58 83
164 26
184 211
173 128
162 95
258 37
62 207
162 155
228 131
176 88
166 150
241 74
141 262
169 143
26 98
259 34
78 64
98 24
101 7
172 130
39 24
243 71
10 135
228 6
87 104
151 98
203 194
157 34
137 101
5 172
178 214
149 166
263 6
3 101
218 170
62 80
43 13
226 220
170 15
45 6
205 111
191 247
46 90
101 0
208 236
45 134
199 198
223 32
256 41
30 97
145 100
122 187
128 45
130 101
164 26
96 33
227 12
93 99
130 165
153 133
226 148
131 101
92 168
194 118
165 25
262 14
75 195
30 34
99 21
205 191
214 104
101 7
221 38
86 181
101 135
179 214
145 42
220 167
137 171
161 131
30 161
42 143
212 181
87 178
84 56
129 172
101 130
219 170
26 133
100 145
95 162
200 197
45 6
15 227
167 21
2 136
20 168
217 173
149 261
142 227
159 96
142 100
30 97
236 208
61 208
90 47
247 191
216 175
18 135
142 43
226 93
69 74
207 189
20 226
19 41
41 92
6 228
74 114
222 163
127 49
90 101
226 148
78 64
162 156
180 252
221 39
135 101
9 101
87 179
134 228
87 104
64 78
21 99
90 229
49 127
135 14
38 25
56 211
133 263
101 131
36 155
171 9
145 226
93 226
100 12
223 33
37 26
64 120
263 2
208 61
154 163
172 7
14 170
223 96
129 169
209 186
217 46
0 101
2 263
101 2
15 100
6 45
227 13
156 224
100 18
62 207
234 211
101 3
219 41
183 211
51 214
132 172
176 127
101 217
11 44
44 10
214 104
133 101
214 179
101 8
86 53
38 221
18 169
40 220
30 132
171 138
229 217
169 16
85 54
25 165
150 166
41 220
19 168
99 148
171 9
37 258
220 99
73 70
57 211
153 37
58 210
172 1
81 188
163 27
7 45
41 256
96 223
199 71
172 134
100 17
167 20
136 2
40 21
78 111
172 6
13 100
160 31
165 257
26 260
28 163
79 63
263 133
245 194
75 113
132 172
49 254
157 161
226 148
64 206
29 162
6 228
178 87
86 181
198 243
179 214
101 134
24 98
225 151
138 44
90 229
253 50
262 141
114 74
183 84
88 177
56 251
170 92
27 133
99 146
93 226
200 197
262 144
141 100
148 167
90 174
122 60
145 227
23 134
70 200
159 223
129 169
82 59
154 37
208 188
1 263
190 120
26 37
45 133
45 255
94 98
18 227
97 155
171 218
101 3
176 89
228 132
165 25
35 222
137 228
218 228
203 67
133 29
41 93
65 204
3 172
101 8
24 38
135 138
66 77
40 220
44 137
44 11
30 161
195 75
4 172
138 101
23 39
215 50
131 228
106 212
9 44
195 75
158 33
15 43
84 56
100 14
167 21
174 217
228 1
100 145
135 172
16 100
223 158
170 14
209 186
17 227
0 228
46 217
21 167
164 26
96 32
15 170
221 225
257 39
28 97
218 44
79 63
89 49
194 118
25 38
142 262
169 143
94 37
99 21
25 98
150 99
42 145
39 93
181 212
101 136
38 221
144 42
151 225
158 259
77 66
89 229
169 17
140 135
24 165
56 212
2 45
205 64
42 219
80 189
164 131
28 224
128 173
6 172
112 77
130 228
136 130
207 62
27 36
45 135
130 41
223 33
129 170
21 261
100 17
101 0
263 128
120 63
205 238
185 210
171 128
160 31
74 196
171 135
44 91
41 146
89 49
22 166
12 100
95 35
228 10
221 164
147 99
206 190
23 226
65 204
262 136
101 8
165 24
86 180
17 169
24 98
158 259
149 226
98 25
76 67
163 221
138 101
101 133
50 88
124 55
35 155
207 62
12 171
28 224
43 143
34 95
239 203
228 3
263 3
20 168
36 154
8 45
140 43
222 97
141 100
83 59
37 27
147 167
172 218
228 129
89 48
133 172
255 171
157 224
201 69
44 8
226 146
2 228
132 136
57 84
25 38
15 135
48 254
157 161
226 147
25 98
162 156
192 78
135 9
70 244
10 101
172 4
228 7
93 39
150 99
226 22
221 39
67 203
54 213
138 101
228 7
40 220
18 168
21 99
207 63
146 226
163 222
201 196
84 56
239 203
246 65
43 219
249 186
99 146
81 187
227 16
33 96
199 72
148 134
37 27
101 128
172 218
21 167
89 47
159 96
198 199
157 224
140 170
25 261
28 163
146 168
5 263
228 131
25 38
55 85
127 48
30 33
44 139
44 9
162 156
65 205
220 40
55 85
86 53
180 213
42 17
93 39
226 150
32 259
225 152
178 253
131 45
242 200
228 7
45 130
78 191
169 92
79 190
36 258
158 33
228 138
34 95
140 100
185 83
219 170
80 189
99 146
97 29
43 13
32 159
72 71
31 96
79 237
1 101
90 45
128 101
216 174
134 147
71 72
33 158
197 200
45 8
36 28
185 250
172 128
228 131
113 203
5 45
201 69
227 91
226 147
63 206
219 42
41 145
178 88
69 244
180 86
94 37
67 76
29 34
192 204
171 138
157 34
17 42
172 131
87 179
39 150
8 136
168 145
219 169
260 28
226 20
92 227
143 169
135 16
100 13
192 246
131 263
250 186
99 146
208 60
197 73
222 97
227 141
210 185
237 206
128 228
172 0
40 21
237 79
210 58
141 227
222 160
144 100
28 97
36 27
62 207
175 89
193 119
113 203
212 56
16 169
33 158
202 67
63 206
156 35
55 124
215 178
182 212
87 52
12 135
76 194
161 30
44 138
150 226
161 157
194 76
135 12
199 115
228 7
40 220
205 65
99 149
225 153
44 12
221 36
143 169
56 212
165 152
167 22
175 216
228 2
108 209
151 261
140 43
158 96
15 43
185 83
16 227
248 62
136 0
128 101
90 47
134 147
170 141
158 223
73 197
151 134
163 154
2 228
216 175
4 228
177 88
262 16
42 16
95 36
44 139
136 44
212 106
168 18
93 167
196 117
200 242
12 135
126 51
220 166
171 11
171 138
39 93
101 8
139 135
228 137
117 196
136 135
182 124
29 35
136 171
12 171
224 155
11 228
45 5
215 50
119 193
216 48
146 41
28 36
24 134
100 144
160 158
43 142
223 32
26 164
1 101
172 0
60 81
164 26
158 96
256 170
222 224
40 130
261 151
218 45
249 59
4 263
210 58
100 140
16 135
138 228
95 36
258 36
155 133
149 99
132 101
8 263
182 212
24 38
12 135
126 51
103 216
171 11
132 31
220 39
169 17
131 45
86 180
244 69
51 88
78 192
22 99
206 63
44 12
100 91
143 169
132 45
75 240
228 4
42 219
228 2
235 83
208 61
74 69
34 95
141 100
261 147
143 100
167 21
0 45
189 121
16 100
31 223
141 227
96 33
170 13
23 261
226 146
249 59
43 92
210 58
176 88
56 84
143 42
158 160
195 202
80 63
35 28
251 55
129 45
134 101
73 114
45 131
42 17
221 166
259 32
99 150
24 225
228 134
131 45
137 101
166 23
130 172
192 205
149 226
25 225
99 147
161 157
169 16
35 95
240 202
84 57
216 48
63 79
44 218
8 44
130 39
95 161
72 71
96 159
142 100
148 167
45 0
187 208
80 110
31 223
71 199
33 223
140 170
156 224
218 45
186 249
263 130
3 228
49 215
135 144
255 174
92 100
171 12
260 154
99 21
191 78
129 45
166 150
52 214
54 86
9 101
221 165
77 193
171 137
34 29
144 169
165 221
242 199
85 54
51 87
133 228
99 150
44 137
12 171
225 154
16 42
182 85
113 75
132 228
219 169
41 19
155 163
97 28
140 43
225 221
15 43
32 96
142 100
190 247
45 0
40 20
237 80
31 223
170 129
96 33
197 200
156 224
209 108
168 20
128 45
210 58
14 100
95 34
255 173
222 163
258 37
27 260
219 42
78 64
2 172
183 212
228 11
213 54
169 144
94 38
33 132
259 158
98 24
125 179
221 38
72 242
39 150
178 214
65 77
35 156
191 206
194 76
154 98
127 175
135 15
12 227
101 132
132 263
228 3
171 91
97 28
140 43
97 30
198 72
133 45
153 37
228 2
0 172
167 147
90 46
96 31
71 199
33 223
170 14
261 150
109 81
228 128
217 174
149 40
176 89
262 17
200 70
33 158
171 12
27 98
212 106
124 183
168 220
23 166
87 52
45 131
136 228
90 102
66 77
171 137
35 29
125 179
45 4
151 38
135 228
130 172
77 192
87 105
260 29
21 99
94 164
169 16
142 135
178 215
118 194
263 5
63 79
155 163
188 207
201 196
30 224
100 13
133 45
111 78
190 247
45 0
0 228
17 100
134 172
256 169
223 32
43 141
30 97
100 18
128 101
47 217
185 210
77 112
133 172
12 100
158 160
37 131
9 171
162 155
41 146
136 7
68 245
38 152
13 135
75 195
225 26
22 226
64 205
88 231
42 144
221 38
116 71
135 228
135 137
77 192
41 220
260 29
131 34
161 157
75 68
222 35
178 215
67 118
176 216
190 206
170 91
224 154
170 140
156 97
73 70
57 210
89 175
129 228
172 1
101 0
144 227
261 22
100 142
32 223
16 227
97 157
81 236
208 188
171 218
21 167
164 26
96 33
128 46
156 224
195 202
260 153
162 155
101 4
49 215
39 23
51 214
36 222
9 101
102 217
171 11
205 191
40 93
53 125
214 179
53 86
54 213
45 130
252 180
214 231
205 64
194 76
90 228
75 68
141 135
178 214
183 84
41 219
123 57
163 28
171 9
165 130
99 93
43 142
172 133
15 227
21 40
129 263
208 61
109 208
134 149
15 100
32 32
16 227
82 59
173 217
101 1
47 217
64 247
227 14
45 133
15 170
31 33
13 43
133 26
28 163
101 4
129 45
101 6
165 25
45 132
127 49
34 157
44 138
98 151
214 104
180 252
3 172
243 198
213 181
3 45
77 193
231 87
137 171
44 11
157 34
143 169
163 222
201 114
39 149
168 92
123 57
170 92
171 9
170 140
222 35
70 200
6 172
142 100
120 191
1 45
249 187
227 17
261 22
170 141
32 32
227 142
157 224
100 17
61 208
217 174
3 228
37 153
160 96
70 73
160 31
170 13
44 9
28 163
168 19
2 172
166 149
228 12
54 85
42 16
161 30
99 21
225 24
98 23
145 169
87 52
86 181
166 24
137 262
193 204
225 23
10 44
259 161
157 34
9 228
262 141
152 38
133 228
215 49
250 183
107 211
9 44
257 165
160 158
197 73
57 211
89 176
247 64
47 90
1 101
227 18
30 224
143 227
96 96
169 256
186 82
154 36
122 187
91 171
209 59
100 142
172 6
142 43
160 31
165 257
80 62
36 28
190 79
49 216
149 39
178 87
182 212
254 176
225 26
99 21
10 171
23 226
6 228
262 137
228 135
9 101
135 137
145 42
151 225
191 205
132 34
225 153
228 136
181 85
241 201
245 68
41 220
41 19
170 92
27 225
195 75
158 33
128 173
84 57
49 89
148 167
2 136
81 188
46 217
209 60
73 71
159 96
198 199
7 172
80 236
168 20
263 129
120 63
142 227
33 223
15 170
220 225
69 74
154 224
234 211
3 228
129 45
118 67
215 178
142 262
137 228
164 94
161 258
79 64
231 214
145 169
45 3
135 101
71 116
172 4
42 17
167 93
132 157
44 11
161 157
136 101
54 213
38 25
166 23
172 2
19 168
170 92
207 62
164 131
158 33
200 197
6 172
26 164
228 3
263 3
128 228
227 18
261 23
141 43
159 96
15 227
148 134
17 227
147 167
172 0
40 21
111 205
184 210
227 13
157 224
130 165
152 133
44 91
3 228
216 176
149 39
75 113
35 222
68 75
218 228
67 76
171 137
87 232
252 54
130 45
23 166
101 136
165 94
101 134
35 156
65 78
44 11
225 153
177 253
95 163
114 74
6 101
172 2
251 183
148 226
171 9
171 139
220 99
139 101
183 84
176 216
83 58
43 218
228 1
81 109
134 150
170 141
222 97
169 256
31 96
144 100
20 40
217 173
167 148
100 142
83 184
199 71
95 34
130 166
208 188
147 99
19 41
219 42
22 166
215 178
95 35
228 10
154 225
131 162
79 64
226 150
192 77
87 51
85 181
180 86
221 165
252 179
225 24
10 44
33 259
34 30
42 144
4 172
73 241
6 101
263 7
168 146
233 85
62 80
202 195
99 92
128 173
172 133
176 215
40 149
218 170
41 20
36 154
150 261
70 200
223 33
43 141
21 261
144 100
61 121
218 45
148 40
26 37
45 133
199 71
224 30
13 43
171 135
226 147
146 168
5 263
184 211
202 240
182 212
69 74
98 154
12 44
98 152
219 41
192 77
220 39
212 54
24 38
4 45
179 125
161 29
65 78
193 77
34 30
126 177
94 163
200 114
212 182
215 50
191 205
28 35
27 133
146 226
92 227
255 47
133 45
215 49
22 40
92 43
207 62
45 218
135 172
197 73
158 96
100 14
261 148
237 207
208 187
173 90
2 228
79 111
58 83
15 170
161 95
257 39
224 28
171 218
129 101
48 216
57 84
75 113
222 162
127 48
224 27
67 76
29 260
156 35
132 101
45 3
117 70
242 72
213 53
67 76
88 103
10 44
22 99
221 39
203 194
213 181
11 228
228 7
40 220
145 41
162 28
190 207
258 163
219 100
138 101
34 95
88 176
131 228
219 170
122 59
154 163
150 261
197 73
159 159
72 72
21 261
16 227
21 40
217 173
60 82
153 164
172 7
171 128
225 94
257 39
81 61
28 163
2 228
42 92
66 246
38 152
162 95
74 196
157 160
162 258
44 9
232 213
5 228
178 87
39 23
242 72
37 221
126 51
88 103
99 23
22 99
220 39
101 8
53 213
73 242
101 134
50 88
168 145
169 92
171 9
195 75
97 28
143 169
143 135
37 25
101 131
128 172
80 189
154 163
156 97
17 100
160 223
198 72
58 210
90 174
248 62
45 217
128 101
237 79
185 210
14 100
225 94
197 201
81 61
44 91
101 2
128 45
210 57
177 88
161 95
48 254
160 30
194 203
79 63
22 226
5 228
220 40
212 55
213 180
4 45
253 178
215 230
11 44
150 226
220 39
194 76
12 262
101 10
212 182
3 45
145 41
149 226
153 98
68 202
219 100
254 47
45 5
203 113
167 22
175 216
207 62
91 45
208 60
43 13
223 158
43 141
134 45
206 110
148 167
218 45
228 128
237 79
7 45
141 227
94 97
140 170
208 188
154 36
250 58
1 172
101 4
240 76
56 85
127 47
155 224
75 194
98 153
169 219
78 65
45 3
55 85
38 151
213 53
76 194
220 166
77 192
11 171
39 93
42 144
172 131
228 137
228 7
51 88
182 124
92 42
260 28
163 131
28 224
254 47
5 172
76 240
101 131
48 89
250 185
171 91
155 97
197 73
32 159
142 170
45 7
217 47
21 40
91 45
167 148
79 110
7 45
43 14
95 97
200 70
187 81
45 91
101 2
170 219
192 119
38 152
143 262
74 196
33 158
20 226
9 171
99 22
18 41
93 167
39 23
214 179
172 4
253 178
230 89
204 65
204 192
88 230
178 253
262 139
101 10
55 212
45 130
55 251
169 92
28 133
20 99
36 94
11 228
45 5
165 152
66 119
263 4
250 185
163 28
81 188
200 197
98 94
15 43
32 96
100 16
189 248
172 0
21 167
206 237
210 58
170 129
159 159
167 257
24 261
91 172
20 41
172 128
149 40
203 239
183 211
138 228
31 33
99 20
225 26
155 35
132 101
172 130
150 39
179 87
131 172
178 126
25 98
226 149
137 44
230 215
144 169
12 262
242 199
212 182
263 8
228 5
29 35
133 155
67 203
37 94
48 127
212 182
240 202
149 167
131 263
228 2
226 19
81 188
39 257
224 157
128 171
185 83
111 79
62 121
263 1
1 228
174 90
134 172
43 14
33 223
13 43
187 81
209 108
147 168
130 136
210 58
152 164
84 183
101 138
222 163
131 163
260 154
28 162
55 124
220 40
150 39
38 151
13 135
8 101
34 157
149 99
99 150
220 39
203 194
11 262
151 38
197 244
172 3
42 18
219 168
25 225
147 226
164 221
143 169
45 5
88 177
211 184
132 263
123 58
226 19
188 208
140 43
222 34
170 15
261 146
153 37
228 2
263 1
1 228
237 80
134 172
14 100
33 223
70 73
97 156
18 227
207 189
1 172
65 246
14 100
34 222
170 143
95 36
171 12
26 98
85 233
205 191
129 45
6 228
214 179
221 163
136 228
89 102
99 22
78 65
225 151
252 52
135 11
24 165
228 8
135 136
133 228
41 219
44 137
67 203
37 94
201 196
132 45
50 88
184 84
2 45
58 250
234 83
97 28
100 145
94 225
72 71
210 185
227 142
247 63
0 45
81 187
27 37
31 223
43 256
95 97
168 257
60 209
235 209
62 207
47 216
228 130
164 26
161 95
15 170
97 155
164 258
207 189
169 219
101 4
177 88
133 101
52 214
36 221
42 17
94 38
204 66
10 171
151 98
66 203
38 94
24 165
54 212
262 9
252 181
232 86
64 79
258 162
37 94
127 175
162 222
139 100
211 184
219 169
19 168
83 107
8 44
227 18
31 160
140 100
32 96
216 48
59 209
173 217
61 248
144 227
148 261
72 71
158 223
170 14
23 261
91 172
249 59
130 136
119 65
239 77
96 33
73 197
220 226
37 131
98 154
219 43
101 4
2 172
133 101
25 38
86 181
75 195
157 161
44 138
24 98
220 40
17 42
135 11
165 151
212 181
9 135
6 101
87 105
29 133
171 139
27 225
228 137
15 262
227 139
149 166
2 45
228 3
107 210
61 80
170 140
31 160
142 170
96 159
142 100
129 228
90 173
40 20
237 80
134 172
169 129
159 223
70 73
8 172
36 27
61 207
172 128
21 167
89 49
223 160
46 255
33 158
99 19
133 27
170 219
64 206
263 134
6 228
165 25
86 181
253 177
153 225
171 11
225 24
40 93
144 169
45 4
71 243
166 23
262 10
192 204
29 35
191 206
44 11
221 37
49 127
55 212
165 152
183 84
45 129
123 57
234 84
136 171
43 13
160 158
172 255
223 32
205 111
63 120
217 46
81 188
236 80
261 22
227 15
223 32
256 41
209 187
145 100
208 188
174 90
83 185
49 216
160 96
12 100
33 158
37 131
225 27
35 28
146 168
45 2
166 150
25 38
172 5
176 126
38 221
22 226
24 98
24 225
180 252
10 262
198 116
54 213
172 3
193 204
226 23
78 191
161 131
101 90
228 137
5 172
241 201
56 211
41 219
63 79
163 28
171 9
165 130
35 95
227 140
18 262
227 142
82 59
263 2
61 81
236 81
186 209
170 141
159 96
71 72
82 59
217 46
60 122
90 47
40 21
176 89
172 6
15 170
33 158
145 99
153 133
163 155
131 101
136 6
194 118
241 74
262 14
16 169
26 98
161 259
64 205
220 40
228 134
221 38
9 228
101 135
130 172
133 228
40 220
30 132
193 76
228 217
169 16
222 36
165 152
245 67
176 215
63 79
99 147
154 97
227 18
29 224
197 73
133 45
227 142
191 247
47 90
101 0
90 46
134 149
170 141
159 96
71 72
261 149
163 154
208 188
91 171
40 21
216 175
145 262
73 197
156 224
69 74
44 9
163 155
79 63
6 263
183 211
38 152
141 262
68 75
221 165
11 44
98 151
156 35
180 252
45 3
135 101
71 116
10 135
101 133
231 87
157 259
161 132
221 38
9 228
163 222
87 178
166 22
41 219
131 228
170 92
9 44
196 74
29 224
142 170
172 133
100 14
130 228
45 128
122 60
227 18
149 261
41 256
32 223
199 71
134 22
154 36
20 41
172 128
64 247
26 37
33 223
140 227
31 33
196 201
154 224
155 36
130 101
88 49
22 166
12 101
212 55
127 49
90 101
34 131
259 157
99 23
169 18
52 214
166 151
71 116
130 172
53 252
87 104
98 24
171 138
38 94
75 68
212 181
214 51
211 183
136 133
64 79
155 162
98 27
44 12
31 160
255 46
145 135
141 100
120 191
263 2
249 187
208 236
261 22
170 141
96 32
227 142
186 82
173 217
0 101
218 44
101 2
227 15
18 135
15 170
224 29
130 165
171 136
170 218
63 206
41 92
132 101
88 51
212 55
195 202
90 101
44 138
98 152
156 35
18 42
172 130
150 39
9 101
11 135
42 17
87 104
137 171
11 171
34 30
68 202
36 95
101 11
101 133
172 2
101 131
170 92
136 171
12 171
93 226
100 12
133 45
216 49
228 3
47 90
187 122
109 208
157 97
168 129
32 96
170 14
45 7
90 173
101 0
136 1
40 21
89 48
6 45
15 170
94 98
74 196
25 260
20 226
168 19
2 172
184 211
38 152
142 262
127 49
161 30
44 139
79 64
35 29
101 6
93 166
70 243
71 115
131 172
204 66
156 162
205 65
259 160
153 98
17 42
135 13
241 201
101 133
2 45
183 124
155 162
207 62
164 131
158 33
228 139
56 211
216 49
130 228
218 170
62 80
45 217
82 187
41 256
158 96
198 199
223 31
90 173
248 61
128 136
120 63
142 227
184 210
198 199
161 95
257 39
28 97
44 91
41 146
129 45
132 101
152 165
135 142
75 195
221 164
258 35
25 98
93 168
204 192
93 166
197 116
165 24
4 45
203 66
104 215
44 137
33 259
26 225
228 136
86 54
101 11
133 228
93 41
191 205
42 219
27 133
226 19
31 160
228 139
84 56
239 204
228 3
91 43
59 249
163 27
23 134
227 16
32 32
71 72
82 59
154 37
121 188
90 46
101 2
78 111
83 185
15 170
222 161
39 130
25 260
28 163
3 228
136 5
149 39
50 215
85 182
201 69
37 221
258 35
29 260
35 29
125 181
3 172
8 228
180 86
172 4
134 228
24 98
23 225
138 44
38 94
228 136
4 172
200 114
39 150
136 134
18 168
212 233
136 171
171 139
28 224
16 43
135 17
141 100
192 246
174 216
186 122
100 145
150 261
16 100
95 224
43 141
96 158
164 154
0 101
0 45
148 40
175 89
210 58
71 72
31 33
257 39
171 135
107 83
129 101
45 2
132 101
202 240
15 135
254 175
228 91
76 194
225 25
156 35
5 228
93 166
39 23
137 228
213 53
7 101
215 230
23 225
44 11
89 229
135 101
131 45
87 179
150 166
263 7
168 145
106 212
154 260
36 258
222 36
11 228
56 211
152 37
4 101
263 3
228 1
27 36
135 172
170 140
223 158
72 199
31 96
164 154
128 228
172 218
187 209
37 153
96 32
199 71
221 225
39 130
97 155
28 163
80 63
42 92
149 40
38 152
222 162
101 138
161 30
226 147
63 206
105 86
41 145
214 178
23 166
38 151
131 172
253 178
220 166
150 99
11 171
157 34
194 76
262 139
38 24
69 117
88 177
41 18
155 162
26 225
171 139
97 28
254 47
95 161
76 239
185 83
1 45
129 228
218 172
224 156
100 144
224 222
141 170
45 7
90 174
121 189
172 218
167 148
16 100
32 223
198 199
224 30
227 144
135 45
146 99
2 228
136 4
83 184
113 203
135 143
254 175
27 97
12 44
25 98
213 105
18 41
215 178
212 55
115 199
53 86
8 101
225 25
23 226
77 65
30 161
67 203
172 131
101 10
69 117
177 215
41 18
85 106
260 28
68 202
155 97
138 101
34 95
50 88
4 101
92 43
168 147
163 27
24 134
227 17
223 33
14 43
261 147
37 26
148 167
0 172
101 1
100 143
58 83
43 15
30 96
70 73
134 24
146 99
185 250
263 131
66 246
113 203
172 5
127 47
97 155
194 202
26 98
92 169
168 18
8 263
196 117
242 72
139 262
8 101
166 93
77 192
11 171
225 152
253 51
221 37
38 24
150 166
215 51
192 205
149 226
63 79
44 12
36 94
42 143
161 222
50 88
210 184
175 216
185 123
226 19
28 224
170 140
160 223
171 256
7 172
90 174
209 187
0 45
1 228
100 143
96 31
72 198
223 160
197 200
151 134
146 99
19 41
131 136
83 184
100 140
172 5
228 11
31 33
99 20
28 260
169 219
64 205
220 40
244 196
200 242
213 53
169 144
93 39
192 204
192 77
34 29
51 126
4 172
72 242
39 150
135 263
101 132
92 42
152 98
147 226
227 218
11 228
172 132
152 38
40 149
42 219
101 129
210 235
134 151
100 144
30 224
129 171
134 20
37 26
128 228
45 218
21 167
47 217
158 96
14 100
31 96
100 17
24 261
209 108
207 189
172 128
185 210
25 37
45 132
127 47
155 224
20 226
155 133
162 155
145 168
93 167
228 134
151 165
262 12
203 67
89 103
259 32
226 23
34 29
76 67
131 45
72 242
55 212
45 130
54 251
99 149
63 79
139 44
33 30
175 254
85 55
113 75
131 228
92 42
101 129
226 19
97 28
100 144
95 161
44 128
32 96
47 89
101 128
218 172
21 167
217 174
21 134
170 141
159 159
167 257
261 151
82 235
189 80
263 130
65 246
140 227
95 34
174 127
28 97
202 68
171 136
42 92
41 145
88 50
166 150
228 10
140 262
50 253
89 102
132 159
137 44
34 29
203 194
135 11
165 151
197 244
45 130
78 192
162 29
156 260
76 67
27 224
10 228
222 35
140 100
184 84
5 136
190 206
99 146
224 155
257 166
161 222
255 44
261 146
89 175
148 167
218 172
147 40
27 37
261 21
256 170
32 32
70 73
150 134
209 108
122 186
43 92
192 119
239 76
34 222
69 74
155 224
195 202
189 80
28 162
101 4
129 45
39 23
38 151
140 262
228 9
25 98
22 226
10 171
34 29
228 134
38 94
9 228
101 135
130 172
228 6
162 29
206 63
20 99
221 37
127 175
135 15
38 25
184 84
42 219
79 190
28 36
81 188
43 13
98 94
227 140
58 210
48 89
209 186
173 217
187 208
164 27
158 96
71 199
33 223
200 70
150 134
209 108
1 228
47 216
167 149
141 227
34 222
70 73
158 160
131 164
260 154
28 162
4 228
134 136
68 244
114 200
45 131
101 136
229 89
11 44
192 78
40 93
228 134
38 94
165 151
23 39
45 130
42 18
41 219
152 98
99 148
161 157
137 101
55 212
12 227
101 132
132 263
19 168
155 163
260 25
39 257
160 158
15 43
57 210
89 175
148 167
45 0
167 147
37 154
209 59
71 199
159 32
43 141
82 60
218 45
128 101
47 217
167 149
100 141
262 17
46 255
99 220
164 258
154 133
233 212
191 78
220 41
56 85
73 114
54 86
144 42
165 94
33 132
151 225
93 167
134 101
135 11
38 24
101 135
9 135
18 169
214 232
79 191
171 139
157 34
75 68
55 212
51 88
211 184
263 5
184 123
20 99
224 155
201 196
33 31
172 255
223 32
48 89
82 59
0 172
61 248
237 80
97 30
15 100
32 223
168 256
45 8
18 227
20 41
43 91
167 148
37 153
172 6
12 100
35 222
12 44
27 98
21 226
146 168
93 168
101 6
214 178
135 140
195 202
98 153
259 33
132 30
156 35
77 66
38 94
24 166
101 135
10 135
192 204
150 226
137 171
44 11
30 161
127 176
35 95
165 152
56 211
263 6
57 250
211 234
260 26
140 43
158 33
170 15
32 96
153 37
190 247
91 44
0 228
109 207
7 45
15 100
223 32
227 143
134 45
208 109
249 60
172 128
185 210
164 26
18 135
70 73
31 33
44 139
26 260
99 21
168 19
176 88
101 6
241 74
135 141
126 50
94 38
160 259
44 10
35 29
66 204
45 3
53 86
197 243
52 87
125 53
41 220
225 151
161 131
26 225
176 254
135 14
51 87
5 101
89 176
101 130
99 147
44 136
145 227
29 224
142 170
45 6
100 15
64 120
218 171
20 168
90 46
261 22
42 256
159 32
16 227
172 134
36 27
147 168
90 47
210 59
153 164
262 18
170 142
224 29
170 13
136 44
92 170
4 228
263 133
101 6
51 214
181 212
253 176
26 98
161 259
132 30
231 214
7 228
87 52
243 198
213 181
221 166
180 125
93 40
98 24
66 203
90 228
127 176
212 181
87 178
22 39
176 215
250 184
36 155
97 27
145 227
220 99
200 197
135 18
142 100
130 228
45 128
208 61
163 27
172 7
43 14
96 32
256 42
209 186
173 217
249 60
218 44
3 228
48 216
160 96
200 70
162 95
100 18
133 26
20 226
3 228
41 92
84 183
228 12
45 132
176 127
38 221
76 193
30 259
214 104
133 101
3 172
181 213
24 39
3 45
6 101
231 87
30 132
132 34
90 229
75 68
36 95
25 165
149 166
88 176
250 183
21 99
27 225
38 257
220 99
100 12
33 96
141 100
64 120
2 136
168 147
81 109
186 209
129 41
159 159
141 170
186 82
17 227
122 187
129 136
167 148
175 89
262 18
227 13
31 33
257 38
171 136
43 91
57 123
168 219
84 183
114 201
85 182
195 202
101 217
76 194
24 98
226 150
77 66
166 221
24 166
39 151
45 130
77 193
87 104
225 151
99 148
225 153
16 42
181 85
87 178
133 228
263 6
56 251
99 148
189 207
171 139
226 220
15 43
6 172
153 37
83 58
217 47
168 147
208 236
7 45
200 198
159 223
141 170
157 224
90 173
61 208
128 45
63 247
89 48
96 33
197 200
222 162
227 145
153 133
107 84
184 250
176 89
228 132
139 227
262 15
202 68
221 164
161 258
29 260
220 41
125 180
130 45
228 135
151 166
87 179
125 52
220 167
24 225
11 171
225 153
126 177
132 45
178 214
245 68
88 177
64 79
226 21
207 62
195 75
35 95
173 255
223 33
14 227
40 148
90 174
168 147
81 109
23 134
197 73
223 223
42 129
30 97
90 173
101 0
128 136
59 82
15 100
57 83
100 140
222 161
100 18
260 152
99 20
57 123
132 136
57 84
202 240
162 95
127 49
27 98
194 203
25 98
168 220
169 18
130 45
213 54
228 9
172 4
252 179
156 162
259 31
160 132
98 26
228 136
135 13
152 38
101 133
134 263
64 79
21 99
171 9
19 99
31 160
46 128
96 160
89 176
167 21
1 45
122 59
217 172
97 29
197 73
31 223
227 142
148 134
217 46
188 248
0 45
59 82
26 37
19 134
198 199
161 95
257 39
61 208
171 218
79 63
216 176
211 57
215 178
162 95
228 10
27 98
67 76
171 137
232 213
252 54
9 262
243 197
53 213
135 138
179 125
98 151
137 171
226 22
229 216
202 194
131 45
200 114
23 39
168 93
183 124
21 99
153 98
12 171
219 99
197 73
17 262
153 37
228 3
89 174
59 249
154 163
172 8
200 197
97 95
141 170
31 96
27 164
0 228
0 45
148 40
227 15
45 133
44 255
158 160
196 201
28 97
171 218
101 3
172 129
5 228
38 152
35 222
137 228
27 98
35 131
152 225
92 168
101 6
172 130
197 116
180 86
45 131
7 101
34 156
44 137
259 160
161 157
126 177
36 94
214 52
150 166
220 167
64 78
106 212
260 27
131 37
95 163
15 43
135 17
153 37
130 228
128 172
189 207
27 36
60 81
100 143
32 32
170 14
45 7
110 80
121 188
0 172
167 148
227 15
146 261
43 15
224 30
166 257
188 81
83 234
190 79
219 42
101 5
152 165
172 5
48 254
34 157
35 131
156 133
149 99
132 101
220 39
181 212
24 38
138 262
126 52
98 151
65 78
11 171
102 89
67 203
140 135
151 38
39 150
7 136
145 41
148 226
190 207
75 68
28 224
174 254
56 211
37 25
101 131
1 45
1 101
226 19
97 29
13 170
32 32
199 72
223 31
100 16
167 20
46 217
228 128
37 153
185 210
140 227
33 158
196 201
172 135
36 28
185 250
216 175
228 131
113 202
45 132
16 169
30 34
226 147
63 206
162 156
18 41
166 220
7 228
24 38
45 131
51 253
98 151
226 150
193 77
220 39
144 169
53 213
24 165
134 228
167 93
145 41
99 149
9 44
36 258
158 33
16 42
211 183
88 177
149 167
1 45
228 2
172 91
8 45
197 73
32 32
14 43
147 134
143 100
101 128
263 0
167 148
153 164
210 58
72 198
31 33
39 130
97 155
235 210
129 101
169 219
4 228
177 88
55 85
48 254
30 33
131 163
25 98
149 99
168 18
136 8
23 166
165 24
213 53
42 17
98 152
226 150
226 23
93 166
228 135
131 45
151 38
196 244
220 167
132 228
35 155
136 171
163 131
222 36
169 16
135 16
100 13
246 65
175 216
129 228
218 172
24 134
100 144
159 159
141 170
147 134
100 16
21 40
172 90
21 167
153 164
7 45
15 170
97 221
43 140
8 172
108 82
207 189
175 89
167 149
25 38
143 262
74 196
36 221
226 147
225 26
35 29
5 228
215 178
85 182
115 199
135 139
144 42
93 39
132 159
171 138
30 161
253 51
172 131
137 101
55 212
8 136
182 124
162 29
79 190
36 258
158 33
127 174
161 222
113 76
193 246
1 45
228 2
209 235
156 97
144 227
97 95
72 71
158 223
79 237
21 40
263 0
167 148
47 217
96 31
43 14
158 223
257 40
45 8
19 226
189 80
263 131
167 149
140 227
16 135
42 16
28 97
75 195
98 153
28 162
251 55
215 177
134 101
87 52
86 180
42 17
161 30
138 171
23 99
166 220
67 203
135 12
101 10
134 228
3 45
192 205
35 156
136 171
20 99
33 30
101 11
95 161
215 50
228 4
175 216
62 80
36 155
224 155
227 17
94 225
14 227
45 7
37 26
21 40
172 217
167 148
174 90
96 31
43 14
96 33
73 197
151 134
99 19
186 249
92 170
119 65
25 37
84 183
196 201
219 227
44 139
225 26
169 219
18 41
135 136
196 117
24 38
139 262
42 17
225 25
65 77
32 259
98 25
8 228
180 86
137 101
117 196
3 45
192 205
35 156
260 28
67 203
27 224
127 175
16 262
25 165
131 228
4 136
129 228
99 146
208 61
166 130
33 31
170 15
147 134
100 16
21 40
0 263
62 248
164 27
21 134
141 227
222 224
70 73
29 97
226 146
41 147
136 4
40 22
88 49
56 84
42 16
158 160
19 226
9 171
106 85
78 64
167 220
244 196
137 228
13 135
67 76
216 229
77 193
31 259
88 230
179 253
53 213
199 115
166 23
130 172
124 54
41 219
133 156
162 131
157 34
196 74
5 172
240 202
246 66
45 129
123 58
36 155
25 134
227 17
161 222
13 227
6 172
142 100
59 209
45 0
147 40
17 100
83 186
43 14
159 159
16 227
29 97
82 235
249 59
174 89
210 58
152 164
144 262
43 16
100 219
139 171
260 154
148 99
78 64
50 215
23 166
52 214
135 140
67 76
157 161
66 77
192 78
167 220
52 126
165 221
151 38
135 228
220 166
78 192
99 149
156 260
226 20
34 30
137 101
45 5
215 50
66 118
175 216
146 41
91 44
208 61
130 39
30 224
227 140
172 133
164 153
63 120
91 45
188 121
154 164
31 223
198 72
222 224
16 227
60 208
154 36
186 249
216 174
58 83
77 112
161 95
43 15
227 92
164 258
207 189
106 85
101 4
45 2
244 195
38 151
135 140
75 194
38 221
138 171
205 192
103 88
42 144
4 172
24 165
85 54
220 166
169 145
213 232
206 64
139 44
161 157
101 10
95 162
240 202
84 57
42 219
190 206
210 234
208 61
18 100
98 94
43 142
210 184
48 89
186 82
1 136
0 101
90 46
148 261
198 72
95 97
227 143
97 156
172 218
41 147
47 217
210 58
216 176
223 160
200 70
35 222
19 226
260 154
28 162
131 101
220 41
23 166
165 24
86 181
50 253
102 217
149 99
225 24
225 151
52 125
135 11
213 53
228 8
135 136
252 181
23 99
225 152
162 131
161 157
75 68
45 5
240 202
132 228
2 45
123 57
210 234
97 28
130 38
33 31
198 73
172 133
100 15
59 209
46 90
167 147
80 110
97 30
142 227
223 223
129 168
172 135
109 81
122 187
218 43
101 3
204 239
223 160
128 46
222 162
202 68
260 154
170 219
56 124
2 172
39 23
138 228
4 45
169 144
94 38
171 11
259 158
156 35
101 7
135 11
71 243
197 243
9 135
42 18
41 220
29 133
161 131
218 101
16 42
85 55
51 88
211 184
2 45
130 228
84 107
25 133
140 43
31 160
197 73
45 6
238 205
228 2
136 129
188 121
46 217
97 30
72 71
96 96
227 143
224 30
217 46
101 1
171 218
148 40
227 14
145 262
128 46
33 158
171 12
26 260
226 148
79 64
49 215
245 195
114 201
95 36
177 126
34 157
259 33
30 259
40 93
193 77
262 137
228 136
70 116
172 3
204 66
220 168
10 44
67 203
37 94
10 228
5 172
178 214
228 5
2 45
3 101
234 84
80 189
196 74
95 162
13 227
172 133
100 15
209 186
217 46
228 0
154 163
172 7
256 169
32 96
199 71
45 7
208 109
249 60
171 218
3 228
164 26
57 84
128 46
99 220
145 99
189 80
155 36
206 191
88 49
56 84
241 74
14 135
101 136
34 157
259 34
151 225
231 214
18 42
10 262
101 9
243 71
262 10
101 133
104 214
10 44
171 138
90 228
195 75
14 262
178 214
211 183
49 88
3 101
163 28
26 133
257 165
156 97
200 197
57 211
153 37
209 186
136 129
41 20
217 173
172 7
42 256
32 159
71 72
59 209
145 100
208 188
91 171
101 3
77 111
57 84
15 170
99 220
18 227
62 207
155 36
206 190
49 215
194 118
165 25
262 14
143 42
228 90
44 138
24 98
35 29
145 169
87 52
228 136
24 39
214 52
66 77
150 225
137 171
203 193
98 26
127 176
212 181
101 11
183 84
176 215
183 123
155 163
80 189
18 100
226 220
100 12
135 18
176 216
167 21
174 217
101 128
18 100
82 186
129 41
96 32
170 14
149 134
144 100
208 188
46 217
191 120
164 26
45 133
45 255
162 95
74 196
26 260
91 170
123 184
136 6
5 228
165 25
162 95
16 169
90 101
226 148
191 78
214 104
204 193
179 87
135 101
213 180
137 262
252 180
225 24
205 64
161 132
98 26
16 42
262 141
138 101
228 6
220 168
41 19
21 99
133 153
75 68
31 160
227 139
211 184
153 37
83 58
172 1
128 228
90 46
7 45
100 143
159 96
129 169
59 209
27 163
61 208
218 44
148 40
175 89
135 145
128 45
220 226
165 257
188 80
107 84
228 130
6 263
228 132
227 12
5 45
176 127
30 34
161 258
64 206
35 29
42 145
45 3
243 197
39 151
179 214
252 179
220 167
10 44
11 171
229 217
75 68
14 262
74 241
101 133
220 168
4 101
84 106
98 27
195 75
156 97
12 227
84 57
77 239
185 83
263 3
188 207
81 109
30 224
129 41
32 223
170 14
59 209
227 144
61 208
263 128
148 40
48 216
6 45
140 227
30 97
43 140
97 155
99 20
184 250
219 42
84 184
165 25
35 222
127 49
30 34
161 258
156 133
105 87
145 169
3 172
150 39
166 24
221 165
42 17
151 225
31 132
66 204
161 157
9 228
95 163
214 52
101 133
215 50
56 251
162 28
44 136
19 99
224 156
255 46
223 33
26 164
101 130
128 172
207 62
163 27
172 8
168 129
159 159
142 100
148 134
110 80
61 208
218 44
63 247
153 164
45 133
71 72
161 95
43 140
133 25
155 36
250 57
136 5
184 211
38 152
172 5
195 202
161 30
44 139
44 10
86 232
54 125
93 166
197 116
9 101
52 87
101 134
167 93
24 225
99 149
157 34
50 126
36 94
73 241
68 117
136 134
191 205
42 219
80 189
195 75
36 95
73 70
6 172
112 77
167 22
47 89
147 41
145 227
224 156
41 257
95 224
72 198
261 148
90 173
81 60
128 136
129 101
48 216
32 223
140 227
224 30
145 100
61 208
99 20
206 190
172 129
22 166
75 113
35 222
201 69
98 154
162 258
25 98
150 99
125 181
93 166
8 228
9 101
86 180
134 228
34 156
31 132
77 66
161 157
126 177
131 45
24 165
39 150
45 129
251 183
155 162
27 133
164 131
224 155
255 46
6 172
239 204
40 149
128 172
128 228
172 91
23 134
140 43
159 159
170 14
82 59
237 207
61 121
91 172
40 21
79 111
172 6
142 43
222 161
140 170
25 260
83 234
79 63
89 48
132 101
165 25
55 85
196 201
228 91
35 131
190 79
156 35
252 54
51 214
54 85
137 228
165 94
101 134
103 215
10 44
204 193
221 39
228 135
94 164
151 38
39 150
50 88
41 18
99 148
133 154
36 258
160 158
201 196
45 6
49 88
185 83
263 3
128 228
146 226
150 261
140 43
32 32
129 170
31 96
80 237
60 208
1 263
121 63
227 16
133 172
255 171
33 158
74 196
28 97
19 226
185 250
2 172
22 167
240 75
85 182
143 42
37 221
203 67
25 98
92 168
101 5
93 166
196 117
137 228
221 164
8 101
230 88
192 205
159 132
157 34
135 101
53 213
137 101
85 55
172 3
5 101
155 162
44 136
202 195
33 31
196 74
132 45
76 239
22 40
43 219
147 41
209 235
224 156
13 170
159 159
141 170
158 223
79 237
1 101
217 172
21 167
164 26
147 261
44 256
225 94
43 140
224 28
171 218
228 129
92 169
66 246
113 203
172 5
101 138
227 91
139 171
133 28
86 232
181 251
215 178
166 150
199 242
213 53
126 51
152 225
138 171
138 44
225 152
8 228
94 164
101 10
166 23
130 172
205 64
169 92
79 190
163 131
227 219
11 228
45 5
239 203
167 22
263 4
122 59
82 108
8 45
167 130
160 223
198 72
261 147
26 164
1 101
45 0
228 128
227 16
134 172
142 43
157 223
73 197
61 208
27 163
146 168
219 42
131 101
152 165
222 161
11 101
100 219
12 44
28 260
42 92
132 101
220 40
166 150
87 52
213 53
203 67
34 157
150 99
204 192
152 98
8 228
37 94
165 151
69 117
263 8
55 251
22 99
171 9
99 147
163 221
254 47
16 262
177 215
40 149
175 216
228 2
235 82
156 97
170 140
96 31
198 72
83 58
143 100
60 209
136 0
40 21
16 100
134 147
43 14
158 223
40 130
135 45
91 172
2 228
131 136
167 149
50 215
45 132
254 174
97 155
195 202
9 171
212 106
101 5
45 3
7 228
228 10
94 37
76 194
39 220
192 204
132 32
34 30
17 42
53 213
151 38
23 39
3 45
65 78
92 42
133 155
147 226
28 224
74 69
95 161
100 13
4 101
136 131
62 80
83 108
28 224
257 166
95 161
43 142
261 147
79 237
101 128
45 90
248 189
37 153
7 45
14 170
160 96
40 130
60 208
226 146
62 207
216 175
167 149
140 227
84 183
228 11
224 28
171 12
190 79
85 233
64 205
172 130
39 23
10 101
139 262
253 178
34 157
149 99
78 65
230 215
17 42
172 131
137 101
150 166
220 167
228 5
149 226
44 136
226 20
221 37
228 138
222 35
25 165
101 131
131 263
185 123
235 83
261 24
17 100
221 98
15 43
210 185
216 47
167 21
136 0
189 121
100 143
58 83
170 129
32 159
100 16
224 29
154 36
186 249
92 170
131 101
176 88
84 183
74 196
163 95
202 68
190 79
148 99
55 124
177 88
166 150
52 214
164 94
51 253
229 89
226 149
99 150
151 98
194 76
53 213
24 165
197 244
166 93
101 132
35 156
29 133
171 139
154 97
74 69
132 45
165 152
101 132
175 216
58 250
218 171
135 172
13 170
158 33
198 72
210 185
79 238
228 2
45 0
208 60
80 110
21 134
141 227
159 32
143 100
156 224
91 172
168 20
1 172
149 40
203 239
34 222
143 43
33 158
68 75
154 133
233 212
101 4
93 167
101 6
73 114
13 135
101 135
102 216
149 99
78 65
29 161
126 179
45 4
136 101
166 23
214 51
65 78
92 41
29 133
131 35
97 27
169 16
85 55
177 215
193 245
5 136
3 101
44 218
61 81
100 144
30 224
171 255
133 45
48 89
209 186
90 173
61 248
110 207
209 59
43 14
31 96
70 73
135 45
45 91
186 249
128 45
83 185
100 141
56 84
255 173
224 28
19 226
27 260
21 226
146 168
2 172
183 212
87 52
221 163
75 194
26 98
99 22
78 65
161 156
52 125
262 138
199 115
197 243
220 166
133 228
41 219
137 171
162 131
37 94
16 42
132 45
113 75
184 84
172 2
79 190
234 83
97 28
257 166
30 224
199 198
223 32
26 164
247 63
0 172
188 208
173 90
96 31
42 256
224 95
257 41
82 60
227 145
186 249
90 47
130 101
49 216
45 133
101 139
35 222
68 75
260 154
170 219
205 191
220 41
39 23
11 101
140 262
195 202
102 217
226 149
158 132
225 151
144 169
221 38
136 101
181 85
262 9
192 204
162 29
225 152
21 99
164 221
254 48
135 15
113 75
22 39
176 216
184 123
171 91
171 8
201 196
221 98
45 128
261 146
175 216
148 167
263 1
208 61
90 46
30 223
170 141
96 96
170 14
209 187
81 236
61 207
47 217
64 247
141 227
160 96
128 46
160 31
68 75
136 44
84 233
251 56
41 93
68 245
214 178
181 213
68 75
26 98
226 149
225 24
167 220
125 179
165 221
24 166
54 213
3 45
180 125
87 105
260 29
99 148
30 161
75 68
45 5
25 165
132 228
129 172
130 228
234 84
27 224
170 140
98 93
172 255
261 146
205 111
167 21
1 45
147 40
227 17
134 172
199 198
32 32
129 168
209 187
173 217
147 168
172 128
58 83
227 14
133 172
142 43
220 226
75 195
26 260
155 35
228 131
50 215
245 195
165 25
132 172
68 75
161 30
44 138
157 132
87 231
125 180
94 165
9 228
101 135
52 87
66 77
23 99
171 10
171 138
221 37
137 101
95 162
114 74
118 194
49 89
184 123
36 155
26 133
201 196
220 99
172 255
57 211
175 216
209 186
2 136
188 208
27 36
59 82
169 129
159 159
170 14
134 45
145 100
122 187
171 218
58 83
176 89
33 223
255 173
220 226
99 18
136 44
84 234
183 251
136 6
133 101
201 241
14 135
68 75
153 225
11 44
24 98
162 156
180 252
38 94
213 54
54 213
10 135
145 42
98 150
24 225
99 148
98 26
101 10
181 85
74 241
39 149
6 136
19 168
155 163
62 80
201 196
99 93
73 70
145 135
216 48
167 21
136 129
147 41
163 27
134 172
14 170
96 96
129 169
157 224
109 81
147 168
90 47
167 148
100 141
135 145
170 142
33 158
100 18
136 44
170 219
101 3
133 136
22 166
12 101
14 135
136 228
153 225
171 11
225 24
231 214
101 6
10 262
213 54
243 71
179 214
145 42
150 225
137 171
171 138
90 229
68 202
212 181
228 138
149 166
129 172
146 41
107 211
136 171
227 18
35 95
170 15
172 133
176 216
247 64
217 47
187 122
163 27
149 261
43 14
159 159
14 43
22 261
208 109
208 188
1 172
120 64
175 89
33 223
43 15
222 162
69 74
62 207
234 211
101 3
2 172
245 194
201 241
162 95
228 10
101 217
34 131
64 205
104 87
53 125
172 130
8 228
228 9
135 137
66 77
40 220
171 10
99 148
225 153
101 9
95 163
152 38
118 195
6 136
206 64
155 162
26 133
171 139
224 156
200 197
96 160
239 204
101 130
174 217
101 128
227 18
157 97
100 143
32 223
142 100
134 45
207 109
122 188
44 91
129 101
48 216
184 211
45 255
31 33
13 43
26 260
91 170
206 190
216 176
118 67
139 227
162 95
202 68
101 217
161 258
152 225
231 214
145 169
262 137
150 39
213 180
94 38
77 193
167 93
24 225
160 132
221 38
9 228
132 45
101 11
118 195
263 7
206 64
99 148
98 27
258 164
224 156
200 197
45 6
49 89
120 191
128 172
207 61
81 109
82 187
73 70
96 32
42 129
21 261
236 207
40 147
90 46
209 59
78 111
134 146
70 73
160 31
170 13
135 44
218 44
79 63
45 2
149 39
113 202
85 182
143 42
221 164
34 131
152 225
105 87
145 169
9 262
54 86
101 136
172 4
193 204
231 88
171 10
77 66
94 165
9 228
45 4
241 201
23 39
93 41
4 101
99 148
189 207
99 146
156 97
12 227
144 135
26 164
167 21
217 47
187 122
45 217
224 156
43 14
159 32
142 100
209 186
144 100
188 248
263 128
129 101
15 100
45 133
227 13
33 158
39 130
133 25
218 44
19 41
49 216
245 194
178 88
222 162
228 10
218 228
21 226
133 29
156 35
6 228
178 87
116 70
136 228
52 87
134 228
220 167
78 192
132 33
225 153
17 42
135 13
151 38
23 39
177 215
78 191
92 42
153 98
226 19
219 99
73 70
160 222
77 239
210 185
172 1
41 20
100 145
45 135
257 168
97 95
142 100
223 31
17 227
0 228
90 46
247 190
216 175
159 96
100 140
222 161
74 196
152 133
218 44
41 146
263 132
39 22
152 165
35 222
169 143
164 94
44 139
152 225
29 162
18 42
135 9
116 70
213 180
221 165
134 228
167 93
171 10
11 171
157 34
136 101
262 140
151 38
117 195
167 93
205 64
42 219
153 98
226 19
33 31
170 15
161 222
37 26
3 101
170 92
249 186
235 82
97 29
70 200
223 158
129 170
223 31
37 27
248 61
173 90
148 40
227 15
96 32
140 227
34 222
74 196
135 44
28 163
123 185
129 45
84 184
100 139
222 162
69 74
154 224
35 131
156 133
162 156
132 101
45 3
181 212
180 86
131 172
203 66
39 220
44 137
171 138
157 34
8 228
213 181
241 200
101 134
215 50
124 55
28 35
260 27
171 139
219 100
127 174
34 95
239 203
4 101
3 136
101 128
154 163
224 156
73 70
222 97
100 14
134 45
16 227
20 40
218 45
228 129
153 164
185 210
72 198
33 158
196 201
97 155
99 19
228 129
263 132
228 131
38 152
262 16
201 69
34 157
44 139
155 133
41 92
181 251
220 39
85 182
72 115
135 139
76 194
39 220
171 10
159 132
98 25
42 144
45 4
101 10
85 55
135 263
191 205
233 85
79 190
36 258
219 100
254 47
56 211
50 88
185 83
92 43
80 189
172 91
45 135
197 73
159 32
14 43
134 45
143 100
208 187
263 0
101 1
47 216
83 185
15 170
160 31
197 201
261 151
226 146
185 250
131 136
228 131
152 165
222 161
69 74
30 33
162 258
28 260
99 22
205 192
88 51
182 212
180 86
172 4
42 17
220 166
32 132
204 192
220 39
126 178
262 139
52 87
39 150
135 263
182 124
28 35
225 153
147 226
28 224
42 143
5 172
100 13
228 4
92 43
80 189
226 19
156 97
257 167
159 159
100 14
223 31
79 237
128 228
45 217
187 209
16 100
172 7
170 142
95 34
257 40
45 8
27 163
19 41
89 48
131 101
152 165
212 56
143 42
221 163
75 194
153 225
156 35
18 41
88 51
196 117
10 101
139 262
144 42
98 152
77 192
11 171
34 30
169 17
221 37
228 137
7 101
215 51
124 55
92 42
206 63
139 44
219 100
228 138
161 222
38 25
101 131
43 219
189 207
209 235
151 261
17 100
31 223
198 72
134 20
47 90
40 148
172 91
121 62
100 143
223 158
43 256
96 33
43 140
29 97
27 163
129 101
136 4
40 22
152 165
16 135
143 42
227 92
131 163
190 79
155 35
41 145
215 177
7 228
10 101
12 135
135 228
161 30
11 44
226 23
220 39
51 126
12 262
87 179
150 166
172 3
251 182
99 149
79 190
131 36
155 97
74 69
16 262
177 215
193 246
175 216
129 228
99 146
61 81
166 130
157 97
142 170
45 7
26 164
101 128
136 0
208 60
153 164
58 83
170 141
96 158
167 257
224 29
99 19
129 101
48 216
119 65
177 88
84 183
254 174
222 163
131 163
171 136
35 28
145 168
167 220
150 39
137 228
53 86
228 8
220 166
32 132
99 150
156 34
253 51
139 135
38 24
69 117
178 215
101 132
99 149
79 190
44 12
37 94
69 201
95 162
165 152
40 149
4 136
2 101
218 171
172 8
74 69
94 225
44 128
45 7
47 89
1 101
172 0
128 101
237 80
83 185
100 141
222 224
70 73
261 151
235 209
189 80
170 219
149 40
176 88
222 161
228 11
163 95
226 146
9 171
219 42
251 55
177 88
7 228
228 10
172 4
194 203
152 225
149 99
192 78
215 103
7 228
135 11
101 10
55 212
39 220
54 251
149 226
206 63
131 35
218 101
169 16
45 5
25 165
228 5
48 89
250 185
171 91
172 8
43 13
94 225
100 13
19 261
164 153
120 190
172 0
128 101
27 37
134 172
199 72
31 96
100 16
224 29
82 235
1 228
263 130
40 22
25 37
172 6
196 201
28 97
258 36
189 80
28 162
55 124
215 177
7 228
179 87
4 45
194 203
225 25
132 160
171 137
24 225
193 76
94 165
242 199
150 166
178 214
65 78
99 149
190 206
258 162
224 154
16 42
95 162
88 177
149 166
5 136
63 79
28 36
171 8
227 17
157 97
15 43
6 172
164 153
63 120
218 172
187 208
17 100
21 134
72 71
33 223
227 143
172 135
235 209
189 80
170 219
246 192
176 88
56 84
43 15
97 155
195 202
225 26
21 226
78 64
167 220
56 85
165 24
13 135
228 9
161 30
171 11
192 78
29 161
76 66
172 131
151 38
197 243
220 166
181 125
168 92
206 64
35 258
34 30
254 48
182 85
165 152
132 228
89 176
250 184
226 20
188 208
13 170
30 224
227 140
146 134
111 78
148 167
46 90
228 0
173 90
31 223
169 129
222 224
143 100
209 187
18 227
101 1
172 128
210 58
14 100
33 223
73 197
156 224
131 164
62 207
148 99
183 251
93 168
166 150
179 87
36 221
101 136
34 157
77 193
65 205
98 24
125 179
38 94
136 101
243 70
178 214
42 18
220 168
29 133
148 226
161 157
48 127
222 35
240 202
228 5
49 89
184 123
44 218
25 133
165 130
95 161
227 140
146 134
111 78
228 2
136 128
248 188
17 100
209 59
72 71
223 159
141 170
23 261
36 27
187 249
47 217
185 210
49 216
133 172
46 255
93 99
75 195
225 27
211 106
124 183
215 177
228 133
228 11
222 163
202 68
94 38
99 22
259 158
225 151
7 228
221 38
213 53
181 86
130 172
180 125
226 23
171 10
99 148
27 225
49 127
15 262
12 227
149 166
89 176
250 184
20 99
260 25
140 43
33 31
142 170
184 83
153 37
167 21
128 172
248 188
46 217
134 172
169 129
32 223
16 227
135 45
154 36
41 147
171 218
21 167
49 216
211 57
15 170
162 95
19 226
225 27
170 219
191 79
172 129
56 84
25 38
163 95
75 195
221 165
171 11
30 259
104 87
18 42
130 45
180 213
116 197
166 94
145 42
150 226
225 151
226 21
94 164
137 101
222 35
152 38
118 194
92 41
190 206
43 218
133 153
227 18
35 95
142 170
57 211
216 48
129 228
91 44
249 187
100 144
45 134
14 170
96 32
141 170
97 157
154 36
208 188
44 91
210 58
141 227
33 223
12 100
33 158
68 74
62 207
219 43
183 251
133 136
6 228
201 241
85 181
195 202
38 221
161 259
259 157
156 35
204 193
45 3
228 136
24 39
87 179
169 145
214 231
64 78
66 203
228 217
195 75
141 135
241 201
84 56
45 129
101 130
211 234
153 260
201 196
29 224
170 15
84 57
37 26
209 186
129 263
208 61
236 81
186 209
141 43
96 159
43 141
209 186
18 227
101 0
171 218
82 186
204 238
160 96
100 139
226 93
257 38
136 44
170 219
123 184
136 6
6 228
178 87
163 95
68 75
157 161
21 226
171 137
225 150
145 169
10 262
243 198
39 151
172 3
18 169
214 231
64 78
99 148
90 229
169 16
132 45
11 228
22 39
133 263
250 183
36 155
260 26
38 257
93 226
43 142
145 135
239 204
64 120
91 44
1 101
163 27
7 45
72 71
96 32
100 15
157 224
27 163
101 0
2 263
64 247
89 48
133 172
45 255
226 93
201 69
80 62
36 28
63 206
92 168
166 149
241 74
55 85
101 137
157 161
258 34
171 137
156 35
252 53
94 166
116 71
39 151
179 214
53 252
220 167
132 157
148 226
30 161
68 202
262 141
38 25
245 68
172 2
168 146
92 43
153 260
75 68
33 31
197 73
223 33
239 204
64 120
171 91
60 249
163 27
7 45
198 72
96 223
141 170
97 157
207 109
188 81
136 2
228 129
205 238
160 96
172 128
222 162
140 170
26 260
163 155
3 228
176 89
149 39
139 227
45 132
127 49
101 217
203 67
157 133
150 99
6 228
137 135
166 150
228 9
4 45
252 179
220 167
259 30
226 22
157 34
126 177
5 172
101 11
23 39
172 2
19 168
211 233
171 9
139 44
162 222
139 100
33 96
77 239
130 228
44 218
122 60
227 18
261 23
100 143
96 223
227 142
134 45
80 236
248 61
172 0
2 228
216 175
134 146
100 140
222 161
130 165
171 135
226 147
3 228
92 169
194 118
165 25
262 15
101 137
101 218
34 131
133 29
156 35
252 53
3 172
181 213
243 71
45 131
7 101
35 156
171 10
132 33
30 161
75 68
95 163
179 214
195 245
172 2
41 19
92 43
27 225
12 171
33 31
142 170
33 96
141 100
21 40
172 1
168 147
227 18
134 150
170 141
95 224
14 43
172 134
27 164
208 188
44 91
186 209
15 100
172 6
199 71
34 222
100 18
133 25
147 99
190 79
89 49
184 211
178 88
35 222
127 48
154 225
99 21
206 191
86 232
65 204
9 262
181 212
101 136
52 87
193 204
40 220
44 137
160 132
30 161
169 17
221 36
228 138
212 183
50 88
205 64
35 155
225 153
37 258
155 97
197 73
160 222
239 204
22 40
45 128
1 101
218 172
29 224
100 143
32 32
198 199
148 134
37 27
248 61
0 172
209 59
238 78
32 223
171 128
157 224
18 227
133 25
234 210
250 57
42 92
66 245
100 139
212 55
74 196
161 30
12 44
152 225
162 156
54 125
172 130
8 228
199 242
135 138
101 134
225 24
23 225
44 11
38 94
194 76
54 213
11 228
244 68
129 172
101 131
233 85
27 133
258 164
100 92
200 197
17 262
153 37
167 22
92 43
186 122
108 209
23 134
197 73
224 222
100 14
186 82
227 144
0 101
136 1
209 59
78 111
146 261
15 170
160 31
196 201
25 260
28 163
168 19
219 42
228 132
152 165
135 142
69 74
27 97
99 20
190 79
213 105
54 125
135 9
39 23
101 137
131 172
203 66
98 151
259 31
259 160
89 229
194 76
181 86
73 241
244 68
129 172
228 4
21 99
133 154
99 146
97 28
69 201
17 262
239 203
149 167
92 43
189 207
218 172
134 150
13 170
32 159
43 141
185 83
217 47
248 61
128 136
40 21
100 143
134 146
255 171
161 95
257 39
188 81
210 108
19 41
2 172
66 246
202 240
16 135
138 228
34 157
99 20
260 155
226 149
65 205
9 262
150 39
180 86
86 180
144 42
156 161
44 137
32 259
166 221
76 67
53 213
242 200
212 182
3 45
182 124
92 42
206 63
163 131
33 31
42 143
135 16
177 215
192 246
92 43
101 129
146 226
151 261
17 100
97 95
100 14
261 147
217 47
189 248
45 0
228 128
16 100
210 58
72 198
94 98
170 13
24 261
218 44
2 228
45 1
4 228
100 140
172 5
69 74
97 154
147 99
260 155
99 22
205 192
263 135
117 69
199 242
86 180
76 194
215 230
204 65
44 11
166 220
194 76
53 213
165 151
117 196
263 8
182 124
85 106
79 190
75 68
95 163
101 11
56 211
140 100
4 101
170 92
249 186
82 108
224 156
257 167
31 223
141 100
261 147
100 16
1 101
0 172
248 189
164 26
223 159
256 171
33 158
130 166
208 188
155 36
146 168
48 216
101 4
38 152
132 172
143 42
219 227
67 75
260 155
162 156
132 101
178 88
23 166
52 214
12 135
67 76
98 152
65 77
204 192
157 34
144 169
213 180
137 101
212 182
215 51
182 124
232 86
136 171
12 171
31 160
196 74
34 95
76 240
131 228
1 45
101 129
82 108
151 261
170 140
32 32
170 14
223 31
110 79
40 148
45 91
248 189
37 153
185 210
14 100
97 222
70 73
45 8
218 45
62 207
172 128
228 131
203 240
16 135
196 201
219 227
171 12
133 28
85 232
41 145
263 135
150 39
52 214
12 135
51 253
152 225
32 132
132 32
157 34
135 101
12 262
242 199
117 196
167 93
101 132
99 149
98 26
147 226
160 158
201 196
56 212
203 113
167 22
219 169
129 228
108 210
134 151
73 70
94 225
227 141
172 134
79 237
1 101
0 172
1 228
100 143
134 147
141 227
223 31
13 43
8 172
146 99
249 59
263 131
131 101
177 88
183 211
127 47
31 33
44 139
171 136
233 212
55 124
177 88
7 228
52 214
213 53
135 228
161 30
65 77
44 11
166 220
144 169
12 262
86 180
182 85
40 220
65 78
22 99
63 79
226 20
94 164
138 101
172 132
227 140
4 101
1 45
19 168
83 108
188 208
74 69
222 34
43 142
147 134
153 37
248 62
217 46
60 81
16 100
31 223
256 170
158 223
170 13
151 134
27 163
147 168
170 219
185 210
49 215
84 183
47 254
95 36
171 12
260 154
169 219
124 182
177 88
101 7
52 214
180 213
42 17
25 98
259 32
31 259
151 98
52 126
131 45
115 72
150 166
178 214
65 78
35 156
44 137
171 139
27 224
169 16
162 222
113 75
66 119
216 48
58 250
226 19
28 224
130 39
224 157
142 170
185 83
79 238
167 21
136 128
60 81
207 237
172 7
72 72
159 159
43 140
97 156
163 154
128 101
174 89
22 167
164 25
6 45
43 16
95 36
139 171
133 27
212 106
182 251
45 2
150 39
114 200
13 135
76 194
102 216
160 259
205 192
98 24
179 253
4 172
9 228
181 85
87 178
54 252
156 162
206 63
12 171
30 161
127 175
5 172
202 113
84 57
42 219
190 206
99 147
135 171
170 140
34 95
13 227
146 134
111 78
167 21
0 45
188 121
47 217
7 45
198 72
31 96
43 140
23 261
209 108
207 189
216 174
149 40
100 141
6 45
15 170
160 31
258 37
98 153
169 219
124 183
88 50
166 150
241 73
135 140
9 101
221 165
226 149
65 205
156 34
252 52
94 165
165 151
70 116
130 172
101 133
162 29
25 225
67 203
30 161
201 196
142 135
227 139
84 57
5 136
184 123
107 210
135 171
170 140
161 222
171 255
6 172
205 111
129 228
172 0
208 61
46 217
172 7
43 14
159 32
70 73
224 29
109 82
189 80
1 172
167 149
227 14
223 160
255 173
160 31
195 202
207 189
155 35
251 56
215 177
212 56
11 101
94 36
126 50
229 90
171 11
98 151
225 151
169 17
221 38
136 101
212 181
51 87
133 228
162 29
191 206
226 21
98 27
228 137
15 262
100 12
194 245
216 49
101 130
171 91
208 61
100 145
161 222
142 170
159 223
78 238
2 101
0 172
121 61
27 37
148 261
71 199
32 159
70 73
135 45
109 81
41 147
1 172
191 120
176 89
96 33
139 227
156 224
195 202
189 80
148 99
56 124
129 45
6 228
138 228
13 135
228 9
229 90
99 22
225 24
35 29
193 77
165 221
151 39
116 197
214 51
101 133
156 162
191 206
161 131
164 221
127 176
135 15
165 152
194 245
132 263
190 206
211 234
154 97
227 18
224 157
128 172
159 223
216 48
190 247
0 172
188 208
207 236
157 97
256 169
159 159
198 200
187 82
154 36
41 147
136 2
210 58
164 26
45 133
12 100
156 224
75 195
153 133
35 28
131 101
129 45
166 150
114 201
181 213
195 202
98 153
138 171
30 259
231 214
42 145
94 165
86 180
166 23
45 130
42 18
41 220
24 225
203 194
161 157
68 202
262 141
25 165
39 149
263 6
79 190
218 170
62 80
227 18
95 162
43 142
172 133
227 142
120 190
45 128
228 0
109 208
82 186
71 199
223 223
43 141
172 134
36 27
187 249
128 45
191 120
164 26
18 135
255 173
220 226
43 139
27 98
234 211
251 56
45 2
6 228
51 214
132 172
42 16
90 102
21 226
64 205
162 156
125 180
165 221
166 151
243 71
94 39
77 193
220 168
171 10
171 138
90 228
68 202
135 14
51 87
67 118
263 6
130 228
163 28
171 9
227 18
156 97
139 100
184 84
78 238
21 40
45 128
41 20
27 36
157 97
15 100
223 96
43 141
157 224
46 90
0 101
45 1
40 21
26 37
211 57
73 197
93 99
257 38
80 62
28 163
19 41
263 133
211 56
74 114
85 181
228 9
38 221
131 161
137 44
29 162
6 228
165 221
166 151
39 151
3 45
193 204
225 23
157 259
148 226
38 94
254 49
141 135
201 114
118 194
45 129
228 3
147 226
26 133
201 196
222 35
200 197
33 96
153 37
130 228
174 217
1 101
173 90
224 157
15 100
159 159
100 15
82 59
173 217
81 61
172 128
191 120
205 238
6 45
200 70
97 156
38 130
136 44
147 99
79 63
45 2
194 118
139 228
163 95
16 169
221 164
11 44
157 132
87 231
101 6
166 221
213 54
181 86
135 137
18 169
162 29
151 98
132 34
94 165
9 228
36 95
51 87
245 68
172 2
168 146
170 92
9 44
257 164
33 31
15 43
223 33
112 77
228 3
45 128
60 249
208 236
60 82
100 143
159 159
42 129
7 172
17 227
208 188
173 90
101 2
153 164
33 223
15 170
162 95
130 165
26 260
36 28
228 130
41 92
67 245
75 113
141 262
195 202
101 217
161 258
191 79
168 220
77 65
87 52
116 70
24 39
10 135
52 252
167 93
64 78
160 132
217 102
228 136
54 213
74 241
166 23
263 7
206 64
233 84
44 136
258 164
160 158
170 15
223 33
49 89
120 191
1 45
41 20
45 217
209 60
256 168
159 32
199 71
134 21
144 100
121 188
128 136
190 120
26 37
210 57
227 13
157 224
18 227
224 28
36 28
19 41
5 263
101 5
165 25
182 212
137 228
37 221
203 67
98 152
93 168
65 204
262 136
166 150
53 213
165 94
77 193
225 24
171 10
33 259
161 157
177 253
163 222
241 201
245 68
215 50
191 206
35 155
154 98
164 131
222 35
170 15
6 172
141 100
228 3
217 47
20 168
154 163
172 8
14 170
96 31
71 72
82 59
46 90
0 101
173 90
101 2
227 15
210 57
15 170
225 94
201 69
28 97
20 226
130 101
132 136
118 67
227 12
132 172
42 16
37 221
194 203
225 25
232 213
54 125
172 130
70 243
151 165
45 131
228 7
167 93
31 132
99 149
229 216
228 136
135 13
87 179
23 39
172 2
228 4
92 43
260 27
131 37
162 222
43 142
133 45
88 176
83 58
130 263
228 1
36 154
60 82
227 16
32 32
71 72
134 45
173 217
61 121
46 217
209 59
26 37
261 19
43 15
158 160
130 166
152 133
147 99
79 63
5 263
228 132
227 12
132 172
101 137
218 228
148 99
225 25
23 226
101 6
45 3
116 70
199 242
262 11
203 66
88 103
65 78
259 160
221 38
136 101
4 172
87 179
166 23
215 50
124 56
148 226
80 189
131 37
100 92
170 15
211 183
88 176
40 149
43 219
147 41
145 227
135 172
143 227
223 33
256 43
82 59
90 174
0 228
45 0
120 63
175 89
58 83
171 128
225 94
130 166
208 188
234 210
250 58
89 48
119 66
50 215
182 212
74 196
34 157
20 226
171 137
92 168
65 205
136 135
166 150
151 165
180 213
126 52
98 151
132 158
99 149
102 89
194 76
54 213
138 101
55 212
40 220
41 18
35 155
225 153
68 202
219 100
101 11
133 45
215 49
22 40
170 92
186 122
209 235
8 45
13 170
160 223
170 14
21 261
237 207
167 20
46 217
2 228
206 238
6 45
140 227
221 225
74 196
134 25
83 235
207 190
42 92
4 228
38 152
15 135
175 127
37 221
12 44
206 190
86 232
192 78
93 166
134 101
180 86
262 12
144 42
225 24
205 65
259 159
157 34
135 101
221 37
52 87
55 212
136 135
78 191
92 42
260 28
75 68
227 219
42 143
17 262
203 112
246 65
216 48
228 2
235 82
261 24
140 43
224 222
141 100
45 7
79 237
148 167
45 0
187 209
153 164
96 32
43 15
97 157
43 140
97 155
146 99
41 146
42 92
66 246
203 240
262 16
196 201
33 157
171 12
25 98
92 169
205 192
172 130
101 7
53 213
94 37
42 17
93 39
171 11
171 138
230 216
126 178
221 37
52 87
23 39
130 172
191 205
99 149
98 26
171 139
219 100
201 196
34 95
152 37
101 131
48 89
186 122
218 172
24 134
227 17
159 32
72 71
185 83
26 164
62 121
218 45
228 128
37 153
96 32
71 72
157 224
197 200
81 61
218 44
207 189
92 169
119 66
152 165
5 45
11 101
219 227
147 99
133 28
169 219
192 78
136 8
101 7
242 72
164 94
51 253
166 93
65 77
171 138
103 89
126 178
139 135
137 101
117 196
263 8
192 205
162 28
98 26
68 202
227 219
16 42
222 34
140 100
57 210
172 1
58 250
235 82
261 24
197 73
33 96
141 100
7 172
227 143
128 228
45 91
228 128
26 37
134 172
43 256
33 223
200 70
261 151
154 36
62 207
170 219
167 149
215 177
262 16
127 47
227 92
202 68
206 190
42 92
192 78
3 172
182 212
10 101
135 139
178 126
103 216
32 132
132 32
34 30
126 178
172 131
38 24
7 101
93 40
65 78
162 29
153 98
20 99
224 155
254 47
135 16
76 240
228 4
45 128
62 80
108 210
45 135
13 170
94 225
129 171
45 7
16 227
121 189
172 0
148 40
110 206
158 96
100 141
160 96
257 40
156 224
91 172
207 189
216 175
246 192
37 152
45 132
196 201
33 158
131 163
44 9
162 155
55 124
8 263
228 134
24 38
213 53
51 253
98 152
159 259
23 99
225 152
76 67
172 131
86 180
23 39
220 167
101 132
149 226
152 98
99 147
94 163
127 175
45 5
76 240
246 66
169 92
146 41
235 83
151 261
170 140
158 33
255 44
147 134
89 174
21 40
45 218
189 121
207 237
7 45
256 170
32 32
70 73
172 135
172 218
122 186
4 263
22 167
13 100
45 133
42 16
222 163
99 19
153 225
219 42
64 205
8 263
182 212
242 73
131 172
228 8
94 39
99 22
132 31
34 29
76 67
172 131
86 180
7 101
3 45
192 205
22 99
63 79
226 20
94 164
42 143
182 85
215 50
84 57
175 216
123 58
218 171
188 208
170 140
34 95
71 199
223 32
175 216
40 148
90 173
101 1
80 110
83 186
43 14
97 222
73 197
208 187
99 18
59 122
216 174
167 149
152 164
211 56
43 16
155 224
36 131
44 9
226 148
145 168
172 129
228 134
24 38
172 4
42 17
25 98
138 171
205 192
156 34
169 17
94 165
53 86
150 166
3 45
54 252
41 219
137 171
12 171
37 94
74 69
15 262
240 202
193 246
2 45
41 19
20 99
152 260
140 43
225 221
227 140
159 223
37 26
209 186
45 218
167 147
164 27
96 31
170 141
32 32
140 170
45 8
145 100
207 189
172 128
185 210
77 112
56 84
142 43
227 92
44 139
62 207
28 162
228 131
40 93
195 117
24 38
45 131
253 177
38 221
160 259
150 225
161 156
144 169
138 135
165 151
39 150
220 166
228 6
35 156
156 260
12 171
101 91
228 137
172 132
139 100
184 84
132 263
168 146
20 99
28 224
18 100
158 33
170 15
146 134
153 37
186 82
90 173
147 40
27 37
31 223
42 256
33 223
73 197
97 156
45 91
59 122
172 128
167 149
227 14
33 223
142 43
156 224
12 44
189 80
21 226
228 131
93 168
183 212
11 101
13 135
9 101
102 217
160 259
259 158
220 40
204 193
262 138
9 228
197 243
45 130
77 192
99 150
44 137
203 194
161 157
42 143
222 35
12 227
57 211
263 5
250 184
171 91
208 61
130 38
94 225
128 172
210 184
78 238
101 129
44 218
147 40
154 164
261 21
170 141
159 32
41 129
135 45
154 36
80 61
128 45
83 185
204 239
33 223
142 43
31 33
75 195
225 27
170 219
56 124
168 220
166 150
241 74
135 140
50 253
153 225
171 11
31 259
29 162
42 144
165 221
39 24
70 116
135 136
42 18
162 29
171 10
161 131
91 228
16 42
85 55
88 178
118 194
263 5
190 206
36 155
171 8
130 38
31 160
43 142
146 134
100 15
209 186
217 46
188 208
36 154
149 261
100 142
159 223
43 141
157 224
208 109
128 101
3 263
21 167
227 14
33 223
142 43
97 156
37 131
9 171
219 43
183 251
220 41
23 166
201 241
36 222
75 195
90 102
193 204
30 259
167 220
77 66
45 3
228 136
116 197
172 3
42 18
231 87
133 157
67 203
228 217
127 176
141 135
12 228
118 194
2 45
63 79
84 107
154 97
38 257
220 99
15 43
84 57
227 142
129 228
45 128
168 147
109 208
261 22
256 169
223 96
170 14
7 172
81 236
20 41
128 45
247 191
77 112
135 145
173 128
226 93
12 43
153 133
226 148
4 228
136 6
118 68
51 214
5 45
126 49
153 225
34 132
151 225
220 40
193 77
3 172
198 116
181 86
214 52
133 228
225 23
44 137
203 193
101 90
16 42
262 141
214 51
39 149
215 49
3 101
218 170
153 260
43 13
33 31
100 12
45 6
89 175
228 2
217 47
61 81
217 173
224 157
72 71
159 223
170 14
209 186
27 163
41 147
128 45
83 186
112 204
133 172
15 170
226 93
196 201
136 44
36 28
130 101
41 92
228 133
178 87
132 172
16 169
34 157
131 161
78 64
231 214
193 77
221 38
166 151
9 101
165 94
18 169
29 35
10 44
44 11
90 229
16 42
135 14
87 178
166 22
263 6
130 228
170 92
136 171
196 74
158 33
43 142
160 223
37 26
191 247
90 174
61 81
90 46
7 45
199 198
96 159
129 169
149 134
163 154
81 61
136 2
2 228
205 238
84 184
140 227
160 31
257 38
9 171
91 170
3 228
263 133
149 39
38 152
45 132
101 137
228 90
99 21
44 10
87 231
101 6
52 214
166 151
71 116
130 172
101 134
225 24
191 205
21 99
157 34
143 169
54 212
11 228
84 56
176 215
191 206
36 155
26 133
195 75
162 222
12 227
45 6
227 141
210 185
1 45
249 187
208 236
157 97
198 72
96 96
199 71
22 261
90 173
41 147
218 44
186 209
164 26
96 33
43 15
93 99
196 201
154 224
170 218
63 206
168 219
5 228
178 87
222 162
10 101
94 37
194 203
260 157
156 35
77 65
214 179
243 197
166 24
87 179
42 17
104 214
64 78
226 22
90 229
136 101
163 222
201 114
68 118
220 168
228 4
92 43
80 189
258 164
158 33
173 255
223 33
100 14
83 58
136 130
80 188
217 172
30 224
71 200
32 32
72 198
30 97
109 80
61 121
45 0
228 129
48 216
146 261
172 128
224 30
196 201
260 152
20 226
228 130
169 219
84 184
38 152
85 182
143 42
221 164
226 148
137 44
232 214
133 101
45 3
86 181
53 213
138 262
52 252
167 93
24 225
160 132
94 165
228 136
4 172
201 114
183 84
50 88
101 131
170 92
171 9
146 226
95 162
139 100
223 33
164 153
64 120
263 3
122 60
90 45
150 261
73 70
32 32
227 142
82 59
37 27
121 188
90 46
40 21
48 216
45 133
142 43
221 225
140 170
155 224
234 210
250 57
49 216
5 228
100 139
95 35
195 202
101 218
226 148
206 191
29 162
192 77
136 135
39 23
115 198
138 262
125 52
225 24
98 24
204 193
157 34
177 253
45 4
87 179
166 23
136 134
4 101
155 162
154 260
171 139
162 222
170 15
84 56
77 239
83 58
218 170
59 249
109 209
29 224
41 257
159 159
100 15
7 172
144 100
121 188
217 173
82 186
48 216
223 159
100 140
161 95
100 18
224 28
91 171
63 206
89 49
193 118
240 75
212 55
69 74
164 94
35 131
190 79
156 35
65 204
166 220
85 181
180 86
221 165
179 125
225 24
23 225
171 138
221 38
75 67
131 45
52 87
195 244
167 93
78 191
106 212
136 171
171 139
31 160
15 43
56 211
153 37
210 185
3 136
168 147
108 209
135 172
200 197
95 224
14 43
172 134
227 144
167 20
172 218
63 247
164 26
83 185
198 199
34 222
74 196
208 188
99 20
168 19
129 45
167 149
152 165
85 182
16 169
91 101
162 258
44 10
92 168
18 42
93 166
244 197
101 136
53 86
126 52
215 230
44 137
66 204
225 152
253 50
94 164
214 52
101 134
7 136
64 78
85 106
171 9
202 195
28 224
74 69
34 95
49 88
83 58
43 219
249 186
18 99
45 135
13 170
224 222
256 43
261 148
90 174
20 40
45 0
247 190
37 153
134 146
72 198
225 94
196 201
172 135
155 36
80 63
45 2
5 228
88 50
15 135
74 196
30 34
147 99
25 98
41 92
101 5
166 220
101 7
38 151
37 221
144 42
151 225
78 192
22 99
98 25
51 126
4 172
214 52
182 85
135 263
55 251
22 99
206 63
19 99
160 158
11 228
95 161
239 203
101 131
216 48
80 189
45 218
261 24
130 40
96 31
170 14
7 172
237 206
1 101
173 90
248 189
47 216
96 32
198 199
158 160
201 70
172 135
83 235
250 58
48 216
193 119
240 76
212 55
143 42
97 154
44 139
260 155
92 169
65 205
215 178
69 244
86 53
53 86
203 67
93 39
159 259
150 226
25 225
228 135
12 262
242 200
134 228
220 167
251 182
99 149
190 206
36 258
100 92
42 143
84 56
37 25
131 228
170 92
249 186
108 209
261 24
144 227
31 223
256 43
147 134
164 153
187 81
136 0
187 209
100 143
172 7
199 71
98 221
39 130
134 24
210 108
189 80
42 92
83 184
165 25
222 161
174 127
36 221
163 258
190 79
29 162
78 65
3 172
101 7
137 228
139 262
17 169
152 225
99 23
259 159
161 157
178 253
12 262
24 165
55 212
93 40
124 55
226 22
98 26
147 226
221 36
201 196
5 172
215 50
101 131
170 92
250 185
209 235
172 8
200 197
159 159
141 100
58 210
153 37
1 101
0 263
121 62
16 100
185 210
72 198
159 159
197 200
135 45
45 91
123 185
89 48
210 57
38 152
16 135
138 228
158 160
20 226
225 26
226 149
41 145
215 177
23 166
137 228
45 131
76 194
93 39
77 192
192 77
89 230
194 76
131 45
214 52
212 182
40 220
205 65
42 219
136 171
171 139
219 100
11 228
95 161
227 140
184 83
219 169
168 146
36 155
45 135
13 170
224 157
199 198
32 96
37 26
60 209
45 0
187 208
90 47
158 96
256 170
222 224
43 140
172 135
163 154
80 62
48 216
58 83
112 203
16 135
127 47
95 36
171 12
133 28
233 212
41 145
135 136
117 69
10 101
180 213
169 144
166 93
259 32
65 204
225 152
194 76
135 12
199 115
101 134
51 88
145 41
169 92
152 98
131 35
94 163
74 69
85 55
88 177
4 101
92 42
123 58
99 146
261 24
201 197
157 97
142 170
223 32
26 164
21 40
46 90
21 167
16 100
158 96
199 71
222 224
167 257
24 261
99 19
207 189
263 131
246 192
152 164
211 56
69 74
163 95
12 44
190 79
35 28
132 101
167 220
150 39
228 10
94 37
42 17
230 89
11 44
10 171
98 24
253 52
4 172
242 199
101 134
93 39
54 251
92 41
133 156
20 99
37 94
228 137
95 162
215 50
193 246
2 45
2 101
36 155
97 28
39 257
161 222
15 43
172 133
143 100
190 247
1 136
81 187
80 110
21 134
256 170
223 160
13 43
97 156
108 82
122 186
130 136
228 131
37 152
56 84
201 69
163 95
226 146
26 98
226 148
191 78
2 172
195 117
165 24
13 135
177 126
94 39
99 22
98 150
103 88
17 42
180 86
213 53
244 70
220 166
125 54
99 149
63 79
99 147
34 30
48 127
55 212
240 202
22 40
175 216
168 146
99 147
28 224
100 144
224 157
171 255
6 172
111 78
148 167
46 90
248 188
217 174
158 96
129 43
224 95
16 227
261 150
91 172
62 207
172 128
22 167
26 37
17 135
170 142
28 97
12 44
260 154
169 219
205 191
263 134
228 133
165 24
172 4
126 50
229 89
77 193
31 259
220 40
134 101
38 94
151 38
181 85
178 214
77 192
168 92
44 137
162 131
161 157
196 74
132 45
12 227
228 5
263 5
228 3
147 226
208 61
201 196
160 158
140 100
45 6
15 227
120 190
173 217
0 228
227 17
172 7
199 198
96 33
41 130
209 187
27 163
228 128
218 43
58 83
37 153
133 172
142 43
92 99
146 99
26 98
233 212
251 56
134 136
117 68
24 38
4 45
177 126
38 221
149 99
31 259
220 40
193 77
87 52
198 115
197 243
3 45
145 42
156 162
171 10
99 148
37 94
143 169
222 35
100 12
211 184
2 45
19 168
234 83
44 135
196 74
221 98
45 128
210 184
78 238
190 247
0 45
147 40
80 110
134 148
227 15
31 96
41 129
23 261
36 27
101 1
1 172
101 3
49 216
33 223
200 70
224 29
37 131
260 154
21 226
191 79
45 2
118 68
241 74
140 262
228 9
90 102
99 22
171 137
231 215
193 77
87 52
136 101
54 213
135 136
169 145
105 214
137 171
258 161
91 228
101 10
162 222
152 38
84 57
42 219
206 63
234 84
260 25
145 227
31 160
227 140
223 32
238 205
148 167
263 1
167 147
109 207
30 224
227 15
159 223
143 100
209 187
172 217
61 207
218 44
228 130
37 153
57 84
128 46
222 162
202 68
133 26
155 35
183 251
2 172
23 166
38 152
95 36
144 42
157 161
171 11
24 98
87 231
179 252
137 135
166 151
197 243
93 39
204 65
29 35
98 24
67 203
164 221
254 49
141 135
114 74
228 5
216 49
168 146
28 36
260 26
165 130
226 220
43 142
262 145
26 164
228 2
44 218
81 188
46 217
7 45
72 71
223 159
199 71
45 7
100 18
249 60
263 129
83 185
77 112
172 6
255 173
31 33
43 139
225 27
99 21
79 64
88 49
166 150
87 51
45 132
16 169
38 221
148 99
24 98
35 29
180 252
214 179
166 151
71 116
52 87
42 18
35 156
157 259
203 193
228 217
75 68
132 45
201 114
84 56
92 41
123 57
20 99
44 136
43 13
93 226
142 170
33 96
164 153
247 64
128 172
81 188
154 163
97 30
42 256
223 96
43 141
209 186
46 90
60 122
47 217
186 210
49 216
96 33
128 45
31 33
201 69
154 225
226 147
206 190
263 133
101 6
214 178
14 135
254 176
157 161
66 76
98 151
35 29
42 145
165 221
166 151
39 151
214 52
101 133
156 162
132 157
99 148
102 90
169 16
14 262
165 152
228 6
176 215
19 168
92 43
27 225
196 74
31 160
255 45
172 133
176 216
130 228
136 129
168 147
208 236
22 134
100 142
96 96
71 72
7 172
81 236
122 187
217 174
167 148
111 205
172 6
45 255
33 158
100 18
62 207
99 20
41 146
263 133
228 132
152 165
181 212
127 49
165 94
66 76
44 10
225 150
66 204
52 214
135 101
136 228
135 137
125 53
29 35
10 44
203 193
30 161
228 136
212 181
165 152
228 6
93 41
79 191
170 92
62 80
130 37
222 35
197 73
57 211
37 26
148 167
174 217
249 187
46 217
82 187
41 256
32 159
14 43
7 172
236 208
228 0
263 129
190 120
153 164
135 145
100 140
97 156
140 170
260 153
147 99
228 130
89 49
101 5
87 51
172 5
10 101
98 154
258 34
78 64
156 35
145 169
3 172
228 135
213 180
45 130
101 134
29 35
98 24
160 132
229 217
68 202
135 14
178 214
6 101
41 220
146 41
148 226
189 207
226 19
95 162
100 12
184 84
227 141
120 191
130 263
60 249
90 45
261 23
129 41
223 96
129 169
261 149
144 100
228 0
172 0
247 190
142 227
6 45
200 70
221 225
257 38
97 154
20 226
123 184
92 169
5 228
178 88
45 132
169 143
154 225
21 226
10 171
214 105
180 252
93 166
243 197
24 39
11 135
125 52
225 24
10 44
193 77
38 94
253 50
45 4
138 101
39 150
93 41
124 56
35 155
207 62
68 202
29 224
12 227
96 160
176 216
247 64
90 174
60 249
154 163
224 156
100 143
32 32
100 15
21 261
17 227
0 101
44 91
186 209
15 100
45 133
198 200
224 30
18 227
44 8
163 155
168 19
42 92
84 184
139 227
222 162
42 16
164 94
131 162
260 156
86 232
204 192
51 214
8 228
228 9
262 11
77 193
215 231
171 10
33 259
157 34
228 136
36 94
38 24
183 85
168 93
183 124
92 43
136 171
37 258
33 31
142 170
144 135
14 227
228 3
3 136
186 122
91 45
150 261
227 16
160 223
170 14
59 209
207 110
188 248
217 173
59 82
205 238
96 32
13 100
221 225
201 69
188 81
99 20
130 101
89 49
5 228
113 202
85 182
201 69
161 30
99 21
156 133
92 168
125 181
135 9
85 181
86 53
45 131
7 101
215 230
225 150
160 132
34 30
202 194
86 54
200 114
56 212
177 215
19 168
226 21
98 26
99 146
160 158
142 170
183 84
227 141
58 210
136 130
62 80
18 100
208 60
140 43
159 159
198 199
59 209
174 217
101 0
172 218
228 129
205 238
45 133
198 199
33 158
130 166
224 28
28 163
101 3
169 219
184 211
75 113
162 95
137 228
27 97
131 162
133 29
29 162
125 181
178 87
166 150
86 53
213 53
7 101
29 34
65 78
138 44
94 166
177 253
213 181
151 38
228 7
88 177
131 228
219 169
190 207
44 12
95 163
138 101
56 211
215 49
228 4
89 174
62 80
145 226
23 134
70 200
222 97
141 170
261 148
237 207
147 167
0 172
186 209
89 48
32 223
72 198
34 222
144 100
45 8
99 19
58 123
175 89
66 246
38 152
142 262
137 228
94 37
76 194
156 133
213 105
65 205
135 9
117 70
242 72
135 139
228 8
166 93
158 259
11 171
94 166
126 178
131 45
242 200
101 134
8 136
191 205
42 219
44 136
68 202
100 92
196 74
161 222
164 152
65 119
131 263
2 101
108 209
261 24
144 227
33 96
72 71
134 20
80 237
1 101
46 217
189 121
47 216
7 45
14 100
95 34
257 39
61 208
235 210
250 58
89 48
131 101
203 240
222 161
175 127
97 154
139 171
25 98
105 86
124 181
40 93
150 39
115 199
12 135
228 8
152 225
44 138
11 171
161 157
42 144
180 86
228 137
85 55
136 135
168 145
106 212
155 260
147 226
100 92
169 16
222 34
25 164
119 192
131 263
249 186
163 27
224 156
197 73
159 159
43 141
96 158
100 16
60 208
172 218
60 82
26 37
147 261
44 256
224 30
100 17
45 8
44 91
189 80
92 169
228 131
240 76
183 212
127 47
221 163
12 44
225 26
99 22
182 251
215 178
212 55
214 179
221 164
76 194
89 103
132 159
65 204
220 39
126 178
164 221
214 52
23 39
136 135
192 205
85 105
206 63
20 99
28 224
74 69
16 262
215 50
184 83
172 1
189 207
218 172
97 29
167 130
97 95
170 256
31 96
90 174
60 209
91 45
209 60
100 143
83 185
141 43
159 159
144 100
261 151
146 99
123 185
172 128
210 57
165 25
34 222
169 143
36 221
226 147
28 260
99 22
145 168
136 8
117 69
24 38
262 12
194 203
166 93
32 132
192 77
157 34
17 42
4 172
24 165
23 39
45 130
182 124
226 22
133 155
258 163
33 31
174 254
56 212
113 76
66 119
45 128
101 129
108 210
97 28
100 144
97 30
141 100
58 210
26 164
1 101
217 45
189 121
153 164
158 96
141 227
95 97
73 197
45 8
235 209
189 80
4 263
83 185
177 88
211 56
169 143
100 219
171 12
133 28
85 233
41 145
50 215
55 85
24 38
131 172
178 126
93 39
171 11
23 99
29 161
51 126
45 4
115 72
166 23
93 40
5 101
42 219
171 9
194 76
227 218
175 254
182 85
50 88
149 167
4 136
168 146
226 19
8 45
43 13
97 30
171 255
261 147
206 111
101 128
172 91
101 1
237 79
158 96
43 256
31 96
73 197
24 261
99 19
228 129
4 263
40 22
140 227
6 45
69 74
158 160
68 75
28 260
99 22
78 64
40 93
228 134
24 38
180 213
144 42
157 161
138 171
78 65
98 24
42 144
4 172
151 38
134 228
172 3
181 124
22 99
9 44
147 226
154 97
127 175
212 182
140 100
22 40
169 92
63 80
36 155
172 8
196 74
224 157
170 15
45 6
143 100
167 21
0 45
81 187
237 80
31 223
199 72
96 33
257 40
224 29
99 18
168 20
130 136
22 167
152 164
135 144
42 16
160 31
195 202
9 171
226 148
131 101
88 50
166 150
52 214
181 213
253 177
161 30
132 160
44 10
103 88
66 203
53 213
10 228
85 54
39 220
125 54
156 162
225 152
171 139
30 161
74 69
222 35
240 202
119 193
263 5
123 58
83 107
135 171
227 17
95 161
142 170
223 32
48 89
247 63
46 90
101 0
164 27
172 7
14 170
222 224
200 70
60 208
227 145
189 80
263 130
101 3
153 164
45 133
228 12
227 92
195 202
136 44
155 35
183 251
40 93
195 117
138 228
4 45
17 169
216 229
171 11
44 10
103 88
76 66
131 45
72 242
135 228
172 3
42 18
105 213
79 190
12 171
218 101
254 48
262 142
25 165
57 211
49 89
146 41
218 171
260 25
130 39
31 160
100 13
45 6
89 175
59 209
90 173
188 121
37 154
59 82
15 100
96 158
168 257
156 224
36 27
41 147
90 47
22 167
176 88
144 262
142 43
95 35
226 146
80 62
212 106
183 251
7 263
68 244
73 114
172 4
177 126
161 30
226 149
137 44
29 162
17 42
45 4
165 151
39 150
262 9
65 77
168 93
29 133
258 162
161 157
127 175
5 172
75 240
84 57
49 89
130 228
36 155
25 133
130 38
225 221
100 13
45 6
175 216
120 190
46 90
208 61
237 80
134 148
170 141
31 96
256 41
261 150
45 90
128 101
90 47
191 120
77 112
144 262
200 70
31 33
75 195
225 27
226 148
101 4
50 215
211 56
165 25
135 140
177 126
221 165
226 149
44 10
215 104
17 42
38 94
166 151
166 23
9 135
180 125
87 105
10 44
258 161
164 221
176 254
172 132
227 139
132 228
42 219
57 250
28 36
260 25
140 43
30 224
70 200
6 172
227 142
82 59
44 218
248 188
207 236
30 224
141 43
159 159
43 141
82 60
208 109
249 60
3 263
58 83
176 89
172 6
170 142
33 158
75 195
136 44
155 35
56 124
41 93
228 133
241 74
222 163
42 17
102 217
66 77
151 225
104 87
101 7
87 52
198 116
166 23
137 262
180 125
93 41
225 151
148 226
30 161
169 16
172 132
215 51
67 118
168 92
184 123
28 36
189 207
38 257
220 99
172 255
160 223
175 216
101 129
171 91
20 168
217 173
30 224
256 169
32 223
143 100
134 45
173 217
61 208
2 263
40 21
112 204
57 84
200 70
220 226
68 75
9 171
36 28
124 183
88 49
101 6
201 241
222 163
16 169
34 157
161 259
157 132
162 156
77 66
214 179
9 228
151 166
135 137
53 252
23 98
44 137
99 148
225 153
202 195
14 262
214 51
84 56
176 215
19 168
84 107
97 27
227 18
226 220
43 142
33 96
205 111
2 101
263 2
60 249
46 217
59 82
42 256
96 96
199 71
157 224
100 18
41 147
1 172
40 21
100 141
57 84
170 142
99 220
201 69
260 153
226 147
146 168
136 6
133 101
11 101
172 5
202 68
30 34
11 44
191 78
162 156
145 169
3 172
198 116
198 243
221 165
18 169
40 220
30 132
148 226
38 94
169 16
181 85
152 38
183 84
172 2
101 130
170 92
98 27
38 257
226 220
15 43
96 160
77 238
101 130
128 172
147 41
36 154
134 149
227 15
96 223
142 100
172 134
154 36
228 0
263 129
129 101
89 48
160 96
100 139
226 93
201 69
207 189
147 99
184 250
263 133
5 228
241 74
172 5
49 254
101 217
148 99
30 259
29 162
42 145
39 94
228 135
151 166
10 135
42 18
225 23
151 98
259 161
153 98
136 101
45 5
101 11
166 23
129 172
56 251
107 211
171 9
68 201
93 226
70 200
18 262
153 37
64 120
217 47
128 228
27 36
30 224
256 168
223 223
141 170
30 97
27 163
41 147
46 217
148 40
89 48
262 18
142 43
156 224
140 170
9 171
163 155
57 123
6 263
118 67
38 152
5 45
254 176
98 154
161 258
24 98
104 87
145 169
135 10
135 101
198 243
3 45
53 252
156 162
191 205
204 193
225 153
177 253
36 95
11 228
211 183
220 168
101 131
35 155
260 26
146 226
158 33
255 46
96 160
89 176
40 148
174 217
60 249
227 18
135 172
73 71
223 159
141 170
82 59
217 46
20 40
136 1
2 228
238 78
133 172
15 170
94 98
145 100
154 224
211 107
168 19
136 5
184 211
139 227
182 212
195 202
98 154
67 76
25 98
156 35
42 145
135 9
243 197
71 116
179 214
134 228
40 220
10 44
66 204
98 26
42 144
13 262
201 114
68 118
172 2
19 168
99 148
136 171
131 37
222 35
200 197
211 183
26 164
40 148
136 130
207 61
217 172
29 224
200 197
223 158
129 169
21 261
154 37
147 167
128 136
101 2
238 78
57 83
45 255
158 160
74 196
155 224
171 218
190 79
89 49
101 5
165 25
95 35
143 42
218 228
99 21
29 260
41 93
192 77
178 87
70 243
213 180
165 94
134 228
231 88
225 151
22 99
30 161
42 144
54 213
138 101
212 183
2 45
183 124
106 212
98 26
146 226
99 92
142 170
172 133
153 37
40 149
172 1
168 147
18 100
187 209
200 197
32 32
42 129
186 82
37 27
147 167
45 91
209 59
164 26
210 57
198 199
158 160
39 130
188 81
20 226
57 123
132 136
211 57
177 88
142 262
101 137
98 154
148 99
191 79
150 99
133 101
214 178
39 23
86 53
52 87
101 134
215 230
192 205
259 160
157 34
202 194
45 4
138 101
183 85
7 136
146 41
35 155
98 26
75 68
163 222
139 101
262 144
88 176
228 3
172 1
207 62
82 108
135 172
100 143
224 222
43 129
82 59
90 174
40 147
0 45
101 2
15 100
261 19
43 15
222 161
144 100
133 25
163 155
79 63
263 132
166 149
38 152
182 212
201 69
221 164
76 194
63 206
149 99
18 42
87 51
181 212
53 213
138 262
144 42
230 88
137 171
44 11
94 166
126 177
37 94
179 214
134 228
215 50
131 228
106 212
44 136
68 202
224 155
43 143
95 161
112 76
131 228
1 45
122 59
226 18
261 23
170 140
159 32
256 43
134 45
237 207
128 228
1 263
186 209
26 37
134 146
71 72
31 33
144 100
45 8
108 83
206 190
89 48
193 119
50 215
85 182
101 137
154 224
99 20
25 98
162 156
145 168
3 172
55 85
72 115
11 135
144 42
220 166
10 44
193 77
229 216
76 67
221 37
87 179
117 196
93 40
191 205
28 35
154 260
44 12
92 227
127 174
161 222
88 176
119 192
4 136
228 2
146 226
172 8
144 227
160 223
199 198
223 31
27 164
167 21
0 263
62 248
143 227
134 172
171 128
95 34
13 43
135 45
155 36
250 58
131 136
66 246
203 240
143 262
127 48
100 218
131 162
25 98
29 162
205 192
220 40
69 244
165 24
180 213
178 126
39 220
205 65
44 11
34 30
194 76
213 180
228 137
196 244
177 215
124 55
219 169
28 133
20 99
163 222
74 69
45 5
88 177
83 58
136 131
62 80
108 209
151 261
73 70
33 96
141 170
158 223
26 164
62 121
172 0
167 148
47 216
134 172
43 15
160 31
227 144
172 135
155 36
101 2
1 172
167 149
140 227
45 132
74 196
100 219
99 20
225 26
232 213
65 205
88 51
244 196
38 151
37 221
228 8
230 89
11 44
226 23
93 166
126 178
164 221
73 242
7 101
263 8
55 251
169 92
44 136
195 75
92 227
196 74
56 211
177 215
184 83
216 48
189 207
235 82
61 81
40 257
223 158
71 199
223 31
37 26
60 209
172 0
167 148
26 37
158 96
14 100
32 159
197 200
208 188
19 226
2 228
136 4
131 101
215 177
34 222
16 169
100 219
171 12
98 153
232 213
41 145
8 263
39 23
10 101
86 180
135 228
93 39
32 132
77 65
89 230
135 101
180 86
165 151
23 39
263 8
251 182
99 149
98 26
99 147
94 163
196 74
143 135
50 88
210 184
92 42
62 80
44 218
261 24
166 130
34 95
15 43
32 96
143 100
101 128
136 0
62 248
16 100
261 20
199 71
32 32
70 73
45 8
218 45
59 122
128 45
228 131
37 152
161 95
196 201
224 28
44 139
133 28
212 106
18 41
40 93
7 228
10 101
221 164
135 228
220 166
150 99
204 192
161 156
67 203
131 45
24 165
55 212
178 215
228 5
149 226
260 28
226 20
227 218
16 42
95 161
140 100
167 22
175 216
168 146
210 235
224 155
100 144
34 95
14 227
45 7
16 227
187 82
0 263
187 208
90 47
147 261
227 14
223 31
70 73
187 81
99 19
101 2
172 128
246 192
239 76
135 143
127 47
100 219
258 36
260 155
162 155
228 132
135 136
244 196
38 151
262 13
17 169
157 161
132 159
150 226
98 24
8 228
135 12
101 10
228 7
178 214
18 168
156 162
155 260
226 20
164 221
201 196
35 95
140 100
228 4
92 42
58 250
218 171
208 61
144 227
160 158
71 199
223 32
111 79
190 248
263 1
167 147
154 164
58 83
227 14
159 32
43 140
135 45
154 36
41 147
263 130
246 192
100 141
95 34
143 42
100 219
12 44
171 136
219 42
251 55
45 2
195 117
24 38
172 4
8 101
89 102
99 22
44 10
220 40
66 203
165 221
213 53
135 228
136 262
54 252
86 105
63 79
139 44
157 34
48 127
45 5
38 25
211 184
216 48
250 185
20 99
135 171
69 201
157 97
71 199
146 134
100 15
148 167
46 90
40 20
217 174
82 186
141 227
31 96
130 167
23 261
227 145
59 122
170 219
101 3
215 176
161 95
142 43
227 92
146 99
154 133
99 21
228 131
136 7
182 212
228 11
13 135
126 50
152 225
138 171
44 10
167 220
101 7
180 86
199 115
135 228
3 45
101 133
105 213
29 133
226 20
98 27
127 175
45 5
240 202
101 132
129 172
168 146
155 163
224 155
100 145
34 95
43 142
223 32
111 78
2 101
45 218
187 208
217 173
186 209
141 43
32 159
130 168
134 23
91 172
20 41
43 91
101 3
164 26
84 183
73 197
160 31
171 12
189 80
92 170
191 78
177 88
56 85
179 87
36 221
194 202
98 153
138 171
31 259
162 156
7 228
45 4
72 242
70 116
51 87
65 77
156 162
133 156
21 99
228 218
48 127
142 135
227 139
245 67
132 263
206 63
147 226
133 152
74 69
157 97
142 170
210 184
142 100
59 209
263 1
188 121
110 207
31 223
129 42
222 224
70 73
135 45
100 18
189 80
91 170
3 228
153 164
223 160
15 170
31 33
139 171
27 98
219 43
19 41
50 215
183 211
74 114
181 213
101 136
98 153
149 99
24 98
29 162
169 17
138 135
180 213
213 181
39 220
18 169
93 41
64 79
44 11
154 98
10 228
262 142
75 240
84 57
89 176
63 79
107 210
260 25
165 130
222 34
170 15
146 134
153 37
247 63
172 0
0 101
236 80
157 97
169 129
32 96
198 200
23 261
145 100
207 188
91 171
120 64
100 141
6 45
12 100
222 162
226 146
62 207
170 219
228 131
220 41
84 183
152 165
222 163
177 126
38 221
66 77
137 44
231 214
52 125
135 11
213 53
70 116
137 262
18 169
162 29
152 98
194 76
98 27
16 42
85 55
215 51
194 245
89 176
228 3
163 28
189 207
140 43
156 97
70 200
172 133
153 37
40 148
263 2
81 188
27 36
59 82
256 169
32 32
43 141
261 149
217 46
168 20
45 1
167 148
14 100
145 262
170 142
97 156
37 131
153 133
28 162
183 251
168 220
133 101
38 152
135 141
42 16
225 26
204 66
10 171
225 151
7 228
214 179
116 71
39 151
130 172
180 125
41 220
259 30
21 99
217 101
143 169
45 5
139 101
56 211
176 215
228 3
218 170
80 189
13 170
31 160
128 172
133 45
26 164
209 186
2 136
41 20
208 236
149 261
142 227
32 159
227 142
82 59
236 208
128 101
217 174
210 59
227 14
262 18
12 100
99 220
38 130
133 26
170 219
183 250
45 2
194 118
74 114
172 5
143 42
102 217
203 66
78 64
167 220
53 125
45 3
86 181
151 166
221 165
204 66
156 162
30 132
66 203
153 98
68 202
85 54
101 12
118 194
2 45
184 123
36 155
154 98
13 170
224 156
45 128
223 33
14 227
186 82
1 45
122 60
46 217
209 59
198 72
32 223
15 227
149 134
81 236
41 147
2 263
40 21
26 37
184 211
197 200
29 97
227 145
260 153
155 36
130 101
219 41
149 39
114 201
45 132
49 254
98 153
131 161
151 225
231 214
77 66
10 262
166 151
101 136
3 45
18 169
35 156
98 24
44 11
225 153
49 126
212 181
214 51
101 133
49 88
56 251
234 84
27 225
74 68
158 33
46 128
133 45
176 216
210 185
91 44
1 101
90 46
45 134
100 143
223 32
169 256
157 224
46 90
249 60
46 217
167 148
111 205
172 6
15 170
226 93
69 74
207 189
234 211
130 101
176 89
5 228
228 12
141 262
16 169
157 161
203 67
44 10
214 104
169 18
87 52
23 166
71 116
137 262
169 145
98 151
171 10
66 204
217 102
75 68
181 86
74 241
68 118
93 41
131 228
106 211
26 133
226 19
224 156
227 139
18 262
164 153
247 64
136 129
147 41
18 100
97 30
200 198
32 96
142 100
172 134
80 236
40 147
218 44
167 148
142 227
19 134
255 172
225 93
170 13
133 25
84 234
250 57
45 2
39 22
139 227
135 142
101 137
101 218
34 131
133 29
226 150
180 252
51 214
39 23
228 9
87 179
204 66
24 98
259 31
11 171
102 90
253 50
213 181
51 87
150 166
93 41
19 168
211 233
62 80
195 75
160 158
46 128
17 262
216 49
191 247
218 170
101 128
81 109
23 134
143 227
96 223
72 198
148 134
17 227
0 101
173 90
209 59
111 205
159 96
140 227
31 33
170 13
81 61
234 210
250 57
263 132
166 149
88 51
222 162
101 137
161 30
99 21
156 133
156 35
252 54
214 178
228 135
9 101
87 179
134 228
104 215
24 225
33 259
30 161
126 177
36 94
11 228
56 212
177 215
78 191
106 212
44 136
139 44
219 99
12 228
33 96
176 216
3 101
218 170
80 189
145 227
209 60
168 130
224 222
72 198
158 223
207 110
40 147
136 1
40 21
205 238
96 32
140 227
221 225
227 145
44 8
226 147
101 3
176 89
184 211
165 25
132 172
69 74
161 30
148 99
29 260
35 29
42 145
39 93
101 8
24 38
221 165
252 179
98 151
259 31
149 226
89 229
169 17
94 163
73 241
166 23
263 7
191 205
226 21
153 98
195 75
163 222
200 197
45 6
239 204
101 130
1 45
147 41
145 227
208 60
143 227
158 96
14 43
148 134
154 37
187 81
45 0
167 148
216 175
6 45
71 72
157 224
166 257
133 25
226 147
130 101
132 136
66 245
75 113
15 135
254 175
224 27
139 171
29 260
168 219
125 181
39 93
70 243
9 101
138 262
193 203
98 151
150 98
132 33
30 161
8 228
4 172
24 165
117 195
88 177
78 191
226 21
207 62
171 139
219 100
16 43
17 262
112 76
210 185
174 216
207 62
209 235
23 134
43 13
158 96
129 170
210 186
37 27
1 101
45 0
148 40
238 79
6 45
71 72
157 224
196 201
8 172
171 218
228 129
172 129
66 246
88 50
142 262
42 16
157 161
171 12
171 137
149 99
124 181
135 9
134 101
53 213
4 45
169 144
230 88
259 31
32 259
25 225
126 178
135 13
38 24
244 69
8 136
41 18
233 85
190 206
226 19
36 95
47 127
56 211
49 88
192 246
175 216
2 101
82 108
224 156
130 40
96 160
129 170
134 21
164 154
62 121
218 45
40 21
164 26
96 32
170 142
95 34
170 13
134 24
91 171
2 228
48 216
57 84
240 76
222 162
127 48
94 37
12 44
190 79
29 162
54 124
263 135
23 166
242 72
45 131
169 144
152 225
99 23
259 159
157 34
8 228
45 4
151 38
85 55
50 88
78 191
226 22
98 26
139 44
95 163
127 174
95 161
25 164
192 246
131 263
20 168
226 19
97 29
170 140
97 95
129 170
58 210
26 164
128 228
45 217
228 128
16 100
147 261
227 14
30 97
100 17
134 24
44 91
19 41
92 169
149 40
25 38
172 5
42 16
160 30
171 12
190 79
162 156
78 65
136 8
55 85
214 179
94 37
135 228
225 25
23 226
204 192
161 157
194 76
221 37
101 10
69 117
167 93
192 205
99 149
225 153
139 44
224 155
127 174
143 135
25 165
149 167
4 136
101 129
163 27
134 151
100 144
31 223
43 141
185 83
164 153
148 167
45 91
21 167
100 143
7 45
170 142
32 159
40 130
81 61
99 19
189 80
4 263
167 149
140 227
183 212
254 174
163 94
44 139
153 225
226 149
55 124
8 263
101 7
73 115
94 37
228 8
89 103
65 77
32 259
152 98
42 144
221 37
24 165
244 69
135 263
132 228
35 156
63 79
226 20
219 100
143 169
135 16
13 227
22 40
1 45
2 101
146 226
61 81
144 227
94 225
100 14
96 159
100 16
62 121
0 172
21 167
16 100
83 185
14 100
223 160
140 170
208 187
226 146
249 59
216 175
167 149
152 164
5 45
42 16
155 224
131 163
9 171
149 99
18 41
263 135
196 117
165 24
139 262
67 76
157 161
77 192
226 23
98 25
178 253
94 164
86 180
166 23
93 40
145 41
29 35
28 133
99 147
27 224
143 169
172 132
177 215
101 131
169 92
41 19
83 108
224 155
43 13
97 30
171 255
32 96
143 100
21 40
91 45
208 60
47 217
58 83
100 141
32 159
257 40
97 156
99 19
129 101
89 48
101 4
164 25
161 95
174 127
163 95
139 171
133 28
212 106
168 18
172 130
85 182
24 38
53 86
144 42
166 94
171 11
150 226
39 93
169 17
12 262
213 53
150 166
45 130
65 78
156 162
190 206
226 20
34 30
143 169
16 262
38 25
246 66
136 132
80 190
146 226
135 172
130 39
158 33
198 72
134 19
79 238
60 209
46 90
228 128
217 174
31 223
141 227
96 33
140 170
135 45
91 172
249 59
45 1
192 119
140 227
84 183
127 47
100 219
258 36
136 44
21 226
78 64
134 136
117 68
214 179
86 181
126 50
94 39
226 149
259 158
230 215
169 17
262 138
199 115
135 228
9 135
125 54
41 219
10 44
147 226
164 221
137 101
162 222
113 75
101 132
45 129
185 123
234 83
25 133
100 144
97 30
198 72
6 172
216 48
59 209
45 218
121 61
80 110
96 31
43 256
96 33
16 227
97 156
209 108
207 189
216 174
65 246
112 204
84 183
46 255
95 36
195 202
189 80
85 233
146 168
7 263
228 133
165 24
36 221
67 76
30 34
99 22
205 192
93 167
125 179
86 53
242 199
8 101
45 130
125 54
156 162
133 156
226 20
27 225
143 169
45 5
202 113
149 166
176 216
206 63
20 99
25 133
100 145
98 94
71 199
83 58
100 15
59 209
263 1
208 60
27 37
223 158
199 198
159 32
41 130
135 45
91 172
101 1
45 1
58 83
14 100
17 135
128 46
160 31
12 44
9 171
42 92
41 146
2 172
56 85
87 52
172 4
136 228
30 34
132 160
10 171
231 215
42 144
131 45
228 136
70 116
135 136
42 18
86 105
225 152
44 12
30 161
16 42
95 162
12 227
228 5
136 132
3 101
83 107
224 155
18 100
221 98
100 13
133 45
227 142
209 186
91 44
228 0
100 144
134 172
227 15
96 158
200 70
60 209
90 172
128 101
172 128
3 228
26 37
84 183
15 170
224 29
131 164
9 171
92 170
228 131
177 88
118 68
241 74
13 135
177 126
38 221
138 171
132 31
220 40
125 179
172 131
9 228
243 70
130 172
42 18
93 41
206 64
34 258
37 94
228 137
172 132
240 202
101 132
219 169
19 168
44 218
25 133
13 170
221 98
200 197
261 146
164 153
129 228
46 90
167 147
36 154
21 134
15 100
96 159
70 73
224 30
163 154
20 41
44 91
247 191
227 14
262 18
46 255
224 29
202 68
44 9
211 106
168 19
136 7
228 133
74 114
36 222
169 144
217 229
66 77
132 30
98 24
228 134
214 179
101 9
243 70
10 135
65 77
168 93
225 152
258 161
161 157
127 176
172 132
51 88
84 56
92 41
228 3
28 36
27 224
140 43
35 95
227 140
145 135
100 15
228 2
91 44
168 147
173 90
209 59
141 43
96 32
143 100
30 97
154 36
187 249
172 128
210 58
164 26
57 84
197 200
220 226
258 37
207 189
226 148
131 101
93 168
195 118
87 51
141 262
16 169
225 26
66 77
171 137
162 156
42 145
262 137
116 71
116 198
3 45
193 204
23 99
10 44
258 161
217 101
202 195
5 172
152 38
5 101
263 6
79 190
155 163
27 224
43 13
95 162
227 140
184 84
216 48
120 191
129 263
208 61
208 236
134 149
256 169
159 96
72 198
97 157
90 173
122 187
1 172
228 130
49 216
135 145
172 128
220 226
74 196
27 98
226 147
56 123
45 2
133 101
101 138
85 181
169 143
157 161
21 226
98 151
23 225
42 145
130 45
198 116
54 213
87 179
169 145
167 93
44 137
148 226
229 217
176 254
262 141
241 201
183 84
92 41
190 206
107 211
136 171
13 170
162 222
170 15
133 45
164 153
167 21
218 171
20 168
100 145
261 22
256 169
159 96
169 256
45 7
17 227
20 41
171 218
247 191
227 15
57 84
70 73
35 222
201 69
97 154
163 155
3 228
129 45
56 84
101 139
14 135
169 143
26 98
21 226
171 137
93 167
101 6
94 166
24 166
243 71
94 38
145 42
220 167
191 205
99 148
94 165
253 49
14 262
228 138
211 183
172 2
146 41
107 211
189 207
165 130
220 99
139 100
135 18
14 227
83 58
45 128
101 128
18 100
45 134
16 100
32 96
42 129
97 157
46 90
168 20
218 44
64 247
153 164
211 57
197 200
95 35
196 201
260 153
147 99
206 190
176 89
101 5
228 12
85 182
101 137
154 225
44 138
78 64
35 29
145 169
94 166
228 135
243 71
94 38
125 53
225 24
137 171
99 149
153 98
9 228
85 54
201 114
101 133
133 263
4 101
148 226
171 9
44 12
35 95
43 142
223 33
227 141
191 247
172 1
122 60
81 109
45 134
143 227
96 223
227 142
30 97
90 173
208 188
129 136
59 82
153 164
159 96
227 13
161 95
43 140
260 152
211 107
146 168
169 219
22 166
240 75
5 45
176 127
94 37
21 226
137 44
150 99
65 204
262 136
54 86
9 101
179 214
42 17
88 104
78 191
160 132
229 217
169 17
95 163
241 201
245 68
136 134
146 41
21 99
9 44
258 164
97 29
46 128
96 160
153 37
58 210
43 218
187 122
45 217
156 97
14 170
32 96
198 199
134 45
37 27
81 61
173 90
120 63
216 175
19 134
172 128
30 97
227 145
8 171
99 20
228 130
49 216
22 166
227 12
222 162
75 195
225 27
171 12
29 260
105 86
6 228
166 220
54 85
38 151
45 131
252 179
151 225
98 24
204 193
38 94
68 202
163 221
241 200
101 133
172 2
228 4
43 219
260 27
195 75
156 97
255 46
133 45
89 176
101 130
136 130
189 207
18 100
156 97
16 100
32 32
42 129
134 21
217 46
188 81
46 217
167 148
26 37
133 172
172 128
97 157
100 18
135 44
107 83
206 190
216 176
228 132
75 113
262 15
48 254
161 30
67 76
137 44
23 226
252 54
135 9
85 181
228 9
52 87
101 134
230 88
171 10
226 22
161 157
126 177
94 163
52 87
228 6
220 167
64 78
28 35
189 207
258 164
227 219
46 128
34 95
112 77
210 185
174 216
20 168
27 36
187 208
14 170
33 96
15 227
172 134
17 227
0 228
0 172
21 167
216 175
19 134
100 140
160 31
257 39
8 171
20 226
101 3
42 92
118 66
113 202
35 222
169 143
218 228
171 12
79 63
22 226
192 78
45 3
8 228
86 53
165 94
101 134
34 156
98 23
160 132
30 161
169 17
94 164
151 38
55 212
136 134
124 55
169 92
9 44
258 164
100 92
255 47
84 56
176 215
65 119
172 1
41 20
100 145
29 224
170 140
223 158
170 256
83 59
164 154
20 40
172 0
40 21
79 111
32 223
140 227
97 157
74 196
188 81
19 226
129 101
2 172
57 84
202 240
135 142
16 169
94 37
162 258
190 79
219 41
54 124
9 262
55 85
165 24
213 53
67 76
34 156
31 132
66 204
161 157
126 177
4 172
200 115
150 166
2 45
182 124
106 212
98 26
258 163
222 36
254 47
183 84
176 215
58 210
263 4
20 168
218 172
81 187
170 140
160 223
256 43
31 96
110 80
60 208
91 172
148 40
206 238
223 159
198 199
33 158
196 201
135 45
99 19
101 2
1 172
4 228
177 88
143 262
254 175
224 27
44 139
79 63
105 86
18 41
172 130
39 23
199 242
221 164
228 8
29 34
226 150
149 226
225 152
169 17
53 213
24 165
117 196
3 45
251 182
219 169
9 44
139 44
219 100
101 11
262 143
13 227
228 4
43 219
80 189
82 108
224 156
13 170
224 222
100 14
134 45
174 217
40 148
136 0
82 187
174 89
58 83
15 170
31 33
144 100
155 224
155 36
207 189
48 216
228 131
50 215
85 183
11 101
218 227
194 202
190 79
105 86
78 65
136 8
85 182
115 199
12 135
126 51
89 103
159 259
99 150
89 230
178 253
213 180
87 179
101 134
45 130
182 124
233 85
98 26
44 12
155 97
74 69
5 172
25 165
131 228
48 89
58 250
36 154
134 151
70 200
223 158
170 14
147 134
16 227
209 187
218 45
121 62
153 164
7 45
43 15
223 160
43 140
134 24
36 27
62 207
170 219
167 149
100 140
5 45
127 47
155 224
163 258
206 190
226 149
228 132
88 51
101 7
24 38
172 4
144 42
230 89
259 32
150 226
152 98
8 228
135 12
137 101
85 55
135 263
101 132
156 162
206 63
139 44
36 94
69 201
161 222
13 227
149 167
89 175
146 41
218 171
97 28
170 140
158 33
100 14
96 158
206 110
248 62
218 172
82 187
237 79
58 83
141 43
158 223
144 100
45 8
36 27
20 41
89 48
167 149
50 215
16 135
127 47
97 155
131 163
153 225
42 92
191 78
136 8
69 244
38 151
86 180
228 8
39 220
132 159
159 132
225 152
228 135
172 131
24 165
101 134
136 135
192 205
213 232
44 136
67 203
97 27
169 16
55 212
113 76
101 131
169 92
19 168
99 146
155 97
70 201
95 161
14 227
96 159
16 227
148 167
0 136
101 1
26 37
96 31
141 227
159 32
100 17
261 151
36 27
189 80
136 4
167 149
140 227
172 5
16 169
163 95
226 146
79 63
233 212
251 55
220 40
134 101
214 179
180 213
253 178
94 39
159 259
171 137
156 34
203 194
172 131
228 137
23 39
220 166
145 41
149 226
28 133
131 35
228 218
101 11
182 85
38 25
246 66
48 89
207 63
226 19
45 135
100 144
221 98
198 72
261 146
37 26
128 228
263 1
40 20
217 174
134 172
14 170
95 97
73 197
81 60
82 235
20 41
1 172
83 185
152 164
172 6
228 11
97 155
36 131
136 44
42 92
64 205
40 93
7 228
38 151
172 4
177 126
89 102
149 99
205 192
24 225
228 134
165 221
38 24
212 181
39 220
42 18
219 168
98 25
99 147
154 97
228 137
222 35
240 202
40 149
42 219
190 206
99 147
155 97
196 74
34 95
140 100
19 261
15 227
63 120
45 0
188 121
90 47
261 21
141 227
223 160
140 170
60 208
100 18
1 228
47 216
246 192
77 112
161 95
46 255
28 97
44 139
44 9
233 212
183 251
40 93
228 133
38 151
140 262
76 194
221 165
149 99
10 171
167 220
169 17
94 165
199 115
85 54
93 39
204 65
99 150
63 79
12 171
228 218
175 254
45 5
215 50
228 5
129 172
63 79
218 171
155 97
69 201
95 161
72 71
172 133
26 164
40 148
172 0
60 81
80 110
82 186
129 43
33 223
41 130
97 156
27 163
62 207
218 43
40 22
100 141
135 144
15 170
160 31
75 195
133 27
21 226
146 168
220 41
228 133
101 138
4 45
194 202
89 102
259 33
205 192
24 225
66 203
38 94
180 213
135 228
178 214
204 65
232 86
156 260
226 21
98 27
202 195
222 35
38 25
194 245
92 42
146 41
36 155
133 152
13 170
160 158
100 13
133 45
142 100
63 120
45 0
0 101
46 217
134 148
72 71
97 222
197 200
97 156
236 208
122 187
136 3
210 58
153 164
45 133
128 46
33 158
75 195
225 27
226 148
183 251
134 136
68 245
101 138
36 222
169 144
30 34
160 259
98 151
162 156
17 42
45 4
86 180
116 197
9 135
181 125
105 214
25 225
21 99
37 94
169 16
45 5
165 152
5 101
92 42
123 57
218 171
155 97
18 100
161 222
172 255
159 223
37 26
167 21
171 91
61 248
17 100
7 45
129 42
32 223
197 200
135 45
172 217
187 249
3 263
3 228
89 49
223 160
142 43
226 93
19 226
154 133
226 148
124 183
45 2
133 101
241 74
181 213
228 9
30 34
66 77
225 24
225 151
77 66
45 4
180 213
197 243
93 39
252 180
226 23
152 98
67 203
101 90
16 42
182 85
215 51
211 183
133 263
123 57
211 234
97 27
165 130
224 156
197 73
262 145
164 153
148 167
2 136
147 41
236 80
157 97
169 129
32 223
143 100
60 209
163 154
249 60
172 128
167 148
14 100
160 96
255 173
97 156
171 12
27 98
21 226
146 168
49 215
211 56
11 101
262 14
42 16
165 94
34 132
157 132
225 151
101 7
130 45
101 9
166 24
179 214
145 42
226 23
259 30
258 161
34 30
42 143
55 212
101 12
211 183
49 88
250 184
43 218
27 224
201 196
35 95
170 15
135 18
216 48
167 21
45 128
0 101
17 100
7 45
170 141
223 159
43 141
209 186
173 217
228 128
263 129
191 120
141 227
211 57
128 46
156 224
100 18
26 260
148 99
41 146
129 45
101 6
87 51
262 14
127 49
165 94
66 76
24 98
35 29
133 101
214 179
136 101
116 198
262 10
18 169
214 231
171 10
203 193
94 165
68 202
135 14
152 38
245 67
136 133
146 41
36 155
154 97
69 201
95 162
70 200
184 84
216 48
59 209
90 174
228 0
46 217
7 45
227 15
96 32
227 142
82 59
236 208
249 60
90 47
167 148
153 164
18 135
139 227
224 29
13 43
260 153
20 226
190 79
45 2
22 166
241 74
163 95
75 195
90 101
193 203
225 24
220 40
77 66
45 3
8 228
243 71
130 172
53 252
35 156
64 78
161 132
157 34
126 176
54 212
152 38
194 245
168 92
41 19
43 219
133 153
18 99
29 224
173 255
184 84
89 176
83 59
218 171
188 208
217 173
149 261
198 72
96 32
129 169
134 22
154 36
208 188
2 263
167 148
100 142
33 223
73 197
226 93
196 201
27 97
43 91
79 63
133 136
67 245
165 25
172 5
16 169
101 217
99 21
157 132
23 226
145 169
3 172
54 86
53 213
214 52
145 42
35 156
171 10
226 22
102 90
17 42
222 36
87 178
245 68
168 93
146 41
92 43
44 136
226 19
160 158
197 73
33 96
112 77
64 120
171 91
207 61
36 154
97 30
14 170
223 223
256 42
186 82
163 154
121 188
129 136
120 63
100 142
223 159
255 172
220 225
100 18
8 171
91 170
101 3
129 45
166 149
88 51
135 142
10 101
94 37
21 226
137 44
29 162
145 169
136 135
213 54
243 71
11 135
228 7
167 93
31 132
99 149
30 161
68 202
86 54
38 25
245 68
93 41
191 206
35 155
225 154
171 139
35 95
43 142
160 223
14 227
167 21
47 90
128 228
163 27
156 97
16 100
96 223
43 141
186 82
100 17
228 0
1 263
148 40
78 111
261 19
227 13
161 95
18 227
207 188
44 91
168 19
45 2
67 245
38 152
182 212
16 169
218 228
12 44
152 225
41 93
204 192
130 45
228 135
165 24
179 214
252 179
93 40
137 171
193 77
225 153
228 136
213 181
138 101
150 166
136 134
56 251
106 212
98 26
44 12
35 95
228 139
144 135
112 77
228 3
217 47
249 186
18 100
261 23
170 141
159 32
141 170
96 158
164 154
40 147
218 45
228 129
142 227
210 57
43 15
161 95
18 227
171 135
83 234
250 57
49 216
39 22
75 113
85 182
69 74
91 101
171 12
64 206
156 35
54 125
39 93
116 70
165 24
4 45
144 42
35 156
98 23
259 160
94 165
169 17
135 13
87 179
117 195
129 172
124 56
162 28
207 62
44 12
160 158
43 142
135 17
153 37
3 101
170 92
80 189
218 172
8 45
73 70
32 32
141 170
31 96
164 154
187 81
218 45
186 209
227 15
83 185
140 227
98 221
43 140
260 152
210 107
190 79
45 2
118 66
12 100
162 95
10 101
34 157
67 76
10 171
232 213
181 252
172 130
85 181
228 9
221 165
253 179
215 230
65 78
171 138
229 216
194 76
172 131
38 24
68 117
45 129
78 191
42 219
9 44
131 37
28 224
228 138
95 161
100 14
101 131
45 128
59 249
163 27
81 187
197 73
97 95
43 141
172 134
47 90
1 101
90 46
63 247
238 79
96 32
227 13
222 161
69 74
152 134
235 210
250 58
129 45
228 132
25 38
35 222
228 10
224 27
203 67
133 29
213 105
132 101
130 45
39 23
242 72
86 180
52 253
93 39
65 78
32 259
161 157
50 126
180 86
179 214
182 85
93 40
191 205
155 162
154 260
195 75
36 95
174 254
222 34
88 176
210 185
216 48
101 129
146 226
29 224
197 73
158 96
199 72
21 261
27 164
248 62
172 0
82 187
238 79
96 32
199 71
33 158
100 17
224 28
235 210
168 19
48 216
184 211
75 113
95 35
16 169
97 154
258 35
98 152
35 29
101 5
215 178
150 39
72 115
221 164
126 51
93 39
138 171
138 44
161 157
169 17
172 131
200 115
228 7
215 50
228 5
219 169
79 190
36 258
97 28
69 201
56 211
13 227
192 246
170 92
189 207
163 27
187 208
13 170
97 95
14 227
134 45
153 37
60 208
217 172
82 187
153 164
159 96
15 170
33 158
140 170
8 172
146 99
101 2
172 128
119 66
215 177
16 135
228 11
157 160
202 67
133 28
219 42
145 168
172 130
101 7
151 165
139 262
17 169
166 93
159 259
259 159
225 152
253 51
213 180
214 52
39 150
50 88
124 55
85 106
153 98
99 147
33 31
138 101
45 5
100 13
131 228
136 131
19 168
154 163
29 224
200 197
223 158
198 72
83 58
174 217
148 167
136 0
148 40
110 206
58 83
198 199
32 159
70 73
151 134
108 82
185 250
48 216
119 66
50 215
56 85
74 196
163 94
75 195
260 155
22 226
18 41
8 263
117 69
137 228
86 180
8 101
25 98
65 77
23 99
25 225
135 101
172 131
24 165
85 55
178 215
5 101
35 156
206 63
36 258
94 163
74 69
183 85
50 88
167 22
89 175
228 2
226 19
8 45
197 73
97 94
44 129
172 134
47 89
40 148
45 218
228 128
16 100
185 210
199 71
33 223
170 13
135 45
226 146
228 129
92 170
131 101
25 37
34 222
74 196
92 100
44 139
171 136
219 42
191 78
167 220
150 39
38 151
213 53
144 42
161 30
192 204
23 99
98 25
169 17
213 180
38 24
7 101
130 172
65 78
29 35
136 171
163 131
154 97
11 228
34 95
25 165
193 246
4 136
2 101
19 99
224 155
100 144
158 33
129 171
210 185
89 174
40 148
136 0
228 128
227 16
31 223
199 71
32 159
257 40
208 187
36 27
2 228
92 170
185 210
37 152
172 5
196 201
100 219
99 19
98 153
233 212
55 124
167 220
166 150
242 73
37 221
101 135
230 89
193 204
23 99
98 24
178 253
135 12
242 199
150 166
39 220
65 78
219 168
155 260
147 226
154 97
143 169
16 262
38 25
246 66
136 132
41 19
210 235
81 188
13 170
98 94
72 71
7 172
79 238
209 187
45 0
228 128
227 16
31 223
72 199
97 222
197 200
261 150
218 45
62 207
219 43
246 192
88 49
183 211
143 42
160 31
171 12
133 27
148 99
41 145
172 129
101 7
73 114
164 94
126 50
30 34
226 149
65 205
103 88
193 76
11 262
165 151
70 117
172 3
18 169
86 105
206 63
162 131
224 154
69 201
182 85
75 240
228 5
216 48
185 123
107 210
188 208
166 130
97 30
13 227
134 19
216 48
186 82
217 46
0 228
237 80
172 7
14 100
95 97
227 143
8 172
154 36
59 122
216 174
83 185
164 26
222 161
142 43
163 95
37 131
80 62
106 85
78 64
263 134
68 244
151 165
94 36
194 203
98 152
193 204
98 150
29 161
42 144
53 213
199 115
135 228
214 51
125 54
29 35
190 206
99 147
161 157
48 127
142 135
240 202
22 39
132 263
79 190
171 91
260 25
227 18
31 160
255 44
32 96
26 164
21 40
217 46
0 228
47 217
148 261
198 72
160 96
227 143
187 82
218 45
228 128
263 130
246 192
77 112
183 211
255 173
219 226
226 146
136 44
148 99
41 146
88 50
150 39
165 24
94 36
67 75
157 161
204 66
158 132
162 156
76 66
214 179
151 38
54 212
51 87
101 133
86 105
171 10
226 21
91 228
195 75
5 172
202 113
245 67
129 172
79 190
28 36
25 133
170 140
225 221
140 100
32 96
89 175
63 120
91 44
121 61
173 90
186 209
129 42
224 95
141 170
172 135
154 36
101 1
91 170
185 210
153 164
84 183
255 173
97 156
202 68
62 207
21 226
64 205
177 88
56 84
25 38
140 262
17 169
26 98
149 99
65 205
225 151
42 144
45 4
198 115
70 116
135 136
125 54
23 99
29 133
226 21
154 98
176 254
55 212
178 215
22 39
45 129
57 250
171 91
8 44
13 170
225 221
198 73
19 261
164 153
63 120
171 91
20 167
80 109
30 224
71 199
96 159
170 14
82 60
100 18
128 101
218 44
21 167
216 176
262 17
197 200
99 220
75 195
44 9
43 92
131 101
88 50
228 133
74 114
54 86
101 136
225 26
149 99
259 157
214 104
252 52
94 165
101 9
86 54
214 52
42 18
150 226
206 64
11 171
228 217
143 169
35 95
88 178
194 245
41 219
19 168
20 99
61 80
43 13
158 33
197 73
84 57
37 26
228 2
45 128
249 188
36 154
134 172
100 142
223 223
227 143
30 97
154 36
1 228
174 90
167 148
216 176
96 33
46 255
31 33
202 68
207 189
84 233
4 228
49 215
211 56
11 101
172 5
228 9
90 102
138 171
64 205
87 231
101 7
179 87
86 180
116 198
214 52
53 252
35 156
24 225
21 99
161 157
143 169
132 45
101 12
101 132
168 92
190 206
91 43
189 207
227 18
162 222
170 15
172 133
78 238
82 59
44 218
168 147
154 163
224 157
43 14
32 223
15 227
261 149
208 109
168 20
44 91
64 247
112 204
45 133
73 197
31 33
257 38
44 9
211 107
63 206
136 6
39 22
228 11
141 262
101 136
221 165
171 11
157 132
214 104
125 180
130 45
243 198
24 39
221 165
53 252
23 98
24 225
99 148
38 94
101 9
163 222
74 241
149 166
49 88
130 228
155 163
80 189
196 74
222 35
12 227
6 172
78 238
3 101
136 129
0 101
100 144
45 134
170 141
223 32
170 14
97 157
46 90
208 188
172 128
120 64
205 238
96 33
128 45
35 222
170 13
97 154
211 107
146 168
215 176
245 194
51 214
212 54
16 169
90 101
193 203
44 10
167 220
193 77
172 130
71 243
228 9
172 3
77 193
167 93
24 225
99 148
90 229
253 49
5 172
241 201
39 149
2 45
56 250
226 21
62 80
145 226
29 224
46 128
135 18
26 164
21 40
90 174
187 122
90 46
134 172
71 199
223 96
256 42
134 45
27 163
61 208
91 171
191 120
153 164
84 184
140 227
160 31
43 140
62 207
43 91
79 63
129 45
132 101
228 12
45 132
202 68
217 228
203 67
151 225
168 220
180 252
214 179
135 101
9 101
214 52
145 42
156 162
78 191
44 11
161 157
75 68
45 5
201 114
183 84
88 176
146 41
226 21
225 154
171 139
95 162
15 43
145 135
176 216
64 120
171 91
207 61
18 100
7 45
168 129
96 159
72 198
224 30
144 100
61 208
173 90
167 148
89 48
19 134
70 73
33 158
69 74
133 26
84 234
184 250
89 49
101 5
100 139
85 182
228 10
27 98
138 171
133 29
35 29
42 145
93 166
150 39
228 9
131 172
179 125
29 35
205 64
77 66
221 38
195 75
135 13
114 74
6 101
263 7
168 146
43 219
189 207
68 202
95 162
173 255
160 223
89 176
167 21
218 170
20 168
100 145
209 60
256 168
159 223
100 15
172 134
227 144
167 20
263 128
2 228
26 37
19 134
200 71
224 30
196 201
61 207
28 163
19 41
5 263
211 57
227 12
135 142
195 202
225 27
139 171
171 137
93 168
145 169
136 135
8 228
101 136
214 52
144 42
93 40
98 24
11 171
30 161
101 9
54 213
228 138
6 101
168 93
101 131
92 43
44 136
68 202
33 31
139 101
133 45
141 100
83 58
47 90
189 207
27 36
187 209
197 73
159 159
100 15
45 7
144 100
20 40
136 1
40 21
238 78
45 133
128 45
31 33
18 227
152 133
20 226
130 101
263 132
193 118
88 50
135 142
254 175
225 27
12 44
98 152
23 226
18 42
214 178
23 166
180 86
135 138
134 228
40 220
44 137
22 99
34 30
75 67
4 172
214 52
166 23
88 177
205 64
169 92
26 225
146 226
95 163
173 255
222 34
227 141
22 40
136 130
168 147
145 227
156 97
43 14
32 159
170 14
134 45
17 227
20 40
45 0
82 186
164 26
223 159
15 170
95 34
257 39
155 224
163 155
130 101
219 42
184 211
240 75
212 55
42 16
161 30
147 99
25 98
23 226
205 192
172 130
228 135
199 242
221 165
126 52
151 225
78 192
138 44
221 38
169 17
213 181
73 241
166 23
220 167
78 191
162 28
189 207
75 68
33 31
70 201
222 34
176 215
246 65
263 3
1 101
154 163
60 81
43 13
33 96
141 170
21 261
207 110
61 121
0 45
190 120
227 15
172 6
140 227
161 95
74 196
45 8
146 99
206 190
136 5
193 119
38 152
45 132
169 143
228 91
12 44
137 44
213 105
132 101
51 214
166 150
38 151
94 37
144 42
156 161
192 205
204 193
39 94
177 253
135 13
179 214
55 212
134 263
132 228
28 35
63 80
171 139
224 155
254 47
133 45
49 88
246 65
219 170
207 62
172 91
135 172
16 100
97 95
72 199
158 223
16 227
189 248
136 0
62 248
227 16
261 20
199 71
30 97
69 74
224 28
83 235
101 2
136 4
149 40
88 50
55 85
175 127
33 157
147 99
136 44
35 29
5 228
172 130
212 55
24 38
213 53
169 144
93 39
205 65
149 226
89 230
76 67
86 53
10 228
228 7
93 40
41 18
233 85
28 133
68 202
31 160
228 138
45 5
203 112
185 83
172 1
189 207
218 172
24 134
17 100
32 32
141 170
134 45
37 26
60 208
217 172
187 209
153 164
32 223
129 44
160 31
166 257
45 8
146 99
62 207
169 219
66 246
165 25
55 85
254 174
36 221
163 258
44 9
232 213
55 124
167 220
228 134
87 53
4 45
144 42
166 93
23 226
32 259
216 103
67 203
12 262
115 73
166 23
172 3
18 168
219 169
171 9
20 99
33 31
228 138
56 211
50 88
4 101
216 48
189 207
226 19
8 45
73 70
224 222
129 170
96 158
227 143
121 189
217 172
82 187
47 217
20 134
142 43
96 33
43 140
45 8
218 44
80 62
131 136
167 149
113 203
183 212
138 228
163 94
20 226
133 28
169 219
5 228
172 130
23 166
52 214
86 180
194 203
216 230
138 171
23 99
230 216
169 17
53 213
165 151
23 39
8 136
55 251
149 226
206 63
226 20
221 36
101 11
172 132
100 13
57 210
131 263
185 123
235 82
155 97
144 227
159 158
43 142
96 158
153 37
121 189
217 45
40 21
110 206
172 7
141 43
32 32
144 100
97 156
91 172
207 189
263 131
149 40
152 165
143 262
174 127
163 95
36 131
153 225
106 85
205 191
167 220
134 101
87 52
262 12
67 76
220 166
259 32
171 138
25 225
42 144
221 37
213 53
55 212
40 220
205 65
226 22
206 63
99 147
94 163
11 228
172 132
177 215
210 184
172 1
228 2
108 210
155 97
170 140
221 98
14 227
7 172
26 164
189 248
263 0
187 208
237 79
134 147
141 227
33 223
70 73
97 156
146 99
189 80
1 172
58 83
76 112
56 84
16 169
31 33
171 12
26 98
35 28
55 124
172 130
117 69
214 179
45 131
253 178
34 157
226 149
171 137
29 161
8 228
180 86
24 165
85 55
262 9
132 228
86 105
206 63
99 147
37 94
127 175
95 162
165 152
246 66
136 132
146 41
83 108
224 155
100 144
158 33
171 255
134 45
175 216
209 187
128 263
208 60
227 16
172 7
72 199
33 223
140 170
29 97
82 235
186 249
216 175
22 167
140 227
45 133
254 174
92 100
99 19
207 190
85 233
228 131
177 88
195 117
114 200
131 172
42 17
161 30
171 11
132 31
220 39
203 193
131 45
38 24
85 54
93 39
125 54
149 226
44 137
171 139
164 221
48 127
182 85
113 75
119 193
129 172
250 185
19 99
8 44
201 196
98 94
72 71
133 45
238 206
190 247
0 45
167 147
90 47
134 148
141 43
159 32
200 70
134 23
91 172
80 62
92 170
22 167
26 37
84 183
197 201
219 227
12 44
80 62
162 155
55 124
172 129
195 117
151 165
135 140
194 203
94 38
226 149
259 158
34 29
7 228
86 53
9 228
85 54
87 178
145 42
92 41
133 156
194 76
161 157
74 69
95 162
227 139
84 57
92 42
250 185
234 83
8 44
100 145
225 221
170 15
210 185
89 175
40 148
136 128
167 147
217 174
186 209
72 71
32 32
200 70
23 261
163 154
20 41
128 45
149 40
141 227
211 56
173 128
163 95
99 19
9 171
219 42
64 205
172 129
183 212
228 11
86 181
126 50
30 34
160 259
24 98
215 104
169 17
262 138
199 115
116 197
220 166
65 77
86 105
137 171
21 99
37 94
48 127
142 135
12 227
228 5
45 129
123 57
83 107
44 135
170 140
160 158
140 100
223 32
164 153
209 186
90 173
147 40
173 90
134 148
72 71
223 160
143 100
97 156
172 217
207 189
174 90
228 130
164 26
211 56
15 170
224 29
19 226
62 207
162 155
101 4
177 88
228 133
74 114
181 213
50 253
221 165
44 138
31 259
40 93
228 134
38 94
136 101
23 39
3 45
42 18
214 232
260 29
67 203
218 101
202 195
95 162
240 202
194 245
129 172
146 41
171 91
188 207
18 100
225 221
128 172
32 96
227 142
209 186
0 45
147 40
144 227
157 97
169 129
223 223
256 41
60 209
163 154
122 187
174 90
58 83
239 77
223 160
46 255
35 222
258 37
44 9
226 148
191 79
129 45
56 84
152 165
86 181
136 228
225 26
193 204
98 151
24 225
101 7
135 11
101 9
228 8
179 214
101 133
220 168
156 260
148 226
34 30
42 143
95 162
12 227
194 245
6 136
206 63
84 107
260 26
13 170
31 160
128 172
18 262
89 175
209 186
173 217
188 122
227 17
134 149
14 170
223 96
200 71
30 97
18 227
168 20
129 136
148 40
176 89
57 84
173 128
93 99
19 226
153 133
170 219
146 168
6 263
6 228
178 87
85 181
169 143
161 30
99 21
137 44
98 24
252 53
38 94
53 86
166 24
39 221
6 101
87 104
191 205
226 21
101 90
143 169
162 222
101 12
194 245
92 41
19 168
170 91
80 189
201 196
93 226
170 15
33 96
37 26
64 120
129 263
41 20
17 100
45 134
72 71
223 96
168 256
97 157
217 46
168 20
2 263
21 167
153 164
145 262
15 170
93 99
140 170
80 62
107 84
191 79
6 263
211 56
51 214
54 85
254 176
221 165
132 161
191 78
156 35
6 228
179 87
71 243
243 71
221 165
228 6
104 214
44 137
193 76
30 161
176 254
132 45
51 87
39 149
168 92
206 63
155 163
153 260
13 170
31 160
45 128
6 172
227 142
3 101
174 217
41 20
81 109
209 59
42 256
223 223
142 100
134 22
154 36
187 249
174 90
82 186
89 48
160 96
197 200
224 29
140 170
189 80
211 107
41 146
88 49
211 56
152 165
85 181
9 101
34 157
193 203
78 64
220 40
169 18
172 130
151 39
116 198
130 172
77 193
93 40
30 132
132 34
38 94
176 253
222 36
74 241
84 56
6 136
183 123
99 148
136 171
170 140
99 93
73 70
84 57
14 227
64 120
128 172
122 60
173 90
30 224
143 227
96 159
129 169
22 261
100 17
187 249
218 44
2 228
78 111
223 160
170 142
99 220
13 43
260 153
211 107
57 123
216 176
228 132
201 241
262 14
195 202
37 221
148 99
137 44
29 162
101 6
262 137
39 23
213 180
52 87
7 101
35 156
205 64
204 193
94 165
143 169
54 212
152 38
150 166
220 168
79 191
35 155
189 207
226 19
158 33
100 12
145 135
77 239
64 120
45 128
228 1
236 81
134 172
168 129
159 223
72 198
224 30
90 173
0 228
46 217
101 2
89 48
57 83
73 197
222 161
170 13
9 171
155 36
206 190
92 169
132 101
38 152
45 132
101 137
225 27
194 203
171 137
214 104
192 77
10 262
150 39
24 39
179 214
193 204
151 225
205 64
160 132
102 90
101 9
4 172
214 51
68 118
7 136
4 101
99 148
44 136
146 226
33 31
255 46
262 144
37 26
130 228
174 217
1 101
36 154
135 172
129 41
223 159
15 227
148 134
37 27
101 0
218 44
2 228
153 164
261 19
43 15
98 221
100 18
8 171
234 210
168 19
219 42
67 245
178 88
95 35
254 175
228 91
258 35
191 79
156 35
252 54
136 135
135 101
165 24
135 138
66 77
88 104
225 151
11 171
217 102
202 195
262 140
165 152
118 195
88 177
183 124
106 212
9 44
171 139
33 31
128 173
172 133
77 239
167 22
90 174
168 147
18 100
29 224
168 130
96 160
100 15
172 134
90 173
188 81
136 1
63 247
89 48
261 19
15 170
158 160
196 201
152 133
36 28
206 190
92 169
57 84
152 165
212 55
74 195
157 161
203 67
137 44
162 156
145 169
172 130
54 85
115 199
138 262
179 125
93 40
137 171
99 149
38 94
253 50
172 131
24 165
85 56
93 41
168 146
42 219
98 26
258 164
160 158
12 228
161 222
26 164
149 167
89 174
228 1
218 172
187 209
200 197
97 95
199 71
209 186
47 90
40 147
0 45
129 101
153 164
6 45
71 72
161 95
201 69
25 260
226 147
3 228
48 216
5 228
113 202
162 95
42 16
228 91
226 147
225 25
168 219
252 54
214 178
116 70
86 53
262 11
101 134
225 24
78 192
171 138
38 94
144 169
221 36
165 151
39 150
45 129
182 124
35 155
26 225
99 146
92 227
43 143
34 95
164 152
83 58
174 216
147 41
227 18
45 135
227 16
224 222
170 256
96 158
110 80
101 128
1 263
148 40
153 164
32 223
71 72
95 34
140 170
260 152
36 28
63 206
136 5
193 119
227 13
5 45
10 101
164 94
203 67
25 98
35 29
181 252
130 45
150 39
213 180
164 94
134 228
93 39
137 171
99 149
25 225
194 76
221 37
38 24
85 55
7 136
18 168
99 148
44 136
68 202
36 95
138 101
95 161
88 176
246 65
45 128
147 41
82 108
8 45
170 140
222 97
199 72
96 158
90 174
167 21
0 172
248 189
153 164
185 210
199 71
161 95
130 166
151 134
99 19
2 228
136 4
211 57
38 152
35 222
196 201
97 154
147 99
190 79
41 92
181 251
130 45
134 101
242 72
180 213
126 51
225 25
65 78
77 65
152 98
144 169
180 86
87 179
212 182
135 263
191 205
212 233
9 44
258 163
36 95
143 169
211 183
76 239
192 246
4 136
207 62
172 91
134 151
257 167
222 97
43 141
58 210
37 26
189 248
0 172
209 60
237 79
7 45
171 129
31 33
100 17
24 261
99 19
250 58
92 169
228 131
140 227
85 182
138 228
100 218
75 194
44 9
219 42
205 192
220 40
212 55
53 214
180 213
126 51
98 152
23 226
99 150
157 34
203 194
164 221
165 151
101 134
88 177
41 18
149 226
63 79
75 68
227 219
127 174
5 172
152 38
228 4
45 128
189 207
163 27
45 135
227 17
95 224
198 72
172 134
217 47
60 209
0 45
187 209
26 37
20 134
15 170
222 160
70 73
188 81
36 27
80 62
170 219
167 149
25 38
135 143
69 74
221 163
202 67
28 260
86 232
65 205
45 3
166 150
115 199
135 139
203 67
166 93
65 77
150 226
225 152
169 17
4 172
10 228
85 55
172 3
251 182
156 162
155 260
131 36
155 97
196 74
85 56
113 76
246 66
263 4
168 146
146 226
155 97
43 13
222 33
199 198
147 134
164 153
248 62
172 91
121 62
164 26
45 134
129 43
95 97
227 144
134 24
209 108
2 228
175 89
22 167
177 88
211 56
228 11
222 163
131 163
63 206
233 212
168 18
136 8
23 166
52 214
221 164
228 8
34 157
138 171
259 159
25 225
126 178
172 131
24 165
166 23
136 135
5 101
86 105
133 155
12 171
94 163
175 254
262 143
215 50
131 228
175 216
168 146
36 155
97 28
43 13
224 157
71 199
147 134
110 79
21 40
136 0
81 187
143 227
134 172
100 141
223 31
140 170
97 156
27 163
189 80
43 92
210 58
88 50
172 5
69 74
95 36
36 131
26 98
149 99
78 64
93 167
228 134
38 151
135 139
253 178
30 34
65 77
150 226
93 166
42 144
221 37
53 86
212 182
262 8
101 132
219 168
225 152
171 139
33 30
101 11
85 55
140 100
84 57
219 169
250 185
155 163
224 155
201 196
221 98
43 142
172 134
100 16
62 121
172 0
189 121
16 100
172 7
14 100
222 224
40 130
187 81
19 226
62 207
216 175
228 131
112 203
56 84
101 138
163 95
139 171
26 98
148 99
191 78
172 129
69 244
101 138
140 262
135 228
98 152
138 171
10 171
215 103
17 42
213 180
242 199
101 135
3 45
181 125
35 156
44 137
194 76
27 224
69 201
142 135
38 25
211 184
172 2
146 41
171 91
28 224
69 201
31 160
13 227
172 133
227 142
247 63
172 0
188 121
227 17
134 172
141 227
222 224
100 16
187 81
108 82
128 101
3 263
246 192
112 204
161 95
16 170
97 155
44 139
26 98
35 28
18 41
177 88
55 85
151 165
262 13
126 50
157 161
149 99
259 158
225 151
193 76
86 53
180 213
150 166
220 166
101 133
168 92
225 152
131 35
225 154
69 201
135 15
165 152
101 132
172 2
190 206
218 171
224 155
196 74
30 224
128 171
32 96
111 78
209 186
0 45
187 208
164 27
172 7
170 141
158 223
130 168
8 172
172 218
249 59
136 3
228 130
26 37
144 262
255 173
219 226
44 139
225 26
28 162
4 228
263 134
133 101
101 138
181 213
228 9
229 89
171 11
192 78
29 162
252 52
165 221
53 86
23 39
51 87
228 6
35 156
206 64
44 12
34 30
137 101
142 135
240 202
211 184
49 89
250 184
226 20
28 224
145 227
222 34
45 128
184 83
227 142
247 63
90 173
147 40
110 207
186 209
227 15
158 223
197 200
172 135
18 227
62 207
91 170
64 246
26 37
17 135
170 142
99 220
37 131
98 154
155 35
205 191
134 136
84 183
241 74
140 262
50 253
221 165
226 149
158 132
24 225
193 77
11 262
53 86
213 181
87 178
192 204
168 93
98 25
203 194
94 164
68 202
15 262
113 75
22 39
132 263
3 101
171 91
207 61
18 100
34 95
142 170
223 32
175 216
82 59
218 171
40 20
100 144
172 7
227 15
223 96
227 143
60 209
208 109
122 187
1 172
148 40
227 14
96 33
100 139
156 224
195 202
98 154
148 99
251 56
50 215
150 39
87 51
181 213
195 202
34 157
171 11
64 205
167 220
52 125
138 135
71 243
116 197
172 3
6 101
104 214
64 79
138 44
221 37
195 75
35 95
215 51
67 118
219 169
250 184
107 211
9 44
196 74
224 156
15 43
84 57
111 78
40 148
2 136
81 188
207 236
97 30
170 141
96 223
256 41
45 7
163 154
101 1
128 45
191 120
153 164
96 33
200 70
95 35
171 12
26 260
28 162
228 131
220 41
150 39
38 152
14 135
195 202
90 102
138 171
205 191
220 40
18 42
135 10
243 198
54 213
45 130
101 133
87 104
10 44
34 258
153 98
127 176
262 141
139 101
211 183
49 89
63 79
43 218
153 260
201 196
222 35
172 255
18 262
205 111
247 64
218 171
188 208
100 144
82 186
256 169
223 96
198 199
157 224
154 36
20 41
47 217
83 186
100 141
172 6
142 43
33 158
99 18
133 26
170 219
19 41
6 263
194 118
114 201
5 45
16 169
90 102
99 21
191 78
40 93
77 66
10 262
243 198
151 166
52 87
133 228
35 156
171 10
76 66
165 221
143 169
14 262
152 38
39 149
92 41
79 190
170 92
26 133
165 130
156 97
43 142
6 172
15 227
191 247
47 90
147 41
36 154
261 22
42 256
32 32
14 43
172 134
217 46
188 81
45 1
228 130
26 37
33 223
100 139
31 33
69 74
136 44
84 234
63 206
263 133
101 6
87 51
135 141
169 143
217 228
21 226
98 151
93 167
66 204
166 221
181 213
101 136
38 221
77 193
220 167
225 151
138 44
38 94
16 42
132 45
11 228
67 118
215 49
41 19
234 84
98 27
130 38
160 158
139 100
57 211
164 153
130 228
1 45
20 168
109 208
82 186
72 71
223 96
142 100
22 261
208 109
188 81
2 263
21 167
164 26
18 135
197 200
95 35
145 100
27 97
155 36
19 41
2 172
228 132
51 214
141 262
228 10
34 157
21 226
78 64
162 156
18 42
94 166
23 166
24 39
52 87
53 252
162 29
171 10
99 149
94 165
195 75
163 222
201 114
195 245
129 172
41 19
226 21
154 98
171 139
99 93
139 100
18 262
239 204
21 40
217 47
41 20
81 109
45 134
129 41
159 96
42 129
22 261
90 173
121 188
1 172
63 247
142 227
210 57
15 170
31 33
100 18
44 9
218 43
19 41
176 89
166 149
152 165
85 182
101 137
101 218
148 99
137 44
226 150
77 65
51 214
228 135
86 53
165 94
252 179
88 104
151 98
11 171
90 229
169 17
172 131
51 87
228 6
50 88
131 228
84 106
98 27
202 195
29 224
46 128
184 84
164 153
191 247
1 45
101 128
217 172
261 23
43 14
32 96
129 169
59 209
237 207
61 208
171 218
129 101
216 175
45 133
45 255
160 31
145 100
61 207
91 171
206 190
45 2
211 57
165 25
45 132
202 68
34 157
194 203
156 133
226 150
6 228
172 130
243 197
24 38
179 214
179 125
35 156
205 65
259 160
165 221
101 9
86 54
228 138
195 245
2 45
41 19
21 99
80 189
12 171
160 158
101 12
56 211
176 216
191 246
1 45
207 62
18 100
156 97
41 256
159 159
129 169
223 31
37 27
188 81
90 46
2 228
37 153
184 210
15 170
221 225
39 130
28 97
218 44
206 190
132 136
166 149
100 139
172 5
169 143
228 91
21 226
29 260
219 41
101 6
9 262
150 39
228 9
262 11
193 203
93 40
10 44
132 33
229 216
228 136
4 172
87 179
101 133
93 41
168 146
155 162
26 225
258 164
160 158
46 128
84 56
112 77
210 185
43 219
168 147
154 163
209 60
170 141
223 33
227 142
45 7
227 144
188 248
1 263
101 2
37 153
134 146
72 198
34 222
170 13
260 152
99 20
146 168
45 2
193 118
50 215
212 55
69 74
161 30
99 20
206 190
41 92
192 77
135 9
39 23
86 53
165 94
203 66
34 156
225 150
160 132
216 102
76 67
221 36
200 114
228 6
136 134
145 41
169 92
26 225
146 226
28 224
70 201
211 183
227 141
58 210
136 130
128 228
108 209
156 97
13 170
32 32
170 256
21 261
17 227
187 81
45 0
167 148
142 227
223 159
43 15
161 95
170 13
224 28
210 107
206 190
42 92
101 5
13 100
45 132
74 196
228 91
67 76
79 63
29 162
101 5
39 93
117 70
24 38
221 164
52 253
215 230
65 78
66 204
98 25
67 203
172 131
87 179
23 39
263 7
78 191
233 85
80 190
12 171
36 95
69 201
161 222
13 227
4 101
130 263
189 207
235 82
261 23
16 100
32 32
14 227
134 45
47 90
81 60
263 128
167 148
174 89
20 134
44 255
95 34
140 170
97 155
19 226
207 190
45 2
193 119
75 113
172 5
201 69
224 27
203 67
206 190
99 22
18 41
135 135
39 23
137 228
53 86
67 76
24 98
226 150
77 65
166 220
203 194
86 53
38 24
85 55
8 136
228 5
212 233
136 171
202 195
100 92
47 127
172 132
25 164
58 210
263 4
168 147
19 99
24 134
227 17
223 33
100 14
20 261
153 37
101 128
172 0
148 40
16 100
83 185
171 129
225 94
257 39
135 45
155 36
146 168
169 219
101 4
100 140
34 222
127 48
28 97
147 99
190 79
219 42
65 205
130 45
69 244
115 199
86 180
144 42
88 103
23 226
138 44
89 230
67 203
172 131
87 179
244 69
263 8
168 145
28 35
155 260
171 139
95 163
127 174
143 135
203 113
192 246
136 131
20 168
27 36
97 29
144 227
97 95
100 14
172 134
227 143
121 189
90 45
187 209
16 100
261 20
14 100
224 95
70 73
81 61
108 82
80 62
128 45
228 131
215 177
161 95
143 42
158 160
36 131
9 171
149 99
182 251
167 220
196 117
228 10
213 53
228 8
93 39
159 259
99 150
225 152
228 135
86 53
228 137
101 134
40 220
182 124
42 219
260 28
99 147
219 100
228 138
135 16
152 38
149 167
4 136
250 185
99 146
28 224
40 257
159 159
171 256
31 96
164 153
62 121
172 217
128 101
143 227
172 7
170 129
96 33
13 43
261 151
82 235
186 250
172 128
131 101
25 38
262 16
127 47
28 97
163 258
98 153
155 35
191 78
135 136
55 85
200 242
139 262
8 101
161 30
44 138
11 171
34 29
203 194
213 180
10 228
101 134
220 167
18 168
213 232
225 152
12 171
97 28
254 48
5 172
50 88
210 184
92 42
228 2
146 226
28 224
13 170
221 98
14 227
96 159
16 227
148 167
90 172
208 60
47 217
58 83
100 141
160 96
73 197
172 135
163 154
129 101
4 263
101 4
50 215
34 222
74 196
160 31
36 131
9 171
85 233
18 41
40 93
101 7
137 228
131 172
76 194
152 225
149 99
259 158
166 220
178 253
12 262
10 228
85 55
135 135
132 228
22 99
260 28
44 12
224 154
127 175
16 262
152 38
119 193
48 89
185 123
36 155
261 25
39 257
33 31
71 199
45 7
216 47
167 21
172 91
81 187
37 154
172 7
170 141
32 32
43 140
29 97
172 218
207 189
1 172
131 101
176 88
133 172
143 42
222 163
131 163
207 190
162 155
55 124
45 2
166 150
165 24
164 94
203 67
98 152
138 171
259 158
151 98
7 228
94 164
38 24
166 23
178 214
132 228
99 149
190 206
44 12
154 97
175 254
5 172
215 50
84 57
42 219
129 228
19 99
224 155
196 74
97 30
140 100
32 96
175 216
209 186
90 173
1 228
17 100
134 172
71 199
95 97
200 70
97 156
45 91
186 249
43 92
101 3
112 203
222 161
170 143
163 95
99 19
27 260
226 148
228 131
177 88
212 55
138 228
36 221
194 203
229 89
11 44
158 132
40 93
203 193
172 131
53 86
70 116
136 262
125 54
213 232
98 25
139 44
221 37
143 169
15 262
139 100
184 84
92 42
19 168
171 91
224 155
257 166
30 224
171 255
172 133
15 227
148 167
45 218
20 167
237 80
134 148
227 15
160 96
73 197
23 261
209 109
207 189
216 174
40 22
100 141
262 17
12 101
158 160
131 164
98 153
212 106
228 131
50 215
195 117
241 73
163 94
194 202
216 229
77 193
31 259
93 167
7 228
165 221
228 136
85 54
130 172
169 145
168 92
206 64
203 194
218 101
143 169
172 132
139 100
118 194
172 2
190 206
210 234
97 28
170 140
157 97
198 72
184 83
227 142
247 63
0 45
40 20
227 17
209 59
15 100
158 223
129 168
97 156
154 36
62 207
47 217
167 148
153 164
17 135
200 70
162 95
171 12
171 136
162 155
101 4
168 220
118 68
228 11
135 140
9 101
30 34
99 22
31 259
156 35
252 52
38 94
9 228
70 116
262 9
133 228
23 99
25 225
99 148
34 30
127 175
15 262
51 88
118 194
132 263
19 168
163 28
44 135
165 130
158 33
100 13
210 184
227 142
190 247
217 46
61 81
17 100
7 45
169 129
159 223
141 170
30 97
217 45
168 20
43 91
83 185
89 49
172 6
139 227
222 162
75 195
44 9
21 226
206 191
220 41
166 150
152 165
86 181
68 75
34 157
171 11
157 132
29 162
125 179
221 38
180 213
197 243
214 51
18 169
87 104
191 206
148 226
218 101
10 228
45 5
25 165
101 132
172 2
130 228
155 163
133 153
227 18
97 29
45 128
146 134
48 89
129 228
218 171
188 208
36 154
22 134
42 256
96 96
129 168
224 30
154 36
20 41
128 45
185 210
89 49
184 211
100 139
158 160
131 164
44 9
84 233
183 251
136 6
150 39
11 101
262 14
195 202
30 34
44 138
44 10
40 93
228 134
10 262
71 243
166 23
135 137
42 18
93 41
205 64
44 11
161 157
42 143
45 5
214 51
118 194
41 219
123 57
20 99
133 153
140 43
29 224
172 255
6 172
238 205
167 21
91 44
81 188
46 217
82 186
72 71
159 223
41 129
172 134
154 36
81 61
218 44
210 59
176 89
262 18
200 70
222 162
140 170
171 136
148 99
131 101
2 172
245 194
74 114
181 212
202 68
161 30
66 76
157 132
104 87
101 7
87 52
181 213
8 101
214 52
204 66
93 40
171 10
193 76
38 94
228 136
135 14
12 228
84 56
168 92
3 101
226 20
154 97
18 100
162 222
70 200
172 133
15 227
148 167
172 1
61 81
17 100
261 22
198 72
159 159
15 227
134 22
144 100
228 0
172 128
101 3
142 227
223 160
255 172
160 31
13 43
27 97
107 84
190 79
6 263
