Copyright 1986-2022 Xilinx, Inc. All Rights Reserved. Copyright 2022-2023 Advanced Micro Devices, Inc. All Rights Reserved.
---------------------------------------------------------------------------------------------------------------------------------------------------------------------------------------------------------------------------------------------
| Tool Version : Vivado v.2023.1 (win64) Build 3865809 Sun May  7 15:05:29 MDT 2023
| Date         : Wed May 21 11:20:18 2025
| Host         : IgnachPC running 64-bit major release  (build 9200)
| Command      : report_timing_summary -max_paths 10 -report_unconstrained -file carrier_recovery_timing_summary_routed.rpt -pb carrier_recovery_timing_summary_routed.pb -rpx carrier_recovery_timing_summary_routed.rpx -warn_on_violation
| Design       : carrier_recovery
| Device       : 7a35ti-csg324
| Speed File   : -1L  PRODUCTION 1.23 2018-06-13
| Design State : Routed
---------------------------------------------------------------------------------------------------------------------------------------------------------------------------------------------------------------------------------------------

Timing Summary Report

------------------------------------------------------------------------------------------------
| Timer Settings
| --------------
------------------------------------------------------------------------------------------------

  Enable Multi Corner Analysis               :  Yes
  Enable Pessimism Removal                   :  Yes
  Pessimism Removal Resolution               :  Nearest Common Node
  Enable Input Delay Default Clock           :  No
  Enable Preset / Clear Arcs                 :  No
  Disable Flight Delays                      :  No
  Ignore I/O Paths                           :  No
  Timing Early Launch at Borrowing Latches   :  No
  Borrow Time for Max Delay Exceptions       :  Yes
  Merge Timing Exceptions                    :  Yes

  Corner  Analyze    Analyze    
  Name    Max Paths  Min Paths  
  ------  ---------  ---------  
  Slow    Yes        Yes        
  Fast    Yes        Yes        


------------------------------------------------------------------------------------------------
| Report Methodology
| ------------------
------------------------------------------------------------------------------------------------

Rule       Severity  Description                    Violations  
---------  --------  -----------------------------  ----------  
TIMING-16  Warning   Large setup violation          10          
TIMING-18  Warning   Missing input or output delay  33          

Note: This report is based on the most recent report_methodology run and may not be up-to-date. Run report_methodology on the current design for the latest report.



check_timing report

Table of Contents
-----------------
1. checking no_clock (0)
2. checking constant_clock (0)
3. checking pulse_width_clock (0)
4. checking unconstrained_internal_endpoints (0)
5. checking no_input_delay (17)
6. checking no_output_delay (16)
7. checking multiple_clock (0)
8. checking generated_clocks (0)
9. checking loops (0)
10. checking partial_input_delay (0)
11. checking partial_output_delay (0)
12. checking latch_loops (0)

1. checking no_clock (0)
------------------------
 There are 0 register/latch pins with no clock.


2. checking constant_clock (0)
------------------------------
 There are 0 register/latch pins with constant_clock.


3. checking pulse_width_clock (0)
---------------------------------
 There are 0 register/latch pins which need pulse_width check


4. checking unconstrained_internal_endpoints (0)
------------------------------------------------
 There are 0 pins that are not constrained for maximum delay.

 There are 0 pins that are not constrained for maximum delay due to constant clock.


5. checking no_input_delay (17)
-------------------------------
 There are 17 input ports with no input delay specified. (HIGH)

 There are 0 input ports with no input delay but user has a false path constraint.


6. checking no_output_delay (16)
--------------------------------
 There are 16 ports with no output delay specified. (HIGH)

 There are 0 ports with no output delay but user has a false path constraint

 There are 0 ports with no output delay but with a timing clock defined on it or propagating through it


7. checking multiple_clock (0)
------------------------------
 There are 0 register/latch pins with multiple clocks.


8. checking generated_clocks (0)
--------------------------------
 There are 0 generated clocks that are not connected to a clock source.


9. checking loops (0)
---------------------
 There are 0 combinational loops in the design.


10. checking partial_input_delay (0)
------------------------------------
 There are 0 input ports with partial input delay specified.


11. checking partial_output_delay (0)
-------------------------------------
 There are 0 ports with partial output delay specified.


12. checking latch_loops (0)
----------------------------
 There are 0 combinational latch loops in the design through latch input



------------------------------------------------------------------------------------------------
| Design Timing Summary
| ---------------------
------------------------------------------------------------------------------------------------

    WNS(ns)      TNS(ns)  TNS Failing Endpoints  TNS Total Endpoints      WHS(ns)      THS(ns)  THS Failing Endpoints  THS Total Endpoints     WPWS(ns)     TPWS(ns)  TPWS Failing Endpoints  TPWS Total Endpoints  
    -------      -------  ---------------------  -------------------      -------      -------  ---------------------  -------------------     --------     --------  ----------------------  --------------------  
     -8.123      -77.992                     15                  114        0.201        0.000                      0                  114        9.500        0.000                       0                    49  


Timing constraints are not met.


------------------------------------------------------------------------------------------------
| Clock Summary
| -------------
------------------------------------------------------------------------------------------------

Clock        Waveform(ns)       Period(ns)      Frequency(MHz)
-----        ------------       ----------      --------------
sys_clk_pin  {0.000 10.000}     20.000          50.000          


------------------------------------------------------------------------------------------------
| Intra Clock Table
| -----------------
------------------------------------------------------------------------------------------------

Clock             WNS(ns)      TNS(ns)  TNS Failing Endpoints  TNS Total Endpoints      WHS(ns)      THS(ns)  THS Failing Endpoints  THS Total Endpoints     WPWS(ns)     TPWS(ns)  TPWS Failing Endpoints  TPWS Total Endpoints  
-----             -------      -------  ---------------------  -------------------      -------      -------  ---------------------  -------------------     --------     --------  ----------------------  --------------------  
sys_clk_pin        -8.123      -77.992                     15                  114        0.201        0.000                      0                  114        9.500        0.000                       0                    49  


------------------------------------------------------------------------------------------------
| Inter Clock Table
| -----------------
------------------------------------------------------------------------------------------------

From Clock    To Clock          WNS(ns)      TNS(ns)  TNS Failing Endpoints  TNS Total Endpoints      WHS(ns)      THS(ns)  THS Failing Endpoints  THS Total Endpoints  
----------    --------          -------      -------  ---------------------  -------------------      -------      -------  ---------------------  -------------------  


------------------------------------------------------------------------------------------------
| Other Path Groups Table
| -----------------------
------------------------------------------------------------------------------------------------

Path Group    From Clock    To Clock          WNS(ns)      TNS(ns)  TNS Failing Endpoints  TNS Total Endpoints      WHS(ns)      THS(ns)  THS Failing Endpoints  THS Total Endpoints  
----------    ----------    --------          -------      -------  ---------------------  -------------------      -------      -------  ---------------------  -------------------  


------------------------------------------------------------------------------------------------
| User Ignored Path Table
| -----------------------
------------------------------------------------------------------------------------------------

Path Group    From Clock    To Clock    
----------    ----------    --------    


------------------------------------------------------------------------------------------------
| Unconstrained Path Table
| ------------------------
------------------------------------------------------------------------------------------------

Path Group    From Clock    To Clock    
----------    ----------    --------    
(none)                                    
(none)        sys_clk_pin                 
(none)                      sys_clk_pin   


------------------------------------------------------------------------------------------------
| Timing Details
| --------------
------------------------------------------------------------------------------------------------


---------------------------------------------------------------------------------------------------
From Clock:  sys_clk_pin
  To Clock:  sys_clk_pin

Setup :           15  Failing Endpoints,  Worst Slack       -8.123ns,  Total Violation      -77.992ns
Hold  :            0  Failing Endpoints,  Worst Slack        0.201ns,  Total Violation        0.000ns
PW    :            0  Failing Endpoints,  Worst Slack        9.500ns,  Total Violation        0.000ns
---------------------------------------------------------------------------------------------------


Max Delay Paths
--------------------------------------------------------------------------------------
Slack (VIOLATED) :        -8.123ns  (required time - arrival time)
  Source:                 u_phase_detector/u_ram_r/U0/inst_blk_mem_gen/gnbram.gnativebmg.native_blk_mem_gen/valid.cstr/ramloop[0].ram.r/prim_init.ram/DEVICE_7SERIES.NO_BMM_INFO.SP.SIMPLE_PRIM36.ram/CLKARDCLK
                            (rising edge-triggered cell RAMB36E1 clocked by sys_clk_pin  {rise@0.000ns fall@10.000ns period=20.000ns})
  Destination:            u_vco/r_accumulator_i_reg[10]/D
                            (rising edge-triggered cell FDCE clocked by sys_clk_pin  {rise@0.000ns fall@10.000ns period=20.000ns})
  Path Group:             sys_clk_pin
  Path Type:              Setup (Max at Slow Process Corner)
  Requirement:            20.000ns  (sys_clk_pin rise@20.000ns - sys_clk_pin rise@0.000ns)
  Data Path Delay:        28.044ns  (logic 15.880ns (56.624%)  route 12.164ns (43.376%))
  Logic Levels:           40  (CARRY4=23 LUT1=2 LUT2=7 LUT3=1 LUT4=2 LUT5=1 LUT6=4)
  Clock Path Skew:        -0.074ns (DCD - SCD + CPR)
    Destination Clock Delay (DCD):    4.822ns = ( 24.822 - 20.000 ) 
    Source Clock Delay      (SCD):    5.155ns
    Clock Pessimism Removal (CPR):    0.259ns
  Clock Uncertainty:      0.035ns  ((TSJ^2 + TIJ^2)^1/2 + DJ) / 2 + PE
    Total System Jitter     (TSJ):    0.071ns
    Total Input Jitter      (TIJ):    0.000ns
    Discrete Jitter          (DJ):    0.000ns
    Phase Error              (PE):    0.000ns

    Location             Delay type                Incr(ns)  Path(ns)    Netlist Resource(s)
  -------------------------------------------------------------------    -------------------
                         (clock sys_clk_pin rise edge)
                                                      0.000     0.000 r  
    E3                                                0.000     0.000 r  i_clock (IN)
                         net (fo=0)                   0.000     0.000    i_clock
    E3                   IBUF (Prop_ibuf_I_O)         1.489     1.489 r  i_clock_IBUF_inst/O
                         net (fo=1, routed)           1.967     3.455    i_clock_IBUF
    BUFGCTRL_X0Y16       BUFG (Prop_bufg_I_O)         0.096     3.551 r  i_clock_IBUF_BUFG_inst/O
                         net (fo=48, routed)          1.604     5.155    u_phase_detector/u_ram_r/U0/inst_blk_mem_gen/gnbram.gnativebmg.native_blk_mem_gen/valid.cstr/ramloop[0].ram.r/prim_init.ram/clka
    RAMB36_X1Y3          RAMB36E1                                     r  u_phase_detector/u_ram_r/U0/inst_blk_mem_gen/gnbram.gnativebmg.native_blk_mem_gen/valid.cstr/ramloop[0].ram.r/prim_init.ram/DEVICE_7SERIES.NO_BMM_INFO.SP.SIMPLE_PRIM36.ram/CLKARDCLK
  -------------------------------------------------------------------    -------------------
    RAMB36_X1Y3          RAMB36E1 (Prop_ramb36e1_CLKARDCLK_DOADO[4])
                                                      2.454     7.609 f  u_phase_detector/u_ram_r/U0/inst_blk_mem_gen/gnbram.gnativebmg.native_blk_mem_gen/valid.cstr/ramloop[0].ram.r/prim_init.ram/DEVICE_7SERIES.NO_BMM_INFO.SP.SIMPLE_PRIM36.ram/DOADO[4]
                         net (fo=1, routed)           1.130     8.739    u_phase_detector/u_ram_r/U0/inst_blk_mem_gen/gnbram.gnativebmg.native_blk_mem_gen/valid.cstr/has_mux_a.A/douta_array[4]
    SLICE_X51Y17         LUT6 (Prop_lut6_I2_O)        0.124     8.863 f  u_phase_detector/u_ram_r/U0/inst_blk_mem_gen/gnbram.gnativebmg.native_blk_mem_gen/valid.cstr/has_mux_a.A/douta[4]_INST_0/O
                         net (fo=8, routed)           1.031     9.894    u_phase_detector/phase_r_h[4]
    SLICE_X48Y19         LUT6 (Prop_lut6_I5_O)        0.124    10.018 r  u_phase_detector/i_data0_carry__0_i_19/O
                         net (fo=4, routed)           0.362    10.380    u_phase_detector/i_data0_carry__0_i_19_n_0
    SLICE_X50Y20         LUT3 (Prop_lut3_I2_O)        0.124    10.504 r  u_phase_detector/i_data0_carry__0_i_16/O
                         net (fo=1, routed)           0.590    11.094    u_phase_detector/i_data0_carry__0_i_16_n_0
    SLICE_X50Y21         LUT6 (Prop_lut6_I4_O)        0.124    11.218 r  u_phase_detector/i_data0_carry__0_i_6/O
                         net (fo=2, routed)           0.479    11.697    u_phase_detector/phase_r_converted[7]
    SLICE_X48Y21         LUT5 (Prop_lut5_I0_O)        0.124    11.821 r  u_phase_detector/i_data0_carry__0_i_10/O
                         net (fo=1, routed)           0.000    11.821    u_phase_detector/i_data0_carry__0_i_10_n_0
    SLICE_X48Y21         CARRY4 (Prop_carry4_S[3]_CO[3])
                                                      0.401    12.222 r  u_phase_detector/i_data0_carry__0_i_1/CO[3]
                         net (fo=1, routed)           0.000    12.222    u_phase_detector/i_data0_carry__0_i_1_n_0
    SLICE_X48Y22         CARRY4 (Prop_carry4_CI_O[1])
                                                      0.334    12.556 r  u_phase_detector/i_data0_carry__1_i_3/O[1]
                         net (fo=10, routed)          0.500    13.057    u_phase_detector/s_in_phase_r_reg_0[7]
    SLICE_X49Y23         LUT2 (Prop_lut2_I0_O)        0.303    13.360 r  u_phase_detector/i_data0_carry__1_i_6/O
                         net (fo=1, routed)           0.000    13.360    u_loop_filter/i_data0__33_carry_0[1]
    SLICE_X49Y23         CARRY4 (Prop_carry4_S[1]_O[2])
                                                      0.580    13.940 r  u_loop_filter/i_data0_carry__1/O[2]
                         net (fo=1, routed)           0.608    14.548    u_loop_filter/i_data0_carry__1_n_5
    SLICE_X49Y25         CARRY4 (Prop_carry4_S[2]_CO[3])
                                                      0.700    15.248 r  u_loop_filter/i_data0__33_carry/CO[3]
                         net (fo=1, routed)           0.000    15.248    u_loop_filter/i_data0__33_carry_n_0
    SLICE_X49Y26         CARRY4 (Prop_carry4_CI_O[1])
                                                      0.334    15.582 r  u_loop_filter/i_data0__33_carry__0/O[1]
                         net (fo=1, routed)           0.686    16.269    u_loop_filter/u_round_i/sum_i_converted2_carry__0_i_2[1]
    SLICE_X49Y20         CARRY4 (Prop_carry4_S[1]_CO[2])
                                                      0.873    17.142 r  u_loop_filter/u_round_i/o_round0_carry__1/CO[2]
                         net (fo=4, routed)           0.804    17.946    u_loop_filter/u_round_i_n_2
    SLICE_X48Y25         LUT2 (Prop_lut2_I1_O)        0.313    18.259 r  u_loop_filter/sum_i_converted2_carry__1_i_2/O
                         net (fo=1, routed)           0.000    18.259    u_loop_filter/sum_i_converted2_carry__1_i_2_n_0
    SLICE_X48Y25         CARRY4 (Prop_carry4_S[1]_O[2])
                                                      0.580    18.839 f  u_loop_filter/sum_i_converted2_carry__1/O[2]
                         net (fo=5, routed)           0.586    19.425    u_loop_filter/sum_i_converted2_carry__1_n_5
    SLICE_X47Y24         LUT1 (Prop_lut1_I0_O)        0.302    19.727 r  u_loop_filter/i__carry__1_i_1/O
                         net (fo=1, routed)           0.000    19.727    u_loop_filter/i__carry__1_i_1_n_0
    SLICE_X47Y24         CARRY4 (Prop_carry4_S[1]_O[2])
                                                      0.580    20.307 f  u_loop_filter/sum_i_converted2_inferred__0/i__carry__1/O[2]
                         net (fo=2, routed)           0.674    20.980    u_loop_filter/sum_i_converted2[11]
    SLICE_X47Y26         LUT2 (Prop_lut2_I0_O)        0.302    21.282 r  u_loop_filter/i__carry__0_i_4__0/O
                         net (fo=1, routed)           0.000    21.282    u_loop_filter/i__carry__0_i_4__0_n_0
    SLICE_X47Y26         CARRY4 (Prop_carry4_S[1]_CO[3])
                                                      0.550    21.832 r  u_loop_filter/sum_i_converted1_inferred__0/i__carry__0/CO[3]
                         net (fo=1, routed)           0.000    21.832    u_loop_filter/sum_i_converted1_inferred__0/i__carry__0_n_0
    SLICE_X47Y27         CARRY4 (Prop_carry4_CI_CO[3])
                                                      0.114    21.946 r  u_loop_filter/sum_i_converted1_inferred__0/i__carry__1/CO[3]
                         net (fo=1, routed)           0.000    21.946    u_loop_filter/sum_i_converted1_inferred__0/i__carry__1_n_0
    SLICE_X47Y28         CARRY4 (Prop_carry4_CI_CO[3])
                                                      0.114    22.060 r  u_loop_filter/sum_i_converted1_inferred__0/i__carry__2/CO[3]
                         net (fo=6, routed)           0.890    22.950    u_loop_filter/sum_i_converted1_inferred__0/i__carry__2_n_0
    SLICE_X48Y28         LUT2 (Prop_lut2_I1_O)        0.124    23.074 r  u_loop_filter/sum_i_converted0_carry_i_1/O
                         net (fo=1, routed)           0.000    23.074    u_loop_filter/sum_i_converted0_carry_i_1_n_0
    SLICE_X48Y28         CARRY4 (Prop_carry4_S[1]_CO[3])
                                                      0.550    23.624 r  u_loop_filter/sum_i_converted0_carry/CO[3]
                         net (fo=1, routed)           0.000    23.624    u_loop_filter/sum_i_converted0_carry_n_0
    SLICE_X48Y29         CARRY4 (Prop_carry4_CI_O[1])
                                                      0.334    23.958 r  u_loop_filter/sum_i_converted0_carry__0/O[1]
                         net (fo=1, routed)           0.449    24.406    u_loop_filter/sum_i_converted0_carry__0_n_6
    SLICE_X48Y31         LUT4 (Prop_lut4_I3_O)        0.303    24.709 r  u_loop_filter/r_accumulator_i[6]_i_1/O
                         net (fo=3, routed)           0.362    25.071    u_phase_detector/o_phase0_carry__1[5]
    SLICE_X49Y31         LUT4 (Prop_lut4_I0_O)        0.124    25.195 r  u_phase_detector/o_phase0_carry__0_i_2/O
                         net (fo=1, routed)           0.000    25.195    u_loop_filter/sum_i_converted2_carry__0_i_4__0[2]
    SLICE_X49Y31         CARRY4 (Prop_carry4_S[2]_CO[3])
                                                      0.398    25.593 r  u_loop_filter/o_phase0_carry__0/CO[3]
                         net (fo=1, routed)           0.000    25.593    u_loop_filter/o_phase0_carry__0_n_0
    SLICE_X49Y32         CARRY4 (Prop_carry4_CI_O[1])
                                                      0.334    25.927 r  u_loop_filter/o_phase0_carry__1/O[1]
                         net (fo=1, routed)           0.608    26.536    u_vco/i_phase[9]
    SLICE_X49Y29         LUT2 (Prop_lut2_I1_O)        0.303    26.839 r  u_vco/sum_i_converted2_carry__1_i_3/O
                         net (fo=1, routed)           0.000    26.839    u_vco/sum_i_converted2_carry__1_i_3_n_0
    SLICE_X49Y29         CARRY4 (Prop_carry4_S[1]_O[2])
                                                      0.580    27.419 f  u_vco/sum_i_converted2_carry__1/O[2]
                         net (fo=5, routed)           0.588    28.006    u_vco/sum_i_converted2_carry__1_n_5
    SLICE_X51Y29         LUT1 (Prop_lut1_I0_O)        0.302    28.308 r  u_vco/i__carry__1_i_1__0/O
                         net (fo=1, routed)           0.000    28.308    u_vco/i__carry__1_i_1__0_n_0
    SLICE_X51Y29         CARRY4 (Prop_carry4_S[1]_O[2])
                                                      0.580    28.888 f  u_vco/sum_i_converted2_inferred__0/i__carry__1/O[2]
                         net (fo=2, routed)           0.595    29.483    u_vco/sum_i_converted2_inferred__0/i__carry__1_n_5
    SLICE_X50Y28         LUT2 (Prop_lut2_I0_O)        0.302    29.785 r  u_vco/i__carry__0_i_4__2/O
                         net (fo=1, routed)           0.000    29.785    u_vco/i__carry__0_i_4__2_n_0
    SLICE_X50Y28         CARRY4 (Prop_carry4_S[1]_CO[3])
                                                      0.533    30.318 r  u_vco/sum_i_converted1_inferred__0/i__carry__0/CO[3]
                         net (fo=1, routed)           0.000    30.318    u_vco/sum_i_converted1_inferred__0/i__carry__0_n_0
    SLICE_X50Y29         CARRY4 (Prop_carry4_CI_CO[3])
                                                      0.117    30.435 r  u_vco/sum_i_converted1_inferred__0/i__carry__1/CO[3]
                         net (fo=1, routed)           0.000    30.435    u_vco/sum_i_converted1_inferred__0/i__carry__1_n_0
    SLICE_X50Y30         CARRY4 (Prop_carry4_CI_CO[3])
                                                      0.117    30.552 r  u_vco/sum_i_converted1_inferred__0/i__carry__2/CO[3]
                         net (fo=6, routed)           0.921    31.473    u_vco/sum_i_converted1_inferred__0/i__carry__2_n_0
    SLICE_X49Y33         LUT2 (Prop_lut2_I1_O)        0.124    31.597 r  u_vco/sum_i_converted0_carry_i_1__0/O
                         net (fo=1, routed)           0.000    31.597    u_vco/sum_i_converted0_carry_i_1__0_n_0
    SLICE_X49Y33         CARRY4 (Prop_carry4_S[1]_CO[3])
                                                      0.550    32.147 r  u_vco/sum_i_converted0_carry/CO[3]
                         net (fo=1, routed)           0.000    32.147    u_vco/sum_i_converted0_carry_n_0
    SLICE_X49Y34         CARRY4 (Prop_carry4_CI_CO[3])
                                                      0.114    32.261 r  u_vco/sum_i_converted0_carry__0/CO[3]
                         net (fo=1, routed)           0.000    32.261    u_vco/sum_i_converted0_carry__0_n_0
    SLICE_X49Y35         CARRY4 (Prop_carry4_CI_O[1])
                                                      0.334    32.595 r  u_vco/sum_i_converted0_carry__1/O[1]
                         net (fo=1, routed)           0.302    32.897    u_vco/sum_i_converted0_carry__1_n_6
    SLICE_X51Y35         LUT6 (Prop_lut6_I5_O)        0.303    33.200 r  u_vco/r_accumulator_i[10]_i_1__0/O
                         net (fo=1, routed)           0.000    33.200    u_vco/r_accumulator_i[10]_i_1__0_n_0
    SLICE_X51Y35         FDCE                                         r  u_vco/r_accumulator_i_reg[10]/D
  -------------------------------------------------------------------    -------------------

                         (clock sys_clk_pin rise edge)
                                                     20.000    20.000 r  
    E3                                                0.000    20.000 r  i_clock (IN)
                         net (fo=0)                   0.000    20.000    i_clock
    E3                   IBUF (Prop_ibuf_I_O)         1.418    21.418 r  i_clock_IBUF_inst/O
                         net (fo=1, routed)           1.862    23.280    i_clock_IBUF
    BUFGCTRL_X0Y16       BUFG (Prop_bufg_I_O)         0.091    23.371 r  i_clock_IBUF_BUFG_inst/O
                         net (fo=48, routed)          1.450    24.822    u_vco/CLK
    SLICE_X51Y35         FDCE                                         r  u_vco/r_accumulator_i_reg[10]/C
                         clock pessimism              0.259    25.081    
                         clock uncertainty           -0.035    25.045    
    SLICE_X51Y35         FDCE (Setup_fdce_C_D)        0.031    25.076    u_vco/r_accumulator_i_reg[10]
  -------------------------------------------------------------------
                         required time                         25.076    
                         arrival time                         -33.200    
  -------------------------------------------------------------------
                         slack                                 -8.123    

Slack (VIOLATED) :        -8.012ns  (required time - arrival time)
  Source:                 u_phase_detector/u_ram_r/U0/inst_blk_mem_gen/gnbram.gnativebmg.native_blk_mem_gen/valid.cstr/ramloop[0].ram.r/prim_init.ram/DEVICE_7SERIES.NO_BMM_INFO.SP.SIMPLE_PRIM36.ram/CLKARDCLK
                            (rising edge-triggered cell RAMB36E1 clocked by sys_clk_pin  {rise@0.000ns fall@10.000ns period=20.000ns})
  Destination:            u_vco/r_accumulator_i_reg[6]/D
                            (rising edge-triggered cell FDCE clocked by sys_clk_pin  {rise@0.000ns fall@10.000ns period=20.000ns})
  Path Group:             sys_clk_pin
  Path Type:              Setup (Max at Slow Process Corner)
  Requirement:            20.000ns  (sys_clk_pin rise@20.000ns - sys_clk_pin rise@0.000ns)
  Data Path Delay:        27.932ns  (logic 15.766ns (56.445%)  route 12.166ns (43.555%))
  Logic Levels:           39  (CARRY4=22 LUT1=2 LUT2=7 LUT3=1 LUT4=3 LUT5=1 LUT6=3)
  Clock Path Skew:        -0.075ns (DCD - SCD + CPR)
    Destination Clock Delay (DCD):    4.821ns = ( 24.821 - 20.000 ) 
    Source Clock Delay      (SCD):    5.155ns
    Clock Pessimism Removal (CPR):    0.259ns
  Clock Uncertainty:      0.035ns  ((TSJ^2 + TIJ^2)^1/2 + DJ) / 2 + PE
    Total System Jitter     (TSJ):    0.071ns
    Total Input Jitter      (TIJ):    0.000ns
    Discrete Jitter          (DJ):    0.000ns
    Phase Error              (PE):    0.000ns

    Location             Delay type                Incr(ns)  Path(ns)    Netlist Resource(s)
  -------------------------------------------------------------------    -------------------
                         (clock sys_clk_pin rise edge)
                                                      0.000     0.000 r  
    E3                                                0.000     0.000 r  i_clock (IN)
                         net (fo=0)                   0.000     0.000    i_clock
    E3                   IBUF (Prop_ibuf_I_O)         1.489     1.489 r  i_clock_IBUF_inst/O
                         net (fo=1, routed)           1.967     3.455    i_clock_IBUF
    BUFGCTRL_X0Y16       BUFG (Prop_bufg_I_O)         0.096     3.551 r  i_clock_IBUF_BUFG_inst/O
                         net (fo=48, routed)          1.604     5.155    u_phase_detector/u_ram_r/U0/inst_blk_mem_gen/gnbram.gnativebmg.native_blk_mem_gen/valid.cstr/ramloop[0].ram.r/prim_init.ram/clka
    RAMB36_X1Y3          RAMB36E1                                     r  u_phase_detector/u_ram_r/U0/inst_blk_mem_gen/gnbram.gnativebmg.native_blk_mem_gen/valid.cstr/ramloop[0].ram.r/prim_init.ram/DEVICE_7SERIES.NO_BMM_INFO.SP.SIMPLE_PRIM36.ram/CLKARDCLK
  -------------------------------------------------------------------    -------------------
    RAMB36_X1Y3          RAMB36E1 (Prop_ramb36e1_CLKARDCLK_DOADO[4])
                                                      2.454     7.609 f  u_phase_detector/u_ram_r/U0/inst_blk_mem_gen/gnbram.gnativebmg.native_blk_mem_gen/valid.cstr/ramloop[0].ram.r/prim_init.ram/DEVICE_7SERIES.NO_BMM_INFO.SP.SIMPLE_PRIM36.ram/DOADO[4]
                         net (fo=1, routed)           1.130     8.739    u_phase_detector/u_ram_r/U0/inst_blk_mem_gen/gnbram.gnativebmg.native_blk_mem_gen/valid.cstr/has_mux_a.A/douta_array[4]
    SLICE_X51Y17         LUT6 (Prop_lut6_I2_O)        0.124     8.863 f  u_phase_detector/u_ram_r/U0/inst_blk_mem_gen/gnbram.gnativebmg.native_blk_mem_gen/valid.cstr/has_mux_a.A/douta[4]_INST_0/O
                         net (fo=8, routed)           1.031     9.894    u_phase_detector/phase_r_h[4]
    SLICE_X48Y19         LUT6 (Prop_lut6_I5_O)        0.124    10.018 r  u_phase_detector/i_data0_carry__0_i_19/O
                         net (fo=4, routed)           0.362    10.380    u_phase_detector/i_data0_carry__0_i_19_n_0
    SLICE_X50Y20         LUT3 (Prop_lut3_I2_O)        0.124    10.504 r  u_phase_detector/i_data0_carry__0_i_16/O
                         net (fo=1, routed)           0.590    11.094    u_phase_detector/i_data0_carry__0_i_16_n_0
    SLICE_X50Y21         LUT6 (Prop_lut6_I4_O)        0.124    11.218 r  u_phase_detector/i_data0_carry__0_i_6/O
                         net (fo=2, routed)           0.479    11.697    u_phase_detector/phase_r_converted[7]
    SLICE_X48Y21         LUT5 (Prop_lut5_I0_O)        0.124    11.821 r  u_phase_detector/i_data0_carry__0_i_10/O
                         net (fo=1, routed)           0.000    11.821    u_phase_detector/i_data0_carry__0_i_10_n_0
    SLICE_X48Y21         CARRY4 (Prop_carry4_S[3]_CO[3])
                                                      0.401    12.222 r  u_phase_detector/i_data0_carry__0_i_1/CO[3]
                         net (fo=1, routed)           0.000    12.222    u_phase_detector/i_data0_carry__0_i_1_n_0
    SLICE_X48Y22         CARRY4 (Prop_carry4_CI_O[1])
                                                      0.334    12.556 r  u_phase_detector/i_data0_carry__1_i_3/O[1]
                         net (fo=10, routed)          0.500    13.057    u_phase_detector/s_in_phase_r_reg_0[7]
    SLICE_X49Y23         LUT2 (Prop_lut2_I0_O)        0.303    13.360 r  u_phase_detector/i_data0_carry__1_i_6/O
                         net (fo=1, routed)           0.000    13.360    u_loop_filter/i_data0__33_carry_0[1]
    SLICE_X49Y23         CARRY4 (Prop_carry4_S[1]_O[2])
                                                      0.580    13.940 r  u_loop_filter/i_data0_carry__1/O[2]
                         net (fo=1, routed)           0.608    14.548    u_loop_filter/i_data0_carry__1_n_5
    SLICE_X49Y25         CARRY4 (Prop_carry4_S[2]_CO[3])
                                                      0.700    15.248 r  u_loop_filter/i_data0__33_carry/CO[3]
                         net (fo=1, routed)           0.000    15.248    u_loop_filter/i_data0__33_carry_n_0
    SLICE_X49Y26         CARRY4 (Prop_carry4_CI_O[1])
                                                      0.334    15.582 r  u_loop_filter/i_data0__33_carry__0/O[1]
                         net (fo=1, routed)           0.686    16.269    u_loop_filter/u_round_i/sum_i_converted2_carry__0_i_2[1]
    SLICE_X49Y20         CARRY4 (Prop_carry4_S[1]_CO[2])
                                                      0.873    17.142 r  u_loop_filter/u_round_i/o_round0_carry__1/CO[2]
                         net (fo=4, routed)           0.804    17.946    u_loop_filter/u_round_i_n_2
    SLICE_X48Y25         LUT2 (Prop_lut2_I1_O)        0.313    18.259 r  u_loop_filter/sum_i_converted2_carry__1_i_2/O
                         net (fo=1, routed)           0.000    18.259    u_loop_filter/sum_i_converted2_carry__1_i_2_n_0
    SLICE_X48Y25         CARRY4 (Prop_carry4_S[1]_O[2])
                                                      0.580    18.839 f  u_loop_filter/sum_i_converted2_carry__1/O[2]
                         net (fo=5, routed)           0.586    19.425    u_loop_filter/sum_i_converted2_carry__1_n_5
    SLICE_X47Y24         LUT1 (Prop_lut1_I0_O)        0.302    19.727 r  u_loop_filter/i__carry__1_i_1/O
                         net (fo=1, routed)           0.000    19.727    u_loop_filter/i__carry__1_i_1_n_0
    SLICE_X47Y24         CARRY4 (Prop_carry4_S[1]_O[2])
                                                      0.580    20.307 f  u_loop_filter/sum_i_converted2_inferred__0/i__carry__1/O[2]
                         net (fo=2, routed)           0.674    20.980    u_loop_filter/sum_i_converted2[11]
    SLICE_X47Y26         LUT2 (Prop_lut2_I0_O)        0.302    21.282 r  u_loop_filter/i__carry__0_i_4__0/O
                         net (fo=1, routed)           0.000    21.282    u_loop_filter/i__carry__0_i_4__0_n_0
    SLICE_X47Y26         CARRY4 (Prop_carry4_S[1]_CO[3])
                                                      0.550    21.832 r  u_loop_filter/sum_i_converted1_inferred__0/i__carry__0/CO[3]
                         net (fo=1, routed)           0.000    21.832    u_loop_filter/sum_i_converted1_inferred__0/i__carry__0_n_0
    SLICE_X47Y27         CARRY4 (Prop_carry4_CI_CO[3])
                                                      0.114    21.946 r  u_loop_filter/sum_i_converted1_inferred__0/i__carry__1/CO[3]
                         net (fo=1, routed)           0.000    21.946    u_loop_filter/sum_i_converted1_inferred__0/i__carry__1_n_0
    SLICE_X47Y28         CARRY4 (Prop_carry4_CI_CO[3])
                                                      0.114    22.060 r  u_loop_filter/sum_i_converted1_inferred__0/i__carry__2/CO[3]
                         net (fo=6, routed)           0.890    22.950    u_loop_filter/sum_i_converted1_inferred__0/i__carry__2_n_0
    SLICE_X48Y28         LUT2 (Prop_lut2_I1_O)        0.124    23.074 r  u_loop_filter/sum_i_converted0_carry_i_1/O
                         net (fo=1, routed)           0.000    23.074    u_loop_filter/sum_i_converted0_carry_i_1_n_0
    SLICE_X48Y28         CARRY4 (Prop_carry4_S[1]_CO[3])
                                                      0.550    23.624 r  u_loop_filter/sum_i_converted0_carry/CO[3]
                         net (fo=1, routed)           0.000    23.624    u_loop_filter/sum_i_converted0_carry_n_0
    SLICE_X48Y29         CARRY4 (Prop_carry4_CI_O[1])
                                                      0.334    23.958 r  u_loop_filter/sum_i_converted0_carry__0/O[1]
                         net (fo=1, routed)           0.449    24.406    u_loop_filter/sum_i_converted0_carry__0_n_6
    SLICE_X48Y31         LUT4 (Prop_lut4_I3_O)        0.303    24.709 r  u_loop_filter/r_accumulator_i[6]_i_1/O
                         net (fo=3, routed)           0.362    25.071    u_phase_detector/o_phase0_carry__1[5]
    SLICE_X49Y31         LUT4 (Prop_lut4_I0_O)        0.124    25.195 r  u_phase_detector/o_phase0_carry__0_i_2/O
                         net (fo=1, routed)           0.000    25.195    u_loop_filter/sum_i_converted2_carry__0_i_4__0[2]
    SLICE_X49Y31         CARRY4 (Prop_carry4_S[2]_CO[3])
                                                      0.398    25.593 r  u_loop_filter/o_phase0_carry__0/CO[3]
                         net (fo=1, routed)           0.000    25.593    u_loop_filter/o_phase0_carry__0_n_0
    SLICE_X49Y32         CARRY4 (Prop_carry4_CI_O[1])
                                                      0.334    25.927 r  u_loop_filter/o_phase0_carry__1/O[1]
                         net (fo=1, routed)           0.608    26.536    u_vco/i_phase[9]
    SLICE_X49Y29         LUT2 (Prop_lut2_I1_O)        0.303    26.839 r  u_vco/sum_i_converted2_carry__1_i_3/O
                         net (fo=1, routed)           0.000    26.839    u_vco/sum_i_converted2_carry__1_i_3_n_0
    SLICE_X49Y29         CARRY4 (Prop_carry4_S[1]_O[2])
                                                      0.580    27.419 f  u_vco/sum_i_converted2_carry__1/O[2]
                         net (fo=5, routed)           0.588    28.006    u_vco/sum_i_converted2_carry__1_n_5
    SLICE_X51Y29         LUT1 (Prop_lut1_I0_O)        0.302    28.308 r  u_vco/i__carry__1_i_1__0/O
                         net (fo=1, routed)           0.000    28.308    u_vco/i__carry__1_i_1__0_n_0
    SLICE_X51Y29         CARRY4 (Prop_carry4_S[1]_O[2])
                                                      0.580    28.888 f  u_vco/sum_i_converted2_inferred__0/i__carry__1/O[2]
                         net (fo=2, routed)           0.595    29.483    u_vco/sum_i_converted2_inferred__0/i__carry__1_n_5
    SLICE_X50Y28         LUT2 (Prop_lut2_I0_O)        0.302    29.785 r  u_vco/i__carry__0_i_4__2/O
                         net (fo=1, routed)           0.000    29.785    u_vco/i__carry__0_i_4__2_n_0
    SLICE_X50Y28         CARRY4 (Prop_carry4_S[1]_CO[3])
                                                      0.533    30.318 r  u_vco/sum_i_converted1_inferred__0/i__carry__0/CO[3]
                         net (fo=1, routed)           0.000    30.318    u_vco/sum_i_converted1_inferred__0/i__carry__0_n_0
    SLICE_X50Y29         CARRY4 (Prop_carry4_CI_CO[3])
                                                      0.117    30.435 r  u_vco/sum_i_converted1_inferred__0/i__carry__1/CO[3]
                         net (fo=1, routed)           0.000    30.435    u_vco/sum_i_converted1_inferred__0/i__carry__1_n_0
    SLICE_X50Y30         CARRY4 (Prop_carry4_CI_CO[3])
                                                      0.117    30.552 r  u_vco/sum_i_converted1_inferred__0/i__carry__2/CO[3]
                         net (fo=6, routed)           0.921    31.473    u_vco/sum_i_converted1_inferred__0/i__carry__2_n_0
    SLICE_X49Y33         LUT2 (Prop_lut2_I1_O)        0.124    31.597 r  u_vco/sum_i_converted0_carry_i_1__0/O
                         net (fo=1, routed)           0.000    31.597    u_vco/sum_i_converted0_carry_i_1__0_n_0
    SLICE_X49Y33         CARRY4 (Prop_carry4_S[1]_CO[3])
                                                      0.550    32.147 r  u_vco/sum_i_converted0_carry/CO[3]
                         net (fo=1, routed)           0.000    32.147    u_vco/sum_i_converted0_carry_n_0
    SLICE_X49Y34         CARRY4 (Prop_carry4_CI_O[1])
                                                      0.334    32.481 r  u_vco/sum_i_converted0_carry__0/O[1]
                         net (fo=1, routed)           0.303    32.784    u_vco/sum_i_converted0_carry__0_n_6
    SLICE_X48Y35         LUT4 (Prop_lut4_I3_O)        0.303    33.087 r  u_vco/r_accumulator_i[6]_i_1__0/O
                         net (fo=1, routed)           0.000    33.087    u_vco/r_accumulator_i[6]_i_1__0_n_0
    SLICE_X48Y35         FDCE                                         r  u_vco/r_accumulator_i_reg[6]/D
  -------------------------------------------------------------------    -------------------

                         (clock sys_clk_pin rise edge)
                                                     20.000    20.000 r  
    E3                                                0.000    20.000 r  i_clock (IN)
                         net (fo=0)                   0.000    20.000    i_clock
    E3                   IBUF (Prop_ibuf_I_O)         1.418    21.418 r  i_clock_IBUF_inst/O
                         net (fo=1, routed)           1.862    23.280    i_clock_IBUF
    BUFGCTRL_X0Y16       BUFG (Prop_bufg_I_O)         0.091    23.371 r  i_clock_IBUF_BUFG_inst/O
                         net (fo=48, routed)          1.449    24.821    u_vco/CLK
    SLICE_X48Y35         FDCE                                         r  u_vco/r_accumulator_i_reg[6]/C
                         clock pessimism              0.259    25.080    
                         clock uncertainty           -0.035    25.044    
    SLICE_X48Y35         FDCE (Setup_fdce_C_D)        0.031    25.075    u_vco/r_accumulator_i_reg[6]
  -------------------------------------------------------------------
                         required time                         25.075    
                         arrival time                         -33.087    
  -------------------------------------------------------------------
                         slack                                 -8.012    

Slack (VIOLATED) :        -7.999ns  (required time - arrival time)
  Source:                 u_phase_detector/u_ram_r/U0/inst_blk_mem_gen/gnbram.gnativebmg.native_blk_mem_gen/valid.cstr/ramloop[0].ram.r/prim_init.ram/DEVICE_7SERIES.NO_BMM_INFO.SP.SIMPLE_PRIM36.ram/CLKARDCLK
                            (rising edge-triggered cell RAMB36E1 clocked by sys_clk_pin  {rise@0.000ns fall@10.000ns period=20.000ns})
  Destination:            u_vco/r_accumulator_i_reg[9]/D
                            (rising edge-triggered cell FDCE clocked by sys_clk_pin  {rise@0.000ns fall@10.000ns period=20.000ns})
  Path Group:             sys_clk_pin
  Path Type:              Setup (Max at Slow Process Corner)
  Requirement:            20.000ns  (sys_clk_pin rise@20.000ns - sys_clk_pin rise@0.000ns)
  Data Path Delay:        27.919ns  (logic 15.764ns (56.463%)  route 12.155ns (43.537%))
  Logic Levels:           40  (CARRY4=23 LUT1=2 LUT2=7 LUT3=1 LUT4=2 LUT5=2 LUT6=3)
  Clock Path Skew:        -0.075ns (DCD - SCD + CPR)
    Destination Clock Delay (DCD):    4.821ns = ( 24.821 - 20.000 ) 
    Source Clock Delay      (SCD):    5.155ns
    Clock Pessimism Removal (CPR):    0.259ns
  Clock Uncertainty:      0.035ns  ((TSJ^2 + TIJ^2)^1/2 + DJ) / 2 + PE
    Total System Jitter     (TSJ):    0.071ns
    Total Input Jitter      (TIJ):    0.000ns
    Discrete Jitter          (DJ):    0.000ns
    Phase Error              (PE):    0.000ns

    Location             Delay type                Incr(ns)  Path(ns)    Netlist Resource(s)
  -------------------------------------------------------------------    -------------------
                         (clock sys_clk_pin rise edge)
                                                      0.000     0.000 r  
    E3                                                0.000     0.000 r  i_clock (IN)
                         net (fo=0)                   0.000     0.000    i_clock
    E3                   IBUF (Prop_ibuf_I_O)         1.489     1.489 r  i_clock_IBUF_inst/O
                         net (fo=1, routed)           1.967     3.455    i_clock_IBUF
    BUFGCTRL_X0Y16       BUFG (Prop_bufg_I_O)         0.096     3.551 r  i_clock_IBUF_BUFG_inst/O
                         net (fo=48, routed)          1.604     5.155    u_phase_detector/u_ram_r/U0/inst_blk_mem_gen/gnbram.gnativebmg.native_blk_mem_gen/valid.cstr/ramloop[0].ram.r/prim_init.ram/clka
    RAMB36_X1Y3          RAMB36E1                                     r  u_phase_detector/u_ram_r/U0/inst_blk_mem_gen/gnbram.gnativebmg.native_blk_mem_gen/valid.cstr/ramloop[0].ram.r/prim_init.ram/DEVICE_7SERIES.NO_BMM_INFO.SP.SIMPLE_PRIM36.ram/CLKARDCLK
  -------------------------------------------------------------------    -------------------
    RAMB36_X1Y3          RAMB36E1 (Prop_ramb36e1_CLKARDCLK_DOADO[4])
                                                      2.454     7.609 f  u_phase_detector/u_ram_r/U0/inst_blk_mem_gen/gnbram.gnativebmg.native_blk_mem_gen/valid.cstr/ramloop[0].ram.r/prim_init.ram/DEVICE_7SERIES.NO_BMM_INFO.SP.SIMPLE_PRIM36.ram/DOADO[4]
                         net (fo=1, routed)           1.130     8.739    u_phase_detector/u_ram_r/U0/inst_blk_mem_gen/gnbram.gnativebmg.native_blk_mem_gen/valid.cstr/has_mux_a.A/douta_array[4]
    SLICE_X51Y17         LUT6 (Prop_lut6_I2_O)        0.124     8.863 f  u_phase_detector/u_ram_r/U0/inst_blk_mem_gen/gnbram.gnativebmg.native_blk_mem_gen/valid.cstr/has_mux_a.A/douta[4]_INST_0/O
                         net (fo=8, routed)           1.031     9.894    u_phase_detector/phase_r_h[4]
    SLICE_X48Y19         LUT6 (Prop_lut6_I5_O)        0.124    10.018 r  u_phase_detector/i_data0_carry__0_i_19/O
                         net (fo=4, routed)           0.362    10.380    u_phase_detector/i_data0_carry__0_i_19_n_0
    SLICE_X50Y20         LUT3 (Prop_lut3_I2_O)        0.124    10.504 r  u_phase_detector/i_data0_carry__0_i_16/O
                         net (fo=1, routed)           0.590    11.094    u_phase_detector/i_data0_carry__0_i_16_n_0
    SLICE_X50Y21         LUT6 (Prop_lut6_I4_O)        0.124    11.218 r  u_phase_detector/i_data0_carry__0_i_6/O
                         net (fo=2, routed)           0.479    11.697    u_phase_detector/phase_r_converted[7]
    SLICE_X48Y21         LUT5 (Prop_lut5_I0_O)        0.124    11.821 r  u_phase_detector/i_data0_carry__0_i_10/O
                         net (fo=1, routed)           0.000    11.821    u_phase_detector/i_data0_carry__0_i_10_n_0
    SLICE_X48Y21         CARRY4 (Prop_carry4_S[3]_CO[3])
                                                      0.401    12.222 r  u_phase_detector/i_data0_carry__0_i_1/CO[3]
                         net (fo=1, routed)           0.000    12.222    u_phase_detector/i_data0_carry__0_i_1_n_0
    SLICE_X48Y22         CARRY4 (Prop_carry4_CI_O[1])
                                                      0.334    12.556 r  u_phase_detector/i_data0_carry__1_i_3/O[1]
                         net (fo=10, routed)          0.500    13.057    u_phase_detector/s_in_phase_r_reg_0[7]
    SLICE_X49Y23         LUT2 (Prop_lut2_I0_O)        0.303    13.360 r  u_phase_detector/i_data0_carry__1_i_6/O
                         net (fo=1, routed)           0.000    13.360    u_loop_filter/i_data0__33_carry_0[1]
    SLICE_X49Y23         CARRY4 (Prop_carry4_S[1]_O[2])
                                                      0.580    13.940 r  u_loop_filter/i_data0_carry__1/O[2]
                         net (fo=1, routed)           0.608    14.548    u_loop_filter/i_data0_carry__1_n_5
    SLICE_X49Y25         CARRY4 (Prop_carry4_S[2]_CO[3])
                                                      0.700    15.248 r  u_loop_filter/i_data0__33_carry/CO[3]
                         net (fo=1, routed)           0.000    15.248    u_loop_filter/i_data0__33_carry_n_0
    SLICE_X49Y26         CARRY4 (Prop_carry4_CI_O[1])
                                                      0.334    15.582 r  u_loop_filter/i_data0__33_carry__0/O[1]
                         net (fo=1, routed)           0.686    16.269    u_loop_filter/u_round_i/sum_i_converted2_carry__0_i_2[1]
    SLICE_X49Y20         CARRY4 (Prop_carry4_S[1]_CO[2])
                                                      0.873    17.142 r  u_loop_filter/u_round_i/o_round0_carry__1/CO[2]
                         net (fo=4, routed)           0.804    17.946    u_loop_filter/u_round_i_n_2
    SLICE_X48Y25         LUT2 (Prop_lut2_I1_O)        0.313    18.259 r  u_loop_filter/sum_i_converted2_carry__1_i_2/O
                         net (fo=1, routed)           0.000    18.259    u_loop_filter/sum_i_converted2_carry__1_i_2_n_0
    SLICE_X48Y25         CARRY4 (Prop_carry4_S[1]_O[2])
                                                      0.580    18.839 f  u_loop_filter/sum_i_converted2_carry__1/O[2]
                         net (fo=5, routed)           0.586    19.425    u_loop_filter/sum_i_converted2_carry__1_n_5
    SLICE_X47Y24         LUT1 (Prop_lut1_I0_O)        0.302    19.727 r  u_loop_filter/i__carry__1_i_1/O
                         net (fo=1, routed)           0.000    19.727    u_loop_filter/i__carry__1_i_1_n_0
    SLICE_X47Y24         CARRY4 (Prop_carry4_S[1]_O[2])
                                                      0.580    20.307 f  u_loop_filter/sum_i_converted2_inferred__0/i__carry__1/O[2]
                         net (fo=2, routed)           0.674    20.980    u_loop_filter/sum_i_converted2[11]
    SLICE_X47Y26         LUT2 (Prop_lut2_I0_O)        0.302    21.282 r  u_loop_filter/i__carry__0_i_4__0/O
                         net (fo=1, routed)           0.000    21.282    u_loop_filter/i__carry__0_i_4__0_n_0
    SLICE_X47Y26         CARRY4 (Prop_carry4_S[1]_CO[3])
                                                      0.550    21.832 r  u_loop_filter/sum_i_converted1_inferred__0/i__carry__0/CO[3]
                         net (fo=1, routed)           0.000    21.832    u_loop_filter/sum_i_converted1_inferred__0/i__carry__0_n_0
    SLICE_X47Y27         CARRY4 (Prop_carry4_CI_CO[3])
                                                      0.114    21.946 r  u_loop_filter/sum_i_converted1_inferred__0/i__carry__1/CO[3]
                         net (fo=1, routed)           0.000    21.946    u_loop_filter/sum_i_converted1_inferred__0/i__carry__1_n_0
    SLICE_X47Y28         CARRY4 (Prop_carry4_CI_CO[3])
                                                      0.114    22.060 r  u_loop_filter/sum_i_converted1_inferred__0/i__carry__2/CO[3]
                         net (fo=6, routed)           0.890    22.950    u_loop_filter/sum_i_converted1_inferred__0/i__carry__2_n_0
    SLICE_X48Y28         LUT2 (Prop_lut2_I1_O)        0.124    23.074 r  u_loop_filter/sum_i_converted0_carry_i_1/O
                         net (fo=1, routed)           0.000    23.074    u_loop_filter/sum_i_converted0_carry_i_1_n_0
    SLICE_X48Y28         CARRY4 (Prop_carry4_S[1]_CO[3])
                                                      0.550    23.624 r  u_loop_filter/sum_i_converted0_carry/CO[3]
                         net (fo=1, routed)           0.000    23.624    u_loop_filter/sum_i_converted0_carry_n_0
    SLICE_X48Y29         CARRY4 (Prop_carry4_CI_O[1])
                                                      0.334    23.958 r  u_loop_filter/sum_i_converted0_carry__0/O[1]
                         net (fo=1, routed)           0.449    24.406    u_loop_filter/sum_i_converted0_carry__0_n_6
    SLICE_X48Y31         LUT4 (Prop_lut4_I3_O)        0.303    24.709 r  u_loop_filter/r_accumulator_i[6]_i_1/O
                         net (fo=3, routed)           0.362    25.071    u_phase_detector/o_phase0_carry__1[5]
    SLICE_X49Y31         LUT4 (Prop_lut4_I0_O)        0.124    25.195 r  u_phase_detector/o_phase0_carry__0_i_2/O
                         net (fo=1, routed)           0.000    25.195    u_loop_filter/sum_i_converted2_carry__0_i_4__0[2]
    SLICE_X49Y31         CARRY4 (Prop_carry4_S[2]_CO[3])
                                                      0.398    25.593 r  u_loop_filter/o_phase0_carry__0/CO[3]
                         net (fo=1, routed)           0.000    25.593    u_loop_filter/o_phase0_carry__0_n_0
    SLICE_X49Y32         CARRY4 (Prop_carry4_CI_O[1])
                                                      0.334    25.927 r  u_loop_filter/o_phase0_carry__1/O[1]
                         net (fo=1, routed)           0.608    26.536    u_vco/i_phase[9]
    SLICE_X49Y29         LUT2 (Prop_lut2_I1_O)        0.303    26.839 r  u_vco/sum_i_converted2_carry__1_i_3/O
                         net (fo=1, routed)           0.000    26.839    u_vco/sum_i_converted2_carry__1_i_3_n_0
    SLICE_X49Y29         CARRY4 (Prop_carry4_S[1]_O[2])
                                                      0.580    27.419 f  u_vco/sum_i_converted2_carry__1/O[2]
                         net (fo=5, routed)           0.588    28.006    u_vco/sum_i_converted2_carry__1_n_5
    SLICE_X51Y29         LUT1 (Prop_lut1_I0_O)        0.302    28.308 r  u_vco/i__carry__1_i_1__0/O
                         net (fo=1, routed)           0.000    28.308    u_vco/i__carry__1_i_1__0_n_0
    SLICE_X51Y29         CARRY4 (Prop_carry4_S[1]_O[2])
                                                      0.580    28.888 f  u_vco/sum_i_converted2_inferred__0/i__carry__1/O[2]
                         net (fo=2, routed)           0.595    29.483    u_vco/sum_i_converted2_inferred__0/i__carry__1_n_5
    SLICE_X50Y28         LUT2 (Prop_lut2_I0_O)        0.302    29.785 r  u_vco/i__carry__0_i_4__2/O
                         net (fo=1, routed)           0.000    29.785    u_vco/i__carry__0_i_4__2_n_0
    SLICE_X50Y28         CARRY4 (Prop_carry4_S[1]_CO[3])
                                                      0.533    30.318 r  u_vco/sum_i_converted1_inferred__0/i__carry__0/CO[3]
                         net (fo=1, routed)           0.000    30.318    u_vco/sum_i_converted1_inferred__0/i__carry__0_n_0
    SLICE_X50Y29         CARRY4 (Prop_carry4_CI_CO[3])
                                                      0.117    30.435 r  u_vco/sum_i_converted1_inferred__0/i__carry__1/CO[3]
                         net (fo=1, routed)           0.000    30.435    u_vco/sum_i_converted1_inferred__0/i__carry__1_n_0
    SLICE_X50Y30         CARRY4 (Prop_carry4_CI_CO[3])
                                                      0.117    30.552 r  u_vco/sum_i_converted1_inferred__0/i__carry__2/CO[3]
                         net (fo=6, routed)           0.921    31.473    u_vco/sum_i_converted1_inferred__0/i__carry__2_n_0
    SLICE_X49Y33         LUT2 (Prop_lut2_I1_O)        0.124    31.597 r  u_vco/sum_i_converted0_carry_i_1__0/O
                         net (fo=1, routed)           0.000    31.597    u_vco/sum_i_converted0_carry_i_1__0_n_0
    SLICE_X49Y33         CARRY4 (Prop_carry4_S[1]_CO[3])
                                                      0.550    32.147 r  u_vco/sum_i_converted0_carry/CO[3]
                         net (fo=1, routed)           0.000    32.147    u_vco/sum_i_converted0_carry_n_0
    SLICE_X49Y34         CARRY4 (Prop_carry4_CI_CO[3])
                                                      0.114    32.261 r  u_vco/sum_i_converted0_carry__0/CO[3]
                         net (fo=1, routed)           0.000    32.261    u_vco/sum_i_converted0_carry__0_n_0
    SLICE_X49Y35         CARRY4 (Prop_carry4_CI_O[0])
                                                      0.222    32.483 r  u_vco/sum_i_converted0_carry__1/O[0]
                         net (fo=1, routed)           0.293    32.776    u_vco/sum_i_converted0_carry__1_n_7
    SLICE_X49Y36         LUT5 (Prop_lut5_I4_O)        0.299    33.075 r  u_vco/r_accumulator_i[9]_i_1__0/O
                         net (fo=1, routed)           0.000    33.075    u_vco/r_accumulator_i[9]_i_1__0_n_0
    SLICE_X49Y36         FDCE                                         r  u_vco/r_accumulator_i_reg[9]/D
  -------------------------------------------------------------------    -------------------

                         (clock sys_clk_pin rise edge)
                                                     20.000    20.000 r  
    E3                                                0.000    20.000 r  i_clock (IN)
                         net (fo=0)                   0.000    20.000    i_clock
    E3                   IBUF (Prop_ibuf_I_O)         1.418    21.418 r  i_clock_IBUF_inst/O
                         net (fo=1, routed)           1.862    23.280    i_clock_IBUF
    BUFGCTRL_X0Y16       BUFG (Prop_bufg_I_O)         0.091    23.371 r  i_clock_IBUF_BUFG_inst/O
                         net (fo=48, routed)          1.449    24.821    u_vco/CLK
    SLICE_X49Y36         FDCE                                         r  u_vco/r_accumulator_i_reg[9]/C
                         clock pessimism              0.259    25.080    
                         clock uncertainty           -0.035    25.044    
    SLICE_X49Y36         FDCE (Setup_fdce_C_D)        0.031    25.075    u_vco/r_accumulator_i_reg[9]
  -------------------------------------------------------------------
                         required time                         25.075    
                         arrival time                         -33.075    
  -------------------------------------------------------------------
                         slack                                 -7.999    

Slack (VIOLATED) :        -7.994ns  (required time - arrival time)
  Source:                 u_phase_detector/u_ram_r/U0/inst_blk_mem_gen/gnbram.gnativebmg.native_blk_mem_gen/valid.cstr/ramloop[0].ram.r/prim_init.ram/DEVICE_7SERIES.NO_BMM_INFO.SP.SIMPLE_PRIM36.ram/CLKARDCLK
                            (rising edge-triggered cell RAMB36E1 clocked by sys_clk_pin  {rise@0.000ns fall@10.000ns period=20.000ns})
  Destination:            u_vco/r_accumulator_i_reg[8]/D
                            (rising edge-triggered cell FDCE clocked by sys_clk_pin  {rise@0.000ns fall@10.000ns period=20.000ns})
  Path Group:             sys_clk_pin
  Path Type:              Setup (Max at Slow Process Corner)
  Requirement:            20.000ns  (sys_clk_pin rise@20.000ns - sys_clk_pin rise@0.000ns)
  Data Path Delay:        27.914ns  (logic 15.748ns (56.416%)  route 12.166ns (43.584%))
  Logic Levels:           39  (CARRY4=22 LUT1=2 LUT2=7 LUT3=1 LUT4=3 LUT5=1 LUT6=3)
  Clock Path Skew:        -0.075ns (DCD - SCD + CPR)
    Destination Clock Delay (DCD):    4.821ns = ( 24.821 - 20.000 ) 
    Source Clock Delay      (SCD):    5.155ns
    Clock Pessimism Removal (CPR):    0.259ns
  Clock Uncertainty:      0.035ns  ((TSJ^2 + TIJ^2)^1/2 + DJ) / 2 + PE
    Total System Jitter     (TSJ):    0.071ns
    Total Input Jitter      (TIJ):    0.000ns
    Discrete Jitter          (DJ):    0.000ns
    Phase Error              (PE):    0.000ns

    Location             Delay type                Incr(ns)  Path(ns)    Netlist Resource(s)
  -------------------------------------------------------------------    -------------------
                         (clock sys_clk_pin rise edge)
                                                      0.000     0.000 r  
    E3                                                0.000     0.000 r  i_clock (IN)
                         net (fo=0)                   0.000     0.000    i_clock
    E3                   IBUF (Prop_ibuf_I_O)         1.489     1.489 r  i_clock_IBUF_inst/O
                         net (fo=1, routed)           1.967     3.455    i_clock_IBUF
    BUFGCTRL_X0Y16       BUFG (Prop_bufg_I_O)         0.096     3.551 r  i_clock_IBUF_BUFG_inst/O
                         net (fo=48, routed)          1.604     5.155    u_phase_detector/u_ram_r/U0/inst_blk_mem_gen/gnbram.gnativebmg.native_blk_mem_gen/valid.cstr/ramloop[0].ram.r/prim_init.ram/clka
    RAMB36_X1Y3          RAMB36E1                                     r  u_phase_detector/u_ram_r/U0/inst_blk_mem_gen/gnbram.gnativebmg.native_blk_mem_gen/valid.cstr/ramloop[0].ram.r/prim_init.ram/DEVICE_7SERIES.NO_BMM_INFO.SP.SIMPLE_PRIM36.ram/CLKARDCLK
  -------------------------------------------------------------------    -------------------
    RAMB36_X1Y3          RAMB36E1 (Prop_ramb36e1_CLKARDCLK_DOADO[4])
                                                      2.454     7.609 f  u_phase_detector/u_ram_r/U0/inst_blk_mem_gen/gnbram.gnativebmg.native_blk_mem_gen/valid.cstr/ramloop[0].ram.r/prim_init.ram/DEVICE_7SERIES.NO_BMM_INFO.SP.SIMPLE_PRIM36.ram/DOADO[4]
                         net (fo=1, routed)           1.130     8.739    u_phase_detector/u_ram_r/U0/inst_blk_mem_gen/gnbram.gnativebmg.native_blk_mem_gen/valid.cstr/has_mux_a.A/douta_array[4]
    SLICE_X51Y17         LUT6 (Prop_lut6_I2_O)        0.124     8.863 f  u_phase_detector/u_ram_r/U0/inst_blk_mem_gen/gnbram.gnativebmg.native_blk_mem_gen/valid.cstr/has_mux_a.A/douta[4]_INST_0/O
                         net (fo=8, routed)           1.031     9.894    u_phase_detector/phase_r_h[4]
    SLICE_X48Y19         LUT6 (Prop_lut6_I5_O)        0.124    10.018 r  u_phase_detector/i_data0_carry__0_i_19/O
                         net (fo=4, routed)           0.362    10.380    u_phase_detector/i_data0_carry__0_i_19_n_0
    SLICE_X50Y20         LUT3 (Prop_lut3_I2_O)        0.124    10.504 r  u_phase_detector/i_data0_carry__0_i_16/O
                         net (fo=1, routed)           0.590    11.094    u_phase_detector/i_data0_carry__0_i_16_n_0
    SLICE_X50Y21         LUT6 (Prop_lut6_I4_O)        0.124    11.218 r  u_phase_detector/i_data0_carry__0_i_6/O
                         net (fo=2, routed)           0.479    11.697    u_phase_detector/phase_r_converted[7]
    SLICE_X48Y21         LUT5 (Prop_lut5_I0_O)        0.124    11.821 r  u_phase_detector/i_data0_carry__0_i_10/O
                         net (fo=1, routed)           0.000    11.821    u_phase_detector/i_data0_carry__0_i_10_n_0
    SLICE_X48Y21         CARRY4 (Prop_carry4_S[3]_CO[3])
                                                      0.401    12.222 r  u_phase_detector/i_data0_carry__0_i_1/CO[3]
                         net (fo=1, routed)           0.000    12.222    u_phase_detector/i_data0_carry__0_i_1_n_0
    SLICE_X48Y22         CARRY4 (Prop_carry4_CI_O[1])
                                                      0.334    12.556 r  u_phase_detector/i_data0_carry__1_i_3/O[1]
                         net (fo=10, routed)          0.500    13.057    u_phase_detector/s_in_phase_r_reg_0[7]
    SLICE_X49Y23         LUT2 (Prop_lut2_I0_O)        0.303    13.360 r  u_phase_detector/i_data0_carry__1_i_6/O
                         net (fo=1, routed)           0.000    13.360    u_loop_filter/i_data0__33_carry_0[1]
    SLICE_X49Y23         CARRY4 (Prop_carry4_S[1]_O[2])
                                                      0.580    13.940 r  u_loop_filter/i_data0_carry__1/O[2]
                         net (fo=1, routed)           0.608    14.548    u_loop_filter/i_data0_carry__1_n_5
    SLICE_X49Y25         CARRY4 (Prop_carry4_S[2]_CO[3])
                                                      0.700    15.248 r  u_loop_filter/i_data0__33_carry/CO[3]
                         net (fo=1, routed)           0.000    15.248    u_loop_filter/i_data0__33_carry_n_0
    SLICE_X49Y26         CARRY4 (Prop_carry4_CI_O[1])
                                                      0.334    15.582 r  u_loop_filter/i_data0__33_carry__0/O[1]
                         net (fo=1, routed)           0.686    16.269    u_loop_filter/u_round_i/sum_i_converted2_carry__0_i_2[1]
    SLICE_X49Y20         CARRY4 (Prop_carry4_S[1]_CO[2])
                                                      0.873    17.142 r  u_loop_filter/u_round_i/o_round0_carry__1/CO[2]
                         net (fo=4, routed)           0.804    17.946    u_loop_filter/u_round_i_n_2
    SLICE_X48Y25         LUT2 (Prop_lut2_I1_O)        0.313    18.259 r  u_loop_filter/sum_i_converted2_carry__1_i_2/O
                         net (fo=1, routed)           0.000    18.259    u_loop_filter/sum_i_converted2_carry__1_i_2_n_0
    SLICE_X48Y25         CARRY4 (Prop_carry4_S[1]_O[2])
                                                      0.580    18.839 f  u_loop_filter/sum_i_converted2_carry__1/O[2]
                         net (fo=5, routed)           0.586    19.425    u_loop_filter/sum_i_converted2_carry__1_n_5
    SLICE_X47Y24         LUT1 (Prop_lut1_I0_O)        0.302    19.727 r  u_loop_filter/i__carry__1_i_1/O
                         net (fo=1, routed)           0.000    19.727    u_loop_filter/i__carry__1_i_1_n_0
    SLICE_X47Y24         CARRY4 (Prop_carry4_S[1]_O[2])
                                                      0.580    20.307 f  u_loop_filter/sum_i_converted2_inferred__0/i__carry__1/O[2]
                         net (fo=2, routed)           0.674    20.980    u_loop_filter/sum_i_converted2[11]
    SLICE_X47Y26         LUT2 (Prop_lut2_I0_O)        0.302    21.282 r  u_loop_filter/i__carry__0_i_4__0/O
                         net (fo=1, routed)           0.000    21.282    u_loop_filter/i__carry__0_i_4__0_n_0
    SLICE_X47Y26         CARRY4 (Prop_carry4_S[1]_CO[3])
                                                      0.550    21.832 r  u_loop_filter/sum_i_converted1_inferred__0/i__carry__0/CO[3]
                         net (fo=1, routed)           0.000    21.832    u_loop_filter/sum_i_converted1_inferred__0/i__carry__0_n_0
    SLICE_X47Y27         CARRY4 (Prop_carry4_CI_CO[3])
                                                      0.114    21.946 r  u_loop_filter/sum_i_converted1_inferred__0/i__carry__1/CO[3]
                         net (fo=1, routed)           0.000    21.946    u_loop_filter/sum_i_converted1_inferred__0/i__carry__1_n_0
    SLICE_X47Y28         CARRY4 (Prop_carry4_CI_CO[3])
                                                      0.114    22.060 r  u_loop_filter/sum_i_converted1_inferred__0/i__carry__2/CO[3]
                         net (fo=6, routed)           0.890    22.950    u_loop_filter/sum_i_converted1_inferred__0/i__carry__2_n_0
    SLICE_X48Y28         LUT2 (Prop_lut2_I1_O)        0.124    23.074 r  u_loop_filter/sum_i_converted0_carry_i_1/O
                         net (fo=1, routed)           0.000    23.074    u_loop_filter/sum_i_converted0_carry_i_1_n_0
    SLICE_X48Y28         CARRY4 (Prop_carry4_S[1]_CO[3])
                                                      0.550    23.624 r  u_loop_filter/sum_i_converted0_carry/CO[3]
                         net (fo=1, routed)           0.000    23.624    u_loop_filter/sum_i_converted0_carry_n_0
    SLICE_X48Y29         CARRY4 (Prop_carry4_CI_O[1])
                                                      0.334    23.958 r  u_loop_filter/sum_i_converted0_carry__0/O[1]
                         net (fo=1, routed)           0.449    24.406    u_loop_filter/sum_i_converted0_carry__0_n_6
    SLICE_X48Y31         LUT4 (Prop_lut4_I3_O)        0.303    24.709 r  u_loop_filter/r_accumulator_i[6]_i_1/O
                         net (fo=3, routed)           0.362    25.071    u_phase_detector/o_phase0_carry__1[5]
    SLICE_X49Y31         LUT4 (Prop_lut4_I0_O)        0.124    25.195 r  u_phase_detector/o_phase0_carry__0_i_2/O
                         net (fo=1, routed)           0.000    25.195    u_loop_filter/sum_i_converted2_carry__0_i_4__0[2]
    SLICE_X49Y31         CARRY4 (Prop_carry4_S[2]_CO[3])
                                                      0.398    25.593 r  u_loop_filter/o_phase0_carry__0/CO[3]
                         net (fo=1, routed)           0.000    25.593    u_loop_filter/o_phase0_carry__0_n_0
    SLICE_X49Y32         CARRY4 (Prop_carry4_CI_O[1])
                                                      0.334    25.927 r  u_loop_filter/o_phase0_carry__1/O[1]
                         net (fo=1, routed)           0.608    26.536    u_vco/i_phase[9]
    SLICE_X49Y29         LUT2 (Prop_lut2_I1_O)        0.303    26.839 r  u_vco/sum_i_converted2_carry__1_i_3/O
                         net (fo=1, routed)           0.000    26.839    u_vco/sum_i_converted2_carry__1_i_3_n_0
    SLICE_X49Y29         CARRY4 (Prop_carry4_S[1]_O[2])
                                                      0.580    27.419 f  u_vco/sum_i_converted2_carry__1/O[2]
                         net (fo=5, routed)           0.588    28.006    u_vco/sum_i_converted2_carry__1_n_5
    SLICE_X51Y29         LUT1 (Prop_lut1_I0_O)        0.302    28.308 r  u_vco/i__carry__1_i_1__0/O
                         net (fo=1, routed)           0.000    28.308    u_vco/i__carry__1_i_1__0_n_0
    SLICE_X51Y29         CARRY4 (Prop_carry4_S[1]_O[2])
                                                      0.580    28.888 f  u_vco/sum_i_converted2_inferred__0/i__carry__1/O[2]
                         net (fo=2, routed)           0.595    29.483    u_vco/sum_i_converted2_inferred__0/i__carry__1_n_5
    SLICE_X50Y28         LUT2 (Prop_lut2_I0_O)        0.302    29.785 r  u_vco/i__carry__0_i_4__2/O
                         net (fo=1, routed)           0.000    29.785    u_vco/i__carry__0_i_4__2_n_0
    SLICE_X50Y28         CARRY4 (Prop_carry4_S[1]_CO[3])
                                                      0.533    30.318 r  u_vco/sum_i_converted1_inferred__0/i__carry__0/CO[3]
                         net (fo=1, routed)           0.000    30.318    u_vco/sum_i_converted1_inferred__0/i__carry__0_n_0
    SLICE_X50Y29         CARRY4 (Prop_carry4_CI_CO[3])
                                                      0.117    30.435 r  u_vco/sum_i_converted1_inferred__0/i__carry__1/CO[3]
                         net (fo=1, routed)           0.000    30.435    u_vco/sum_i_converted1_inferred__0/i__carry__1_n_0
    SLICE_X50Y30         CARRY4 (Prop_carry4_CI_CO[3])
                                                      0.117    30.552 r  u_vco/sum_i_converted1_inferred__0/i__carry__2/CO[3]
                         net (fo=6, routed)           0.921    31.473    u_vco/sum_i_converted1_inferred__0/i__carry__2_n_0
    SLICE_X49Y33         LUT2 (Prop_lut2_I1_O)        0.124    31.597 r  u_vco/sum_i_converted0_carry_i_1__0/O
                         net (fo=1, routed)           0.000    31.597    u_vco/sum_i_converted0_carry_i_1__0_n_0
    SLICE_X49Y33         CARRY4 (Prop_carry4_S[1]_CO[3])
                                                      0.550    32.147 r  u_vco/sum_i_converted0_carry/CO[3]
                         net (fo=1, routed)           0.000    32.147    u_vco/sum_i_converted0_carry_n_0
    SLICE_X49Y34         CARRY4 (Prop_carry4_CI_O[3])
                                                      0.313    32.460 r  u_vco/sum_i_converted0_carry__0/O[3]
                         net (fo=1, routed)           0.303    32.763    u_vco/sum_i_converted0_carry__0_n_4
    SLICE_X51Y34         LUT4 (Prop_lut4_I3_O)        0.306    33.069 r  u_vco/r_accumulator_i[8]_i_1__0/O
                         net (fo=1, routed)           0.000    33.069    u_vco/r_accumulator_i[8]_i_1__0_n_0
    SLICE_X51Y34         FDCE                                         r  u_vco/r_accumulator_i_reg[8]/D
  -------------------------------------------------------------------    -------------------

                         (clock sys_clk_pin rise edge)
                                                     20.000    20.000 r  
    E3                                                0.000    20.000 r  i_clock (IN)
                         net (fo=0)                   0.000    20.000    i_clock
    E3                   IBUF (Prop_ibuf_I_O)         1.418    21.418 r  i_clock_IBUF_inst/O
                         net (fo=1, routed)           1.862    23.280    i_clock_IBUF
    BUFGCTRL_X0Y16       BUFG (Prop_bufg_I_O)         0.091    23.371 r  i_clock_IBUF_BUFG_inst/O
                         net (fo=48, routed)          1.449    24.821    u_vco/CLK
    SLICE_X51Y34         FDCE                                         r  u_vco/r_accumulator_i_reg[8]/C
                         clock pessimism              0.259    25.080    
                         clock uncertainty           -0.035    25.044    
    SLICE_X51Y34         FDCE (Setup_fdce_C_D)        0.031    25.075    u_vco/r_accumulator_i_reg[8]
  -------------------------------------------------------------------
                         required time                         25.075    
                         arrival time                         -33.069    
  -------------------------------------------------------------------
                         slack                                 -7.994    

Slack (VIOLATED) :        -7.920ns  (required time - arrival time)
  Source:                 u_phase_detector/u_ram_r/U0/inst_blk_mem_gen/gnbram.gnativebmg.native_blk_mem_gen/valid.cstr/ramloop[0].ram.r/prim_init.ram/DEVICE_7SERIES.NO_BMM_INFO.SP.SIMPLE_PRIM36.ram/CLKARDCLK
                            (rising edge-triggered cell RAMB36E1 clocked by sys_clk_pin  {rise@0.000ns fall@10.000ns period=20.000ns})
  Destination:            u_vco/r_accumulator_i_reg[7]/D
                            (rising edge-triggered cell FDCE clocked by sys_clk_pin  {rise@0.000ns fall@10.000ns period=20.000ns})
  Path Group:             sys_clk_pin
  Path Type:              Setup (Max at Slow Process Corner)
  Requirement:            20.000ns  (sys_clk_pin rise@20.000ns - sys_clk_pin rise@0.000ns)
  Data Path Delay:        27.841ns  (logic 15.670ns (56.284%)  route 12.171ns (43.716%))
  Logic Levels:           39  (CARRY4=22 LUT1=2 LUT2=7 LUT3=1 LUT4=2 LUT5=2 LUT6=3)
  Clock Path Skew:        -0.075ns (DCD - SCD + CPR)
    Destination Clock Delay (DCD):    4.821ns = ( 24.821 - 20.000 ) 
    Source Clock Delay      (SCD):    5.155ns
    Clock Pessimism Removal (CPR):    0.259ns
  Clock Uncertainty:      0.035ns  ((TSJ^2 + TIJ^2)^1/2 + DJ) / 2 + PE
    Total System Jitter     (TSJ):    0.071ns
    Total Input Jitter      (TIJ):    0.000ns
    Discrete Jitter          (DJ):    0.000ns
    Phase Error              (PE):    0.000ns

    Location             Delay type                Incr(ns)  Path(ns)    Netlist Resource(s)
  -------------------------------------------------------------------    -------------------
                         (clock sys_clk_pin rise edge)
                                                      0.000     0.000 r  
    E3                                                0.000     0.000 r  i_clock (IN)
                         net (fo=0)                   0.000     0.000    i_clock
    E3                   IBUF (Prop_ibuf_I_O)         1.489     1.489 r  i_clock_IBUF_inst/O
                         net (fo=1, routed)           1.967     3.455    i_clock_IBUF
    BUFGCTRL_X0Y16       BUFG (Prop_bufg_I_O)         0.096     3.551 r  i_clock_IBUF_BUFG_inst/O
                         net (fo=48, routed)          1.604     5.155    u_phase_detector/u_ram_r/U0/inst_blk_mem_gen/gnbram.gnativebmg.native_blk_mem_gen/valid.cstr/ramloop[0].ram.r/prim_init.ram/clka
    RAMB36_X1Y3          RAMB36E1                                     r  u_phase_detector/u_ram_r/U0/inst_blk_mem_gen/gnbram.gnativebmg.native_blk_mem_gen/valid.cstr/ramloop[0].ram.r/prim_init.ram/DEVICE_7SERIES.NO_BMM_INFO.SP.SIMPLE_PRIM36.ram/CLKARDCLK
  -------------------------------------------------------------------    -------------------
    RAMB36_X1Y3          RAMB36E1 (Prop_ramb36e1_CLKARDCLK_DOADO[4])
                                                      2.454     7.609 f  u_phase_detector/u_ram_r/U0/inst_blk_mem_gen/gnbram.gnativebmg.native_blk_mem_gen/valid.cstr/ramloop[0].ram.r/prim_init.ram/DEVICE_7SERIES.NO_BMM_INFO.SP.SIMPLE_PRIM36.ram/DOADO[4]
                         net (fo=1, routed)           1.130     8.739    u_phase_detector/u_ram_r/U0/inst_blk_mem_gen/gnbram.gnativebmg.native_blk_mem_gen/valid.cstr/has_mux_a.A/douta_array[4]
    SLICE_X51Y17         LUT6 (Prop_lut6_I2_O)        0.124     8.863 f  u_phase_detector/u_ram_r/U0/inst_blk_mem_gen/gnbram.gnativebmg.native_blk_mem_gen/valid.cstr/has_mux_a.A/douta[4]_INST_0/O
                         net (fo=8, routed)           1.031     9.894    u_phase_detector/phase_r_h[4]
    SLICE_X48Y19         LUT6 (Prop_lut6_I5_O)        0.124    10.018 r  u_phase_detector/i_data0_carry__0_i_19/O
                         net (fo=4, routed)           0.362    10.380    u_phase_detector/i_data0_carry__0_i_19_n_0
    SLICE_X50Y20         LUT3 (Prop_lut3_I2_O)        0.124    10.504 r  u_phase_detector/i_data0_carry__0_i_16/O
                         net (fo=1, routed)           0.590    11.094    u_phase_detector/i_data0_carry__0_i_16_n_0
    SLICE_X50Y21         LUT6 (Prop_lut6_I4_O)        0.124    11.218 r  u_phase_detector/i_data0_carry__0_i_6/O
                         net (fo=2, routed)           0.479    11.697    u_phase_detector/phase_r_converted[7]
    SLICE_X48Y21         LUT5 (Prop_lut5_I0_O)        0.124    11.821 r  u_phase_detector/i_data0_carry__0_i_10/O
                         net (fo=1, routed)           0.000    11.821    u_phase_detector/i_data0_carry__0_i_10_n_0
    SLICE_X48Y21         CARRY4 (Prop_carry4_S[3]_CO[3])
                                                      0.401    12.222 r  u_phase_detector/i_data0_carry__0_i_1/CO[3]
                         net (fo=1, routed)           0.000    12.222    u_phase_detector/i_data0_carry__0_i_1_n_0
    SLICE_X48Y22         CARRY4 (Prop_carry4_CI_O[1])
                                                      0.334    12.556 r  u_phase_detector/i_data0_carry__1_i_3/O[1]
                         net (fo=10, routed)          0.500    13.057    u_phase_detector/s_in_phase_r_reg_0[7]
    SLICE_X49Y23         LUT2 (Prop_lut2_I0_O)        0.303    13.360 r  u_phase_detector/i_data0_carry__1_i_6/O
                         net (fo=1, routed)           0.000    13.360    u_loop_filter/i_data0__33_carry_0[1]
    SLICE_X49Y23         CARRY4 (Prop_carry4_S[1]_O[2])
                                                      0.580    13.940 r  u_loop_filter/i_data0_carry__1/O[2]
                         net (fo=1, routed)           0.608    14.548    u_loop_filter/i_data0_carry__1_n_5
    SLICE_X49Y25         CARRY4 (Prop_carry4_S[2]_CO[3])
                                                      0.700    15.248 r  u_loop_filter/i_data0__33_carry/CO[3]
                         net (fo=1, routed)           0.000    15.248    u_loop_filter/i_data0__33_carry_n_0
    SLICE_X49Y26         CARRY4 (Prop_carry4_CI_O[1])
                                                      0.334    15.582 r  u_loop_filter/i_data0__33_carry__0/O[1]
                         net (fo=1, routed)           0.686    16.269    u_loop_filter/u_round_i/sum_i_converted2_carry__0_i_2[1]
    SLICE_X49Y20         CARRY4 (Prop_carry4_S[1]_CO[2])
                                                      0.873    17.142 r  u_loop_filter/u_round_i/o_round0_carry__1/CO[2]
                         net (fo=4, routed)           0.804    17.946    u_loop_filter/u_round_i_n_2
    SLICE_X48Y25         LUT2 (Prop_lut2_I1_O)        0.313    18.259 r  u_loop_filter/sum_i_converted2_carry__1_i_2/O
                         net (fo=1, routed)           0.000    18.259    u_loop_filter/sum_i_converted2_carry__1_i_2_n_0
    SLICE_X48Y25         CARRY4 (Prop_carry4_S[1]_O[2])
                                                      0.580    18.839 f  u_loop_filter/sum_i_converted2_carry__1/O[2]
                         net (fo=5, routed)           0.586    19.425    u_loop_filter/sum_i_converted2_carry__1_n_5
    SLICE_X47Y24         LUT1 (Prop_lut1_I0_O)        0.302    19.727 r  u_loop_filter/i__carry__1_i_1/O
                         net (fo=1, routed)           0.000    19.727    u_loop_filter/i__carry__1_i_1_n_0
    SLICE_X47Y24         CARRY4 (Prop_carry4_S[1]_O[2])
                                                      0.580    20.307 f  u_loop_filter/sum_i_converted2_inferred__0/i__carry__1/O[2]
                         net (fo=2, routed)           0.674    20.980    u_loop_filter/sum_i_converted2[11]
    SLICE_X47Y26         LUT2 (Prop_lut2_I0_O)        0.302    21.282 r  u_loop_filter/i__carry__0_i_4__0/O
                         net (fo=1, routed)           0.000    21.282    u_loop_filter/i__carry__0_i_4__0_n_0
    SLICE_X47Y26         CARRY4 (Prop_carry4_S[1]_CO[3])
                                                      0.550    21.832 r  u_loop_filter/sum_i_converted1_inferred__0/i__carry__0/CO[3]
                         net (fo=1, routed)           0.000    21.832    u_loop_filter/sum_i_converted1_inferred__0/i__carry__0_n_0
    SLICE_X47Y27         CARRY4 (Prop_carry4_CI_CO[3])
                                                      0.114    21.946 r  u_loop_filter/sum_i_converted1_inferred__0/i__carry__1/CO[3]
                         net (fo=1, routed)           0.000    21.946    u_loop_filter/sum_i_converted1_inferred__0/i__carry__1_n_0
    SLICE_X47Y28         CARRY4 (Prop_carry4_CI_CO[3])
                                                      0.114    22.060 r  u_loop_filter/sum_i_converted1_inferred__0/i__carry__2/CO[3]
                         net (fo=6, routed)           0.890    22.950    u_loop_filter/sum_i_converted1_inferred__0/i__carry__2_n_0
    SLICE_X48Y28         LUT2 (Prop_lut2_I1_O)        0.124    23.074 r  u_loop_filter/sum_i_converted0_carry_i_1/O
                         net (fo=1, routed)           0.000    23.074    u_loop_filter/sum_i_converted0_carry_i_1_n_0
    SLICE_X48Y28         CARRY4 (Prop_carry4_S[1]_CO[3])
                                                      0.550    23.624 r  u_loop_filter/sum_i_converted0_carry/CO[3]
                         net (fo=1, routed)           0.000    23.624    u_loop_filter/sum_i_converted0_carry_n_0
    SLICE_X48Y29         CARRY4 (Prop_carry4_CI_O[1])
                                                      0.334    23.958 r  u_loop_filter/sum_i_converted0_carry__0/O[1]
                         net (fo=1, routed)           0.449    24.406    u_loop_filter/sum_i_converted0_carry__0_n_6
    SLICE_X48Y31         LUT4 (Prop_lut4_I3_O)        0.303    24.709 r  u_loop_filter/r_accumulator_i[6]_i_1/O
                         net (fo=3, routed)           0.362    25.071    u_phase_detector/o_phase0_carry__1[5]
    SLICE_X49Y31         LUT4 (Prop_lut4_I0_O)        0.124    25.195 r  u_phase_detector/o_phase0_carry__0_i_2/O
                         net (fo=1, routed)           0.000    25.195    u_loop_filter/sum_i_converted2_carry__0_i_4__0[2]
    SLICE_X49Y31         CARRY4 (Prop_carry4_S[2]_CO[3])
                                                      0.398    25.593 r  u_loop_filter/o_phase0_carry__0/CO[3]
                         net (fo=1, routed)           0.000    25.593    u_loop_filter/o_phase0_carry__0_n_0
    SLICE_X49Y32         CARRY4 (Prop_carry4_CI_O[1])
                                                      0.334    25.927 r  u_loop_filter/o_phase0_carry__1/O[1]
                         net (fo=1, routed)           0.608    26.536    u_vco/i_phase[9]
    SLICE_X49Y29         LUT2 (Prop_lut2_I1_O)        0.303    26.839 r  u_vco/sum_i_converted2_carry__1_i_3/O
                         net (fo=1, routed)           0.000    26.839    u_vco/sum_i_converted2_carry__1_i_3_n_0
    SLICE_X49Y29         CARRY4 (Prop_carry4_S[1]_O[2])
                                                      0.580    27.419 f  u_vco/sum_i_converted2_carry__1/O[2]
                         net (fo=5, routed)           0.588    28.006    u_vco/sum_i_converted2_carry__1_n_5
    SLICE_X51Y29         LUT1 (Prop_lut1_I0_O)        0.302    28.308 r  u_vco/i__carry__1_i_1__0/O
                         net (fo=1, routed)           0.000    28.308    u_vco/i__carry__1_i_1__0_n_0
    SLICE_X51Y29         CARRY4 (Prop_carry4_S[1]_O[2])
                                                      0.580    28.888 f  u_vco/sum_i_converted2_inferred__0/i__carry__1/O[2]
                         net (fo=2, routed)           0.595    29.483    u_vco/sum_i_converted2_inferred__0/i__carry__1_n_5
    SLICE_X50Y28         LUT2 (Prop_lut2_I0_O)        0.302    29.785 r  u_vco/i__carry__0_i_4__2/O
                         net (fo=1, routed)           0.000    29.785    u_vco/i__carry__0_i_4__2_n_0
    SLICE_X50Y28         CARRY4 (Prop_carry4_S[1]_CO[3])
                                                      0.533    30.318 r  u_vco/sum_i_converted1_inferred__0/i__carry__0/CO[3]
                         net (fo=1, routed)           0.000    30.318    u_vco/sum_i_converted1_inferred__0/i__carry__0_n_0
    SLICE_X50Y29         CARRY4 (Prop_carry4_CI_CO[3])
                                                      0.117    30.435 r  u_vco/sum_i_converted1_inferred__0/i__carry__1/CO[3]
                         net (fo=1, routed)           0.000    30.435    u_vco/sum_i_converted1_inferred__0/i__carry__1_n_0
    SLICE_X50Y30         CARRY4 (Prop_carry4_CI_CO[3])
                                                      0.117    30.552 r  u_vco/sum_i_converted1_inferred__0/i__carry__2/CO[3]
                         net (fo=6, routed)           0.921    31.473    u_vco/sum_i_converted1_inferred__0/i__carry__2_n_0
    SLICE_X49Y33         LUT2 (Prop_lut2_I1_O)        0.124    31.597 r  u_vco/sum_i_converted0_carry_i_1__0/O
                         net (fo=1, routed)           0.000    31.597    u_vco/sum_i_converted0_carry_i_1__0_n_0
    SLICE_X49Y33         CARRY4 (Prop_carry4_S[1]_CO[3])
                                                      0.550    32.147 r  u_vco/sum_i_converted0_carry/CO[3]
                         net (fo=1, routed)           0.000    32.147    u_vco/sum_i_converted0_carry_n_0
    SLICE_X49Y34         CARRY4 (Prop_carry4_CI_O[2])
                                                      0.239    32.386 r  u_vco/sum_i_converted0_carry__0/O[2]
                         net (fo=1, routed)           0.308    32.694    u_vco/sum_i_converted0_carry__0_n_5
    SLICE_X51Y34         LUT5 (Prop_lut5_I4_O)        0.302    32.996 r  u_vco/r_accumulator_i[7]_i_1__0/O
                         net (fo=1, routed)           0.000    32.996    u_vco/r_accumulator_i[7]_i_1__0_n_0
    SLICE_X51Y34         FDCE                                         r  u_vco/r_accumulator_i_reg[7]/D
  -------------------------------------------------------------------    -------------------

                         (clock sys_clk_pin rise edge)
                                                     20.000    20.000 r  
    E3                                                0.000    20.000 r  i_clock (IN)
                         net (fo=0)                   0.000    20.000    i_clock
    E3                   IBUF (Prop_ibuf_I_O)         1.418    21.418 r  i_clock_IBUF_inst/O
                         net (fo=1, routed)           1.862    23.280    i_clock_IBUF
    BUFGCTRL_X0Y16       BUFG (Prop_bufg_I_O)         0.091    23.371 r  i_clock_IBUF_BUFG_inst/O
                         net (fo=48, routed)          1.449    24.821    u_vco/CLK
    SLICE_X51Y34         FDCE                                         r  u_vco/r_accumulator_i_reg[7]/C
                         clock pessimism              0.259    25.080    
                         clock uncertainty           -0.035    25.044    
    SLICE_X51Y34         FDCE (Setup_fdce_C_D)        0.032    25.076    u_vco/r_accumulator_i_reg[7]
  -------------------------------------------------------------------
                         required time                         25.076    
                         arrival time                         -32.996    
  -------------------------------------------------------------------
                         slack                                 -7.920    

Slack (VIOLATED) :        -7.893ns  (required time - arrival time)
  Source:                 u_phase_detector/u_ram_r/U0/inst_blk_mem_gen/gnbram.gnativebmg.native_blk_mem_gen/valid.cstr/ramloop[0].ram.r/prim_init.ram/DEVICE_7SERIES.NO_BMM_INFO.SP.SIMPLE_PRIM36.ram/CLKARDCLK
                            (rising edge-triggered cell RAMB36E1 clocked by sys_clk_pin  {rise@0.000ns fall@10.000ns period=20.000ns})
  Destination:            u_vco/r_accumulator_i_reg[5]/D
                            (rising edge-triggered cell FDCE clocked by sys_clk_pin  {rise@0.000ns fall@10.000ns period=20.000ns})
  Path Group:             sys_clk_pin
  Path Type:              Setup (Max at Slow Process Corner)
  Requirement:            20.000ns  (sys_clk_pin rise@20.000ns - sys_clk_pin rise@0.000ns)
  Data Path Delay:        27.813ns  (logic 15.650ns (56.268%)  route 12.163ns (43.732%))
  Logic Levels:           39  (CARRY4=22 LUT1=2 LUT2=7 LUT3=1 LUT4=2 LUT5=1 LUT6=4)
  Clock Path Skew:        -0.075ns (DCD - SCD + CPR)
    Destination Clock Delay (DCD):    4.821ns = ( 24.821 - 20.000 ) 
    Source Clock Delay      (SCD):    5.155ns
    Clock Pessimism Removal (CPR):    0.259ns
  Clock Uncertainty:      0.035ns  ((TSJ^2 + TIJ^2)^1/2 + DJ) / 2 + PE
    Total System Jitter     (TSJ):    0.071ns
    Total Input Jitter      (TIJ):    0.000ns
    Discrete Jitter          (DJ):    0.000ns
    Phase Error              (PE):    0.000ns

    Location             Delay type                Incr(ns)  Path(ns)    Netlist Resource(s)
  -------------------------------------------------------------------    -------------------
                         (clock sys_clk_pin rise edge)
                                                      0.000     0.000 r  
    E3                                                0.000     0.000 r  i_clock (IN)
                         net (fo=0)                   0.000     0.000    i_clock
    E3                   IBUF (Prop_ibuf_I_O)         1.489     1.489 r  i_clock_IBUF_inst/O
                         net (fo=1, routed)           1.967     3.455    i_clock_IBUF
    BUFGCTRL_X0Y16       BUFG (Prop_bufg_I_O)         0.096     3.551 r  i_clock_IBUF_BUFG_inst/O
                         net (fo=48, routed)          1.604     5.155    u_phase_detector/u_ram_r/U0/inst_blk_mem_gen/gnbram.gnativebmg.native_blk_mem_gen/valid.cstr/ramloop[0].ram.r/prim_init.ram/clka
    RAMB36_X1Y3          RAMB36E1                                     r  u_phase_detector/u_ram_r/U0/inst_blk_mem_gen/gnbram.gnativebmg.native_blk_mem_gen/valid.cstr/ramloop[0].ram.r/prim_init.ram/DEVICE_7SERIES.NO_BMM_INFO.SP.SIMPLE_PRIM36.ram/CLKARDCLK
  -------------------------------------------------------------------    -------------------
    RAMB36_X1Y3          RAMB36E1 (Prop_ramb36e1_CLKARDCLK_DOADO[4])
                                                      2.454     7.609 f  u_phase_detector/u_ram_r/U0/inst_blk_mem_gen/gnbram.gnativebmg.native_blk_mem_gen/valid.cstr/ramloop[0].ram.r/prim_init.ram/DEVICE_7SERIES.NO_BMM_INFO.SP.SIMPLE_PRIM36.ram/DOADO[4]
                         net (fo=1, routed)           1.130     8.739    u_phase_detector/u_ram_r/U0/inst_blk_mem_gen/gnbram.gnativebmg.native_blk_mem_gen/valid.cstr/has_mux_a.A/douta_array[4]
    SLICE_X51Y17         LUT6 (Prop_lut6_I2_O)        0.124     8.863 f  u_phase_detector/u_ram_r/U0/inst_blk_mem_gen/gnbram.gnativebmg.native_blk_mem_gen/valid.cstr/has_mux_a.A/douta[4]_INST_0/O
                         net (fo=8, routed)           1.031     9.894    u_phase_detector/phase_r_h[4]
    SLICE_X48Y19         LUT6 (Prop_lut6_I5_O)        0.124    10.018 r  u_phase_detector/i_data0_carry__0_i_19/O
                         net (fo=4, routed)           0.362    10.380    u_phase_detector/i_data0_carry__0_i_19_n_0
    SLICE_X50Y20         LUT3 (Prop_lut3_I2_O)        0.124    10.504 r  u_phase_detector/i_data0_carry__0_i_16/O
                         net (fo=1, routed)           0.590    11.094    u_phase_detector/i_data0_carry__0_i_16_n_0
    SLICE_X50Y21         LUT6 (Prop_lut6_I4_O)        0.124    11.218 r  u_phase_detector/i_data0_carry__0_i_6/O
                         net (fo=2, routed)           0.479    11.697    u_phase_detector/phase_r_converted[7]
    SLICE_X48Y21         LUT5 (Prop_lut5_I0_O)        0.124    11.821 r  u_phase_detector/i_data0_carry__0_i_10/O
                         net (fo=1, routed)           0.000    11.821    u_phase_detector/i_data0_carry__0_i_10_n_0
    SLICE_X48Y21         CARRY4 (Prop_carry4_S[3]_CO[3])
                                                      0.401    12.222 r  u_phase_detector/i_data0_carry__0_i_1/CO[3]
                         net (fo=1, routed)           0.000    12.222    u_phase_detector/i_data0_carry__0_i_1_n_0
    SLICE_X48Y22         CARRY4 (Prop_carry4_CI_O[1])
                                                      0.334    12.556 r  u_phase_detector/i_data0_carry__1_i_3/O[1]
                         net (fo=10, routed)          0.500    13.057    u_phase_detector/s_in_phase_r_reg_0[7]
    SLICE_X49Y23         LUT2 (Prop_lut2_I0_O)        0.303    13.360 r  u_phase_detector/i_data0_carry__1_i_6/O
                         net (fo=1, routed)           0.000    13.360    u_loop_filter/i_data0__33_carry_0[1]
    SLICE_X49Y23         CARRY4 (Prop_carry4_S[1]_O[2])
                                                      0.580    13.940 r  u_loop_filter/i_data0_carry__1/O[2]
                         net (fo=1, routed)           0.608    14.548    u_loop_filter/i_data0_carry__1_n_5
    SLICE_X49Y25         CARRY4 (Prop_carry4_S[2]_CO[3])
                                                      0.700    15.248 r  u_loop_filter/i_data0__33_carry/CO[3]
                         net (fo=1, routed)           0.000    15.248    u_loop_filter/i_data0__33_carry_n_0
    SLICE_X49Y26         CARRY4 (Prop_carry4_CI_O[1])
                                                      0.334    15.582 r  u_loop_filter/i_data0__33_carry__0/O[1]
                         net (fo=1, routed)           0.686    16.269    u_loop_filter/u_round_i/sum_i_converted2_carry__0_i_2[1]
    SLICE_X49Y20         CARRY4 (Prop_carry4_S[1]_CO[2])
                                                      0.873    17.142 r  u_loop_filter/u_round_i/o_round0_carry__1/CO[2]
                         net (fo=4, routed)           0.804    17.946    u_loop_filter/u_round_i_n_2
    SLICE_X48Y25         LUT2 (Prop_lut2_I1_O)        0.313    18.259 r  u_loop_filter/sum_i_converted2_carry__1_i_2/O
                         net (fo=1, routed)           0.000    18.259    u_loop_filter/sum_i_converted2_carry__1_i_2_n_0
    SLICE_X48Y25         CARRY4 (Prop_carry4_S[1]_O[2])
                                                      0.580    18.839 f  u_loop_filter/sum_i_converted2_carry__1/O[2]
                         net (fo=5, routed)           0.586    19.425    u_loop_filter/sum_i_converted2_carry__1_n_5
    SLICE_X47Y24         LUT1 (Prop_lut1_I0_O)        0.302    19.727 r  u_loop_filter/i__carry__1_i_1/O
                         net (fo=1, routed)           0.000    19.727    u_loop_filter/i__carry__1_i_1_n_0
    SLICE_X47Y24         CARRY4 (Prop_carry4_S[1]_O[2])
                                                      0.580    20.307 f  u_loop_filter/sum_i_converted2_inferred__0/i__carry__1/O[2]
                         net (fo=2, routed)           0.674    20.980    u_loop_filter/sum_i_converted2[11]
    SLICE_X47Y26         LUT2 (Prop_lut2_I0_O)        0.302    21.282 r  u_loop_filter/i__carry__0_i_4__0/O
                         net (fo=1, routed)           0.000    21.282    u_loop_filter/i__carry__0_i_4__0_n_0
    SLICE_X47Y26         CARRY4 (Prop_carry4_S[1]_CO[3])
                                                      0.550    21.832 r  u_loop_filter/sum_i_converted1_inferred__0/i__carry__0/CO[3]
                         net (fo=1, routed)           0.000    21.832    u_loop_filter/sum_i_converted1_inferred__0/i__carry__0_n_0
    SLICE_X47Y27         CARRY4 (Prop_carry4_CI_CO[3])
                                                      0.114    21.946 r  u_loop_filter/sum_i_converted1_inferred__0/i__carry__1/CO[3]
                         net (fo=1, routed)           0.000    21.946    u_loop_filter/sum_i_converted1_inferred__0/i__carry__1_n_0
    SLICE_X47Y28         CARRY4 (Prop_carry4_CI_CO[3])
                                                      0.114    22.060 r  u_loop_filter/sum_i_converted1_inferred__0/i__carry__2/CO[3]
                         net (fo=6, routed)           0.890    22.950    u_loop_filter/sum_i_converted1_inferred__0/i__carry__2_n_0
    SLICE_X48Y28         LUT2 (Prop_lut2_I1_O)        0.124    23.074 r  u_loop_filter/sum_i_converted0_carry_i_1/O
                         net (fo=1, routed)           0.000    23.074    u_loop_filter/sum_i_converted0_carry_i_1_n_0
    SLICE_X48Y28         CARRY4 (Prop_carry4_S[1]_CO[3])
                                                      0.550    23.624 r  u_loop_filter/sum_i_converted0_carry/CO[3]
                         net (fo=1, routed)           0.000    23.624    u_loop_filter/sum_i_converted0_carry_n_0
    SLICE_X48Y29         CARRY4 (Prop_carry4_CI_O[1])
                                                      0.334    23.958 r  u_loop_filter/sum_i_converted0_carry__0/O[1]
                         net (fo=1, routed)           0.449    24.406    u_loop_filter/sum_i_converted0_carry__0_n_6
    SLICE_X48Y31         LUT4 (Prop_lut4_I3_O)        0.303    24.709 r  u_loop_filter/r_accumulator_i[6]_i_1/O
                         net (fo=3, routed)           0.362    25.071    u_phase_detector/o_phase0_carry__1[5]
    SLICE_X49Y31         LUT4 (Prop_lut4_I0_O)        0.124    25.195 r  u_phase_detector/o_phase0_carry__0_i_2/O
                         net (fo=1, routed)           0.000    25.195    u_loop_filter/sum_i_converted2_carry__0_i_4__0[2]
    SLICE_X49Y31         CARRY4 (Prop_carry4_S[2]_CO[3])
                                                      0.398    25.593 r  u_loop_filter/o_phase0_carry__0/CO[3]
                         net (fo=1, routed)           0.000    25.593    u_loop_filter/o_phase0_carry__0_n_0
    SLICE_X49Y32         CARRY4 (Prop_carry4_CI_O[1])
                                                      0.334    25.927 r  u_loop_filter/o_phase0_carry__1/O[1]
                         net (fo=1, routed)           0.608    26.536    u_vco/i_phase[9]
    SLICE_X49Y29         LUT2 (Prop_lut2_I1_O)        0.303    26.839 r  u_vco/sum_i_converted2_carry__1_i_3/O
                         net (fo=1, routed)           0.000    26.839    u_vco/sum_i_converted2_carry__1_i_3_n_0
    SLICE_X49Y29         CARRY4 (Prop_carry4_S[1]_O[2])
                                                      0.580    27.419 f  u_vco/sum_i_converted2_carry__1/O[2]
                         net (fo=5, routed)           0.588    28.006    u_vco/sum_i_converted2_carry__1_n_5
    SLICE_X51Y29         LUT1 (Prop_lut1_I0_O)        0.302    28.308 r  u_vco/i__carry__1_i_1__0/O
                         net (fo=1, routed)           0.000    28.308    u_vco/i__carry__1_i_1__0_n_0
    SLICE_X51Y29         CARRY4 (Prop_carry4_S[1]_O[2])
                                                      0.580    28.888 f  u_vco/sum_i_converted2_inferred__0/i__carry__1/O[2]
                         net (fo=2, routed)           0.595    29.483    u_vco/sum_i_converted2_inferred__0/i__carry__1_n_5
    SLICE_X50Y28         LUT2 (Prop_lut2_I0_O)        0.302    29.785 r  u_vco/i__carry__0_i_4__2/O
                         net (fo=1, routed)           0.000    29.785    u_vco/i__carry__0_i_4__2_n_0
    SLICE_X50Y28         CARRY4 (Prop_carry4_S[1]_CO[3])
                                                      0.533    30.318 r  u_vco/sum_i_converted1_inferred__0/i__carry__0/CO[3]
                         net (fo=1, routed)           0.000    30.318    u_vco/sum_i_converted1_inferred__0/i__carry__0_n_0
    SLICE_X50Y29         CARRY4 (Prop_carry4_CI_CO[3])
                                                      0.117    30.435 r  u_vco/sum_i_converted1_inferred__0/i__carry__1/CO[3]
                         net (fo=1, routed)           0.000    30.435    u_vco/sum_i_converted1_inferred__0/i__carry__1_n_0
    SLICE_X50Y30         CARRY4 (Prop_carry4_CI_CO[3])
                                                      0.117    30.552 r  u_vco/sum_i_converted1_inferred__0/i__carry__2/CO[3]
                         net (fo=6, routed)           0.921    31.473    u_vco/sum_i_converted1_inferred__0/i__carry__2_n_0
    SLICE_X49Y33         LUT2 (Prop_lut2_I1_O)        0.124    31.597 r  u_vco/sum_i_converted0_carry_i_1__0/O
                         net (fo=1, routed)           0.000    31.597    u_vco/sum_i_converted0_carry_i_1__0_n_0
    SLICE_X49Y33         CARRY4 (Prop_carry4_S[1]_CO[3])
                                                      0.550    32.147 r  u_vco/sum_i_converted0_carry/CO[3]
                         net (fo=1, routed)           0.000    32.147    u_vco/sum_i_converted0_carry_n_0
    SLICE_X49Y34         CARRY4 (Prop_carry4_CI_O[0])
                                                      0.222    32.369 r  u_vco/sum_i_converted0_carry__0/O[0]
                         net (fo=1, routed)           0.301    32.670    u_vco/sum_i_converted0_carry__0_n_7
    SLICE_X51Y34         LUT6 (Prop_lut6_I5_O)        0.299    32.969 r  u_vco/r_accumulator_i[5]_i_1__0/O
                         net (fo=1, routed)           0.000    32.969    u_vco/r_accumulator_i[5]_i_1__0_n_0
    SLICE_X51Y34         FDCE                                         r  u_vco/r_accumulator_i_reg[5]/D
  -------------------------------------------------------------------    -------------------

                         (clock sys_clk_pin rise edge)
                                                     20.000    20.000 r  
    E3                                                0.000    20.000 r  i_clock (IN)
                         net (fo=0)                   0.000    20.000    i_clock
    E3                   IBUF (Prop_ibuf_I_O)         1.418    21.418 r  i_clock_IBUF_inst/O
                         net (fo=1, routed)           1.862    23.280    i_clock_IBUF
    BUFGCTRL_X0Y16       BUFG (Prop_bufg_I_O)         0.091    23.371 r  i_clock_IBUF_BUFG_inst/O
                         net (fo=48, routed)          1.449    24.821    u_vco/CLK
    SLICE_X51Y34         FDCE                                         r  u_vco/r_accumulator_i_reg[5]/C
                         clock pessimism              0.259    25.080    
                         clock uncertainty           -0.035    25.044    
    SLICE_X51Y34         FDCE (Setup_fdce_C_D)        0.031    25.075    u_vco/r_accumulator_i_reg[5]
  -------------------------------------------------------------------
                         required time                         25.075    
                         arrival time                         -32.969    
  -------------------------------------------------------------------
                         slack                                 -7.893    

Slack (VIOLATED) :        -7.772ns  (required time - arrival time)
  Source:                 u_phase_detector/u_ram_r/U0/inst_blk_mem_gen/gnbram.gnativebmg.native_blk_mem_gen/valid.cstr/ramloop[0].ram.r/prim_init.ram/DEVICE_7SERIES.NO_BMM_INFO.SP.SIMPLE_PRIM36.ram/CLKARDCLK
                            (rising edge-triggered cell RAMB36E1 clocked by sys_clk_pin  {rise@0.000ns fall@10.000ns period=20.000ns})
  Destination:            u_vco/r_accumulator_i_reg[4]/D
                            (rising edge-triggered cell FDCE clocked by sys_clk_pin  {rise@0.000ns fall@10.000ns period=20.000ns})
  Path Group:             sys_clk_pin
  Path Type:              Setup (Max at Slow Process Corner)
  Requirement:            20.000ns  (sys_clk_pin rise@20.000ns - sys_clk_pin rise@0.000ns)
  Data Path Delay:        27.691ns  (logic 15.525ns (56.065%)  route 12.166ns (43.935%))
  Logic Levels:           38  (CARRY4=21 LUT1=2 LUT2=7 LUT3=1 LUT4=2 LUT5=2 LUT6=3)
  Clock Path Skew:        -0.076ns (DCD - SCD + CPR)
    Destination Clock Delay (DCD):    4.820ns = ( 24.820 - 20.000 ) 
    Source Clock Delay      (SCD):    5.155ns
    Clock Pessimism Removal (CPR):    0.259ns
  Clock Uncertainty:      0.035ns  ((TSJ^2 + TIJ^2)^1/2 + DJ) / 2 + PE
    Total System Jitter     (TSJ):    0.071ns
    Total Input Jitter      (TIJ):    0.000ns
    Discrete Jitter          (DJ):    0.000ns
    Phase Error              (PE):    0.000ns

    Location             Delay type                Incr(ns)  Path(ns)    Netlist Resource(s)
  -------------------------------------------------------------------    -------------------
                         (clock sys_clk_pin rise edge)
                                                      0.000     0.000 r  
    E3                                                0.000     0.000 r  i_clock (IN)
                         net (fo=0)                   0.000     0.000    i_clock
    E3                   IBUF (Prop_ibuf_I_O)         1.489     1.489 r  i_clock_IBUF_inst/O
                         net (fo=1, routed)           1.967     3.455    i_clock_IBUF
    BUFGCTRL_X0Y16       BUFG (Prop_bufg_I_O)         0.096     3.551 r  i_clock_IBUF_BUFG_inst/O
                         net (fo=48, routed)          1.604     5.155    u_phase_detector/u_ram_r/U0/inst_blk_mem_gen/gnbram.gnativebmg.native_blk_mem_gen/valid.cstr/ramloop[0].ram.r/prim_init.ram/clka
    RAMB36_X1Y3          RAMB36E1                                     r  u_phase_detector/u_ram_r/U0/inst_blk_mem_gen/gnbram.gnativebmg.native_blk_mem_gen/valid.cstr/ramloop[0].ram.r/prim_init.ram/DEVICE_7SERIES.NO_BMM_INFO.SP.SIMPLE_PRIM36.ram/CLKARDCLK
  -------------------------------------------------------------------    -------------------
    RAMB36_X1Y3          RAMB36E1 (Prop_ramb36e1_CLKARDCLK_DOADO[4])
                                                      2.454     7.609 f  u_phase_detector/u_ram_r/U0/inst_blk_mem_gen/gnbram.gnativebmg.native_blk_mem_gen/valid.cstr/ramloop[0].ram.r/prim_init.ram/DEVICE_7SERIES.NO_BMM_INFO.SP.SIMPLE_PRIM36.ram/DOADO[4]
                         net (fo=1, routed)           1.130     8.739    u_phase_detector/u_ram_r/U0/inst_blk_mem_gen/gnbram.gnativebmg.native_blk_mem_gen/valid.cstr/has_mux_a.A/douta_array[4]
    SLICE_X51Y17         LUT6 (Prop_lut6_I2_O)        0.124     8.863 f  u_phase_detector/u_ram_r/U0/inst_blk_mem_gen/gnbram.gnativebmg.native_blk_mem_gen/valid.cstr/has_mux_a.A/douta[4]_INST_0/O
                         net (fo=8, routed)           1.031     9.894    u_phase_detector/phase_r_h[4]
    SLICE_X48Y19         LUT6 (Prop_lut6_I5_O)        0.124    10.018 r  u_phase_detector/i_data0_carry__0_i_19/O
                         net (fo=4, routed)           0.362    10.380    u_phase_detector/i_data0_carry__0_i_19_n_0
    SLICE_X50Y20         LUT3 (Prop_lut3_I2_O)        0.124    10.504 r  u_phase_detector/i_data0_carry__0_i_16/O
                         net (fo=1, routed)           0.590    11.094    u_phase_detector/i_data0_carry__0_i_16_n_0
    SLICE_X50Y21         LUT6 (Prop_lut6_I4_O)        0.124    11.218 r  u_phase_detector/i_data0_carry__0_i_6/O
                         net (fo=2, routed)           0.479    11.697    u_phase_detector/phase_r_converted[7]
    SLICE_X48Y21         LUT5 (Prop_lut5_I0_O)        0.124    11.821 r  u_phase_detector/i_data0_carry__0_i_10/O
                         net (fo=1, routed)           0.000    11.821    u_phase_detector/i_data0_carry__0_i_10_n_0
    SLICE_X48Y21         CARRY4 (Prop_carry4_S[3]_CO[3])
                                                      0.401    12.222 r  u_phase_detector/i_data0_carry__0_i_1/CO[3]
                         net (fo=1, routed)           0.000    12.222    u_phase_detector/i_data0_carry__0_i_1_n_0
    SLICE_X48Y22         CARRY4 (Prop_carry4_CI_O[1])
                                                      0.334    12.556 r  u_phase_detector/i_data0_carry__1_i_3/O[1]
                         net (fo=10, routed)          0.500    13.057    u_phase_detector/s_in_phase_r_reg_0[7]
    SLICE_X49Y23         LUT2 (Prop_lut2_I0_O)        0.303    13.360 r  u_phase_detector/i_data0_carry__1_i_6/O
                         net (fo=1, routed)           0.000    13.360    u_loop_filter/i_data0__33_carry_0[1]
    SLICE_X49Y23         CARRY4 (Prop_carry4_S[1]_O[2])
                                                      0.580    13.940 r  u_loop_filter/i_data0_carry__1/O[2]
                         net (fo=1, routed)           0.608    14.548    u_loop_filter/i_data0_carry__1_n_5
    SLICE_X49Y25         CARRY4 (Prop_carry4_S[2]_CO[3])
                                                      0.700    15.248 r  u_loop_filter/i_data0__33_carry/CO[3]
                         net (fo=1, routed)           0.000    15.248    u_loop_filter/i_data0__33_carry_n_0
    SLICE_X49Y26         CARRY4 (Prop_carry4_CI_O[1])
                                                      0.334    15.582 r  u_loop_filter/i_data0__33_carry__0/O[1]
                         net (fo=1, routed)           0.686    16.269    u_loop_filter/u_round_i/sum_i_converted2_carry__0_i_2[1]
    SLICE_X49Y20         CARRY4 (Prop_carry4_S[1]_CO[2])
                                                      0.873    17.142 r  u_loop_filter/u_round_i/o_round0_carry__1/CO[2]
                         net (fo=4, routed)           0.804    17.946    u_loop_filter/u_round_i_n_2
    SLICE_X48Y25         LUT2 (Prop_lut2_I1_O)        0.313    18.259 r  u_loop_filter/sum_i_converted2_carry__1_i_2/O
                         net (fo=1, routed)           0.000    18.259    u_loop_filter/sum_i_converted2_carry__1_i_2_n_0
    SLICE_X48Y25         CARRY4 (Prop_carry4_S[1]_O[2])
                                                      0.580    18.839 f  u_loop_filter/sum_i_converted2_carry__1/O[2]
                         net (fo=5, routed)           0.586    19.425    u_loop_filter/sum_i_converted2_carry__1_n_5
    SLICE_X47Y24         LUT1 (Prop_lut1_I0_O)        0.302    19.727 r  u_loop_filter/i__carry__1_i_1/O
                         net (fo=1, routed)           0.000    19.727    u_loop_filter/i__carry__1_i_1_n_0
    SLICE_X47Y24         CARRY4 (Prop_carry4_S[1]_O[2])
                                                      0.580    20.307 f  u_loop_filter/sum_i_converted2_inferred__0/i__carry__1/O[2]
                         net (fo=2, routed)           0.674    20.980    u_loop_filter/sum_i_converted2[11]
    SLICE_X47Y26         LUT2 (Prop_lut2_I0_O)        0.302    21.282 r  u_loop_filter/i__carry__0_i_4__0/O
                         net (fo=1, routed)           0.000    21.282    u_loop_filter/i__carry__0_i_4__0_n_0
    SLICE_X47Y26         CARRY4 (Prop_carry4_S[1]_CO[3])
                                                      0.550    21.832 r  u_loop_filter/sum_i_converted1_inferred__0/i__carry__0/CO[3]
                         net (fo=1, routed)           0.000    21.832    u_loop_filter/sum_i_converted1_inferred__0/i__carry__0_n_0
    SLICE_X47Y27         CARRY4 (Prop_carry4_CI_CO[3])
                                                      0.114    21.946 r  u_loop_filter/sum_i_converted1_inferred__0/i__carry__1/CO[3]
                         net (fo=1, routed)           0.000    21.946    u_loop_filter/sum_i_converted1_inferred__0/i__carry__1_n_0
    SLICE_X47Y28         CARRY4 (Prop_carry4_CI_CO[3])
                                                      0.114    22.060 r  u_loop_filter/sum_i_converted1_inferred__0/i__carry__2/CO[3]
                         net (fo=6, routed)           0.890    22.950    u_loop_filter/sum_i_converted1_inferred__0/i__carry__2_n_0
    SLICE_X48Y28         LUT2 (Prop_lut2_I1_O)        0.124    23.074 r  u_loop_filter/sum_i_converted0_carry_i_1/O
                         net (fo=1, routed)           0.000    23.074    u_loop_filter/sum_i_converted0_carry_i_1_n_0
    SLICE_X48Y28         CARRY4 (Prop_carry4_S[1]_CO[3])
                                                      0.550    23.624 r  u_loop_filter/sum_i_converted0_carry/CO[3]
                         net (fo=1, routed)           0.000    23.624    u_loop_filter/sum_i_converted0_carry_n_0
    SLICE_X48Y29         CARRY4 (Prop_carry4_CI_O[1])
                                                      0.334    23.958 r  u_loop_filter/sum_i_converted0_carry__0/O[1]
                         net (fo=1, routed)           0.449    24.406    u_loop_filter/sum_i_converted0_carry__0_n_6
    SLICE_X48Y31         LUT4 (Prop_lut4_I3_O)        0.303    24.709 r  u_loop_filter/r_accumulator_i[6]_i_1/O
                         net (fo=3, routed)           0.362    25.071    u_phase_detector/o_phase0_carry__1[5]
    SLICE_X49Y31         LUT4 (Prop_lut4_I0_O)        0.124    25.195 r  u_phase_detector/o_phase0_carry__0_i_2/O
                         net (fo=1, routed)           0.000    25.195    u_loop_filter/sum_i_converted2_carry__0_i_4__0[2]
    SLICE_X49Y31         CARRY4 (Prop_carry4_S[2]_CO[3])
                                                      0.398    25.593 r  u_loop_filter/o_phase0_carry__0/CO[3]
                         net (fo=1, routed)           0.000    25.593    u_loop_filter/o_phase0_carry__0_n_0
    SLICE_X49Y32         CARRY4 (Prop_carry4_CI_O[1])
                                                      0.334    25.927 r  u_loop_filter/o_phase0_carry__1/O[1]
                         net (fo=1, routed)           0.608    26.536    u_vco/i_phase[9]
    SLICE_X49Y29         LUT2 (Prop_lut2_I1_O)        0.303    26.839 r  u_vco/sum_i_converted2_carry__1_i_3/O
                         net (fo=1, routed)           0.000    26.839    u_vco/sum_i_converted2_carry__1_i_3_n_0
    SLICE_X49Y29         CARRY4 (Prop_carry4_S[1]_O[2])
                                                      0.580    27.419 f  u_vco/sum_i_converted2_carry__1/O[2]
                         net (fo=5, routed)           0.588    28.006    u_vco/sum_i_converted2_carry__1_n_5
    SLICE_X51Y29         LUT1 (Prop_lut1_I0_O)        0.302    28.308 r  u_vco/i__carry__1_i_1__0/O
                         net (fo=1, routed)           0.000    28.308    u_vco/i__carry__1_i_1__0_n_0
    SLICE_X51Y29         CARRY4 (Prop_carry4_S[1]_O[2])
                                                      0.580    28.888 f  u_vco/sum_i_converted2_inferred__0/i__carry__1/O[2]
                         net (fo=2, routed)           0.595    29.483    u_vco/sum_i_converted2_inferred__0/i__carry__1_n_5
    SLICE_X50Y28         LUT2 (Prop_lut2_I0_O)        0.302    29.785 r  u_vco/i__carry__0_i_4__2/O
                         net (fo=1, routed)           0.000    29.785    u_vco/i__carry__0_i_4__2_n_0
    SLICE_X50Y28         CARRY4 (Prop_carry4_S[1]_CO[3])
                                                      0.533    30.318 r  u_vco/sum_i_converted1_inferred__0/i__carry__0/CO[3]
                         net (fo=1, routed)           0.000    30.318    u_vco/sum_i_converted1_inferred__0/i__carry__0_n_0
    SLICE_X50Y29         CARRY4 (Prop_carry4_CI_CO[3])
                                                      0.117    30.435 r  u_vco/sum_i_converted1_inferred__0/i__carry__1/CO[3]
                         net (fo=1, routed)           0.000    30.435    u_vco/sum_i_converted1_inferred__0/i__carry__1_n_0
    SLICE_X50Y30         CARRY4 (Prop_carry4_CI_CO[3])
                                                      0.117    30.552 r  u_vco/sum_i_converted1_inferred__0/i__carry__2/CO[3]
                         net (fo=6, routed)           0.921    31.473    u_vco/sum_i_converted1_inferred__0/i__carry__2_n_0
    SLICE_X49Y33         LUT2 (Prop_lut2_I1_O)        0.124    31.597 r  u_vco/sum_i_converted0_carry_i_1__0/O
                         net (fo=1, routed)           0.000    31.597    u_vco/sum_i_converted0_carry_i_1__0_n_0
    SLICE_X49Y33         CARRY4 (Prop_carry4_S[1]_O[3])
                                                      0.640    32.237 r  u_vco/sum_i_converted0_carry/O[3]
                         net (fo=1, routed)           0.303    32.540    u_vco/sum_i_converted0_carry_n_4
    SLICE_X51Y33         LUT5 (Prop_lut5_I4_O)        0.306    32.846 r  u_vco/r_accumulator_i[4]_i_1__0/O
                         net (fo=1, routed)           0.000    32.846    u_vco/r_accumulator_i[4]_i_1__0_n_0
    SLICE_X51Y33         FDCE                                         r  u_vco/r_accumulator_i_reg[4]/D
  -------------------------------------------------------------------    -------------------

                         (clock sys_clk_pin rise edge)
                                                     20.000    20.000 r  
    E3                                                0.000    20.000 r  i_clock (IN)
                         net (fo=0)                   0.000    20.000    i_clock
    E3                   IBUF (Prop_ibuf_I_O)         1.418    21.418 r  i_clock_IBUF_inst/O
                         net (fo=1, routed)           1.862    23.280    i_clock_IBUF
    BUFGCTRL_X0Y16       BUFG (Prop_bufg_I_O)         0.091    23.371 r  i_clock_IBUF_BUFG_inst/O
                         net (fo=48, routed)          1.448    24.820    u_vco/CLK
    SLICE_X51Y33         FDCE                                         r  u_vco/r_accumulator_i_reg[4]/C
                         clock pessimism              0.259    25.079    
                         clock uncertainty           -0.035    25.043    
    SLICE_X51Y33         FDCE (Setup_fdce_C_D)        0.031    25.074    u_vco/r_accumulator_i_reg[4]
  -------------------------------------------------------------------
                         required time                         25.074    
                         arrival time                         -32.846    
  -------------------------------------------------------------------
                         slack                                 -7.772    

Slack (VIOLATED) :        -7.671ns  (required time - arrival time)
  Source:                 u_phase_detector/u_ram_r/U0/inst_blk_mem_gen/gnbram.gnativebmg.native_blk_mem_gen/valid.cstr/ramloop[0].ram.r/prim_init.ram/DEVICE_7SERIES.NO_BMM_INFO.SP.SIMPLE_PRIM36.ram/CLKARDCLK
                            (rising edge-triggered cell RAMB36E1 clocked by sys_clk_pin  {rise@0.000ns fall@10.000ns period=20.000ns})
  Destination:            u_vco/r_accumulator_i_reg[3]/D
                            (rising edge-triggered cell FDCE clocked by sys_clk_pin  {rise@0.000ns fall@10.000ns period=20.000ns})
  Path Group:             sys_clk_pin
  Path Type:              Setup (Max at Slow Process Corner)
  Requirement:            20.000ns  (sys_clk_pin rise@20.000ns - sys_clk_pin rise@0.000ns)
  Data Path Delay:        27.640ns  (logic 15.461ns (55.937%)  route 12.179ns (44.063%))
  Logic Levels:           38  (CARRY4=21 LUT1=2 LUT2=7 LUT3=1 LUT4=3 LUT5=1 LUT6=3)
  Clock Path Skew:        -0.076ns (DCD - SCD + CPR)
    Destination Clock Delay (DCD):    4.820ns = ( 24.820 - 20.000 ) 
    Source Clock Delay      (SCD):    5.155ns
    Clock Pessimism Removal (CPR):    0.259ns
  Clock Uncertainty:      0.035ns  ((TSJ^2 + TIJ^2)^1/2 + DJ) / 2 + PE
    Total System Jitter     (TSJ):    0.071ns
    Total Input Jitter      (TIJ):    0.000ns
    Discrete Jitter          (DJ):    0.000ns
    Phase Error              (PE):    0.000ns

    Location             Delay type                Incr(ns)  Path(ns)    Netlist Resource(s)
  -------------------------------------------------------------------    -------------------
                         (clock sys_clk_pin rise edge)
                                                      0.000     0.000 r  
    E3                                                0.000     0.000 r  i_clock (IN)
                         net (fo=0)                   0.000     0.000    i_clock
    E3                   IBUF (Prop_ibuf_I_O)         1.489     1.489 r  i_clock_IBUF_inst/O
                         net (fo=1, routed)           1.967     3.455    i_clock_IBUF
    BUFGCTRL_X0Y16       BUFG (Prop_bufg_I_O)         0.096     3.551 r  i_clock_IBUF_BUFG_inst/O
                         net (fo=48, routed)          1.604     5.155    u_phase_detector/u_ram_r/U0/inst_blk_mem_gen/gnbram.gnativebmg.native_blk_mem_gen/valid.cstr/ramloop[0].ram.r/prim_init.ram/clka
    RAMB36_X1Y3          RAMB36E1                                     r  u_phase_detector/u_ram_r/U0/inst_blk_mem_gen/gnbram.gnativebmg.native_blk_mem_gen/valid.cstr/ramloop[0].ram.r/prim_init.ram/DEVICE_7SERIES.NO_BMM_INFO.SP.SIMPLE_PRIM36.ram/CLKARDCLK
  -------------------------------------------------------------------    -------------------
    RAMB36_X1Y3          RAMB36E1 (Prop_ramb36e1_CLKARDCLK_DOADO[4])
                                                      2.454     7.609 f  u_phase_detector/u_ram_r/U0/inst_blk_mem_gen/gnbram.gnativebmg.native_blk_mem_gen/valid.cstr/ramloop[0].ram.r/prim_init.ram/DEVICE_7SERIES.NO_BMM_INFO.SP.SIMPLE_PRIM36.ram/DOADO[4]
                         net (fo=1, routed)           1.130     8.739    u_phase_detector/u_ram_r/U0/inst_blk_mem_gen/gnbram.gnativebmg.native_blk_mem_gen/valid.cstr/has_mux_a.A/douta_array[4]
    SLICE_X51Y17         LUT6 (Prop_lut6_I2_O)        0.124     8.863 f  u_phase_detector/u_ram_r/U0/inst_blk_mem_gen/gnbram.gnativebmg.native_blk_mem_gen/valid.cstr/has_mux_a.A/douta[4]_INST_0/O
                         net (fo=8, routed)           1.031     9.894    u_phase_detector/phase_r_h[4]
    SLICE_X48Y19         LUT6 (Prop_lut6_I5_O)        0.124    10.018 r  u_phase_detector/i_data0_carry__0_i_19/O
                         net (fo=4, routed)           0.362    10.380    u_phase_detector/i_data0_carry__0_i_19_n_0
    SLICE_X50Y20         LUT3 (Prop_lut3_I2_O)        0.124    10.504 r  u_phase_detector/i_data0_carry__0_i_16/O
                         net (fo=1, routed)           0.590    11.094    u_phase_detector/i_data0_carry__0_i_16_n_0
    SLICE_X50Y21         LUT6 (Prop_lut6_I4_O)        0.124    11.218 r  u_phase_detector/i_data0_carry__0_i_6/O
                         net (fo=2, routed)           0.479    11.697    u_phase_detector/phase_r_converted[7]
    SLICE_X48Y21         LUT5 (Prop_lut5_I0_O)        0.124    11.821 r  u_phase_detector/i_data0_carry__0_i_10/O
                         net (fo=1, routed)           0.000    11.821    u_phase_detector/i_data0_carry__0_i_10_n_0
    SLICE_X48Y21         CARRY4 (Prop_carry4_S[3]_CO[3])
                                                      0.401    12.222 r  u_phase_detector/i_data0_carry__0_i_1/CO[3]
                         net (fo=1, routed)           0.000    12.222    u_phase_detector/i_data0_carry__0_i_1_n_0
    SLICE_X48Y22         CARRY4 (Prop_carry4_CI_O[1])
                                                      0.334    12.556 r  u_phase_detector/i_data0_carry__1_i_3/O[1]
                         net (fo=10, routed)          0.500    13.057    u_phase_detector/s_in_phase_r_reg_0[7]
    SLICE_X49Y23         LUT2 (Prop_lut2_I0_O)        0.303    13.360 r  u_phase_detector/i_data0_carry__1_i_6/O
                         net (fo=1, routed)           0.000    13.360    u_loop_filter/i_data0__33_carry_0[1]
    SLICE_X49Y23         CARRY4 (Prop_carry4_S[1]_O[2])
                                                      0.580    13.940 r  u_loop_filter/i_data0_carry__1/O[2]
                         net (fo=1, routed)           0.608    14.548    u_loop_filter/i_data0_carry__1_n_5
    SLICE_X49Y25         CARRY4 (Prop_carry4_S[2]_CO[3])
                                                      0.700    15.248 r  u_loop_filter/i_data0__33_carry/CO[3]
                         net (fo=1, routed)           0.000    15.248    u_loop_filter/i_data0__33_carry_n_0
    SLICE_X49Y26         CARRY4 (Prop_carry4_CI_O[1])
                                                      0.334    15.582 r  u_loop_filter/i_data0__33_carry__0/O[1]
                         net (fo=1, routed)           0.686    16.269    u_loop_filter/u_round_i/sum_i_converted2_carry__0_i_2[1]
    SLICE_X49Y20         CARRY4 (Prop_carry4_S[1]_CO[2])
                                                      0.873    17.142 r  u_loop_filter/u_round_i/o_round0_carry__1/CO[2]
                         net (fo=4, routed)           0.804    17.946    u_loop_filter/u_round_i_n_2
    SLICE_X48Y25         LUT2 (Prop_lut2_I1_O)        0.313    18.259 r  u_loop_filter/sum_i_converted2_carry__1_i_2/O
                         net (fo=1, routed)           0.000    18.259    u_loop_filter/sum_i_converted2_carry__1_i_2_n_0
    SLICE_X48Y25         CARRY4 (Prop_carry4_S[1]_O[2])
                                                      0.580    18.839 f  u_loop_filter/sum_i_converted2_carry__1/O[2]
                         net (fo=5, routed)           0.586    19.425    u_loop_filter/sum_i_converted2_carry__1_n_5
    SLICE_X47Y24         LUT1 (Prop_lut1_I0_O)        0.302    19.727 r  u_loop_filter/i__carry__1_i_1/O
                         net (fo=1, routed)           0.000    19.727    u_loop_filter/i__carry__1_i_1_n_0
    SLICE_X47Y24         CARRY4 (Prop_carry4_S[1]_O[2])
                                                      0.580    20.307 f  u_loop_filter/sum_i_converted2_inferred__0/i__carry__1/O[2]
                         net (fo=2, routed)           0.674    20.980    u_loop_filter/sum_i_converted2[11]
    SLICE_X47Y26         LUT2 (Prop_lut2_I0_O)        0.302    21.282 r  u_loop_filter/i__carry__0_i_4__0/O
                         net (fo=1, routed)           0.000    21.282    u_loop_filter/i__carry__0_i_4__0_n_0
    SLICE_X47Y26         CARRY4 (Prop_carry4_S[1]_CO[3])
                                                      0.550    21.832 r  u_loop_filter/sum_i_converted1_inferred__0/i__carry__0/CO[3]
                         net (fo=1, routed)           0.000    21.832    u_loop_filter/sum_i_converted1_inferred__0/i__carry__0_n_0
    SLICE_X47Y27         CARRY4 (Prop_carry4_CI_CO[3])
                                                      0.114    21.946 r  u_loop_filter/sum_i_converted1_inferred__0/i__carry__1/CO[3]
                         net (fo=1, routed)           0.000    21.946    u_loop_filter/sum_i_converted1_inferred__0/i__carry__1_n_0
    SLICE_X47Y28         CARRY4 (Prop_carry4_CI_CO[3])
                                                      0.114    22.060 r  u_loop_filter/sum_i_converted1_inferred__0/i__carry__2/CO[3]
                         net (fo=6, routed)           0.890    22.950    u_loop_filter/sum_i_converted1_inferred__0/i__carry__2_n_0
    SLICE_X48Y28         LUT2 (Prop_lut2_I1_O)        0.124    23.074 r  u_loop_filter/sum_i_converted0_carry_i_1/O
                         net (fo=1, routed)           0.000    23.074    u_loop_filter/sum_i_converted0_carry_i_1_n_0
    SLICE_X48Y28         CARRY4 (Prop_carry4_S[1]_CO[3])
                                                      0.550    23.624 r  u_loop_filter/sum_i_converted0_carry/CO[3]
                         net (fo=1, routed)           0.000    23.624    u_loop_filter/sum_i_converted0_carry_n_0
    SLICE_X48Y29         CARRY4 (Prop_carry4_CI_O[1])
                                                      0.334    23.958 r  u_loop_filter/sum_i_converted0_carry__0/O[1]
                         net (fo=1, routed)           0.449    24.406    u_loop_filter/sum_i_converted0_carry__0_n_6
    SLICE_X48Y31         LUT4 (Prop_lut4_I3_O)        0.303    24.709 r  u_loop_filter/r_accumulator_i[6]_i_1/O
                         net (fo=3, routed)           0.362    25.071    u_phase_detector/o_phase0_carry__1[5]
    SLICE_X49Y31         LUT4 (Prop_lut4_I0_O)        0.124    25.195 r  u_phase_detector/o_phase0_carry__0_i_2/O
                         net (fo=1, routed)           0.000    25.195    u_loop_filter/sum_i_converted2_carry__0_i_4__0[2]
    SLICE_X49Y31         CARRY4 (Prop_carry4_S[2]_CO[3])
                                                      0.398    25.593 r  u_loop_filter/o_phase0_carry__0/CO[3]
                         net (fo=1, routed)           0.000    25.593    u_loop_filter/o_phase0_carry__0_n_0
    SLICE_X49Y32         CARRY4 (Prop_carry4_CI_O[1])
                                                      0.334    25.927 r  u_loop_filter/o_phase0_carry__1/O[1]
                         net (fo=1, routed)           0.608    26.536    u_vco/i_phase[9]
    SLICE_X49Y29         LUT2 (Prop_lut2_I1_O)        0.303    26.839 r  u_vco/sum_i_converted2_carry__1_i_3/O
                         net (fo=1, routed)           0.000    26.839    u_vco/sum_i_converted2_carry__1_i_3_n_0
    SLICE_X49Y29         CARRY4 (Prop_carry4_S[1]_O[2])
                                                      0.580    27.419 f  u_vco/sum_i_converted2_carry__1/O[2]
                         net (fo=5, routed)           0.588    28.006    u_vco/sum_i_converted2_carry__1_n_5
    SLICE_X51Y29         LUT1 (Prop_lut1_I0_O)        0.302    28.308 r  u_vco/i__carry__1_i_1__0/O
                         net (fo=1, routed)           0.000    28.308    u_vco/i__carry__1_i_1__0_n_0
    SLICE_X51Y29         CARRY4 (Prop_carry4_S[1]_O[2])
                                                      0.580    28.888 f  u_vco/sum_i_converted2_inferred__0/i__carry__1/O[2]
                         net (fo=2, routed)           0.595    29.483    u_vco/sum_i_converted2_inferred__0/i__carry__1_n_5
    SLICE_X50Y28         LUT2 (Prop_lut2_I0_O)        0.302    29.785 r  u_vco/i__carry__0_i_4__2/O
                         net (fo=1, routed)           0.000    29.785    u_vco/i__carry__0_i_4__2_n_0
    SLICE_X50Y28         CARRY4 (Prop_carry4_S[1]_CO[3])
                                                      0.533    30.318 r  u_vco/sum_i_converted1_inferred__0/i__carry__0/CO[3]
                         net (fo=1, routed)           0.000    30.318    u_vco/sum_i_converted1_inferred__0/i__carry__0_n_0
    SLICE_X50Y29         CARRY4 (Prop_carry4_CI_CO[3])
                                                      0.117    30.435 r  u_vco/sum_i_converted1_inferred__0/i__carry__1/CO[3]
                         net (fo=1, routed)           0.000    30.435    u_vco/sum_i_converted1_inferred__0/i__carry__1_n_0
    SLICE_X50Y30         CARRY4 (Prop_carry4_CI_CO[3])
                                                      0.117    30.552 r  u_vco/sum_i_converted1_inferred__0/i__carry__2/CO[3]
                         net (fo=6, routed)           0.921    31.473    u_vco/sum_i_converted1_inferred__0/i__carry__2_n_0
    SLICE_X49Y33         LUT2 (Prop_lut2_I1_O)        0.124    31.597 r  u_vco/sum_i_converted0_carry_i_1__0/O
                         net (fo=1, routed)           0.000    31.597    u_vco/sum_i_converted0_carry_i_1__0_n_0
    SLICE_X49Y33         CARRY4 (Prop_carry4_S[1]_O[2])
                                                      0.580    32.177 r  u_vco/sum_i_converted0_carry/O[2]
                         net (fo=1, routed)           0.316    32.493    u_vco/sum_i_converted0_carry_n_5
    SLICE_X50Y33         LUT4 (Prop_lut4_I3_O)        0.302    32.795 r  u_vco/r_accumulator_i[3]_i_1__0/O
                         net (fo=1, routed)           0.000    32.795    u_vco/r_accumulator_i[3]_i_1__0_n_0
    SLICE_X50Y33         FDCE                                         r  u_vco/r_accumulator_i_reg[3]/D
  -------------------------------------------------------------------    -------------------

                         (clock sys_clk_pin rise edge)
                                                     20.000    20.000 r  
    E3                                                0.000    20.000 r  i_clock (IN)
                         net (fo=0)                   0.000    20.000    i_clock
    E3                   IBUF (Prop_ibuf_I_O)         1.418    21.418 r  i_clock_IBUF_inst/O
                         net (fo=1, routed)           1.862    23.280    i_clock_IBUF
    BUFGCTRL_X0Y16       BUFG (Prop_bufg_I_O)         0.091    23.371 r  i_clock_IBUF_BUFG_inst/O
                         net (fo=48, routed)          1.448    24.820    u_vco/CLK
    SLICE_X50Y33         FDCE                                         r  u_vco/r_accumulator_i_reg[3]/C
                         clock pessimism              0.259    25.079    
                         clock uncertainty           -0.035    25.043    
    SLICE_X50Y33         FDCE (Setup_fdce_C_D)        0.081    25.124    u_vco/r_accumulator_i_reg[3]
  -------------------------------------------------------------------
                         required time                         25.124    
                         arrival time                         -32.795    
  -------------------------------------------------------------------
                         slack                                 -7.671    

Slack (VIOLATED) :        -7.322ns  (required time - arrival time)
  Source:                 u_phase_detector/u_ram_r/U0/inst_blk_mem_gen/gnbram.gnativebmg.native_blk_mem_gen/valid.cstr/ramloop[0].ram.r/prim_init.ram/DEVICE_7SERIES.NO_BMM_INFO.SP.SIMPLE_PRIM36.ram/CLKARDCLK
                            (rising edge-triggered cell RAMB36E1 clocked by sys_clk_pin  {rise@0.000ns fall@10.000ns period=20.000ns})
  Destination:            u_vco/r_accumulator_i_reg[2]/D
                            (rising edge-triggered cell FDCE clocked by sys_clk_pin  {rise@0.000ns fall@10.000ns period=20.000ns})
  Path Group:             sys_clk_pin
  Path Type:              Setup (Max at Slow Process Corner)
  Requirement:            20.000ns  (sys_clk_pin rise@20.000ns - sys_clk_pin rise@0.000ns)
  Data Path Delay:        27.287ns  (logic 15.109ns (55.370%)  route 12.178ns (44.630%))
  Logic Levels:           38  (CARRY4=21 LUT1=2 LUT2=7 LUT3=2 LUT4=2 LUT5=1 LUT6=3)
  Clock Path Skew:        -0.076ns (DCD - SCD + CPR)
    Destination Clock Delay (DCD):    4.820ns = ( 24.820 - 20.000 ) 
    Source Clock Delay      (SCD):    5.155ns
    Clock Pessimism Removal (CPR):    0.259ns
  Clock Uncertainty:      0.035ns  ((TSJ^2 + TIJ^2)^1/2 + DJ) / 2 + PE
    Total System Jitter     (TSJ):    0.071ns
    Total Input Jitter      (TIJ):    0.000ns
    Discrete Jitter          (DJ):    0.000ns
    Phase Error              (PE):    0.000ns

    Location             Delay type                Incr(ns)  Path(ns)    Netlist Resource(s)
  -------------------------------------------------------------------    -------------------
                         (clock sys_clk_pin rise edge)
                                                      0.000     0.000 r  
    E3                                                0.000     0.000 r  i_clock (IN)
                         net (fo=0)                   0.000     0.000    i_clock
    E3                   IBUF (Prop_ibuf_I_O)         1.489     1.489 r  i_clock_IBUF_inst/O
                         net (fo=1, routed)           1.967     3.455    i_clock_IBUF
    BUFGCTRL_X0Y16       BUFG (Prop_bufg_I_O)         0.096     3.551 r  i_clock_IBUF_BUFG_inst/O
                         net (fo=48, routed)          1.604     5.155    u_phase_detector/u_ram_r/U0/inst_blk_mem_gen/gnbram.gnativebmg.native_blk_mem_gen/valid.cstr/ramloop[0].ram.r/prim_init.ram/clka
    RAMB36_X1Y3          RAMB36E1                                     r  u_phase_detector/u_ram_r/U0/inst_blk_mem_gen/gnbram.gnativebmg.native_blk_mem_gen/valid.cstr/ramloop[0].ram.r/prim_init.ram/DEVICE_7SERIES.NO_BMM_INFO.SP.SIMPLE_PRIM36.ram/CLKARDCLK
  -------------------------------------------------------------------    -------------------
    RAMB36_X1Y3          RAMB36E1 (Prop_ramb36e1_CLKARDCLK_DOADO[4])
                                                      2.454     7.609 f  u_phase_detector/u_ram_r/U0/inst_blk_mem_gen/gnbram.gnativebmg.native_blk_mem_gen/valid.cstr/ramloop[0].ram.r/prim_init.ram/DEVICE_7SERIES.NO_BMM_INFO.SP.SIMPLE_PRIM36.ram/DOADO[4]
                         net (fo=1, routed)           1.130     8.739    u_phase_detector/u_ram_r/U0/inst_blk_mem_gen/gnbram.gnativebmg.native_blk_mem_gen/valid.cstr/has_mux_a.A/douta_array[4]
    SLICE_X51Y17         LUT6 (Prop_lut6_I2_O)        0.124     8.863 f  u_phase_detector/u_ram_r/U0/inst_blk_mem_gen/gnbram.gnativebmg.native_blk_mem_gen/valid.cstr/has_mux_a.A/douta[4]_INST_0/O
                         net (fo=8, routed)           1.031     9.894    u_phase_detector/phase_r_h[4]
    SLICE_X48Y19         LUT6 (Prop_lut6_I5_O)        0.124    10.018 r  u_phase_detector/i_data0_carry__0_i_19/O
                         net (fo=4, routed)           0.362    10.380    u_phase_detector/i_data0_carry__0_i_19_n_0
    SLICE_X50Y20         LUT3 (Prop_lut3_I2_O)        0.124    10.504 r  u_phase_detector/i_data0_carry__0_i_16/O
                         net (fo=1, routed)           0.590    11.094    u_phase_detector/i_data0_carry__0_i_16_n_0
    SLICE_X50Y21         LUT6 (Prop_lut6_I4_O)        0.124    11.218 r  u_phase_detector/i_data0_carry__0_i_6/O
                         net (fo=2, routed)           0.479    11.697    u_phase_detector/phase_r_converted[7]
    SLICE_X48Y21         LUT5 (Prop_lut5_I0_O)        0.124    11.821 r  u_phase_detector/i_data0_carry__0_i_10/O
                         net (fo=1, routed)           0.000    11.821    u_phase_detector/i_data0_carry__0_i_10_n_0
    SLICE_X48Y21         CARRY4 (Prop_carry4_S[3]_CO[3])
                                                      0.401    12.222 r  u_phase_detector/i_data0_carry__0_i_1/CO[3]
                         net (fo=1, routed)           0.000    12.222    u_phase_detector/i_data0_carry__0_i_1_n_0
    SLICE_X48Y22         CARRY4 (Prop_carry4_CI_O[1])
                                                      0.334    12.556 r  u_phase_detector/i_data0_carry__1_i_3/O[1]
                         net (fo=10, routed)          0.500    13.057    u_phase_detector/s_in_phase_r_reg_0[7]
    SLICE_X49Y23         LUT2 (Prop_lut2_I0_O)        0.303    13.360 r  u_phase_detector/i_data0_carry__1_i_6/O
                         net (fo=1, routed)           0.000    13.360    u_loop_filter/i_data0__33_carry_0[1]
    SLICE_X49Y23         CARRY4 (Prop_carry4_S[1]_O[2])
                                                      0.580    13.940 r  u_loop_filter/i_data0_carry__1/O[2]
                         net (fo=1, routed)           0.608    14.548    u_loop_filter/i_data0_carry__1_n_5
    SLICE_X49Y25         CARRY4 (Prop_carry4_S[2]_CO[3])
                                                      0.700    15.248 r  u_loop_filter/i_data0__33_carry/CO[3]
                         net (fo=1, routed)           0.000    15.248    u_loop_filter/i_data0__33_carry_n_0
    SLICE_X49Y26         CARRY4 (Prop_carry4_CI_O[1])
                                                      0.334    15.582 r  u_loop_filter/i_data0__33_carry__0/O[1]
                         net (fo=1, routed)           0.686    16.269    u_loop_filter/u_round_i/sum_i_converted2_carry__0_i_2[1]
    SLICE_X49Y20         CARRY4 (Prop_carry4_S[1]_CO[2])
                                                      0.873    17.142 r  u_loop_filter/u_round_i/o_round0_carry__1/CO[2]
                         net (fo=4, routed)           0.804    17.946    u_loop_filter/u_round_i_n_2
    SLICE_X48Y25         LUT2 (Prop_lut2_I1_O)        0.313    18.259 r  u_loop_filter/sum_i_converted2_carry__1_i_2/O
                         net (fo=1, routed)           0.000    18.259    u_loop_filter/sum_i_converted2_carry__1_i_2_n_0
    SLICE_X48Y25         CARRY4 (Prop_carry4_S[1]_O[2])
                                                      0.580    18.839 f  u_loop_filter/sum_i_converted2_carry__1/O[2]
                         net (fo=5, routed)           0.586    19.425    u_loop_filter/sum_i_converted2_carry__1_n_5
    SLICE_X47Y24         LUT1 (Prop_lut1_I0_O)        0.302    19.727 r  u_loop_filter/i__carry__1_i_1/O
                         net (fo=1, routed)           0.000    19.727    u_loop_filter/i__carry__1_i_1_n_0
    SLICE_X47Y24         CARRY4 (Prop_carry4_S[1]_O[2])
                                                      0.580    20.307 f  u_loop_filter/sum_i_converted2_inferred__0/i__carry__1/O[2]
                         net (fo=2, routed)           0.674    20.980    u_loop_filter/sum_i_converted2[11]
    SLICE_X47Y26         LUT2 (Prop_lut2_I0_O)        0.302    21.282 r  u_loop_filter/i__carry__0_i_4__0/O
                         net (fo=1, routed)           0.000    21.282    u_loop_filter/i__carry__0_i_4__0_n_0
    SLICE_X47Y26         CARRY4 (Prop_carry4_S[1]_CO[3])
                                                      0.550    21.832 r  u_loop_filter/sum_i_converted1_inferred__0/i__carry__0/CO[3]
                         net (fo=1, routed)           0.000    21.832    u_loop_filter/sum_i_converted1_inferred__0/i__carry__0_n_0
    SLICE_X47Y27         CARRY4 (Prop_carry4_CI_CO[3])
                                                      0.114    21.946 r  u_loop_filter/sum_i_converted1_inferred__0/i__carry__1/CO[3]
                         net (fo=1, routed)           0.000    21.946    u_loop_filter/sum_i_converted1_inferred__0/i__carry__1_n_0
    SLICE_X47Y28         CARRY4 (Prop_carry4_CI_CO[3])
                                                      0.114    22.060 r  u_loop_filter/sum_i_converted1_inferred__0/i__carry__2/CO[3]
                         net (fo=6, routed)           0.890    22.950    u_loop_filter/sum_i_converted1_inferred__0/i__carry__2_n_0
    SLICE_X48Y28         LUT2 (Prop_lut2_I1_O)        0.124    23.074 r  u_loop_filter/sum_i_converted0_carry_i_1/O
                         net (fo=1, routed)           0.000    23.074    u_loop_filter/sum_i_converted0_carry_i_1_n_0
    SLICE_X48Y28         CARRY4 (Prop_carry4_S[1]_CO[3])
                                                      0.550    23.624 r  u_loop_filter/sum_i_converted0_carry/CO[3]
                         net (fo=1, routed)           0.000    23.624    u_loop_filter/sum_i_converted0_carry_n_0
    SLICE_X48Y29         CARRY4 (Prop_carry4_CI_O[1])
                                                      0.334    23.958 r  u_loop_filter/sum_i_converted0_carry__0/O[1]
                         net (fo=1, routed)           0.449    24.406    u_loop_filter/sum_i_converted0_carry__0_n_6
    SLICE_X48Y31         LUT4 (Prop_lut4_I3_O)        0.303    24.709 r  u_loop_filter/r_accumulator_i[6]_i_1/O
                         net (fo=3, routed)           0.362    25.071    u_phase_detector/o_phase0_carry__1[5]
    SLICE_X49Y31         LUT4 (Prop_lut4_I0_O)        0.124    25.195 r  u_phase_detector/o_phase0_carry__0_i_2/O
                         net (fo=1, routed)           0.000    25.195    u_loop_filter/sum_i_converted2_carry__0_i_4__0[2]
    SLICE_X49Y31         CARRY4 (Prop_carry4_S[2]_CO[3])
                                                      0.398    25.593 r  u_loop_filter/o_phase0_carry__0/CO[3]
                         net (fo=1, routed)           0.000    25.593    u_loop_filter/o_phase0_carry__0_n_0
    SLICE_X49Y32         CARRY4 (Prop_carry4_CI_O[1])
                                                      0.334    25.927 r  u_loop_filter/o_phase0_carry__1/O[1]
                         net (fo=1, routed)           0.608    26.536    u_vco/i_phase[9]
    SLICE_X49Y29         LUT2 (Prop_lut2_I1_O)        0.303    26.839 r  u_vco/sum_i_converted2_carry__1_i_3/O
                         net (fo=1, routed)           0.000    26.839    u_vco/sum_i_converted2_carry__1_i_3_n_0
    SLICE_X49Y29         CARRY4 (Prop_carry4_S[1]_O[2])
                                                      0.580    27.419 f  u_vco/sum_i_converted2_carry__1/O[2]
                         net (fo=5, routed)           0.588    28.006    u_vco/sum_i_converted2_carry__1_n_5
    SLICE_X51Y29         LUT1 (Prop_lut1_I0_O)        0.302    28.308 r  u_vco/i__carry__1_i_1__0/O
                         net (fo=1, routed)           0.000    28.308    u_vco/i__carry__1_i_1__0_n_0
    SLICE_X51Y29         CARRY4 (Prop_carry4_S[1]_O[2])
                                                      0.580    28.888 f  u_vco/sum_i_converted2_inferred__0/i__carry__1/O[2]
                         net (fo=2, routed)           0.595    29.483    u_vco/sum_i_converted2_inferred__0/i__carry__1_n_5
    SLICE_X50Y28         LUT2 (Prop_lut2_I0_O)        0.302    29.785 r  u_vco/i__carry__0_i_4__2/O
                         net (fo=1, routed)           0.000    29.785    u_vco/i__carry__0_i_4__2_n_0
    SLICE_X50Y28         CARRY4 (Prop_carry4_S[1]_CO[3])
                                                      0.533    30.318 r  u_vco/sum_i_converted1_inferred__0/i__carry__0/CO[3]
                         net (fo=1, routed)           0.000    30.318    u_vco/sum_i_converted1_inferred__0/i__carry__0_n_0
    SLICE_X50Y29         CARRY4 (Prop_carry4_CI_CO[3])
                                                      0.117    30.435 r  u_vco/sum_i_converted1_inferred__0/i__carry__1/CO[3]
                         net (fo=1, routed)           0.000    30.435    u_vco/sum_i_converted1_inferred__0/i__carry__1_n_0
    SLICE_X50Y30         CARRY4 (Prop_carry4_CI_CO[3])
                                                      0.117    30.552 r  u_vco/sum_i_converted1_inferred__0/i__carry__2/CO[3]
                         net (fo=6, routed)           0.921    31.473    u_vco/sum_i_converted1_inferred__0/i__carry__2_n_0
    SLICE_X49Y33         LUT2 (Prop_lut2_I1_O)        0.124    31.597 r  u_vco/sum_i_converted0_carry_i_1__0/O
                         net (fo=1, routed)           0.000    31.597    u_vco/sum_i_converted0_carry_i_1__0_n_0
    SLICE_X49Y33         CARRY4 (Prop_carry4_S[1]_O[1])
                                                      0.227    31.824 r  u_vco/sum_i_converted0_carry/O[1]
                         net (fo=1, routed)           0.316    32.140    u_vco/sum_i_converted0_carry_n_6
    SLICE_X50Y33         LUT3 (Prop_lut3_I2_O)        0.303    32.443 r  u_vco/r_accumulator_i[2]_i_1__0/O
                         net (fo=1, routed)           0.000    32.443    u_vco/r_accumulator_i[2]_i_1__0_n_0
    SLICE_X50Y33         FDCE                                         r  u_vco/r_accumulator_i_reg[2]/D
  -------------------------------------------------------------------    -------------------

                         (clock sys_clk_pin rise edge)
                                                     20.000    20.000 r  
    E3                                                0.000    20.000 r  i_clock (IN)
                         net (fo=0)                   0.000    20.000    i_clock
    E3                   IBUF (Prop_ibuf_I_O)         1.418    21.418 r  i_clock_IBUF_inst/O
                         net (fo=1, routed)           1.862    23.280    i_clock_IBUF
    BUFGCTRL_X0Y16       BUFG (Prop_bufg_I_O)         0.091    23.371 r  i_clock_IBUF_BUFG_inst/O
                         net (fo=48, routed)          1.448    24.820    u_vco/CLK
    SLICE_X50Y33         FDCE                                         r  u_vco/r_accumulator_i_reg[2]/C
                         clock pessimism              0.259    25.079    
                         clock uncertainty           -0.035    25.043    
    SLICE_X50Y33         FDCE (Setup_fdce_C_D)        0.077    25.120    u_vco/r_accumulator_i_reg[2]
  -------------------------------------------------------------------
                         required time                         25.120    
                         arrival time                         -32.443    
  -------------------------------------------------------------------
                         slack                                 -7.322    

Slack (VIOLATED) :        -5.055ns  (required time - arrival time)
  Source:                 u_phase_detector/u_ram_r/U0/inst_blk_mem_gen/gnbram.gnativebmg.native_blk_mem_gen/valid.cstr/ramloop[0].ram.r/prim_init.ram/DEVICE_7SERIES.NO_BMM_INFO.SP.SIMPLE_PRIM36.ram/CLKARDCLK
                            (rising edge-triggered cell RAMB36E1 clocked by sys_clk_pin  {rise@0.000ns fall@10.000ns period=20.000ns})
  Destination:            u_vco/r_accumulator_i_reg[1]/D
                            (rising edge-triggered cell FDCE clocked by sys_clk_pin  {rise@0.000ns fall@10.000ns period=20.000ns})
  Path Group:             sys_clk_pin
  Path Type:              Setup (Max at Slow Process Corner)
  Requirement:            20.000ns  (sys_clk_pin rise@20.000ns - sys_clk_pin rise@0.000ns)
  Data Path Delay:        25.023ns  (logic 13.422ns (53.639%)  route 11.601ns (46.361%))
  Logic Levels:           32  (CARRY4=17 LUT1=1 LUT2=6 LUT3=2 LUT4=2 LUT5=1 LUT6=3)
  Clock Path Skew:        -0.077ns (DCD - SCD + CPR)
    Destination Clock Delay (DCD):    4.819ns = ( 24.819 - 20.000 ) 
    Source Clock Delay      (SCD):    5.155ns
    Clock Pessimism Removal (CPR):    0.259ns
  Clock Uncertainty:      0.035ns  ((TSJ^2 + TIJ^2)^1/2 + DJ) / 2 + PE
    Total System Jitter     (TSJ):    0.071ns
    Total Input Jitter      (TIJ):    0.000ns
    Discrete Jitter          (DJ):    0.000ns
    Phase Error              (PE):    0.000ns

    Location             Delay type                Incr(ns)  Path(ns)    Netlist Resource(s)
  -------------------------------------------------------------------    -------------------
                         (clock sys_clk_pin rise edge)
                                                      0.000     0.000 r  
    E3                                                0.000     0.000 r  i_clock (IN)
                         net (fo=0)                   0.000     0.000    i_clock
    E3                   IBUF (Prop_ibuf_I_O)         1.489     1.489 r  i_clock_IBUF_inst/O
                         net (fo=1, routed)           1.967     3.455    i_clock_IBUF
    BUFGCTRL_X0Y16       BUFG (Prop_bufg_I_O)         0.096     3.551 r  i_clock_IBUF_BUFG_inst/O
                         net (fo=48, routed)          1.604     5.155    u_phase_detector/u_ram_r/U0/inst_blk_mem_gen/gnbram.gnativebmg.native_blk_mem_gen/valid.cstr/ramloop[0].ram.r/prim_init.ram/clka
    RAMB36_X1Y3          RAMB36E1                                     r  u_phase_detector/u_ram_r/U0/inst_blk_mem_gen/gnbram.gnativebmg.native_blk_mem_gen/valid.cstr/ramloop[0].ram.r/prim_init.ram/DEVICE_7SERIES.NO_BMM_INFO.SP.SIMPLE_PRIM36.ram/CLKARDCLK
  -------------------------------------------------------------------    -------------------
    RAMB36_X1Y3          RAMB36E1 (Prop_ramb36e1_CLKARDCLK_DOADO[4])
                                                      2.454     7.609 f  u_phase_detector/u_ram_r/U0/inst_blk_mem_gen/gnbram.gnativebmg.native_blk_mem_gen/valid.cstr/ramloop[0].ram.r/prim_init.ram/DEVICE_7SERIES.NO_BMM_INFO.SP.SIMPLE_PRIM36.ram/DOADO[4]
                         net (fo=1, routed)           1.130     8.739    u_phase_detector/u_ram_r/U0/inst_blk_mem_gen/gnbram.gnativebmg.native_blk_mem_gen/valid.cstr/has_mux_a.A/douta_array[4]
    SLICE_X51Y17         LUT6 (Prop_lut6_I2_O)        0.124     8.863 f  u_phase_detector/u_ram_r/U0/inst_blk_mem_gen/gnbram.gnativebmg.native_blk_mem_gen/valid.cstr/has_mux_a.A/douta[4]_INST_0/O
                         net (fo=8, routed)           1.031     9.894    u_phase_detector/phase_r_h[4]
    SLICE_X48Y19         LUT6 (Prop_lut6_I5_O)        0.124    10.018 r  u_phase_detector/i_data0_carry__0_i_19/O
                         net (fo=4, routed)           0.362    10.380    u_phase_detector/i_data0_carry__0_i_19_n_0
    SLICE_X50Y20         LUT3 (Prop_lut3_I2_O)        0.124    10.504 r  u_phase_detector/i_data0_carry__0_i_16/O
                         net (fo=1, routed)           0.590    11.094    u_phase_detector/i_data0_carry__0_i_16_n_0
    SLICE_X50Y21         LUT6 (Prop_lut6_I4_O)        0.124    11.218 r  u_phase_detector/i_data0_carry__0_i_6/O
                         net (fo=2, routed)           0.479    11.697    u_phase_detector/phase_r_converted[7]
    SLICE_X48Y21         LUT5 (Prop_lut5_I0_O)        0.124    11.821 r  u_phase_detector/i_data0_carry__0_i_10/O
                         net (fo=1, routed)           0.000    11.821    u_phase_detector/i_data0_carry__0_i_10_n_0
    SLICE_X48Y21         CARRY4 (Prop_carry4_S[3]_CO[3])
                                                      0.401    12.222 r  u_phase_detector/i_data0_carry__0_i_1/CO[3]
                         net (fo=1, routed)           0.000    12.222    u_phase_detector/i_data0_carry__0_i_1_n_0
    SLICE_X48Y22         CARRY4 (Prop_carry4_CI_O[1])
                                                      0.334    12.556 r  u_phase_detector/i_data0_carry__1_i_3/O[1]
                         net (fo=10, routed)          0.500    13.057    u_phase_detector/s_in_phase_r_reg_0[7]
    SLICE_X49Y23         LUT2 (Prop_lut2_I0_O)        0.303    13.360 r  u_phase_detector/i_data0_carry__1_i_6/O
                         net (fo=1, routed)           0.000    13.360    u_loop_filter/i_data0__33_carry_0[1]
    SLICE_X49Y23         CARRY4 (Prop_carry4_S[1]_O[2])
                                                      0.580    13.940 r  u_loop_filter/i_data0_carry__1/O[2]
                         net (fo=1, routed)           0.608    14.548    u_loop_filter/i_data0_carry__1_n_5
    SLICE_X49Y25         CARRY4 (Prop_carry4_S[2]_CO[3])
                                                      0.700    15.248 r  u_loop_filter/i_data0__33_carry/CO[3]
                         net (fo=1, routed)           0.000    15.248    u_loop_filter/i_data0__33_carry_n_0
    SLICE_X49Y26         CARRY4 (Prop_carry4_CI_O[1])
                                                      0.334    15.582 r  u_loop_filter/i_data0__33_carry__0/O[1]
                         net (fo=1, routed)           0.686    16.269    u_loop_filter/u_round_i/sum_i_converted2_carry__0_i_2[1]
    SLICE_X49Y20         CARRY4 (Prop_carry4_S[1]_CO[2])
                                                      0.873    17.142 r  u_loop_filter/u_round_i/o_round0_carry__1/CO[2]
                         net (fo=4, routed)           0.804    17.946    u_loop_filter/u_round_i_n_2
    SLICE_X48Y25         LUT2 (Prop_lut2_I1_O)        0.313    18.259 r  u_loop_filter/sum_i_converted2_carry__1_i_2/O
                         net (fo=1, routed)           0.000    18.259    u_loop_filter/sum_i_converted2_carry__1_i_2_n_0
    SLICE_X48Y25         CARRY4 (Prop_carry4_S[1]_O[2])
                                                      0.580    18.839 f  u_loop_filter/sum_i_converted2_carry__1/O[2]
                         net (fo=5, routed)           0.586    19.425    u_loop_filter/sum_i_converted2_carry__1_n_5
    SLICE_X47Y24         LUT1 (Prop_lut1_I0_O)        0.302    19.727 r  u_loop_filter/i__carry__1_i_1/O
                         net (fo=1, routed)           0.000    19.727    u_loop_filter/i__carry__1_i_1_n_0
    SLICE_X47Y24         CARRY4 (Prop_carry4_S[1]_O[2])
                                                      0.580    20.307 f  u_loop_filter/sum_i_converted2_inferred__0/i__carry__1/O[2]
                         net (fo=2, routed)           0.674    20.980    u_loop_filter/sum_i_converted2[11]
    SLICE_X47Y26         LUT2 (Prop_lut2_I0_O)        0.302    21.282 r  u_loop_filter/i__carry__0_i_4__0/O
                         net (fo=1, routed)           0.000    21.282    u_loop_filter/i__carry__0_i_4__0_n_0
    SLICE_X47Y26         CARRY4 (Prop_carry4_S[1]_CO[3])
                                                      0.550    21.832 r  u_loop_filter/sum_i_converted1_inferred__0/i__carry__0/CO[3]
                         net (fo=1, routed)           0.000    21.832    u_loop_filter/sum_i_converted1_inferred__0/i__carry__0_n_0
    SLICE_X47Y27         CARRY4 (Prop_carry4_CI_CO[3])
                                                      0.114    21.946 r  u_loop_filter/sum_i_converted1_inferred__0/i__carry__1/CO[3]
                         net (fo=1, routed)           0.000    21.946    u_loop_filter/sum_i_converted1_inferred__0/i__carry__1_n_0
    SLICE_X47Y28         CARRY4 (Prop_carry4_CI_CO[3])
                                                      0.114    22.060 r  u_loop_filter/sum_i_converted1_inferred__0/i__carry__2/CO[3]
                         net (fo=6, routed)           0.890    22.950    u_loop_filter/sum_i_converted1_inferred__0/i__carry__2_n_0
    SLICE_X48Y28         LUT2 (Prop_lut2_I1_O)        0.124    23.074 r  u_loop_filter/sum_i_converted0_carry_i_1/O
                         net (fo=1, routed)           0.000    23.074    u_loop_filter/sum_i_converted0_carry_i_1_n_0
    SLICE_X48Y28         CARRY4 (Prop_carry4_S[1]_CO[3])
                                                      0.550    23.624 r  u_loop_filter/sum_i_converted0_carry/CO[3]
                         net (fo=1, routed)           0.000    23.624    u_loop_filter/sum_i_converted0_carry_n_0
    SLICE_X48Y29         CARRY4 (Prop_carry4_CI_O[1])
                                                      0.334    23.958 r  u_loop_filter/sum_i_converted0_carry__0/O[1]
                         net (fo=1, routed)           0.449    24.406    u_loop_filter/sum_i_converted0_carry__0_n_6
    SLICE_X48Y31         LUT4 (Prop_lut4_I3_O)        0.303    24.709 r  u_loop_filter/r_accumulator_i[6]_i_1/O
                         net (fo=3, routed)           0.362    25.071    u_phase_detector/o_phase0_carry__1[5]
    SLICE_X49Y31         LUT4 (Prop_lut4_I0_O)        0.124    25.195 r  u_phase_detector/o_phase0_carry__0_i_2/O
                         net (fo=1, routed)           0.000    25.195    u_loop_filter/sum_i_converted2_carry__0_i_4__0[2]
    SLICE_X49Y31         CARRY4 (Prop_carry4_S[2]_CO[3])
                                                      0.398    25.593 r  u_loop_filter/o_phase0_carry__0/CO[3]
                         net (fo=1, routed)           0.000    25.593    u_loop_filter/o_phase0_carry__0_n_0
    SLICE_X49Y32         CARRY4 (Prop_carry4_CI_O[1])
                                                      0.334    25.927 r  u_loop_filter/o_phase0_carry__1/O[1]
                         net (fo=1, routed)           0.608    26.536    u_vco/i_phase[9]
    SLICE_X49Y29         LUT2 (Prop_lut2_I1_O)        0.303    26.839 r  u_vco/sum_i_converted2_carry__1_i_3/O
                         net (fo=1, routed)           0.000    26.839    u_vco/sum_i_converted2_carry__1_i_3_n_0
    SLICE_X49Y29         CARRY4 (Prop_carry4_S[1]_CO[3])
                                                      0.550    27.389 r  u_vco/sum_i_converted2_carry__1/CO[3]
                         net (fo=3, routed)           1.214    28.602    u_vco/sum_i_converted2_carry__1_n_0
    SLICE_X50Y32         LUT2 (Prop_lut2_I0_O)        0.124    28.726 r  u_vco/sum_i_converted1_carry__0_i_2__0/O
                         net (fo=1, routed)           0.000    28.726    u_vco/sum_i_converted1_carry__0_i_2__0_n_0
    SLICE_X50Y32         CARRY4 (Prop_carry4_S[1]_CO[1])
                                                      0.492    29.218 r  u_vco/sum_i_converted1_carry__0/CO[1]
                         net (fo=10, routed)          0.628    29.846    u_vco/sum_i_converted1_carry__0_n_2
    SLICE_X52Y32         LUT3 (Prop_lut3_I1_O)        0.332    30.178 r  u_vco/r_accumulator_i[1]_i_1__0/O
                         net (fo=1, routed)           0.000    30.178    u_vco/r_accumulator_i[1]_i_1__0_n_0
    SLICE_X52Y32         FDCE                                         r  u_vco/r_accumulator_i_reg[1]/D
  -------------------------------------------------------------------    -------------------

                         (clock sys_clk_pin rise edge)
                                                     20.000    20.000 r  
    E3                                                0.000    20.000 r  i_clock (IN)
                         net (fo=0)                   0.000    20.000    i_clock
    E3                   IBUF (Prop_ibuf_I_O)         1.418    21.418 r  i_clock_IBUF_inst/O
                         net (fo=1, routed)           1.862    23.280    i_clock_IBUF
    BUFGCTRL_X0Y16       BUFG (Prop_bufg_I_O)         0.091    23.371 r  i_clock_IBUF_BUFG_inst/O
                         net (fo=48, routed)          1.447    24.819    u_vco/CLK
    SLICE_X52Y32         FDCE                                         r  u_vco/r_accumulator_i_reg[1]/C
                         clock pessimism              0.259    25.078    
                         clock uncertainty           -0.035    25.042    
    SLICE_X52Y32         FDCE (Setup_fdce_C_D)        0.081    25.123    u_vco/r_accumulator_i_reg[1]
  -------------------------------------------------------------------
                         required time                         25.123    
                         arrival time                         -30.178    
  -------------------------------------------------------------------
                         slack                                 -5.055    





Min Delay Paths
--------------------------------------------------------------------------------------
Slack (MET) :             0.201ns  (arrival time - required time)
  Source:                 u_vco/r_accumulator_i_reg[10]/C
                            (rising edge-triggered cell FDCE clocked by sys_clk_pin  {rise@0.000ns fall@10.000ns period=20.000ns})
  Destination:            u_sin_calc/u_ram_r/U0/inst_blk_mem_gen/gnbram.gnativebmg.native_blk_mem_gen/valid.cstr/ramloop[0].ram.r/prim_init.ram/DEVICE_7SERIES.NO_BMM_INFO.SP.SIMPLE_PRIM18.ram/ADDRARDADDR[13]
                            (rising edge-triggered cell RAMB18E1 clocked by sys_clk_pin  {rise@0.000ns fall@10.000ns period=20.000ns})
  Path Group:             sys_clk_pin
  Path Type:              Hold (Min at Fast Process Corner)
  Requirement:            0.000ns  (sys_clk_pin rise@0.000ns - sys_clk_pin rise@0.000ns)
  Data Path Delay:        0.460ns  (logic 0.141ns (30.623%)  route 0.319ns (69.377%))
  Logic Levels:           0  
  Clock Path Skew:        0.076ns (DCD - SCD - CPR)
    Destination Clock Delay (DCD):    2.032ns
    Source Clock Delay      (SCD):    1.477ns
    Clock Pessimism Removal (CPR):    0.479ns

    Location             Delay type                Incr(ns)  Path(ns)    Netlist Resource(s)
  -------------------------------------------------------------------    -------------------
                         (clock sys_clk_pin rise edge)
                                                      0.000     0.000 r  
    E3                                                0.000     0.000 r  i_clock (IN)
                         net (fo=0)                   0.000     0.000    i_clock
    E3                   IBUF (Prop_ibuf_I_O)         0.257     0.257 r  i_clock_IBUF_inst/O
                         net (fo=1, routed)           0.631     0.888    i_clock_IBUF
    BUFGCTRL_X0Y16       BUFG (Prop_bufg_I_O)         0.026     0.914 r  i_clock_IBUF_BUFG_inst/O
                         net (fo=48, routed)          0.564     1.477    u_vco/CLK
    SLICE_X51Y35         FDCE                                         r  u_vco/r_accumulator_i_reg[10]/C
  -------------------------------------------------------------------    -------------------
    SLICE_X51Y35         FDCE (Prop_fdce_C_Q)         0.141     1.618 r  u_vco/r_accumulator_i_reg[10]/Q
                         net (fo=5, routed)           0.319     1.938    u_sin_calc/u_ram_r/U0/inst_blk_mem_gen/gnbram.gnativebmg.native_blk_mem_gen/valid.cstr/ramloop[0].ram.r/prim_init.ram/addra[10]
    RAMB18_X2Y13         RAMB18E1                                     r  u_sin_calc/u_ram_r/U0/inst_blk_mem_gen/gnbram.gnativebmg.native_blk_mem_gen/valid.cstr/ramloop[0].ram.r/prim_init.ram/DEVICE_7SERIES.NO_BMM_INFO.SP.SIMPLE_PRIM18.ram/ADDRARDADDR[13]
  -------------------------------------------------------------------    -------------------

                         (clock sys_clk_pin rise edge)
                                                      0.000     0.000 r  
    E3                                                0.000     0.000 r  i_clock (IN)
                         net (fo=0)                   0.000     0.000    i_clock
    E3                   IBUF (Prop_ibuf_I_O)         0.445     0.445 r  i_clock_IBUF_inst/O
                         net (fo=1, routed)           0.685     1.129    i_clock_IBUF
    BUFGCTRL_X0Y16       BUFG (Prop_bufg_I_O)         0.029     1.158 r  i_clock_IBUF_BUFG_inst/O
                         net (fo=48, routed)          0.874     2.032    u_sin_calc/u_ram_r/U0/inst_blk_mem_gen/gnbram.gnativebmg.native_blk_mem_gen/valid.cstr/ramloop[0].ram.r/prim_init.ram/clka
    RAMB18_X2Y13         RAMB18E1                                     r  u_sin_calc/u_ram_r/U0/inst_blk_mem_gen/gnbram.gnativebmg.native_blk_mem_gen/valid.cstr/ramloop[0].ram.r/prim_init.ram/DEVICE_7SERIES.NO_BMM_INFO.SP.SIMPLE_PRIM18.ram/CLKARDCLK
                         clock pessimism             -0.479     1.554    
    RAMB18_X2Y13         RAMB18E1 (Hold_ramb18e1_CLKARDCLK_ADDRARDADDR[13])
                                                      0.183     1.737    u_sin_calc/u_ram_r/U0/inst_blk_mem_gen/gnbram.gnativebmg.native_blk_mem_gen/valid.cstr/ramloop[0].ram.r/prim_init.ram/DEVICE_7SERIES.NO_BMM_INFO.SP.SIMPLE_PRIM18.ram
  -------------------------------------------------------------------
                         required time                         -1.737    
                         arrival time                           1.938    
  -------------------------------------------------------------------
                         slack                                  0.201    

Slack (MET) :             0.216ns  (arrival time - required time)
  Source:                 u_vco/r_accumulator_i_reg[2]/C
                            (rising edge-triggered cell FDCE clocked by sys_clk_pin  {rise@0.000ns fall@10.000ns period=20.000ns})
  Destination:            u_sin_calc/u_ram_r/U0/inst_blk_mem_gen/gnbram.gnativebmg.native_blk_mem_gen/valid.cstr/ramloop[0].ram.r/prim_init.ram/DEVICE_7SERIES.NO_BMM_INFO.SP.SIMPLE_PRIM18.ram/ADDRARDADDR[5]
                            (rising edge-triggered cell RAMB18E1 clocked by sys_clk_pin  {rise@0.000ns fall@10.000ns period=20.000ns})
  Path Group:             sys_clk_pin
  Path Type:              Hold (Min at Fast Process Corner)
  Requirement:            0.000ns  (sys_clk_pin rise@0.000ns - sys_clk_pin rise@0.000ns)
  Data Path Delay:        0.476ns  (logic 0.164ns (34.452%)  route 0.312ns (65.548%))
  Logic Levels:           0  
  Clock Path Skew:        0.077ns (DCD - SCD - CPR)
    Destination Clock Delay (DCD):    2.032ns
    Source Clock Delay      (SCD):    1.476ns
    Clock Pessimism Removal (CPR):    0.479ns

    Location             Delay type                Incr(ns)  Path(ns)    Netlist Resource(s)
  -------------------------------------------------------------------    -------------------
                         (clock sys_clk_pin rise edge)
                                                      0.000     0.000 r  
    E3                                                0.000     0.000 r  i_clock (IN)
                         net (fo=0)                   0.000     0.000    i_clock
    E3                   IBUF (Prop_ibuf_I_O)         0.257     0.257 r  i_clock_IBUF_inst/O
                         net (fo=1, routed)           0.631     0.888    i_clock_IBUF
    BUFGCTRL_X0Y16       BUFG (Prop_bufg_I_O)         0.026     0.914 r  i_clock_IBUF_BUFG_inst/O
                         net (fo=48, routed)          0.563     1.476    u_vco/CLK
    SLICE_X50Y33         FDCE                                         r  u_vco/r_accumulator_i_reg[2]/C
  -------------------------------------------------------------------    -------------------
    SLICE_X50Y33         FDCE (Prop_fdce_C_Q)         0.164     1.640 r  u_vco/r_accumulator_i_reg[2]/Q
                         net (fo=11, routed)          0.312     1.952    u_sin_calc/u_ram_r/U0/inst_blk_mem_gen/gnbram.gnativebmg.native_blk_mem_gen/valid.cstr/ramloop[0].ram.r/prim_init.ram/addra[2]
    RAMB18_X2Y13         RAMB18E1                                     r  u_sin_calc/u_ram_r/U0/inst_blk_mem_gen/gnbram.gnativebmg.native_blk_mem_gen/valid.cstr/ramloop[0].ram.r/prim_init.ram/DEVICE_7SERIES.NO_BMM_INFO.SP.SIMPLE_PRIM18.ram/ADDRARDADDR[5]
  -------------------------------------------------------------------    -------------------

                         (clock sys_clk_pin rise edge)
                                                      0.000     0.000 r  
    E3                                                0.000     0.000 r  i_clock (IN)
                         net (fo=0)                   0.000     0.000    i_clock
    E3                   IBUF (Prop_ibuf_I_O)         0.445     0.445 r  i_clock_IBUF_inst/O
                         net (fo=1, routed)           0.685     1.129    i_clock_IBUF
    BUFGCTRL_X0Y16       BUFG (Prop_bufg_I_O)         0.029     1.158 r  i_clock_IBUF_BUFG_inst/O
                         net (fo=48, routed)          0.874     2.032    u_sin_calc/u_ram_r/U0/inst_blk_mem_gen/gnbram.gnativebmg.native_blk_mem_gen/valid.cstr/ramloop[0].ram.r/prim_init.ram/clka
    RAMB18_X2Y13         RAMB18E1                                     r  u_sin_calc/u_ram_r/U0/inst_blk_mem_gen/gnbram.gnativebmg.native_blk_mem_gen/valid.cstr/ramloop[0].ram.r/prim_init.ram/DEVICE_7SERIES.NO_BMM_INFO.SP.SIMPLE_PRIM18.ram/CLKARDCLK
                         clock pessimism             -0.479     1.554    
    RAMB18_X2Y13         RAMB18E1 (Hold_ramb18e1_CLKARDCLK_ADDRARDADDR[5])
                                                      0.183     1.737    u_sin_calc/u_ram_r/U0/inst_blk_mem_gen/gnbram.gnativebmg.native_blk_mem_gen/valid.cstr/ramloop[0].ram.r/prim_init.ram/DEVICE_7SERIES.NO_BMM_INFO.SP.SIMPLE_PRIM18.ram
  -------------------------------------------------------------------
                         required time                         -1.737    
                         arrival time                           1.952    
  -------------------------------------------------------------------
                         slack                                  0.216    

Slack (MET) :             0.235ns  (arrival time - required time)
  Source:                 u_vco/r_accumulator_i_reg[1]/C
                            (rising edge-triggered cell FDCE clocked by sys_clk_pin  {rise@0.000ns fall@10.000ns period=20.000ns})
  Destination:            u_sin_calc/u_ram_r/U0/inst_blk_mem_gen/gnbram.gnativebmg.native_blk_mem_gen/valid.cstr/ramloop[0].ram.r/prim_init.ram/DEVICE_7SERIES.NO_BMM_INFO.SP.SIMPLE_PRIM18.ram/ADDRARDADDR[4]
                            (rising edge-triggered cell RAMB18E1 clocked by sys_clk_pin  {rise@0.000ns fall@10.000ns period=20.000ns})
  Path Group:             sys_clk_pin
  Path Type:              Hold (Min at Fast Process Corner)
  Requirement:            0.000ns  (sys_clk_pin rise@0.000ns - sys_clk_pin rise@0.000ns)
  Data Path Delay:        0.496ns  (logic 0.164ns (33.065%)  route 0.332ns (66.935%))
  Logic Levels:           0  
  Clock Path Skew:        0.078ns (DCD - SCD - CPR)
    Destination Clock Delay (DCD):    2.032ns
    Source Clock Delay      (SCD):    1.475ns
    Clock Pessimism Removal (CPR):    0.479ns

    Location             Delay type                Incr(ns)  Path(ns)    Netlist Resource(s)
  -------------------------------------------------------------------    -------------------
                         (clock sys_clk_pin rise edge)
                                                      0.000     0.000 r  
    E3                                                0.000     0.000 r  i_clock (IN)
                         net (fo=0)                   0.000     0.000    i_clock
    E3                   IBUF (Prop_ibuf_I_O)         0.257     0.257 r  i_clock_IBUF_inst/O
                         net (fo=1, routed)           0.631     0.888    i_clock_IBUF
    BUFGCTRL_X0Y16       BUFG (Prop_bufg_I_O)         0.026     0.914 r  i_clock_IBUF_BUFG_inst/O
                         net (fo=48, routed)          0.562     1.475    u_vco/CLK
    SLICE_X52Y32         FDCE                                         r  u_vco/r_accumulator_i_reg[1]/C
  -------------------------------------------------------------------    -------------------
    SLICE_X52Y32         FDCE (Prop_fdce_C_Q)         0.164     1.639 r  u_vco/r_accumulator_i_reg[1]/Q
                         net (fo=12, routed)          0.332     1.971    u_sin_calc/u_ram_r/U0/inst_blk_mem_gen/gnbram.gnativebmg.native_blk_mem_gen/valid.cstr/ramloop[0].ram.r/prim_init.ram/addra[1]
    RAMB18_X2Y13         RAMB18E1                                     r  u_sin_calc/u_ram_r/U0/inst_blk_mem_gen/gnbram.gnativebmg.native_blk_mem_gen/valid.cstr/ramloop[0].ram.r/prim_init.ram/DEVICE_7SERIES.NO_BMM_INFO.SP.SIMPLE_PRIM18.ram/ADDRARDADDR[4]
  -------------------------------------------------------------------    -------------------

                         (clock sys_clk_pin rise edge)
                                                      0.000     0.000 r  
    E3                                                0.000     0.000 r  i_clock (IN)
                         net (fo=0)                   0.000     0.000    i_clock
    E3                   IBUF (Prop_ibuf_I_O)         0.445     0.445 r  i_clock_IBUF_inst/O
                         net (fo=1, routed)           0.685     1.129    i_clock_IBUF
    BUFGCTRL_X0Y16       BUFG (Prop_bufg_I_O)         0.029     1.158 r  i_clock_IBUF_BUFG_inst/O
                         net (fo=48, routed)          0.874     2.032    u_sin_calc/u_ram_r/U0/inst_blk_mem_gen/gnbram.gnativebmg.native_blk_mem_gen/valid.cstr/ramloop[0].ram.r/prim_init.ram/clka
    RAMB18_X2Y13         RAMB18E1                                     r  u_sin_calc/u_ram_r/U0/inst_blk_mem_gen/gnbram.gnativebmg.native_blk_mem_gen/valid.cstr/ramloop[0].ram.r/prim_init.ram/DEVICE_7SERIES.NO_BMM_INFO.SP.SIMPLE_PRIM18.ram/CLKARDCLK
                         clock pessimism             -0.479     1.554    
    RAMB18_X2Y13         RAMB18E1 (Hold_ramb18e1_CLKARDCLK_ADDRARDADDR[4])
                                                      0.183     1.737    u_sin_calc/u_ram_r/U0/inst_blk_mem_gen/gnbram.gnativebmg.native_blk_mem_gen/valid.cstr/ramloop[0].ram.r/prim_init.ram/DEVICE_7SERIES.NO_BMM_INFO.SP.SIMPLE_PRIM18.ram
  -------------------------------------------------------------------
                         required time                         -1.737    
                         arrival time                           1.971    
  -------------------------------------------------------------------
                         slack                                  0.235    

Slack (MET) :             0.288ns  (arrival time - required time)
  Source:                 u_vco/r_accumulator_i_reg[7]/C
                            (rising edge-triggered cell FDCE clocked by sys_clk_pin  {rise@0.000ns fall@10.000ns period=20.000ns})
  Destination:            u_sin_calc/u_ram_r/U0/inst_blk_mem_gen/gnbram.gnativebmg.native_blk_mem_gen/valid.cstr/ramloop[0].ram.r/prim_init.ram/DEVICE_7SERIES.NO_BMM_INFO.SP.SIMPLE_PRIM18.ram/ADDRARDADDR[10]
                            (rising edge-triggered cell RAMB18E1 clocked by sys_clk_pin  {rise@0.000ns fall@10.000ns period=20.000ns})
  Path Group:             sys_clk_pin
  Path Type:              Hold (Min at Fast Process Corner)
  Requirement:            0.000ns  (sys_clk_pin rise@0.000ns - sys_clk_pin rise@0.000ns)
  Data Path Delay:        0.548ns  (logic 0.141ns (25.751%)  route 0.407ns (74.249%))
  Logic Levels:           0  
  Clock Path Skew:        0.076ns (DCD - SCD - CPR)
    Destination Clock Delay (DCD):    2.032ns
    Source Clock Delay      (SCD):    1.477ns
    Clock Pessimism Removal (CPR):    0.479ns

    Location             Delay type                Incr(ns)  Path(ns)    Netlist Resource(s)
  -------------------------------------------------------------------    -------------------
                         (clock sys_clk_pin rise edge)
                                                      0.000     0.000 r  
    E3                                                0.000     0.000 r  i_clock (IN)
                         net (fo=0)                   0.000     0.000    i_clock
    E3                   IBUF (Prop_ibuf_I_O)         0.257     0.257 r  i_clock_IBUF_inst/O
                         net (fo=1, routed)           0.631     0.888    i_clock_IBUF
    BUFGCTRL_X0Y16       BUFG (Prop_bufg_I_O)         0.026     0.914 r  i_clock_IBUF_BUFG_inst/O
                         net (fo=48, routed)          0.564     1.477    u_vco/CLK
    SLICE_X51Y34         FDCE                                         r  u_vco/r_accumulator_i_reg[7]/C
  -------------------------------------------------------------------    -------------------
    SLICE_X51Y34         FDCE (Prop_fdce_C_Q)         0.141     1.618 r  u_vco/r_accumulator_i_reg[7]/Q
                         net (fo=9, routed)           0.407     2.025    u_sin_calc/u_ram_r/U0/inst_blk_mem_gen/gnbram.gnativebmg.native_blk_mem_gen/valid.cstr/ramloop[0].ram.r/prim_init.ram/addra[7]
    RAMB18_X2Y13         RAMB18E1                                     r  u_sin_calc/u_ram_r/U0/inst_blk_mem_gen/gnbram.gnativebmg.native_blk_mem_gen/valid.cstr/ramloop[0].ram.r/prim_init.ram/DEVICE_7SERIES.NO_BMM_INFO.SP.SIMPLE_PRIM18.ram/ADDRARDADDR[10]
  -------------------------------------------------------------------    -------------------

                         (clock sys_clk_pin rise edge)
                                                      0.000     0.000 r  
    E3                                                0.000     0.000 r  i_clock (IN)
                         net (fo=0)                   0.000     0.000    i_clock
    E3                   IBUF (Prop_ibuf_I_O)         0.445     0.445 r  i_clock_IBUF_inst/O
                         net (fo=1, routed)           0.685     1.129    i_clock_IBUF
    BUFGCTRL_X0Y16       BUFG (Prop_bufg_I_O)         0.029     1.158 r  i_clock_IBUF_BUFG_inst/O
                         net (fo=48, routed)          0.874     2.032    u_sin_calc/u_ram_r/U0/inst_blk_mem_gen/gnbram.gnativebmg.native_blk_mem_gen/valid.cstr/ramloop[0].ram.r/prim_init.ram/clka
    RAMB18_X2Y13         RAMB18E1                                     r  u_sin_calc/u_ram_r/U0/inst_blk_mem_gen/gnbram.gnativebmg.native_blk_mem_gen/valid.cstr/ramloop[0].ram.r/prim_init.ram/DEVICE_7SERIES.NO_BMM_INFO.SP.SIMPLE_PRIM18.ram/CLKARDCLK
                         clock pessimism             -0.479     1.554    
    RAMB18_X2Y13         RAMB18E1 (Hold_ramb18e1_CLKARDCLK_ADDRARDADDR[10])
                                                      0.183     1.737    u_sin_calc/u_ram_r/U0/inst_blk_mem_gen/gnbram.gnativebmg.native_blk_mem_gen/valid.cstr/ramloop[0].ram.r/prim_init.ram/DEVICE_7SERIES.NO_BMM_INFO.SP.SIMPLE_PRIM18.ram
  -------------------------------------------------------------------
                         required time                         -1.737    
                         arrival time                           2.025    
  -------------------------------------------------------------------
                         slack                                  0.288    

Slack (MET) :             0.293ns  (arrival time - required time)
  Source:                 u_vco/r_accumulator_i_reg[9]/C
                            (rising edge-triggered cell FDCE clocked by sys_clk_pin  {rise@0.000ns fall@10.000ns period=20.000ns})
  Destination:            u_sin_calc/u_ram_r/U0/inst_blk_mem_gen/gnbram.gnativebmg.native_blk_mem_gen/valid.cstr/ramloop[0].ram.r/prim_init.ram/DEVICE_7SERIES.NO_BMM_INFO.SP.SIMPLE_PRIM18.ram/ADDRARDADDR[12]
                            (rising edge-triggered cell RAMB18E1 clocked by sys_clk_pin  {rise@0.000ns fall@10.000ns period=20.000ns})
  Path Group:             sys_clk_pin
  Path Type:              Hold (Min at Fast Process Corner)
  Requirement:            0.000ns  (sys_clk_pin rise@0.000ns - sys_clk_pin rise@0.000ns)
  Data Path Delay:        0.552ns  (logic 0.141ns (25.536%)  route 0.411ns (74.464%))
  Logic Levels:           0  
  Clock Path Skew:        0.076ns (DCD - SCD - CPR)
    Destination Clock Delay (DCD):    2.032ns
    Source Clock Delay      (SCD):    1.477ns
    Clock Pessimism Removal (CPR):    0.479ns

    Location             Delay type                Incr(ns)  Path(ns)    Netlist Resource(s)
  -------------------------------------------------------------------    -------------------
                         (clock sys_clk_pin rise edge)
                                                      0.000     0.000 r  
    E3                                                0.000     0.000 r  i_clock (IN)
                         net (fo=0)                   0.000     0.000    i_clock
    E3                   IBUF (Prop_ibuf_I_O)         0.257     0.257 r  i_clock_IBUF_inst/O
                         net (fo=1, routed)           0.631     0.888    i_clock_IBUF
    BUFGCTRL_X0Y16       BUFG (Prop_bufg_I_O)         0.026     0.914 r  i_clock_IBUF_BUFG_inst/O
                         net (fo=48, routed)          0.564     1.477    u_vco/CLK
    SLICE_X49Y36         FDCE                                         r  u_vco/r_accumulator_i_reg[9]/C
  -------------------------------------------------------------------    -------------------
    SLICE_X49Y36         FDCE (Prop_fdce_C_Q)         0.141     1.618 r  u_vco/r_accumulator_i_reg[9]/Q
                         net (fo=6, routed)           0.411     2.030    u_sin_calc/u_ram_r/U0/inst_blk_mem_gen/gnbram.gnativebmg.native_blk_mem_gen/valid.cstr/ramloop[0].ram.r/prim_init.ram/addra[9]
    RAMB18_X2Y13         RAMB18E1                                     r  u_sin_calc/u_ram_r/U0/inst_blk_mem_gen/gnbram.gnativebmg.native_blk_mem_gen/valid.cstr/ramloop[0].ram.r/prim_init.ram/DEVICE_7SERIES.NO_BMM_INFO.SP.SIMPLE_PRIM18.ram/ADDRARDADDR[12]
  -------------------------------------------------------------------    -------------------

                         (clock sys_clk_pin rise edge)
                                                      0.000     0.000 r  
    E3                                                0.000     0.000 r  i_clock (IN)
                         net (fo=0)                   0.000     0.000    i_clock
    E3                   IBUF (Prop_ibuf_I_O)         0.445     0.445 r  i_clock_IBUF_inst/O
                         net (fo=1, routed)           0.685     1.129    i_clock_IBUF
    BUFGCTRL_X0Y16       BUFG (Prop_bufg_I_O)         0.029     1.158 r  i_clock_IBUF_BUFG_inst/O
                         net (fo=48, routed)          0.874     2.032    u_sin_calc/u_ram_r/U0/inst_blk_mem_gen/gnbram.gnativebmg.native_blk_mem_gen/valid.cstr/ramloop[0].ram.r/prim_init.ram/clka
    RAMB18_X2Y13         RAMB18E1                                     r  u_sin_calc/u_ram_r/U0/inst_blk_mem_gen/gnbram.gnativebmg.native_blk_mem_gen/valid.cstr/ramloop[0].ram.r/prim_init.ram/DEVICE_7SERIES.NO_BMM_INFO.SP.SIMPLE_PRIM18.ram/CLKARDCLK
                         clock pessimism             -0.479     1.554    
    RAMB18_X2Y13         RAMB18E1 (Hold_ramb18e1_CLKARDCLK_ADDRARDADDR[12])
                                                      0.183     1.737    u_sin_calc/u_ram_r/U0/inst_blk_mem_gen/gnbram.gnativebmg.native_blk_mem_gen/valid.cstr/ramloop[0].ram.r/prim_init.ram/DEVICE_7SERIES.NO_BMM_INFO.SP.SIMPLE_PRIM18.ram
  -------------------------------------------------------------------
                         required time                         -1.737    
                         arrival time                           2.030    
  -------------------------------------------------------------------
                         slack                                  0.293    

Slack (MET) :             0.298ns  (arrival time - required time)
  Source:                 u_vco/r_accumulator_i_reg[0]/C
                            (rising edge-triggered cell FDCE clocked by sys_clk_pin  {rise@0.000ns fall@10.000ns period=20.000ns})
  Destination:            u_sin_calc/u_ram_r/U0/inst_blk_mem_gen/gnbram.gnativebmg.native_blk_mem_gen/valid.cstr/ramloop[0].ram.r/prim_init.ram/DEVICE_7SERIES.NO_BMM_INFO.SP.SIMPLE_PRIM18.ram/ADDRARDADDR[3]
                            (rising edge-triggered cell RAMB18E1 clocked by sys_clk_pin  {rise@0.000ns fall@10.000ns period=20.000ns})
  Path Group:             sys_clk_pin
  Path Type:              Hold (Min at Fast Process Corner)
  Requirement:            0.000ns  (sys_clk_pin rise@0.000ns - sys_clk_pin rise@0.000ns)
  Data Path Delay:        0.563ns  (logic 0.141ns (25.042%)  route 0.422ns (74.958%))
  Logic Levels:           0  
  Clock Path Skew:        0.082ns (DCD - SCD - CPR)
    Destination Clock Delay (DCD):    2.032ns
    Source Clock Delay      (SCD):    1.471ns
    Clock Pessimism Removal (CPR):    0.479ns

    Location             Delay type                Incr(ns)  Path(ns)    Netlist Resource(s)
  -------------------------------------------------------------------    -------------------
                         (clock sys_clk_pin rise edge)
                                                      0.000     0.000 r  
    E3                                                0.000     0.000 r  i_clock (IN)
                         net (fo=0)                   0.000     0.000    i_clock
    E3                   IBUF (Prop_ibuf_I_O)         0.257     0.257 r  i_clock_IBUF_inst/O
                         net (fo=1, routed)           0.631     0.888    i_clock_IBUF
    BUFGCTRL_X0Y16       BUFG (Prop_bufg_I_O)         0.026     0.914 r  i_clock_IBUF_BUFG_inst/O
                         net (fo=48, routed)          0.558     1.471    u_vco/CLK
    SLICE_X49Y27         FDCE                                         r  u_vco/r_accumulator_i_reg[0]/C
  -------------------------------------------------------------------    -------------------
    SLICE_X49Y27         FDCE (Prop_fdce_C_Q)         0.141     1.612 r  u_vco/r_accumulator_i_reg[0]/Q
                         net (fo=13, routed)          0.422     2.034    u_sin_calc/u_ram_r/U0/inst_blk_mem_gen/gnbram.gnativebmg.native_blk_mem_gen/valid.cstr/ramloop[0].ram.r/prim_init.ram/addra[0]
    RAMB18_X2Y13         RAMB18E1                                     r  u_sin_calc/u_ram_r/U0/inst_blk_mem_gen/gnbram.gnativebmg.native_blk_mem_gen/valid.cstr/ramloop[0].ram.r/prim_init.ram/DEVICE_7SERIES.NO_BMM_INFO.SP.SIMPLE_PRIM18.ram/ADDRARDADDR[3]
  -------------------------------------------------------------------    -------------------

                         (clock sys_clk_pin rise edge)
                                                      0.000     0.000 r  
    E3                                                0.000     0.000 r  i_clock (IN)
                         net (fo=0)                   0.000     0.000    i_clock
    E3                   IBUF (Prop_ibuf_I_O)         0.445     0.445 r  i_clock_IBUF_inst/O
                         net (fo=1, routed)           0.685     1.129    i_clock_IBUF
    BUFGCTRL_X0Y16       BUFG (Prop_bufg_I_O)         0.029     1.158 r  i_clock_IBUF_BUFG_inst/O
                         net (fo=48, routed)          0.874     2.032    u_sin_calc/u_ram_r/U0/inst_blk_mem_gen/gnbram.gnativebmg.native_blk_mem_gen/valid.cstr/ramloop[0].ram.r/prim_init.ram/clka
    RAMB18_X2Y13         RAMB18E1                                     r  u_sin_calc/u_ram_r/U0/inst_blk_mem_gen/gnbram.gnativebmg.native_blk_mem_gen/valid.cstr/ramloop[0].ram.r/prim_init.ram/DEVICE_7SERIES.NO_BMM_INFO.SP.SIMPLE_PRIM18.ram/CLKARDCLK
                         clock pessimism             -0.479     1.554    
    RAMB18_X2Y13         RAMB18E1 (Hold_ramb18e1_CLKARDCLK_ADDRARDADDR[3])
                                                      0.183     1.737    u_sin_calc/u_ram_r/U0/inst_blk_mem_gen/gnbram.gnativebmg.native_blk_mem_gen/valid.cstr/ramloop[0].ram.r/prim_init.ram/DEVICE_7SERIES.NO_BMM_INFO.SP.SIMPLE_PRIM18.ram
  -------------------------------------------------------------------
                         required time                         -1.737    
                         arrival time                           2.034    
  -------------------------------------------------------------------
                         slack                                  0.298    

Slack (MET) :             0.300ns  (arrival time - required time)
  Source:                 u_phase_detector/u_ram_a/U0/inst_blk_mem_gen/gnbram.gnativebmg.native_blk_mem_gen/valid.cstr/has_mux_a.A/no_softecc_sel_reg.ce_pri.sel_pipe_reg[0]/C
                            (rising edge-triggered cell FDRE clocked by sys_clk_pin  {rise@0.000ns fall@10.000ns period=20.000ns})
  Destination:            u_phase_detector/u_ram_a/U0/inst_blk_mem_gen/gnbram.gnativebmg.native_blk_mem_gen/valid.cstr/has_mux_a.A/no_softecc_sel_reg.ce_pri.sel_pipe_reg[0]/D
                            (rising edge-triggered cell FDRE clocked by sys_clk_pin  {rise@0.000ns fall@10.000ns period=20.000ns})
  Path Group:             sys_clk_pin
  Path Type:              Hold (Min at Fast Process Corner)
  Requirement:            0.000ns  (sys_clk_pin rise@0.000ns - sys_clk_pin rise@0.000ns)
  Data Path Delay:        0.391ns  (logic 0.186ns (47.598%)  route 0.205ns (52.402%))
  Logic Levels:           1  (LUT3=1)
  Clock Path Skew:        0.000ns (DCD - SCD - CPR)
    Destination Clock Delay (DCD):    1.989ns
    Source Clock Delay      (SCD):    1.475ns
    Clock Pessimism Removal (CPR):    0.514ns

    Location             Delay type                Incr(ns)  Path(ns)    Netlist Resource(s)
  -------------------------------------------------------------------    -------------------
                         (clock sys_clk_pin rise edge)
                                                      0.000     0.000 r  
    E3                                                0.000     0.000 r  i_clock (IN)
                         net (fo=0)                   0.000     0.000    i_clock
    E3                   IBUF (Prop_ibuf_I_O)         0.257     0.257 r  i_clock_IBUF_inst/O
                         net (fo=1, routed)           0.631     0.888    i_clock_IBUF
    BUFGCTRL_X0Y16       BUFG (Prop_bufg_I_O)         0.026     0.914 r  i_clock_IBUF_BUFG_inst/O
                         net (fo=48, routed)          0.562     1.475    u_phase_detector/u_ram_a/U0/inst_blk_mem_gen/gnbram.gnativebmg.native_blk_mem_gen/valid.cstr/has_mux_a.A/clka
    SLICE_X51Y32         FDRE                                         r  u_phase_detector/u_ram_a/U0/inst_blk_mem_gen/gnbram.gnativebmg.native_blk_mem_gen/valid.cstr/has_mux_a.A/no_softecc_sel_reg.ce_pri.sel_pipe_reg[0]/C
  -------------------------------------------------------------------    -------------------
    SLICE_X51Y32         FDRE (Prop_fdre_C_Q)         0.141     1.616 r  u_phase_detector/u_ram_a/U0/inst_blk_mem_gen/gnbram.gnativebmg.native_blk_mem_gen/valid.cstr/has_mux_a.A/no_softecc_sel_reg.ce_pri.sel_pipe_reg[0]/Q
                         net (fo=9, routed)           0.205     1.821    u_phase_detector/u_ram_a/U0/inst_blk_mem_gen/gnbram.gnativebmg.native_blk_mem_gen/valid.cstr/has_mux_a.A/sel_pipe[0]
    SLICE_X51Y32         LUT3 (Prop_lut3_I2_O)        0.045     1.866 r  u_phase_detector/u_ram_a/U0/inst_blk_mem_gen/gnbram.gnativebmg.native_blk_mem_gen/valid.cstr/has_mux_a.A/no_softecc_sel_reg.ce_pri.sel_pipe[0]_i_1/O
                         net (fo=1, routed)           0.000     1.866    u_phase_detector/u_ram_a/U0/inst_blk_mem_gen/gnbram.gnativebmg.native_blk_mem_gen/valid.cstr/has_mux_a.A/no_softecc_sel_reg.ce_pri.sel_pipe[0]_i_1_n_0
    SLICE_X51Y32         FDRE                                         r  u_phase_detector/u_ram_a/U0/inst_blk_mem_gen/gnbram.gnativebmg.native_blk_mem_gen/valid.cstr/has_mux_a.A/no_softecc_sel_reg.ce_pri.sel_pipe_reg[0]/D
  -------------------------------------------------------------------    -------------------

                         (clock sys_clk_pin rise edge)
                                                      0.000     0.000 r  
    E3                                                0.000     0.000 r  i_clock (IN)
                         net (fo=0)                   0.000     0.000    i_clock
    E3                   IBUF (Prop_ibuf_I_O)         0.445     0.445 r  i_clock_IBUF_inst/O
                         net (fo=1, routed)           0.685     1.129    i_clock_IBUF
    BUFGCTRL_X0Y16       BUFG (Prop_bufg_I_O)         0.029     1.158 r  i_clock_IBUF_BUFG_inst/O
                         net (fo=48, routed)          0.831     1.989    u_phase_detector/u_ram_a/U0/inst_blk_mem_gen/gnbram.gnativebmg.native_blk_mem_gen/valid.cstr/has_mux_a.A/clka
    SLICE_X51Y32         FDRE                                         r  u_phase_detector/u_ram_a/U0/inst_blk_mem_gen/gnbram.gnativebmg.native_blk_mem_gen/valid.cstr/has_mux_a.A/no_softecc_sel_reg.ce_pri.sel_pipe_reg[0]/C
                         clock pessimism             -0.514     1.475    
    SLICE_X51Y32         FDRE (Hold_fdre_C_D)         0.091     1.566    u_phase_detector/u_ram_a/U0/inst_blk_mem_gen/gnbram.gnativebmg.native_blk_mem_gen/valid.cstr/has_mux_a.A/no_softecc_sel_reg.ce_pri.sel_pipe_reg[0]
  -------------------------------------------------------------------
                         required time                         -1.566    
                         arrival time                           1.866    
  -------------------------------------------------------------------
                         slack                                  0.300    

Slack (MET) :             0.335ns  (arrival time - required time)
  Source:                 u_vco/r_accumulator_i_reg[0]/C
                            (rising edge-triggered cell FDCE clocked by sys_clk_pin  {rise@0.000ns fall@10.000ns period=20.000ns})
  Destination:            u_vco/r_accumulator_i_reg[0]/D
                            (rising edge-triggered cell FDCE clocked by sys_clk_pin  {rise@0.000ns fall@10.000ns period=20.000ns})
  Path Group:             sys_clk_pin
  Path Type:              Hold (Min at Fast Process Corner)
  Requirement:            0.000ns  (sys_clk_pin rise@0.000ns - sys_clk_pin rise@0.000ns)
  Data Path Delay:        0.437ns  (logic 0.256ns (58.643%)  route 0.181ns (41.357%))
  Logic Levels:           2  (CARRY4=1 LUT2=1)
  Clock Path Skew:        0.000ns (DCD - SCD - CPR)
    Destination Clock Delay (DCD):    1.983ns
    Source Clock Delay      (SCD):    1.471ns
    Clock Pessimism Removal (CPR):    0.512ns

    Location             Delay type                Incr(ns)  Path(ns)    Netlist Resource(s)
  -------------------------------------------------------------------    -------------------
                         (clock sys_clk_pin rise edge)
                                                      0.000     0.000 r  
    E3                                                0.000     0.000 r  i_clock (IN)
                         net (fo=0)                   0.000     0.000    i_clock
    E3                   IBUF (Prop_ibuf_I_O)         0.257     0.257 r  i_clock_IBUF_inst/O
                         net (fo=1, routed)           0.631     0.888    i_clock_IBUF
    BUFGCTRL_X0Y16       BUFG (Prop_bufg_I_O)         0.026     0.914 r  i_clock_IBUF_BUFG_inst/O
                         net (fo=48, routed)          0.558     1.471    u_vco/CLK
    SLICE_X49Y27         FDCE                                         r  u_vco/r_accumulator_i_reg[0]/C
  -------------------------------------------------------------------    -------------------
    SLICE_X49Y27         FDCE (Prop_fdce_C_Q)         0.141     1.612 r  u_vco/r_accumulator_i_reg[0]/Q
                         net (fo=13, routed)          0.181     1.793    u_vco/Q[0]
    SLICE_X49Y27         LUT2 (Prop_lut2_I0_O)        0.045     1.838 r  u_vco/sum_i_converted2_carry_i_4__0/O
                         net (fo=1, routed)           0.000     1.838    u_vco/sum_i_converted2_carry_i_4__0_n_0
    SLICE_X49Y27         CARRY4 (Prop_carry4_S[0]_O[0])
                                                      0.070     1.908 r  u_vco/sum_i_converted2_carry/O[0]
                         net (fo=6, routed)           0.000     1.908    u_vco/sum_i_converted2_carry_n_7
    SLICE_X49Y27         FDCE                                         r  u_vco/r_accumulator_i_reg[0]/D
  -------------------------------------------------------------------    -------------------

                         (clock sys_clk_pin rise edge)
                                                      0.000     0.000 r  
    E3                                                0.000     0.000 r  i_clock (IN)
                         net (fo=0)                   0.000     0.000    i_clock
    E3                   IBUF (Prop_ibuf_I_O)         0.445     0.445 r  i_clock_IBUF_inst/O
                         net (fo=1, routed)           0.685     1.129    i_clock_IBUF
    BUFGCTRL_X0Y16       BUFG (Prop_bufg_I_O)         0.029     1.158 r  i_clock_IBUF_BUFG_inst/O
                         net (fo=48, routed)          0.825     1.983    u_vco/CLK
    SLICE_X49Y27         FDCE                                         r  u_vco/r_accumulator_i_reg[0]/C
                         clock pessimism             -0.512     1.471    
    SLICE_X49Y27         FDCE (Hold_fdce_C_D)         0.102     1.573    u_vco/r_accumulator_i_reg[0]
  -------------------------------------------------------------------
                         required time                         -1.573    
                         arrival time                           1.908    
  -------------------------------------------------------------------
                         slack                                  0.335    

Slack (MET) :             0.337ns  (arrival time - required time)
  Source:                 u_loop_filter/r_accumulator_i_reg[0]/C
                            (rising edge-triggered cell FDCE clocked by sys_clk_pin  {rise@0.000ns fall@10.000ns period=20.000ns})
  Destination:            u_loop_filter/r_accumulator_i_reg[0]/D
                            (rising edge-triggered cell FDCE clocked by sys_clk_pin  {rise@0.000ns fall@10.000ns period=20.000ns})
  Path Group:             sys_clk_pin
  Path Type:              Hold (Min at Fast Process Corner)
  Requirement:            0.000ns  (sys_clk_pin rise@0.000ns - sys_clk_pin rise@0.000ns)
  Data Path Delay:        0.439ns  (logic 0.256ns (58.248%)  route 0.183ns (41.752%))
  Logic Levels:           2  (CARRY4=1 LUT2=1)
  Clock Path Skew:        0.000ns (DCD - SCD - CPR)
    Destination Clock Delay (DCD):    1.981ns
    Source Clock Delay      (SCD):    1.469ns
    Clock Pessimism Removal (CPR):    0.512ns

    Location             Delay type                Incr(ns)  Path(ns)    Netlist Resource(s)
  -------------------------------------------------------------------    -------------------
                         (clock sys_clk_pin rise edge)
                                                      0.000     0.000 r  
    E3                                                0.000     0.000 r  i_clock (IN)
                         net (fo=0)                   0.000     0.000    i_clock
    E3                   IBUF (Prop_ibuf_I_O)         0.257     0.257 r  i_clock_IBUF_inst/O
                         net (fo=1, routed)           0.631     0.888    i_clock_IBUF
    BUFGCTRL_X0Y16       BUFG (Prop_bufg_I_O)         0.026     0.914 r  i_clock_IBUF_BUFG_inst/O
                         net (fo=48, routed)          0.556     1.469    u_loop_filter/CLK
    SLICE_X48Y23         FDCE                                         r  u_loop_filter/r_accumulator_i_reg[0]/C
  -------------------------------------------------------------------    -------------------
    SLICE_X48Y23         FDCE (Prop_fdce_C_Q)         0.141     1.610 r  u_loop_filter/r_accumulator_i_reg[0]/Q
                         net (fo=2, routed)           0.183     1.794    u_loop_filter/u_round_i/Q[0]
    SLICE_X48Y23         LUT2 (Prop_lut2_I0_O)        0.045     1.839 r  u_loop_filter/u_round_i/sum_i_converted2_carry_i_4/O
                         net (fo=1, routed)           0.000     1.839    u_loop_filter/u_round_i_n_6
    SLICE_X48Y23         CARRY4 (Prop_carry4_S[0]_O[0])
                                                      0.070     1.909 r  u_loop_filter/sum_i_converted2_carry/O[0]
                         net (fo=8, routed)           0.000     1.909    u_loop_filter/r_accumulator_i_reg[9]_0[0]
    SLICE_X48Y23         FDCE                                         r  u_loop_filter/r_accumulator_i_reg[0]/D
  -------------------------------------------------------------------    -------------------

                         (clock sys_clk_pin rise edge)
                                                      0.000     0.000 r  
    E3                                                0.000     0.000 r  i_clock (IN)
                         net (fo=0)                   0.000     0.000    i_clock
    E3                   IBUF (Prop_ibuf_I_O)         0.445     0.445 r  i_clock_IBUF_inst/O
                         net (fo=1, routed)           0.685     1.129    i_clock_IBUF
    BUFGCTRL_X0Y16       BUFG (Prop_bufg_I_O)         0.029     1.158 r  i_clock_IBUF_BUFG_inst/O
                         net (fo=48, routed)          0.823     1.981    u_loop_filter/CLK
    SLICE_X48Y23         FDCE                                         r  u_loop_filter/r_accumulator_i_reg[0]/C
                         clock pessimism             -0.512     1.469    
    SLICE_X48Y23         FDCE (Hold_fdce_C_D)         0.102     1.571    u_loop_filter/r_accumulator_i_reg[0]
  -------------------------------------------------------------------
                         required time                         -1.571    
                         arrival time                           1.909    
  -------------------------------------------------------------------
                         slack                                  0.337    

Slack (MET) :             0.347ns  (arrival time - required time)
  Source:                 u_phase_detector/u_ram_a/U0/inst_blk_mem_gen/gnbram.gnativebmg.native_blk_mem_gen/valid.cstr/has_mux_a.A/no_softecc_sel_reg.ce_pri.sel_pipe_reg[1]/C
                            (rising edge-triggered cell FDRE clocked by sys_clk_pin  {rise@0.000ns fall@10.000ns period=20.000ns})
  Destination:            u_phase_detector/u_ram_a/U0/inst_blk_mem_gen/gnbram.gnativebmg.native_blk_mem_gen/valid.cstr/has_mux_a.A/no_softecc_sel_reg.ce_pri.sel_pipe_reg[1]/D
                            (rising edge-triggered cell FDRE clocked by sys_clk_pin  {rise@0.000ns fall@10.000ns period=20.000ns})
  Path Group:             sys_clk_pin
  Path Type:              Hold (Min at Fast Process Corner)
  Requirement:            0.000ns  (sys_clk_pin rise@0.000ns - sys_clk_pin rise@0.000ns)
  Data Path Delay:        0.454ns  (logic 0.230ns (50.612%)  route 0.224ns (49.388%))
  Logic Levels:           1  (LUT3=1)
  Clock Path Skew:        0.000ns (DCD - SCD - CPR)
    Destination Clock Delay (DCD):    1.989ns
    Source Clock Delay      (SCD):    1.475ns
    Clock Pessimism Removal (CPR):    0.514ns

    Location             Delay type                Incr(ns)  Path(ns)    Netlist Resource(s)
  -------------------------------------------------------------------    -------------------
                         (clock sys_clk_pin rise edge)
                                                      0.000     0.000 r  
    E3                                                0.000     0.000 r  i_clock (IN)
                         net (fo=0)                   0.000     0.000    i_clock
    E3                   IBUF (Prop_ibuf_I_O)         0.257     0.257 r  i_clock_IBUF_inst/O
                         net (fo=1, routed)           0.631     0.888    i_clock_IBUF
    BUFGCTRL_X0Y16       BUFG (Prop_bufg_I_O)         0.026     0.914 r  i_clock_IBUF_BUFG_inst/O
                         net (fo=48, routed)          0.562     1.475    u_phase_detector/u_ram_a/U0/inst_blk_mem_gen/gnbram.gnativebmg.native_blk_mem_gen/valid.cstr/has_mux_a.A/clka
    SLICE_X51Y32         FDRE                                         r  u_phase_detector/u_ram_a/U0/inst_blk_mem_gen/gnbram.gnativebmg.native_blk_mem_gen/valid.cstr/has_mux_a.A/no_softecc_sel_reg.ce_pri.sel_pipe_reg[1]/C
  -------------------------------------------------------------------    -------------------
    SLICE_X51Y32         FDRE (Prop_fdre_C_Q)         0.128     1.603 r  u_phase_detector/u_ram_a/U0/inst_blk_mem_gen/gnbram.gnativebmg.native_blk_mem_gen/valid.cstr/has_mux_a.A/no_softecc_sel_reg.ce_pri.sel_pipe_reg[1]/Q
                         net (fo=9, routed)           0.224     1.828    u_phase_detector/u_ram_a/U0/inst_blk_mem_gen/gnbram.gnativebmg.native_blk_mem_gen/valid.cstr/has_mux_a.A/sel_pipe[1]
    SLICE_X51Y32         LUT3 (Prop_lut3_I2_O)        0.102     1.930 r  u_phase_detector/u_ram_a/U0/inst_blk_mem_gen/gnbram.gnativebmg.native_blk_mem_gen/valid.cstr/has_mux_a.A/no_softecc_sel_reg.ce_pri.sel_pipe[1]_i_1/O
                         net (fo=1, routed)           0.000     1.930    u_phase_detector/u_ram_a/U0/inst_blk_mem_gen/gnbram.gnativebmg.native_blk_mem_gen/valid.cstr/has_mux_a.A/no_softecc_sel_reg.ce_pri.sel_pipe[1]_i_1_n_0
    SLICE_X51Y32         FDRE                                         r  u_phase_detector/u_ram_a/U0/inst_blk_mem_gen/gnbram.gnativebmg.native_blk_mem_gen/valid.cstr/has_mux_a.A/no_softecc_sel_reg.ce_pri.sel_pipe_reg[1]/D
  -------------------------------------------------------------------    -------------------

                         (clock sys_clk_pin rise edge)
                                                      0.000     0.000 r  
    E3                                                0.000     0.000 r  i_clock (IN)
                         net (fo=0)                   0.000     0.000    i_clock
    E3                   IBUF (Prop_ibuf_I_O)         0.445     0.445 r  i_clock_IBUF_inst/O
                         net (fo=1, routed)           0.685     1.129    i_clock_IBUF
    BUFGCTRL_X0Y16       BUFG (Prop_bufg_I_O)         0.029     1.158 r  i_clock_IBUF_BUFG_inst/O
                         net (fo=48, routed)          0.831     1.989    u_phase_detector/u_ram_a/U0/inst_blk_mem_gen/gnbram.gnativebmg.native_blk_mem_gen/valid.cstr/has_mux_a.A/clka
    SLICE_X51Y32         FDRE                                         r  u_phase_detector/u_ram_a/U0/inst_blk_mem_gen/gnbram.gnativebmg.native_blk_mem_gen/valid.cstr/has_mux_a.A/no_softecc_sel_reg.ce_pri.sel_pipe_reg[1]/C
                         clock pessimism             -0.514     1.475    
    SLICE_X51Y32         FDRE (Hold_fdre_C_D)         0.107     1.582    u_phase_detector/u_ram_a/U0/inst_blk_mem_gen/gnbram.gnativebmg.native_blk_mem_gen/valid.cstr/has_mux_a.A/no_softecc_sel_reg.ce_pri.sel_pipe_reg[1]
  -------------------------------------------------------------------
                         required time                         -1.582    
                         arrival time                           1.930    
  -------------------------------------------------------------------
                         slack                                  0.347    





Pulse Width Checks
--------------------------------------------------------------------------------------
Clock Name:         sys_clk_pin
Waveform(ns):       { 0.000 10.000 }
Period(ns):         20.000
Sources:            { i_clock }

Check Type        Corner  Lib Pin             Reference Pin  Required(ns)  Actual(ns)  Slack(ns)  Location      Pin
Min Period        n/a     RAMB18E1/CLKARDCLK  n/a            2.576         20.000      17.424     RAMB18_X2Y12  u_cos_calc/u_sin_calc/u_ram_r/U0/inst_blk_mem_gen/gnbram.gnativebmg.native_blk_mem_gen/valid.cstr/ramloop[0].ram.r/prim_init.ram/DEVICE_7SERIES.NO_BMM_INFO.SP.SIMPLE_PRIM18.ram/CLKARDCLK
Min Period        n/a     RAMB18E1/CLKBWRCLK  n/a            2.576         20.000      17.424     RAMB18_X2Y12  u_cos_calc/u_sin_calc/u_ram_r/U0/inst_blk_mem_gen/gnbram.gnativebmg.native_blk_mem_gen/valid.cstr/ramloop[0].ram.r/prim_init.ram/DEVICE_7SERIES.NO_BMM_INFO.SP.SIMPLE_PRIM18.ram/CLKBWRCLK
Min Period        n/a     RAMB36E1/CLKARDCLK  n/a            2.576         20.000      17.424     RAMB36_X1Y5   u_phase_detector/u_ram_a/U0/inst_blk_mem_gen/gnbram.gnativebmg.native_blk_mem_gen/valid.cstr/ramloop[0].ram.r/prim_init.ram/DEVICE_7SERIES.NO_BMM_INFO.SP.SIMPLE_PRIM36.ram/CLKARDCLK
Min Period        n/a     RAMB36E1/CLKBWRCLK  n/a            2.576         20.000      17.424     RAMB36_X1Y5   u_phase_detector/u_ram_a/U0/inst_blk_mem_gen/gnbram.gnativebmg.native_blk_mem_gen/valid.cstr/ramloop[0].ram.r/prim_init.ram/DEVICE_7SERIES.NO_BMM_INFO.SP.SIMPLE_PRIM36.ram/CLKBWRCLK
Min Period        n/a     RAMB36E1/CLKARDCLK  n/a            2.576         20.000      17.424     RAMB36_X2Y7   u_phase_detector/u_ram_a/U0/inst_blk_mem_gen/gnbram.gnativebmg.native_blk_mem_gen/valid.cstr/ramloop[1].ram.r/prim_init.ram/DEVICE_7SERIES.NO_BMM_INFO.SP.SIMPLE_PRIM36.ram/CLKARDCLK
Min Period        n/a     RAMB36E1/CLKBWRCLK  n/a            2.576         20.000      17.424     RAMB36_X2Y7   u_phase_detector/u_ram_a/U0/inst_blk_mem_gen/gnbram.gnativebmg.native_blk_mem_gen/valid.cstr/ramloop[1].ram.r/prim_init.ram/DEVICE_7SERIES.NO_BMM_INFO.SP.SIMPLE_PRIM36.ram/CLKBWRCLK
Min Period        n/a     RAMB36E1/CLKARDCLK  n/a            2.576         20.000      17.424     RAMB36_X1Y7   u_phase_detector/u_ram_a/U0/inst_blk_mem_gen/gnbram.gnativebmg.native_blk_mem_gen/valid.cstr/ramloop[2].ram.r/prim_init.ram/DEVICE_7SERIES.NO_BMM_INFO.SP.SIMPLE_PRIM36.ram/CLKARDCLK
Min Period        n/a     RAMB36E1/CLKBWRCLK  n/a            2.576         20.000      17.424     RAMB36_X1Y7   u_phase_detector/u_ram_a/U0/inst_blk_mem_gen/gnbram.gnativebmg.native_blk_mem_gen/valid.cstr/ramloop[2].ram.r/prim_init.ram/DEVICE_7SERIES.NO_BMM_INFO.SP.SIMPLE_PRIM36.ram/CLKBWRCLK
Min Period        n/a     RAMB36E1/CLKARDCLK  n/a            2.576         20.000      17.424     RAMB36_X1Y6   u_phase_detector/u_ram_a/U0/inst_blk_mem_gen/gnbram.gnativebmg.native_blk_mem_gen/valid.cstr/ramloop[3].ram.r/prim_init.ram/DEVICE_7SERIES.NO_BMM_INFO.SP.SIMPLE_PRIM36.ram/CLKARDCLK
Min Period        n/a     RAMB36E1/CLKBWRCLK  n/a            2.576         20.000      17.424     RAMB36_X1Y6   u_phase_detector/u_ram_a/U0/inst_blk_mem_gen/gnbram.gnativebmg.native_blk_mem_gen/valid.cstr/ramloop[3].ram.r/prim_init.ram/DEVICE_7SERIES.NO_BMM_INFO.SP.SIMPLE_PRIM36.ram/CLKBWRCLK
Low Pulse Width   Slow    FDCE/C              n/a            0.500         10.000      9.500      SLICE_X48Y23  u_loop_filter/r_accumulator_i_reg[0]/C
Low Pulse Width   Fast    FDCE/C              n/a            0.500         10.000      9.500      SLICE_X48Y23  u_loop_filter/r_accumulator_i_reg[0]/C
Low Pulse Width   Slow    FDCE/C              n/a            0.500         10.000      9.500      SLICE_X51Y30  u_loop_filter/r_accumulator_i_reg[10]/C
Low Pulse Width   Fast    FDCE/C              n/a            0.500         10.000      9.500      SLICE_X51Y30  u_loop_filter/r_accumulator_i_reg[10]/C
Low Pulse Width   Slow    FDCE/C              n/a            0.500         10.000      9.500      SLICE_X52Y24  u_loop_filter/r_accumulator_i_reg[1]/C
Low Pulse Width   Fast    FDCE/C              n/a            0.500         10.000      9.500      SLICE_X52Y24  u_loop_filter/r_accumulator_i_reg[1]/C
Low Pulse Width   Slow    FDCE/C              n/a            0.500         10.000      9.500      SLICE_X52Y27  u_loop_filter/r_accumulator_i_reg[2]/C
Low Pulse Width   Fast    FDCE/C              n/a            0.500         10.000      9.500      SLICE_X52Y27  u_loop_filter/r_accumulator_i_reg[2]/C
Low Pulse Width   Slow    FDCE/C              n/a            0.500         10.000      9.500      SLICE_X48Y31  u_loop_filter/r_accumulator_i_reg[3]/C
Low Pulse Width   Fast    FDCE/C              n/a            0.500         10.000      9.500      SLICE_X48Y31  u_loop_filter/r_accumulator_i_reg[3]/C
High Pulse Width  Slow    FDCE/C              n/a            0.500         10.000      9.500      SLICE_X48Y23  u_loop_filter/r_accumulator_i_reg[0]/C
High Pulse Width  Fast    FDCE/C              n/a            0.500         10.000      9.500      SLICE_X48Y23  u_loop_filter/r_accumulator_i_reg[0]/C
High Pulse Width  Slow    FDCE/C              n/a            0.500         10.000      9.500      SLICE_X51Y30  u_loop_filter/r_accumulator_i_reg[10]/C
High Pulse Width  Fast    FDCE/C              n/a            0.500         10.000      9.500      SLICE_X51Y30  u_loop_filter/r_accumulator_i_reg[10]/C
High Pulse Width  Slow    FDCE/C              n/a            0.500         10.000      9.500      SLICE_X52Y24  u_loop_filter/r_accumulator_i_reg[1]/C
High Pulse Width  Fast    FDCE/C              n/a            0.500         10.000      9.500      SLICE_X52Y24  u_loop_filter/r_accumulator_i_reg[1]/C
High Pulse Width  Slow    FDCE/C              n/a            0.500         10.000      9.500      SLICE_X52Y27  u_loop_filter/r_accumulator_i_reg[2]/C
High Pulse Width  Fast    FDCE/C              n/a            0.500         10.000      9.500      SLICE_X52Y27  u_loop_filter/r_accumulator_i_reg[2]/C
High Pulse Width  Slow    FDCE/C              n/a            0.500         10.000      9.500      SLICE_X48Y31  u_loop_filter/r_accumulator_i_reg[3]/C
High Pulse Width  Fast    FDCE/C              n/a            0.500         10.000      9.500      SLICE_X48Y31  u_loop_filter/r_accumulator_i_reg[3]/C



--------------------------------------------------------------------------------------
Path Group:  (none)
From Clock:  
  To Clock:  

Max Delay            16 Endpoints
Min Delay            16 Endpoints
--------------------------------------------------------------------------------------


Max Delay Paths
--------------------------------------------------------------------------------------
Slack:                    inf
  Source:                 i_data_i[0]
                            (input port)
  Destination:            o_corrected_q[6]
                            (output port)
  Path Group:             (none)
  Path Type:              Max at Slow Process Corner
  Data Path Delay:        22.223ns  (logic 9.186ns (41.338%)  route 13.036ns (58.662%))
  Logic Levels:           14  (CARRY4=7 IBUF=1 LUT2=2 LUT3=1 LUT4=1 LUT6=1 OBUF=1)

    Location             Delay type                Incr(ns)  Path(ns)    Netlist Resource(s)
  -------------------------------------------------------------------    -------------------
    G13                                               0.000     0.000 r  i_data_i[0] (IN)
                         net (fo=0)                   0.000     0.000    i_data_i[0]
    G13                  IBUF (Prop_ibuf_I_O)         1.473     1.473 r  i_data_i_IBUF[0]_inst/O
                         net (fo=36, routed)          5.758     7.231    u_sin_calc/i_data_i_IBUF[0]
    SLICE_X52Y34         LUT2 (Prop_lut2_I0_O)        0.150     7.381 r  u_sin_calc/i_data0__0_carry__0_i_11/O
                         net (fo=1, routed)           0.690     8.071    u_sin_calc/i_data0__0_carry__0_i_11_n_0
    SLICE_X53Y34         LUT6 (Prop_lut6_I5_O)        0.328     8.399 r  u_sin_calc/i_data0__0_carry__0_i_7/O
                         net (fo=1, routed)           0.000     8.399    u_complex_mul/i_data0__84_carry_i_8_1[1]
    SLICE_X53Y34         CARRY4 (Prop_carry4_S[1]_CO[3])
                                                      0.550     8.949 r  u_complex_mul/i_data0__0_carry__0/CO[3]
                         net (fo=1, routed)           0.000     8.949    u_complex_mul/i_data0__0_carry__0_n_0
    SLICE_X53Y35         CARRY4 (Prop_carry4_CI_O[2])
                                                      0.239     9.188 r  u_complex_mul/i_data0__0_carry__1/O[2]
                         net (fo=2, routed)           0.941    10.129    u_complex_mul/i_data0__0_carry__1_n_5
    SLICE_X53Y37         LUT3 (Prop_lut3_I1_O)        0.331    10.460 r  u_complex_mul/i_data0__84_carry__0_i_1/O
                         net (fo=2, routed)           1.045    11.506    u_sin_calc/i_data0__84_carry__0[0]
    SLICE_X53Y37         LUT4 (Prop_lut4_I0_O)        0.327    11.833 r  u_sin_calc/i_data0__84_carry__0_i_5/O
                         net (fo=1, routed)           0.000    11.833    u_complex_mul/o_round0_carry[0]
    SLICE_X53Y37         CARRY4 (Prop_carry4_S[3]_CO[3])
                                                      0.401    12.234 r  u_complex_mul/i_data0__84_carry__0/CO[3]
                         net (fo=1, routed)           0.000    12.234    u_complex_mul/i_data0__84_carry__0_n_0
    SLICE_X53Y38         CARRY4 (Prop_carry4_CI_O[0])
                                                      0.222    12.456 r  u_complex_mul/i_data0__84_carry__1/O[0]
                         net (fo=1, routed)           0.449    12.905    u_complex_mul/u_round_i_mul_sin/o_data_q_carry__0_i_2[0]
    SLICE_X50Y36         CARRY4 (Prop_carry4_S[3]_CO[3])
                                                      0.675    13.580 r  u_complex_mul/u_round_i_mul_sin/o_round0_carry__0/CO[3]
                         net (fo=1, routed)           0.000    13.580    u_complex_mul/u_round_i_mul_sin/o_round0_carry__0_n_0
    SLICE_X50Y37         CARRY4 (Prop_carry4_CI_O[0])
                                                      0.219    13.799 r  u_complex_mul/u_round_i_mul_sin/o_round0_carry__1/O[0]
                         net (fo=1, routed)           0.812    14.610    u_cos_calc/u_sin_calc/s_quadrature_r_reg_0[0]
    SLICE_X48Y34         LUT2 (Prop_lut2_I1_O)        0.295    14.905 r  u_cos_calc/u_sin_calc/o_data_q_carry__0_i_2/O
                         net (fo=1, routed)           0.000    14.905    u_complex_mul/s_quadrature_r_reg[0]
    SLICE_X48Y34         CARRY4 (Prop_carry4_S[2]_O[2])
                                                      0.248    15.153 r  u_complex_mul/o_data_q_carry__0/O[2]
                         net (fo=7, routed)           3.341    18.495    o_corrected_q_OBUF[6]
    H2                   OBUF (Prop_obuf_I_O)         3.728    22.223 r  o_corrected_q_OBUF[6]_inst/O
                         net (fo=0)                   0.000    22.223    o_corrected_q[6]
    H2                                                                r  o_corrected_q[6] (OUT)
  -------------------------------------------------------------------    -------------------

Slack:                    inf
  Source:                 i_data_i[0]
                            (input port)
  Destination:            o_corrected_q[7]
                            (output port)
  Path Group:             (none)
  Path Type:              Max at Slow Process Corner
  Data Path Delay:        22.205ns  (logic 9.297ns (41.868%)  route 12.908ns (58.132%))
  Logic Levels:           14  (CARRY4=7 IBUF=1 LUT2=2 LUT3=1 LUT4=1 LUT6=1 OBUF=1)

    Location             Delay type                Incr(ns)  Path(ns)    Netlist Resource(s)
  -------------------------------------------------------------------    -------------------
    G13                                               0.000     0.000 r  i_data_i[0] (IN)
                         net (fo=0)                   0.000     0.000    i_data_i[0]
    G13                  IBUF (Prop_ibuf_I_O)         1.473     1.473 r  i_data_i_IBUF[0]_inst/O
                         net (fo=36, routed)          5.758     7.231    u_sin_calc/i_data_i_IBUF[0]
    SLICE_X52Y34         LUT2 (Prop_lut2_I0_O)        0.150     7.381 r  u_sin_calc/i_data0__0_carry__0_i_11/O
                         net (fo=1, routed)           0.690     8.071    u_sin_calc/i_data0__0_carry__0_i_11_n_0
    SLICE_X53Y34         LUT6 (Prop_lut6_I5_O)        0.328     8.399 r  u_sin_calc/i_data0__0_carry__0_i_7/O
                         net (fo=1, routed)           0.000     8.399    u_complex_mul/i_data0__84_carry_i_8_1[1]
    SLICE_X53Y34         CARRY4 (Prop_carry4_S[1]_CO[3])
                                                      0.550     8.949 r  u_complex_mul/i_data0__0_carry__0/CO[3]
                         net (fo=1, routed)           0.000     8.949    u_complex_mul/i_data0__0_carry__0_n_0
    SLICE_X53Y35         CARRY4 (Prop_carry4_CI_O[2])
                                                      0.239     9.188 r  u_complex_mul/i_data0__0_carry__1/O[2]
                         net (fo=2, routed)           0.941    10.129    u_complex_mul/i_data0__0_carry__1_n_5
    SLICE_X53Y37         LUT3 (Prop_lut3_I1_O)        0.331    10.460 r  u_complex_mul/i_data0__84_carry__0_i_1/O
                         net (fo=2, routed)           1.045    11.506    u_sin_calc/i_data0__84_carry__0[0]
    SLICE_X53Y37         LUT4 (Prop_lut4_I0_O)        0.327    11.833 r  u_sin_calc/i_data0__84_carry__0_i_5/O
                         net (fo=1, routed)           0.000    11.833    u_complex_mul/o_round0_carry[0]
    SLICE_X53Y37         CARRY4 (Prop_carry4_S[3]_CO[3])
                                                      0.401    12.234 r  u_complex_mul/i_data0__84_carry__0/CO[3]
                         net (fo=1, routed)           0.000    12.234    u_complex_mul/i_data0__84_carry__0_n_0
    SLICE_X53Y38         CARRY4 (Prop_carry4_CI_O[0])
                                                      0.222    12.456 r  u_complex_mul/i_data0__84_carry__1/O[0]
                         net (fo=1, routed)           0.449    12.905    u_complex_mul/u_round_i_mul_sin/o_data_q_carry__0_i_2[0]
    SLICE_X50Y36         CARRY4 (Prop_carry4_S[3]_CO[3])
                                                      0.675    13.580 r  u_complex_mul/u_round_i_mul_sin/o_round0_carry__0/CO[3]
                         net (fo=1, routed)           0.000    13.580    u_complex_mul/u_round_i_mul_sin/o_round0_carry__0_n_0
    SLICE_X50Y37         CARRY4 (Prop_carry4_CI_O[0])
                                                      0.219    13.799 r  u_complex_mul/u_round_i_mul_sin/o_round0_carry__1/O[0]
                         net (fo=1, routed)           0.812    14.610    u_cos_calc/u_sin_calc/s_quadrature_r_reg_0[0]
    SLICE_X48Y34         LUT2 (Prop_lut2_I1_O)        0.295    14.905 r  u_cos_calc/u_sin_calc/o_data_q_carry__0_i_2/O
                         net (fo=1, routed)           0.000    14.905    u_complex_mul/s_quadrature_r_reg[0]
    SLICE_X48Y34         CARRY4 (Prop_carry4_S[2]_O[3])
                                                      0.352    15.257 r  u_complex_mul/o_data_q_carry__0/O[3]
                         net (fo=11, routed)          3.213    18.471    o_corrected_q_OBUF[7]
    G2                   OBUF (Prop_obuf_I_O)         3.735    22.205 r  o_corrected_q_OBUF[7]_inst/O
                         net (fo=0)                   0.000    22.205    o_corrected_q[7]
    G2                                                                r  o_corrected_q[7] (OUT)
  -------------------------------------------------------------------    -------------------

Slack:                    inf
  Source:                 i_data_i[0]
                            (input port)
  Destination:            o_corrected_q[5]
                            (output port)
  Path Group:             (none)
  Path Type:              Max at Slow Process Corner
  Data Path Delay:        21.874ns  (logic 9.236ns (42.223%)  route 12.638ns (57.777%))
  Logic Levels:           14  (CARRY4=7 IBUF=1 LUT2=2 LUT4=2 LUT6=1 OBUF=1)

    Location             Delay type                Incr(ns)  Path(ns)    Netlist Resource(s)
  -------------------------------------------------------------------    -------------------
    G13                                               0.000     0.000 r  i_data_i[0] (IN)
                         net (fo=0)                   0.000     0.000    i_data_i[0]
    G13                  IBUF (Prop_ibuf_I_O)         1.473     1.473 r  i_data_i_IBUF[0]_inst/O
                         net (fo=36, routed)          5.758     7.231    u_sin_calc/i_data_i_IBUF[0]
    SLICE_X52Y34         LUT2 (Prop_lut2_I0_O)        0.150     7.381 r  u_sin_calc/i_data0__0_carry__0_i_11/O
                         net (fo=1, routed)           0.690     8.071    u_sin_calc/i_data0__0_carry__0_i_11_n_0
    SLICE_X53Y34         LUT6 (Prop_lut6_I5_O)        0.328     8.399 r  u_sin_calc/i_data0__0_carry__0_i_7/O
                         net (fo=1, routed)           0.000     8.399    u_complex_mul/i_data0__84_carry_i_8_1[1]
    SLICE_X53Y34         CARRY4 (Prop_carry4_S[1]_O[2])
                                                      0.580     8.979 r  u_complex_mul/i_data0__0_carry__0/O[2]
                         net (fo=2, routed)           0.732     9.711    u_complex_mul/i_data0__0_carry__0_n_5
    SLICE_X51Y35         LUT4 (Prop_lut4_I1_O)        0.302    10.013 r  u_complex_mul/i_data0__84_carry_i_1/O
                         net (fo=2, routed)           0.820    10.833    u_complex_mul/i_data0__84_carry_i_1_n_0
    SLICE_X53Y36         LUT4 (Prop_lut4_I3_O)        0.124    10.957 r  u_complex_mul/i_data0__84_carry_i_5/O
                         net (fo=1, routed)           0.000    10.957    u_complex_mul/i_data0__84_carry_i_5_n_0
    SLICE_X53Y36         CARRY4 (Prop_carry4_S[3]_CO[3])
                                                      0.401    11.358 r  u_complex_mul/i_data0__84_carry/CO[3]
                         net (fo=1, routed)           0.000    11.358    u_complex_mul/i_data0__84_carry_n_0
    SLICE_X53Y37         CARRY4 (Prop_carry4_CI_O[0])
                                                      0.223    11.581 r  u_complex_mul/i_data0__84_carry__0/O[0]
                         net (fo=1, routed)           0.455    12.036    u_complex_mul/u_round_i_mul_sin/o_data_q_carry_i_2[0]
    SLICE_X50Y35         CARRY4 (Prop_carry4_S[3]_CO[3])
                                                      0.675    12.711 r  u_complex_mul/u_round_i_mul_sin/o_round0_carry/CO[3]
                         net (fo=1, routed)           0.000    12.711    u_complex_mul/u_round_i_mul_sin/o_round0_carry_n_0
    SLICE_X50Y36         CARRY4 (Prop_carry4_CI_O[0])
                                                      0.219    12.930 r  u_complex_mul/u_round_i_mul_sin/o_round0_carry__0/O[0]
                         net (fo=1, routed)           0.812    13.742    u_complex_mul/u_round_q_mul_cos/s_quadrature_r_reg[0]
    SLICE_X48Y33         LUT2 (Prop_lut2_I1_O)        0.295    14.037 r  u_complex_mul/u_round_q_mul_cos/o_data_q_carry_i_2/O
                         net (fo=1, routed)           0.000    14.037    u_complex_mul/u_round_q_mul_cos_n_20
    SLICE_X48Y33         CARRY4 (Prop_carry4_S[2]_CO[3])
                                                      0.398    14.435 r  u_complex_mul/o_data_q_carry/CO[3]
                         net (fo=1, routed)           0.000    14.435    u_complex_mul/o_data_q_carry_n_0
    SLICE_X48Y34         CARRY4 (Prop_carry4_CI_O[1])
                                                      0.334    14.769 r  u_complex_mul/o_data_q_carry__0/O[1]
                         net (fo=4, routed)           3.371    18.140    o_corrected_q_OBUF[5]
    D2                   OBUF (Prop_obuf_I_O)         3.734    21.874 r  o_corrected_q_OBUF[5]_inst/O
                         net (fo=0)                   0.000    21.874    o_corrected_q[5]
    D2                                                                r  o_corrected_q[5] (OUT)
  -------------------------------------------------------------------    -------------------

Slack:                    inf
  Source:                 i_data_i[0]
                            (input port)
  Destination:            o_corrected_q[3]
                            (output port)
  Path Group:             (none)
  Path Type:              Max at Slow Process Corner
  Data Path Delay:        21.778ns  (logic 8.844ns (40.612%)  route 12.933ns (59.388%))
  Logic Levels:           13  (CARRY4=6 IBUF=1 LUT2=2 LUT4=2 LUT6=1 OBUF=1)

    Location             Delay type                Incr(ns)  Path(ns)    Netlist Resource(s)
  -------------------------------------------------------------------    -------------------
    G13                                               0.000     0.000 r  i_data_i[0] (IN)
                         net (fo=0)                   0.000     0.000    i_data_i[0]
    G13                  IBUF (Prop_ibuf_I_O)         1.473     1.473 r  i_data_i_IBUF[0]_inst/O
                         net (fo=36, routed)          5.758     7.231    u_sin_calc/i_data_i_IBUF[0]
    SLICE_X52Y34         LUT2 (Prop_lut2_I0_O)        0.150     7.381 r  u_sin_calc/i_data0__0_carry__0_i_11/O
                         net (fo=1, routed)           0.690     8.071    u_sin_calc/i_data0__0_carry__0_i_11_n_0
    SLICE_X53Y34         LUT6 (Prop_lut6_I5_O)        0.328     8.399 r  u_sin_calc/i_data0__0_carry__0_i_7/O
                         net (fo=1, routed)           0.000     8.399    u_complex_mul/i_data0__84_carry_i_8_1[1]
    SLICE_X53Y34         CARRY4 (Prop_carry4_S[1]_O[2])
                                                      0.580     8.979 r  u_complex_mul/i_data0__0_carry__0/O[2]
                         net (fo=2, routed)           0.732     9.711    u_complex_mul/i_data0__0_carry__0_n_5
    SLICE_X51Y35         LUT4 (Prop_lut4_I1_O)        0.302    10.013 r  u_complex_mul/i_data0__84_carry_i_1/O
                         net (fo=2, routed)           0.820    10.833    u_complex_mul/i_data0__84_carry_i_1_n_0
    SLICE_X53Y36         LUT4 (Prop_lut4_I3_O)        0.124    10.957 r  u_complex_mul/i_data0__84_carry_i_5/O
                         net (fo=1, routed)           0.000    10.957    u_complex_mul/i_data0__84_carry_i_5_n_0
    SLICE_X53Y36         CARRY4 (Prop_carry4_S[3]_CO[3])
                                                      0.401    11.358 r  u_complex_mul/i_data0__84_carry/CO[3]
                         net (fo=1, routed)           0.000    11.358    u_complex_mul/i_data0__84_carry_n_0
    SLICE_X53Y37         CARRY4 (Prop_carry4_CI_O[0])
                                                      0.223    11.581 r  u_complex_mul/i_data0__84_carry__0/O[0]
                         net (fo=1, routed)           0.455    12.036    u_complex_mul/u_round_i_mul_sin/o_data_q_carry_i_2[0]
    SLICE_X50Y35         CARRY4 (Prop_carry4_S[3]_CO[3])
                                                      0.675    12.711 r  u_complex_mul/u_round_i_mul_sin/o_round0_carry/CO[3]
                         net (fo=1, routed)           0.000    12.711    u_complex_mul/u_round_i_mul_sin/o_round0_carry_n_0
    SLICE_X50Y36         CARRY4 (Prop_carry4_CI_O[0])
                                                      0.219    12.930 r  u_complex_mul/u_round_i_mul_sin/o_round0_carry__0/O[0]
                         net (fo=1, routed)           0.812    13.742    u_complex_mul/u_round_q_mul_cos/s_quadrature_r_reg[0]
    SLICE_X48Y33         LUT2 (Prop_lut2_I1_O)        0.295    14.037 r  u_complex_mul/u_round_q_mul_cos/o_data_q_carry_i_2/O
                         net (fo=1, routed)           0.000    14.037    u_complex_mul/u_round_q_mul_cos_n_20
    SLICE_X48Y33         CARRY4 (Prop_carry4_S[2]_O[3])
                                                      0.352    14.389 r  u_complex_mul/o_data_q_carry/O[3]
                         net (fo=5, routed)           3.666    18.056    o_corrected_q_OBUF[3]
    F3                   OBUF (Prop_obuf_I_O)         3.722    21.778 r  o_corrected_q_OBUF[3]_inst/O
                         net (fo=0)                   0.000    21.778    o_corrected_q[3]
    F3                                                                r  o_corrected_q[3] (OUT)
  -------------------------------------------------------------------    -------------------

Slack:                    inf
  Source:                 i_data_i[0]
                            (input port)
  Destination:            o_corrected_q[4]
                            (output port)
  Path Group:             (none)
  Path Type:              Max at Slow Process Corner
  Data Path Delay:        21.761ns  (logic 9.121ns (41.914%)  route 12.640ns (58.086%))
  Logic Levels:           14  (CARRY4=7 IBUF=1 LUT2=2 LUT4=2 LUT6=1 OBUF=1)

    Location             Delay type                Incr(ns)  Path(ns)    Netlist Resource(s)
  -------------------------------------------------------------------    -------------------
    G13                                               0.000     0.000 r  i_data_i[0] (IN)
                         net (fo=0)                   0.000     0.000    i_data_i[0]
    G13                  IBUF (Prop_ibuf_I_O)         1.473     1.473 r  i_data_i_IBUF[0]_inst/O
                         net (fo=36, routed)          5.758     7.231    u_sin_calc/i_data_i_IBUF[0]
    SLICE_X52Y34         LUT2 (Prop_lut2_I0_O)        0.150     7.381 r  u_sin_calc/i_data0__0_carry__0_i_11/O
                         net (fo=1, routed)           0.690     8.071    u_sin_calc/i_data0__0_carry__0_i_11_n_0
    SLICE_X53Y34         LUT6 (Prop_lut6_I5_O)        0.328     8.399 r  u_sin_calc/i_data0__0_carry__0_i_7/O
                         net (fo=1, routed)           0.000     8.399    u_complex_mul/i_data0__84_carry_i_8_1[1]
    SLICE_X53Y34         CARRY4 (Prop_carry4_S[1]_O[2])
                                                      0.580     8.979 r  u_complex_mul/i_data0__0_carry__0/O[2]
                         net (fo=2, routed)           0.732     9.711    u_complex_mul/i_data0__0_carry__0_n_5
    SLICE_X51Y35         LUT4 (Prop_lut4_I1_O)        0.302    10.013 r  u_complex_mul/i_data0__84_carry_i_1/O
                         net (fo=2, routed)           0.820    10.833    u_complex_mul/i_data0__84_carry_i_1_n_0
    SLICE_X53Y36         LUT4 (Prop_lut4_I3_O)        0.124    10.957 r  u_complex_mul/i_data0__84_carry_i_5/O
                         net (fo=1, routed)           0.000    10.957    u_complex_mul/i_data0__84_carry_i_5_n_0
    SLICE_X53Y36         CARRY4 (Prop_carry4_S[3]_CO[3])
                                                      0.401    11.358 r  u_complex_mul/i_data0__84_carry/CO[3]
                         net (fo=1, routed)           0.000    11.358    u_complex_mul/i_data0__84_carry_n_0
    SLICE_X53Y37         CARRY4 (Prop_carry4_CI_O[0])
                                                      0.223    11.581 r  u_complex_mul/i_data0__84_carry__0/O[0]
                         net (fo=1, routed)           0.455    12.036    u_complex_mul/u_round_i_mul_sin/o_data_q_carry_i_2[0]
    SLICE_X50Y35         CARRY4 (Prop_carry4_S[3]_CO[3])
                                                      0.675    12.711 r  u_complex_mul/u_round_i_mul_sin/o_round0_carry/CO[3]
                         net (fo=1, routed)           0.000    12.711    u_complex_mul/u_round_i_mul_sin/o_round0_carry_n_0
    SLICE_X50Y36         CARRY4 (Prop_carry4_CI_O[0])
                                                      0.219    12.930 r  u_complex_mul/u_round_i_mul_sin/o_round0_carry__0/O[0]
                         net (fo=1, routed)           0.812    13.742    u_complex_mul/u_round_q_mul_cos/s_quadrature_r_reg[0]
    SLICE_X48Y33         LUT2 (Prop_lut2_I1_O)        0.295    14.037 r  u_complex_mul/u_round_q_mul_cos/o_data_q_carry_i_2/O
                         net (fo=1, routed)           0.000    14.037    u_complex_mul/u_round_q_mul_cos_n_20
    SLICE_X48Y33         CARRY4 (Prop_carry4_S[2]_CO[3])
                                                      0.398    14.435 r  u_complex_mul/o_data_q_carry/CO[3]
                         net (fo=1, routed)           0.000    14.435    u_complex_mul/o_data_q_carry_n_0
    SLICE_X48Y34         CARRY4 (Prop_carry4_CI_O[0])
                                                      0.222    14.657 r  u_complex_mul/o_data_q_carry__0/O[0]
                         net (fo=4, routed)           3.373    18.031    o_corrected_q_OBUF[4]
    E2                   OBUF (Prop_obuf_I_O)         3.731    21.761 r  o_corrected_q_OBUF[4]_inst/O
                         net (fo=0)                   0.000    21.761    o_corrected_q[4]
    E2                                                                r  o_corrected_q[4] (OUT)
  -------------------------------------------------------------------    -------------------

Slack:                    inf
  Source:                 i_data_i[2]
                            (input port)
  Destination:            o_corrected_i[7]
                            (output port)
  Path Group:             (none)
  Path Type:              Max at Slow Process Corner
  Data Path Delay:        21.651ns  (logic 9.034ns (41.725%)  route 12.617ns (58.275%))
  Logic Levels:           13  (CARRY4=6 IBUF=1 LUT2=1 LUT4=2 LUT6=2 OBUF=1)

    Location             Delay type                Incr(ns)  Path(ns)    Netlist Resource(s)
  -------------------------------------------------------------------    -------------------
    A11                                               0.000     0.000 r  i_data_i[2] (IN)
                         net (fo=0)                   0.000     0.000    i_data_i[2]
    A11                  IBUF (Prop_ibuf_I_O)         1.509     1.509 r  i_data_i_IBUF[2]_inst/O
                         net (fo=36, routed)          4.826     6.335    u_cos_calc/u_sin_calc/i_data_i_IBUF[2]
    SLICE_X38Y31         LUT6 (Prop_lut6_I1_O)        0.124     6.459 r  u_cos_calc/u_sin_calc/i___0_carry__0_i_4__1/O
                         net (fo=2, routed)           0.642     7.101    u_cos_calc/u_sin_calc/i_data_i[2][0]
    SLICE_X39Y32         LUT6 (Prop_lut6_I0_O)        0.124     7.225 r  u_cos_calc/u_sin_calc/i___0_carry__0_i_8__1/O
                         net (fo=1, routed)           0.000     7.225    u_complex_mul/i___84_carry_i_8__1_3[0]
    SLICE_X39Y32         CARRY4 (Prop_carry4_S[0]_O[2])
                                                      0.547     7.772 r  u_complex_mul/i_data0_inferred__2/i___0_carry__0/O[2]
                         net (fo=2, routed)           0.691     8.463    u_complex_mul/i_data0_inferred__2/i___0_carry__0_n_5
    SLICE_X42Y32         LUT4 (Prop_lut4_I1_O)        0.302     8.765 r  u_complex_mul/i___84_carry_i_1__1/O
                         net (fo=2, routed)           0.970     9.735    u_complex_mul/i___84_carry_i_1__1_n_0
    SLICE_X41Y32         LUT4 (Prop_lut4_I3_O)        0.124     9.859 r  u_complex_mul/i___84_carry_i_5__1/O
                         net (fo=1, routed)           0.000     9.859    u_complex_mul/i___84_carry_i_5__1_n_0
    SLICE_X41Y32         CARRY4 (Prop_carry4_S[3]_CO[3])
                                                      0.401    10.260 r  u_complex_mul/i_data0_inferred__2/i___84_carry/CO[3]
                         net (fo=1, routed)           0.000    10.260    u_complex_mul/i_data0_inferred__2/i___84_carry_n_0
    SLICE_X41Y33         CARRY4 (Prop_carry4_CI_O[0])
                                                      0.223    10.483 r  u_complex_mul/i_data0_inferred__2/i___84_carry__0/O[0]
                         net (fo=1, routed)           0.588    11.070    u_complex_mul/u_round_i_mul_cos/s_in_phase_r_reg[0]
    SLICE_X40Y33         CARRY4 (Prop_carry4_S[3]_CO[3])
                                                      0.700    11.770 r  u_complex_mul/u_round_i_mul_cos/o_round0_carry/CO[3]
                         net (fo=1, routed)           0.000    11.770    u_complex_mul/u_round_i_mul_cos/o_round0_carry_n_0
    SLICE_X40Y34         CARRY4 (Prop_carry4_CI_O[3])
                                                      0.313    12.083 r  u_complex_mul/u_round_i_mul_cos/o_round0_carry__0/O[3]
                         net (fo=2, routed)           1.006    13.089    u_complex_mul/u_round_i_mul_cos/mul_out_i_rnd_cos[5]
    SLICE_X46Y31         LUT2 (Prop_lut2_I0_O)        0.306    13.395 r  u_complex_mul/u_round_i_mul_cos/o_data_i_carry__0_i_3/O
                         net (fo=1, routed)           0.000    13.395    u_complex_mul/u_round_i_mul_cos_n_21
    SLICE_X46Y31         CARRY4 (Prop_carry4_S[1]_O[3])
                                                      0.643    14.038 r  u_complex_mul/o_data_i_carry__0/O[3]
                         net (fo=11, routed)          3.896    17.934    o_corrected_i_OBUF[7]
    U13                  OBUF (Prop_obuf_I_O)         3.718    21.651 r  o_corrected_i_OBUF[7]_inst/O
                         net (fo=0)                   0.000    21.651    o_corrected_i[7]
    U13                                                               r  o_corrected_i[7] (OUT)
  -------------------------------------------------------------------    -------------------

Slack:                    inf
  Source:                 i_data_i[0]
                            (input port)
  Destination:            o_corrected_q[2]
                            (output port)
  Path Group:             (none)
  Path Type:              Max at Slow Process Corner
  Data Path Delay:        21.593ns  (logic 8.731ns (40.435%)  route 12.862ns (59.565%))
  Logic Levels:           13  (CARRY4=6 IBUF=1 LUT2=2 LUT4=2 LUT6=1 OBUF=1)

    Location             Delay type                Incr(ns)  Path(ns)    Netlist Resource(s)
  -------------------------------------------------------------------    -------------------
    G13                                               0.000     0.000 r  i_data_i[0] (IN)
                         net (fo=0)                   0.000     0.000    i_data_i[0]
    G13                  IBUF (Prop_ibuf_I_O)         1.473     1.473 r  i_data_i_IBUF[0]_inst/O
                         net (fo=36, routed)          5.758     7.231    u_sin_calc/i_data_i_IBUF[0]
    SLICE_X52Y34         LUT2 (Prop_lut2_I0_O)        0.150     7.381 r  u_sin_calc/i_data0__0_carry__0_i_11/O
                         net (fo=1, routed)           0.690     8.071    u_sin_calc/i_data0__0_carry__0_i_11_n_0
    SLICE_X53Y34         LUT6 (Prop_lut6_I5_O)        0.328     8.399 r  u_sin_calc/i_data0__0_carry__0_i_7/O
                         net (fo=1, routed)           0.000     8.399    u_complex_mul/i_data0__84_carry_i_8_1[1]
    SLICE_X53Y34         CARRY4 (Prop_carry4_S[1]_O[2])
                                                      0.580     8.979 r  u_complex_mul/i_data0__0_carry__0/O[2]
                         net (fo=2, routed)           0.732     9.711    u_complex_mul/i_data0__0_carry__0_n_5
    SLICE_X51Y35         LUT4 (Prop_lut4_I1_O)        0.302    10.013 r  u_complex_mul/i_data0__84_carry_i_1/O
                         net (fo=2, routed)           0.820    10.833    u_complex_mul/i_data0__84_carry_i_1_n_0
    SLICE_X53Y36         LUT4 (Prop_lut4_I3_O)        0.124    10.957 r  u_complex_mul/i_data0__84_carry_i_5/O
                         net (fo=1, routed)           0.000    10.957    u_complex_mul/i_data0__84_carry_i_5_n_0
    SLICE_X53Y36         CARRY4 (Prop_carry4_S[3]_CO[3])
                                                      0.401    11.358 r  u_complex_mul/i_data0__84_carry/CO[3]
                         net (fo=1, routed)           0.000    11.358    u_complex_mul/i_data0__84_carry_n_0
    SLICE_X53Y37         CARRY4 (Prop_carry4_CI_O[0])
                                                      0.223    11.581 r  u_complex_mul/i_data0__84_carry__0/O[0]
                         net (fo=1, routed)           0.455    12.036    u_complex_mul/u_round_i_mul_sin/o_data_q_carry_i_2[0]
    SLICE_X50Y35         CARRY4 (Prop_carry4_S[3]_CO[3])
                                                      0.675    12.711 r  u_complex_mul/u_round_i_mul_sin/o_round0_carry/CO[3]
                         net (fo=1, routed)           0.000    12.711    u_complex_mul/u_round_i_mul_sin/o_round0_carry_n_0
    SLICE_X50Y36         CARRY4 (Prop_carry4_CI_O[0])
                                                      0.219    12.930 r  u_complex_mul/u_round_i_mul_sin/o_round0_carry__0/O[0]
                         net (fo=1, routed)           0.812    13.742    u_complex_mul/u_round_q_mul_cos/s_quadrature_r_reg[0]
    SLICE_X48Y33         LUT2 (Prop_lut2_I1_O)        0.295    14.037 r  u_complex_mul/u_round_q_mul_cos/o_data_q_carry_i_2/O
                         net (fo=1, routed)           0.000    14.037    u_complex_mul/u_round_q_mul_cos_n_20
    SLICE_X48Y33         CARRY4 (Prop_carry4_S[2]_O[2])
                                                      0.248    14.285 r  u_complex_mul/o_data_q_carry/O[2]
                         net (fo=6, routed)           3.595    17.880    o_corrected_q_OBUF[2]
    F4                   OBUF (Prop_obuf_I_O)         3.713    21.593 r  o_corrected_q_OBUF[2]_inst/O
                         net (fo=0)                   0.000    21.593    o_corrected_q[2]
    F4                                                                r  o_corrected_q[2] (OUT)
  -------------------------------------------------------------------    -------------------

Slack:                    inf
  Source:                 i_data_i[2]
                            (input port)
  Destination:            o_corrected_i[4]
                            (output port)
  Path Group:             (none)
  Path Type:              Max at Slow Process Corner
  Data Path Delay:        21.383ns  (logic 8.992ns (42.053%)  route 12.391ns (57.947%))
  Logic Levels:           14  (CARRY4=7 IBUF=1 LUT2=1 LUT4=2 LUT6=2 OBUF=1)

    Location             Delay type                Incr(ns)  Path(ns)    Netlist Resource(s)
  -------------------------------------------------------------------    -------------------
    A11                                               0.000     0.000 r  i_data_i[2] (IN)
                         net (fo=0)                   0.000     0.000    i_data_i[2]
    A11                  IBUF (Prop_ibuf_I_O)         1.509     1.509 r  i_data_i_IBUF[2]_inst/O
                         net (fo=36, routed)          4.826     6.335    u_cos_calc/u_sin_calc/i_data_i_IBUF[2]
    SLICE_X38Y31         LUT6 (Prop_lut6_I1_O)        0.124     6.459 r  u_cos_calc/u_sin_calc/i___0_carry__0_i_4__1/O
                         net (fo=2, routed)           0.642     7.101    u_cos_calc/u_sin_calc/i_data_i[2][0]
    SLICE_X39Y32         LUT6 (Prop_lut6_I0_O)        0.124     7.225 r  u_cos_calc/u_sin_calc/i___0_carry__0_i_8__1/O
                         net (fo=1, routed)           0.000     7.225    u_complex_mul/i___84_carry_i_8__1_3[0]
    SLICE_X39Y32         CARRY4 (Prop_carry4_S[0]_O[2])
                                                      0.547     7.772 r  u_complex_mul/i_data0_inferred__2/i___0_carry__0/O[2]
                         net (fo=2, routed)           0.691     8.463    u_complex_mul/i_data0_inferred__2/i___0_carry__0_n_5
    SLICE_X42Y32         LUT4 (Prop_lut4_I1_O)        0.302     8.765 r  u_complex_mul/i___84_carry_i_1__1/O
                         net (fo=2, routed)           0.970     9.735    u_complex_mul/i___84_carry_i_1__1_n_0
    SLICE_X41Y32         LUT4 (Prop_lut4_I3_O)        0.124     9.859 r  u_complex_mul/i___84_carry_i_5__1/O
                         net (fo=1, routed)           0.000     9.859    u_complex_mul/i___84_carry_i_5__1_n_0
    SLICE_X41Y32         CARRY4 (Prop_carry4_S[3]_CO[3])
                                                      0.401    10.260 r  u_complex_mul/i_data0_inferred__2/i___84_carry/CO[3]
                         net (fo=1, routed)           0.000    10.260    u_complex_mul/i_data0_inferred__2/i___84_carry_n_0
    SLICE_X41Y33         CARRY4 (Prop_carry4_CI_O[0])
                                                      0.223    10.483 r  u_complex_mul/i_data0_inferred__2/i___84_carry__0/O[0]
                         net (fo=1, routed)           0.588    11.070    u_complex_mul/u_round_i_mul_cos/s_in_phase_r_reg[0]
    SLICE_X40Y33         CARRY4 (Prop_carry4_S[3]_CO[3])
                                                      0.700    11.770 r  u_complex_mul/u_round_i_mul_cos/o_round0_carry/CO[3]
                         net (fo=1, routed)           0.000    11.770    u_complex_mul/u_round_i_mul_cos/o_round0_carry_n_0
    SLICE_X40Y34         CARRY4 (Prop_carry4_CI_O[1])
                                                      0.334    12.104 r  u_complex_mul/u_round_i_mul_cos/o_round0_carry__0/O[1]
                         net (fo=2, routed)           0.816    12.921    u_complex_mul/u_round_i_mul_cos/mul_out_i_rnd_cos[3]
    SLICE_X46Y30         LUT2 (Prop_lut2_I0_O)        0.303    13.224 r  u_complex_mul/u_round_i_mul_cos/o_data_i_carry_i_1/O
                         net (fo=1, routed)           0.000    13.224    u_complex_mul/u_round_i_mul_cos_n_17
    SLICE_X46Y30         CARRY4 (Prop_carry4_S[3]_CO[3])
                                                      0.376    13.600 r  u_complex_mul/o_data_i_carry/CO[3]
                         net (fo=1, routed)           0.000    13.600    u_complex_mul/o_data_i_carry_n_0
    SLICE_X46Y31         CARRY4 (Prop_carry4_CI_O[0])
                                                      0.219    13.819 r  u_complex_mul/o_data_i_carry__0/O[0]
                         net (fo=4, routed)           3.858    17.677    o_corrected_i_OBUF[4]
    U14                  OBUF (Prop_obuf_I_O)         3.706    21.383 r  o_corrected_i_OBUF[4]_inst/O
                         net (fo=0)                   0.000    21.383    o_corrected_i[4]
    U14                                                               r  o_corrected_i[4] (OUT)
  -------------------------------------------------------------------    -------------------

Slack:                    inf
  Source:                 i_data_i[2]
                            (input port)
  Destination:            o_corrected_i[3]
                            (output port)
  Path Group:             (none)
  Path Type:              Max at Slow Process Corner
  Data Path Delay:        21.380ns  (logic 8.581ns (40.136%)  route 12.799ns (59.864%))
  Logic Levels:           12  (CARRY4=5 IBUF=1 LUT2=1 LUT4=2 LUT6=2 OBUF=1)

    Location             Delay type                Incr(ns)  Path(ns)    Netlist Resource(s)
  -------------------------------------------------------------------    -------------------
    A11                                               0.000     0.000 r  i_data_i[2] (IN)
                         net (fo=0)                   0.000     0.000    i_data_i[2]
    A11                  IBUF (Prop_ibuf_I_O)         1.509     1.509 r  i_data_i_IBUF[2]_inst/O
                         net (fo=36, routed)          4.826     6.335    u_cos_calc/u_sin_calc/i_data_i_IBUF[2]
    SLICE_X38Y31         LUT6 (Prop_lut6_I1_O)        0.124     6.459 r  u_cos_calc/u_sin_calc/i___0_carry__0_i_4__1/O
                         net (fo=2, routed)           0.642     7.101    u_cos_calc/u_sin_calc/i_data_i[2][0]
    SLICE_X39Y32         LUT6 (Prop_lut6_I0_O)        0.124     7.225 r  u_cos_calc/u_sin_calc/i___0_carry__0_i_8__1/O
                         net (fo=1, routed)           0.000     7.225    u_complex_mul/i___84_carry_i_8__1_3[0]
    SLICE_X39Y32         CARRY4 (Prop_carry4_S[0]_O[2])
                                                      0.547     7.772 r  u_complex_mul/i_data0_inferred__2/i___0_carry__0/O[2]
                         net (fo=2, routed)           0.691     8.463    u_complex_mul/i_data0_inferred__2/i___0_carry__0_n_5
    SLICE_X42Y32         LUT4 (Prop_lut4_I1_O)        0.302     8.765 r  u_complex_mul/i___84_carry_i_1__1/O
                         net (fo=2, routed)           0.970     9.735    u_complex_mul/i___84_carry_i_1__1_n_0
    SLICE_X41Y32         LUT4 (Prop_lut4_I3_O)        0.124     9.859 r  u_complex_mul/i___84_carry_i_5__1/O
                         net (fo=1, routed)           0.000     9.859    u_complex_mul/i___84_carry_i_5__1_n_0
    SLICE_X41Y32         CARRY4 (Prop_carry4_S[3]_CO[3])
                                                      0.401    10.260 r  u_complex_mul/i_data0_inferred__2/i___84_carry/CO[3]
                         net (fo=1, routed)           0.000    10.260    u_complex_mul/i_data0_inferred__2/i___84_carry_n_0
    SLICE_X41Y33         CARRY4 (Prop_carry4_CI_O[0])
                                                      0.223    10.483 r  u_complex_mul/i_data0_inferred__2/i___84_carry__0/O[0]
                         net (fo=1, routed)           0.588    11.070    u_complex_mul/u_round_i_mul_cos/s_in_phase_r_reg[0]
    SLICE_X40Y33         CARRY4 (Prop_carry4_S[3]_O[3])
                                                      0.547    11.617 r  u_complex_mul/u_round_i_mul_cos/o_round0_carry/O[3]
                         net (fo=2, routed)           1.006    12.623    u_complex_mul/u_round_i_mul_cos/mul_out_i_rnd_cos[1]
    SLICE_X46Y30         LUT2 (Prop_lut2_I0_O)        0.306    12.929 r  u_complex_mul/u_round_i_mul_cos/o_data_i_carry_i_3/O
                         net (fo=1, routed)           0.000    12.929    u_complex_mul/u_round_i_mul_cos_n_19
    SLICE_X46Y30         CARRY4 (Prop_carry4_S[1]_O[3])
                                                      0.643    13.572 r  u_complex_mul/o_data_i_carry/O[3]
                         net (fo=5, routed)           4.077    17.649    o_corrected_i_OBUF[3]
    V11                  OBUF (Prop_obuf_I_O)         3.731    21.380 r  o_corrected_i_OBUF[3]_inst/O
                         net (fo=0)                   0.000    21.380    o_corrected_i[3]
    V11                                                               r  o_corrected_i[3] (OUT)
  -------------------------------------------------------------------    -------------------

Slack:                    inf
  Source:                 i_data_i[2]
                            (input port)
  Destination:            o_corrected_i[6]
                            (output port)
  Path Group:             (none)
  Path Type:              Max at Slow Process Corner
  Data Path Delay:        21.330ns  (logic 8.964ns (42.026%)  route 12.366ns (57.974%))
  Logic Levels:           13  (CARRY4=6 IBUF=1 LUT2=1 LUT4=2 LUT6=2 OBUF=1)

    Location             Delay type                Incr(ns)  Path(ns)    Netlist Resource(s)
  -------------------------------------------------------------------    -------------------
    A11                                               0.000     0.000 r  i_data_i[2] (IN)
                         net (fo=0)                   0.000     0.000    i_data_i[2]
    A11                  IBUF (Prop_ibuf_I_O)         1.509     1.509 r  i_data_i_IBUF[2]_inst/O
                         net (fo=36, routed)          4.826     6.335    u_cos_calc/u_sin_calc/i_data_i_IBUF[2]
    SLICE_X38Y31         LUT6 (Prop_lut6_I1_O)        0.124     6.459 r  u_cos_calc/u_sin_calc/i___0_carry__0_i_4__1/O
                         net (fo=2, routed)           0.642     7.101    u_cos_calc/u_sin_calc/i_data_i[2][0]
    SLICE_X39Y32         LUT6 (Prop_lut6_I0_O)        0.124     7.225 r  u_cos_calc/u_sin_calc/i___0_carry__0_i_8__1/O
                         net (fo=1, routed)           0.000     7.225    u_complex_mul/i___84_carry_i_8__1_3[0]
    SLICE_X39Y32         CARRY4 (Prop_carry4_S[0]_O[2])
                                                      0.547     7.772 r  u_complex_mul/i_data0_inferred__2/i___0_carry__0/O[2]
                         net (fo=2, routed)           0.691     8.463    u_complex_mul/i_data0_inferred__2/i___0_carry__0_n_5
    SLICE_X42Y32         LUT4 (Prop_lut4_I1_O)        0.302     8.765 r  u_complex_mul/i___84_carry_i_1__1/O
                         net (fo=2, routed)           0.970     9.735    u_complex_mul/i___84_carry_i_1__1_n_0
    SLICE_X41Y32         LUT4 (Prop_lut4_I3_O)        0.124     9.859 r  u_complex_mul/i___84_carry_i_5__1/O
                         net (fo=1, routed)           0.000     9.859    u_complex_mul/i___84_carry_i_5__1_n_0
    SLICE_X41Y32         CARRY4 (Prop_carry4_S[3]_CO[3])
                                                      0.401    10.260 r  u_complex_mul/i_data0_inferred__2/i___84_carry/CO[3]
                         net (fo=1, routed)           0.000    10.260    u_complex_mul/i_data0_inferred__2/i___84_carry_n_0
    SLICE_X41Y33         CARRY4 (Prop_carry4_CI_O[0])
                                                      0.223    10.483 r  u_complex_mul/i_data0_inferred__2/i___84_carry__0/O[0]
                         net (fo=1, routed)           0.588    11.070    u_complex_mul/u_round_i_mul_cos/s_in_phase_r_reg[0]
    SLICE_X40Y33         CARRY4 (Prop_carry4_S[3]_CO[3])
                                                      0.700    11.770 r  u_complex_mul/u_round_i_mul_cos/o_round0_carry/CO[3]
                         net (fo=1, routed)           0.000    11.770    u_complex_mul/u_round_i_mul_cos/o_round0_carry_n_0
    SLICE_X40Y34         CARRY4 (Prop_carry4_CI_O[3])
                                                      0.313    12.083 r  u_complex_mul/u_round_i_mul_cos/o_round0_carry__0/O[3]
                         net (fo=2, routed)           1.006    13.089    u_complex_mul/u_round_i_mul_cos/mul_out_i_rnd_cos[5]
    SLICE_X46Y31         LUT2 (Prop_lut2_I0_O)        0.306    13.395 r  u_complex_mul/u_round_i_mul_cos/o_data_i_carry__0_i_3/O
                         net (fo=1, routed)           0.000    13.395    u_complex_mul/u_round_i_mul_cos_n_21
    SLICE_X46Y31         CARRY4 (Prop_carry4_S[1]_O[2])
                                                      0.578    13.973 r  u_complex_mul/o_data_i_carry__0/O[2]
                         net (fo=7, routed)           3.644    17.617    o_corrected_i_OBUF[6]
    T13                  OBUF (Prop_obuf_I_O)         3.713    21.330 r  o_corrected_i_OBUF[6]_inst/O
                         net (fo=0)                   0.000    21.330    o_corrected_i[6]
    T13                                                               r  o_corrected_i[6] (OUT)
  -------------------------------------------------------------------    -------------------





Min Delay Paths
--------------------------------------------------------------------------------------
Slack:                    inf
  Source:                 i_data_q[6]
                            (input port)
  Destination:            o_corrected_i[1]
                            (output port)
  Path Group:             (none)
  Path Type:              Min at Fast Process Corner
  Data Path Delay:        4.906ns  (logic 2.113ns (43.064%)  route 2.793ns (56.936%))
  Logic Levels:           7  (CARRY4=3 IBUF=1 LUT2=1 LUT6=1 OBUF=1)

    Location             Delay type                Incr(ns)  Path(ns)    Netlist Resource(s)
  -------------------------------------------------------------------    -------------------
    K15                                               0.000     0.000 r  i_data_q[6] (IN)
                         net (fo=0)                   0.000     0.000    i_data_q[6]
    K15                  IBUF (Prop_ibuf_I_O)         0.256     0.256 r  i_data_q_IBUF[6]_inst/O
                         net (fo=32, routed)          1.399     1.654    u_complex_mul/i_data_q_IBUF[0]
    SLICE_X47Y34         LUT6 (Prop_lut6_I5_O)        0.045     1.699 r  u_complex_mul/i___84_carry_i_6__0/O
                         net (fo=1, routed)           0.000     1.699    u_complex_mul/i___84_carry_i_6__0_n_0
    SLICE_X47Y34         CARRY4 (Prop_carry4_S[2]_O[3])
                                                      0.099     1.798 r  u_complex_mul/i_data0_inferred__1/i___84_carry/O[3]
                         net (fo=1, routed)           0.114     1.913    u_complex_mul/u_round_q_mul_sin/O[2]
    SLICE_X46Y34         CARRY4 (Prop_carry4_S[2]_O[3])
                                                      0.211     2.124 r  u_complex_mul/u_round_q_mul_sin/o_round0_carry/O[3]
                         net (fo=1, routed)           0.178     2.302    u_complex_mul/u_round_i_mul_cos/mul_out_q_rnd_sin[1]
    SLICE_X46Y30         LUT2 (Prop_lut2_I1_O)        0.111     2.413 r  u_complex_mul/u_round_i_mul_cos/o_data_i_carry_i_3/O
                         net (fo=1, routed)           0.000     2.413    u_complex_mul/u_round_i_mul_cos_n_19
    SLICE_X46Y30         CARRY4 (Prop_carry4_S[1]_O[1])
                                                      0.066     2.479 r  u_complex_mul/o_data_i_carry/O[1]
                         net (fo=7, routed)           1.102     3.581    o_corrected_i_OBUF[1]
    V12                  OBUF (Prop_obuf_I_O)         1.325     4.906 r  o_corrected_i_OBUF[1]_inst/O
                         net (fo=0)                   0.000     4.906    o_corrected_i[1]
    V12                                                               r  o_corrected_i[1] (OUT)
  -------------------------------------------------------------------    -------------------

Slack:                    inf
  Source:                 i_data_q[7]
                            (input port)
  Destination:            o_corrected_q[7]
                            (output port)
  Path Group:             (none)
  Path Type:              Min at Fast Process Corner
  Data Path Delay:        5.013ns  (logic 2.227ns (44.425%)  route 2.786ns (55.575%))
  Logic Levels:           8  (CARRY4=4 IBUF=1 LUT4=1 LUT5=1 OBUF=1)

    Location             Delay type                Incr(ns)  Path(ns)    Netlist Resource(s)
  -------------------------------------------------------------------    -------------------
    J15                                               0.000     0.000 r  i_data_q[7] (IN)
                         net (fo=0)                   0.000     0.000    i_data_q[7]
    J15                  IBUF (Prop_ibuf_I_O)         0.259     0.259 r  i_data_q_IBUF[7]_inst/O
                         net (fo=28, routed)          1.071     1.330    u_cos_calc/u_sin_calc/i_data_q_IBUF[7]
    SLICE_X43Y38         LUT5 (Prop_lut5_I4_O)        0.045     1.375 r  u_cos_calc/u_sin_calc/i___63_carry__0_i_5/O
                         net (fo=1, routed)           0.000     1.375    u_complex_mul/i___84_carry__0_i_5_2[2]
    SLICE_X43Y38         CARRY4 (Prop_carry4_S[2]_O[2])
                                                      0.066     1.441 r  u_complex_mul/i_data0_inferred__0/i___63_carry__0/O[2]
                         net (fo=2, routed)           0.180     1.621    u_cos_calc/u_sin_calc/i_data0_inferred__0/i___84_carry__1[2]
    SLICE_X42Y38         LUT4 (Prop_lut4_I3_O)        0.108     1.729 r  u_cos_calc/u_sin_calc/i___84_carry__1_i_4/O
                         net (fo=1, routed)           0.000     1.729    u_complex_mul/o_round0_carry__0_2[1]
    SLICE_X42Y38         CARRY4 (Prop_carry4_S[1]_O[1])
                                                      0.066     1.795 r  u_complex_mul/i_data0_inferred__0/i___84_carry__1/O[1]
                         net (fo=1, routed)           0.167     1.962    u_complex_mul/u_round_q_mul_cos/i_data0[8]
    SLICE_X46Y39         CARRY4 (Prop_carry4_S[0]_O[0])
                                                      0.178     2.140 r  u_complex_mul/u_round_q_mul_cos/o_round0_carry__1/O[0]
                         net (fo=2, routed)           0.300     2.439    u_complex_mul/i_data0_inferred__0/i___84_carry__1_0[0]
    SLICE_X48Y34         CARRY4 (Prop_carry4_DI[2]_O[3])
                                                      0.187     2.626 r  u_complex_mul/o_data_q_carry__0/O[3]
                         net (fo=11, routed)          1.068     3.694    o_corrected_q_OBUF[7]
    G2                   OBUF (Prop_obuf_I_O)         1.318     5.013 r  o_corrected_q_OBUF[7]_inst/O
                         net (fo=0)                   0.000     5.013    o_corrected_q[7]
    G2                                                                r  o_corrected_q[7] (OUT)
  -------------------------------------------------------------------    -------------------

Slack:                    inf
  Source:                 i_data_q[6]
                            (input port)
  Destination:            o_corrected_i[5]
                            (output port)
  Path Group:             (none)
  Path Type:              Min at Fast Process Corner
  Data Path Delay:        5.031ns  (logic 2.236ns (44.445%)  route 2.795ns (55.555%))
  Logic Levels:           8  (CARRY4=4 IBUF=1 LUT2=1 LUT6=1 OBUF=1)

    Location             Delay type                Incr(ns)  Path(ns)    Netlist Resource(s)
  -------------------------------------------------------------------    -------------------
    K15                                               0.000     0.000 r  i_data_q[6] (IN)
                         net (fo=0)                   0.000     0.000    i_data_q[6]
    K15                  IBUF (Prop_ibuf_I_O)         0.256     0.256 r  i_data_q_IBUF[6]_inst/O
                         net (fo=32, routed)          1.399     1.654    u_complex_mul/i_data_q_IBUF[0]
    SLICE_X47Y34         LUT6 (Prop_lut6_I5_O)        0.045     1.699 r  u_complex_mul/i___84_carry_i_6__0/O
                         net (fo=1, routed)           0.000     1.699    u_complex_mul/i___84_carry_i_6__0_n_0
    SLICE_X47Y34         CARRY4 (Prop_carry4_S[2]_CO[3])
                                                      0.115     1.814 r  u_complex_mul/i_data0_inferred__1/i___84_carry/CO[3]
                         net (fo=1, routed)           0.000     1.814    u_complex_mul/i_data0_inferred__1/i___84_carry_n_0
    SLICE_X47Y35         CARRY4 (Prop_carry4_CI_O[2])
                                                      0.065     1.879 r  u_complex_mul/i_data0_inferred__1/i___84_carry__0/O[2]
                         net (fo=1, routed)           0.054     1.934    u_complex_mul/u_round_q_mul_sin/o_data_i_carry_i_2[2]
    SLICE_X46Y35         CARRY4 (Prop_carry4_S[1]_O[3])
                                                      0.280     2.214 r  u_complex_mul/u_round_q_mul_sin/o_round0_carry__0/O[3]
                         net (fo=1, routed)           0.178     2.392    u_complex_mul/u_round_i_mul_cos/mul_out_q_rnd_sin[5]
    SLICE_X46Y31         LUT2 (Prop_lut2_I1_O)        0.111     2.503 r  u_complex_mul/u_round_i_mul_cos/o_data_i_carry__0_i_3/O
                         net (fo=1, routed)           0.000     2.503    u_complex_mul/u_round_i_mul_cos_n_21
    SLICE_X46Y31         CARRY4 (Prop_carry4_S[1]_O[1])
                                                      0.066     2.569 r  u_complex_mul/o_data_i_carry__0/O[1]
                         net (fo=4, routed)           1.164     3.733    o_corrected_i_OBUF[5]
    V14                  OBUF (Prop_obuf_I_O)         1.298     5.031 r  o_corrected_i_OBUF[5]_inst/O
                         net (fo=0)                   0.000     5.031    o_corrected_i[5]
    V14                                                               r  o_corrected_i[5] (OUT)
  -------------------------------------------------------------------    -------------------

Slack:                    inf
  Source:                 i_data_i[7]
                            (input port)
  Destination:            o_corrected_q[5]
                            (output port)
  Path Group:             (none)
  Path Type:              Min at Fast Process Corner
  Data Path Delay:        5.091ns  (logic 2.175ns (42.726%)  route 2.916ns (57.274%))
  Logic Levels:           9  (CARRY4=4 IBUF=1 LUT2=1 LUT5=2 OBUF=1)

    Location             Delay type                Incr(ns)  Path(ns)    Netlist Resource(s)
  -------------------------------------------------------------------    -------------------
    K16                                               0.000     0.000 r  i_data_i[7] (IN)
                         net (fo=0)                   0.000     0.000    i_data_i[7]
    K16                  IBUF (Prop_ibuf_I_O)         0.219     0.219 r  i_data_i_IBUF[7]_inst/O
                         net (fo=28, routed)          1.105     1.323    u_sin_calc/i_data_i_IBUF[7]
    SLICE_X44Y38         LUT5 (Prop_lut5_I4_O)        0.045     1.368 r  u_sin_calc/i_data0__63_carry__0_i_7/O
                         net (fo=1, routed)           0.000     1.368    u_complex_mul/i_data0__84_carry__1_i_2_2[0]
    SLICE_X44Y38         CARRY4 (Prop_carry4_S[0]_O[0])
                                                      0.070     1.438 r  u_complex_mul/i_data0__63_carry__0/O[0]
                         net (fo=3, routed)           0.347     1.786    u_sin_calc/i_data0__84_carry__1[0]
    SLICE_X53Y38         LUT5 (Prop_lut5_I2_O)        0.107     1.893 r  u_sin_calc/i_data0__84_carry__1_i_5/O
                         net (fo=1, routed)           0.000     1.893    u_complex_mul/o_round0_carry__0_0[0]
    SLICE_X53Y38         CARRY4 (Prop_carry4_S[0]_O[0])
                                                      0.070     1.963 r  u_complex_mul/i_data0__84_carry__1/O[0]
                         net (fo=1, routed)           0.159     2.121    u_complex_mul/u_round_i_mul_sin/o_data_q_carry__0_i_2[0]
    SLICE_X50Y36         CARRY4 (Prop_carry4_S[3]_O[3])
                                                      0.171     2.292 r  u_complex_mul/u_round_i_mul_sin/o_round0_carry__0/O[3]
                         net (fo=1, routed)           0.176     2.469    u_complex_mul/u_round_q_mul_cos/s_quadrature_r_reg[3]
    SLICE_X48Y34         LUT2 (Prop_lut2_I1_O)        0.111     2.580 r  u_complex_mul/u_round_q_mul_cos/o_data_q_carry__0_i_3/O
                         net (fo=1, routed)           0.000     2.580    u_complex_mul/u_round_q_mul_cos_n_17
    SLICE_X48Y34         CARRY4 (Prop_carry4_S[1]_O[1])
                                                      0.065     2.645 r  u_complex_mul/o_data_q_carry__0/O[1]
                         net (fo=4, routed)           1.129     3.774    o_corrected_q_OBUF[5]
    D2                   OBUF (Prop_obuf_I_O)         1.317     5.091 r  o_corrected_q_OBUF[5]_inst/O
                         net (fo=0)                   0.000     5.091    o_corrected_q[5]
    D2                                                                r  o_corrected_q[5] (OUT)
  -------------------------------------------------------------------    -------------------

Slack:                    inf
  Source:                 i_data_q[7]
                            (input port)
  Destination:            o_corrected_q[6]
                            (output port)
  Path Group:             (none)
  Path Type:              Min at Fast Process Corner
  Data Path Delay:        5.118ns  (logic 2.206ns (43.114%)  route 2.911ns (56.886%))
  Logic Levels:           9  (CARRY4=4 IBUF=1 LUT2=1 LUT4=1 LUT5=1 OBUF=1)

    Location             Delay type                Incr(ns)  Path(ns)    Netlist Resource(s)
  -------------------------------------------------------------------    -------------------
    J15                                               0.000     0.000 r  i_data_q[7] (IN)
                         net (fo=0)                   0.000     0.000    i_data_q[7]
    J15                  IBUF (Prop_ibuf_I_O)         0.259     0.259 r  i_data_q_IBUF[7]_inst/O
                         net (fo=28, routed)          1.071     1.330    u_cos_calc/u_sin_calc/i_data_q_IBUF[7]
    SLICE_X43Y38         LUT5 (Prop_lut5_I4_O)        0.045     1.375 r  u_cos_calc/u_sin_calc/i___63_carry__0_i_5/O
                         net (fo=1, routed)           0.000     1.375    u_complex_mul/i___84_carry__0_i_5_2[2]
    SLICE_X43Y38         CARRY4 (Prop_carry4_S[2]_O[2])
                                                      0.066     1.441 r  u_complex_mul/i_data0_inferred__0/i___63_carry__0/O[2]
                         net (fo=2, routed)           0.180     1.621    u_cos_calc/u_sin_calc/i_data0_inferred__0/i___84_carry__1[2]
    SLICE_X42Y38         LUT4 (Prop_lut4_I3_O)        0.108     1.729 r  u_cos_calc/u_sin_calc/i___84_carry__1_i_4/O
                         net (fo=1, routed)           0.000     1.729    u_complex_mul/o_round0_carry__0_2[1]
    SLICE_X42Y38         CARRY4 (Prop_carry4_S[1]_O[1])
                                                      0.066     1.795 r  u_complex_mul/i_data0_inferred__0/i___84_carry__1/O[1]
                         net (fo=1, routed)           0.167     1.962    u_complex_mul/u_round_q_mul_cos/i_data0[8]
    SLICE_X46Y39         CARRY4 (Prop_carry4_S[0]_O[0])
                                                      0.178     2.140 r  u_complex_mul/u_round_q_mul_cos/o_round0_carry__1/O[0]
                         net (fo=2, routed)           0.387     2.527    u_cos_calc/u_sin_calc/s_quadrature_r_reg[0]
    SLICE_X48Y34         LUT2 (Prop_lut2_I0_O)        0.105     2.632 r  u_cos_calc/u_sin_calc/o_data_q_carry__0_i_2/O
                         net (fo=1, routed)           0.000     2.632    u_complex_mul/s_quadrature_r_reg[0]
    SLICE_X48Y34         CARRY4 (Prop_carry4_S[2]_O[2])
                                                      0.066     2.698 r  u_complex_mul/o_data_q_carry__0/O[2]
                         net (fo=7, routed)           1.106     3.804    o_corrected_q_OBUF[6]
    H2                   OBUF (Prop_obuf_I_O)         1.314     5.118 r  o_corrected_q_OBUF[6]_inst/O
                         net (fo=0)                   0.000     5.118    o_corrected_q[6]
    H2                                                                r  o_corrected_q[6] (OUT)
  -------------------------------------------------------------------    -------------------

Slack:                    inf
  Source:                 i_data_q[6]
                            (input port)
  Destination:            o_corrected_q[4]
                            (output port)
  Path Group:             (none)
  Path Type:              Min at Fast Process Corner
  Data Path Delay:        5.154ns  (logic 2.206ns (42.813%)  route 2.947ns (57.187%))
  Logic Levels:           8  (CARRY4=5 IBUF=1 LUT4=1 OBUF=1)

    Location             Delay type                Incr(ns)  Path(ns)    Netlist Resource(s)
  -------------------------------------------------------------------    -------------------
    K15                                               0.000     0.000 r  i_data_q[6] (IN)
                         net (fo=0)                   0.000     0.000    i_data_q[6]
    K15                  IBUF (Prop_ibuf_I_O)         0.256     0.256 r  i_data_q_IBUF[6]_inst/O
                         net (fo=32, routed)          1.224     1.480    u_complex_mul/i_data_q_IBUF[0]
    SLICE_X43Y36         LUT4 (Prop_lut4_I3_O)        0.045     1.525 r  u_complex_mul/i___84_carry_i_1/O
                         net (fo=2, routed)           0.118     1.643    u_complex_mul/i___84_carry_i_1_n_0
    SLICE_X42Y36         CARRY4 (Prop_carry4_DI[3]_CO[3])
                                                      0.117     1.760 r  u_complex_mul/i_data0_inferred__0/i___84_carry/CO[3]
                         net (fo=1, routed)           0.000     1.760    u_complex_mul/i_data0_inferred__0/i___84_carry_n_0
    SLICE_X42Y37         CARRY4 (Prop_carry4_CI_O[2])
                                                      0.066     1.826 r  u_complex_mul/i_data0_inferred__0/i___84_carry__0/O[2]
                         net (fo=1, routed)           0.170     1.997    u_complex_mul/u_round_q_mul_cos/i_data0[5]
    SLICE_X46Y38         CARRY4 (Prop_carry4_S[1]_O[1])
                                                      0.174     2.171 r  u_complex_mul/u_round_q_mul_cos/o_round0_carry__0/O[1]
                         net (fo=2, routed)           0.303     2.474    u_complex_mul/mul_out_q_rnd_cos[3]
    SLICE_X48Y33         CARRY4 (Prop_carry4_DI[3]_CO[3])
                                                      0.176     2.650 r  u_complex_mul/o_data_q_carry/CO[3]
                         net (fo=1, routed)           0.000     2.650    u_complex_mul/o_data_q_carry_n_0
    SLICE_X48Y34         CARRY4 (Prop_carry4_CI_O[0])
                                                      0.054     2.704 r  u_complex_mul/o_data_q_carry__0/O[0]
                         net (fo=4, routed)           1.131     3.835    o_corrected_q_OBUF[4]
    E2                   OBUF (Prop_obuf_I_O)         1.319     5.154 r  o_corrected_q_OBUF[4]_inst/O
                         net (fo=0)                   0.000     5.154    o_corrected_q[4]
    E2                                                                r  o_corrected_q[4] (OUT)
  -------------------------------------------------------------------    -------------------

Slack:                    inf
  Source:                 i_data_q[6]
                            (input port)
  Destination:            o_corrected_q[3]
                            (output port)
  Path Group:             (none)
  Path Type:              Min at Fast Process Corner
  Data Path Delay:        5.224ns  (logic 2.178ns (41.685%)  route 3.047ns (58.315%))
  Logic Levels:           7  (CARRY4=4 IBUF=1 LUT4=1 OBUF=1)

    Location             Delay type                Incr(ns)  Path(ns)    Netlist Resource(s)
  -------------------------------------------------------------------    -------------------
    K15                                               0.000     0.000 r  i_data_q[6] (IN)
                         net (fo=0)                   0.000     0.000    i_data_q[6]
    K15                  IBUF (Prop_ibuf_I_O)         0.256     0.256 r  i_data_q_IBUF[6]_inst/O
                         net (fo=32, routed)          1.224     1.480    u_complex_mul/i_data_q_IBUF[0]
    SLICE_X43Y36         LUT4 (Prop_lut4_I3_O)        0.045     1.525 r  u_complex_mul/i___84_carry_i_1/O
                         net (fo=2, routed)           0.118     1.643    u_complex_mul/i___84_carry_i_1_n_0
    SLICE_X42Y36         CARRY4 (Prop_carry4_DI[3]_CO[3])
                                                      0.117     1.760 r  u_complex_mul/i_data0_inferred__0/i___84_carry/CO[3]
                         net (fo=1, routed)           0.000     1.760    u_complex_mul/i_data0_inferred__0/i___84_carry_n_0
    SLICE_X42Y37         CARRY4 (Prop_carry4_CI_O[1])
                                                      0.089     1.849 r  u_complex_mul/i_data0_inferred__0/i___84_carry__0/O[1]
                         net (fo=1, routed)           0.161     2.011    u_complex_mul/u_round_q_mul_cos/i_data0[4]
    SLICE_X46Y38         CARRY4 (Prop_carry4_S[0]_O[0])
                                                      0.178     2.189 r  u_complex_mul/u_round_q_mul_cos/o_round0_carry__0/O[0]
                         net (fo=2, routed)           0.300     2.488    u_complex_mul/mul_out_q_rnd_cos[2]
    SLICE_X48Y33         CARRY4 (Prop_carry4_DI[2]_O[3])
                                                      0.187     2.675 r  u_complex_mul/o_data_q_carry/O[3]
                         net (fo=5, routed)           1.243     3.919    o_corrected_q_OBUF[3]
    F3                   OBUF (Prop_obuf_I_O)         1.306     5.224 r  o_corrected_q_OBUF[3]_inst/O
                         net (fo=0)                   0.000     5.224    o_corrected_q[3]
    F3                                                                r  o_corrected_q[3] (OUT)
  -------------------------------------------------------------------    -------------------

Slack:                    inf
  Source:                 i_data_q[6]
                            (input port)
  Destination:            o_corrected_i[2]
                            (output port)
  Path Group:             (none)
  Path Type:              Min at Fast Process Corner
  Data Path Delay:        5.227ns  (logic 2.186ns (41.815%)  route 3.042ns (58.185%))
  Logic Levels:           7  (CARRY4=3 IBUF=1 LUT2=1 LUT6=1 OBUF=1)

    Location             Delay type                Incr(ns)  Path(ns)    Netlist Resource(s)
  -------------------------------------------------------------------    -------------------
    K15                                               0.000     0.000 r  i_data_q[6] (IN)
                         net (fo=0)                   0.000     0.000    i_data_q[6]
    K15                  IBUF (Prop_ibuf_I_O)         0.256     0.256 r  i_data_q_IBUF[6]_inst/O
                         net (fo=32, routed)          1.399     1.654    u_complex_mul/i_data_q_IBUF[0]
    SLICE_X47Y34         LUT6 (Prop_lut6_I5_O)        0.045     1.699 r  u_complex_mul/i___84_carry_i_6__0/O
                         net (fo=1, routed)           0.000     1.699    u_complex_mul/i___84_carry_i_6__0_n_0
    SLICE_X47Y34         CARRY4 (Prop_carry4_S[2]_O[3])
                                                      0.099     1.798 r  u_complex_mul/i_data0_inferred__1/i___84_carry/O[3]
                         net (fo=1, routed)           0.114     1.913    u_complex_mul/u_round_q_mul_sin/O[2]
    SLICE_X46Y34         CARRY4 (Prop_carry4_S[2]_O[3])
                                                      0.211     2.124 r  u_complex_mul/u_round_q_mul_sin/o_round0_carry/O[3]
                         net (fo=1, routed)           0.178     2.302    u_complex_mul/u_round_i_mul_cos/mul_out_q_rnd_sin[1]
    SLICE_X46Y30         LUT2 (Prop_lut2_I1_O)        0.111     2.413 r  u_complex_mul/u_round_i_mul_cos/o_data_i_carry_i_3/O
                         net (fo=1, routed)           0.000     2.413    u_complex_mul/u_round_i_mul_cos_n_19
    SLICE_X46Y30         CARRY4 (Prop_carry4_S[1]_O[2])
                                                      0.151     2.564 r  u_complex_mul/o_data_i_carry/O[2]
                         net (fo=6, routed)           1.350     3.914    o_corrected_i_OBUF[2]
    V10                  OBUF (Prop_obuf_I_O)         1.313     5.227 r  o_corrected_i_OBUF[2]_inst/O
                         net (fo=0)                   0.000     5.227    o_corrected_i[2]
    V10                                                               r  o_corrected_i[2] (OUT)
  -------------------------------------------------------------------    -------------------

Slack:                    inf
  Source:                 i_data_q[6]
                            (input port)
  Destination:            o_corrected_i[6]
                            (output port)
  Path Group:             (none)
  Path Type:              Min at Fast Process Corner
  Data Path Delay:        5.230ns  (logic 2.240ns (42.817%)  route 2.991ns (57.183%))
  Logic Levels:           8  (CARRY4=4 IBUF=1 LUT2=1 LUT6=1 OBUF=1)

    Location             Delay type                Incr(ns)  Path(ns)    Netlist Resource(s)
  -------------------------------------------------------------------    -------------------
    K15                                               0.000     0.000 r  i_data_q[6] (IN)
                         net (fo=0)                   0.000     0.000    i_data_q[6]
    K15                  IBUF (Prop_ibuf_I_O)         0.256     0.256 r  i_data_q_IBUF[6]_inst/O
                         net (fo=32, routed)          1.399     1.654    u_complex_mul/i_data_q_IBUF[0]
    SLICE_X47Y34         LUT6 (Prop_lut6_I5_O)        0.045     1.699 r  u_complex_mul/i___84_carry_i_6__0/O
                         net (fo=1, routed)           0.000     1.699    u_complex_mul/i___84_carry_i_6__0_n_0
    SLICE_X47Y34         CARRY4 (Prop_carry4_S[2]_O[3])
                                                      0.099     1.798 r  u_complex_mul/i_data0_inferred__1/i___84_carry/O[3]
                         net (fo=1, routed)           0.114     1.913    u_complex_mul/u_round_q_mul_sin/O[2]
    SLICE_X46Y34         CARRY4 (Prop_carry4_S[2]_O[3])
                                                      0.211     2.124 r  u_complex_mul/u_round_q_mul_sin/o_round0_carry/O[3]
                         net (fo=1, routed)           0.178     2.302    u_complex_mul/u_round_i_mul_cos/mul_out_q_rnd_sin[1]
    SLICE_X46Y30         LUT2 (Prop_lut2_I1_O)        0.111     2.413 r  u_complex_mul/u_round_i_mul_cos/o_data_i_carry_i_3/O
                         net (fo=1, routed)           0.000     2.413    u_complex_mul/u_round_i_mul_cos_n_19
    SLICE_X46Y30         CARRY4 (Prop_carry4_S[1]_CO[3])
                                                      0.152     2.565 r  u_complex_mul/o_data_i_carry/CO[3]
                         net (fo=1, routed)           0.000     2.565    u_complex_mul/o_data_i_carry_n_0
    SLICE_X46Y31         CARRY4 (Prop_carry4_CI_O[2])
                                                      0.066     2.631 r  u_complex_mul/o_data_i_carry__0/O[2]
                         net (fo=7, routed)           1.300     3.931    o_corrected_i_OBUF[6]
    T13                  OBUF (Prop_obuf_I_O)         1.300     5.230 r  o_corrected_i_OBUF[6]_inst/O
                         net (fo=0)                   0.000     5.230    o_corrected_i[6]
    T13                                                               r  o_corrected_i[6] (OUT)
  -------------------------------------------------------------------    -------------------

Slack:                    inf
  Source:                 i_data_q[6]
                            (input port)
  Destination:            o_corrected_q[1]
                            (output port)
  Path Group:             (none)
  Path Type:              Min at Fast Process Corner
  Data Path Delay:        5.232ns  (logic 2.071ns (39.584%)  route 3.161ns (60.416%))
  Logic Levels:           6  (CARRY4=3 IBUF=1 LUT6=1 OBUF=1)

    Location             Delay type                Incr(ns)  Path(ns)    Netlist Resource(s)
  -------------------------------------------------------------------    -------------------
    K15                                               0.000     0.000 r  i_data_q[6] (IN)
                         net (fo=0)                   0.000     0.000    i_data_q[6]
    K15                  IBUF (Prop_ibuf_I_O)         0.256     0.256 r  i_data_q_IBUF[6]_inst/O
                         net (fo=32, routed)          1.394     1.650    u_complex_mul/i_data_q_IBUF[0]
    SLICE_X42Y36         LUT6 (Prop_lut6_I5_O)        0.045     1.695 r  u_complex_mul/i___84_carry_i_6/O
                         net (fo=1, routed)           0.000     1.695    u_complex_mul/i___84_carry_i_6_n_0
    SLICE_X42Y36         CARRY4 (Prop_carry4_S[2]_O[3])
                                                      0.101     1.796 r  u_complex_mul/i_data0_inferred__0/i___84_carry/O[3]
                         net (fo=1, routed)           0.161     1.957    u_complex_mul/u_round_q_mul_cos/i_data0[2]
    SLICE_X46Y37         CARRY4 (Prop_carry4_S[2]_O[2])
                                                      0.176     2.133 r  u_complex_mul/u_round_q_mul_cos/o_round0_carry/O[2]
                         net (fo=2, routed)           0.371     2.504    u_complex_mul/mul_out_q_rnd_cos[0]
    SLICE_X48Y33         CARRY4 (Prop_carry4_DI[0]_O[1])
                                                      0.187     2.691 r  u_complex_mul/o_data_q_carry/O[1]
                         net (fo=7, routed)           1.235     3.926    o_corrected_q_OBUF[1]
    D3                   OBUF (Prop_obuf_I_O)         1.306     5.232 r  o_corrected_q_OBUF[1]_inst/O
                         net (fo=0)                   0.000     5.232    o_corrected_q[1]
    D3                                                                r  o_corrected_q[1] (OUT)
  -------------------------------------------------------------------    -------------------





--------------------------------------------------------------------------------------
Path Group:  (none)
From Clock:  sys_clk_pin
  To Clock:  

Max Delay            16 Endpoints
Min Delay            16 Endpoints
--------------------------------------------------------------------------------------


Max Delay Paths
--------------------------------------------------------------------------------------
Slack:                    inf
  Source:                 u_sin_calc/u_ram_r/U0/inst_blk_mem_gen/gnbram.gnativebmg.native_blk_mem_gen/valid.cstr/ramloop[0].ram.r/prim_init.ram/DEVICE_7SERIES.NO_BMM_INFO.SP.SIMPLE_PRIM18.ram/CLKARDCLK
                            (rising edge-triggered cell RAMB18E1 clocked by sys_clk_pin  {rise@0.000ns fall@10.000ns period=20.000ns})
  Destination:            o_corrected_i[7]
                            (output port)
  Path Group:             (none)
  Path Type:              Max at Slow Process Corner
  Data Path Delay:        20.651ns  (logic 10.206ns (49.419%)  route 10.445ns (50.581%))
  Logic Levels:           13  (CARRY4=7 LUT2=2 LUT3=1 LUT4=1 LUT6=1 OBUF=1)
  Clock Uncertainty:      0.025ns  ((TSJ^2 + TIJ^2)^1/2 + DJ) / 2 + PE
    Total System Jitter     (TSJ):    0.050ns
    Total Input Jitter      (TIJ):    0.000ns
    Discrete Jitter          (DJ):    0.000ns
    Phase Error              (PE):    0.000ns

    Location             Delay type                Incr(ns)  Path(ns)    Netlist Resource(s)
  -------------------------------------------------------------------    -------------------
                         (clock sys_clk_pin rise edge)
                                                      0.000     0.000 r  
    E3                                                0.000     0.000 r  i_clock (IN)
                         net (fo=0)                   0.000     0.000    i_clock
    E3                   IBUF (Prop_ibuf_I_O)         1.489     1.489 r  i_clock_IBUF_inst/O
                         net (fo=1, routed)           1.967     3.455    i_clock_IBUF
    BUFGCTRL_X0Y16       BUFG (Prop_bufg_I_O)         0.096     3.551 r  i_clock_IBUF_BUFG_inst/O
                         net (fo=48, routed)          1.608     5.159    u_sin_calc/u_ram_r/U0/inst_blk_mem_gen/gnbram.gnativebmg.native_blk_mem_gen/valid.cstr/ramloop[0].ram.r/prim_init.ram/clka
    RAMB18_X2Y13         RAMB18E1                                     r  u_sin_calc/u_ram_r/U0/inst_blk_mem_gen/gnbram.gnativebmg.native_blk_mem_gen/valid.cstr/ramloop[0].ram.r/prim_init.ram/DEVICE_7SERIES.NO_BMM_INFO.SP.SIMPLE_PRIM18.ram/CLKARDCLK
  -------------------------------------------------------------------    -------------------
    RAMB18_X2Y13         RAMB18E1 (Prop_ramb18e1_CLKARDCLK_DOADO[1])
                                                      2.454     7.613 r  u_sin_calc/u_ram_r/U0/inst_blk_mem_gen/gnbram.gnativebmg.native_blk_mem_gen/valid.cstr/ramloop[0].ram.r/prim_init.ram/DEVICE_7SERIES.NO_BMM_INFO.SP.SIMPLE_PRIM18.ram/DOADO[1]
                         net (fo=38, routed)          2.651    10.264    u_sin_calc/data_sin[1]
    SLICE_X43Y33         LUT2 (Prop_lut2_I0_O)        0.150    10.414 r  u_sin_calc/i___30_carry_i_8__0/O
                         net (fo=1, routed)           0.591    11.005    u_sin_calc/i___30_carry_i_8__0_n_0
    SLICE_X44Y31         LUT6 (Prop_lut6_I5_O)        0.326    11.331 r  u_sin_calc/i___30_carry_i_4__0/O
                         net (fo=1, routed)           0.000    11.331    u_complex_mul/i___84_carry_i_8__0_5[3]
    SLICE_X44Y31         CARRY4 (Prop_carry4_S[3]_CO[3])
                                                      0.401    11.732 r  u_complex_mul/i_data0_inferred__1/i___30_carry/CO[3]
                         net (fo=1, routed)           0.000    11.732    u_complex_mul/i_data0_inferred__1/i___30_carry_n_0
    SLICE_X44Y32         CARRY4 (Prop_carry4_CI_O[3])
                                                      0.313    12.045 r  u_complex_mul/i_data0_inferred__1/i___30_carry__0/O[3]
                         net (fo=2, routed)           1.102    13.146    u_complex_mul/i_data0_inferred__1/i___30_carry__0_n_4
    SLICE_X47Y35         LUT3 (Prop_lut3_I2_O)        0.335    13.481 r  u_complex_mul/i___84_carry__0_i_1__0/O
                         net (fo=2, routed)           0.690    14.171    u_sin_calc/i_data0_inferred__1/i___84_carry__0[0]
    SLICE_X47Y35         LUT4 (Prop_lut4_I0_O)        0.327    14.498 r  u_sin_calc/i___84_carry__0_i_5__0/O
                         net (fo=1, routed)           0.000    14.498    u_complex_mul/o_round0_carry_1[0]
    SLICE_X47Y35         CARRY4 (Prop_carry4_S[3]_CO[3])
                                                      0.401    14.899 r  u_complex_mul/i_data0_inferred__1/i___84_carry__0/CO[3]
                         net (fo=1, routed)           0.000    14.899    u_complex_mul/i_data0_inferred__1/i___84_carry__0_n_0
    SLICE_X47Y36         CARRY4 (Prop_carry4_CI_O[0])
                                                      0.222    15.121 r  u_complex_mul/i_data0_inferred__1/i___84_carry__1/O[0]
                         net (fo=1, routed)           0.640    15.762    u_complex_mul/u_round_q_mul_sin/o_data_i_carry__0_i_2[0]
    SLICE_X46Y35         CARRY4 (Prop_carry4_S[3]_CO[3])
                                                      0.675    16.437 r  u_complex_mul/u_round_q_mul_sin/o_round0_carry__0/CO[3]
                         net (fo=1, routed)           0.000    16.437    u_complex_mul/u_round_q_mul_sin/o_round0_carry__0_n_0
    SLICE_X46Y36         CARRY4 (Prop_carry4_CI_O[1])
                                                      0.323    16.760 r  u_complex_mul/u_round_q_mul_sin/o_round0_carry__1/O[1]
                         net (fo=1, routed)           0.877    17.636    u_sin_calc/s_in_phase_r_reg[0]
    SLICE_X46Y31         LUT2 (Prop_lut2_I0_O)        0.306    17.942 r  u_sin_calc/o_data_i_carry__0_i_1/O
                         net (fo=1, routed)           0.000    17.942    u_complex_mul/s_in_phase_r_reg[1]
    SLICE_X46Y31         CARRY4 (Prop_carry4_S[3]_O[3])
                                                      0.255    18.197 r  u_complex_mul/o_data_i_carry__0/O[3]
                         net (fo=11, routed)          3.896    22.093    o_corrected_i_OBUF[7]
    U13                  OBUF (Prop_obuf_I_O)         3.718    25.810 r  o_corrected_i_OBUF[7]_inst/O
                         net (fo=0)                   0.000    25.810    o_corrected_i[7]
    U13                                                               r  o_corrected_i[7] (OUT)
  -------------------------------------------------------------------    -------------------

Slack:                    inf
  Source:                 u_sin_calc/u_ram_r/U0/inst_blk_mem_gen/gnbram.gnativebmg.native_blk_mem_gen/valid.cstr/ramloop[0].ram.r/prim_init.ram/DEVICE_7SERIES.NO_BMM_INFO.SP.SIMPLE_PRIM18.ram/CLKARDCLK
                            (rising edge-triggered cell RAMB18E1 clocked by sys_clk_pin  {rise@0.000ns fall@10.000ns period=20.000ns})
  Destination:            o_corrected_i[4]
                            (output port)
  Path Group:             (none)
  Path Type:              Max at Slow Process Corner
  Data Path Delay:        20.328ns  (logic 9.970ns (49.043%)  route 10.359ns (50.957%))
  Logic Levels:           12  (CARRY4=6 LUT2=2 LUT3=1 LUT4=1 LUT6=1 OBUF=1)
  Clock Uncertainty:      0.025ns  ((TSJ^2 + TIJ^2)^1/2 + DJ) / 2 + PE
    Total System Jitter     (TSJ):    0.050ns
    Total Input Jitter      (TIJ):    0.000ns
    Discrete Jitter          (DJ):    0.000ns
    Phase Error              (PE):    0.000ns

    Location             Delay type                Incr(ns)  Path(ns)    Netlist Resource(s)
  -------------------------------------------------------------------    -------------------
                         (clock sys_clk_pin rise edge)
                                                      0.000     0.000 r  
    E3                                                0.000     0.000 r  i_clock (IN)
                         net (fo=0)                   0.000     0.000    i_clock
    E3                   IBUF (Prop_ibuf_I_O)         1.489     1.489 r  i_clock_IBUF_inst/O
                         net (fo=1, routed)           1.967     3.455    i_clock_IBUF
    BUFGCTRL_X0Y16       BUFG (Prop_bufg_I_O)         0.096     3.551 r  i_clock_IBUF_BUFG_inst/O
                         net (fo=48, routed)          1.608     5.159    u_sin_calc/u_ram_r/U0/inst_blk_mem_gen/gnbram.gnativebmg.native_blk_mem_gen/valid.cstr/ramloop[0].ram.r/prim_init.ram/clka
    RAMB18_X2Y13         RAMB18E1                                     r  u_sin_calc/u_ram_r/U0/inst_blk_mem_gen/gnbram.gnativebmg.native_blk_mem_gen/valid.cstr/ramloop[0].ram.r/prim_init.ram/DEVICE_7SERIES.NO_BMM_INFO.SP.SIMPLE_PRIM18.ram/CLKARDCLK
  -------------------------------------------------------------------    -------------------
    RAMB18_X2Y13         RAMB18E1 (Prop_ramb18e1_CLKARDCLK_DOADO[1])
                                                      2.454     7.613 r  u_sin_calc/u_ram_r/U0/inst_blk_mem_gen/gnbram.gnativebmg.native_blk_mem_gen/valid.cstr/ramloop[0].ram.r/prim_init.ram/DEVICE_7SERIES.NO_BMM_INFO.SP.SIMPLE_PRIM18.ram/DOADO[1]
                         net (fo=38, routed)          2.651    10.264    u_sin_calc/data_sin[1]
    SLICE_X43Y33         LUT2 (Prop_lut2_I0_O)        0.150    10.414 r  u_sin_calc/i___30_carry_i_8__0/O
                         net (fo=1, routed)           0.591    11.005    u_sin_calc/i___30_carry_i_8__0_n_0
    SLICE_X44Y31         LUT6 (Prop_lut6_I5_O)        0.326    11.331 r  u_sin_calc/i___30_carry_i_4__0/O
                         net (fo=1, routed)           0.000    11.331    u_complex_mul/i___84_carry_i_8__0_5[3]
    SLICE_X44Y31         CARRY4 (Prop_carry4_S[3]_CO[3])
                                                      0.401    11.732 r  u_complex_mul/i_data0_inferred__1/i___30_carry/CO[3]
                         net (fo=1, routed)           0.000    11.732    u_complex_mul/i_data0_inferred__1/i___30_carry_n_0
    SLICE_X44Y32         CARRY4 (Prop_carry4_CI_O[0])
                                                      0.222    11.954 r  u_complex_mul/i_data0_inferred__1/i___30_carry__0/O[0]
                         net (fo=2, routed)           0.964    12.918    u_complex_mul/i_data0_inferred__1/i___30_carry__0_n_7
    SLICE_X47Y34         LUT3 (Prop_lut3_I2_O)        0.324    13.242 r  u_complex_mul/i___84_carry__0_i_4__0/O
                         net (fo=2, routed)           0.645    13.887    u_complex_mul/i___84_carry__0_i_4__0_n_0
    SLICE_X47Y35         LUT4 (Prop_lut4_I3_O)        0.332    14.219 r  u_complex_mul/i___84_carry__0_i_8__0/O
                         net (fo=1, routed)           0.000    14.219    u_complex_mul/i___84_carry__0_i_8__0_n_0
    SLICE_X47Y35         CARRY4 (Prop_carry4_S[0]_O[1])
                                                      0.424    14.643 r  u_complex_mul/i_data0_inferred__1/i___84_carry__0/O[1]
                         net (fo=1, routed)           0.773    15.416    u_complex_mul/u_round_q_mul_sin/o_data_i_carry_i_2[1]
    SLICE_X46Y35         CARRY4 (Prop_carry4_S[0]_O[1])
                                                      0.730    16.146 r  u_complex_mul/u_round_q_mul_sin/o_round0_carry__0/O[1]
                         net (fo=1, routed)           0.877    17.022    u_complex_mul/u_round_i_mul_cos/mul_out_q_rnd_sin[3]
    SLICE_X46Y30         LUT2 (Prop_lut2_I1_O)        0.306    17.328 r  u_complex_mul/u_round_i_mul_cos/o_data_i_carry_i_1/O
                         net (fo=1, routed)           0.000    17.328    u_complex_mul/u_round_i_mul_cos_n_17
    SLICE_X46Y30         CARRY4 (Prop_carry4_S[3]_CO[3])
                                                      0.376    17.704 r  u_complex_mul/o_data_i_carry/CO[3]
                         net (fo=1, routed)           0.000    17.704    u_complex_mul/o_data_i_carry_n_0
    SLICE_X46Y31         CARRY4 (Prop_carry4_CI_O[0])
                                                      0.219    17.923 r  u_complex_mul/o_data_i_carry__0/O[0]
                         net (fo=4, routed)           3.858    21.782    o_corrected_i_OBUF[4]
    U14                  OBUF (Prop_obuf_I_O)         3.706    25.488 r  o_corrected_i_OBUF[4]_inst/O
                         net (fo=0)                   0.000    25.488    o_corrected_i[4]
    U14                                                               r  o_corrected_i[4] (OUT)
  -------------------------------------------------------------------    -------------------

Slack:                    inf
  Source:                 u_sin_calc/u_ram_r/U0/inst_blk_mem_gen/gnbram.gnativebmg.native_blk_mem_gen/valid.cstr/ramloop[0].ram.r/prim_init.ram/DEVICE_7SERIES.NO_BMM_INFO.SP.SIMPLE_PRIM18.ram/CLKARDCLK
                            (rising edge-triggered cell RAMB18E1 clocked by sys_clk_pin  {rise@0.000ns fall@10.000ns period=20.000ns})
  Destination:            o_corrected_i[6]
                            (output port)
  Path Group:             (none)
  Path Type:              Max at Slow Process Corner
  Data Path Delay:        20.274ns  (logic 10.081ns (49.723%)  route 10.193ns (50.277%))
  Logic Levels:           13  (CARRY4=7 LUT2=2 LUT3=1 LUT4=1 LUT6=1 OBUF=1)
  Clock Uncertainty:      0.025ns  ((TSJ^2 + TIJ^2)^1/2 + DJ) / 2 + PE
    Total System Jitter     (TSJ):    0.050ns
    Total Input Jitter      (TIJ):    0.000ns
    Discrete Jitter          (DJ):    0.000ns
    Phase Error              (PE):    0.000ns

    Location             Delay type                Incr(ns)  Path(ns)    Netlist Resource(s)
  -------------------------------------------------------------------    -------------------
                         (clock sys_clk_pin rise edge)
                                                      0.000     0.000 r  
    E3                                                0.000     0.000 r  i_clock (IN)
                         net (fo=0)                   0.000     0.000    i_clock
    E3                   IBUF (Prop_ibuf_I_O)         1.489     1.489 r  i_clock_IBUF_inst/O
                         net (fo=1, routed)           1.967     3.455    i_clock_IBUF
    BUFGCTRL_X0Y16       BUFG (Prop_bufg_I_O)         0.096     3.551 r  i_clock_IBUF_BUFG_inst/O
                         net (fo=48, routed)          1.608     5.159    u_sin_calc/u_ram_r/U0/inst_blk_mem_gen/gnbram.gnativebmg.native_blk_mem_gen/valid.cstr/ramloop[0].ram.r/prim_init.ram/clka
    RAMB18_X2Y13         RAMB18E1                                     r  u_sin_calc/u_ram_r/U0/inst_blk_mem_gen/gnbram.gnativebmg.native_blk_mem_gen/valid.cstr/ramloop[0].ram.r/prim_init.ram/DEVICE_7SERIES.NO_BMM_INFO.SP.SIMPLE_PRIM18.ram/CLKARDCLK
  -------------------------------------------------------------------    -------------------
    RAMB18_X2Y13         RAMB18E1 (Prop_ramb18e1_CLKARDCLK_DOADO[1])
                                                      2.454     7.613 r  u_sin_calc/u_ram_r/U0/inst_blk_mem_gen/gnbram.gnativebmg.native_blk_mem_gen/valid.cstr/ramloop[0].ram.r/prim_init.ram/DEVICE_7SERIES.NO_BMM_INFO.SP.SIMPLE_PRIM18.ram/DOADO[1]
                         net (fo=38, routed)          2.651    10.264    u_sin_calc/data_sin[1]
    SLICE_X43Y33         LUT2 (Prop_lut2_I0_O)        0.150    10.414 r  u_sin_calc/i___30_carry_i_8__0/O
                         net (fo=1, routed)           0.591    11.005    u_sin_calc/i___30_carry_i_8__0_n_0
    SLICE_X44Y31         LUT6 (Prop_lut6_I5_O)        0.326    11.331 r  u_sin_calc/i___30_carry_i_4__0/O
                         net (fo=1, routed)           0.000    11.331    u_complex_mul/i___84_carry_i_8__0_5[3]
    SLICE_X44Y31         CARRY4 (Prop_carry4_S[3]_CO[3])
                                                      0.401    11.732 r  u_complex_mul/i_data0_inferred__1/i___30_carry/CO[3]
                         net (fo=1, routed)           0.000    11.732    u_complex_mul/i_data0_inferred__1/i___30_carry_n_0
    SLICE_X44Y32         CARRY4 (Prop_carry4_CI_O[3])
                                                      0.313    12.045 r  u_complex_mul/i_data0_inferred__1/i___30_carry__0/O[3]
                         net (fo=2, routed)           1.102    13.146    u_complex_mul/i_data0_inferred__1/i___30_carry__0_n_4
    SLICE_X47Y35         LUT3 (Prop_lut3_I2_O)        0.335    13.481 r  u_complex_mul/i___84_carry__0_i_1__0/O
                         net (fo=2, routed)           0.690    14.171    u_sin_calc/i_data0_inferred__1/i___84_carry__0[0]
    SLICE_X47Y35         LUT4 (Prop_lut4_I0_O)        0.327    14.498 r  u_sin_calc/i___84_carry__0_i_5__0/O
                         net (fo=1, routed)           0.000    14.498    u_complex_mul/o_round0_carry_1[0]
    SLICE_X47Y35         CARRY4 (Prop_carry4_S[3]_CO[3])
                                                      0.401    14.899 r  u_complex_mul/i_data0_inferred__1/i___84_carry__0/CO[3]
                         net (fo=1, routed)           0.000    14.899    u_complex_mul/i_data0_inferred__1/i___84_carry__0_n_0
    SLICE_X47Y36         CARRY4 (Prop_carry4_CI_O[0])
                                                      0.222    15.121 r  u_complex_mul/i_data0_inferred__1/i___84_carry__1/O[0]
                         net (fo=1, routed)           0.640    15.762    u_complex_mul/u_round_q_mul_sin/o_data_i_carry__0_i_2[0]
    SLICE_X46Y35         CARRY4 (Prop_carry4_S[3]_CO[3])
                                                      0.675    16.437 r  u_complex_mul/u_round_q_mul_sin/o_round0_carry__0/CO[3]
                         net (fo=1, routed)           0.000    16.437    u_complex_mul/u_round_q_mul_sin/o_round0_carry__0_n_0
    SLICE_X46Y36         CARRY4 (Prop_carry4_CI_O[0])
                                                      0.219    16.656 r  u_complex_mul/u_round_q_mul_sin/o_round0_carry__1/O[0]
                         net (fo=1, routed)           0.876    17.531    u_cos_calc/u_sin_calc/s_in_phase_r_reg_0[0]
    SLICE_X46Y31         LUT2 (Prop_lut2_I1_O)        0.295    17.826 r  u_cos_calc/u_sin_calc/o_data_i_carry__0_i_2/O
                         net (fo=1, routed)           0.000    17.826    u_complex_mul/s_in_phase_r_reg[0]
    SLICE_X46Y31         CARRY4 (Prop_carry4_S[2]_O[2])
                                                      0.250    18.076 r  u_complex_mul/o_data_i_carry__0/O[2]
                         net (fo=7, routed)           3.644    21.720    o_corrected_i_OBUF[6]
    T13                  OBUF (Prop_obuf_I_O)         3.713    25.433 r  o_corrected_i_OBUF[6]_inst/O
                         net (fo=0)                   0.000    25.433    o_corrected_i[6]
    T13                                                               r  o_corrected_i[6] (OUT)
  -------------------------------------------------------------------    -------------------

Slack:                    inf
  Source:                 u_sin_calc/u_ram_r/U0/inst_blk_mem_gen/gnbram.gnativebmg.native_blk_mem_gen/valid.cstr/ramloop[0].ram.r/prim_init.ram/DEVICE_7SERIES.NO_BMM_INFO.SP.SIMPLE_PRIM18.ram/CLKARDCLK
                            (rising edge-triggered cell RAMB18E1 clocked by sys_clk_pin  {rise@0.000ns fall@10.000ns period=20.000ns})
  Destination:            o_corrected_i[3]
                            (output port)
  Path Group:             (none)
  Path Type:              Max at Slow Process Corner
  Data Path Delay:        20.232ns  (logic 9.655ns (47.720%)  route 10.577ns (52.280%))
  Logic Levels:           11  (CARRY4=5 LUT2=2 LUT3=1 LUT4=1 LUT6=1 OBUF=1)
  Clock Uncertainty:      0.025ns  ((TSJ^2 + TIJ^2)^1/2 + DJ) / 2 + PE
    Total System Jitter     (TSJ):    0.050ns
    Total Input Jitter      (TIJ):    0.000ns
    Discrete Jitter          (DJ):    0.000ns
    Phase Error              (PE):    0.000ns

    Location             Delay type                Incr(ns)  Path(ns)    Netlist Resource(s)
  -------------------------------------------------------------------    -------------------
                         (clock sys_clk_pin rise edge)
                                                      0.000     0.000 r  
    E3                                                0.000     0.000 r  i_clock (IN)
                         net (fo=0)                   0.000     0.000    i_clock
    E3                   IBUF (Prop_ibuf_I_O)         1.489     1.489 r  i_clock_IBUF_inst/O
                         net (fo=1, routed)           1.967     3.455    i_clock_IBUF
    BUFGCTRL_X0Y16       BUFG (Prop_bufg_I_O)         0.096     3.551 r  i_clock_IBUF_BUFG_inst/O
                         net (fo=48, routed)          1.608     5.159    u_sin_calc/u_ram_r/U0/inst_blk_mem_gen/gnbram.gnativebmg.native_blk_mem_gen/valid.cstr/ramloop[0].ram.r/prim_init.ram/clka
    RAMB18_X2Y13         RAMB18E1                                     r  u_sin_calc/u_ram_r/U0/inst_blk_mem_gen/gnbram.gnativebmg.native_blk_mem_gen/valid.cstr/ramloop[0].ram.r/prim_init.ram/DEVICE_7SERIES.NO_BMM_INFO.SP.SIMPLE_PRIM18.ram/CLKARDCLK
  -------------------------------------------------------------------    -------------------
    RAMB18_X2Y13         RAMB18E1 (Prop_ramb18e1_CLKARDCLK_DOADO[1])
                                                      2.454     7.613 r  u_sin_calc/u_ram_r/U0/inst_blk_mem_gen/gnbram.gnativebmg.native_blk_mem_gen/valid.cstr/ramloop[0].ram.r/prim_init.ram/DEVICE_7SERIES.NO_BMM_INFO.SP.SIMPLE_PRIM18.ram/DOADO[1]
                         net (fo=38, routed)          2.651    10.264    u_sin_calc/data_sin[1]
    SLICE_X43Y33         LUT2 (Prop_lut2_I0_O)        0.150    10.414 r  u_sin_calc/i___30_carry_i_8__0/O
                         net (fo=1, routed)           0.591    11.005    u_sin_calc/i___30_carry_i_8__0_n_0
    SLICE_X44Y31         LUT6 (Prop_lut6_I5_O)        0.326    11.331 r  u_sin_calc/i___30_carry_i_4__0/O
                         net (fo=1, routed)           0.000    11.331    u_complex_mul/i___84_carry_i_8__0_5[3]
    SLICE_X44Y31         CARRY4 (Prop_carry4_S[3]_CO[3])
                                                      0.401    11.732 r  u_complex_mul/i_data0_inferred__1/i___30_carry/CO[3]
                         net (fo=1, routed)           0.000    11.732    u_complex_mul/i_data0_inferred__1/i___30_carry_n_0
    SLICE_X44Y32         CARRY4 (Prop_carry4_CI_O[0])
                                                      0.222    11.954 r  u_complex_mul/i_data0_inferred__1/i___30_carry__0/O[0]
                         net (fo=2, routed)           0.964    12.918    u_complex_mul/i_data0_inferred__1/i___30_carry__0_n_7
    SLICE_X47Y34         LUT3 (Prop_lut3_I2_O)        0.324    13.242 r  u_complex_mul/i___84_carry__0_i_4__0/O
                         net (fo=2, routed)           0.645    13.887    u_complex_mul/i___84_carry__0_i_4__0_n_0
    SLICE_X47Y35         LUT4 (Prop_lut4_I3_O)        0.332    14.219 r  u_complex_mul/i___84_carry__0_i_8__0/O
                         net (fo=1, routed)           0.000    14.219    u_complex_mul/i___84_carry__0_i_8__0_n_0
    SLICE_X47Y35         CARRY4 (Prop_carry4_S[0]_O[1])
                                                      0.424    14.643 r  u_complex_mul/i_data0_inferred__1/i___84_carry__0/O[1]
                         net (fo=1, routed)           0.773    15.416    u_complex_mul/u_round_q_mul_sin/o_data_i_carry_i_2[1]
    SLICE_X46Y35         CARRY4 (Prop_carry4_S[0]_O[1])
                                                      0.730    16.146 r  u_complex_mul/u_round_q_mul_sin/o_round0_carry__0/O[1]
                         net (fo=1, routed)           0.877    17.022    u_complex_mul/u_round_i_mul_cos/mul_out_q_rnd_sin[3]
    SLICE_X46Y30         LUT2 (Prop_lut2_I1_O)        0.306    17.328 r  u_complex_mul/u_round_i_mul_cos/o_data_i_carry_i_1/O
                         net (fo=1, routed)           0.000    17.328    u_complex_mul/u_round_i_mul_cos_n_17
    SLICE_X46Y30         CARRY4 (Prop_carry4_S[3]_O[3])
                                                      0.255    17.583 r  u_complex_mul/o_data_i_carry/O[3]
                         net (fo=5, routed)           4.077    21.661    o_corrected_i_OBUF[3]
    V11                  OBUF (Prop_obuf_I_O)         3.731    25.391 r  o_corrected_i_OBUF[3]_inst/O
                         net (fo=0)                   0.000    25.391    o_corrected_i[3]
    V11                                                               r  o_corrected_i[3] (OUT)
  -------------------------------------------------------------------    -------------------

Slack:                    inf
  Source:                 u_cos_calc/u_sin_calc/u_ram_r/U0/inst_blk_mem_gen/gnbram.gnativebmg.native_blk_mem_gen/valid.cstr/ramloop[0].ram.r/prim_init.ram/DEVICE_7SERIES.NO_BMM_INFO.SP.SIMPLE_PRIM18.ram/CLKARDCLK
                            (rising edge-triggered cell RAMB18E1 clocked by sys_clk_pin  {rise@0.000ns fall@10.000ns period=20.000ns})
  Destination:            o_corrected_q[6]
                            (output port)
  Path Group:             (none)
  Path Type:              Max at Slow Process Corner
  Data Path Delay:        20.183ns  (logic 10.213ns (50.604%)  route 9.969ns (49.396%))
  Logic Levels:           11  (CARRY4=5 LUT2=2 LUT3=1 LUT4=1 LUT6=1 OBUF=1)
  Clock Uncertainty:      0.025ns  ((TSJ^2 + TIJ^2)^1/2 + DJ) / 2 + PE
    Total System Jitter     (TSJ):    0.050ns
    Total Input Jitter      (TIJ):    0.000ns
    Discrete Jitter          (DJ):    0.000ns
    Phase Error              (PE):    0.000ns

    Location             Delay type                Incr(ns)  Path(ns)    Netlist Resource(s)
  -------------------------------------------------------------------    -------------------
                         (clock sys_clk_pin rise edge)
                                                      0.000     0.000 r  
    E3                                                0.000     0.000 r  i_clock (IN)
                         net (fo=0)                   0.000     0.000    i_clock
    E3                   IBUF (Prop_ibuf_I_O)         1.489     1.489 r  i_clock_IBUF_inst/O
                         net (fo=1, routed)           1.967     3.455    i_clock_IBUF
    BUFGCTRL_X0Y16       BUFG (Prop_bufg_I_O)         0.096     3.551 r  i_clock_IBUF_BUFG_inst/O
                         net (fo=48, routed)          1.608     5.159    u_cos_calc/u_sin_calc/u_ram_r/U0/inst_blk_mem_gen/gnbram.gnativebmg.native_blk_mem_gen/valid.cstr/ramloop[0].ram.r/prim_init.ram/clka
    RAMB18_X2Y12         RAMB18E1                                     r  u_cos_calc/u_sin_calc/u_ram_r/U0/inst_blk_mem_gen/gnbram.gnativebmg.native_blk_mem_gen/valid.cstr/ramloop[0].ram.r/prim_init.ram/DEVICE_7SERIES.NO_BMM_INFO.SP.SIMPLE_PRIM18.ram/CLKARDCLK
  -------------------------------------------------------------------    -------------------
    RAMB18_X2Y12         RAMB18E1 (Prop_ramb18e1_CLKARDCLK_DOADO[6])
                                                      2.454     7.613 r  u_cos_calc/u_sin_calc/u_ram_r/U0/inst_blk_mem_gen/gnbram.gnativebmg.native_blk_mem_gen/valid.cstr/ramloop[0].ram.r/prim_init.ram/DEVICE_7SERIES.NO_BMM_INFO.SP.SIMPLE_PRIM18.ram/DOADO[6]
                         net (fo=36, routed)          3.019    10.633    u_cos_calc/u_sin_calc/data_cos[6]
    SLICE_X43Y40         LUT2 (Prop_lut2_I1_O)        0.152    10.785 r  u_cos_calc/u_sin_calc/i___0_carry__0_i_10/O
                         net (fo=1, routed)           0.354    11.138    u_cos_calc/u_sin_calc/i___0_carry__0_i_10_n_0
    SLICE_X42Y40         LUT6 (Prop_lut6_I5_O)        0.326    11.464 r  u_cos_calc/u_sin_calc/i___0_carry__0_i_6/O
                         net (fo=1, routed)           0.000    11.464    u_complex_mul/i___84_carry_i_8_3[2]
    SLICE_X42Y40         CARRY4 (Prop_carry4_S[2]_CO[3])
                                                      0.380    11.844 r  u_complex_mul/i_data0_inferred__0/i___0_carry__0/CO[3]
                         net (fo=1, routed)           0.000    11.844    u_complex_mul/i_data0_inferred__0/i___0_carry__0_n_0
    SLICE_X42Y41         CARRY4 (Prop_carry4_CI_O[0])
                                                      0.219    12.063 r  u_complex_mul/i_data0_inferred__0/i___0_carry__1/O[0]
                         net (fo=2, routed)           1.116    13.179    u_complex_mul/i_data0_inferred__0/i___0_carry__1_n_7
    SLICE_X42Y37         LUT3 (Prop_lut3_I1_O)        0.321    13.500 r  u_complex_mul/i___84_carry__0_i_3/O
                         net (fo=2, routed)           0.490    13.990    u_complex_mul/i___84_carry__0_i_3_n_0
    SLICE_X42Y37         LUT4 (Prop_lut4_I3_O)        0.328    14.318 r  u_complex_mul/i___84_carry__0_i_7/O
                         net (fo=1, routed)           0.000    14.318    u_complex_mul/i___84_carry__0_i_7_n_0
    SLICE_X42Y37         CARRY4 (Prop_carry4_S[1]_O[2])
                                                      0.578    14.896 r  u_complex_mul/i_data0_inferred__0/i___84_carry__0/O[2]
                         net (fo=1, routed)           0.447    15.343    u_complex_mul/u_round_q_mul_cos/i_data0[5]
    SLICE_X46Y38         CARRY4 (Prop_carry4_S[1]_O[2])
                                                      0.879    16.222 r  u_complex_mul/u_round_q_mul_cos/o_round0_carry__0/O[2]
                         net (fo=2, routed)           1.203    17.425    u_complex_mul/u_round_q_mul_cos/mul_out_q_rnd_cos[4]
    SLICE_X48Y34         LUT2 (Prop_lut2_I0_O)        0.301    17.726 r  u_complex_mul/u_round_q_mul_cos/o_data_q_carry__0_i_4/O
                         net (fo=1, routed)           0.000    17.726    u_complex_mul/u_round_q_mul_cos_n_18
    SLICE_X48Y34         CARRY4 (Prop_carry4_S[0]_O[2])
                                                      0.547    18.273 r  u_complex_mul/o_data_q_carry__0/O[2]
                         net (fo=7, routed)           3.341    21.614    o_corrected_q_OBUF[6]
    H2                   OBUF (Prop_obuf_I_O)         3.728    25.342 r  o_corrected_q_OBUF[6]_inst/O
                         net (fo=0)                   0.000    25.342    o_corrected_q[6]
    H2                                                                r  o_corrected_q[6] (OUT)
  -------------------------------------------------------------------    -------------------

Slack:                    inf
  Source:                 u_cos_calc/u_sin_calc/u_ram_r/U0/inst_blk_mem_gen/gnbram.gnativebmg.native_blk_mem_gen/valid.cstr/ramloop[0].ram.r/prim_init.ram/DEVICE_7SERIES.NO_BMM_INFO.SP.SIMPLE_PRIM18.ram/CLKARDCLK
                            (rising edge-triggered cell RAMB18E1 clocked by sys_clk_pin  {rise@0.000ns fall@10.000ns period=20.000ns})
  Destination:            o_corrected_q[7]
                            (output port)
  Path Group:             (none)
  Path Type:              Max at Slow Process Corner
  Data Path Delay:        20.120ns  (logic 10.279ns (51.086%)  route 9.841ns (48.914%))
  Logic Levels:           11  (CARRY4=5 LUT2=2 LUT3=1 LUT4=1 LUT6=1 OBUF=1)
  Clock Uncertainty:      0.025ns  ((TSJ^2 + TIJ^2)^1/2 + DJ) / 2 + PE
    Total System Jitter     (TSJ):    0.050ns
    Total Input Jitter      (TIJ):    0.000ns
    Discrete Jitter          (DJ):    0.000ns
    Phase Error              (PE):    0.000ns

    Location             Delay type                Incr(ns)  Path(ns)    Netlist Resource(s)
  -------------------------------------------------------------------    -------------------
                         (clock sys_clk_pin rise edge)
                                                      0.000     0.000 r  
    E3                                                0.000     0.000 r  i_clock (IN)
                         net (fo=0)                   0.000     0.000    i_clock
    E3                   IBUF (Prop_ibuf_I_O)         1.489     1.489 r  i_clock_IBUF_inst/O
                         net (fo=1, routed)           1.967     3.455    i_clock_IBUF
    BUFGCTRL_X0Y16       BUFG (Prop_bufg_I_O)         0.096     3.551 r  i_clock_IBUF_BUFG_inst/O
                         net (fo=48, routed)          1.608     5.159    u_cos_calc/u_sin_calc/u_ram_r/U0/inst_blk_mem_gen/gnbram.gnativebmg.native_blk_mem_gen/valid.cstr/ramloop[0].ram.r/prim_init.ram/clka
    RAMB18_X2Y12         RAMB18E1                                     r  u_cos_calc/u_sin_calc/u_ram_r/U0/inst_blk_mem_gen/gnbram.gnativebmg.native_blk_mem_gen/valid.cstr/ramloop[0].ram.r/prim_init.ram/DEVICE_7SERIES.NO_BMM_INFO.SP.SIMPLE_PRIM18.ram/CLKARDCLK
  -------------------------------------------------------------------    -------------------
    RAMB18_X2Y12         RAMB18E1 (Prop_ramb18e1_CLKARDCLK_DOADO[6])
                                                      2.454     7.613 r  u_cos_calc/u_sin_calc/u_ram_r/U0/inst_blk_mem_gen/gnbram.gnativebmg.native_blk_mem_gen/valid.cstr/ramloop[0].ram.r/prim_init.ram/DEVICE_7SERIES.NO_BMM_INFO.SP.SIMPLE_PRIM18.ram/DOADO[6]
                         net (fo=36, routed)          3.019    10.633    u_cos_calc/u_sin_calc/data_cos[6]
    SLICE_X43Y40         LUT2 (Prop_lut2_I1_O)        0.152    10.785 r  u_cos_calc/u_sin_calc/i___0_carry__0_i_10/O
                         net (fo=1, routed)           0.354    11.138    u_cos_calc/u_sin_calc/i___0_carry__0_i_10_n_0
    SLICE_X42Y40         LUT6 (Prop_lut6_I5_O)        0.326    11.464 r  u_cos_calc/u_sin_calc/i___0_carry__0_i_6/O
                         net (fo=1, routed)           0.000    11.464    u_complex_mul/i___84_carry_i_8_3[2]
    SLICE_X42Y40         CARRY4 (Prop_carry4_S[2]_CO[3])
                                                      0.380    11.844 r  u_complex_mul/i_data0_inferred__0/i___0_carry__0/CO[3]
                         net (fo=1, routed)           0.000    11.844    u_complex_mul/i_data0_inferred__0/i___0_carry__0_n_0
    SLICE_X42Y41         CARRY4 (Prop_carry4_CI_O[0])
                                                      0.219    12.063 r  u_complex_mul/i_data0_inferred__0/i___0_carry__1/O[0]
                         net (fo=2, routed)           1.116    13.179    u_complex_mul/i_data0_inferred__0/i___0_carry__1_n_7
    SLICE_X42Y37         LUT3 (Prop_lut3_I1_O)        0.321    13.500 r  u_complex_mul/i___84_carry__0_i_3/O
                         net (fo=2, routed)           0.490    13.990    u_complex_mul/i___84_carry__0_i_3_n_0
    SLICE_X42Y37         LUT4 (Prop_lut4_I3_O)        0.328    14.318 r  u_complex_mul/i___84_carry__0_i_7/O
                         net (fo=1, routed)           0.000    14.318    u_complex_mul/i___84_carry__0_i_7_n_0
    SLICE_X42Y37         CARRY4 (Prop_carry4_S[1]_O[2])
                                                      0.578    14.896 r  u_complex_mul/i_data0_inferred__0/i___84_carry__0/O[2]
                         net (fo=1, routed)           0.447    15.343    u_complex_mul/u_round_q_mul_cos/i_data0[5]
    SLICE_X46Y38         CARRY4 (Prop_carry4_S[1]_O[2])
                                                      0.879    16.222 r  u_complex_mul/u_round_q_mul_cos/o_round0_carry__0/O[2]
                         net (fo=2, routed)           1.203    17.425    u_complex_mul/u_round_q_mul_cos/mul_out_q_rnd_cos[4]
    SLICE_X48Y34         LUT2 (Prop_lut2_I0_O)        0.301    17.726 r  u_complex_mul/u_round_q_mul_cos/o_data_q_carry__0_i_4/O
                         net (fo=1, routed)           0.000    17.726    u_complex_mul/u_round_q_mul_cos_n_18
    SLICE_X48Y34         CARRY4 (Prop_carry4_S[0]_O[3])
                                                      0.606    18.332 r  u_complex_mul/o_data_q_carry__0/O[3]
                         net (fo=11, routed)          3.213    21.545    o_corrected_q_OBUF[7]
    G2                   OBUF (Prop_obuf_I_O)         3.735    25.279 r  o_corrected_q_OBUF[7]_inst/O
                         net (fo=0)                   0.000    25.279    o_corrected_q[7]
    G2                                                                r  o_corrected_q[7] (OUT)
  -------------------------------------------------------------------    -------------------

Slack:                    inf
  Source:                 u_cos_calc/u_sin_calc/u_ram_r/U0/inst_blk_mem_gen/gnbram.gnativebmg.native_blk_mem_gen/valid.cstr/ramloop[0].ram.r/prim_init.ram/DEVICE_7SERIES.NO_BMM_INFO.SP.SIMPLE_PRIM18.ram/CLKARDCLK
                            (rising edge-triggered cell RAMB18E1 clocked by sys_clk_pin  {rise@0.000ns fall@10.000ns period=20.000ns})
  Destination:            o_corrected_q[5]
                            (output port)
  Path Group:             (none)
  Path Type:              Max at Slow Process Corner
  Data Path Delay:        20.095ns  (logic 10.096ns (50.240%)  route 9.999ns (49.760%))
  Logic Levels:           11  (CARRY4=5 LUT2=2 LUT3=1 LUT4=1 LUT6=1 OBUF=1)
  Clock Uncertainty:      0.025ns  ((TSJ^2 + TIJ^2)^1/2 + DJ) / 2 + PE
    Total System Jitter     (TSJ):    0.050ns
    Total Input Jitter      (TIJ):    0.000ns
    Discrete Jitter          (DJ):    0.000ns
    Phase Error              (PE):    0.000ns

    Location             Delay type                Incr(ns)  Path(ns)    Netlist Resource(s)
  -------------------------------------------------------------------    -------------------
                         (clock sys_clk_pin rise edge)
                                                      0.000     0.000 r  
    E3                                                0.000     0.000 r  i_clock (IN)
                         net (fo=0)                   0.000     0.000    i_clock
    E3                   IBUF (Prop_ibuf_I_O)         1.489     1.489 r  i_clock_IBUF_inst/O
                         net (fo=1, routed)           1.967     3.455    i_clock_IBUF
    BUFGCTRL_X0Y16       BUFG (Prop_bufg_I_O)         0.096     3.551 r  i_clock_IBUF_BUFG_inst/O
                         net (fo=48, routed)          1.608     5.159    u_cos_calc/u_sin_calc/u_ram_r/U0/inst_blk_mem_gen/gnbram.gnativebmg.native_blk_mem_gen/valid.cstr/ramloop[0].ram.r/prim_init.ram/clka
    RAMB18_X2Y12         RAMB18E1                                     r  u_cos_calc/u_sin_calc/u_ram_r/U0/inst_blk_mem_gen/gnbram.gnativebmg.native_blk_mem_gen/valid.cstr/ramloop[0].ram.r/prim_init.ram/DEVICE_7SERIES.NO_BMM_INFO.SP.SIMPLE_PRIM18.ram/CLKARDCLK
  -------------------------------------------------------------------    -------------------
    RAMB18_X2Y12         RAMB18E1 (Prop_ramb18e1_CLKARDCLK_DOADO[6])
                                                      2.454     7.613 r  u_cos_calc/u_sin_calc/u_ram_r/U0/inst_blk_mem_gen/gnbram.gnativebmg.native_blk_mem_gen/valid.cstr/ramloop[0].ram.r/prim_init.ram/DEVICE_7SERIES.NO_BMM_INFO.SP.SIMPLE_PRIM18.ram/DOADO[6]
                         net (fo=36, routed)          3.019    10.633    u_cos_calc/u_sin_calc/data_cos[6]
    SLICE_X43Y40         LUT2 (Prop_lut2_I1_O)        0.152    10.785 r  u_cos_calc/u_sin_calc/i___0_carry__0_i_10/O
                         net (fo=1, routed)           0.354    11.138    u_cos_calc/u_sin_calc/i___0_carry__0_i_10_n_0
    SLICE_X42Y40         LUT6 (Prop_lut6_I5_O)        0.326    11.464 r  u_cos_calc/u_sin_calc/i___0_carry__0_i_6/O
                         net (fo=1, routed)           0.000    11.464    u_complex_mul/i___84_carry_i_8_3[2]
    SLICE_X42Y40         CARRY4 (Prop_carry4_S[2]_CO[3])
                                                      0.380    11.844 r  u_complex_mul/i_data0_inferred__0/i___0_carry__0/CO[3]
                         net (fo=1, routed)           0.000    11.844    u_complex_mul/i_data0_inferred__0/i___0_carry__0_n_0
    SLICE_X42Y41         CARRY4 (Prop_carry4_CI_O[0])
                                                      0.219    12.063 r  u_complex_mul/i_data0_inferred__0/i___0_carry__1/O[0]
                         net (fo=2, routed)           1.116    13.179    u_complex_mul/i_data0_inferred__0/i___0_carry__1_n_7
    SLICE_X42Y37         LUT3 (Prop_lut3_I1_O)        0.321    13.500 r  u_complex_mul/i___84_carry__0_i_3/O
                         net (fo=2, routed)           0.490    13.990    u_complex_mul/i___84_carry__0_i_3_n_0
    SLICE_X42Y37         LUT4 (Prop_lut4_I3_O)        0.328    14.318 r  u_complex_mul/i___84_carry__0_i_7/O
                         net (fo=1, routed)           0.000    14.318    u_complex_mul/i___84_carry__0_i_7_n_0
    SLICE_X42Y37         CARRY4 (Prop_carry4_S[1]_O[2])
                                                      0.578    14.896 r  u_complex_mul/i_data0_inferred__0/i___84_carry__0/O[2]
                         net (fo=1, routed)           0.447    15.343    u_complex_mul/u_round_q_mul_cos/i_data0[5]
    SLICE_X46Y38         CARRY4 (Prop_carry4_S[1]_O[2])
                                                      0.879    16.222 r  u_complex_mul/u_round_q_mul_cos/o_round0_carry__0/O[2]
                         net (fo=2, routed)           1.203    17.425    u_complex_mul/u_round_q_mul_cos/mul_out_q_rnd_cos[4]
    SLICE_X48Y34         LUT2 (Prop_lut2_I0_O)        0.301    17.726 r  u_complex_mul/u_round_q_mul_cos/o_data_q_carry__0_i_4/O
                         net (fo=1, routed)           0.000    17.726    u_complex_mul/u_round_q_mul_cos_n_18
    SLICE_X48Y34         CARRY4 (Prop_carry4_S[0]_O[1])
                                                      0.424    18.150 r  u_complex_mul/o_data_q_carry__0/O[1]
                         net (fo=4, routed)           3.371    21.521    o_corrected_q_OBUF[5]
    D2                   OBUF (Prop_obuf_I_O)         3.734    25.254 r  o_corrected_q_OBUF[5]_inst/O
                         net (fo=0)                   0.000    25.254    o_corrected_q[5]
    D2                                                                r  o_corrected_q[5] (OUT)
  -------------------------------------------------------------------    -------------------

Slack:                    inf
  Source:                 u_sin_calc/u_ram_r/U0/inst_blk_mem_gen/gnbram.gnativebmg.native_blk_mem_gen/valid.cstr/ramloop[0].ram.r/prim_init.ram/DEVICE_7SERIES.NO_BMM_INFO.SP.SIMPLE_PRIM18.ram/CLKARDCLK
                            (rising edge-triggered cell RAMB18E1 clocked by sys_clk_pin  {rise@0.000ns fall@10.000ns period=20.000ns})
  Destination:            o_corrected_i[5]
                            (output port)
  Path Group:             (none)
  Path Type:              Max at Slow Process Corner
  Data Path Delay:        19.963ns  (logic 10.084ns (50.516%)  route 9.878ns (49.484%))
  Logic Levels:           12  (CARRY4=6 LUT2=2 LUT3=1 LUT4=1 LUT6=1 OBUF=1)
  Clock Uncertainty:      0.025ns  ((TSJ^2 + TIJ^2)^1/2 + DJ) / 2 + PE
    Total System Jitter     (TSJ):    0.050ns
    Total Input Jitter      (TIJ):    0.000ns
    Discrete Jitter          (DJ):    0.000ns
    Phase Error              (PE):    0.000ns

    Location             Delay type                Incr(ns)  Path(ns)    Netlist Resource(s)
  -------------------------------------------------------------------    -------------------
                         (clock sys_clk_pin rise edge)
                                                      0.000     0.000 r  
    E3                                                0.000     0.000 r  i_clock (IN)
                         net (fo=0)                   0.000     0.000    i_clock
    E3                   IBUF (Prop_ibuf_I_O)         1.489     1.489 r  i_clock_IBUF_inst/O
                         net (fo=1, routed)           1.967     3.455    i_clock_IBUF
    BUFGCTRL_X0Y16       BUFG (Prop_bufg_I_O)         0.096     3.551 r  i_clock_IBUF_BUFG_inst/O
                         net (fo=48, routed)          1.608     5.159    u_sin_calc/u_ram_r/U0/inst_blk_mem_gen/gnbram.gnativebmg.native_blk_mem_gen/valid.cstr/ramloop[0].ram.r/prim_init.ram/clka
    RAMB18_X2Y13         RAMB18E1                                     r  u_sin_calc/u_ram_r/U0/inst_blk_mem_gen/gnbram.gnativebmg.native_blk_mem_gen/valid.cstr/ramloop[0].ram.r/prim_init.ram/DEVICE_7SERIES.NO_BMM_INFO.SP.SIMPLE_PRIM18.ram/CLKARDCLK
  -------------------------------------------------------------------    -------------------
    RAMB18_X2Y13         RAMB18E1 (Prop_ramb18e1_CLKARDCLK_DOADO[1])
                                                      2.454     7.613 r  u_sin_calc/u_ram_r/U0/inst_blk_mem_gen/gnbram.gnativebmg.native_blk_mem_gen/valid.cstr/ramloop[0].ram.r/prim_init.ram/DEVICE_7SERIES.NO_BMM_INFO.SP.SIMPLE_PRIM18.ram/DOADO[1]
                         net (fo=38, routed)          2.651    10.264    u_sin_calc/data_sin[1]
    SLICE_X43Y33         LUT2 (Prop_lut2_I0_O)        0.150    10.414 r  u_sin_calc/i___30_carry_i_8__0/O
                         net (fo=1, routed)           0.591    11.005    u_sin_calc/i___30_carry_i_8__0_n_0
    SLICE_X44Y31         LUT6 (Prop_lut6_I5_O)        0.326    11.331 r  u_sin_calc/i___30_carry_i_4__0/O
                         net (fo=1, routed)           0.000    11.331    u_complex_mul/i___84_carry_i_8__0_5[3]
    SLICE_X44Y31         CARRY4 (Prop_carry4_S[3]_CO[3])
                                                      0.401    11.732 r  u_complex_mul/i_data0_inferred__1/i___30_carry/CO[3]
                         net (fo=1, routed)           0.000    11.732    u_complex_mul/i_data0_inferred__1/i___30_carry_n_0
    SLICE_X44Y32         CARRY4 (Prop_carry4_CI_O[0])
                                                      0.222    11.954 r  u_complex_mul/i_data0_inferred__1/i___30_carry__0/O[0]
                         net (fo=2, routed)           0.964    12.918    u_complex_mul/i_data0_inferred__1/i___30_carry__0_n_7
    SLICE_X47Y34         LUT3 (Prop_lut3_I2_O)        0.324    13.242 r  u_complex_mul/i___84_carry__0_i_4__0/O
                         net (fo=2, routed)           0.645    13.887    u_complex_mul/i___84_carry__0_i_4__0_n_0
    SLICE_X47Y35         LUT4 (Prop_lut4_I3_O)        0.332    14.219 r  u_complex_mul/i___84_carry__0_i_8__0/O
                         net (fo=1, routed)           0.000    14.219    u_complex_mul/i___84_carry__0_i_8__0_n_0
    SLICE_X47Y35         CARRY4 (Prop_carry4_S[0]_O[1])
                                                      0.424    14.643 r  u_complex_mul/i_data0_inferred__1/i___84_carry__0/O[1]
                         net (fo=1, routed)           0.773    15.416    u_complex_mul/u_round_q_mul_sin/o_data_i_carry_i_2[1]
    SLICE_X46Y35         CARRY4 (Prop_carry4_S[0]_O[1])
                                                      0.730    16.146 r  u_complex_mul/u_round_q_mul_sin/o_round0_carry__0/O[1]
                         net (fo=1, routed)           0.877    17.022    u_complex_mul/u_round_i_mul_cos/mul_out_q_rnd_sin[3]
    SLICE_X46Y30         LUT2 (Prop_lut2_I1_O)        0.306    17.328 r  u_complex_mul/u_round_i_mul_cos/o_data_i_carry_i_1/O
                         net (fo=1, routed)           0.000    17.328    u_complex_mul/u_round_i_mul_cos_n_17
    SLICE_X46Y30         CARRY4 (Prop_carry4_S[3]_CO[3])
                                                      0.376    17.704 r  u_complex_mul/o_data_i_carry/CO[3]
                         net (fo=1, routed)           0.000    17.704    u_complex_mul/o_data_i_carry_n_0
    SLICE_X46Y31         CARRY4 (Prop_carry4_CI_O[1])
                                                      0.323    18.027 r  u_complex_mul/o_data_i_carry__0/O[1]
                         net (fo=4, routed)           3.378    21.406    o_corrected_i_OBUF[5]
    V14                  OBUF (Prop_obuf_I_O)         3.716    25.122 r  o_corrected_i_OBUF[5]_inst/O
                         net (fo=0)                   0.000    25.122    o_corrected_i[5]
    V14                                                               r  o_corrected_i[5] (OUT)
  -------------------------------------------------------------------    -------------------

Slack:                    inf
  Source:                 u_cos_calc/u_sin_calc/u_ram_r/U0/inst_blk_mem_gen/gnbram.gnativebmg.native_blk_mem_gen/valid.cstr/ramloop[0].ram.r/prim_init.ram/DEVICE_7SERIES.NO_BMM_INFO.SP.SIMPLE_PRIM18.ram/CLKARDCLK
                            (rising edge-triggered cell RAMB18E1 clocked by sys_clk_pin  {rise@0.000ns fall@10.000ns period=20.000ns})
  Destination:            o_corrected_q[4]
                            (output port)
  Path Group:             (none)
  Path Type:              Max at Slow Process Corner
  Data Path Delay:        19.918ns  (logic 9.916ns (49.785%)  route 10.002ns (50.215%))
  Logic Levels:           11  (CARRY4=5 LUT2=2 LUT3=1 LUT4=1 LUT6=1 OBUF=1)
  Clock Uncertainty:      0.025ns  ((TSJ^2 + TIJ^2)^1/2 + DJ) / 2 + PE
    Total System Jitter     (TSJ):    0.050ns
    Total Input Jitter      (TIJ):    0.000ns
    Discrete Jitter          (DJ):    0.000ns
    Phase Error              (PE):    0.000ns

    Location             Delay type                Incr(ns)  Path(ns)    Netlist Resource(s)
  -------------------------------------------------------------------    -------------------
                         (clock sys_clk_pin rise edge)
                                                      0.000     0.000 r  
    E3                                                0.000     0.000 r  i_clock (IN)
                         net (fo=0)                   0.000     0.000    i_clock
    E3                   IBUF (Prop_ibuf_I_O)         1.489     1.489 r  i_clock_IBUF_inst/O
                         net (fo=1, routed)           1.967     3.455    i_clock_IBUF
    BUFGCTRL_X0Y16       BUFG (Prop_bufg_I_O)         0.096     3.551 r  i_clock_IBUF_BUFG_inst/O
                         net (fo=48, routed)          1.608     5.159    u_cos_calc/u_sin_calc/u_ram_r/U0/inst_blk_mem_gen/gnbram.gnativebmg.native_blk_mem_gen/valid.cstr/ramloop[0].ram.r/prim_init.ram/clka
    RAMB18_X2Y12         RAMB18E1                                     r  u_cos_calc/u_sin_calc/u_ram_r/U0/inst_blk_mem_gen/gnbram.gnativebmg.native_blk_mem_gen/valid.cstr/ramloop[0].ram.r/prim_init.ram/DEVICE_7SERIES.NO_BMM_INFO.SP.SIMPLE_PRIM18.ram/CLKARDCLK
  -------------------------------------------------------------------    -------------------
    RAMB18_X2Y12         RAMB18E1 (Prop_ramb18e1_CLKARDCLK_DOADO[6])
                                                      2.454     7.613 r  u_cos_calc/u_sin_calc/u_ram_r/U0/inst_blk_mem_gen/gnbram.gnativebmg.native_blk_mem_gen/valid.cstr/ramloop[0].ram.r/prim_init.ram/DEVICE_7SERIES.NO_BMM_INFO.SP.SIMPLE_PRIM18.ram/DOADO[6]
                         net (fo=36, routed)          3.019    10.633    u_cos_calc/u_sin_calc/data_cos[6]
    SLICE_X43Y40         LUT2 (Prop_lut2_I1_O)        0.152    10.785 r  u_cos_calc/u_sin_calc/i___0_carry__0_i_10/O
                         net (fo=1, routed)           0.354    11.138    u_cos_calc/u_sin_calc/i___0_carry__0_i_10_n_0
    SLICE_X42Y40         LUT6 (Prop_lut6_I5_O)        0.326    11.464 r  u_cos_calc/u_sin_calc/i___0_carry__0_i_6/O
                         net (fo=1, routed)           0.000    11.464    u_complex_mul/i___84_carry_i_8_3[2]
    SLICE_X42Y40         CARRY4 (Prop_carry4_S[2]_CO[3])
                                                      0.380    11.844 r  u_complex_mul/i_data0_inferred__0/i___0_carry__0/CO[3]
                         net (fo=1, routed)           0.000    11.844    u_complex_mul/i_data0_inferred__0/i___0_carry__0_n_0
    SLICE_X42Y41         CARRY4 (Prop_carry4_CI_O[0])
                                                      0.219    12.063 r  u_complex_mul/i_data0_inferred__0/i___0_carry__1/O[0]
                         net (fo=2, routed)           1.116    13.179    u_complex_mul/i_data0_inferred__0/i___0_carry__1_n_7
    SLICE_X42Y37         LUT3 (Prop_lut3_I1_O)        0.321    13.500 r  u_complex_mul/i___84_carry__0_i_3/O
                         net (fo=2, routed)           0.490    13.990    u_complex_mul/i___84_carry__0_i_3_n_0
    SLICE_X42Y37         LUT4 (Prop_lut4_I3_O)        0.328    14.318 r  u_complex_mul/i___84_carry__0_i_7/O
                         net (fo=1, routed)           0.000    14.318    u_complex_mul/i___84_carry__0_i_7_n_0
    SLICE_X42Y37         CARRY4 (Prop_carry4_S[1]_O[2])
                                                      0.578    14.896 r  u_complex_mul/i_data0_inferred__0/i___84_carry__0/O[2]
                         net (fo=1, routed)           0.447    15.343    u_complex_mul/u_round_q_mul_cos/i_data0[5]
    SLICE_X46Y38         CARRY4 (Prop_carry4_S[1]_O[2])
                                                      0.879    16.222 r  u_complex_mul/u_round_q_mul_cos/o_round0_carry__0/O[2]
                         net (fo=2, routed)           1.203    17.425    u_complex_mul/u_round_q_mul_cos/mul_out_q_rnd_cos[4]
    SLICE_X48Y34         LUT2 (Prop_lut2_I0_O)        0.301    17.726 r  u_complex_mul/u_round_q_mul_cos/o_data_q_carry__0_i_4/O
                         net (fo=1, routed)           0.000    17.726    u_complex_mul/u_round_q_mul_cos_n_18
    SLICE_X48Y34         CARRY4 (Prop_carry4_S[0]_O[0])
                                                      0.247    17.973 r  u_complex_mul/o_data_q_carry__0/O[0]
                         net (fo=4, routed)           3.373    21.346    o_corrected_q_OBUF[4]
    E2                   OBUF (Prop_obuf_I_O)         3.731    25.077 r  o_corrected_q_OBUF[4]_inst/O
                         net (fo=0)                   0.000    25.077    o_corrected_q[4]
    E2                                                                r  o_corrected_q[4] (OUT)
  -------------------------------------------------------------------    -------------------

Slack:                    inf
  Source:                 u_sin_calc/u_ram_r/U0/inst_blk_mem_gen/gnbram.gnativebmg.native_blk_mem_gen/valid.cstr/ramloop[0].ram.r/prim_init.ram/DEVICE_7SERIES.NO_BMM_INFO.SP.SIMPLE_PRIM18.ram/CLKARDCLK
                            (rising edge-triggered cell RAMB18E1 clocked by sys_clk_pin  {rise@0.000ns fall@10.000ns period=20.000ns})
  Destination:            o_corrected_i[2]
                            (output port)
  Path Group:             (none)
  Path Type:              Max at Slow Process Corner
  Data Path Delay:        19.842ns  (logic 9.459ns (47.672%)  route 10.383ns (52.328%))
  Logic Levels:           11  (CARRY4=5 LUT2=2 LUT3=1 LUT4=1 LUT6=1 OBUF=1)
  Clock Uncertainty:      0.025ns  ((TSJ^2 + TIJ^2)^1/2 + DJ) / 2 + PE
    Total System Jitter     (TSJ):    0.050ns
    Total Input Jitter      (TIJ):    0.000ns
    Discrete Jitter          (DJ):    0.000ns
    Phase Error              (PE):    0.000ns

    Location             Delay type                Incr(ns)  Path(ns)    Netlist Resource(s)
  -------------------------------------------------------------------    -------------------
                         (clock sys_clk_pin rise edge)
                                                      0.000     0.000 r  
    E3                                                0.000     0.000 r  i_clock (IN)
                         net (fo=0)                   0.000     0.000    i_clock
    E3                   IBUF (Prop_ibuf_I_O)         1.489     1.489 r  i_clock_IBUF_inst/O
                         net (fo=1, routed)           1.967     3.455    i_clock_IBUF
    BUFGCTRL_X0Y16       BUFG (Prop_bufg_I_O)         0.096     3.551 r  i_clock_IBUF_BUFG_inst/O
                         net (fo=48, routed)          1.608     5.159    u_sin_calc/u_ram_r/U0/inst_blk_mem_gen/gnbram.gnativebmg.native_blk_mem_gen/valid.cstr/ramloop[0].ram.r/prim_init.ram/clka
    RAMB18_X2Y13         RAMB18E1                                     r  u_sin_calc/u_ram_r/U0/inst_blk_mem_gen/gnbram.gnativebmg.native_blk_mem_gen/valid.cstr/ramloop[0].ram.r/prim_init.ram/DEVICE_7SERIES.NO_BMM_INFO.SP.SIMPLE_PRIM18.ram/CLKARDCLK
  -------------------------------------------------------------------    -------------------
    RAMB18_X2Y13         RAMB18E1 (Prop_ramb18e1_CLKARDCLK_DOADO[1])
                                                      2.454     7.613 r  u_sin_calc/u_ram_r/U0/inst_blk_mem_gen/gnbram.gnativebmg.native_blk_mem_gen/valid.cstr/ramloop[0].ram.r/prim_init.ram/DEVICE_7SERIES.NO_BMM_INFO.SP.SIMPLE_PRIM18.ram/DOADO[1]
                         net (fo=38, routed)          2.651    10.264    u_sin_calc/data_sin[1]
    SLICE_X43Y33         LUT2 (Prop_lut2_I0_O)        0.150    10.414 r  u_sin_calc/i___30_carry_i_8__0/O
                         net (fo=1, routed)           0.591    11.005    u_sin_calc/i___30_carry_i_8__0_n_0
    SLICE_X44Y31         LUT6 (Prop_lut6_I5_O)        0.326    11.331 r  u_sin_calc/i___30_carry_i_4__0/O
                         net (fo=1, routed)           0.000    11.331    u_complex_mul/i___84_carry_i_8__0_5[3]
    SLICE_X44Y31         CARRY4 (Prop_carry4_S[3]_CO[3])
                                                      0.401    11.732 r  u_complex_mul/i_data0_inferred__1/i___30_carry/CO[3]
                         net (fo=1, routed)           0.000    11.732    u_complex_mul/i_data0_inferred__1/i___30_carry_n_0
    SLICE_X44Y32         CARRY4 (Prop_carry4_CI_O[0])
                                                      0.222    11.954 r  u_complex_mul/i_data0_inferred__1/i___30_carry__0/O[0]
                         net (fo=2, routed)           0.964    12.918    u_complex_mul/i_data0_inferred__1/i___30_carry__0_n_7
    SLICE_X47Y34         LUT3 (Prop_lut3_I2_O)        0.324    13.242 r  u_complex_mul/i___84_carry__0_i_4__0/O
                         net (fo=2, routed)           0.645    13.887    u_complex_mul/i___84_carry__0_i_4__0_n_0
    SLICE_X47Y35         LUT4 (Prop_lut4_I3_O)        0.332    14.219 r  u_complex_mul/i___84_carry__0_i_8__0/O
                         net (fo=1, routed)           0.000    14.219    u_complex_mul/i___84_carry__0_i_8__0_n_0
    SLICE_X47Y35         CARRY4 (Prop_carry4_S[0]_O[1])
                                                      0.424    14.643 r  u_complex_mul/i_data0_inferred__1/i___84_carry__0/O[1]
                         net (fo=1, routed)           0.773    15.416    u_complex_mul/u_round_q_mul_sin/o_data_i_carry_i_2[1]
    SLICE_X46Y35         CARRY4 (Prop_carry4_S[0]_O[0])
                                                      0.555    15.971 r  u_complex_mul/u_round_q_mul_sin/o_round0_carry__0/O[0]
                         net (fo=1, routed)           0.944    16.915    u_complex_mul/u_round_i_mul_cos/mul_out_q_rnd_sin[2]
    SLICE_X46Y30         LUT2 (Prop_lut2_I1_O)        0.295    17.210 r  u_complex_mul/u_round_i_mul_cos/o_data_i_carry_i_2/O
                         net (fo=1, routed)           0.000    17.210    u_complex_mul/u_round_i_mul_cos_n_18
    SLICE_X46Y30         CARRY4 (Prop_carry4_S[2]_O[2])
                                                      0.250    17.460 r  u_complex_mul/o_data_i_carry/O[2]
                         net (fo=6, routed)           3.815    21.275    o_corrected_i_OBUF[2]
    V10                  OBUF (Prop_obuf_I_O)         3.726    25.001 r  o_corrected_i_OBUF[2]_inst/O
                         net (fo=0)                   0.000    25.001    o_corrected_i[2]
    V10                                                               r  o_corrected_i[2] (OUT)
  -------------------------------------------------------------------    -------------------





Min Delay Paths
--------------------------------------------------------------------------------------
Slack:                    inf
  Source:                 u_sin_calc/u_ram_r/U0/inst_blk_mem_gen/gnbram.gnativebmg.native_blk_mem_gen/valid.cstr/ramloop[0].ram.r/prim_init.ram/DEVICE_7SERIES.NO_BMM_INFO.SP.SIMPLE_PRIM18.ram/CLKARDCLK
                            (rising edge-triggered cell RAMB18E1 clocked by sys_clk_pin  {rise@0.000ns fall@10.000ns period=20.000ns})
  Destination:            o_corrected_q[7]
                            (output port)
  Path Group:             (none)
  Path Type:              Min at Fast Process Corner
  Data Path Delay:        4.537ns  (logic 2.512ns (55.377%)  route 2.024ns (44.623%))
  Logic Levels:           8  (CARRY4=5 LUT2=1 LUT6=1 OBUF=1)
  Clock Uncertainty:      0.025ns  ((TSJ^2 + TIJ^2)^1/2 + DJ) / 2 + PE
    Total System Jitter     (TSJ):    0.050ns
    Total Input Jitter      (TIJ):    0.000ns
    Discrete Jitter          (DJ):    0.000ns
    Phase Error              (PE):    0.000ns

    Location             Delay type                Incr(ns)  Path(ns)    Netlist Resource(s)
  -------------------------------------------------------------------    -------------------
                         (clock sys_clk_pin rise edge)
                                                      0.000     0.000 r  
    E3                                                0.000     0.000 r  i_clock (IN)
                         net (fo=0)                   0.000     0.000    i_clock
    E3                   IBUF (Prop_ibuf_I_O)         0.257     0.257 r  i_clock_IBUF_inst/O
                         net (fo=1, routed)           0.631     0.888    i_clock_IBUF
    BUFGCTRL_X0Y16       BUFG (Prop_bufg_I_O)         0.026     0.914 r  i_clock_IBUF_BUFG_inst/O
                         net (fo=48, routed)          0.607     1.521    u_sin_calc/u_ram_r/U0/inst_blk_mem_gen/gnbram.gnativebmg.native_blk_mem_gen/valid.cstr/ramloop[0].ram.r/prim_init.ram/clka
    RAMB18_X2Y13         RAMB18E1                                     r  u_sin_calc/u_ram_r/U0/inst_blk_mem_gen/gnbram.gnativebmg.native_blk_mem_gen/valid.cstr/ramloop[0].ram.r/prim_init.ram/DEVICE_7SERIES.NO_BMM_INFO.SP.SIMPLE_PRIM18.ram/CLKARDCLK
  -------------------------------------------------------------------    -------------------
    RAMB18_X2Y13         RAMB18E1 (Prop_ramb18e1_CLKARDCLK_DOADO[0])
                                                      0.585     2.106 r  u_sin_calc/u_ram_r/U0/inst_blk_mem_gen/gnbram.gnativebmg.native_blk_mem_gen/valid.cstr/ramloop[0].ram.r/prim_init.ram/DEVICE_7SERIES.NO_BMM_INFO.SP.SIMPLE_PRIM18.ram/DOADO[0]
                         net (fo=30, routed)          0.578     2.684    u_complex_mul/douta[0]
    SLICE_X53Y36         LUT6 (Prop_lut6_I4_O)        0.045     2.729 r  u_complex_mul/i_data0__84_carry_i_6/O
                         net (fo=1, routed)           0.000     2.729    u_complex_mul/i_data0__84_carry_i_6_n_0
    SLICE_X53Y36         CARRY4 (Prop_carry4_S[2]_CO[3])
                                                      0.115     2.844 r  u_complex_mul/i_data0__84_carry/CO[3]
                         net (fo=1, routed)           0.000     2.844    u_complex_mul/i_data0__84_carry_n_0
    SLICE_X53Y37         CARRY4 (Prop_carry4_CI_CO[3])
                                                      0.039     2.883 r  u_complex_mul/i_data0__84_carry__0/CO[3]
                         net (fo=1, routed)           0.000     2.883    u_complex_mul/i_data0__84_carry__0_n_0
    SLICE_X53Y38         CARRY4 (Prop_carry4_CI_O[2])
                                                      0.065     2.948 r  u_complex_mul/i_data0__84_carry__1/O[2]
                         net (fo=1, routed)           0.158     3.107    u_complex_mul/u_round_i_mul_sin/o_data_q_carry__0_i_2[2]
    SLICE_X50Y37         CARRY4 (Prop_carry4_S[1]_O[1])
                                                      0.174     3.281 r  u_complex_mul/u_round_i_mul_sin/o_round0_carry__1/O[1]
                         net (fo=1, routed)           0.220     3.500    u_cos_calc/u_sin_calc/s_quadrature_r_reg_0[1]
    SLICE_X48Y34         LUT2 (Prop_lut2_I1_O)        0.108     3.608 r  u_cos_calc/u_sin_calc/o_data_q_carry__0_i_1/O
                         net (fo=1, routed)           0.000     3.608    u_complex_mul/s_quadrature_r_reg[1]
    SLICE_X48Y34         CARRY4 (Prop_carry4_S[3]_O[3])
                                                      0.063     3.671 r  u_complex_mul/o_data_q_carry__0/O[3]
                         net (fo=11, routed)          1.068     4.739    o_corrected_q_OBUF[7]
    G2                   OBUF (Prop_obuf_I_O)         1.318     6.058 r  o_corrected_q_OBUF[7]_inst/O
                         net (fo=0)                   0.000     6.058    o_corrected_q[7]
    G2                                                                r  o_corrected_q[7] (OUT)
  -------------------------------------------------------------------    -------------------

Slack:                    inf
  Source:                 u_sin_calc/u_ram_r/U0/inst_blk_mem_gen/gnbram.gnativebmg.native_blk_mem_gen/valid.cstr/ramloop[0].ram.r/prim_init.ram/DEVICE_7SERIES.NO_BMM_INFO.SP.SIMPLE_PRIM18.ram/CLKARDCLK
                            (rising edge-triggered cell RAMB18E1 clocked by sys_clk_pin  {rise@0.000ns fall@10.000ns period=20.000ns})
  Destination:            o_corrected_q[5]
                            (output port)
  Path Group:             (none)
  Path Type:              Min at Fast Process Corner
  Data Path Delay:        4.545ns  (logic 2.502ns (55.058%)  route 2.042ns (44.942%))
  Logic Levels:           8  (CARRY4=5 LUT2=1 LUT6=1 OBUF=1)
  Clock Uncertainty:      0.025ns  ((TSJ^2 + TIJ^2)^1/2 + DJ) / 2 + PE
    Total System Jitter     (TSJ):    0.050ns
    Total Input Jitter      (TIJ):    0.000ns
    Discrete Jitter          (DJ):    0.000ns
    Phase Error              (PE):    0.000ns

    Location             Delay type                Incr(ns)  Path(ns)    Netlist Resource(s)
  -------------------------------------------------------------------    -------------------
                         (clock sys_clk_pin rise edge)
                                                      0.000     0.000 r  
    E3                                                0.000     0.000 r  i_clock (IN)
                         net (fo=0)                   0.000     0.000    i_clock
    E3                   IBUF (Prop_ibuf_I_O)         0.257     0.257 r  i_clock_IBUF_inst/O
                         net (fo=1, routed)           0.631     0.888    i_clock_IBUF
    BUFGCTRL_X0Y16       BUFG (Prop_bufg_I_O)         0.026     0.914 r  i_clock_IBUF_BUFG_inst/O
                         net (fo=48, routed)          0.607     1.521    u_sin_calc/u_ram_r/U0/inst_blk_mem_gen/gnbram.gnativebmg.native_blk_mem_gen/valid.cstr/ramloop[0].ram.r/prim_init.ram/clka
    RAMB18_X2Y13         RAMB18E1                                     r  u_sin_calc/u_ram_r/U0/inst_blk_mem_gen/gnbram.gnativebmg.native_blk_mem_gen/valid.cstr/ramloop[0].ram.r/prim_init.ram/DEVICE_7SERIES.NO_BMM_INFO.SP.SIMPLE_PRIM18.ram/CLKARDCLK
  -------------------------------------------------------------------    -------------------
    RAMB18_X2Y13         RAMB18E1 (Prop_ramb18e1_CLKARDCLK_DOADO[0])
                                                      0.585     2.106 r  u_sin_calc/u_ram_r/U0/inst_blk_mem_gen/gnbram.gnativebmg.native_blk_mem_gen/valid.cstr/ramloop[0].ram.r/prim_init.ram/DEVICE_7SERIES.NO_BMM_INFO.SP.SIMPLE_PRIM18.ram/DOADO[0]
                         net (fo=30, routed)          0.578     2.684    u_complex_mul/douta[0]
    SLICE_X53Y36         LUT6 (Prop_lut6_I4_O)        0.045     2.729 r  u_complex_mul/i_data0__84_carry_i_6/O
                         net (fo=1, routed)           0.000     2.729    u_complex_mul/i_data0__84_carry_i_6_n_0
    SLICE_X53Y36         CARRY4 (Prop_carry4_S[2]_CO[3])
                                                      0.115     2.844 r  u_complex_mul/i_data0__84_carry/CO[3]
                         net (fo=1, routed)           0.000     2.844    u_complex_mul/i_data0__84_carry_n_0
    SLICE_X53Y37         CARRY4 (Prop_carry4_CI_CO[3])
                                                      0.039     2.883 r  u_complex_mul/i_data0__84_carry__0/CO[3]
                         net (fo=1, routed)           0.000     2.883    u_complex_mul/i_data0__84_carry__0_n_0
    SLICE_X53Y38         CARRY4 (Prop_carry4_CI_O[0])
                                                      0.054     2.937 r  u_complex_mul/i_data0__84_carry__1/O[0]
                         net (fo=1, routed)           0.159     3.096    u_complex_mul/u_round_i_mul_sin/o_data_q_carry__0_i_2[0]
    SLICE_X50Y36         CARRY4 (Prop_carry4_S[3]_O[3])
                                                      0.171     3.267 r  u_complex_mul/u_round_i_mul_sin/o_round0_carry__0/O[3]
                         net (fo=1, routed)           0.176     3.443    u_complex_mul/u_round_q_mul_cos/s_quadrature_r_reg[3]
    SLICE_X48Y34         LUT2 (Prop_lut2_I1_O)        0.111     3.554 r  u_complex_mul/u_round_q_mul_cos/o_data_q_carry__0_i_3/O
                         net (fo=1, routed)           0.000     3.554    u_complex_mul/u_round_q_mul_cos_n_17
    SLICE_X48Y34         CARRY4 (Prop_carry4_S[1]_O[1])
                                                      0.065     3.619 r  u_complex_mul/o_data_q_carry__0/O[1]
                         net (fo=4, routed)           1.129     4.748    o_corrected_q_OBUF[5]
    D2                   OBUF (Prop_obuf_I_O)         1.317     6.066 r  o_corrected_q_OBUF[5]_inst/O
                         net (fo=0)                   0.000     6.066    o_corrected_q[5]
    D2                                                                r  o_corrected_q[5] (OUT)
  -------------------------------------------------------------------    -------------------

Slack:                    inf
  Source:                 u_sin_calc/u_ram_r/U0/inst_blk_mem_gen/gnbram.gnativebmg.native_blk_mem_gen/valid.cstr/ramloop[0].ram.r/prim_init.ram/DEVICE_7SERIES.NO_BMM_INFO.SP.SIMPLE_PRIM18.ram/CLKARDCLK
                            (rising edge-triggered cell RAMB18E1 clocked by sys_clk_pin  {rise@0.000ns fall@10.000ns period=20.000ns})
  Destination:            o_corrected_q[1]
                            (output port)
  Path Group:             (none)
  Path Type:              Min at Fast Process Corner
  Data Path Delay:        4.569ns  (logic 2.411ns (52.774%)  route 2.158ns (47.226%))
  Logic Levels:           6  (CARRY4=3 LUT2=1 LUT6=1 OBUF=1)
  Clock Uncertainty:      0.025ns  ((TSJ^2 + TIJ^2)^1/2 + DJ) / 2 + PE
    Total System Jitter     (TSJ):    0.050ns
    Total Input Jitter      (TIJ):    0.000ns
    Discrete Jitter          (DJ):    0.000ns
    Phase Error              (PE):    0.000ns

    Location             Delay type                Incr(ns)  Path(ns)    Netlist Resource(s)
  -------------------------------------------------------------------    -------------------
                         (clock sys_clk_pin rise edge)
                                                      0.000     0.000 r  
    E3                                                0.000     0.000 r  i_clock (IN)
                         net (fo=0)                   0.000     0.000    i_clock
    E3                   IBUF (Prop_ibuf_I_O)         0.257     0.257 r  i_clock_IBUF_inst/O
                         net (fo=1, routed)           0.631     0.888    i_clock_IBUF
    BUFGCTRL_X0Y16       BUFG (Prop_bufg_I_O)         0.026     0.914 r  i_clock_IBUF_BUFG_inst/O
                         net (fo=48, routed)          0.607     1.521    u_sin_calc/u_ram_r/U0/inst_blk_mem_gen/gnbram.gnativebmg.native_blk_mem_gen/valid.cstr/ramloop[0].ram.r/prim_init.ram/clka
    RAMB18_X2Y13         RAMB18E1                                     r  u_sin_calc/u_ram_r/U0/inst_blk_mem_gen/gnbram.gnativebmg.native_blk_mem_gen/valid.cstr/ramloop[0].ram.r/prim_init.ram/DEVICE_7SERIES.NO_BMM_INFO.SP.SIMPLE_PRIM18.ram/CLKARDCLK
  -------------------------------------------------------------------    -------------------
    RAMB18_X2Y13         RAMB18E1 (Prop_ramb18e1_CLKARDCLK_DOADO[0])
                                                      0.585     2.106 r  u_sin_calc/u_ram_r/U0/inst_blk_mem_gen/gnbram.gnativebmg.native_blk_mem_gen/valid.cstr/ramloop[0].ram.r/prim_init.ram/DEVICE_7SERIES.NO_BMM_INFO.SP.SIMPLE_PRIM18.ram/DOADO[0]
                         net (fo=30, routed)          0.578     2.684    u_complex_mul/douta[0]
    SLICE_X53Y36         LUT6 (Prop_lut6_I4_O)        0.045     2.729 r  u_complex_mul/i_data0__84_carry_i_6/O
                         net (fo=1, routed)           0.000     2.729    u_complex_mul/i_data0__84_carry_i_6_n_0
    SLICE_X53Y36         CARRY4 (Prop_carry4_S[2]_O[2])
                                                      0.066     2.795 r  u_complex_mul/i_data0__84_carry/O[2]
                         net (fo=2, routed)           0.168     2.963    u_complex_mul/u_round_i_mul_sin/o_data_q_carry_i_4[1]
    SLICE_X50Y35         CARRY4 (Prop_carry4_DI[1]_O[3])
                                                      0.233     3.196 r  u_complex_mul/u_round_i_mul_sin/o_round0_carry/O[3]
                         net (fo=1, routed)           0.176     3.373    u_complex_mul/u_round_q_mul_cos/o_data_q_carry[1]
    SLICE_X48Y33         LUT2 (Prop_lut2_I1_O)        0.111     3.484 r  u_complex_mul/u_round_q_mul_cos/o_data_q_carry_i_3/O
                         net (fo=1, routed)           0.000     3.484    u_complex_mul/u_round_q_mul_cos_n_21
    SLICE_X48Y33         CARRY4 (Prop_carry4_S[1]_O[1])
                                                      0.065     3.549 r  u_complex_mul/o_data_q_carry/O[1]
                         net (fo=7, routed)           1.235     4.784    o_corrected_q_OBUF[1]
    D3                   OBUF (Prop_obuf_I_O)         1.306     6.090 r  o_corrected_q_OBUF[1]_inst/O
                         net (fo=0)                   0.000     6.090    o_corrected_q[1]
    D3                                                                r  o_corrected_q[1] (OUT)
  -------------------------------------------------------------------    -------------------

Slack:                    inf
  Source:                 u_sin_calc/u_ram_r/U0/inst_blk_mem_gen/gnbram.gnativebmg.native_blk_mem_gen/valid.cstr/ramloop[0].ram.r/prim_init.ram/DEVICE_7SERIES.NO_BMM_INFO.SP.SIMPLE_PRIM18.ram/CLKARDCLK
                            (rising edge-triggered cell RAMB18E1 clocked by sys_clk_pin  {rise@0.000ns fall@10.000ns period=20.000ns})
  Destination:            o_corrected_q[6]
                            (output port)
  Path Group:             (none)
  Path Type:              Min at Fast Process Corner
  Data Path Delay:        4.603ns  (logic 2.574ns (55.917%)  route 2.029ns (44.083%))
  Logic Levels:           7  (CARRY4=4 LUT2=1 LUT6=1 OBUF=1)
  Clock Uncertainty:      0.025ns  ((TSJ^2 + TIJ^2)^1/2 + DJ) / 2 + PE
    Total System Jitter     (TSJ):    0.050ns
    Total Input Jitter      (TIJ):    0.000ns
    Discrete Jitter          (DJ):    0.000ns
    Phase Error              (PE):    0.000ns

    Location             Delay type                Incr(ns)  Path(ns)    Netlist Resource(s)
  -------------------------------------------------------------------    -------------------
                         (clock sys_clk_pin rise edge)
                                                      0.000     0.000 r  
    E3                                                0.000     0.000 r  i_clock (IN)
                         net (fo=0)                   0.000     0.000    i_clock
    E3                   IBUF (Prop_ibuf_I_O)         0.257     0.257 r  i_clock_IBUF_inst/O
                         net (fo=1, routed)           0.631     0.888    i_clock_IBUF
    BUFGCTRL_X0Y16       BUFG (Prop_bufg_I_O)         0.026     0.914 r  i_clock_IBUF_BUFG_inst/O
                         net (fo=48, routed)          0.607     1.521    u_sin_calc/u_ram_r/U0/inst_blk_mem_gen/gnbram.gnativebmg.native_blk_mem_gen/valid.cstr/ramloop[0].ram.r/prim_init.ram/clka
    RAMB18_X2Y13         RAMB18E1                                     r  u_sin_calc/u_ram_r/U0/inst_blk_mem_gen/gnbram.gnativebmg.native_blk_mem_gen/valid.cstr/ramloop[0].ram.r/prim_init.ram/DEVICE_7SERIES.NO_BMM_INFO.SP.SIMPLE_PRIM18.ram/CLKARDCLK
  -------------------------------------------------------------------    -------------------
    RAMB18_X2Y13         RAMB18E1 (Prop_ramb18e1_CLKARDCLK_DOADO[0])
                                                      0.585     2.106 r  u_sin_calc/u_ram_r/U0/inst_blk_mem_gen/gnbram.gnativebmg.native_blk_mem_gen/valid.cstr/ramloop[0].ram.r/prim_init.ram/DEVICE_7SERIES.NO_BMM_INFO.SP.SIMPLE_PRIM18.ram/DOADO[0]
                         net (fo=30, routed)          0.578     2.684    u_complex_mul/douta[0]
    SLICE_X53Y36         LUT6 (Prop_lut6_I4_O)        0.045     2.729 r  u_complex_mul/i_data0__84_carry_i_6/O
                         net (fo=1, routed)           0.000     2.729    u_complex_mul/i_data0__84_carry_i_6_n_0
    SLICE_X53Y36         CARRY4 (Prop_carry4_S[2]_O[2])
                                                      0.066     2.795 r  u_complex_mul/i_data0__84_carry/O[2]
                         net (fo=2, routed)           0.168     2.963    u_complex_mul/u_round_i_mul_sin/o_data_q_carry_i_4[1]
    SLICE_X50Y35         CARRY4 (Prop_carry4_DI[1]_O[3])
                                                      0.233     3.196 r  u_complex_mul/u_round_i_mul_sin/o_round0_carry/O[3]
                         net (fo=1, routed)           0.176     3.373    u_complex_mul/u_round_q_mul_cos/o_data_q_carry[1]
    SLICE_X48Y33         LUT2 (Prop_lut2_I1_O)        0.111     3.484 r  u_complex_mul/u_round_q_mul_cos/o_data_q_carry_i_3/O
                         net (fo=1, routed)           0.000     3.484    u_complex_mul/u_round_q_mul_cos_n_21
    SLICE_X48Y33         CARRY4 (Prop_carry4_S[1]_CO[3])
                                                      0.155     3.639 r  u_complex_mul/o_data_q_carry/CO[3]
                         net (fo=1, routed)           0.000     3.639    u_complex_mul/o_data_q_carry_n_0
    SLICE_X48Y34         CARRY4 (Prop_carry4_CI_O[2])
                                                      0.065     3.704 r  u_complex_mul/o_data_q_carry__0/O[2]
                         net (fo=7, routed)           1.106     4.810    o_corrected_q_OBUF[6]
    H2                   OBUF (Prop_obuf_I_O)         1.314     6.124 r  o_corrected_q_OBUF[6]_inst/O
                         net (fo=0)                   0.000     6.124    o_corrected_q[6]
    H2                                                                r  o_corrected_q[6] (OUT)
  -------------------------------------------------------------------    -------------------

Slack:                    inf
  Source:                 u_sin_calc/u_ram_r/U0/inst_blk_mem_gen/gnbram.gnativebmg.native_blk_mem_gen/valid.cstr/ramloop[0].ram.r/prim_init.ram/DEVICE_7SERIES.NO_BMM_INFO.SP.SIMPLE_PRIM18.ram/CLKARDCLK
                            (rising edge-triggered cell RAMB18E1 clocked by sys_clk_pin  {rise@0.000ns fall@10.000ns period=20.000ns})
  Destination:            o_corrected_q[4]
                            (output port)
  Path Group:             (none)
  Path Type:              Min at Fast Process Corner
  Data Path Delay:        4.622ns  (logic 2.568ns (55.553%)  route 2.054ns (44.447%))
  Logic Levels:           7  (CARRY4=4 LUT2=1 LUT6=1 OBUF=1)
  Clock Uncertainty:      0.025ns  ((TSJ^2 + TIJ^2)^1/2 + DJ) / 2 + PE
    Total System Jitter     (TSJ):    0.050ns
    Total Input Jitter      (TIJ):    0.000ns
    Discrete Jitter          (DJ):    0.000ns
    Phase Error              (PE):    0.000ns

    Location             Delay type                Incr(ns)  Path(ns)    Netlist Resource(s)
  -------------------------------------------------------------------    -------------------
                         (clock sys_clk_pin rise edge)
                                                      0.000     0.000 r  
    E3                                                0.000     0.000 r  i_clock (IN)
                         net (fo=0)                   0.000     0.000    i_clock
    E3                   IBUF (Prop_ibuf_I_O)         0.257     0.257 r  i_clock_IBUF_inst/O
                         net (fo=1, routed)           0.631     0.888    i_clock_IBUF
    BUFGCTRL_X0Y16       BUFG (Prop_bufg_I_O)         0.026     0.914 r  i_clock_IBUF_BUFG_inst/O
                         net (fo=48, routed)          0.607     1.521    u_sin_calc/u_ram_r/U0/inst_blk_mem_gen/gnbram.gnativebmg.native_blk_mem_gen/valid.cstr/ramloop[0].ram.r/prim_init.ram/clka
    RAMB18_X2Y13         RAMB18E1                                     r  u_sin_calc/u_ram_r/U0/inst_blk_mem_gen/gnbram.gnativebmg.native_blk_mem_gen/valid.cstr/ramloop[0].ram.r/prim_init.ram/DEVICE_7SERIES.NO_BMM_INFO.SP.SIMPLE_PRIM18.ram/CLKARDCLK
  -------------------------------------------------------------------    -------------------
    RAMB18_X2Y13         RAMB18E1 (Prop_ramb18e1_CLKARDCLK_DOADO[0])
                                                      0.585     2.106 r  u_sin_calc/u_ram_r/U0/inst_blk_mem_gen/gnbram.gnativebmg.native_blk_mem_gen/valid.cstr/ramloop[0].ram.r/prim_init.ram/DEVICE_7SERIES.NO_BMM_INFO.SP.SIMPLE_PRIM18.ram/DOADO[0]
                         net (fo=30, routed)          0.578     2.684    u_complex_mul/douta[0]
    SLICE_X53Y36         LUT6 (Prop_lut6_I4_O)        0.045     2.729 r  u_complex_mul/i_data0__84_carry_i_6/O
                         net (fo=1, routed)           0.000     2.729    u_complex_mul/i_data0__84_carry_i_6_n_0
    SLICE_X53Y36         CARRY4 (Prop_carry4_S[2]_O[2])
                                                      0.066     2.795 r  u_complex_mul/i_data0__84_carry/O[2]
                         net (fo=2, routed)           0.168     2.963    u_complex_mul/u_round_i_mul_sin/o_data_q_carry_i_4[1]
    SLICE_X50Y35         CARRY4 (Prop_carry4_DI[1]_O[3])
                                                      0.233     3.196 r  u_complex_mul/u_round_i_mul_sin/o_round0_carry/O[3]
                         net (fo=1, routed)           0.176     3.373    u_complex_mul/u_round_q_mul_cos/o_data_q_carry[1]
    SLICE_X48Y33         LUT2 (Prop_lut2_I1_O)        0.111     3.484 r  u_complex_mul/u_round_q_mul_cos/o_data_q_carry_i_3/O
                         net (fo=1, routed)           0.000     3.484    u_complex_mul/u_round_q_mul_cos_n_21
    SLICE_X48Y33         CARRY4 (Prop_carry4_S[1]_CO[3])
                                                      0.155     3.639 r  u_complex_mul/o_data_q_carry/CO[3]
                         net (fo=1, routed)           0.000     3.639    u_complex_mul/o_data_q_carry_n_0
    SLICE_X48Y34         CARRY4 (Prop_carry4_CI_O[0])
                                                      0.054     3.693 r  u_complex_mul/o_data_q_carry__0/O[0]
                         net (fo=4, routed)           1.131     4.824    o_corrected_q_OBUF[4]
    E2                   OBUF (Prop_obuf_I_O)         1.319     6.143 r  o_corrected_q_OBUF[4]_inst/O
                         net (fo=0)                   0.000     6.143    o_corrected_q[4]
    E2                                                                r  o_corrected_q[4] (OUT)
  -------------------------------------------------------------------    -------------------

Slack:                    inf
  Source:                 u_sin_calc/u_ram_r/U0/inst_blk_mem_gen/gnbram.gnativebmg.native_blk_mem_gen/valid.cstr/ramloop[0].ram.r/prim_init.ram/DEVICE_7SERIES.NO_BMM_INFO.SP.SIMPLE_PRIM18.ram/CLKARDCLK
                            (rising edge-triggered cell RAMB18E1 clocked by sys_clk_pin  {rise@0.000ns fall@10.000ns period=20.000ns})
  Destination:            o_corrected_i[1]
                            (output port)
  Path Group:             (none)
  Path Type:              Min at Fast Process Corner
  Data Path Delay:        4.633ns  (logic 2.442ns (52.703%)  route 2.191ns (47.297%))
  Logic Levels:           6  (CARRY4=3 LUT2=1 LUT6=1 OBUF=1)
  Clock Uncertainty:      0.025ns  ((TSJ^2 + TIJ^2)^1/2 + DJ) / 2 + PE
    Total System Jitter     (TSJ):    0.050ns
    Total Input Jitter      (TIJ):    0.000ns
    Discrete Jitter          (DJ):    0.000ns
    Phase Error              (PE):    0.000ns

    Location             Delay type                Incr(ns)  Path(ns)    Netlist Resource(s)
  -------------------------------------------------------------------    -------------------
                         (clock sys_clk_pin rise edge)
                                                      0.000     0.000 r  
    E3                                                0.000     0.000 r  i_clock (IN)
                         net (fo=0)                   0.000     0.000    i_clock
    E3                   IBUF (Prop_ibuf_I_O)         0.257     0.257 r  i_clock_IBUF_inst/O
                         net (fo=1, routed)           0.631     0.888    i_clock_IBUF
    BUFGCTRL_X0Y16       BUFG (Prop_bufg_I_O)         0.026     0.914 r  i_clock_IBUF_BUFG_inst/O
                         net (fo=48, routed)          0.607     1.521    u_sin_calc/u_ram_r/U0/inst_blk_mem_gen/gnbram.gnativebmg.native_blk_mem_gen/valid.cstr/ramloop[0].ram.r/prim_init.ram/clka
    RAMB18_X2Y13         RAMB18E1                                     r  u_sin_calc/u_ram_r/U0/inst_blk_mem_gen/gnbram.gnativebmg.native_blk_mem_gen/valid.cstr/ramloop[0].ram.r/prim_init.ram/DEVICE_7SERIES.NO_BMM_INFO.SP.SIMPLE_PRIM18.ram/CLKARDCLK
  -------------------------------------------------------------------    -------------------
    RAMB18_X2Y13         RAMB18E1 (Prop_ramb18e1_CLKARDCLK_DOADO[0])
                                                      0.585     2.106 r  u_sin_calc/u_ram_r/U0/inst_blk_mem_gen/gnbram.gnativebmg.native_blk_mem_gen/valid.cstr/ramloop[0].ram.r/prim_init.ram/DEVICE_7SERIES.NO_BMM_INFO.SP.SIMPLE_PRIM18.ram/DOADO[0]
                         net (fo=30, routed)          0.797     2.902    u_complex_mul/douta[0]
    SLICE_X47Y34         LUT6 (Prop_lut6_I4_O)        0.045     2.947 r  u_complex_mul/i___84_carry_i_6__0/O
                         net (fo=1, routed)           0.000     2.947    u_complex_mul/i___84_carry_i_6__0_n_0
    SLICE_X47Y34         CARRY4 (Prop_carry4_S[2]_O[3])
                                                      0.099     3.046 r  u_complex_mul/i_data0_inferred__1/i___84_carry/O[3]
                         net (fo=1, routed)           0.114     3.161    u_complex_mul/u_round_q_mul_sin/O[2]
    SLICE_X46Y34         CARRY4 (Prop_carry4_S[2]_O[3])
                                                      0.211     3.372 r  u_complex_mul/u_round_q_mul_sin/o_round0_carry/O[3]
                         net (fo=1, routed)           0.178     3.550    u_complex_mul/u_round_i_mul_cos/mul_out_q_rnd_sin[1]
    SLICE_X46Y30         LUT2 (Prop_lut2_I1_O)        0.111     3.661 r  u_complex_mul/u_round_i_mul_cos/o_data_i_carry_i_3/O
                         net (fo=1, routed)           0.000     3.661    u_complex_mul/u_round_i_mul_cos_n_19
    SLICE_X46Y30         CARRY4 (Prop_carry4_S[1]_O[1])
                                                      0.066     3.727 r  u_complex_mul/o_data_i_carry/O[1]
                         net (fo=7, routed)           1.102     4.829    o_corrected_i_OBUF[1]
    V12                  OBUF (Prop_obuf_I_O)         1.325     6.154 r  o_corrected_i_OBUF[1]_inst/O
                         net (fo=0)                   0.000     6.154    o_corrected_i[1]
    V12                                                               r  o_corrected_i[1] (OUT)
  -------------------------------------------------------------------    -------------------

Slack:                    inf
  Source:                 u_sin_calc/u_ram_r/U0/inst_blk_mem_gen/gnbram.gnativebmg.native_blk_mem_gen/valid.cstr/ramloop[0].ram.r/prim_init.ram/DEVICE_7SERIES.NO_BMM_INFO.SP.SIMPLE_PRIM18.ram/CLKARDCLK
                            (rising edge-triggered cell RAMB18E1 clocked by sys_clk_pin  {rise@0.000ns fall@10.000ns period=20.000ns})
  Destination:            o_corrected_q[0]
                            (output port)
  Path Group:             (none)
  Path Type:              Min at Fast Process Corner
  Data Path Delay:        4.659ns  (logic 2.391ns (51.317%)  route 2.268ns (48.683%))
  Logic Levels:           6  (CARRY4=3 LUT2=1 LUT6=1 OBUF=1)
  Clock Uncertainty:      0.025ns  ((TSJ^2 + TIJ^2)^1/2 + DJ) / 2 + PE
    Total System Jitter     (TSJ):    0.050ns
    Total Input Jitter      (TIJ):    0.000ns
    Discrete Jitter          (DJ):    0.000ns
    Phase Error              (PE):    0.000ns

    Location             Delay type                Incr(ns)  Path(ns)    Netlist Resource(s)
  -------------------------------------------------------------------    -------------------
                         (clock sys_clk_pin rise edge)
                                                      0.000     0.000 r  
    E3                                                0.000     0.000 r  i_clock (IN)
                         net (fo=0)                   0.000     0.000    i_clock
    E3                   IBUF (Prop_ibuf_I_O)         0.257     0.257 r  i_clock_IBUF_inst/O
                         net (fo=1, routed)           0.631     0.888    i_clock_IBUF
    BUFGCTRL_X0Y16       BUFG (Prop_bufg_I_O)         0.026     0.914 r  i_clock_IBUF_BUFG_inst/O
                         net (fo=48, routed)          0.607     1.521    u_sin_calc/u_ram_r/U0/inst_blk_mem_gen/gnbram.gnativebmg.native_blk_mem_gen/valid.cstr/ramloop[0].ram.r/prim_init.ram/clka
    RAMB18_X2Y13         RAMB18E1                                     r  u_sin_calc/u_ram_r/U0/inst_blk_mem_gen/gnbram.gnativebmg.native_blk_mem_gen/valid.cstr/ramloop[0].ram.r/prim_init.ram/DEVICE_7SERIES.NO_BMM_INFO.SP.SIMPLE_PRIM18.ram/CLKARDCLK
  -------------------------------------------------------------------    -------------------
    RAMB18_X2Y13         RAMB18E1 (Prop_ramb18e1_CLKARDCLK_DOADO[0])
                                                      0.585     2.106 r  u_sin_calc/u_ram_r/U0/inst_blk_mem_gen/gnbram.gnativebmg.native_blk_mem_gen/valid.cstr/ramloop[0].ram.r/prim_init.ram/DEVICE_7SERIES.NO_BMM_INFO.SP.SIMPLE_PRIM18.ram/DOADO[0]
                         net (fo=30, routed)          0.578     2.684    u_complex_mul/douta[0]
    SLICE_X53Y36         LUT6 (Prop_lut6_I4_O)        0.045     2.729 r  u_complex_mul/i_data0__84_carry_i_6/O
                         net (fo=1, routed)           0.000     2.729    u_complex_mul/i_data0__84_carry_i_6_n_0
    SLICE_X53Y36         CARRY4 (Prop_carry4_S[2]_O[3])
                                                      0.099     2.828 r  u_complex_mul/i_data0__84_carry/O[3]
                         net (fo=1, routed)           0.158     2.986    u_complex_mul/u_round_i_mul_sin/o_data_q_carry_i_4[2]
    SLICE_X50Y35         CARRY4 (Prop_carry4_S[2]_O[2])
                                                      0.175     3.161 r  u_complex_mul/u_round_i_mul_sin/o_round0_carry/O[2]
                         net (fo=1, routed)           0.288     3.449    u_complex_mul/u_round_q_mul_cos/o_data_q_carry[0]
    SLICE_X48Y33         LUT2 (Prop_lut2_I1_O)        0.108     3.557 r  u_complex_mul/u_round_q_mul_cos/o_data_q_carry_i_4/O
                         net (fo=1, routed)           0.000     3.557    u_complex_mul/u_round_q_mul_cos_n_22
    SLICE_X48Y33         CARRY4 (Prop_carry4_S[0]_O[0])
                                                      0.070     3.627 r  u_complex_mul/o_data_q_carry/O[0]
                         net (fo=8, routed)           1.245     4.871    o_corrected_q_OBUF[0]
    D4                   OBUF (Prop_obuf_I_O)         1.309     6.180 r  o_corrected_q_OBUF[0]_inst/O
                         net (fo=0)                   0.000     6.180    o_corrected_q[0]
    D4                                                                r  o_corrected_q[0] (OUT)
  -------------------------------------------------------------------    -------------------

Slack:                    inf
  Source:                 u_sin_calc/u_ram_r/U0/inst_blk_mem_gen/gnbram.gnativebmg.native_blk_mem_gen/valid.cstr/ramloop[0].ram.r/prim_init.ram/DEVICE_7SERIES.NO_BMM_INFO.SP.SIMPLE_PRIM18.ram/CLKARDCLK
                            (rising edge-triggered cell RAMB18E1 clocked by sys_clk_pin  {rise@0.000ns fall@10.000ns period=20.000ns})
  Destination:            o_corrected_q[3]
                            (output port)
  Path Group:             (none)
  Path Type:              Min at Fast Process Corner
  Data Path Delay:        4.660ns  (logic 2.461ns (52.811%)  route 2.199ns (47.189%))
  Logic Levels:           7  (CARRY4=4 LUT2=1 LUT6=1 OBUF=1)
  Clock Uncertainty:      0.025ns  ((TSJ^2 + TIJ^2)^1/2 + DJ) / 2 + PE
    Total System Jitter     (TSJ):    0.050ns
    Total Input Jitter      (TIJ):    0.000ns
    Discrete Jitter          (DJ):    0.000ns
    Phase Error              (PE):    0.000ns

    Location             Delay type                Incr(ns)  Path(ns)    Netlist Resource(s)
  -------------------------------------------------------------------    -------------------
                         (clock sys_clk_pin rise edge)
                                                      0.000     0.000 r  
    E3                                                0.000     0.000 r  i_clock (IN)
                         net (fo=0)                   0.000     0.000    i_clock
    E3                   IBUF (Prop_ibuf_I_O)         0.257     0.257 r  i_clock_IBUF_inst/O
                         net (fo=1, routed)           0.631     0.888    i_clock_IBUF
    BUFGCTRL_X0Y16       BUFG (Prop_bufg_I_O)         0.026     0.914 r  i_clock_IBUF_BUFG_inst/O
                         net (fo=48, routed)          0.607     1.521    u_sin_calc/u_ram_r/U0/inst_blk_mem_gen/gnbram.gnativebmg.native_blk_mem_gen/valid.cstr/ramloop[0].ram.r/prim_init.ram/clka
    RAMB18_X2Y13         RAMB18E1                                     r  u_sin_calc/u_ram_r/U0/inst_blk_mem_gen/gnbram.gnativebmg.native_blk_mem_gen/valid.cstr/ramloop[0].ram.r/prim_init.ram/DEVICE_7SERIES.NO_BMM_INFO.SP.SIMPLE_PRIM18.ram/CLKARDCLK
  -------------------------------------------------------------------    -------------------
    RAMB18_X2Y13         RAMB18E1 (Prop_ramb18e1_CLKARDCLK_DOADO[0])
                                                      0.585     2.106 r  u_sin_calc/u_ram_r/U0/inst_blk_mem_gen/gnbram.gnativebmg.native_blk_mem_gen/valid.cstr/ramloop[0].ram.r/prim_init.ram/DEVICE_7SERIES.NO_BMM_INFO.SP.SIMPLE_PRIM18.ram/DOADO[0]
                         net (fo=30, routed)          0.578     2.684    u_complex_mul/douta[0]
    SLICE_X53Y36         LUT6 (Prop_lut6_I4_O)        0.045     2.729 r  u_complex_mul/i_data0__84_carry_i_6/O
                         net (fo=1, routed)           0.000     2.729    u_complex_mul/i_data0__84_carry_i_6_n_0
    SLICE_X53Y36         CARRY4 (Prop_carry4_S[2]_CO[3])
                                                      0.115     2.844 r  u_complex_mul/i_data0__84_carry/CO[3]
                         net (fo=1, routed)           0.000     2.844    u_complex_mul/i_data0__84_carry_n_0
    SLICE_X53Y37         CARRY4 (Prop_carry4_CI_O[2])
                                                      0.065     2.909 r  u_complex_mul/i_data0__84_carry__0/O[2]
                         net (fo=1, routed)           0.158     3.067    u_complex_mul/u_round_i_mul_sin/o_data_q_carry_i_2[2]
    SLICE_X50Y36         CARRY4 (Prop_carry4_S[1]_O[1])
                                                      0.174     3.241 r  u_complex_mul/u_round_i_mul_sin/o_round0_carry__0/O[1]
                         net (fo=1, routed)           0.220     3.460    u_complex_mul/u_round_q_mul_cos/s_quadrature_r_reg[1]
    SLICE_X48Y33         LUT2 (Prop_lut2_I1_O)        0.108     3.568 r  u_complex_mul/u_round_q_mul_cos/o_data_q_carry_i_1/O
                         net (fo=1, routed)           0.000     3.568    u_complex_mul/u_round_q_mul_cos_n_19
    SLICE_X48Y33         CARRY4 (Prop_carry4_S[3]_O[3])
                                                      0.063     3.631 r  u_complex_mul/o_data_q_carry/O[3]
                         net (fo=5, routed)           1.243     4.875    o_corrected_q_OBUF[3]
    F3                   OBUF (Prop_obuf_I_O)         1.306     6.181 r  o_corrected_q_OBUF[3]_inst/O
                         net (fo=0)                   0.000     6.181    o_corrected_q[3]
    F3                                                                r  o_corrected_q[3] (OUT)
  -------------------------------------------------------------------    -------------------

Slack:                    inf
  Source:                 u_sin_calc/u_ram_r/U0/inst_blk_mem_gen/gnbram.gnativebmg.native_blk_mem_gen/valid.cstr/ramloop[0].ram.r/prim_init.ram/DEVICE_7SERIES.NO_BMM_INFO.SP.SIMPLE_PRIM18.ram/CLKARDCLK
                            (rising edge-triggered cell RAMB18E1 clocked by sys_clk_pin  {rise@0.000ns fall@10.000ns period=20.000ns})
  Destination:            o_corrected_q[2]
                            (output port)
  Path Group:             (none)
  Path Type:              Min at Fast Process Corner
  Data Path Delay:        4.669ns  (logic 2.491ns (53.349%)  route 2.178ns (46.651%))
  Logic Levels:           6  (CARRY4=3 LUT2=1 LUT6=1 OBUF=1)
  Clock Uncertainty:      0.025ns  ((TSJ^2 + TIJ^2)^1/2 + DJ) / 2 + PE
    Total System Jitter     (TSJ):    0.050ns
    Total Input Jitter      (TIJ):    0.000ns
    Discrete Jitter          (DJ):    0.000ns
    Phase Error              (PE):    0.000ns

    Location             Delay type                Incr(ns)  Path(ns)    Netlist Resource(s)
  -------------------------------------------------------------------    -------------------
                         (clock sys_clk_pin rise edge)
                                                      0.000     0.000 r  
    E3                                                0.000     0.000 r  i_clock (IN)
                         net (fo=0)                   0.000     0.000    i_clock
    E3                   IBUF (Prop_ibuf_I_O)         0.257     0.257 r  i_clock_IBUF_inst/O
                         net (fo=1, routed)           0.631     0.888    i_clock_IBUF
    BUFGCTRL_X0Y16       BUFG (Prop_bufg_I_O)         0.026     0.914 r  i_clock_IBUF_BUFG_inst/O
                         net (fo=48, routed)          0.607     1.521    u_sin_calc/u_ram_r/U0/inst_blk_mem_gen/gnbram.gnativebmg.native_blk_mem_gen/valid.cstr/ramloop[0].ram.r/prim_init.ram/clka
    RAMB18_X2Y13         RAMB18E1                                     r  u_sin_calc/u_ram_r/U0/inst_blk_mem_gen/gnbram.gnativebmg.native_blk_mem_gen/valid.cstr/ramloop[0].ram.r/prim_init.ram/DEVICE_7SERIES.NO_BMM_INFO.SP.SIMPLE_PRIM18.ram/CLKARDCLK
  -------------------------------------------------------------------    -------------------
    RAMB18_X2Y13         RAMB18E1 (Prop_ramb18e1_CLKARDCLK_DOADO[0])
                                                      0.585     2.106 r  u_sin_calc/u_ram_r/U0/inst_blk_mem_gen/gnbram.gnativebmg.native_blk_mem_gen/valid.cstr/ramloop[0].ram.r/prim_init.ram/DEVICE_7SERIES.NO_BMM_INFO.SP.SIMPLE_PRIM18.ram/DOADO[0]
                         net (fo=30, routed)          0.578     2.684    u_complex_mul/douta[0]
    SLICE_X53Y36         LUT6 (Prop_lut6_I4_O)        0.045     2.729 r  u_complex_mul/i_data0__84_carry_i_6/O
                         net (fo=1, routed)           0.000     2.729    u_complex_mul/i_data0__84_carry_i_6_n_0
    SLICE_X53Y36         CARRY4 (Prop_carry4_S[2]_O[2])
                                                      0.066     2.795 r  u_complex_mul/i_data0__84_carry/O[2]
                         net (fo=2, routed)           0.168     2.963    u_complex_mul/u_round_i_mul_sin/o_data_q_carry_i_4[1]
    SLICE_X50Y35         CARRY4 (Prop_carry4_DI[1]_O[3])
                                                      0.233     3.196 r  u_complex_mul/u_round_i_mul_sin/o_round0_carry/O[3]
                         net (fo=1, routed)           0.176     3.373    u_complex_mul/u_round_q_mul_cos/o_data_q_carry[1]
    SLICE_X48Y33         LUT2 (Prop_lut2_I1_O)        0.111     3.484 r  u_complex_mul/u_round_q_mul_cos/o_data_q_carry_i_3/O
                         net (fo=1, routed)           0.000     3.484    u_complex_mul/u_round_q_mul_cos_n_21
    SLICE_X48Y33         CARRY4 (Prop_carry4_S[1]_O[2])
                                                      0.152     3.636 r  u_complex_mul/o_data_q_carry/O[2]
                         net (fo=6, routed)           1.255     4.891    o_corrected_q_OBUF[2]
    F4                   OBUF (Prop_obuf_I_O)         1.299     6.190 r  o_corrected_q_OBUF[2]_inst/O
                         net (fo=0)                   0.000     6.190    o_corrected_q[2]
    F4                                                                r  o_corrected_q[2] (OUT)
  -------------------------------------------------------------------    -------------------

Slack:                    inf
  Source:                 u_cos_calc/u_sin_calc/u_ram_r/U0/inst_blk_mem_gen/gnbram.gnativebmg.native_blk_mem_gen/valid.cstr/ramloop[0].ram.r/prim_init.ram/DEVICE_7SERIES.NO_BMM_INFO.SP.SIMPLE_PRIM18.ram/CLKARDCLK
                            (rising edge-triggered cell RAMB18E1 clocked by sys_clk_pin  {rise@0.000ns fall@10.000ns period=20.000ns})
  Destination:            o_corrected_i[5]
                            (output port)
  Path Group:             (none)
  Path Type:              Min at Fast Process Corner
  Data Path Delay:        4.677ns  (logic 2.499ns (53.438%)  route 2.178ns (46.562%))
  Logic Levels:           6  (CARRY4=4 LUT4=1 OBUF=1)
  Clock Uncertainty:      0.025ns  ((TSJ^2 + TIJ^2)^1/2 + DJ) / 2 + PE
    Total System Jitter     (TSJ):    0.050ns
    Total Input Jitter      (TIJ):    0.000ns
    Discrete Jitter          (DJ):    0.000ns
    Phase Error              (PE):    0.000ns

    Location             Delay type                Incr(ns)  Path(ns)    Netlist Resource(s)
  -------------------------------------------------------------------    -------------------
                         (clock sys_clk_pin rise edge)
                                                      0.000     0.000 r  
    E3                                                0.000     0.000 r  i_clock (IN)
                         net (fo=0)                   0.000     0.000    i_clock
    E3                   IBUF (Prop_ibuf_I_O)         0.257     0.257 r  i_clock_IBUF_inst/O
                         net (fo=1, routed)           0.631     0.888    i_clock_IBUF
    BUFGCTRL_X0Y16       BUFG (Prop_bufg_I_O)         0.026     0.914 r  i_clock_IBUF_BUFG_inst/O
                         net (fo=48, routed)          0.607     1.521    u_cos_calc/u_sin_calc/u_ram_r/U0/inst_blk_mem_gen/gnbram.gnativebmg.native_blk_mem_gen/valid.cstr/ramloop[0].ram.r/prim_init.ram/clka
    RAMB18_X2Y12         RAMB18E1                                     r  u_cos_calc/u_sin_calc/u_ram_r/U0/inst_blk_mem_gen/gnbram.gnativebmg.native_blk_mem_gen/valid.cstr/ramloop[0].ram.r/prim_init.ram/DEVICE_7SERIES.NO_BMM_INFO.SP.SIMPLE_PRIM18.ram/CLKARDCLK
  -------------------------------------------------------------------    -------------------
    RAMB18_X2Y12         RAMB18E1 (Prop_ramb18e1_CLKARDCLK_DOADO[0])
                                                      0.585     2.106 r  u_cos_calc/u_sin_calc/u_ram_r/U0/inst_blk_mem_gen/gnbram.gnativebmg.native_blk_mem_gen/valid.cstr/ramloop[0].ram.r/prim_init.ram/DEVICE_7SERIES.NO_BMM_INFO.SP.SIMPLE_PRIM18.ram/DOADO[0]
                         net (fo=30, routed)          0.532     2.638    u_complex_mul/i_data0_inferred__2/i___84_carry_0[0]
    SLICE_X42Y32         LUT4 (Prop_lut4_I3_O)        0.045     2.683 r  u_complex_mul/i___84_carry_i_1__1/O
                         net (fo=2, routed)           0.110     2.793    u_complex_mul/i___84_carry_i_1__1_n_0
    SLICE_X41Y32         CARRY4 (Prop_carry4_DI[3]_CO[3])
                                                      0.113     2.906 r  u_complex_mul/i_data0_inferred__2/i___84_carry/CO[3]
                         net (fo=1, routed)           0.000     2.906    u_complex_mul/i_data0_inferred__2/i___84_carry_n_0
    SLICE_X41Y33         CARRY4 (Prop_carry4_CI_O[3])
                                                      0.090     2.996 r  u_complex_mul/i_data0_inferred__2/i___84_carry__0/O[3]
                         net (fo=1, routed)           0.118     3.114    u_complex_mul/u_round_i_mul_cos/s_in_phase_r_reg[3]
    SLICE_X40Y34         CARRY4 (Prop_carry4_S[2]_O[2])
                                                      0.176     3.290 r  u_complex_mul/u_round_i_mul_cos/o_round0_carry__0/O[2]
                         net (fo=2, routed)           0.254     3.543    u_complex_mul/mul_out_i_rnd_cos[4]
    SLICE_X46Y31         CARRY4 (Prop_carry4_DI[0]_O[1])
                                                      0.192     3.735 r  u_complex_mul/o_data_i_carry__0/O[1]
                         net (fo=4, routed)           1.164     4.899    o_corrected_i_OBUF[5]
    V14                  OBUF (Prop_obuf_I_O)         1.298     6.197 r  o_corrected_i_OBUF[5]_inst/O
                         net (fo=0)                   0.000     6.197    o_corrected_i[5]
    V14                                                               r  o_corrected_i[5] (OUT)
  -------------------------------------------------------------------    -------------------





--------------------------------------------------------------------------------------
Path Group:  (none)
From Clock:  
  To Clock:  sys_clk_pin

Max Delay            96 Endpoints
Min Delay            96 Endpoints
--------------------------------------------------------------------------------------


Max Delay Paths
--------------------------------------------------------------------------------------
Slack:                    inf
  Source:                 i_data_i[0]
                            (input port)
  Destination:            u_phase_detector/u_ram_r/U0/inst_blk_mem_gen/gnbram.gnativebmg.native_blk_mem_gen/valid.cstr/ramloop[3].ram.r/prim_init.ram/DEVICE_7SERIES.NO_BMM_INFO.SP.SIMPLE_PRIM36.ram/ADDRARDADDR[4]
                            (rising edge-triggered cell RAMB36E1 clocked by sys_clk_pin  {rise@0.000ns fall@10.000ns period=20.000ns})
  Path Group:             (none)
  Path Type:              Setup (Max at Slow Process Corner)
  Data Path Delay:        19.330ns  (logic 6.045ns (31.274%)  route 13.285ns (68.726%))
  Logic Levels:           16  (CARRY4=7 IBUF=1 LUT2=2 LUT3=1 LUT4=3 LUT6=2)
  Clock Path Skew:        4.863ns (DCD - SCD + CPR)
    Destination Clock Delay (DCD):    4.863ns
    Source Clock Delay      (SCD):    0.000ns
    Clock Pessimism Removal (CPR):    0.000ns
  Clock Uncertainty:      0.025ns  ((TSJ^2 + TIJ^2)^1/2 + DJ) / 2 + PE
    Total System Jitter     (TSJ):    0.050ns
    Total Input Jitter      (TIJ):    0.000ns
    Discrete Jitter          (DJ):    0.000ns
    Phase Error              (PE):    0.000ns

    Location             Delay type                Incr(ns)  Path(ns)    Netlist Resource(s)
  -------------------------------------------------------------------    -------------------
    G13                                               0.000     0.000 r  i_data_i[0] (IN)
                         net (fo=0)                   0.000     0.000    i_data_i[0]
    G13                  IBUF (Prop_ibuf_I_O)         1.473     1.473 r  i_data_i_IBUF[0]_inst/O
                         net (fo=36, routed)          5.758     7.231    u_sin_calc/i_data_i_IBUF[0]
    SLICE_X52Y34         LUT2 (Prop_lut2_I0_O)        0.150     7.381 r  u_sin_calc/i_data0__0_carry__0_i_11/O
                         net (fo=1, routed)           0.690     8.071    u_sin_calc/i_data0__0_carry__0_i_11_n_0
    SLICE_X53Y34         LUT6 (Prop_lut6_I5_O)        0.328     8.399 r  u_sin_calc/i_data0__0_carry__0_i_7/O
                         net (fo=1, routed)           0.000     8.399    u_complex_mul/i_data0__84_carry_i_8_1[1]
    SLICE_X53Y34         CARRY4 (Prop_carry4_S[1]_O[2])
                                                      0.580     8.979 r  u_complex_mul/i_data0__0_carry__0/O[2]
                         net (fo=2, routed)           0.732     9.711    u_complex_mul/i_data0__0_carry__0_n_5
    SLICE_X51Y35         LUT4 (Prop_lut4_I1_O)        0.302    10.013 r  u_complex_mul/i_data0__84_carry_i_1/O
                         net (fo=2, routed)           0.820    10.833    u_complex_mul/i_data0__84_carry_i_1_n_0
    SLICE_X53Y36         LUT4 (Prop_lut4_I3_O)        0.124    10.957 r  u_complex_mul/i_data0__84_carry_i_5/O
                         net (fo=1, routed)           0.000    10.957    u_complex_mul/i_data0__84_carry_i_5_n_0
    SLICE_X53Y36         CARRY4 (Prop_carry4_S[3]_CO[3])
                                                      0.401    11.358 r  u_complex_mul/i_data0__84_carry/CO[3]
                         net (fo=1, routed)           0.000    11.358    u_complex_mul/i_data0__84_carry_n_0
    SLICE_X53Y37         CARRY4 (Prop_carry4_CI_O[0])
                                                      0.223    11.581 r  u_complex_mul/i_data0__84_carry__0/O[0]
                         net (fo=1, routed)           0.455    12.036    u_complex_mul/u_round_i_mul_sin/o_data_q_carry_i_2[0]
    SLICE_X50Y35         CARRY4 (Prop_carry4_S[3]_CO[3])
                                                      0.675    12.711 r  u_complex_mul/u_round_i_mul_sin/o_round0_carry/CO[3]
                         net (fo=1, routed)           0.000    12.711    u_complex_mul/u_round_i_mul_sin/o_round0_carry_n_0
    SLICE_X50Y36         CARRY4 (Prop_carry4_CI_O[0])
                                                      0.219    12.930 r  u_complex_mul/u_round_i_mul_sin/o_round0_carry__0/O[0]
                         net (fo=1, routed)           0.812    13.742    u_complex_mul/u_round_q_mul_cos/s_quadrature_r_reg[0]
    SLICE_X48Y33         LUT2 (Prop_lut2_I1_O)        0.295    14.037 r  u_complex_mul/u_round_q_mul_cos/o_data_q_carry_i_2/O
                         net (fo=1, routed)           0.000    14.037    u_complex_mul/u_round_q_mul_cos_n_20
    SLICE_X48Y33         CARRY4 (Prop_carry4_S[2]_CO[3])
                                                      0.398    14.435 r  u_complex_mul/o_data_q_carry/CO[3]
                         net (fo=1, routed)           0.000    14.435    u_complex_mul/o_data_q_carry_n_0
    SLICE_X48Y34         CARRY4 (Prop_carry4_CI_O[1])
                                                      0.334    14.769 f  u_complex_mul/o_data_q_carry__0/O[1]
                         net (fo=4, routed)           0.859    15.629    u_complex_mul/u_round_q_mul_cos/O[1]
    SLICE_X52Y33         LUT6 (Prop_lut6_I0_O)        0.303    15.932 f  u_complex_mul/u_round_q_mul_cos/u_ram_r_i_19/O
                         net (fo=3, routed)           0.586    16.518    u_complex_mul/u_round_q_mul_cos/o_data_q_carry__0
    SLICE_X52Y32         LUT3 (Prop_lut3_I2_O)        0.124    16.642 r  u_complex_mul/u_round_q_mul_cos/u_ram_r_i_22/O
                         net (fo=4, routed)           0.508    17.150    u_complex_mul/u_round_q_mul_cos/u_ram_r_i_22_n_0
    SLICE_X52Y32         LUT4 (Prop_lut4_I0_O)        0.116    17.266 r  u_complex_mul/u_round_q_mul_cos/u_ram_r_i_13/O
                         net (fo=4, routed)           2.063    19.330    u_phase_detector/u_ram_r/U0/inst_blk_mem_gen/gnbram.gnativebmg.native_blk_mem_gen/valid.cstr/ramloop[3].ram.r/prim_init.ram/addra[1]
    RAMB36_X1Y2          RAMB36E1                                     r  u_phase_detector/u_ram_r/U0/inst_blk_mem_gen/gnbram.gnativebmg.native_blk_mem_gen/valid.cstr/ramloop[3].ram.r/prim_init.ram/DEVICE_7SERIES.NO_BMM_INFO.SP.SIMPLE_PRIM36.ram/ADDRARDADDR[4]
  -------------------------------------------------------------------    -------------------

                         (clock sys_clk_pin rise edge)
                                                      0.000     0.000 r  
    E3                                                0.000     0.000 r  i_clock (IN)
                         net (fo=0)                   0.000     0.000    i_clock
    E3                   IBUF (Prop_ibuf_I_O)         1.418     1.418 r  i_clock_IBUF_inst/O
                         net (fo=1, routed)           1.862     3.280    i_clock_IBUF
    BUFGCTRL_X0Y16       BUFG (Prop_bufg_I_O)         0.091     3.371 r  i_clock_IBUF_BUFG_inst/O
                         net (fo=48, routed)          1.492     4.863    u_phase_detector/u_ram_r/U0/inst_blk_mem_gen/gnbram.gnativebmg.native_blk_mem_gen/valid.cstr/ramloop[3].ram.r/prim_init.ram/clka
    RAMB36_X1Y2          RAMB36E1                                     r  u_phase_detector/u_ram_r/U0/inst_blk_mem_gen/gnbram.gnativebmg.native_blk_mem_gen/valid.cstr/ramloop[3].ram.r/prim_init.ram/DEVICE_7SERIES.NO_BMM_INFO.SP.SIMPLE_PRIM36.ram/CLKARDCLK

Slack:                    inf
  Source:                 i_data_i[0]
                            (input port)
  Destination:            u_phase_detector/u_ram_r/U0/inst_blk_mem_gen/gnbram.gnativebmg.native_blk_mem_gen/valid.cstr/ramloop[3].ram.r/prim_init.ram/DEVICE_7SERIES.NO_BMM_INFO.SP.SIMPLE_PRIM36.ram/ADDRARDADDR[3]
                            (rising edge-triggered cell RAMB36E1 clocked by sys_clk_pin  {rise@0.000ns fall@10.000ns period=20.000ns})
  Path Group:             (none)
  Path Type:              Setup (Max at Slow Process Corner)
  Data Path Delay:        19.289ns  (logic 6.053ns (31.382%)  route 13.236ns (68.618%))
  Logic Levels:           16  (CARRY4=7 IBUF=1 LUT2=3 LUT3=1 LUT4=2 LUT6=2)
  Clock Path Skew:        4.863ns (DCD - SCD + CPR)
    Destination Clock Delay (DCD):    4.863ns
    Source Clock Delay      (SCD):    0.000ns
    Clock Pessimism Removal (CPR):    0.000ns
  Clock Uncertainty:      0.025ns  ((TSJ^2 + TIJ^2)^1/2 + DJ) / 2 + PE
    Total System Jitter     (TSJ):    0.050ns
    Total Input Jitter      (TIJ):    0.000ns
    Discrete Jitter          (DJ):    0.000ns
    Phase Error              (PE):    0.000ns

    Location             Delay type                Incr(ns)  Path(ns)    Netlist Resource(s)
  -------------------------------------------------------------------    -------------------
    G13                                               0.000     0.000 r  i_data_i[0] (IN)
                         net (fo=0)                   0.000     0.000    i_data_i[0]
    G13                  IBUF (Prop_ibuf_I_O)         1.473     1.473 r  i_data_i_IBUF[0]_inst/O
                         net (fo=36, routed)          5.758     7.231    u_sin_calc/i_data_i_IBUF[0]
    SLICE_X52Y34         LUT2 (Prop_lut2_I0_O)        0.150     7.381 r  u_sin_calc/i_data0__0_carry__0_i_11/O
                         net (fo=1, routed)           0.690     8.071    u_sin_calc/i_data0__0_carry__0_i_11_n_0
    SLICE_X53Y34         LUT6 (Prop_lut6_I5_O)        0.328     8.399 r  u_sin_calc/i_data0__0_carry__0_i_7/O
                         net (fo=1, routed)           0.000     8.399    u_complex_mul/i_data0__84_carry_i_8_1[1]
    SLICE_X53Y34         CARRY4 (Prop_carry4_S[1]_O[2])
                                                      0.580     8.979 r  u_complex_mul/i_data0__0_carry__0/O[2]
                         net (fo=2, routed)           0.732     9.711    u_complex_mul/i_data0__0_carry__0_n_5
    SLICE_X51Y35         LUT4 (Prop_lut4_I1_O)        0.302    10.013 r  u_complex_mul/i_data0__84_carry_i_1/O
                         net (fo=2, routed)           0.820    10.833    u_complex_mul/i_data0__84_carry_i_1_n_0
    SLICE_X53Y36         LUT4 (Prop_lut4_I3_O)        0.124    10.957 r  u_complex_mul/i_data0__84_carry_i_5/O
                         net (fo=1, routed)           0.000    10.957    u_complex_mul/i_data0__84_carry_i_5_n_0
    SLICE_X53Y36         CARRY4 (Prop_carry4_S[3]_CO[3])
                                                      0.401    11.358 r  u_complex_mul/i_data0__84_carry/CO[3]
                         net (fo=1, routed)           0.000    11.358    u_complex_mul/i_data0__84_carry_n_0
    SLICE_X53Y37         CARRY4 (Prop_carry4_CI_O[0])
                                                      0.223    11.581 r  u_complex_mul/i_data0__84_carry__0/O[0]
                         net (fo=1, routed)           0.455    12.036    u_complex_mul/u_round_i_mul_sin/o_data_q_carry_i_2[0]
    SLICE_X50Y35         CARRY4 (Prop_carry4_S[3]_CO[3])
                                                      0.675    12.711 r  u_complex_mul/u_round_i_mul_sin/o_round0_carry/CO[3]
                         net (fo=1, routed)           0.000    12.711    u_complex_mul/u_round_i_mul_sin/o_round0_carry_n_0
    SLICE_X50Y36         CARRY4 (Prop_carry4_CI_O[0])
                                                      0.219    12.930 r  u_complex_mul/u_round_i_mul_sin/o_round0_carry__0/O[0]
                         net (fo=1, routed)           0.812    13.742    u_complex_mul/u_round_q_mul_cos/s_quadrature_r_reg[0]
    SLICE_X48Y33         LUT2 (Prop_lut2_I1_O)        0.295    14.037 r  u_complex_mul/u_round_q_mul_cos/o_data_q_carry_i_2/O
                         net (fo=1, routed)           0.000    14.037    u_complex_mul/u_round_q_mul_cos_n_20
    SLICE_X48Y33         CARRY4 (Prop_carry4_S[2]_CO[3])
                                                      0.398    14.435 r  u_complex_mul/o_data_q_carry/CO[3]
                         net (fo=1, routed)           0.000    14.435    u_complex_mul/o_data_q_carry_n_0
    SLICE_X48Y34         CARRY4 (Prop_carry4_CI_O[1])
                                                      0.334    14.769 f  u_complex_mul/o_data_q_carry__0/O[1]
                         net (fo=4, routed)           0.859    15.629    u_complex_mul/u_round_q_mul_cos/O[1]
    SLICE_X52Y33         LUT6 (Prop_lut6_I0_O)        0.303    15.932 f  u_complex_mul/u_round_q_mul_cos/u_ram_r_i_19/O
                         net (fo=3, routed)           0.586    16.518    u_complex_mul/u_round_q_mul_cos/o_data_q_carry__0
    SLICE_X52Y32         LUT3 (Prop_lut3_I2_O)        0.124    16.642 r  u_complex_mul/u_round_q_mul_cos/u_ram_r_i_22/O
                         net (fo=4, routed)           0.466    17.108    u_complex_mul/u_round_q_mul_cos/u_ram_r_i_22_n_0
    SLICE_X52Y32         LUT2 (Prop_lut2_I1_O)        0.124    17.232 r  u_complex_mul/u_round_q_mul_cos/u_ram_r_i_14/O
                         net (fo=4, routed)           2.057    19.289    u_phase_detector/u_ram_r/U0/inst_blk_mem_gen/gnbram.gnativebmg.native_blk_mem_gen/valid.cstr/ramloop[3].ram.r/prim_init.ram/addra[0]
    RAMB36_X1Y2          RAMB36E1                                     r  u_phase_detector/u_ram_r/U0/inst_blk_mem_gen/gnbram.gnativebmg.native_blk_mem_gen/valid.cstr/ramloop[3].ram.r/prim_init.ram/DEVICE_7SERIES.NO_BMM_INFO.SP.SIMPLE_PRIM36.ram/ADDRARDADDR[3]
  -------------------------------------------------------------------    -------------------

                         (clock sys_clk_pin rise edge)
                                                      0.000     0.000 r  
    E3                                                0.000     0.000 r  i_clock (IN)
                         net (fo=0)                   0.000     0.000    i_clock
    E3                   IBUF (Prop_ibuf_I_O)         1.418     1.418 r  i_clock_IBUF_inst/O
                         net (fo=1, routed)           1.862     3.280    i_clock_IBUF
    BUFGCTRL_X0Y16       BUFG (Prop_bufg_I_O)         0.091     3.371 r  i_clock_IBUF_BUFG_inst/O
                         net (fo=48, routed)          1.492     4.863    u_phase_detector/u_ram_r/U0/inst_blk_mem_gen/gnbram.gnativebmg.native_blk_mem_gen/valid.cstr/ramloop[3].ram.r/prim_init.ram/clka
    RAMB36_X1Y2          RAMB36E1                                     r  u_phase_detector/u_ram_r/U0/inst_blk_mem_gen/gnbram.gnativebmg.native_blk_mem_gen/valid.cstr/ramloop[3].ram.r/prim_init.ram/DEVICE_7SERIES.NO_BMM_INFO.SP.SIMPLE_PRIM36.ram/CLKARDCLK

Slack:                    inf
  Source:                 i_data_i[0]
                            (input port)
  Destination:            u_phase_detector/u_ram_a/U0/inst_blk_mem_gen/gnbram.gnativebmg.native_blk_mem_gen/valid.cstr/ramloop[1].ram.r/prim_init.ram/DEVICE_7SERIES.NO_BMM_INFO.SP.SIMPLE_PRIM36.ram/ENARDEN
                            (rising edge-triggered cell RAMB36E1 clocked by sys_clk_pin  {rise@0.000ns fall@10.000ns period=20.000ns})
  Path Group:             (none)
  Path Type:              Setup (Max at Slow Process Corner)
  Data Path Delay:        19.128ns  (logic 6.053ns (31.645%)  route 13.075ns (68.355%))
  Logic Levels:           16  (CARRY4=7 IBUF=1 LUT2=2 LUT3=1 LUT4=2 LUT6=3)
  Clock Path Skew:        4.867ns (DCD - SCD + CPR)
    Destination Clock Delay (DCD):    4.867ns
    Source Clock Delay      (SCD):    0.000ns
    Clock Pessimism Removal (CPR):    0.000ns
  Clock Uncertainty:      0.025ns  ((TSJ^2 + TIJ^2)^1/2 + DJ) / 2 + PE
    Total System Jitter     (TSJ):    0.050ns
    Total Input Jitter      (TIJ):    0.000ns
    Discrete Jitter          (DJ):    0.000ns
    Phase Error              (PE):    0.000ns

    Location             Delay type                Incr(ns)  Path(ns)    Netlist Resource(s)
  -------------------------------------------------------------------    -------------------
    G13                                               0.000     0.000 r  i_data_i[0] (IN)
                         net (fo=0)                   0.000     0.000    i_data_i[0]
    G13                  IBUF (Prop_ibuf_I_O)         1.473     1.473 r  i_data_i_IBUF[0]_inst/O
                         net (fo=36, routed)          5.758     7.231    u_sin_calc/i_data_i_IBUF[0]
    SLICE_X52Y34         LUT2 (Prop_lut2_I0_O)        0.150     7.381 r  u_sin_calc/i_data0__0_carry__0_i_11/O
                         net (fo=1, routed)           0.690     8.071    u_sin_calc/i_data0__0_carry__0_i_11_n_0
    SLICE_X53Y34         LUT6 (Prop_lut6_I5_O)        0.328     8.399 r  u_sin_calc/i_data0__0_carry__0_i_7/O
                         net (fo=1, routed)           0.000     8.399    u_complex_mul/i_data0__84_carry_i_8_1[1]
    SLICE_X53Y34         CARRY4 (Prop_carry4_S[1]_O[2])
                                                      0.580     8.979 r  u_complex_mul/i_data0__0_carry__0/O[2]
                         net (fo=2, routed)           0.732     9.711    u_complex_mul/i_data0__0_carry__0_n_5
    SLICE_X51Y35         LUT4 (Prop_lut4_I1_O)        0.302    10.013 r  u_complex_mul/i_data0__84_carry_i_1/O
                         net (fo=2, routed)           0.820    10.833    u_complex_mul/i_data0__84_carry_i_1_n_0
    SLICE_X53Y36         LUT4 (Prop_lut4_I3_O)        0.124    10.957 r  u_complex_mul/i_data0__84_carry_i_5/O
                         net (fo=1, routed)           0.000    10.957    u_complex_mul/i_data0__84_carry_i_5_n_0
    SLICE_X53Y36         CARRY4 (Prop_carry4_S[3]_CO[3])
                                                      0.401    11.358 r  u_complex_mul/i_data0__84_carry/CO[3]
                         net (fo=1, routed)           0.000    11.358    u_complex_mul/i_data0__84_carry_n_0
    SLICE_X53Y37         CARRY4 (Prop_carry4_CI_O[0])
                                                      0.223    11.581 r  u_complex_mul/i_data0__84_carry__0/O[0]
                         net (fo=1, routed)           0.455    12.036    u_complex_mul/u_round_i_mul_sin/o_data_q_carry_i_2[0]
    SLICE_X50Y35         CARRY4 (Prop_carry4_S[3]_CO[3])
                                                      0.675    12.711 r  u_complex_mul/u_round_i_mul_sin/o_round0_carry/CO[3]
                         net (fo=1, routed)           0.000    12.711    u_complex_mul/u_round_i_mul_sin/o_round0_carry_n_0
    SLICE_X50Y36         CARRY4 (Prop_carry4_CI_O[0])
                                                      0.219    12.930 r  u_complex_mul/u_round_i_mul_sin/o_round0_carry__0/O[0]
                         net (fo=1, routed)           0.812    13.742    u_complex_mul/u_round_q_mul_cos/s_quadrature_r_reg[0]
    SLICE_X48Y33         LUT2 (Prop_lut2_I1_O)        0.295    14.037 r  u_complex_mul/u_round_q_mul_cos/o_data_q_carry_i_2/O
                         net (fo=1, routed)           0.000    14.037    u_complex_mul/u_round_q_mul_cos_n_20
    SLICE_X48Y33         CARRY4 (Prop_carry4_S[2]_CO[3])
                                                      0.398    14.435 r  u_complex_mul/o_data_q_carry/CO[3]
                         net (fo=1, routed)           0.000    14.435    u_complex_mul/o_data_q_carry_n_0
    SLICE_X48Y34         CARRY4 (Prop_carry4_CI_O[1])
                                                      0.334    14.769 r  u_complex_mul/o_data_q_carry__0/O[1]
                         net (fo=4, routed)           0.859    15.629    u_complex_mul/u_round_q_mul_cos/O[1]
    SLICE_X52Y33         LUT6 (Prop_lut6_I0_O)        0.303    15.932 r  u_complex_mul/u_round_q_mul_cos/u_ram_r_i_19/O
                         net (fo=3, routed)           0.825    16.756    u_complex_mul/u_round_i_mul_cos/u_ram_a_0
    SLICE_X47Y31         LUT6 (Prop_lut6_I5_O)        0.124    16.880 r  u_complex_mul/u_round_i_mul_cos/u_ram_a_i_2/O
                         net (fo=9, routed)           0.971    17.852    u_phase_detector/u_ram_a/U0/inst_blk_mem_gen/gnbram.gnativebmg.native_blk_mem_gen/valid.cstr/bindec_a.bindec_inst_a/addra[0]
    SLICE_X46Y27         LUT3 (Prop_lut3_I1_O)        0.124    17.976 r  u_phase_detector/u_ram_a/U0/inst_blk_mem_gen/gnbram.gnativebmg.native_blk_mem_gen/valid.cstr/bindec_a.bindec_inst_a/DEVICE_7SERIES.NO_BMM_INFO.SP.SIMPLE_PRIM36.ram_i_1__0/O
                         net (fo=1, routed)           1.153    19.128    u_phase_detector/u_ram_a/U0/inst_blk_mem_gen/gnbram.gnativebmg.native_blk_mem_gen/valid.cstr/ramloop[1].ram.r/prim_init.ram/ena_array[0]
    RAMB36_X2Y7          RAMB36E1                                     r  u_phase_detector/u_ram_a/U0/inst_blk_mem_gen/gnbram.gnativebmg.native_blk_mem_gen/valid.cstr/ramloop[1].ram.r/prim_init.ram/DEVICE_7SERIES.NO_BMM_INFO.SP.SIMPLE_PRIM36.ram/ENARDEN
  -------------------------------------------------------------------    -------------------

                         (clock sys_clk_pin rise edge)
                                                      0.000     0.000 r  
    E3                                                0.000     0.000 r  i_clock (IN)
                         net (fo=0)                   0.000     0.000    i_clock
    E3                   IBUF (Prop_ibuf_I_O)         1.418     1.418 r  i_clock_IBUF_inst/O
                         net (fo=1, routed)           1.862     3.280    i_clock_IBUF
    BUFGCTRL_X0Y16       BUFG (Prop_bufg_I_O)         0.091     3.371 r  i_clock_IBUF_BUFG_inst/O
                         net (fo=48, routed)          1.496     4.867    u_phase_detector/u_ram_a/U0/inst_blk_mem_gen/gnbram.gnativebmg.native_blk_mem_gen/valid.cstr/ramloop[1].ram.r/prim_init.ram/clka
    RAMB36_X2Y7          RAMB36E1                                     r  u_phase_detector/u_ram_a/U0/inst_blk_mem_gen/gnbram.gnativebmg.native_blk_mem_gen/valid.cstr/ramloop[1].ram.r/prim_init.ram/DEVICE_7SERIES.NO_BMM_INFO.SP.SIMPLE_PRIM36.ram/CLKARDCLK

Slack:                    inf
  Source:                 i_data_i[0]
                            (input port)
  Destination:            u_phase_detector/u_ram_r/U0/inst_blk_mem_gen/gnbram.gnativebmg.native_blk_mem_gen/valid.cstr/ramloop[3].ram.r/prim_init.ram/DEVICE_7SERIES.NO_BMM_INFO.SP.SIMPLE_PRIM36.ram/ADDRARDADDR[6]
                            (rising edge-triggered cell RAMB36E1 clocked by sys_clk_pin  {rise@0.000ns fall@10.000ns period=20.000ns})
  Path Group:             (none)
  Path Type:              Setup (Max at Slow Process Corner)
  Data Path Delay:        19.106ns  (logic 6.053ns (31.682%)  route 13.053ns (68.318%))
  Logic Levels:           16  (CARRY4=7 IBUF=1 LUT2=2 LUT3=1 LUT4=2 LUT6=3)
  Clock Path Skew:        4.863ns (DCD - SCD + CPR)
    Destination Clock Delay (DCD):    4.863ns
    Source Clock Delay      (SCD):    0.000ns
    Clock Pessimism Removal (CPR):    0.000ns
  Clock Uncertainty:      0.025ns  ((TSJ^2 + TIJ^2)^1/2 + DJ) / 2 + PE
    Total System Jitter     (TSJ):    0.050ns
    Total Input Jitter      (TIJ):    0.000ns
    Discrete Jitter          (DJ):    0.000ns
    Phase Error              (PE):    0.000ns

    Location             Delay type                Incr(ns)  Path(ns)    Netlist Resource(s)
  -------------------------------------------------------------------    -------------------
    G13                                               0.000     0.000 r  i_data_i[0] (IN)
                         net (fo=0)                   0.000     0.000    i_data_i[0]
    G13                  IBUF (Prop_ibuf_I_O)         1.473     1.473 r  i_data_i_IBUF[0]_inst/O
                         net (fo=36, routed)          5.758     7.231    u_sin_calc/i_data_i_IBUF[0]
    SLICE_X52Y34         LUT2 (Prop_lut2_I0_O)        0.150     7.381 r  u_sin_calc/i_data0__0_carry__0_i_11/O
                         net (fo=1, routed)           0.690     8.071    u_sin_calc/i_data0__0_carry__0_i_11_n_0
    SLICE_X53Y34         LUT6 (Prop_lut6_I5_O)        0.328     8.399 r  u_sin_calc/i_data0__0_carry__0_i_7/O
                         net (fo=1, routed)           0.000     8.399    u_complex_mul/i_data0__84_carry_i_8_1[1]
    SLICE_X53Y34         CARRY4 (Prop_carry4_S[1]_O[2])
                                                      0.580     8.979 r  u_complex_mul/i_data0__0_carry__0/O[2]
                         net (fo=2, routed)           0.732     9.711    u_complex_mul/i_data0__0_carry__0_n_5
    SLICE_X51Y35         LUT4 (Prop_lut4_I1_O)        0.302    10.013 r  u_complex_mul/i_data0__84_carry_i_1/O
                         net (fo=2, routed)           0.820    10.833    u_complex_mul/i_data0__84_carry_i_1_n_0
    SLICE_X53Y36         LUT4 (Prop_lut4_I3_O)        0.124    10.957 r  u_complex_mul/i_data0__84_carry_i_5/O
                         net (fo=1, routed)           0.000    10.957    u_complex_mul/i_data0__84_carry_i_5_n_0
    SLICE_X53Y36         CARRY4 (Prop_carry4_S[3]_CO[3])
                                                      0.401    11.358 r  u_complex_mul/i_data0__84_carry/CO[3]
                         net (fo=1, routed)           0.000    11.358    u_complex_mul/i_data0__84_carry_n_0
    SLICE_X53Y37         CARRY4 (Prop_carry4_CI_O[0])
                                                      0.223    11.581 r  u_complex_mul/i_data0__84_carry__0/O[0]
                         net (fo=1, routed)           0.455    12.036    u_complex_mul/u_round_i_mul_sin/o_data_q_carry_i_2[0]
    SLICE_X50Y35         CARRY4 (Prop_carry4_S[3]_CO[3])
                                                      0.675    12.711 r  u_complex_mul/u_round_i_mul_sin/o_round0_carry/CO[3]
                         net (fo=1, routed)           0.000    12.711    u_complex_mul/u_round_i_mul_sin/o_round0_carry_n_0
    SLICE_X50Y36         CARRY4 (Prop_carry4_CI_O[0])
                                                      0.219    12.930 r  u_complex_mul/u_round_i_mul_sin/o_round0_carry__0/O[0]
                         net (fo=1, routed)           0.812    13.742    u_complex_mul/u_round_q_mul_cos/s_quadrature_r_reg[0]
    SLICE_X48Y33         LUT2 (Prop_lut2_I1_O)        0.295    14.037 r  u_complex_mul/u_round_q_mul_cos/o_data_q_carry_i_2/O
                         net (fo=1, routed)           0.000    14.037    u_complex_mul/u_round_q_mul_cos_n_20
    SLICE_X48Y33         CARRY4 (Prop_carry4_S[2]_CO[3])
                                                      0.398    14.435 r  u_complex_mul/o_data_q_carry/CO[3]
                         net (fo=1, routed)           0.000    14.435    u_complex_mul/o_data_q_carry_n_0
    SLICE_X48Y34         CARRY4 (Prop_carry4_CI_O[1])
                                                      0.334    14.769 f  u_complex_mul/o_data_q_carry__0/O[1]
                         net (fo=4, routed)           0.859    15.629    u_complex_mul/u_round_q_mul_cos/O[1]
    SLICE_X52Y33         LUT6 (Prop_lut6_I0_O)        0.303    15.932 f  u_complex_mul/u_round_q_mul_cos/u_ram_r_i_19/O
                         net (fo=3, routed)           0.586    16.518    u_complex_mul/u_round_q_mul_cos/o_data_q_carry__0
    SLICE_X52Y32         LUT3 (Prop_lut3_I2_O)        0.124    16.642 r  u_complex_mul/u_round_q_mul_cos/u_ram_r_i_22/O
                         net (fo=4, routed)           0.726    17.368    u_complex_mul/u_round_q_mul_cos/u_ram_r_i_22_n_0
    SLICE_X53Y32         LUT6 (Prop_lut6_I0_O)        0.124    17.492 r  u_complex_mul/u_round_q_mul_cos/u_ram_r_i_11/O
                         net (fo=4, routed)           1.614    19.106    u_phase_detector/u_ram_r/U0/inst_blk_mem_gen/gnbram.gnativebmg.native_blk_mem_gen/valid.cstr/ramloop[3].ram.r/prim_init.ram/addra[3]
    RAMB36_X1Y2          RAMB36E1                                     r  u_phase_detector/u_ram_r/U0/inst_blk_mem_gen/gnbram.gnativebmg.native_blk_mem_gen/valid.cstr/ramloop[3].ram.r/prim_init.ram/DEVICE_7SERIES.NO_BMM_INFO.SP.SIMPLE_PRIM36.ram/ADDRARDADDR[6]
  -------------------------------------------------------------------    -------------------

                         (clock sys_clk_pin rise edge)
                                                      0.000     0.000 r  
    E3                                                0.000     0.000 r  i_clock (IN)
                         net (fo=0)                   0.000     0.000    i_clock
    E3                   IBUF (Prop_ibuf_I_O)         1.418     1.418 r  i_clock_IBUF_inst/O
                         net (fo=1, routed)           1.862     3.280    i_clock_IBUF
    BUFGCTRL_X0Y16       BUFG (Prop_bufg_I_O)         0.091     3.371 r  i_clock_IBUF_BUFG_inst/O
                         net (fo=48, routed)          1.492     4.863    u_phase_detector/u_ram_r/U0/inst_blk_mem_gen/gnbram.gnativebmg.native_blk_mem_gen/valid.cstr/ramloop[3].ram.r/prim_init.ram/clka
    RAMB36_X1Y2          RAMB36E1                                     r  u_phase_detector/u_ram_r/U0/inst_blk_mem_gen/gnbram.gnativebmg.native_blk_mem_gen/valid.cstr/ramloop[3].ram.r/prim_init.ram/DEVICE_7SERIES.NO_BMM_INFO.SP.SIMPLE_PRIM36.ram/CLKARDCLK

Slack:                    inf
  Source:                 i_data_i[0]
                            (input port)
  Destination:            u_phase_detector/u_ram_r/U0/inst_blk_mem_gen/gnbram.gnativebmg.native_blk_mem_gen/valid.cstr/ramloop[3].ram.r/prim_init.ram/DEVICE_7SERIES.NO_BMM_INFO.SP.SIMPLE_PRIM36.ram/ADDRARDADDR[5]
                            (rising edge-triggered cell RAMB36E1 clocked by sys_clk_pin  {rise@0.000ns fall@10.000ns period=20.000ns})
  Path Group:             (none)
  Path Type:              Setup (Max at Slow Process Corner)
  Data Path Delay:        19.065ns  (logic 6.053ns (31.750%)  route 13.012ns (68.250%))
  Logic Levels:           16  (CARRY4=7 IBUF=1 LUT2=2 LUT3=1 LUT4=2 LUT5=1 LUT6=2)
  Clock Path Skew:        4.863ns (DCD - SCD + CPR)
    Destination Clock Delay (DCD):    4.863ns
    Source Clock Delay      (SCD):    0.000ns
    Clock Pessimism Removal (CPR):    0.000ns
  Clock Uncertainty:      0.025ns  ((TSJ^2 + TIJ^2)^1/2 + DJ) / 2 + PE
    Total System Jitter     (TSJ):    0.050ns
    Total Input Jitter      (TIJ):    0.000ns
    Discrete Jitter          (DJ):    0.000ns
    Phase Error              (PE):    0.000ns

    Location             Delay type                Incr(ns)  Path(ns)    Netlist Resource(s)
  -------------------------------------------------------------------    -------------------
    G13                                               0.000     0.000 r  i_data_i[0] (IN)
                         net (fo=0)                   0.000     0.000    i_data_i[0]
    G13                  IBUF (Prop_ibuf_I_O)         1.473     1.473 r  i_data_i_IBUF[0]_inst/O
                         net (fo=36, routed)          5.758     7.231    u_sin_calc/i_data_i_IBUF[0]
    SLICE_X52Y34         LUT2 (Prop_lut2_I0_O)        0.150     7.381 r  u_sin_calc/i_data0__0_carry__0_i_11/O
                         net (fo=1, routed)           0.690     8.071    u_sin_calc/i_data0__0_carry__0_i_11_n_0
    SLICE_X53Y34         LUT6 (Prop_lut6_I5_O)        0.328     8.399 r  u_sin_calc/i_data0__0_carry__0_i_7/O
                         net (fo=1, routed)           0.000     8.399    u_complex_mul/i_data0__84_carry_i_8_1[1]
    SLICE_X53Y34         CARRY4 (Prop_carry4_S[1]_O[2])
                                                      0.580     8.979 r  u_complex_mul/i_data0__0_carry__0/O[2]
                         net (fo=2, routed)           0.732     9.711    u_complex_mul/i_data0__0_carry__0_n_5
    SLICE_X51Y35         LUT4 (Prop_lut4_I1_O)        0.302    10.013 r  u_complex_mul/i_data0__84_carry_i_1/O
                         net (fo=2, routed)           0.820    10.833    u_complex_mul/i_data0__84_carry_i_1_n_0
    SLICE_X53Y36         LUT4 (Prop_lut4_I3_O)        0.124    10.957 r  u_complex_mul/i_data0__84_carry_i_5/O
                         net (fo=1, routed)           0.000    10.957    u_complex_mul/i_data0__84_carry_i_5_n_0
    SLICE_X53Y36         CARRY4 (Prop_carry4_S[3]_CO[3])
                                                      0.401    11.358 r  u_complex_mul/i_data0__84_carry/CO[3]
                         net (fo=1, routed)           0.000    11.358    u_complex_mul/i_data0__84_carry_n_0
    SLICE_X53Y37         CARRY4 (Prop_carry4_CI_O[0])
                                                      0.223    11.581 r  u_complex_mul/i_data0__84_carry__0/O[0]
                         net (fo=1, routed)           0.455    12.036    u_complex_mul/u_round_i_mul_sin/o_data_q_carry_i_2[0]
    SLICE_X50Y35         CARRY4 (Prop_carry4_S[3]_CO[3])
                                                      0.675    12.711 r  u_complex_mul/u_round_i_mul_sin/o_round0_carry/CO[3]
                         net (fo=1, routed)           0.000    12.711    u_complex_mul/u_round_i_mul_sin/o_round0_carry_n_0
    SLICE_X50Y36         CARRY4 (Prop_carry4_CI_O[0])
                                                      0.219    12.930 r  u_complex_mul/u_round_i_mul_sin/o_round0_carry__0/O[0]
                         net (fo=1, routed)           0.812    13.742    u_complex_mul/u_round_q_mul_cos/s_quadrature_r_reg[0]
    SLICE_X48Y33         LUT2 (Prop_lut2_I1_O)        0.295    14.037 r  u_complex_mul/u_round_q_mul_cos/o_data_q_carry_i_2/O
                         net (fo=1, routed)           0.000    14.037    u_complex_mul/u_round_q_mul_cos_n_20
    SLICE_X48Y33         CARRY4 (Prop_carry4_S[2]_CO[3])
                                                      0.398    14.435 r  u_complex_mul/o_data_q_carry/CO[3]
                         net (fo=1, routed)           0.000    14.435    u_complex_mul/o_data_q_carry_n_0
    SLICE_X48Y34         CARRY4 (Prop_carry4_CI_O[1])
                                                      0.334    14.769 f  u_complex_mul/o_data_q_carry__0/O[1]
                         net (fo=4, routed)           0.859    15.629    u_complex_mul/u_round_q_mul_cos/O[1]
    SLICE_X52Y33         LUT6 (Prop_lut6_I0_O)        0.303    15.932 f  u_complex_mul/u_round_q_mul_cos/u_ram_r_i_19/O
                         net (fo=3, routed)           0.586    16.518    u_complex_mul/u_round_q_mul_cos/o_data_q_carry__0
    SLICE_X52Y32         LUT3 (Prop_lut3_I2_O)        0.124    16.642 r  u_complex_mul/u_round_q_mul_cos/u_ram_r_i_22/O
                         net (fo=4, routed)           0.508    17.150    u_complex_mul/u_round_q_mul_cos/u_ram_r_i_22_n_0
    SLICE_X52Y32         LUT5 (Prop_lut5_I0_O)        0.124    17.274 r  u_complex_mul/u_round_q_mul_cos/u_ram_r_i_12/O
                         net (fo=4, routed)           1.791    19.065    u_phase_detector/u_ram_r/U0/inst_blk_mem_gen/gnbram.gnativebmg.native_blk_mem_gen/valid.cstr/ramloop[3].ram.r/prim_init.ram/addra[2]
    RAMB36_X1Y2          RAMB36E1                                     r  u_phase_detector/u_ram_r/U0/inst_blk_mem_gen/gnbram.gnativebmg.native_blk_mem_gen/valid.cstr/ramloop[3].ram.r/prim_init.ram/DEVICE_7SERIES.NO_BMM_INFO.SP.SIMPLE_PRIM36.ram/ADDRARDADDR[5]
  -------------------------------------------------------------------    -------------------

                         (clock sys_clk_pin rise edge)
                                                      0.000     0.000 r  
    E3                                                0.000     0.000 r  i_clock (IN)
                         net (fo=0)                   0.000     0.000    i_clock
    E3                   IBUF (Prop_ibuf_I_O)         1.418     1.418 r  i_clock_IBUF_inst/O
                         net (fo=1, routed)           1.862     3.280    i_clock_IBUF
    BUFGCTRL_X0Y16       BUFG (Prop_bufg_I_O)         0.091     3.371 r  i_clock_IBUF_BUFG_inst/O
                         net (fo=48, routed)          1.492     4.863    u_phase_detector/u_ram_r/U0/inst_blk_mem_gen/gnbram.gnativebmg.native_blk_mem_gen/valid.cstr/ramloop[3].ram.r/prim_init.ram/clka
    RAMB36_X1Y2          RAMB36E1                                     r  u_phase_detector/u_ram_r/U0/inst_blk_mem_gen/gnbram.gnativebmg.native_blk_mem_gen/valid.cstr/ramloop[3].ram.r/prim_init.ram/DEVICE_7SERIES.NO_BMM_INFO.SP.SIMPLE_PRIM36.ram/CLKARDCLK

Slack:                    inf
  Source:                 i_data_i[0]
                            (input port)
  Destination:            u_phase_detector/u_ram_r/U0/inst_blk_mem_gen/gnbram.gnativebmg.native_blk_mem_gen/valid.cstr/ramloop[0].ram.r/prim_init.ram/DEVICE_7SERIES.NO_BMM_INFO.SP.SIMPLE_PRIM36.ram/ADDRARDADDR[4]
                            (rising edge-triggered cell RAMB36E1 clocked by sys_clk_pin  {rise@0.000ns fall@10.000ns period=20.000ns})
  Path Group:             (none)
  Path Type:              Setup (Max at Slow Process Corner)
  Data Path Delay:        18.992ns  (logic 6.045ns (31.831%)  route 12.947ns (68.169%))
  Logic Levels:           16  (CARRY4=7 IBUF=1 LUT2=2 LUT3=1 LUT4=3 LUT6=2)
  Clock Path Skew:        4.858ns (DCD - SCD + CPR)
    Destination Clock Delay (DCD):    4.858ns
    Source Clock Delay      (SCD):    0.000ns
    Clock Pessimism Removal (CPR):    0.000ns
  Clock Uncertainty:      0.025ns  ((TSJ^2 + TIJ^2)^1/2 + DJ) / 2 + PE
    Total System Jitter     (TSJ):    0.050ns
    Total Input Jitter      (TIJ):    0.000ns
    Discrete Jitter          (DJ):    0.000ns
    Phase Error              (PE):    0.000ns

    Location             Delay type                Incr(ns)  Path(ns)    Netlist Resource(s)
  -------------------------------------------------------------------    -------------------
    G13                                               0.000     0.000 r  i_data_i[0] (IN)
                         net (fo=0)                   0.000     0.000    i_data_i[0]
    G13                  IBUF (Prop_ibuf_I_O)         1.473     1.473 r  i_data_i_IBUF[0]_inst/O
                         net (fo=36, routed)          5.758     7.231    u_sin_calc/i_data_i_IBUF[0]
    SLICE_X52Y34         LUT2 (Prop_lut2_I0_O)        0.150     7.381 r  u_sin_calc/i_data0__0_carry__0_i_11/O
                         net (fo=1, routed)           0.690     8.071    u_sin_calc/i_data0__0_carry__0_i_11_n_0
    SLICE_X53Y34         LUT6 (Prop_lut6_I5_O)        0.328     8.399 r  u_sin_calc/i_data0__0_carry__0_i_7/O
                         net (fo=1, routed)           0.000     8.399    u_complex_mul/i_data0__84_carry_i_8_1[1]
    SLICE_X53Y34         CARRY4 (Prop_carry4_S[1]_O[2])
                                                      0.580     8.979 r  u_complex_mul/i_data0__0_carry__0/O[2]
                         net (fo=2, routed)           0.732     9.711    u_complex_mul/i_data0__0_carry__0_n_5
    SLICE_X51Y35         LUT4 (Prop_lut4_I1_O)        0.302    10.013 r  u_complex_mul/i_data0__84_carry_i_1/O
                         net (fo=2, routed)           0.820    10.833    u_complex_mul/i_data0__84_carry_i_1_n_0
    SLICE_X53Y36         LUT4 (Prop_lut4_I3_O)        0.124    10.957 r  u_complex_mul/i_data0__84_carry_i_5/O
                         net (fo=1, routed)           0.000    10.957    u_complex_mul/i_data0__84_carry_i_5_n_0
    SLICE_X53Y36         CARRY4 (Prop_carry4_S[3]_CO[3])
                                                      0.401    11.358 r  u_complex_mul/i_data0__84_carry/CO[3]
                         net (fo=1, routed)           0.000    11.358    u_complex_mul/i_data0__84_carry_n_0
    SLICE_X53Y37         CARRY4 (Prop_carry4_CI_O[0])
                                                      0.223    11.581 r  u_complex_mul/i_data0__84_carry__0/O[0]
                         net (fo=1, routed)           0.455    12.036    u_complex_mul/u_round_i_mul_sin/o_data_q_carry_i_2[0]
    SLICE_X50Y35         CARRY4 (Prop_carry4_S[3]_CO[3])
                                                      0.675    12.711 r  u_complex_mul/u_round_i_mul_sin/o_round0_carry/CO[3]
                         net (fo=1, routed)           0.000    12.711    u_complex_mul/u_round_i_mul_sin/o_round0_carry_n_0
    SLICE_X50Y36         CARRY4 (Prop_carry4_CI_O[0])
                                                      0.219    12.930 r  u_complex_mul/u_round_i_mul_sin/o_round0_carry__0/O[0]
                         net (fo=1, routed)           0.812    13.742    u_complex_mul/u_round_q_mul_cos/s_quadrature_r_reg[0]
    SLICE_X48Y33         LUT2 (Prop_lut2_I1_O)        0.295    14.037 r  u_complex_mul/u_round_q_mul_cos/o_data_q_carry_i_2/O
                         net (fo=1, routed)           0.000    14.037    u_complex_mul/u_round_q_mul_cos_n_20
    SLICE_X48Y33         CARRY4 (Prop_carry4_S[2]_CO[3])
                                                      0.398    14.435 r  u_complex_mul/o_data_q_carry/CO[3]
                         net (fo=1, routed)           0.000    14.435    u_complex_mul/o_data_q_carry_n_0
    SLICE_X48Y34         CARRY4 (Prop_carry4_CI_O[1])
                                                      0.334    14.769 f  u_complex_mul/o_data_q_carry__0/O[1]
                         net (fo=4, routed)           0.859    15.629    u_complex_mul/u_round_q_mul_cos/O[1]
    SLICE_X52Y33         LUT6 (Prop_lut6_I0_O)        0.303    15.932 f  u_complex_mul/u_round_q_mul_cos/u_ram_r_i_19/O
                         net (fo=3, routed)           0.586    16.518    u_complex_mul/u_round_q_mul_cos/o_data_q_carry__0
    SLICE_X52Y32         LUT3 (Prop_lut3_I2_O)        0.124    16.642 r  u_complex_mul/u_round_q_mul_cos/u_ram_r_i_22/O
                         net (fo=4, routed)           0.508    17.150    u_complex_mul/u_round_q_mul_cos/u_ram_r_i_22_n_0
    SLICE_X52Y32         LUT4 (Prop_lut4_I0_O)        0.116    17.266 r  u_complex_mul/u_round_q_mul_cos/u_ram_r_i_13/O
                         net (fo=4, routed)           1.725    18.992    u_phase_detector/u_ram_r/U0/inst_blk_mem_gen/gnbram.gnativebmg.native_blk_mem_gen/valid.cstr/ramloop[0].ram.r/prim_init.ram/addra[1]
    RAMB36_X1Y3          RAMB36E1                                     r  u_phase_detector/u_ram_r/U0/inst_blk_mem_gen/gnbram.gnativebmg.native_blk_mem_gen/valid.cstr/ramloop[0].ram.r/prim_init.ram/DEVICE_7SERIES.NO_BMM_INFO.SP.SIMPLE_PRIM36.ram/ADDRARDADDR[4]
  -------------------------------------------------------------------    -------------------

                         (clock sys_clk_pin rise edge)
                                                      0.000     0.000 r  
    E3                                                0.000     0.000 r  i_clock (IN)
                         net (fo=0)                   0.000     0.000    i_clock
    E3                   IBUF (Prop_ibuf_I_O)         1.418     1.418 r  i_clock_IBUF_inst/O
                         net (fo=1, routed)           1.862     3.280    i_clock_IBUF
    BUFGCTRL_X0Y16       BUFG (Prop_bufg_I_O)         0.091     3.371 r  i_clock_IBUF_BUFG_inst/O
                         net (fo=48, routed)          1.487     4.858    u_phase_detector/u_ram_r/U0/inst_blk_mem_gen/gnbram.gnativebmg.native_blk_mem_gen/valid.cstr/ramloop[0].ram.r/prim_init.ram/clka
    RAMB36_X1Y3          RAMB36E1                                     r  u_phase_detector/u_ram_r/U0/inst_blk_mem_gen/gnbram.gnativebmg.native_blk_mem_gen/valid.cstr/ramloop[0].ram.r/prim_init.ram/DEVICE_7SERIES.NO_BMM_INFO.SP.SIMPLE_PRIM36.ram/CLKARDCLK

Slack:                    inf
  Source:                 i_data_i[0]
                            (input port)
  Destination:            u_phase_detector/u_ram_r/U0/inst_blk_mem_gen/gnbram.gnativebmg.native_blk_mem_gen/valid.cstr/ramloop[0].ram.r/prim_init.ram/DEVICE_7SERIES.NO_BMM_INFO.SP.SIMPLE_PRIM36.ram/ADDRARDADDR[3]
                            (rising edge-triggered cell RAMB36E1 clocked by sys_clk_pin  {rise@0.000ns fall@10.000ns period=20.000ns})
  Path Group:             (none)
  Path Type:              Setup (Max at Slow Process Corner)
  Data Path Delay:        18.951ns  (logic 6.053ns (31.941%)  route 12.898ns (68.059%))
  Logic Levels:           16  (CARRY4=7 IBUF=1 LUT2=3 LUT3=1 LUT4=2 LUT6=2)
  Clock Path Skew:        4.858ns (DCD - SCD + CPR)
    Destination Clock Delay (DCD):    4.858ns
    Source Clock Delay      (SCD):    0.000ns
    Clock Pessimism Removal (CPR):    0.000ns
  Clock Uncertainty:      0.025ns  ((TSJ^2 + TIJ^2)^1/2 + DJ) / 2 + PE
    Total System Jitter     (TSJ):    0.050ns
    Total Input Jitter      (TIJ):    0.000ns
    Discrete Jitter          (DJ):    0.000ns
    Phase Error              (PE):    0.000ns

    Location             Delay type                Incr(ns)  Path(ns)    Netlist Resource(s)
  -------------------------------------------------------------------    -------------------
    G13                                               0.000     0.000 r  i_data_i[0] (IN)
                         net (fo=0)                   0.000     0.000    i_data_i[0]
    G13                  IBUF (Prop_ibuf_I_O)         1.473     1.473 r  i_data_i_IBUF[0]_inst/O
                         net (fo=36, routed)          5.758     7.231    u_sin_calc/i_data_i_IBUF[0]
    SLICE_X52Y34         LUT2 (Prop_lut2_I0_O)        0.150     7.381 r  u_sin_calc/i_data0__0_carry__0_i_11/O
                         net (fo=1, routed)           0.690     8.071    u_sin_calc/i_data0__0_carry__0_i_11_n_0
    SLICE_X53Y34         LUT6 (Prop_lut6_I5_O)        0.328     8.399 r  u_sin_calc/i_data0__0_carry__0_i_7/O
                         net (fo=1, routed)           0.000     8.399    u_complex_mul/i_data0__84_carry_i_8_1[1]
    SLICE_X53Y34         CARRY4 (Prop_carry4_S[1]_O[2])
                                                      0.580     8.979 r  u_complex_mul/i_data0__0_carry__0/O[2]
                         net (fo=2, routed)           0.732     9.711    u_complex_mul/i_data0__0_carry__0_n_5
    SLICE_X51Y35         LUT4 (Prop_lut4_I1_O)        0.302    10.013 r  u_complex_mul/i_data0__84_carry_i_1/O
                         net (fo=2, routed)           0.820    10.833    u_complex_mul/i_data0__84_carry_i_1_n_0
    SLICE_X53Y36         LUT4 (Prop_lut4_I3_O)        0.124    10.957 r  u_complex_mul/i_data0__84_carry_i_5/O
                         net (fo=1, routed)           0.000    10.957    u_complex_mul/i_data0__84_carry_i_5_n_0
    SLICE_X53Y36         CARRY4 (Prop_carry4_S[3]_CO[3])
                                                      0.401    11.358 r  u_complex_mul/i_data0__84_carry/CO[3]
                         net (fo=1, routed)           0.000    11.358    u_complex_mul/i_data0__84_carry_n_0
    SLICE_X53Y37         CARRY4 (Prop_carry4_CI_O[0])
                                                      0.223    11.581 r  u_complex_mul/i_data0__84_carry__0/O[0]
                         net (fo=1, routed)           0.455    12.036    u_complex_mul/u_round_i_mul_sin/o_data_q_carry_i_2[0]
    SLICE_X50Y35         CARRY4 (Prop_carry4_S[3]_CO[3])
                                                      0.675    12.711 r  u_complex_mul/u_round_i_mul_sin/o_round0_carry/CO[3]
                         net (fo=1, routed)           0.000    12.711    u_complex_mul/u_round_i_mul_sin/o_round0_carry_n_0
    SLICE_X50Y36         CARRY4 (Prop_carry4_CI_O[0])
                                                      0.219    12.930 r  u_complex_mul/u_round_i_mul_sin/o_round0_carry__0/O[0]
                         net (fo=1, routed)           0.812    13.742    u_complex_mul/u_round_q_mul_cos/s_quadrature_r_reg[0]
    SLICE_X48Y33         LUT2 (Prop_lut2_I1_O)        0.295    14.037 r  u_complex_mul/u_round_q_mul_cos/o_data_q_carry_i_2/O
                         net (fo=1, routed)           0.000    14.037    u_complex_mul/u_round_q_mul_cos_n_20
    SLICE_X48Y33         CARRY4 (Prop_carry4_S[2]_CO[3])
                                                      0.398    14.435 r  u_complex_mul/o_data_q_carry/CO[3]
                         net (fo=1, routed)           0.000    14.435    u_complex_mul/o_data_q_carry_n_0
    SLICE_X48Y34         CARRY4 (Prop_carry4_CI_O[1])
                                                      0.334    14.769 f  u_complex_mul/o_data_q_carry__0/O[1]
                         net (fo=4, routed)           0.859    15.629    u_complex_mul/u_round_q_mul_cos/O[1]
    SLICE_X52Y33         LUT6 (Prop_lut6_I0_O)        0.303    15.932 f  u_complex_mul/u_round_q_mul_cos/u_ram_r_i_19/O
                         net (fo=3, routed)           0.586    16.518    u_complex_mul/u_round_q_mul_cos/o_data_q_carry__0
    SLICE_X52Y32         LUT3 (Prop_lut3_I2_O)        0.124    16.642 r  u_complex_mul/u_round_q_mul_cos/u_ram_r_i_22/O
                         net (fo=4, routed)           0.466    17.108    u_complex_mul/u_round_q_mul_cos/u_ram_r_i_22_n_0
    SLICE_X52Y32         LUT2 (Prop_lut2_I1_O)        0.124    17.232 r  u_complex_mul/u_round_q_mul_cos/u_ram_r_i_14/O
                         net (fo=4, routed)           1.719    18.951    u_phase_detector/u_ram_r/U0/inst_blk_mem_gen/gnbram.gnativebmg.native_blk_mem_gen/valid.cstr/ramloop[0].ram.r/prim_init.ram/addra[0]
    RAMB36_X1Y3          RAMB36E1                                     r  u_phase_detector/u_ram_r/U0/inst_blk_mem_gen/gnbram.gnativebmg.native_blk_mem_gen/valid.cstr/ramloop[0].ram.r/prim_init.ram/DEVICE_7SERIES.NO_BMM_INFO.SP.SIMPLE_PRIM36.ram/ADDRARDADDR[3]
  -------------------------------------------------------------------    -------------------

                         (clock sys_clk_pin rise edge)
                                                      0.000     0.000 r  
    E3                                                0.000     0.000 r  i_clock (IN)
                         net (fo=0)                   0.000     0.000    i_clock
    E3                   IBUF (Prop_ibuf_I_O)         1.418     1.418 r  i_clock_IBUF_inst/O
                         net (fo=1, routed)           1.862     3.280    i_clock_IBUF
    BUFGCTRL_X0Y16       BUFG (Prop_bufg_I_O)         0.091     3.371 r  i_clock_IBUF_BUFG_inst/O
                         net (fo=48, routed)          1.487     4.858    u_phase_detector/u_ram_r/U0/inst_blk_mem_gen/gnbram.gnativebmg.native_blk_mem_gen/valid.cstr/ramloop[0].ram.r/prim_init.ram/clka
    RAMB36_X1Y3          RAMB36E1                                     r  u_phase_detector/u_ram_r/U0/inst_blk_mem_gen/gnbram.gnativebmg.native_blk_mem_gen/valid.cstr/ramloop[0].ram.r/prim_init.ram/DEVICE_7SERIES.NO_BMM_INFO.SP.SIMPLE_PRIM36.ram/CLKARDCLK

Slack:                    inf
  Source:                 i_data_i[2]
                            (input port)
  Destination:            u_phase_detector/u_ram_r/U0/inst_blk_mem_gen/gnbram.gnativebmg.native_blk_mem_gen/valid.cstr/ramloop[2].ram.r/prim_init.ram/DEVICE_7SERIES.NO_BMM_INFO.SP.SIMPLE_PRIM36.ram/ENARDEN
                            (rising edge-triggered cell RAMB36E1 clocked by sys_clk_pin  {rise@0.000ns fall@10.000ns period=20.000ns})
  Path Group:             (none)
  Path Type:              Setup (Max at Slow Process Corner)
  Data Path Delay:        18.835ns  (logic 6.200ns (32.920%)  route 12.635ns (67.080%))
  Logic Levels:           16  (CARRY4=7 IBUF=1 LUT2=1 LUT3=2 LUT4=2 LUT6=3)
  Clock Path Skew:        4.860ns (DCD - SCD + CPR)
    Destination Clock Delay (DCD):    4.860ns
    Source Clock Delay      (SCD):    0.000ns
    Clock Pessimism Removal (CPR):    0.000ns
  Clock Uncertainty:      0.025ns  ((TSJ^2 + TIJ^2)^1/2 + DJ) / 2 + PE
    Total System Jitter     (TSJ):    0.050ns
    Total Input Jitter      (TIJ):    0.000ns
    Discrete Jitter          (DJ):    0.000ns
    Phase Error              (PE):    0.000ns

    Location             Delay type                Incr(ns)  Path(ns)    Netlist Resource(s)
  -------------------------------------------------------------------    -------------------
    A11                                               0.000     0.000 r  i_data_i[2] (IN)
                         net (fo=0)                   0.000     0.000    i_data_i[2]
    A11                  IBUF (Prop_ibuf_I_O)         1.509     1.509 r  i_data_i_IBUF[2]_inst/O
                         net (fo=36, routed)          4.826     6.335    u_cos_calc/u_sin_calc/i_data_i_IBUF[2]
    SLICE_X38Y31         LUT6 (Prop_lut6_I1_O)        0.124     6.459 r  u_cos_calc/u_sin_calc/i___0_carry__0_i_4__1/O
                         net (fo=2, routed)           0.642     7.101    u_cos_calc/u_sin_calc/i_data_i[2][0]
    SLICE_X39Y32         LUT6 (Prop_lut6_I0_O)        0.124     7.225 r  u_cos_calc/u_sin_calc/i___0_carry__0_i_8__1/O
                         net (fo=1, routed)           0.000     7.225    u_complex_mul/i___84_carry_i_8__1_3[0]
    SLICE_X39Y32         CARRY4 (Prop_carry4_S[0]_O[2])
                                                      0.547     7.772 r  u_complex_mul/i_data0_inferred__2/i___0_carry__0/O[2]
                         net (fo=2, routed)           0.691     8.463    u_complex_mul/i_data0_inferred__2/i___0_carry__0_n_5
    SLICE_X42Y32         LUT4 (Prop_lut4_I1_O)        0.302     8.765 r  u_complex_mul/i___84_carry_i_1__1/O
                         net (fo=2, routed)           0.970     9.735    u_complex_mul/i___84_carry_i_1__1_n_0
    SLICE_X41Y32         LUT4 (Prop_lut4_I3_O)        0.124     9.859 r  u_complex_mul/i___84_carry_i_5__1/O
                         net (fo=1, routed)           0.000     9.859    u_complex_mul/i___84_carry_i_5__1_n_0
    SLICE_X41Y32         CARRY4 (Prop_carry4_S[3]_CO[3])
                                                      0.401    10.260 r  u_complex_mul/i_data0_inferred__2/i___84_carry/CO[3]
                         net (fo=1, routed)           0.000    10.260    u_complex_mul/i_data0_inferred__2/i___84_carry_n_0
    SLICE_X41Y33         CARRY4 (Prop_carry4_CI_O[0])
                                                      0.223    10.483 r  u_complex_mul/i_data0_inferred__2/i___84_carry__0/O[0]
                         net (fo=1, routed)           0.588    11.070    u_complex_mul/u_round_i_mul_cos/s_in_phase_r_reg[0]
    SLICE_X40Y33         CARRY4 (Prop_carry4_S[3]_CO[3])
                                                      0.700    11.770 r  u_complex_mul/u_round_i_mul_cos/o_round0_carry/CO[3]
                         net (fo=1, routed)           0.000    11.770    u_complex_mul/u_round_i_mul_cos/o_round0_carry_n_0
    SLICE_X40Y34         CARRY4 (Prop_carry4_CI_O[1])
                                                      0.334    12.104 r  u_complex_mul/u_round_i_mul_cos/o_round0_carry__0/O[1]
                         net (fo=2, routed)           0.816    12.921    u_complex_mul/u_round_i_mul_cos/mul_out_i_rnd_cos[3]
    SLICE_X46Y30         LUT2 (Prop_lut2_I0_O)        0.303    13.224 r  u_complex_mul/u_round_i_mul_cos/o_data_i_carry_i_1/O
                         net (fo=1, routed)           0.000    13.224    u_complex_mul/u_round_i_mul_cos_n_17
    SLICE_X46Y30         CARRY4 (Prop_carry4_S[3]_CO[3])
                                                      0.376    13.600 r  u_complex_mul/o_data_i_carry/CO[3]
                         net (fo=1, routed)           0.000    13.600    u_complex_mul/o_data_i_carry_n_0
    SLICE_X46Y31         CARRY4 (Prop_carry4_CI_O[1])
                                                      0.323    13.923 f  u_complex_mul/o_data_i_carry__0/O[1]
                         net (fo=4, routed)           1.291    15.214    u_complex_mul/u_round_i_mul_cos/u_ram_r[1]
    SLICE_X46Y21         LUT6 (Prop_lut6_I0_O)        0.306    15.520 f  u_complex_mul/u_round_i_mul_cos/u_ram_r_i_15/O
                         net (fo=3, routed)           0.978    16.497    u_complex_mul/u_round_i_mul_cos/u_ram_r_i_15_n_0
    SLICE_X47Y19         LUT3 (Prop_lut3_I0_O)        0.152    16.649 r  u_complex_mul/u_round_i_mul_cos/u_ram_r_i_1/O
                         net (fo=5, routed)           0.987    17.636    u_phase_detector/u_ram_r/U0/inst_blk_mem_gen/gnbram.gnativebmg.native_blk_mem_gen/valid.cstr/bindec_a.bindec_inst_a/addra[1]
    SLICE_X48Y19         LUT3 (Prop_lut3_I2_O)        0.352    17.988 r  u_phase_detector/u_ram_r/U0/inst_blk_mem_gen/gnbram.gnativebmg.native_blk_mem_gen/valid.cstr/bindec_a.bindec_inst_a/DEVICE_7SERIES.NO_BMM_INFO.SP.SIMPLE_PRIM36.ram_i_1__1/O
                         net (fo=1, routed)           0.847    18.835    u_phase_detector/u_ram_r/U0/inst_blk_mem_gen/gnbram.gnativebmg.native_blk_mem_gen/valid.cstr/ramloop[2].ram.r/prim_init.ram/ena_array[0]
    RAMB36_X2Y3          RAMB36E1                                     r  u_phase_detector/u_ram_r/U0/inst_blk_mem_gen/gnbram.gnativebmg.native_blk_mem_gen/valid.cstr/ramloop[2].ram.r/prim_init.ram/DEVICE_7SERIES.NO_BMM_INFO.SP.SIMPLE_PRIM36.ram/ENARDEN
  -------------------------------------------------------------------    -------------------

                         (clock sys_clk_pin rise edge)
                                                      0.000     0.000 r  
    E3                                                0.000     0.000 r  i_clock (IN)
                         net (fo=0)                   0.000     0.000    i_clock
    E3                   IBUF (Prop_ibuf_I_O)         1.418     1.418 r  i_clock_IBUF_inst/O
                         net (fo=1, routed)           1.862     3.280    i_clock_IBUF
    BUFGCTRL_X0Y16       BUFG (Prop_bufg_I_O)         0.091     3.371 r  i_clock_IBUF_BUFG_inst/O
                         net (fo=48, routed)          1.489     4.860    u_phase_detector/u_ram_r/U0/inst_blk_mem_gen/gnbram.gnativebmg.native_blk_mem_gen/valid.cstr/ramloop[2].ram.r/prim_init.ram/clka
    RAMB36_X2Y3          RAMB36E1                                     r  u_phase_detector/u_ram_r/U0/inst_blk_mem_gen/gnbram.gnativebmg.native_blk_mem_gen/valid.cstr/ramloop[2].ram.r/prim_init.ram/DEVICE_7SERIES.NO_BMM_INFO.SP.SIMPLE_PRIM36.ram/CLKARDCLK

Slack:                    inf
  Source:                 i_data_i[0]
                            (input port)
  Destination:            u_phase_detector/u_ram_r/U0/inst_blk_mem_gen/gnbram.gnativebmg.native_blk_mem_gen/valid.cstr/ramloop[0].ram.r/prim_init.ram/DEVICE_7SERIES.NO_BMM_INFO.SP.SIMPLE_PRIM36.ram/ADDRARDADDR[6]
                            (rising edge-triggered cell RAMB36E1 clocked by sys_clk_pin  {rise@0.000ns fall@10.000ns period=20.000ns})
  Path Group:             (none)
  Path Type:              Setup (Max at Slow Process Corner)
  Data Path Delay:        18.768ns  (logic 6.053ns (32.252%)  route 12.715ns (67.748%))
  Logic Levels:           16  (CARRY4=7 IBUF=1 LUT2=2 LUT3=1 LUT4=2 LUT6=3)
  Clock Path Skew:        4.858ns (DCD - SCD + CPR)
    Destination Clock Delay (DCD):    4.858ns
    Source Clock Delay      (SCD):    0.000ns
    Clock Pessimism Removal (CPR):    0.000ns
  Clock Uncertainty:      0.025ns  ((TSJ^2 + TIJ^2)^1/2 + DJ) / 2 + PE
    Total System Jitter     (TSJ):    0.050ns
    Total Input Jitter      (TIJ):    0.000ns
    Discrete Jitter          (DJ):    0.000ns
    Phase Error              (PE):    0.000ns

    Location             Delay type                Incr(ns)  Path(ns)    Netlist Resource(s)
  -------------------------------------------------------------------    -------------------
    G13                                               0.000     0.000 r  i_data_i[0] (IN)
                         net (fo=0)                   0.000     0.000    i_data_i[0]
    G13                  IBUF (Prop_ibuf_I_O)         1.473     1.473 r  i_data_i_IBUF[0]_inst/O
                         net (fo=36, routed)          5.758     7.231    u_sin_calc/i_data_i_IBUF[0]
    SLICE_X52Y34         LUT2 (Prop_lut2_I0_O)        0.150     7.381 r  u_sin_calc/i_data0__0_carry__0_i_11/O
                         net (fo=1, routed)           0.690     8.071    u_sin_calc/i_data0__0_carry__0_i_11_n_0
    SLICE_X53Y34         LUT6 (Prop_lut6_I5_O)        0.328     8.399 r  u_sin_calc/i_data0__0_carry__0_i_7/O
                         net (fo=1, routed)           0.000     8.399    u_complex_mul/i_data0__84_carry_i_8_1[1]
    SLICE_X53Y34         CARRY4 (Prop_carry4_S[1]_O[2])
                                                      0.580     8.979 r  u_complex_mul/i_data0__0_carry__0/O[2]
                         net (fo=2, routed)           0.732     9.711    u_complex_mul/i_data0__0_carry__0_n_5
    SLICE_X51Y35         LUT4 (Prop_lut4_I1_O)        0.302    10.013 r  u_complex_mul/i_data0__84_carry_i_1/O
                         net (fo=2, routed)           0.820    10.833    u_complex_mul/i_data0__84_carry_i_1_n_0
    SLICE_X53Y36         LUT4 (Prop_lut4_I3_O)        0.124    10.957 r  u_complex_mul/i_data0__84_carry_i_5/O
                         net (fo=1, routed)           0.000    10.957    u_complex_mul/i_data0__84_carry_i_5_n_0
    SLICE_X53Y36         CARRY4 (Prop_carry4_S[3]_CO[3])
                                                      0.401    11.358 r  u_complex_mul/i_data0__84_carry/CO[3]
                         net (fo=1, routed)           0.000    11.358    u_complex_mul/i_data0__84_carry_n_0
    SLICE_X53Y37         CARRY4 (Prop_carry4_CI_O[0])
                                                      0.223    11.581 r  u_complex_mul/i_data0__84_carry__0/O[0]
                         net (fo=1, routed)           0.455    12.036    u_complex_mul/u_round_i_mul_sin/o_data_q_carry_i_2[0]
    SLICE_X50Y35         CARRY4 (Prop_carry4_S[3]_CO[3])
                                                      0.675    12.711 r  u_complex_mul/u_round_i_mul_sin/o_round0_carry/CO[3]
                         net (fo=1, routed)           0.000    12.711    u_complex_mul/u_round_i_mul_sin/o_round0_carry_n_0
    SLICE_X50Y36         CARRY4 (Prop_carry4_CI_O[0])
                                                      0.219    12.930 r  u_complex_mul/u_round_i_mul_sin/o_round0_carry__0/O[0]
                         net (fo=1, routed)           0.812    13.742    u_complex_mul/u_round_q_mul_cos/s_quadrature_r_reg[0]
    SLICE_X48Y33         LUT2 (Prop_lut2_I1_O)        0.295    14.037 r  u_complex_mul/u_round_q_mul_cos/o_data_q_carry_i_2/O
                         net (fo=1, routed)           0.000    14.037    u_complex_mul/u_round_q_mul_cos_n_20
    SLICE_X48Y33         CARRY4 (Prop_carry4_S[2]_CO[3])
                                                      0.398    14.435 r  u_complex_mul/o_data_q_carry/CO[3]
                         net (fo=1, routed)           0.000    14.435    u_complex_mul/o_data_q_carry_n_0
    SLICE_X48Y34         CARRY4 (Prop_carry4_CI_O[1])
                                                      0.334    14.769 f  u_complex_mul/o_data_q_carry__0/O[1]
                         net (fo=4, routed)           0.859    15.629    u_complex_mul/u_round_q_mul_cos/O[1]
    SLICE_X52Y33         LUT6 (Prop_lut6_I0_O)        0.303    15.932 f  u_complex_mul/u_round_q_mul_cos/u_ram_r_i_19/O
                         net (fo=3, routed)           0.586    16.518    u_complex_mul/u_round_q_mul_cos/o_data_q_carry__0
    SLICE_X52Y32         LUT3 (Prop_lut3_I2_O)        0.124    16.642 r  u_complex_mul/u_round_q_mul_cos/u_ram_r_i_22/O
                         net (fo=4, routed)           0.726    17.368    u_complex_mul/u_round_q_mul_cos/u_ram_r_i_22_n_0
    SLICE_X53Y32         LUT6 (Prop_lut6_I0_O)        0.124    17.492 r  u_complex_mul/u_round_q_mul_cos/u_ram_r_i_11/O
                         net (fo=4, routed)           1.276    18.768    u_phase_detector/u_ram_r/U0/inst_blk_mem_gen/gnbram.gnativebmg.native_blk_mem_gen/valid.cstr/ramloop[0].ram.r/prim_init.ram/addra[3]
    RAMB36_X1Y3          RAMB36E1                                     r  u_phase_detector/u_ram_r/U0/inst_blk_mem_gen/gnbram.gnativebmg.native_blk_mem_gen/valid.cstr/ramloop[0].ram.r/prim_init.ram/DEVICE_7SERIES.NO_BMM_INFO.SP.SIMPLE_PRIM36.ram/ADDRARDADDR[6]
  -------------------------------------------------------------------    -------------------

                         (clock sys_clk_pin rise edge)
                                                      0.000     0.000 r  
    E3                                                0.000     0.000 r  i_clock (IN)
                         net (fo=0)                   0.000     0.000    i_clock
    E3                   IBUF (Prop_ibuf_I_O)         1.418     1.418 r  i_clock_IBUF_inst/O
                         net (fo=1, routed)           1.862     3.280    i_clock_IBUF
    BUFGCTRL_X0Y16       BUFG (Prop_bufg_I_O)         0.091     3.371 r  i_clock_IBUF_BUFG_inst/O
                         net (fo=48, routed)          1.487     4.858    u_phase_detector/u_ram_r/U0/inst_blk_mem_gen/gnbram.gnativebmg.native_blk_mem_gen/valid.cstr/ramloop[0].ram.r/prim_init.ram/clka
    RAMB36_X1Y3          RAMB36E1                                     r  u_phase_detector/u_ram_r/U0/inst_blk_mem_gen/gnbram.gnativebmg.native_blk_mem_gen/valid.cstr/ramloop[0].ram.r/prim_init.ram/DEVICE_7SERIES.NO_BMM_INFO.SP.SIMPLE_PRIM36.ram/CLKARDCLK

Slack:                    inf
  Source:                 i_data_i[0]
                            (input port)
  Destination:            u_phase_detector/u_ram_r/U0/inst_blk_mem_gen/gnbram.gnativebmg.native_blk_mem_gen/valid.cstr/ramloop[2].ram.r/prim_init.ram/DEVICE_7SERIES.NO_BMM_INFO.SP.SIMPLE_PRIM36.ram/ADDRARDADDR[6]
                            (rising edge-triggered cell RAMB36E1 clocked by sys_clk_pin  {rise@0.000ns fall@10.000ns period=20.000ns})
  Path Group:             (none)
  Path Type:              Setup (Max at Slow Process Corner)
  Data Path Delay:        18.731ns  (logic 6.053ns (32.317%)  route 12.677ns (67.683%))
  Logic Levels:           16  (CARRY4=7 IBUF=1 LUT2=2 LUT3=1 LUT4=2 LUT6=3)
  Clock Path Skew:        4.860ns (DCD - SCD + CPR)
    Destination Clock Delay (DCD):    4.860ns
    Source Clock Delay      (SCD):    0.000ns
    Clock Pessimism Removal (CPR):    0.000ns
  Clock Uncertainty:      0.025ns  ((TSJ^2 + TIJ^2)^1/2 + DJ) / 2 + PE
    Total System Jitter     (TSJ):    0.050ns
    Total Input Jitter      (TIJ):    0.000ns
    Discrete Jitter          (DJ):    0.000ns
    Phase Error              (PE):    0.000ns

    Location             Delay type                Incr(ns)  Path(ns)    Netlist Resource(s)
  -------------------------------------------------------------------    -------------------
    G13                                               0.000     0.000 r  i_data_i[0] (IN)
                         net (fo=0)                   0.000     0.000    i_data_i[0]
    G13                  IBUF (Prop_ibuf_I_O)         1.473     1.473 r  i_data_i_IBUF[0]_inst/O
                         net (fo=36, routed)          5.758     7.231    u_sin_calc/i_data_i_IBUF[0]
    SLICE_X52Y34         LUT2 (Prop_lut2_I0_O)        0.150     7.381 r  u_sin_calc/i_data0__0_carry__0_i_11/O
                         net (fo=1, routed)           0.690     8.071    u_sin_calc/i_data0__0_carry__0_i_11_n_0
    SLICE_X53Y34         LUT6 (Prop_lut6_I5_O)        0.328     8.399 r  u_sin_calc/i_data0__0_carry__0_i_7/O
                         net (fo=1, routed)           0.000     8.399    u_complex_mul/i_data0__84_carry_i_8_1[1]
    SLICE_X53Y34         CARRY4 (Prop_carry4_S[1]_O[2])
                                                      0.580     8.979 r  u_complex_mul/i_data0__0_carry__0/O[2]
                         net (fo=2, routed)           0.732     9.711    u_complex_mul/i_data0__0_carry__0_n_5
    SLICE_X51Y35         LUT4 (Prop_lut4_I1_O)        0.302    10.013 r  u_complex_mul/i_data0__84_carry_i_1/O
                         net (fo=2, routed)           0.820    10.833    u_complex_mul/i_data0__84_carry_i_1_n_0
    SLICE_X53Y36         LUT4 (Prop_lut4_I3_O)        0.124    10.957 r  u_complex_mul/i_data0__84_carry_i_5/O
                         net (fo=1, routed)           0.000    10.957    u_complex_mul/i_data0__84_carry_i_5_n_0
    SLICE_X53Y36         CARRY4 (Prop_carry4_S[3]_CO[3])
                                                      0.401    11.358 r  u_complex_mul/i_data0__84_carry/CO[3]
                         net (fo=1, routed)           0.000    11.358    u_complex_mul/i_data0__84_carry_n_0
    SLICE_X53Y37         CARRY4 (Prop_carry4_CI_O[0])
                                                      0.223    11.581 r  u_complex_mul/i_data0__84_carry__0/O[0]
                         net (fo=1, routed)           0.455    12.036    u_complex_mul/u_round_i_mul_sin/o_data_q_carry_i_2[0]
    SLICE_X50Y35         CARRY4 (Prop_carry4_S[3]_CO[3])
                                                      0.675    12.711 r  u_complex_mul/u_round_i_mul_sin/o_round0_carry/CO[3]
                         net (fo=1, routed)           0.000    12.711    u_complex_mul/u_round_i_mul_sin/o_round0_carry_n_0
    SLICE_X50Y36         CARRY4 (Prop_carry4_CI_O[0])
                                                      0.219    12.930 r  u_complex_mul/u_round_i_mul_sin/o_round0_carry__0/O[0]
                         net (fo=1, routed)           0.812    13.742    u_complex_mul/u_round_q_mul_cos/s_quadrature_r_reg[0]
    SLICE_X48Y33         LUT2 (Prop_lut2_I1_O)        0.295    14.037 r  u_complex_mul/u_round_q_mul_cos/o_data_q_carry_i_2/O
                         net (fo=1, routed)           0.000    14.037    u_complex_mul/u_round_q_mul_cos_n_20
    SLICE_X48Y33         CARRY4 (Prop_carry4_S[2]_CO[3])
                                                      0.398    14.435 r  u_complex_mul/o_data_q_carry/CO[3]
                         net (fo=1, routed)           0.000    14.435    u_complex_mul/o_data_q_carry_n_0
    SLICE_X48Y34         CARRY4 (Prop_carry4_CI_O[1])
                                                      0.334    14.769 f  u_complex_mul/o_data_q_carry__0/O[1]
                         net (fo=4, routed)           0.859    15.629    u_complex_mul/u_round_q_mul_cos/O[1]
    SLICE_X52Y33         LUT6 (Prop_lut6_I0_O)        0.303    15.932 f  u_complex_mul/u_round_q_mul_cos/u_ram_r_i_19/O
                         net (fo=3, routed)           0.586    16.518    u_complex_mul/u_round_q_mul_cos/o_data_q_carry__0
    SLICE_X52Y32         LUT3 (Prop_lut3_I2_O)        0.124    16.642 r  u_complex_mul/u_round_q_mul_cos/u_ram_r_i_22/O
                         net (fo=4, routed)           0.726    17.368    u_complex_mul/u_round_q_mul_cos/u_ram_r_i_22_n_0
    SLICE_X53Y32         LUT6 (Prop_lut6_I0_O)        0.124    17.492 r  u_complex_mul/u_round_q_mul_cos/u_ram_r_i_11/O
                         net (fo=4, routed)           1.238    18.731    u_phase_detector/u_ram_r/U0/inst_blk_mem_gen/gnbram.gnativebmg.native_blk_mem_gen/valid.cstr/ramloop[2].ram.r/prim_init.ram/addra[3]
    RAMB36_X2Y3          RAMB36E1                                     r  u_phase_detector/u_ram_r/U0/inst_blk_mem_gen/gnbram.gnativebmg.native_blk_mem_gen/valid.cstr/ramloop[2].ram.r/prim_init.ram/DEVICE_7SERIES.NO_BMM_INFO.SP.SIMPLE_PRIM36.ram/ADDRARDADDR[6]
  -------------------------------------------------------------------    -------------------

                         (clock sys_clk_pin rise edge)
                                                      0.000     0.000 r  
    E3                                                0.000     0.000 r  i_clock (IN)
                         net (fo=0)                   0.000     0.000    i_clock
    E3                   IBUF (Prop_ibuf_I_O)         1.418     1.418 r  i_clock_IBUF_inst/O
                         net (fo=1, routed)           1.862     3.280    i_clock_IBUF
    BUFGCTRL_X0Y16       BUFG (Prop_bufg_I_O)         0.091     3.371 r  i_clock_IBUF_BUFG_inst/O
                         net (fo=48, routed)          1.489     4.860    u_phase_detector/u_ram_r/U0/inst_blk_mem_gen/gnbram.gnativebmg.native_blk_mem_gen/valid.cstr/ramloop[2].ram.r/prim_init.ram/clka
    RAMB36_X2Y3          RAMB36E1                                     r  u_phase_detector/u_ram_r/U0/inst_blk_mem_gen/gnbram.gnativebmg.native_blk_mem_gen/valid.cstr/ramloop[2].ram.r/prim_init.ram/DEVICE_7SERIES.NO_BMM_INFO.SP.SIMPLE_PRIM36.ram/CLKARDCLK





Min Delay Paths
--------------------------------------------------------------------------------------
Slack:                    inf
  Source:                 i_rst_n
                            (input port)
  Destination:            u_phase_detector/u_ram_r/U0/inst_blk_mem_gen/gnbram.gnativebmg.native_blk_mem_gen/valid.cstr/has_mux_a.A/no_softecc_sel_reg.ce_pri.sel_pipe_reg[0]/D
                            (rising edge-triggered cell FDRE clocked by sys_clk_pin  {rise@0.000ns fall@10.000ns period=20.000ns})
  Path Group:             (none)
  Path Type:              Hold (Min at Fast Process Corner)
  Data Path Delay:        1.491ns  (logic 0.298ns (19.971%)  route 1.193ns (80.029%))
  Logic Levels:           2  (IBUF=1 LUT3=1)
  Clock Path Skew:        1.987ns (DCD - SCD - CPR)
    Destination Clock Delay (DCD):    1.987ns
    Source Clock Delay      (SCD):    0.000ns
    Clock Pessimism Removal (CPR):    -0.000ns

    Location             Delay type                Incr(ns)  Path(ns)    Netlist Resource(s)
  -------------------------------------------------------------------    -------------------
    U17                                               0.000     0.000 r  i_rst_n (IN)
                         net (fo=0)                   0.000     0.000    i_rst_n
    U17                  IBUF (Prop_ibuf_I_O)         0.253     0.253 r  i_rst_n_IBUF_inst/O
                         net (fo=15, routed)          1.193     1.446    u_phase_detector/u_ram_r/U0/inst_blk_mem_gen/gnbram.gnativebmg.native_blk_mem_gen/valid.cstr/has_mux_a.A/ena
    SLICE_X51Y19         LUT3 (Prop_lut3_I1_O)        0.045     1.491 r  u_phase_detector/u_ram_r/U0/inst_blk_mem_gen/gnbram.gnativebmg.native_blk_mem_gen/valid.cstr/has_mux_a.A/no_softecc_sel_reg.ce_pri.sel_pipe[0]_i_1/O
                         net (fo=1, routed)           0.000     1.491    u_phase_detector/u_ram_r/U0/inst_blk_mem_gen/gnbram.gnativebmg.native_blk_mem_gen/valid.cstr/has_mux_a.A/no_softecc_sel_reg.ce_pri.sel_pipe[0]_i_1_n_0
    SLICE_X51Y19         FDRE                                         r  u_phase_detector/u_ram_r/U0/inst_blk_mem_gen/gnbram.gnativebmg.native_blk_mem_gen/valid.cstr/has_mux_a.A/no_softecc_sel_reg.ce_pri.sel_pipe_reg[0]/D
  -------------------------------------------------------------------    -------------------

                         (clock sys_clk_pin rise edge)
                                                      0.000     0.000 r  
    E3                                                0.000     0.000 r  i_clock (IN)
                         net (fo=0)                   0.000     0.000    i_clock
    E3                   IBUF (Prop_ibuf_I_O)         0.445     0.445 r  i_clock_IBUF_inst/O
                         net (fo=1, routed)           0.685     1.129    i_clock_IBUF
    BUFGCTRL_X0Y16       BUFG (Prop_bufg_I_O)         0.029     1.158 r  i_clock_IBUF_BUFG_inst/O
                         net (fo=48, routed)          0.829     1.987    u_phase_detector/u_ram_r/U0/inst_blk_mem_gen/gnbram.gnativebmg.native_blk_mem_gen/valid.cstr/has_mux_a.A/clka
    SLICE_X51Y19         FDRE                                         r  u_phase_detector/u_ram_r/U0/inst_blk_mem_gen/gnbram.gnativebmg.native_blk_mem_gen/valid.cstr/has_mux_a.A/no_softecc_sel_reg.ce_pri.sel_pipe_reg[0]/C

Slack:                    inf
  Source:                 i_rst_n
                            (input port)
  Destination:            u_phase_detector/u_ram_r/U0/inst_blk_mem_gen/gnbram.gnativebmg.native_blk_mem_gen/valid.cstr/has_mux_a.A/no_softecc_sel_reg.ce_pri.sel_pipe_reg[1]/D
                            (rising edge-triggered cell FDRE clocked by sys_clk_pin  {rise@0.000ns fall@10.000ns period=20.000ns})
  Path Group:             (none)
  Path Type:              Hold (Min at Fast Process Corner)
  Data Path Delay:        1.494ns  (logic 0.301ns (20.131%)  route 1.193ns (79.869%))
  Logic Levels:           2  (IBUF=1 LUT3=1)
  Clock Path Skew:        1.987ns (DCD - SCD - CPR)
    Destination Clock Delay (DCD):    1.987ns
    Source Clock Delay      (SCD):    0.000ns
    Clock Pessimism Removal (CPR):    -0.000ns

    Location             Delay type                Incr(ns)  Path(ns)    Netlist Resource(s)
  -------------------------------------------------------------------    -------------------
    U17                                               0.000     0.000 r  i_rst_n (IN)
                         net (fo=0)                   0.000     0.000    i_rst_n
    U17                  IBUF (Prop_ibuf_I_O)         0.253     0.253 r  i_rst_n_IBUF_inst/O
                         net (fo=15, routed)          1.193     1.446    u_phase_detector/u_ram_r/U0/inst_blk_mem_gen/gnbram.gnativebmg.native_blk_mem_gen/valid.cstr/has_mux_a.A/ena
    SLICE_X51Y19         LUT3 (Prop_lut3_I1_O)        0.048     1.494 r  u_phase_detector/u_ram_r/U0/inst_blk_mem_gen/gnbram.gnativebmg.native_blk_mem_gen/valid.cstr/has_mux_a.A/no_softecc_sel_reg.ce_pri.sel_pipe[1]_i_1/O
                         net (fo=1, routed)           0.000     1.494    u_phase_detector/u_ram_r/U0/inst_blk_mem_gen/gnbram.gnativebmg.native_blk_mem_gen/valid.cstr/has_mux_a.A/no_softecc_sel_reg.ce_pri.sel_pipe[1]_i_1_n_0
    SLICE_X51Y19         FDRE                                         r  u_phase_detector/u_ram_r/U0/inst_blk_mem_gen/gnbram.gnativebmg.native_blk_mem_gen/valid.cstr/has_mux_a.A/no_softecc_sel_reg.ce_pri.sel_pipe_reg[1]/D
  -------------------------------------------------------------------    -------------------

                         (clock sys_clk_pin rise edge)
                                                      0.000     0.000 r  
    E3                                                0.000     0.000 r  i_clock (IN)
                         net (fo=0)                   0.000     0.000    i_clock
    E3                   IBUF (Prop_ibuf_I_O)         0.445     0.445 r  i_clock_IBUF_inst/O
                         net (fo=1, routed)           0.685     1.129    i_clock_IBUF
    BUFGCTRL_X0Y16       BUFG (Prop_bufg_I_O)         0.029     1.158 r  i_clock_IBUF_BUFG_inst/O
                         net (fo=48, routed)          0.829     1.987    u_phase_detector/u_ram_r/U0/inst_blk_mem_gen/gnbram.gnativebmg.native_blk_mem_gen/valid.cstr/has_mux_a.A/clka
    SLICE_X51Y19         FDRE                                         r  u_phase_detector/u_ram_r/U0/inst_blk_mem_gen/gnbram.gnativebmg.native_blk_mem_gen/valid.cstr/has_mux_a.A/no_softecc_sel_reg.ce_pri.sel_pipe_reg[1]/C

Slack:                    inf
  Source:                 i_rst_n
                            (input port)
  Destination:            u_phase_detector/u_ram_r/U0/inst_blk_mem_gen/gnbram.gnativebmg.native_blk_mem_gen/valid.cstr/ramloop[3].ram.r/prim_init.ram/DEVICE_7SERIES.NO_BMM_INFO.SP.SIMPLE_PRIM36.ram/ENARDEN
                            (rising edge-triggered cell RAMB36E1 clocked by sys_clk_pin  {rise@0.000ns fall@10.000ns period=20.000ns})
  Path Group:             (none)
  Path Type:              Hold (Min at Fast Process Corner)
  Data Path Delay:        1.681ns  (logic 0.301ns (17.883%)  route 1.381ns (82.117%))
  Logic Levels:           2  (IBUF=1 LUT3=1)
  Clock Path Skew:        2.033ns (DCD - SCD - CPR)
    Destination Clock Delay (DCD):    2.033ns
    Source Clock Delay      (SCD):    0.000ns
    Clock Pessimism Removal (CPR):    -0.000ns

    Location             Delay type                Incr(ns)  Path(ns)    Netlist Resource(s)
  -------------------------------------------------------------------    -------------------
    U17                                               0.000     0.000 r  i_rst_n (IN)
                         net (fo=0)                   0.000     0.000    i_rst_n
    U17                  IBUF (Prop_ibuf_I_O)         0.253     0.253 r  i_rst_n_IBUF_inst/O
                         net (fo=15, routed)          0.981     1.234    u_phase_detector/u_ram_r/U0/inst_blk_mem_gen/gnbram.gnativebmg.native_blk_mem_gen/valid.cstr/ramloop[3].ram.r/prim_init.ram/ena
    SLICE_X47Y18         LUT3 (Prop_lut3_I2_O)        0.048     1.282 r  u_phase_detector/u_ram_r/U0/inst_blk_mem_gen/gnbram.gnativebmg.native_blk_mem_gen/valid.cstr/ramloop[3].ram.r/prim_init.ram/DEVICE_7SERIES.NO_BMM_INFO.SP.SIMPLE_PRIM36.ram_i_1/O
                         net (fo=1, routed)           0.399     1.681    u_phase_detector/u_ram_r/U0/inst_blk_mem_gen/gnbram.gnativebmg.native_blk_mem_gen/valid.cstr/ramloop[3].ram.r/prim_init.ram/DEVICE_7SERIES.NO_BMM_INFO.SP.SIMPLE_PRIM36.ram_i_1_n_0
    RAMB36_X1Y2          RAMB36E1                                     r  u_phase_detector/u_ram_r/U0/inst_blk_mem_gen/gnbram.gnativebmg.native_blk_mem_gen/valid.cstr/ramloop[3].ram.r/prim_init.ram/DEVICE_7SERIES.NO_BMM_INFO.SP.SIMPLE_PRIM36.ram/ENARDEN
  -------------------------------------------------------------------    -------------------

                         (clock sys_clk_pin rise edge)
                                                      0.000     0.000 r  
    E3                                                0.000     0.000 r  i_clock (IN)
                         net (fo=0)                   0.000     0.000    i_clock
    E3                   IBUF (Prop_ibuf_I_O)         0.445     0.445 r  i_clock_IBUF_inst/O
                         net (fo=1, routed)           0.685     1.129    i_clock_IBUF
    BUFGCTRL_X0Y16       BUFG (Prop_bufg_I_O)         0.029     1.158 r  i_clock_IBUF_BUFG_inst/O
                         net (fo=48, routed)          0.875     2.033    u_phase_detector/u_ram_r/U0/inst_blk_mem_gen/gnbram.gnativebmg.native_blk_mem_gen/valid.cstr/ramloop[3].ram.r/prim_init.ram/clka
    RAMB36_X1Y2          RAMB36E1                                     r  u_phase_detector/u_ram_r/U0/inst_blk_mem_gen/gnbram.gnativebmg.native_blk_mem_gen/valid.cstr/ramloop[3].ram.r/prim_init.ram/DEVICE_7SERIES.NO_BMM_INFO.SP.SIMPLE_PRIM36.ram/CLKARDCLK

Slack:                    inf
  Source:                 i_rst_n
                            (input port)
  Destination:            u_phase_detector/u_ram_r/U0/inst_blk_mem_gen/gnbram.gnativebmg.native_blk_mem_gen/valid.cstr/ramloop[0].ram.r/prim_init.ram/DEVICE_7SERIES.NO_BMM_INFO.SP.SIMPLE_PRIM36.ram/ENARDEN
                            (rising edge-triggered cell RAMB36E1 clocked by sys_clk_pin  {rise@0.000ns fall@10.000ns period=20.000ns})
  Path Group:             (none)
  Path Type:              Hold (Min at Fast Process Corner)
  Data Path Delay:        1.706ns  (logic 0.298ns (17.452%)  route 1.408ns (82.548%))
  Logic Levels:           2  (IBUF=1 LUT3=1)
  Clock Path Skew:        2.029ns (DCD - SCD - CPR)
    Destination Clock Delay (DCD):    2.029ns
    Source Clock Delay      (SCD):    0.000ns
    Clock Pessimism Removal (CPR):    -0.000ns

    Location             Delay type                Incr(ns)  Path(ns)    Netlist Resource(s)
  -------------------------------------------------------------------    -------------------
    U17                                               0.000     0.000 r  i_rst_n (IN)
                         net (fo=0)                   0.000     0.000    i_rst_n
    U17                  IBUF (Prop_ibuf_I_O)         0.253     0.253 r  i_rst_n_IBUF_inst/O
                         net (fo=15, routed)          1.203     1.456    u_phase_detector/u_ram_r/U0/inst_blk_mem_gen/gnbram.gnativebmg.native_blk_mem_gen/valid.cstr/bindec_a.bindec_inst_a/ena
    SLICE_X48Y19         LUT3 (Prop_lut3_I0_O)        0.045     1.501 r  u_phase_detector/u_ram_r/U0/inst_blk_mem_gen/gnbram.gnativebmg.native_blk_mem_gen/valid.cstr/bindec_a.bindec_inst_a/DEVICE_7SERIES.NO_BMM_INFO.SP.SIMPLE_PRIM36.ram_i_1/O
                         net (fo=1, routed)           0.205     1.706    u_phase_detector/u_ram_r/U0/inst_blk_mem_gen/gnbram.gnativebmg.native_blk_mem_gen/valid.cstr/ramloop[0].ram.r/prim_init.ram/ena_array[0]
    RAMB36_X1Y3          RAMB36E1                                     r  u_phase_detector/u_ram_r/U0/inst_blk_mem_gen/gnbram.gnativebmg.native_blk_mem_gen/valid.cstr/ramloop[0].ram.r/prim_init.ram/DEVICE_7SERIES.NO_BMM_INFO.SP.SIMPLE_PRIM36.ram/ENARDEN
  -------------------------------------------------------------------    -------------------

                         (clock sys_clk_pin rise edge)
                                                      0.000     0.000 r  
    E3                                                0.000     0.000 r  i_clock (IN)
                         net (fo=0)                   0.000     0.000    i_clock
    E3                   IBUF (Prop_ibuf_I_O)         0.445     0.445 r  i_clock_IBUF_inst/O
                         net (fo=1, routed)           0.685     1.129    i_clock_IBUF
    BUFGCTRL_X0Y16       BUFG (Prop_bufg_I_O)         0.029     1.158 r  i_clock_IBUF_BUFG_inst/O
                         net (fo=48, routed)          0.871     2.029    u_phase_detector/u_ram_r/U0/inst_blk_mem_gen/gnbram.gnativebmg.native_blk_mem_gen/valid.cstr/ramloop[0].ram.r/prim_init.ram/clka
    RAMB36_X1Y3          RAMB36E1                                     r  u_phase_detector/u_ram_r/U0/inst_blk_mem_gen/gnbram.gnativebmg.native_blk_mem_gen/valid.cstr/ramloop[0].ram.r/prim_init.ram/DEVICE_7SERIES.NO_BMM_INFO.SP.SIMPLE_PRIM36.ram/CLKARDCLK

Slack:                    inf
  Source:                 i_rst_n
                            (input port)
  Destination:            u_phase_detector/u_ram_r/U0/inst_blk_mem_gen/gnbram.gnativebmg.native_blk_mem_gen/valid.cstr/ramloop[1].ram.r/prim_init.ram/DEVICE_7SERIES.NO_BMM_INFO.SP.SIMPLE_PRIM36.ram/ENARDEN
                            (rising edge-triggered cell RAMB36E1 clocked by sys_clk_pin  {rise@0.000ns fall@10.000ns period=20.000ns})
  Path Group:             (none)
  Path Type:              Hold (Min at Fast Process Corner)
  Data Path Delay:        1.736ns  (logic 0.298ns (17.144%)  route 1.439ns (82.856%))
  Logic Levels:           2  (IBUF=1 LUT3=1)
  Clock Path Skew:        2.024ns (DCD - SCD - CPR)
    Destination Clock Delay (DCD):    2.024ns
    Source Clock Delay      (SCD):    0.000ns
    Clock Pessimism Removal (CPR):    -0.000ns

    Location             Delay type                Incr(ns)  Path(ns)    Netlist Resource(s)
  -------------------------------------------------------------------    -------------------
    U17                                               0.000     0.000 r  i_rst_n (IN)
                         net (fo=0)                   0.000     0.000    i_rst_n
    U17                  IBUF (Prop_ibuf_I_O)         0.253     0.253 r  i_rst_n_IBUF_inst/O
                         net (fo=15, routed)          0.981     1.234    u_phase_detector/u_ram_r/U0/inst_blk_mem_gen/gnbram.gnativebmg.native_blk_mem_gen/valid.cstr/bindec_a.bindec_inst_a/ena
    SLICE_X47Y18         LUT3 (Prop_lut3_I2_O)        0.045     1.279 r  u_phase_detector/u_ram_r/U0/inst_blk_mem_gen/gnbram.gnativebmg.native_blk_mem_gen/valid.cstr/bindec_a.bindec_inst_a/DEVICE_7SERIES.NO_BMM_INFO.SP.SIMPLE_PRIM36.ram_i_1__0/O
                         net (fo=1, routed)           0.457     1.736    u_phase_detector/u_ram_r/U0/inst_blk_mem_gen/gnbram.gnativebmg.native_blk_mem_gen/valid.cstr/ramloop[1].ram.r/prim_init.ram/ena_array[0]
    RAMB36_X2Y4          RAMB36E1                                     r  u_phase_detector/u_ram_r/U0/inst_blk_mem_gen/gnbram.gnativebmg.native_blk_mem_gen/valid.cstr/ramloop[1].ram.r/prim_init.ram/DEVICE_7SERIES.NO_BMM_INFO.SP.SIMPLE_PRIM36.ram/ENARDEN
  -------------------------------------------------------------------    -------------------

                         (clock sys_clk_pin rise edge)
                                                      0.000     0.000 r  
    E3                                                0.000     0.000 r  i_clock (IN)
                         net (fo=0)                   0.000     0.000    i_clock
    E3                   IBUF (Prop_ibuf_I_O)         0.445     0.445 r  i_clock_IBUF_inst/O
                         net (fo=1, routed)           0.685     1.129    i_clock_IBUF
    BUFGCTRL_X0Y16       BUFG (Prop_bufg_I_O)         0.029     1.158 r  i_clock_IBUF_BUFG_inst/O
                         net (fo=48, routed)          0.866     2.024    u_phase_detector/u_ram_r/U0/inst_blk_mem_gen/gnbram.gnativebmg.native_blk_mem_gen/valid.cstr/ramloop[1].ram.r/prim_init.ram/clka
    RAMB36_X2Y4          RAMB36E1                                     r  u_phase_detector/u_ram_r/U0/inst_blk_mem_gen/gnbram.gnativebmg.native_blk_mem_gen/valid.cstr/ramloop[1].ram.r/prim_init.ram/DEVICE_7SERIES.NO_BMM_INFO.SP.SIMPLE_PRIM36.ram/CLKARDCLK

Slack:                    inf
  Source:                 i_rst_n
                            (input port)
  Destination:            u_loop_filter/r_accumulator_i_reg[6]/CLR
                            (removal check against rising-edge clock sys_clk_pin  {rise@0.000ns fall@10.000ns period=20.000ns})
  Path Group:             (none)
  Path Type:              Removal (Min at Fast Process Corner)
  Data Path Delay:        1.789ns  (logic 0.301ns (16.809%)  route 1.488ns (83.191%))
  Logic Levels:           2  (IBUF=1 LUT1=1)
  Clock Path Skew:        1.984ns (DCD - SCD - CPR)
    Destination Clock Delay (DCD):    1.984ns
    Source Clock Delay      (SCD):    0.000ns
    Clock Pessimism Removal (CPR):    -0.000ns

    Location             Delay type                Incr(ns)  Path(ns)    Netlist Resource(s)
  -------------------------------------------------------------------    -------------------
    U17                                               0.000     0.000 r  i_rst_n (IN)
                         net (fo=0)                   0.000     0.000    i_rst_n
    U17                  IBUF (Prop_ibuf_I_O)         0.253     0.253 r  i_rst_n_IBUF_inst/O
                         net (fo=15, routed)          1.229     1.482    u_loop_filter/ena
    SLICE_X46Y27         LUT1 (Prop_lut1_I0_O)        0.048     1.530 f  u_loop_filter/s_in_phase_r_i_1/O
                         net (fo=24, routed)          0.259     1.789    u_loop_filter/i_rst_n
    SLICE_X47Y30         FDCE                                         f  u_loop_filter/r_accumulator_i_reg[6]/CLR
  -------------------------------------------------------------------    -------------------

                         (clock sys_clk_pin rise edge)
                                                      0.000     0.000 r  
    E3                                                0.000     0.000 r  i_clock (IN)
                         net (fo=0)                   0.000     0.000    i_clock
    E3                   IBUF (Prop_ibuf_I_O)         0.445     0.445 r  i_clock_IBUF_inst/O
                         net (fo=1, routed)           0.685     1.129    i_clock_IBUF
    BUFGCTRL_X0Y16       BUFG (Prop_bufg_I_O)         0.029     1.158 r  i_clock_IBUF_BUFG_inst/O
                         net (fo=48, routed)          0.826     1.984    u_loop_filter/CLK
    SLICE_X47Y30         FDCE                                         r  u_loop_filter/r_accumulator_i_reg[6]/C

Slack:                    inf
  Source:                 i_rst_n
                            (input port)
  Destination:            u_loop_filter/r_accumulator_i_reg[7]/CLR
                            (removal check against rising-edge clock sys_clk_pin  {rise@0.000ns fall@10.000ns period=20.000ns})
  Path Group:             (none)
  Path Type:              Removal (Min at Fast Process Corner)
  Data Path Delay:        1.789ns  (logic 0.301ns (16.809%)  route 1.488ns (83.191%))
  Logic Levels:           2  (IBUF=1 LUT1=1)
  Clock Path Skew:        1.984ns (DCD - SCD - CPR)
    Destination Clock Delay (DCD):    1.984ns
    Source Clock Delay      (SCD):    0.000ns
    Clock Pessimism Removal (CPR):    -0.000ns

    Location             Delay type                Incr(ns)  Path(ns)    Netlist Resource(s)
  -------------------------------------------------------------------    -------------------
    U17                                               0.000     0.000 r  i_rst_n (IN)
                         net (fo=0)                   0.000     0.000    i_rst_n
    U17                  IBUF (Prop_ibuf_I_O)         0.253     0.253 r  i_rst_n_IBUF_inst/O
                         net (fo=15, routed)          1.229     1.482    u_loop_filter/ena
    SLICE_X46Y27         LUT1 (Prop_lut1_I0_O)        0.048     1.530 f  u_loop_filter/s_in_phase_r_i_1/O
                         net (fo=24, routed)          0.259     1.789    u_loop_filter/i_rst_n
    SLICE_X47Y30         FDCE                                         f  u_loop_filter/r_accumulator_i_reg[7]/CLR
  -------------------------------------------------------------------    -------------------

                         (clock sys_clk_pin rise edge)
                                                      0.000     0.000 r  
    E3                                                0.000     0.000 r  i_clock (IN)
                         net (fo=0)                   0.000     0.000    i_clock
    E3                   IBUF (Prop_ibuf_I_O)         0.445     0.445 r  i_clock_IBUF_inst/O
                         net (fo=1, routed)           0.685     1.129    i_clock_IBUF
    BUFGCTRL_X0Y16       BUFG (Prop_bufg_I_O)         0.029     1.158 r  i_clock_IBUF_BUFG_inst/O
                         net (fo=48, routed)          0.826     1.984    u_loop_filter/CLK
    SLICE_X47Y30         FDCE                                         r  u_loop_filter/r_accumulator_i_reg[7]/C

Slack:                    inf
  Source:                 i_rst_n
                            (input port)
  Destination:            u_loop_filter/r_accumulator_i_reg[2]/CLR
                            (removal check against rising-edge clock sys_clk_pin  {rise@0.000ns fall@10.000ns period=20.000ns})
  Path Group:             (none)
  Path Type:              Removal (Min at Fast Process Corner)
  Data Path Delay:        1.824ns  (logic 0.301ns (16.485%)  route 1.523ns (83.515%))
  Logic Levels:           2  (IBUF=1 LUT1=1)
  Clock Path Skew:        1.984ns (DCD - SCD - CPR)
    Destination Clock Delay (DCD):    1.984ns
    Source Clock Delay      (SCD):    0.000ns
    Clock Pessimism Removal (CPR):    -0.000ns

    Location             Delay type                Incr(ns)  Path(ns)    Netlist Resource(s)
  -------------------------------------------------------------------    -------------------
    U17                                               0.000     0.000 r  i_rst_n (IN)
                         net (fo=0)                   0.000     0.000    i_rst_n
    U17                  IBUF (Prop_ibuf_I_O)         0.253     0.253 r  i_rst_n_IBUF_inst/O
                         net (fo=15, routed)          1.229     1.482    u_loop_filter/ena
    SLICE_X46Y27         LUT1 (Prop_lut1_I0_O)        0.048     1.530 f  u_loop_filter/s_in_phase_r_i_1/O
                         net (fo=24, routed)          0.294     1.824    u_loop_filter/i_rst_n
    SLICE_X52Y27         FDCE                                         f  u_loop_filter/r_accumulator_i_reg[2]/CLR
  -------------------------------------------------------------------    -------------------

                         (clock sys_clk_pin rise edge)
                                                      0.000     0.000 r  
    E3                                                0.000     0.000 r  i_clock (IN)
                         net (fo=0)                   0.000     0.000    i_clock
    E3                   IBUF (Prop_ibuf_I_O)         0.445     0.445 r  i_clock_IBUF_inst/O
                         net (fo=1, routed)           0.685     1.129    i_clock_IBUF
    BUFGCTRL_X0Y16       BUFG (Prop_bufg_I_O)         0.029     1.158 r  i_clock_IBUF_BUFG_inst/O
                         net (fo=48, routed)          0.826     1.984    u_loop_filter/CLK
    SLICE_X52Y27         FDCE                                         r  u_loop_filter/r_accumulator_i_reg[2]/C

Slack:                    inf
  Source:                 i_rst_n
                            (input port)
  Destination:            u_phase_detector/s_in_phase_r_reg/CLR
                            (removal check against rising-edge clock sys_clk_pin  {rise@0.000ns fall@10.000ns period=20.000ns})
  Path Group:             (none)
  Path Type:              Removal (Min at Fast Process Corner)
  Data Path Delay:        1.842ns  (logic 0.301ns (16.321%)  route 1.542ns (83.679%))
  Logic Levels:           2  (IBUF=1 LUT1=1)
  Clock Path Skew:        1.985ns (DCD - SCD - CPR)
    Destination Clock Delay (DCD):    1.985ns
    Source Clock Delay      (SCD):    0.000ns
    Clock Pessimism Removal (CPR):    -0.000ns

    Location             Delay type                Incr(ns)  Path(ns)    Netlist Resource(s)
  -------------------------------------------------------------------    -------------------
    U17                                               0.000     0.000 r  i_rst_n (IN)
                         net (fo=0)                   0.000     0.000    i_rst_n
    U17                  IBUF (Prop_ibuf_I_O)         0.253     0.253 r  i_rst_n_IBUF_inst/O
                         net (fo=15, routed)          1.229     1.482    u_loop_filter/ena
    SLICE_X46Y27         LUT1 (Prop_lut1_I0_O)        0.048     1.530 f  u_loop_filter/s_in_phase_r_i_1/O
                         net (fo=24, routed)          0.312     1.842    u_phase_detector/s_in_phase_r_reg_1
    SLICE_X46Y31         FDCE                                         f  u_phase_detector/s_in_phase_r_reg/CLR
  -------------------------------------------------------------------    -------------------

                         (clock sys_clk_pin rise edge)
                                                      0.000     0.000 r  
    E3                                                0.000     0.000 r  i_clock (IN)
                         net (fo=0)                   0.000     0.000    i_clock
    E3                   IBUF (Prop_ibuf_I_O)         0.445     0.445 r  i_clock_IBUF_inst/O
                         net (fo=1, routed)           0.685     1.129    i_clock_IBUF
    BUFGCTRL_X0Y16       BUFG (Prop_bufg_I_O)         0.029     1.158 r  i_clock_IBUF_BUFG_inst/O
                         net (fo=48, routed)          0.827     1.985    u_phase_detector/CLK
    SLICE_X46Y31         FDCE                                         r  u_phase_detector/s_in_phase_r_reg/C

Slack:                    inf
  Source:                 i_rst_n
                            (input port)
  Destination:            u_vco/r_accumulator_i_reg[0]/CLR
                            (removal check against rising-edge clock sys_clk_pin  {rise@0.000ns fall@10.000ns period=20.000ns})
  Path Group:             (none)
  Path Type:              Removal (Min at Fast Process Corner)
  Data Path Delay:        1.846ns  (logic 0.301ns (16.285%)  route 1.546ns (83.715%))
  Logic Levels:           2  (IBUF=1 LUT1=1)
  Clock Path Skew:        1.983ns (DCD - SCD - CPR)
    Destination Clock Delay (DCD):    1.983ns
    Source Clock Delay      (SCD):    0.000ns
    Clock Pessimism Removal (CPR):    -0.000ns

    Location             Delay type                Incr(ns)  Path(ns)    Netlist Resource(s)
  -------------------------------------------------------------------    -------------------
    U17                                               0.000     0.000 r  i_rst_n (IN)
                         net (fo=0)                   0.000     0.000    i_rst_n
    U17                  IBUF (Prop_ibuf_I_O)         0.253     0.253 r  i_rst_n_IBUF_inst/O
                         net (fo=15, routed)          1.229     1.482    u_loop_filter/ena
    SLICE_X46Y27         LUT1 (Prop_lut1_I0_O)        0.048     1.530 f  u_loop_filter/s_in_phase_r_i_1/O
                         net (fo=24, routed)          0.316     1.846    u_vco/r_accumulator_i_reg[10]_0
    SLICE_X49Y27         FDCE                                         f  u_vco/r_accumulator_i_reg[0]/CLR
  -------------------------------------------------------------------    -------------------

                         (clock sys_clk_pin rise edge)
                                                      0.000     0.000 r  
    E3                                                0.000     0.000 r  i_clock (IN)
                         net (fo=0)                   0.000     0.000    i_clock
    E3                   IBUF (Prop_ibuf_I_O)         0.445     0.445 r  i_clock_IBUF_inst/O
                         net (fo=1, routed)           0.685     1.129    i_clock_IBUF
    BUFGCTRL_X0Y16       BUFG (Prop_bufg_I_O)         0.029     1.158 r  i_clock_IBUF_BUFG_inst/O
                         net (fo=48, routed)          0.825     1.983    u_vco/CLK
    SLICE_X49Y27         FDCE                                         r  u_vco/r_accumulator_i_reg[0]/C





